Run,Equation_Index,Hybrid_MSE_Train,Hybrid_AIC_Train,Hybrid_BIC_Train,Hybrid_MDL_Train,Hybrid_PSM_Train,Extrapolation_Divergence,Sensitivity_Interpolation,Sensitivity_Extrapolation,Lambda1,Lambda2,Lambda3,Complexity,MSE_Test_Interpolation,MSE_Test_Extrapolation
1,0,0.7624640039768348,0.7513024852522552,0.32485103514800334,0.007209569339365534,0.0,0.0,0.0,0.0,0.4,0.3,0.1,1,15.804156279526811,26.345879661711106
1,1,0.5846310395069996,0.6127631211965879,0.2508972900453886,0.03330797398337898,0.8359672064609702,0.0808454990492906,6.124744976187e-05,0.00011777218130344,0.4,0.3,0.1,3,13.64436234323536,11.856486240619812
1,2,0.507222808642559,0.5375074421428024,0.2057267604727474,0.03678909399734956,0.41105341268950596,0.09150974567773852,0.00024498979904751,0.00047108872521379005,0.4,0.3,0.1,5,12.620640035813576,5.515502279593548
1,3,0.507222809410914,0.5550672798318651,0.22966174849165286,0.0425791744185143,0.03672497460409254,0.09150974567773852,0.00024498979904751,0.00047108872521379005,0.4,0.3,0.1,7,12.620639464502784,5.51550185505151
1,4,0.5231725837509673,0.5885000452878567,0.27038848812371546,0.06846310502658702,0.06265329299671789,0.13619263393611014,0.0008095336821535299,0.0030939559340124297,0.4,0.3,0.1,10,13.70932199656824,9.998546163864027
1,5,0.5093099966518547,0.5745362745466832,0.2575499874671082,0.0639737977625572,0.07208954170122299,0.10697887216912476,0.00355461268392364,0.00185289176390474,0.4,0.3,0.1,11,11.473151987681272,10.885701990737124
1,6,0.500434495685037,0.5645963999422777,0.25539235688610307,0.07572570423507373,0.15150457844203635,0.13298549456067849,0.00435537969978854,0.00196057220656492,0.4,0.3,0.1,13,12.894886798280243,8.613873941617419
1,7,0.48497115850897154,0.5481583283756515,0.2439304513647428,0.07993973922430239,0.1752539570748375,0.11676369070160242,0.01190723995605692,0.011490847794558,0.4,0.3,0.1,14,13.315000223062134,9.506933549775267
1,8,0.4605047570525695,0.522843900549451,0.22222295595355365,0.06597662406433402,0.12541776814881242,0.0781853961952,0.01145946264333041,0.00945078502160076,0.4,0.3,0.1,15,13.264760134996669,15.857317981430484
1,9,0.46609675920469834,0.5457697974073025,0.25240706877817876,0.07631586548940827,0.0653413231509298,0.10584813929013477,0.0029999226535759203,0.0012119493255939701,0.4,0.3,0.1,16,10.520106793978796,9.190291459790664
1,10,0.4731253374970082,0.5323145118329342,0.24226468667501605,0.10253638776498535,0.3142546709203199,0.1723414695405047,0.00771902408269558,0.018489489660148038,0.4,0.3,0.1,17,13.471514711081475,8.456443209686654
1,11,0.4549825729802545,0.5125098946436362,0.22700028300091102,0.10080607419064308,0.12176707779074807,0.15391781341838937,0.006610265434174969,0.01760850173516779,0.4,0.3,0.1,19,13.5215919805235,4.2362108274334735
1,12,0.4450790628038363,0.4997949308362707,0.22109442035712185,0.1117302909634946,0.15533293571265366,0.16794391352337332,0.00433815703403406,0.021353720499481497,0.4,0.3,0.1,21,13.151468561387166,3.2203252500474338
1,13,0.3947720422187496,0.4819842626494909,0.2216982719551752,0.09310041720090725,0.060882800482001766,0.06871926506237183,0.01701126396037258,0.00082655949308739,0.4,0.3,0.1,26,18.583720133935067,9.783476865072824
1,14,0.3594622774378134,0.4231179703651423,0.16770807817977132,0.08060432648701718,0.3010910581190156,0.04262849273100181,0.013610201582237922,5.6429897901350004e-05,0.4,0.3,0.1,27,17.70549530441071,9.324965687342226
1,15,0.42560726105897173,0.5067347509196322,0.25786916983114294,0.15998413820779311,0.10120276709402923,0.1920122231670451,0.021544211772571358,0.04377164194369501,0.4,0.3,0.1,31,14.698696785738491,4.368512600557541
1,16,0.3655073161835043,0.4428009776003098,0.20025943545253846,0.11434922204227006,0.07621934684721185,0.09248672337471579,0.010108250939139269,0.0041894321184772,0.4,0.3,0.1,34,12.291321675586593,10.083715492206618
1,17,0.36774270467846426,0.4266661937741062,0.17904368999493286,0.12151115199671118,0.07758579357754815,0.09288915151723508,0.019470636894917508,0.02298659243847579,0.4,0.3,0.1,35,12.882068331877177,10.068046586585558
1,18,0.35869150919995885,0.43300543882364084,0.1950882546689856,0.12899576658663917,0.08429348883855285,0.08950597046161689,0.01920360311161595,0.01324191384694128,0.4,0.3,0.1,37,12.708657013595143,9.956949081620287
1,19,0.3343043061282337,0.4172202830548416,0.19852027304328027,0.1437708199150553,0.36514556496585016,0.10039533270438868,0.00999756102824257,0.0036858226824171003,0.4,0.3,0.1,38,12.978503568788122,9.071300028049736
1,20,0.3266002153528145,0.38968360039484384,0.16737092475077806,0.12724474388903537,0.10750962852532633,0.0805031731598391,0.019790616627607192,0.027202498912961857,0.4,0.3,0.1,39,13.763042388664257,8.862496367540578
1,21,0.3098375991283552,0.3637424403721045,0.152695921140434,0.13460507862601712,0.32507487785069017,0.08694477987523087,0.023824154381343658,0.028051237922808718,0.4,0.3,0.1,40,12.553941363927157,4.772528465006719
1,22,0.2974963498157626,0.3453071466313899,0.14121348482464482,0.13611933950063843,0.21774801999167437,0.09418112244216104,0.01519093511851626,0.02464035255266862,0.4,0.3,0.1,41,12.437128600935791,4.230617005889652
1,23,0.30228004043400253,0.3494870994778935,0.14606212307355454,0.14454072752274386,0.06727286570727462,0.10826795577050581,0.01508114393979756,0.02811707163318285,0.4,0.3,0.1,42,12.348659818130166,3.8201217472125175
1,24,0.29627340128500346,0.361009583010304,0.1639928038221764,0.1442472673514427,0.045510282670340206,0.09418112244216101,0.01519093511851625,0.02464035255266864,0.4,0.3,0.1,43,12.389717763075875,4.364979721722699
1,25,0.3051818370373661,0.40239238829531726,0.22102355612000765,0.18000294054189797,0.0826756957586478,0.1315268831569168,0.01805035366245613,0.0059938039315365005,0.4,0.3,0.1,46,12.847555571667268,10.258527692904748
1,26,0.29570916868124475,0.3342821954351028,0.1400997003394044,0.16785972760496554,0.13839334766694766,0.12434011590543784,0.01561934364940889,0.0547404937694533,0.4,0.3,0.1,48,12.73326976945684,5.627972180440451
1,27,0.267390747784886,0.29541711024325884,0.11181519068517232,0.15801121638216128,0.31234990652939104,0.1101021749335929,0.011131527686920729,0.01649229231982505,0.4,0.3,0.1,49,12.723351402187507,5.190498955978557
1,28,0.26592609274355117,0.31089590766835706,0.13426699170285278,0.1625655934571784,0.05596743622222209,0.10907766016692544,0.01086863912647133,0.016385463726823223,0.4,0.3,0.1,51,12.741072772204085,5.215459165236015
1,29,0.26576512984256145,0.3100103400213097,0.1340815013297727,0.16857101582115547,0.05820941822891542,0.11060681976991309,0.01201302728664829,0.0165057671947499,0.4,0.3,0.1,53,12.79732619968146,5.209280169323898
1,30,0.26235497834480365,0.3240067470441365,0.1546008092523339,0.16794843817787994,0.05000795068375836,0.10405075783574853,0.01033673460967225,0.01603927659733305,0.4,0.3,0.1,54,12.78152873175262,5.26501282095983
1,31,0.2623079420440545,0.3229009187500827,0.1545115738704241,0.17848989911049482,0.0732058619682594,0.10775687633890227,0.01058416766846297,0.016315993626912238,0.4,0.3,0.1,55,12.603738825380525,5.225284055850694
1,32,0.26458679544957053,0.32244316350269764,0.15665465505799017,0.18453251218951214,0.11905698775964096,0.12289489044482056,0.01041437929123283,0.020520346012951628,0.4,0.3,0.1,56,13.303068581740394,5.5526334612434844
1,33,0.26466003096689245,0.32187878776490925,0.1566909871343454,0.1854694353000902,0.07031003216502224,0.12445994654670407,0.011950655801142181,0.019902088321287252,0.4,0.3,0.1,57,13.515740265782338,10.481319154047334
1,34,0.37088813006483445,0.4824757330704705,0.35715786968349866,0.35688617489509555,0.25532103815442986,0.12630479748660975,0.4412639775788799,0.00841951546066005,0.4,0.3,0.1,62,13.008014551755355,10.471057686191504
1,35,0.36647766893326894,0.47473448028849,0.3522896419525776,0.35919071660660123,0.2548914522201907,0.13146846867107867,0.434725823581238,0.00599106866515472,0.4,0.3,0.1,63,12.954635108519144,10.389092593651284
1,36,0.3652104813382386,0.4900221363402101,0.37481093181422837,0.3742824157542675,0.19425177997310666,0.13146846867107867,0.4347258235812381,0.00599106866515473,0.4,0.3,0.1,65,12.984014189150884,10.249483651368
1,37,0.35567331886801334,0.47330926541300267,0.36415557601065207,0.37562849790970465,0.3336715786370909,0.1183309454952007,0.4480797702720397,0.01164659583596484,0.4,0.3,0.1,66,13.825131825258932,10.740977381780136
1,38,0.3553816087658428,0.4728867386579993,0.36384271263962087,0.3783989433214557,0.1855334336410101,0.1272416274418068,0.43725305806422166,0.007160591737633009,0.4,0.3,0.1,67,13.55232181389318,10.707079711320889
1,39,0.23624781448202922,0.36606049343820873,0.2677178518876508,0.2677425275273565,0.17747795453245283,0.11833097821807004,0.07118007139053699,0.01164658468154043,0.4,0.3,0.1,68,13.856342388079112,10.739249305179976
1,40,0.24365954928491404,0.39096034453803824,0.29905136964739604,0.2950108735539509,0.07771141398516568,0.1126269571313413,0.1037692815974544,0.01164657955313316,0.4,0.3,0.1,72,13.86084532239012,10.737766672399362
1,41,0.23767035674876408,0.38492954566321086,0.2930546688085014,0.3079020184158481,0.07225506271914806,0.11627929715632872,0.07909693125892378,0.01164658010510896,0.4,0.3,0.1,73,13.858070700859566,10.738826386470835
1,42,0.22343986331718443,0.3463949212176052,0.2535829426888646,0.2969538695489166,0.20014095936931842,0.11987795042939,0.05423710716322484,0.00598662245991366,0.4,0.3,0.1,74,13.790384084819555,10.76007101291884
1,43,0.2215963774998801,0.35575213308532383,0.27433553516636866,0.3126336726606175,0.0855303330804789,0.1188746199728826,0.06988504450987662,0.01388015441118726,0.4,0.3,0.1,82,13.080889888185684,8.12697755413249
1,44,0.215656356637872,0.3656132147646027,0.2919424033502748,0.3253612798635875,0.08289890892906784,0.12028914343822883,0.054831089113964095,0.01266553013388864,0.4,0.3,0.1,84,13.544305682531403,8.150547772466474
1,45,0.22384330999201726,0.38386255710572204,0.32232524645727917,0.35358885028539266,0.15342403542896288,0.11473270826407919,0.11533346337460856,0.0126627345423692,0.4,0.3,0.1,86,13.817723188563388,8.255926019572719
1,46,0.23452302800762695,0.40932303867589215,0.356257412644714,0.4012162613043977,0.09954564388377783,0.11901865181795084,0.14814080203730356,0.03158695056078551,0.4,0.3,0.1,98,14.3325444703731,10.443537330928685
1,47,0.4173453349513755,0.5931553509983353,0.5586599464718397,0.6450020171982446,0.3274708225457022,0.10320748266267823,0.8370009361076012,0.013684711915960879,0.4,0.3,0.1,107,15.039692418292622,10.989379720383806
1,48,0.42066999863075905,0.5922654745598737,0.5794679749162678,0.6695573861697078,0.6975126433970001,0.10229627351111654,0.8952741777179813,0.0634899263023702,0.4,0.3,0.1,108,13.802437914029358,10.5495986029849
1,49,0.30719993402161444,0.4941450218000919,0.4892251005078341,0.5846224524552296,0.216500749761448,0.10335276825811383,0.5370326189264508,0.016948897854025598,0.4,0.3,0.1,111,15.07785199968588,10.585634324267318
1,50,0.24062436568751613,0.4347111205224476,0.4432089564824449,0.5298376106019138,0.32106448717111846,0.11696804798487015,0.3218183510669167,0.0245603173912349,0.4,0.3,0.1,112,14.790086932998712,9.918750863594571
1,51,0.3094110932127034,0.4850786801531251,0.48780348130051093,0.5978843460620444,0.21927822037892372,0.10229642698132904,0.5601384272026217,0.06348993279238595,0.4,0.3,0.1,116,13.815274385816592,10.56125969419281
1,52,0.3047177146974006,0.491644518902274,0.5048984655568773,0.6116405139787714,0.24945540110253211,0.10229643510072524,0.5601342547926305,0.06348993269000106,0.4,0.3,0.1,119,13.333860617753157,11.160288365240548
1,53,0.3043346993194393,0.5083072735581028,0.5282753918312236,0.6325707181007202,0.21811845031745714,0.10229643510072528,0.5601342547926305,0.063489932690001,0.4,0.3,0.1,122,13.440506547672054,10.99102542537038
1,54,0.30433468027876376,0.5083072735581028,0.5282753918312236,0.6358508087845126,0.21530820014426338,0.10229643510072525,0.5601342547926305,0.06348993269000106,0.4,0.3,0.1,125,13.408040731038032,11.039555953000354
1,55,0.26487074830972596,0.4383480810926898,0.46037092997670814,0.6172495156800112,0.2551403350006207,0.11041311453220401,0.46739979970698364,0.00830607237932619,0.4,0.3,0.1,128,15.19435484687665,11.036738516227665
1,56,0.31344998710280597,0.4833336853324966,0.5076650259957074,0.6861961413973177,0.2506716263550024,0.11041330362685071,0.6377138180973871,0.00830562040700462,0.4,0.3,0.1,132,15.18260121548133,11.058703899427822
1,57,0.26790008728428777,0.4520853294988049,0.48488726964304246,0.6543563553677,0.21938293927567018,0.10083594891987264,0.5072051951551041,0.00551038673140025,0.4,0.3,0.1,134,16.026146993642847,10.940215460396503
1,58,0.26377212259961297,0.44193878481173515,0.47854125706638956,0.6569805484024259,0.23998483688906494,0.10061984060160686,0.5071971311323532,0.00550439724921046,0.4,0.3,0.1,136,15.711147099438644,10.166772418539876
1,59,0.6171028384507543,0.7672154619250247,0.8040088582169304,1.0271950617557069,0.576513113487575,1.0,0.17723084346216827,1.0,0.4,0.3,0.1,143,21.86956220154073,9.331667549193172
1,60,0.6486962486118624,0.8162340024873393,0.8594859052248381,1.06210823319797,0.5869275032473583,1.0,0.28283003772945803,1.0,0.4,0.3,0.1,144,21.86947719896829,9.386798522782138
1,61,0.6162125530105105,0.7823746258472143,0.8264788866290113,1.0368695553533709,0.5744404063538179,1.0,0.17748401222430482,1.0,0.4,0.3,0.1,145,21.774072772040977,10.114107486969068
1,62,0.647806973096884,0.8313955259924218,0.8819575749542098,1.078274869157447,0.5856112062598148,1.0,0.28308303338946983,1.0,0.4,0.3,0.1,148,21.77399564747642,10.1692386467539
1,63,0.6161868648129345,0.7996592046292642,0.8502932358049714,1.0499643699832506,0.5551714862975993,1.0,0.17793032740856346,1.0,0.4,0.3,0.1,149,21.90371089624268,10.114202575884198
1,64,0.6329849852607257,0.8150759096204967,0.8665641177180127,1.0830306524116886,0.5923090111809628,1.0,0.2368539840981366,1.0,0.4,0.3,0.1,150,28.11190432542405,10.152995479617232
1,65,0.6130580193925709,0.8079592747267856,0.8687474637452474,1.0631366513723528,0.6269570649500222,1.0,0.1803995908025375,1.0,0.4,0.3,0.1,151,21.83860825582324,10.017153060787823
1,66,0.8574801273164542,1.120268288918614,1.2079965545135707,1.482875338800679,0.8009420913885513,1.0,1.0,1.0,0.4,0.3,0.1,189,92.48603636669456,8.999655549581881
1,67,0.6669528455628935,0.9044941192791941,0.9905219615462639,1.2794747240930637,0.7304769708847438,1.0,0.38051886891923636,1.0,0.4,0.3,0.1,190,33.54204766512212,8.993700507707398
1,68,0.7029142297637345,0.9539943674201283,1.0488227803731347,1.3544180624441449,0.6625751479154633,1.0,0.5083823876906258,1.0,0.4,0.3,0.1,196,92.64217687938137,8.95893918845398
2,0,0.7938893569384404,0.7736239903796688,0.33873725216448974,0.008447790255597692,0.0,0.0,0.0,0.0,0.4,0.3,0.1,1,14.936634624199538,28.02617248610205
2,1,0.6265888297825926,0.650168206657366,0.27359804142993116,0.033960449548787894,0.7564562882340777,0.07708477234366676,6.232732199128001e-05,9.98680594339e-05,0.4,0.3,0.1,3,12.115914789160048,12.373445082828963
2,2,0.5594744815928596,0.5894689100719572,0.23856285491497997,0.043602695720476904,0.3573996696276377,0.0951036732093555,7.266962819694e-05,0.00012803273902643,0.4,0.3,0.1,5,10.10842050789229,9.53493629870354
2,3,0.5546825209609652,0.5848359520418156,0.23540796123310442,0.05351588539542243,0.046554588377478084,0.08883351936877969,0.0056509815809446,0.00125620194201248,0.4,0.3,0.1,9,10.469942997838494,20.024262803885907
2,4,0.5422329944671985,0.5903514716433392,0.2536739057666629,0.05942995372331683,0.20081241815112066,0.10522474135390476,0.00016564374429497,0.00041095374928557,0.4,0.3,0.1,10,10.075959419548957,6.453556843462611
2,5,0.5228199466974031,0.5709166476494144,0.24130606784405995,0.06106297204479249,0.21731253531869954,0.09396851944875322,0.011977392342136151,0.00266255044454096,0.4,0.3,0.1,11,10.000542034655137,18.167546722462035
2,6,0.5183765960178653,0.5663680643503073,0.2388849603842814,0.06530561169301033,0.09546318285252607,0.09739021085630188,0.01097496479754154,0.00278999863032956,0.4,0.3,0.1,12,9.980421044211813,18.17890640636692
2,7,0.5040030913794525,0.551710914408048,0.22787537750317932,0.06056981538681777,0.12827434502126447,0.08924344322437314,0.00571059513445489,0.00112620641960338,0.4,0.3,0.1,13,10.3731536468609,9.061195247935643
2,8,0.45806545535887977,0.5191957693677978,0.2230416483700869,0.06967400719774991,0.30896480250751446,0.08717566180843213,0.026851492777526707,0.00903667522145232,0.4,0.3,0.1,15,8.746860866174194,15.561464133675088
2,9,0.4556300246930894,0.5340083572540688,0.24526743915783494,0.07567580733756497,0.05672409554639213,0.08717566180843218,0.02685149277752672,0.00903667522145233,0.4,0.3,0.1,17,8.48663866291664,14.702951785056138
2,10,0.4027874274813108,0.4754375616965096,0.2022567158469959,0.093644111052063,0.06163428743210468,0.0597305682405974,0.00488548143005871,0.010759665943620971,0.4,0.3,0.1,28,11.334777476798765,4.06280917592245
2,11,0.39536183446977263,0.4844342978596366,0.22018634527611866,0.1166562540070909,0.04055412374260391,0.057471336601868074,0.00313555541563587,0.007103860615646671,0.4,0.3,0.1,32,10.621679962963276,6.736743230800309
2,12,0.3496259231840142,0.4065167030480832,0.16201373016732631,0.1349619598345068,0.11464942504223054,0.0540923075743875,0.03247149608882491,0.02022527096608409,0.4,0.3,0.1,40,14.516742225523236,6.449963251215014
2,13,0.34759356258138596,0.40414550823620216,0.16015592673197002,0.14415841304131982,0.035586308802927014,0.05157080880794681,0.03248986519051593,0.02012907016142042,0.4,0.3,0.1,44,14.57370692575439,6.828119532499087
2,14,0.33399137810071583,0.4223148843954185,0.1959820071170391,0.17100796145910224,0.15055142261648824,0.055003094843110834,0.01648722226192672,0.014746110002289689,0.4,0.3,0.1,45,12.531324140444235,6.707800512646463
2,15,0.320907759559922,0.40248077127197157,0.1853472323410912,0.17458230202325153,0.26190445841662147,0.05276177007257671,0.032985748184816734,0.01931163203587728,0.4,0.3,0.1,46,13.817165003298111,7.313016952119269
2,16,0.30502726418356535,0.3622824622259118,0.14724674740472588,0.1514523015780713,0.2434633387458361,0.05174782456430181,0.03315749821916117,0.02067658113644618,0.4,0.3,0.1,47,14.291943717156494,6.959411562212908
2,17,0.3032406636814985,0.3596858289184855,0.14562585903825065,0.1575605950189413,0.056973988733903524,0.05189529866534952,0.033051562360328454,0.02025743076448314,0.4,0.3,0.1,48,14.128841679158532,6.751569044418274
2,18,0.29072170543195736,0.35300421418444733,0.15867943379040128,0.17557413629773455,0.21007522287550764,0.07298986535134779,0.03938188120790068,0.02801496407126742,0.4,0.3,0.1,50,13.177628069928485,6.851963599138662
2,19,0.27293793579546993,0.3101703409080608,0.11737272075749625,0.1691021381132759,0.2360347514215833,0.06227396932801719,0.03884946378407371,0.028843141685305988,0.4,0.3,0.1,51,12.802617152884732,3.799474731191288
2,20,0.24818877703499034,0.322563963524447,0.16415024822844754,0.21266291798925865,0.16622809390832022,0.059310789614935376,0.0431375829548657,0.02875374455421239,0.4,0.3,0.1,54,12.976497660105016,5.119363087031116
2,21,0.2305831294855919,0.2559554397369782,0.09739392564172047,0.2430414182210513,0.06232679924057172,0.043026077722284436,0.060018883803436104,0.061843052657875416,0.4,0.3,0.1,69,10.27259123903306,13.910575564781498
2,22,0.22611561973724198,0.26556183785749765,0.11638097011023463,0.25284435527638793,0.0784930168369658,0.043026077722284436,0.060018883803436104,0.061843052657875416,0.4,0.3,0.1,71,11.343399517164343,15.544939926415962
2,23,0.23395230868356942,0.29432558608310994,0.1485856159616285,0.2841356401361211,0.05692154684410212,0.04764892976738599,0.06274499459343183,0.06956972017901872,0.4,0.3,0.1,74,10.295198266233804,8.097326471573465
2,24,0.19915016813953945,0.21617341516115346,0.08557100652548132,0.24516095647083522,0.2542499691503975,0.03888240508165876,0.06410912192495113,0.0638900269155363,0.4,0.3,0.1,76,10.510173791720014,13.639723196159377
2,25,0.1978982486747084,0.19621599713117793,0.06014454018643095,0.22846645227807783,0.06363601341448685,0.03888240508165926,0.06410912192495145,0.06389002691553458,0.4,0.3,0.1,77,10.68452726180606,13.87378283267786
2,26,0.19553704554076598,0.22471529328572606,0.10482986097040989,0.25528856795436905,0.13109526416563813,0.04479579083168742,0.06492804225732927,0.06249802914943718,0.4,0.3,0.1,78,8.787954400171147,11.807352854576129
2,27,0.19441694438084065,0.20553530666375647,0.0795822545110236,0.25442062987083786,0.048543283417179006,0.043559883770872596,0.06237837209223844,0.0670240175341026,0.4,0.3,0.1,79,10.331560675407305,13.328404982584088
2,28,0.18756789900658896,0.22646364059512006,0.11892833480781788,0.2649260360341574,0.18469453986619405,0.04479579083168743,0.06492804225732929,0.06249802914943718,0.4,0.3,0.1,80,9.396103152817654,12.624237543795324
2,29,0.1678574136059563,0.16783754652873167,0.06975987169064124,0.2887733965477837,0.17581617965906465,0.0447845488668296,0.06664298660802939,0.06570124308230002,0.4,0.3,0.1,83,9.190343077364243,12.488890363551697
2,30,0.1510546819403639,0.12918267206177123,0.04646320289484687,0.28254964848050274,0.11016287155099826,0.048591197835532215,0.06783354700917542,0.0667665965788136,0.4,0.3,0.1,89,9.482330894693895,11.342935748231064
3,0,0.9810299381888721,0.8936040230544982,0.41337709559913915,0.015103411082714582,0.0,0.0,0.0,0.0,0.4,0.3,0.1,1,7.290168022,28.17628465
3,1,0.7571787270469077,0.7552596385860146,0.3384930102006863,0.038583975422701894,0.8191815507948543,0.0738631064,0.00010537590000000001,8.52373e-05,0.4,0.3,0.1,3,6.419471648,23.29063842
3,2,0.7122310112304249,0.7230696325979669,0.32260364001987735,0.04932731150488732,0.4461668170773213,0.1001368269,0.0007970287,0.0023654419,0.4,0.3,0.1,4,7.959424977,134.8901773
3,3,0.6539812270818022,0.6919668875296899,0.3145078965661187,0.04730559132727203,0.44976277498548584,0.0892858566,0.00041214370000000004,0.0004181306,0.4,0.3,0.1,5,7.597723025,5.481619785
3,4,0.6502814598445309,0.6887652129020575,0.31236496646910217,0.05024083655903369,0.04865340211682046,0.0883549535,0.00034321769999999996,0.0003482033,0.4,0.3,0.1,7,7.341528131,5.410291378
3,5,0.6456111501050603,0.6671248308680122,0.2856423243217915,0.05110613322674994,0.050903274228166956,0.0868117763,0.0002470279,0.00021269700000000003,0.4,0.3,0.1,9,7.576051594,6.186399765
3,6,0.643401060944205,0.6828612072962322,0.3086242388727196,0.058527097356151754,0.04613198321734501,0.0879556812,0.0003041243,0.00026648549999999996,0.4,0.3,0.1,11,7.799049127,5.818223373
3,7,0.6001439429756954,0.6453905274658936,0.28735093042093607,0.0671675034654433,0.44523429529775405,0.10109269489999999,0.000506364,0.0010192942,0.4,0.3,0.1,12,9.164915891,13.54904614
3,8,0.56021698676045,0.6253117255477082,0.28698013860428245,0.07652461698392075,0.2034905143069201,0.0939608092,0.0014396203999999999,0.0031811749,0.4,0.3,0.1,14,9.29015258,12.95615544
3,9,0.5515890505275204,0.6346788196599568,0.30762478701168183,0.0805856449864704,0.10411710659334857,0.1064719022,0.0012314208999999999,0.0015680333,0.4,0.3,0.1,16,9.644678054,12.27067006
3,10,0.5452288504721212,0.6283776440231488,0.30233095664197096,0.07680253435845798,0.05201274273851798,0.0973351472,0.0012917233,0.0015776555,0.4,0.3,0.1,18,9.71667148,12.76411141
3,11,0.5319851897038884,0.6152466737700154,0.29207087521925906,0.08793030613879271,0.05776314647053781,0.070102527,0.018262610000000002,0.0042564889,0.4,0.3,0.1,21,6.845648118,5.660816759
3,12,0.5281190097724122,0.611356695243039,0.2938536012086205,0.11107254426088678,0.18620905433523977,0.1006602923,0.012594366700000002,0.010244410399999999,0.4,0.3,0.1,22,8.342362851,12.88429075
3,13,0.527024737905067,0.6278067010461055,0.3170980717982696,0.11816741970077718,0.05028028115295419,0.1006602923,0.012594366700000002,0.010244410399999999,0.4,0.3,0.1,24,8.599442436,13.18709882
3,14,0.4780767387945557,0.5761209081365614,0.2858161398459925,0.11803375613213458,0.3012478316779645,0.10629758,0.0127643542,0.0102572077,0.4,0.3,0.1,26,7.601144085,12.16778527
3,15,0.47426974359417,0.589589075965071,0.3068720839495685,0.12697045409684168,0.05655224890764801,0.10406239930000001,0.012788281600000001,0.0103040181,0.4,0.3,0.1,29,9.607926469,6.987821496
3,16,0.47463144047612443,0.6074815618892266,0.3312698621460205,0.12976763960818027,0.05042988377517836,0.10474339399999999,0.013256723100000001,0.0129443021,0.4,0.3,0.1,30,6.889386085,11.71204085
3,17,0.4538227744494769,0.5323043586050402,0.24321917049686154,0.12851011727378947,0.060658323703571264,0.09473768169999999,0.009868195100000001,0.0035883374,0.4,0.3,0.1,38,8.550537433,6.058724625
3,18,0.4358645120208728,0.5104700693436521,0.23257204285191674,0.14213197300359534,0.18367645275981861,0.10457422229999999,0.017805700299999998,0.0181214897,0.4,0.3,0.1,40,8.745184898,6.331328736
3,19,0.41704810946079723,0.5242950406833848,0.2650561769992314,0.14120956410164348,0.19047900408552967,0.0829626023,0.0256910859,0.0243326723,0.4,0.3,0.1,41,8.699950172,3.452619092
3,20,0.4027675106091759,0.5089414501827,0.252071265208041,0.18130783996259506,0.04102537370163937,0.07635843340000001,0.0113297543,0.0029753549000000002,0.4,0.3,0.1,51,7.394827087,4.357861744
3,21,0.399121812870031,0.5220149612558302,0.27330087654909363,0.1840318613166581,0.04923950362483889,0.07817715680000001,0.0102265261,0.0012812484000000002,0.4,0.3,0.1,54,8.090756007,7.070482713
3,22,0.4026592993562937,0.5423120418209298,0.30163826348611067,0.20266636486783554,0.0831323484923174,0.0961357697,0.009975813,0.0016404327,0.4,0.3,0.1,55,10.94557325,8.433726501
3,23,0.3862262709291155,0.5048130779884513,0.2645066809794586,0.18436106741173253,0.20721819860608842,0.0907048325,0.010354086299999999,0.0012552722,0.4,0.3,0.1,56,8.221874866,8.435474061
3,24,0.3616979998165234,0.4723464787316655,0.24532523447300655,0.19320275038711232,0.20750586841272736,0.09729413890000001,0.0104190777,0.0015928793999999999,0.4,0.3,0.1,58,9.664668744,8.83235826
3,25,0.33995198306162455,0.4286364271966197,0.20178251583521523,0.20362321743977044,0.08762549892926257,0.0736226864,0.0122097361,0.002529808,0.4,0.3,0.1,61,8.589560219,5.378749546
3,26,0.33991309557874333,0.42831772743331636,0.20186416390398015,0.2098248881141608,0.04406491105340549,0.0754973333,0.0121871224,0.0025066463,0.4,0.3,0.1,62,8.66690691,5.271942304
3,27,0.32938888046866305,0.43160539770057627,0.21674186111565374,0.19905318386838422,0.09852817530271935,0.0758130015,0.010338629200000001,0.0020653074,0.4,0.3,0.1,64,8.979066093,6.609484757
3,28,0.3290997020135601,0.44876358500379676,0.24042679465021033,0.22090988795581823,0.03551932363400596,0.0758130015,0.010338629200000001,0.0020653074,0.4,0.3,0.1,66,9.044658941,6.64351472
3,29,0.3282708581662395,0.4651717907314097,0.2636452110701271,0.2361622244981344,0.039044357823223186,0.0758130015,0.010338629200000001,0.0020653074,0.4,0.3,0.1,68,9.419776003,6.842039725
3,30,0.3275103365785887,0.4979764487599806,0.3112744615496777,0.2524703188587503,0.04971586584408403,0.08329166169999999,0.0107114167,0.0027762206,0.4,0.3,0.1,72,8.411439813,9.133591663
3,31,0.31689200944248086,0.44831194310559574,0.25392662127628074,0.2359116830286385,0.09871095124584434,0.08102478269999999,0.0104208405,0.0013473082,0.4,0.3,0.1,74,7.408672346,9.185501139
3,32,0.31750376555033444,0.46635101791336275,0.27850829746290684,0.2564876888911045,0.0407715998432612,0.0833411421,0.0104120588,0.0013350915,0.4,0.3,0.1,75,7.421147251,9.329542097
3,33,0.3153888729575631,0.4631434702158742,0.2766688340622372,0.2596179417220196,0.0710477539571244,0.0841240812,0.0105797272,0.0018297168,0.4,0.3,0.1,76,8.31731847,8.795054886
3,34,0.30823018670136454,0.49087499699154924,0.3174367167588312,0.28172868324841127,0.03275346409141765,0.0677912712,0.0104653362,0.0011947953000000001,0.4,0.3,0.1,79,7.484048628,9.188446912
3,35,0.2953502981113379,0.4333738067060516,0.25844526133489226,0.26603256977000717,0.17788057008050123,0.0851894939,0.0116133042,0.0023014186999999998,0.4,0.3,0.1,81,8.044981371,6.23628814
3,36,0.29169913847436146,0.4284447454971871,0.2549575155568238,0.2675741250618559,0.07254270287682112,0.082435364,0.0115596201,0.0023304908,0.4,0.3,0.1,82,8.043740642,5.869488815
3,37,0.2896203930352295,0.4425731902673891,0.2769701999889107,0.27814790512793724,0.056013903052321526,0.08330425,0.0119282767,0.0033697117,0.4,0.3,0.1,84,8.035259552,5.791147304
3,38,0.2875108829933929,0.47513946693014986,0.3227784251917779,0.3104568035751587,0.03904808223790634,0.08019326140000001,0.0118444649,0.0035506037999999997,0.4,0.3,0.1,88,8.146404246,6.066945492
3,39,0.2882117678427638,0.45826908974294206,0.29955192985476153,0.29601264692327933,0.03683134891649623,0.0799772626,0.013089160499999999,0.008073500899999999,0.4,0.3,0.1,93,7.999863804,7.628685036
3,40,0.2790919619700866,0.4426554418924188,0.29093536751625343,0.31153668106425075,0.2136744613248041,0.08780497649999999,0.012797901,0.0066586334999999995,0.4,0.3,0.1,94,7.503113644,7.210844529
3,41,0.2737108825826948,0.48525130700081215,0.3575269621381351,0.3501012198234106,0.07273914756570936,0.0652636929,0.039684484,0.0442148995,0.4,0.3,0.1,98,7.718979627,5.8999382
3,42,0.2583039412722836,0.3753107429269458,0.22244836112180846,0.3147554532271505,0.20599040404751615,0.08626957830000001,0.0110843102,0.0028586397,0.4,0.3,0.1,99,7.543933088,7.353463836
3,43,0.25305597314981665,0.38666194926360187,0.24110638770416815,0.319038687441078,0.05747481189122285,0.0766917953,0.011191295,0.0034162057,0.4,0.3,0.1,100,8.035947571,7.20540161
3,44,0.2517427608242944,0.384263014263905,0.23975990784742324,0.32218838906728614,0.06094941548123968,0.0776128118,0.0112371608,0.0034554935,0.4,0.3,0.1,101,8.029899852,6.767267849
3,45,0.25016992966744567,0.39922324002101295,0.2620775163695944,0.33305818401733717,0.04692680535390842,0.0776128118,0.0112371608,0.0034554935,0.4,0.3,0.1,103,7.819098329,6.625283256
3,46,0.2507817925757565,0.38216278176638313,0.23874814670139285,0.3432313981476742,0.036194614580858854,0.0795400617,0.0114711072,0.0028465222,0.4,0.3,0.1,107,7.588239712,6.506389547
3,47,0.25454983689460575,0.47367701116849087,0.36218939219428975,0.38397693138250466,0.03983772314738491,0.0687048624,0.026391303999999997,0.0399517008,0.4,0.3,0.1,110,6.322342874,5.416415323
3,48,0.25035232456109086,0.48533978322209964,0.3818540112263579,0.3964515965174088,0.05806889496091512,0.06466096460000001,0.0264601717,0.040000904,0.4,0.3,0.1,112,6.559231283,5.697422439
3,49,0.2451315620568737,0.45805159726745065,0.35242508870100864,0.39216444582349114,0.1446100144059708,0.0696992786,0.028810467699999998,0.027560238999999997,0.4,0.3,0.1,113,6.634048514,6.096925759
3,50,0.24472150404368329,0.47491879518218794,0.37592900856996236,0.4096490094917505,0.04252907572472436,0.0696992786,0.028810467699999998,0.027560238999999997,0.4,0.3,0.1,115,6.087985983,5.703102889
3,51,0.23921345036483035,0.46466343850239966,0.3700251531670131,0.45670542463592395,0.04775641952580354,0.0726988396,0.026737265599999997,0.0343778126,0.4,0.3,0.1,130,7.450098912,4.534428667
3,52,0.22176658357151113,0.4363167680560303,0.3513136194901545,0.4675345390904505,0.09763906612392906,0.0639161192,0.0303307251,0.030228251699999997,0.4,0.3,0.1,134,8.258752078,5.624098615
3,53,0.2175540146057064,0.42895816870756726,0.3466528377056682,0.48519187069030056,0.07103568935963261,0.0638425628,0.0304195006,0.028061679899999997,0.4,0.3,0.1,136,8.223793653,4.265023974
3,54,0.20894751315982243,0.4662533555169258,0.40877199580732737,0.5002686911744157,0.05488910541249943,0.068832279,0.0268099557,0.0158935269,0.4,0.3,0.1,144,8.528916503,4.880432751
3,55,0.21013402420170862,0.46506266562518656,0.40954583989827403,0.5071241371626476,0.09006238771429921,0.078576105,0.026994016,0.0164433335,0.4,0.3,0.1,145,8.413025498,4.011731168
3,56,0.20784325204258527,0.4611624350588916,0.4069660895040083,0.5096605325726649,0.07363190292386208,0.0773229345,0.0273303509,0.016387533000000003,0.4,0.3,0.1,146,8.327615703,4.114219953
3,57,0.20960398204927178,0.4442558249508416,0.38458804808612934,0.5219777824635757,0.06627678345089043,0.0820697319,0.0266024214,0.0300252306,0.4,0.3,0.1,147,9.466983845,4.838203343
3,58,0.18943800438901262,0.4303528535194311,0.38608773727836365,0.5068075296821656,0.26089310350551526,0.0661654066,0.0273033796,0.015804132000000002,0.4,0.3,0.1,148,8.710601038,5.109047386
3,59,0.17546067285867206,0.38175096243413464,0.34415631671745905,0.46899883210926674,0.06676930585020086,0.0707619654,0.0305634401,0.0224280246,0.4,0.3,0.1,160,8.432473235,4.208959012
3,60,0.1749375002909677,0.4335888453856787,0.41535710103377654,0.5650165290821533,0.04246699608661343,0.0690959102,0.0313420835,0.0246313826,0.4,0.3,0.1,162,8.586285861,4.226192002
3,61,0.17418733955476715,0.4316066966671019,0.41429144187534156,0.5684989169974491,0.0627544491546814,0.0714969677,0.030515638299999998,0.0219394667,0.4,0.3,0.1,163,8.282366897,4.232764978
3,62,0.17328525556840862,0.3774363899725525,0.34143269351990685,0.47508158323645494,0.04323165059846562,0.0707547495,0.0305971467,0.0213097122,0.4,0.3,0.1,166,8.439721914,4.212895943
3,63,0.16582016787924958,0.3954777447950126,0.379263931720734,0.5943868955474335,0.09956109747384556,0.0747451673,0.030339475999999997,0.0216299409,0.4,0.3,0.1,169,7.904250435,4.107685629
3,64,0.16551220546202658,0.39428603892860586,0.37871071422279384,0.6077658135473097,0.04960263878779584,0.0765466625,0.0294425115,0.022094470999999997,0.4,0.3,0.1,171,7.89922407,4.531962162
3,65,0.16467785549206643,0.4098353217014918,0.4014828815644464,0.6143658694345924,0.052442354457246224,0.0771188538,0.029374888300000002,0.0223354626,0.4,0.3,0.1,173,7.878320646,4.723153593
3,66,0.15766102676501365,0.3957829453789146,0.3924512108111198,0.6193541700017997,0.10359401313746751,0.0752843431,0.029340314,0.0221117756,0.4,0.3,0.1,175,7.838869878,4.755892085
3,67,0.15469973924240052,0.3897745449755799,0.38859136937392874,0.6219623125930938,0.09428335454548704,0.0740767824,0.0301798555,0.021200206,0.4,0.3,0.1,176,7.86791519,4.429341816
4,0,0.9810299378285589,0.8936040230476392,0.41337709559913915,0.015103411096162502,0.0,0.0,0.0,0.0,0.4,0.3,0.1,1,7.290168022264575,28.17628465213149
4,1,0.757178727069431,0.7552596382517257,0.33849301020936845,0.03858397544608235,0.8191815508551386,0.07386310640078395,0.00010537593706376,8.523727249469e-05,0.4,0.3,0.1,3,6.419471648215774,23.29063842228762
4,2,0.7122310112944251,0.7230696323104404,0.322603640047884,0.04932731157121848,0.4461668153437105,0.10013682692571446,0.000797028747055,0.00236544193604338,0.4,0.3,0.1,4,7.959424977390197,134.89017733382568
4,3,0.653981227116693,0.6919668876804153,0.3145078965727957,0.047305591304447774,0.4497627762596159,0.08928585659543085,0.00041214373084901,0.00041813059249925,0.4,0.3,0.1,5,7.597723024852253,5.481619784719836
4,4,0.650281459844993,0.6887652130635499,0.3123649664591088,0.05024083651977587,0.04865340190019028,0.08835495346535399,0.00034321770170938997,0.00034820333352238,0.4,0.3,0.1,7,7.341528131391908,5.4102913784707845
4,5,0.6456111500951607,0.6671248310342649,0.285642324337137,0.05110613321367959,0.05090327504013041,0.0868117763401456,0.00024702788220083,0.00021269704626974002,0.4,0.3,0.1,9,7.576051594172841,6.186399765261805
4,6,0.643401060919817,0.6828612071195113,0.3086242388674834,0.058527097336706066,0.04613198496159167,0.0879556811705174,0.00030412433440319997,0.00026648546235917,0.4,0.3,0.1,11,7.799049126586517,5.818223373400193
4,7,0.600143943004304,0.645390527733473,0.2873509304175683,0.06716750344012166,0.44523429686712,0.10109269491491757,0.00050636398291249,0.00101929415791495,0.4,0.3,0.1,12,9.1649158905232,13.549046138694292
4,8,0.5602169868037827,0.6253117255241046,0.28698013861497573,0.07652461697027758,0.20349051292357864,0.09396080921215104,0.00143962041523279,0.00318117491263022,0.4,0.3,0.1,14,9.290152580320958,12.956155441223704
4,9,0.5515890505032736,0.6346788194945798,0.3076247870143603,0.08058564496773978,0.10411710528498551,0.10647190220599381,0.00123142091027287,0.0015680332719911001,0.4,0.3,0.1,16,9.64467805390492,12.27067005885776
4,10,0.5452288505077048,0.6283776441310948,0.30233095662987725,0.07680253432005407,0.052012745356106824,0.09733514715670252,0.00129172332329308,0.00157765548237392,0.4,0.3,0.1,18,9.71667147982265,12.7641114148726
4,11,0.5319851897326692,0.6152466739799151,0.29207087524395464,0.08793030615739456,0.05776314429735575,0.07010252704799928,0.01826261001040713,0.00425648892373719,0.4,0.3,0.1,21,6.845648118005546,5.66081675930622
4,12,0.5281190098014159,0.6113566954435911,0.2938536011965299,0.1110725442348011,0.18620905108187616,0.1006602922548809,0.01259436673122083,0.01024441036590814,0.4,0.3,0.1,22,8.342362851289526,12.88429075072666
4,13,0.5270247378671196,0.6278067010168664,0.3170980717861791,0.11816741970096596,0.05028028148812244,0.10066029225488096,0.01259436673122083,0.01024441036590814,0.4,0.3,0.1,24,8.599442436247708,13.187098822060277
4,14,0.47807673872346784,0.5761209079537442,0.28581613981408255,0.11803375606738294,0.3012478326690374,0.10629757996221181,0.01276435415432069,0.01025720766909087,0.4,0.3,0.1,26,7.601144084810315,12.167785274466024
4,15,0.4742697435250623,0.5895890760660017,0.3068720839235999,0.12697045407158714,0.05655224686402664,0.10406239925568136,0.01278828156000591,0.01030401813757139,0.4,0.3,0.1,29,9.60792646903766,6.987821496398412
4,16,0.47463144047634037,0.6074815619593721,0.33126986213728243,0.12976763962015778,0.0504298816197757,0.10474339397117641,0.01325672310338272,0.01294430211776571,0.4,0.3,0.1,30,6.889386085011052,11.712040845097563
4,17,0.4538227744667722,0.5323043583790973,0.24321917052814673,0.12851011729792688,0.06065832046330668,0.09473768174050508,0.00986819513668056,0.00358833744079003,0.4,0.3,0.1,38,8.550537432666973,6.058724625298004
4,18,0.43586451197258785,0.5104700692074855,0.23257204283235972,0.14213197293698857,0.1836764501552416,0.10457422229422164,0.01780570025015654,0.01812148967707369,0.4,0.3,0.1,40,8.745184898006466,6.33132873560823
4,19,0.4170481094091448,0.5242950409185128,0.2650561769942799,0.1412095641259043,0.1904790032028865,0.08296260230598947,0.02569108588543917,0.024332672270209778,0.4,0.3,0.1,41,8.699950172398887,3.452619091845715
4,20,0.4027675106588113,0.5089414505639315,0.25207126523944207,0.1813078400014446,0.04102537101314244,0.07635843344040497,0.01132975433849042,0.00297535493691941,0.4,0.3,0.1,51,7.394827086797494,4.357861744321903
4,21,0.3991218128975327,0.522014961319398,0.27330087656464513,0.18403186130349558,0.049239506177724594,0.0781771568292676,0.01022652611762833,0.00128124838555948,0.4,0.3,0.1,54,8.090756007037545,7.070482713042415
4,22,0.4026592993547683,0.542312041621941,0.30163826345860667,0.20266636480264655,0.08313234605083616,0.09613576966174489,0.00997581297049273,0.00164043266650227,0.4,0.3,0.1,55,10.945573248486678,8.433726500875864
4,23,0.386226270910205,0.5048130782132387,0.26450668099846353,0.18436106742581237,0.20721819577131145,0.09070483254924584,0.01035408628585162,0.00125527223551081,0.4,0.3,0.1,56,8.221874866187836,8.435474061468629
4,24,0.3616979998534839,0.4723464787558276,0.24532523446973073,0.1932027503622886,0.20750587138188803,0.09729413888313368,0.01041907770435707,0.0015928794216359399,0.4,0.3,0.1,58,9.664668744367695,8.83235826004687
4,25,0.33995198303091145,0.4286364268738127,0.20178251583823048,0.20362321742269368,0.0876254964924784,0.07362268639227895,0.0122097361164709,0.00252980801162402,0.4,0.3,0.1,61,8.589560219172279,5.378749546257498
4,26,0.33991309554213794,0.4283177270808864,0.20186416391166973,0.20982488814228786,0.044064913223405736,0.07549733332766478,0.012187122391957659,0.00250664629036403,0.4,0.3,0.1,62,8.666906910017985,5.27194230431973
4,27,0.32938888051304377,0.4316053979876215,0.21674186111460336,0.199053183858496,0.0985281752758745,0.0758130014566032,0.010338629249599279,0.0020653074142853102,0.4,0.3,0.1,64,8.979066093380926,6.609484756916687
4,28,0.3290997020149169,0.4487635847009322,0.24042679464915998,0.2209098879346119,0.0355193263640284,0.0758130014566032,0.010338629249599279,0.0020653074142853102,0.4,0.3,0.1,66,9.04465894104037,6.643514719680827
4,29,0.32827085815041973,0.4651717907063511,0.2636452110690767,0.236162224460843,0.03904435978258852,0.07581300145660318,0.010338629249599279,0.0020653074142853102,0.4,0.3,0.1,68,9.41977600285393,6.84203972454282
4,30,0.3275103365427679,0.49797644911119265,0.3112744615579188,0.2524703188522508,0.04971586720354751,0.08329166170854993,0.01071141671642274,0.0027762205989431002,0.4,0.3,0.1,72,8.411439812765732,9.13359166321264
4,31,0.31689200937923473,0.44831194277975805,0.25392662125911664,0.23591168303459167,0.09871094981063254,0.08102478265587053,0.01042084050054188,0.00134730820325143,0.4,0.3,0.1,74,7.40867234604144,9.185501139240015
4,32,0.3175037655601575,0.4663510175251616,0.27850829746569195,0.2564876889223033,0.04077160218014404,0.08334114210015617,0.01041205881549428,0.0013350914807428401,0.4,0.3,0.1,75,7.421147250965715,9.329542097282154
4,33,0.3153888730168534,0.46314347059857996,0.2766688340951126,0.25961794175114056,0.07104775678768929,0.08412408124513485,0.01057972724012774,0.00182971682783158,0.4,0.3,0.1,76,8.317318469628919,8.795054886251842
4,34,0.3082301866694989,0.4908749972297837,0.3174367167432669,0.28172868325316736,0.032753465718018855,0.06779127117254724,0.01046533619217269,0.0011947952776497199,0.4,0.3,0.1,79,7.484048628081903,9.188446912334332
4,35,0.2953502980585794,0.43337380634124095,0.2584452613302013,0.266032569759571,0.17788056957712572,0.08518949390584647,0.011613304183057411,0.0023014186805312897,0.4,0.3,0.1,81,8.04498137134858,6.236288139842858
4,36,0.2916991385107214,0.4284447458102107,0.25495751556803325,0.2675741251128774,0.0725427023270111,0.08243536404661271,0.01155962006984994,0.00233049081609383,0.4,0.3,0.1,82,8.043740642168952,5.869488814859983
4,37,0.2896203930540632,0.44257319053536837,0.27697019997222405,0.2781479050626999,0.05601390428480111,0.0833042499782694,0.01192827665833822,0.0033697117450412995,0.4,0.3,0.1,84,8.03525955228135,5.791147304393268
4,38,0.28751088297453203,0.4751394667975161,0.32277842518947314,0.3104568035658515,0.03904808393963383,0.08019326142539505,0.01184446486405691,0.0035506037832012697,0.4,0.3,0.1,88,8.146404245590283,6.066945491657012
4,39,0.28821176785349406,0.4582690900090562,0.29955192982935025,0.2960126469028726,0.036831233199590065,0.07997726256039839,0.01308916046316862,0.00807350091478737,0.4,0.3,0.1,93,7.999863804374338,7.62868503589552
4,40,0.27909196192610813,0.44265544217530295,0.2909353675179009,0.31153668109538074,0.21367445925316675,0.08780497647386412,0.012797901026416009,0.00665863354176984,0.4,0.3,0.1,94,7.503113644022877,7.210844528508576
4,41,0.273710882617422,0.48525130731806215,0.3575269621364223,0.3501012198245602,0.07273914586755313,0.06526369286638745,0.0396844840446937,0.04421489948324109,0.4,0.3,0.1,98,7.718979626981678,5.899938199976059
4,42,0.25830394123326256,0.3753107433017594,0.22244836109191646,0.31475545315922243,0.20599040189056084,0.08626957826022269,0.01108431016682487,0.00285863965971466,0.4,0.3,0.1,99,7.543933088216868,7.353463836267986
4,43,0.2530559731535155,0.3866619491939886,0.24110638770314907,0.31903868747159764,0.057474812897053223,0.07669179531703574,0.011191294976737,0.00341620569145537,0.4,0.3,0.1,100,8.03594757087367,7.20540160961442
4,44,0.2517427607860237,0.3842630141160946,0.2397599078299417,0.32218838908378444,0.060949415988256164,0.07761281179351874,0.01123716075093077,0.0034554934983174503,0.4,0.3,0.1,101,8.029899852424444,6.767267848668257
4,45,0.25016992966668206,0.39922324021960315,0.26207751635211285,0.33305818398528236,0.04692680454823201,0.07761281179351875,0.01123716075093077,0.00345549349831746,0.4,0.3,0.1,103,7.819098328962165,6.625283256282384
4,46,0.2507817925405488,0.38216278195024667,0.23874814670691163,0.34323139813120357,0.03619450461142012,0.07954006174177349,0.01147110716428914,0.00284652219522654,0.4,0.3,0.1,107,7.588239712449249,6.506389546668332
4,47,0.2545498368829892,0.4736770112951696,0.36218939219063956,0.38397693141336786,0.03983803607953515,0.0687048624056498,0.02639130398984297,0.03995170077137009,0.4,0.3,0.1,110,6.3223428737186085,5.416415323448893
4,48,0.25035232454775014,0.4853397829488058,0.3818540112205809,0.39645159646699674,0.0580688969139309,0.06466096457755728,0.02646017172707677,0.04000090395077003,0.4,0.3,0.1,112,6.55923128263513,5.697422439313641
4,49,0.24513156203703795,0.45805159745449153,0.35242508868912636,0.39216444585161336,0.14461001212105176,0.06969927855867342,0.028810467707731567,0.027560239023290068,0.4,0.3,0.1,113,6.634048513972489,6.09692575929896
4,50,0.24472150401617854,0.4749187948684916,0.37592900855808015,0.4096490095145286,0.0425290724524739,0.06969927855867339,0.02881046770773158,0.027560239023290068,0.4,0.3,0.1,115,6.087985982749263,5.703102889179153
4,51,0.23921345032780786,0.4646634389002212,0.3700251531635588,0.45670542461064184,0.04775642201957851,0.072698839593618,0.026737265603728237,0.03437781257979923,0.4,0.3,0.1,130,7.450098911881336,4.534428666792142
4,52,0.22176658361383014,0.4363167678981056,0.3513136194934263,0.46753453912837867,0.0976390688359015,0.0639161192464806,0.03033072505182934,0.030228251691307467,0.4,0.3,0.1,134,8.258752078259954,5.624098615304603
4,53,0.2175540145758506,0.42895816898940764,0.34665283772342104,0.4851918706799847,0.07103569159535719,0.06384256284300481,0.03041950058997544,0.02806167993558345,0.4,0.3,0.1,136,8.223793652620772,4.265023973783351
4,54,0.20894751318307023,0.46625335591459255,0.4087719958071479,0.5002686911399824,0.054889106530480195,0.06883227899777658,0.026809955704864052,0.015893526892506272,0.4,0.3,0.1,144,8.528916502585506,4.88043275138618
4,55,0.2101340242147823,0.46506266572226046,0.40954583988902715,0.5071241371783245,0.090062389945173,0.07857610499070346,0.026994015975675228,0.01644333351769198,0.4,0.3,0.1,145,8.413025497870972,4.011731168076512
4,56,0.20784325200946607,0.46116243485092934,0.40696608950868757,0.5096605325312833,0.07363190116693515,0.07732293454190077,0.027330350853406,0.01638753301897184,0.4,0.3,0.1,146,8.327615703387211,4.114219952852667
4,57,0.20960398201974867,0.44425582532595725,0.3845880480771177,0.5219777824378894,0.06627678213475148,0.08206973190471135,0.026602421377526893,0.03002523055845685,0.4,0.3,0.1,147,9.466983844940229,4.838203342606742
4,58,0.18943800435229236,0.4303528536242523,0.38608773726657436,0.506807529713569,0.26089310453847675,0.0661654066072384,0.027303379555341217,0.01580413198713013,0.4,0.3,0.1,148,8.710601037839957,5.109047386192381
4,59,0.17546067284932992,0.3817509627185788,0.34415631668979985,0.4689988320929973,0.06676930502667938,0.07076196536008207,0.030563440064945702,0.02242802458824321,0.4,0.3,0.1,160,8.432473234625265,4.208959011921846
4,60,0.1749375003169239,0.43358884546362025,0.41535710102940493,0.565016529038315,0.04246699465188176,0.06909591018807325,0.03134208350263766,0.02463138259607767,0.4,0.3,0.1,162,8.58628586144513,4.226192002405034
4,61,0.17418733954760451,0.4316066965792318,0.41429144185606565,0.5684989169627627,0.06275445134051261,0.07149696768614192,0.03051563826998243,0.02193946665272556,0.4,0.3,0.1,163,8.282366896608995,4.232764977792595
4,62,0.17328525553553323,0.3774363903680268,0.3414326934935269,0.475081583249205,0.04323164885774041,0.070754749453295,0.03059714668248717,0.02130971217555806,0.4,0.3,0.1,166,8.439721914472393,4.212895943251746
4,63,0.1658201679174182,0.39547774457566237,0.37926393171059614,0.5943868955844918,0.099561094574197,0.07474516726573593,0.030339475996303163,0.02162994094676777,0.4,0.3,0.1,169,7.904250434742698,4.107685628734889
4,64,0.16551220547086584,0.39428603915835503,0.3787107142021744,0.6077658134924765,0.049602638524532665,0.0765466624811755,0.0294425114528084,0.02209447101067851,0.4,0.3,0.1,171,7.899224070167382,4.5319621620660095
4,65,0.16467785550734312,0.40983532213317647,0.40148288158456596,0.6143658694831653,0.05244235475193374,0.07711885382411211,0.02937488834279788,0.02233546257635381,0.4,0.3,0.1,173,7.878320646405849,4.723153593206553
4,66,0.15766102673040439,0.3957829449543821,0.3924512107981524,0.6193541700253907,0.10359401264151191,0.07528434309407847,0.029340313952150688,0.02211177563755998,0.4,0.3,0.1,175,7.838869877690622,4.755892084716584
4,67,0.15469973921980018,0.3897745452179265,0.38859136937276617,0.6219623126168832,0.09428335166077177,0.07407678242251943,0.030179855473283262,0.02120020597844649,0.4,0.3,0.1,176,7.867915190167748,4.429341816205096
5,0,0.8955004936635367,0.8412964189559969,0.380836420779757,0.012201754992977296,0.0,0.0,0.0,0.0,0.4,0.3,0.1,1,10.385365434075805,25.28487405062385
5,1,0.679723813756002,0.6958260832773439,0.30376362038351784,0.04089650172729105,0.8865515641450751,0.08869560533848408,8.151410916156e-05,0.00021776232520176,0.4,0.3,0.1,3,9.326044099338072,21.03760617172733
5,2,0.5632323403285734,0.5931292393229748,0.24138345418102786,0.04359645612722734,0.5411504756165808,0.09868960815350336,7.334513905325999e-05,0.00016480148899956999,0.4,0.3,0.1,5,9.84769308611056,8.861623661522492
5,3,0.5580843618412051,0.6057811662310635,0.26260255009946204,0.05149302482360801,0.06767959931764805,0.10086248940786405,0.00012302860230299,0.00025005705177708,0.4,0.3,0.1,7,10.564209093999418,5.875313569196961
5,4,0.5530822806713238,0.5834521395801188,0.23488051144136327,0.056309741351327616,0.05109962254571114,0.09527904288775871,0.00023923674106460002,0.00053140657420147,0.4,0.3,0.1,9,10.36602139460644,7.657503803409435
5,5,0.5425756682693961,0.5731391156460258,0.23024902875488873,0.05535519865217708,0.18305454443236896,0.10709986879540896,0.00017796622599008,0.00064882591786342,0.4,0.3,0.1,10,11.053135197783998,8.521935190068687
5,6,0.5358575186883641,0.5839332562204984,0.2547602891185818,0.07223334919188583,0.2383328378432635,0.13767276083590985,0.0006470441305970801,0.00358333910528121,0.4,0.3,0.1,11,13.200650642699587,6.450767609346482
5,7,0.5164087549975359,0.5468491893356738,0.21358529893455638,0.060115382214041224,0.07079223231936857,0.10498841911156528,0.00030840472691734996,0.00053489970129045,0.4,0.3,0.1,13,12.097474341866995,8.2831224155351
5,8,0.509186337224783,0.5569595143480389,0.232415222114631,0.07612770046570817,0.09878088172449101,0.10203223314667229,0.00016484030167863002,0.00033809428265653,0.4,0.3,0.1,14,11.172842683027977,10.032327670220592
5,9,0.5022418026736238,0.5496980600825871,0.2283769850828113,0.0815980561714917,0.08234764681508476,0.10512489371904603,0.00023001647062360003,0.00044993493545392,0.4,0.3,0.1,16,12.62274340481045,4.811375556798056
5,10,0.49017533798811325,0.5370338745562018,0.22009464601072773,0.08222388216239136,0.15027910122750573,0.10251032992518401,0.00018825741262573,0.00034790039090138,0.4,0.3,0.1,17,12.2115613953274,8.2443305639936
5,11,0.4864274829118045,0.5331598555368685,0.21680740828492473,0.08214505027676854,0.05306483192259714,0.09677735656386,0.0001086476571961,0.00030322112467251,0.4,0.3,0.1,18,10.82250740970083,9.440053912936268
5,12,0.47831034465719274,0.5419560371812259,0.23555334405337008,0.08660394593684508,0.12847471021613902,0.09847944282145646,0.00016244942980405,0.00028986828119304003,0.4,0.3,0.1,19,12.582454612075288,7.941630939358879
5,13,0.4743991276156926,0.5201250791146202,0.20914321818789436,0.0803788673979967,0.06235865304761427,0.09930420551270536,0.0006600485524088,0.00031238913420568004,0.4,0.3,0.1,21,12.39155875749654,8.700382360358608
5,14,0.4726170642039403,0.535900637079344,0.23130588057997553,0.08545617661440312,0.038499148215468224,0.09484191355631438,0.00076228979855254,0.00032821219635861,0.4,0.3,0.1,22,12.444828126334142,8.469249684089425
5,15,0.4567426522005532,0.5182283735691079,0.2208947232526923,0.10491161887893077,0.08492827212692124,0.0894333375583034,0.00916624591950535,0.01217473134992906,0.4,0.3,0.1,26,12.19907683965489,8.807900811936483
5,16,0.46005966781322283,0.5390022222084415,0.24834037859446204,0.12096621832349624,0.05092217506267189,0.09924399465090616,0.00939850847475655,0.012228920546486161,0.4,0.3,0.1,27,13.68774685958076,5.038344403386622
5,17,0.4543031316949447,0.5330358704823707,0.2431173460281881,0.11716724642123624,0.049008266084562845,0.08943333755830343,0.00916624591950536,0.012174731349929049,0.4,0.3,0.1,29,12.188459005273009,10.209771480669088
5,18,0.45316080642068973,0.531221402250721,0.2435345006078498,0.12842533615462984,0.09935377908077563,0.0905836184465908,0.0211294549412179,0.01259190585075288,0.4,0.3,0.1,30,16.626770116475377,12.52753615261576
5,19,0.48765490394571376,0.5832017889008487,0.30211548463299737,0.1622992132698136,0.07964521649886872,0.17765339786782727,0.00304038397353855,0.06875800585595397,0.4,0.3,0.1,37,43.716170155600906,5.215488263404805
5,20,0.4764979300107953,0.5892343412794584,0.3156918580159917,0.20336947916873,0.09949727940304426,0.16837051374005846,0.00177696905576772,0.02533057585139135,0.4,0.3,0.1,38,23.42908666906484,9.113698624218138
5,21,0.45889397615442434,0.5702856787503735,0.30070494920961816,0.20260274583617582,0.16053873313619196,0.14632709115619044,0.00204104972423322,0.02806193042677904,0.4,0.3,0.1,39,26.042628314448443,7.985334724154336
5,22,0.42216478167032684,0.5431441041096567,0.2983030540954657,0.1465380708458208,0.52284020946636,0.153902165340899,0.0036691041542472997,0.03183423316520933,0.4,0.3,0.1,40,25.569385489619684,6.96343472733392
5,23,0.42207539766318886,0.5430334424332154,0.2982342317603241,0.14653181720873168,0.06610500108229782,0.153902165340899,0.0036691041542472997,0.03183423316520936,0.4,0.3,0.1,44,25.47943432088341,6.876724065324978
5,24,0.41370196079105787,0.5507197725353132,0.3151724141435756,0.17602044663265415,0.13518015122199264,0.14922984137943876,0.0033492661038525898,0.02887676998147763,0.4,0.3,0.1,45,24.758159302762643,6.623896027510312
5,25,0.41309529411934565,0.5499593419354573,0.31469934252082715,0.17597747334417885,0.06596744147811344,0.14922984137943876,0.0033492661038525898,0.02887676998147763,0.4,0.3,0.1,48,24.598630681186748,6.505860295632854
5,26,0.4096188602975592,0.5769165619655166,0.36266594172191235,0.20183453072729937,0.1458071105894506,0.15418322264273784,0.0424804086517487,0.02860877342426333,0.4,0.3,0.1,51,23.87690531597575,6.609857277080644
5,27,0.4023422347405599,0.5520222583306146,0.3314918186046593,0.20094369385352542,0.07254971583522517,0.15320559726500738,0.02019622554642535,0.02854317724260297,0.4,0.3,0.1,52,23.33027837621252,6.355709057255198
5,28,0.40221236688163303,0.5694138259644589,0.35532209835652734,0.20931868110822197,0.07098609067581722,0.15320559726500738,0.02019622554642535,0.02854317724260297,0.4,0.3,0.1,54,23.561376275184013,6.586840745613858
5,29,0.39466621466670443,0.5601251354488581,0.3488751842489006,0.2210851440614167,0.09198972373013672,0.15263532073700126,0.01507717555707413,0.028498917335649947,0.4,0.3,0.1,57,23.112839726682857,7.014678439509336
5,30,0.3761302697571733,0.576227109813741,0.3784973278546521,0.19552251229606787,0.06103041089143926,0.11856201014207579,0.00352555779235722,0.02964729220725944,0.4,0.3,0.1,59,23.96462471837152,6.594290309434276
5,31,0.36217292488017006,0.522766881446219,0.31898994445864115,0.20283378230336174,0.2176576947459607,0.1173152511318507,0.00343615173204983,0.028866516140698573,0.4,0.3,0.1,60,24.630207939412703,6.2978624970830746
5,32,0.36151325816129026,0.5743921693556864,0.3903172984798225,0.24159193338952037,0.0584894892888695,0.11812899426946684,0.00355158359768811,0.02999591544070061,0.4,0.3,0.1,62,25.26777396748971,6.448475826437991
5,33,0.5884979460285895,0.7488480540273318,0.5747730855533137,0.4777633790393535,0.6041539394301245,0.1105676525144779,0.9133729232296129,0.02854310174136715,0.4,0.3,0.1,64,23.9578084294153,6.564932587389067
5,34,0.377186161648171,0.5472017997617604,0.38852434779610784,0.28970386876661075,0.23802408660828617,0.1306608990414336,0.2354806923354212,0.0285418050163061,0.4,0.3,0.1,66,23.80759031911457,6.567002500269149
5,35,0.37694664570020947,0.5469061450482297,0.388290644159738,0.28956313164861297,0.12614458234480325,0.1305422502132063,0.23520002840293563,0.028541674191899756,0.4,0.3,0.1,69,23.788622164387093,6.562845413886777
5,36,0.49205644695632755,0.6423875235817579,0.47966316824779354,0.4051725859149007,0.272863495529573,0.14268160813750957,0.29198759768233423,1.0,0.4,0.3,0.1,71,199.4623759443448,7.092125168964839
5,37,0.4725576952309606,0.621270852782881,0.4602959125887749,0.3853344423087598,0.2390705934294606,0.1439577870730317,0.23532813023917626,1.0,0.4,0.3,0.1,75,126.31167081145908,6.940965611076016
5,38,0.47803707579079935,0.6028494533145506,0.4421532297077536,0.41425165624509264,0.2725185191657703,0.14341649792034078,0.29186796376478996,1.0,0.4,0.3,0.1,81,197.7354279629687,21.669698059441064
5,39,0.47936535750003384,0.6208350435460672,0.46743793333958106,0.42281279568205965,0.2708042647371166,0.140703417129592,0.30505728199902454,1.0,0.4,0.3,0.1,82,232.7541266089729,31.96186240393315
5,40,0.4678145814493725,0.6063807642193438,0.45591987914001864,0.4218058441019259,0.2776455993624224,0.13383625010185823,0.2919313357747651,1.0,0.4,0.3,0.1,84,198.1457939585289,4274.2903535428
5,41,0.47364876744858675,0.6586721848957747,0.5334564591599334,0.4985482030396897,0.2759606171264767,0.14034488062731812,0.33594348369468846,1.0,0.4,0.3,0.1,92,200.8287716663655,7.418167406403156
5,42,0.47283428697004737,0.6573313833729842,0.5326223433821946,0.49847243281892994,0.2632185028700038,0.14034488062731812,0.3359434836946884,1.0,0.4,0.3,0.1,94,200.28398379251132,7.197613373743189
5,43,0.46924090029311283,0.6867896775629849,0.5768104738458308,0.5427223329747574,0.28113602121981074,0.13930265134816705,0.33592567583090843,1.0,0.4,0.3,0.1,96,200.3612324276397,7.520630793548531
5,44,0.457653837838376,0.6750525778493341,0.5652162977275678,0.5446393498579944,0.24585235424044566,0.1441260856276419,0.29167737840995606,0.9998635547913833,0.4,0.3,0.1,101,196.2737166281348,11.250614727354566
5,45,0.45655139053242344,0.7084977435031764,0.6119549211024897,0.6009301638714613,0.24760882952534205,0.14349413999868862,0.29168634477088423,1.0,0.4,0.3,0.1,106,196.33333761953543,11.030704718554173
5,46,0.4777818449136253,0.6824865680801416,0.5843381581304946,0.6032886871853086,0.35283167738776666,0.14222502045843716,0.4220415005441828,1.0,0.4,0.3,0.1,110,199.0756001015971,6.836778572178241
5,47,0.44038231760208574,0.6490515627039642,0.5690643380209486,0.5597508481880314,0.5570094724093648,0.13768684029181105,0.36308865384873223,0.9969519133394709,0.4,0.3,0.1,111,194.3704958941469,105.18103490747993
5,48,0.40390480558064457,0.6215780172772375,0.5753559406075567,0.6062907338205104,0.3613066418717932,0.13412310937891897,0.34433438743852335,0.9976404866153723,0.4,0.3,0.1,116,195.6080720694488,98.10395413936068
5,49,0.408932420832652,0.6421266556961545,0.6038852192135663,0.6333738683073405,0.2775878178309431,0.14130153855183075,0.35832387155783374,0.999337193266436,0.4,0.3,0.1,119,196.32907516757848,195.73899424262305
5,50,0.2238441783286762,0.5715801413876761,0.5843105814163774,0.6390239045061538,0.09112991348910064,0.15043874272068405,0.06292787696632882,0.0822684196678268,0.4,0.3,0.1,159,30.59058789498108,9.198676043516253
5,51,0.2083025805228874,0.5582616438770089,0.5886679987829929,0.6584176001641064,0.1581059455256934,0.1512378711069736,0.05577139839401797,0.09080442380327189,0.4,0.3,0.1,163,31.34478401718934,14.457826752459647
6,0,0.9278696353828026,0.8615536685015606,0.39343850041593803,0.013325468672566227,0.0,0.0,0.0,0.0,0.4,0.3,0.1,1,8.984310757700282,25.805085276702027
6,1,0.703718430229203,0.7145527017622739,0.3140808365342053,0.038604350397299106,0.8736372683593283,0.07989684113849183,8.634958137045e-05,0.00013270845059919,0.4,0.3,0.1,3,8.210642291380408,20.76405108417869
6,2,0.6067144537850572,0.6330982487668448,0.2646083421761474,0.043285086915362994,0.4331277744924891,0.08785321948432358,7.443960773013001e-05,0.00011103007865842999,0.4,0.3,0.1,5,7.912574060993526,9.192801061860912
6,3,0.6029484075121638,0.6473312661405345,0.28671259914034836,0.047560395561142346,0.0544292349538414,0.08941489696555607,9.195378662016e-05,0.00013794716970997998,0.4,0.3,0.1,7,8.293062177750935,8.945033632516406
6,4,0.5864127188602359,0.614754331072294,0.2538152835562932,0.04957084376285042,0.18744955075070097,0.09194884931546268,7.525760371481001e-05,9.953201393339999e-05,0.4,0.3,0.1,8,9.70558779756485,7.273935590327653
6,5,0.5789391988280281,0.607696163862082,0.24876322717420069,0.056669356395185826,0.08497475249176809,0.08736218213962207,0.00027568711859366,0.00034869124864337004,0.4,0.3,0.1,9,8.506874353761743,8.940839216069083
6,6,0.5720446241004634,0.6013181614301832,0.24523719614973816,0.0539622421545023,0.10718851838691595,0.0904695056716697,0.00010313443012294,0.00012668652418527,0.4,0.3,0.1,10,9.163404183640475,8.368526658538785
6,7,0.5436105959673418,0.5740114560848025,0.2276993584194869,0.06018531079333129,0.27786854974464426,0.08677742555249197,0.00014098200328564002,0.00021794342697644998,0.4,0.3,0.1,11,9.14151508012311,7.056047619241074
6,8,0.5425718883094766,0.5730066366730867,0.2272410370501217,0.06268669439954279,0.048815350625774405,0.08790516131808045,0.00011788364299187,0.00018914413110423,0.4,0.3,0.1,12,9.006388191575862,7.334431377333959
6,9,0.9289382825204219,0.9948577277415988,0.6670959123468202,0.47543476559490383,0.5684011296399186,0.08962533806305409,1.0,1.0,0.4,0.3,0.1,13,11.231189298944503,9.157486543976644
6,10,0.5151320603160835,0.5632079891304985,0.23402530314155864,0.06844671674659021,0.15634724403257566,0.08201031816894505,0.00514087097363147,0.00524173023415086,0.4,0.3,0.1,14,9.362543307286632,7.293445253926897
6,11,0.4871047214027261,0.5169220558404952,0.18973787396377131,0.06298503599430694,0.2366718600977014,0.06627550318658383,0.00522909815614388,0.00223593359920926,0.4,0.3,0.1,15,9.015776655622552,7.573127041060537
6,12,0.7915402214416148,0.8737462033980542,0.5678642950375796,0.39222423428304143,0.36530285986961303,0.07090403601772075,1.0,0.09846917934272684,0.4,0.3,0.1,17,8.100304656121686,8.3708158697141
6,13,0.7996969273625277,0.8817679292683315,0.5767941499726253,0.4094043549896508,0.3712279765451454,0.07311653629971973,1.0,0.19386582951619216,0.4,0.3,0.1,18,8.11768279408552,8.185231253327798
6,14,0.8361600386364876,0.917282450212664,0.618255640528312,0.4560297821369896,0.5491481527720531,0.06754934860256091,1.0,0.7286498038099581,0.4,0.3,0.1,19,10.608980098160718,9.170448850076806
6,15,0.8236431225655603,0.920986534995049,0.6335707949334055,0.4621839426588382,0.46439752135493256,0.06754934860256091,1.0,0.7286498038099581,0.4,0.3,0.1,21,10.666038093681667,8.095230491895899
6,16,0.7822629018319199,0.8786870334757836,0.5946749072467227,0.4394329206358248,0.4089556683867063,0.06808322916723088,1.0,0.3935866172520606,0.4,0.3,0.1,23,9.022177829723848,8.438165236901247
6,17,0.7816053873702271,0.8954643077444453,0.6182630164293526,0.4535390454855481,0.3723873218537127,0.06840000830770428,1.0,0.3960262600794634,0.4,0.3,0.1,25,9.040510695673923,8.084832958106578
6,18,0.7801424445880776,0.893783736809529,0.6173143361315003,0.45368580752330745,0.3763069847666144,0.06846087989722463,1.0,0.39834151801970813,0.4,0.3,0.1,27,9.079898345712746,7.934174122373389
6,19,0.7361290824450597,0.8319173187363609,0.5500471595872553,0.39354245628558815,0.34974661416829256,0.060740486513158484,1.0,0.01194172627170253,0.4,0.3,0.1,28,10.29990195944404,9.221542936958723
6,20,0.4325669326614,0.5437357549152513,0.27477261318534785,0.11411947205776211,0.1995802804280456,0.06737296200218787,0.0319554580293318,0.00498336605154579,0.4,0.3,0.1,29,8.159702899462834,7.920095030245023
6,21,0.8209381407403128,0.9124172664841638,0.642609384975957,0.5141857269590859,0.5067317287681181,0.09477477975947088,1.0,1.0,0.4,0.3,0.1,31,12.47608129292968,9.518242542400367
6,22,0.7002670923008408,0.8082295897512225,0.5473566883324701,0.3960754254049637,0.35477949720902907,0.05433282076610339,1.0,0.01203210681670897,0.4,0.3,0.1,33,10.984333961724856,8.356290989813578
6,23,0.39514856372262835,0.5174638626315237,0.2699466138422758,0.1294474607172912,0.09096983363368712,0.05612776950834962,0.03382022378723086,0.004857928811621949,0.4,0.3,0.1,36,9.750908711905762,9.986231326047266
6,24,0.7803669256853122,0.8638810803501903,0.6107352574777122,0.5210919115791912,0.6107152291693403,0.08366258829530555,1.0,1.0,0.4,0.3,0.1,37,12.38364136255156,10.231778038135996
6,25,0.7709366124698812,0.869543615787863,0.6271609306109895,0.5222230943098687,0.4695807800179784,0.08294792678659615,1.0,1.0,0.4,0.3,0.1,40,11.851896470220431,7.2973233855672675
6,27,0.7615387399355195,0.8558074550721756,0.6205685754721613,0.5319729471062733,0.5588454332388303,0.09586783127031376,1.0,1.0,0.4,0.3,0.1,42,12.340761964132932,7.114051589779606
6,28,0.7499603190653974,0.8228256975098353,0.5870684115814068,0.5262596855153883,0.5841900614115616,0.09605868550384647,1.0,1.0,0.4,0.3,0.1,43,11.491984973395072,7.386361291997158
6,29,0.7381144358554588,0.8256346613556199,0.6004362474740478,0.5381575562151808,0.5388366331500415,0.08686031730337494,1.0,1.0,0.4,0.3,0.1,44,12.737078441460833,8.258756156588719
6,30,0.7246964646488014,0.7895410192548071,0.5649640304665847,0.551195289922096,0.478325692958643,0.08681078929694447,1.0,1.0,0.4,0.3,0.1,48,14.91572727778286,13.071910749934686
6,31,0.7099791399650313,0.7688635877152915,0.5518387070007071,0.5578338370987539,0.5278458166177161,0.08507841187491395,1.0,1.0,0.4,0.3,0.1,50,15.363352065125502,12.958014093678289
6,32,0.7077652718768845,0.7654021564099657,0.5499025319342334,0.5609995723246218,0.4725587492682358,0.08651500814087192,1.0,1.0,0.4,0.3,0.1,51,15.057670140814912,13.094031561791972
6,33,0.7010310520347879,0.7550365194010217,0.5438711929354827,0.5614672049680808,0.4716614582732943,0.0892744813574426,1.0,1.0,0.4,0.3,0.1,54,15.328040398008543,10.201757699495854
6,34,0.6975411743333552,0.7494252389434691,0.5407251997522233,0.5676500847101694,0.49798653938944415,0.09155615005613757,1.0,1.0,0.4,0.3,0.1,55,15.134797928801154,13.444626593633028
6,35,0.6957981443481569,0.7817122101700821,0.5870217193179553,0.5793473373634147,0.46860415613163875,0.09280616892419265,1.0,1.0,0.4,0.3,0.1,56,13.774560393208713,11.557819083155024
6,36,0.693546121803743,0.7783200145246668,0.5849114408651744,0.5791556584588504,0.453002913393576,0.0928061690585194,1.0,1.0,0.4,0.3,0.1,58,13.828788455986592,11.192188793609516
6,37,0.6910242125725004,0.7575816334436326,0.5585359306857085,0.5864950624095855,0.44201356543327575,0.08974178574750373,1.0,1.0,0.4,0.3,0.1,61,13.779218008642422,8.070014955967657
6,38,0.6916727391227232,0.7746882980273876,0.5832491453960686,0.5891998430957534,0.45402561911719963,0.0967550796622192,1.0,1.0,0.4,0.3,0.1,63,15.403354027602113,10.736811937178024
6,39,0.6747935974664715,0.7673603882911936,0.5909335746628731,0.6064984928612062,0.5441409495877199,0.09167719406200239,1.0,1.0,0.4,0.3,0.1,65,13.633003529305885,8.25085366027487
6,40,0.6557262846082219,0.7353827972921162,0.5719227526144425,0.6098960289912522,0.5035405337643237,0.09751544188755878,1.0,1.0,0.4,0.3,0.1,70,13.921203720374924,8.627145644729149
6,43,0.34635046904360023,0.5190603855632575,0.4053760807408442,0.4066274361058544,0.15197475585762882,0.06475160823143113,0.07307859666476377,1.0,0.4,0.3,0.1,95,11.398718615522464,15.48213442583963
6,44,0.33587245927655907,0.4663270973501509,0.346257706505368,0.3935921489135361,0.1803783880061489,0.06643817673874217,0.06826051031424377,1.0,0.4,0.3,0.1,99,12.156138455241337,16.917584828357644
6,45,0.22704542871222122,0.3755043140317372,0.2613890337188878,0.27039621850483275,0.07567883432375348,0.060093279040790606,0.03452775628406185,0.03161312975754945,0.4,0.3,0.1,100,14.481405109512728,28.91224747111016
6,46,0.2155283720321769,0.42518986039769546,0.34436420934955203,0.327232088546253,0.13513218430733961,0.060285564104478793,0.03447120549645308,0.03160373614564537,0.4,0.3,0.1,102,14.70464726505224,28.52617921622129
6,47,0.21540593925541973,0.4249687725440823,0.34422648277024603,0.3272192878620111,0.038434125796734116,0.06028450313486067,0.03447160246879484,0.03160378518083165,0.4,0.3,0.1,106,14.585618821852256,29.01224852932268
6,48,0.31556771871735156,0.4879359776578067,0.39619151937852704,0.44539665735765355,0.14368148973264622,0.06421888491564293,0.04880000681076997,1.0,0.4,0.3,0.1,109,12.877329555413926,20.18510346379548
6,49,0.20064096324079256,0.364176404850167,0.2797216941572419,0.3467877304481076,0.09158312227684517,0.05983305469803803,0.03020294676077878,0.028641099143541238,0.4,0.3,0.1,113,13.308942995296356,17.04957694976042
6,50,0.300139147351558,0.49176361791644696,0.4257018581070623,0.48029625059130865,0.20343007152077744,0.06821638677881296,0.05323942156439208,1.0,0.4,0.3,0.1,115,13.348229505168728,16.742127330971822
6,51,0.2849266896403352,0.46331429541252234,0.4075359838142746,0.4775514776869536,0.268498956434708,0.06564213555250267,0.05254842322840288,1.0,0.4,0.3,0.1,117,13.135308358638396,17.449400158450967
6,52,0.2820174056004007,0.5467932134056839,0.5239589375084788,0.5396563361360341,0.14363821976609792,0.06428439677802372,0.04938507168395982,1.0,0.4,0.3,0.1,123,12.400108464472396,19.88496636867439
6,53,0.28433678349372715,0.4724957752161826,0.42899149922312707,0.5196214927241452,0.3110087407643863,0.07482360036405933,0.06441282043788925,1.0,0.4,0.3,0.1,124,13.461094433471631,11.444975098813297
6,54,0.2740139385074807,0.45665364666981234,0.41722240881157524,0.5453640373850998,0.15334461978158917,0.07316258389767481,0.04974571343301305,1.0,0.4,0.3,0.1,132,11.9259311180566,21.460011755710525
6,55,0.27754939964879055,0.4578282588800191,0.42009180489830844,0.5674897933905372,0.1599202324186323,0.07923982884264964,0.060508584941140975,1.0,0.4,0.3,0.1,134,13.066245543879877,20.19785786734077
6,56,0.2706136240621003,0.4496432343174801,0.4128167334366055,0.5737260191340363,0.19652924683198192,0.0737444097945673,0.048577376266725966,1.0,0.4,0.3,0.1,135,11.512109229635811,17.500547126191478
6,57,0.280288131126066,0.4442277011344111,0.3992378633189878,0.5285037469810836,0.15321680394052012,0.06026763294824079,0.09125434228798908,1.0,0.4,0.3,0.1,152,14.093290545064992,25.18464807300529
6,58,0.17808807184272127,0.358647229055481,0.3207074616498983,0.4951123432399489,0.08155174925668668,0.05805083443293907,0.06914324570153416,0.06165866302098231,0.4,0.3,0.1,154,15.00008131438926,22.90355975669678
6,59,0.26425981139489874,0.4808057531620227,0.47392979159831905,0.6590718981510019,0.2079460296778987,0.056484817295676205,0.09535653591351109,1.0,0.4,0.3,0.1,158,14.290107161513822,22.302999802905585
6,60,0.24404494671512098,0.3839373533917233,0.3743219309499257,0.5705771402133178,0.3238556144347357,0.054894737285318164,0.09471397043948923,1.0,0.4,0.3,0.1,160,14.863199198521974,23.83737960021076
6,61,0.2264310527722478,0.4849527462818626,0.540621933034268,0.7297223980636525,0.16375029353449233,0.07332772773427787,0.06459119025973438,1.0,0.4,0.3,0.1,184,14.15031315248384,12.51706858185077
6,62,0.22563063600141278,0.5178215792074998,0.5871700751481668,0.7829929681546995,0.15071757693845816,0.07387381486044706,0.06455673245974568,1.0,0.4,0.3,0.1,192,14.231787338589196,12.604133821089524
6,63,0.2229963801483572,0.5111053557428102,0.583056769783329,0.7930008978651307,0.16525443830529507,0.07437861473530775,0.06445564952477516,1.0,0.4,0.3,0.1,195,14.194600566814284,12.68595297986582
6,64,0.5037835031343951,0.7927382951466609,0.8641516861914685,1.0756980737669097,0.43339022891555834,0.0732430384719949,1.0,1.0,0.4,0.3,0.1,199,14.092526340778855,12.411595095377375
7,0,0.7437625141530163,0.7376744864012074,0.3163729973929441,0.006453586576903944,0.0,0.0,0.0,0.0,0.4,0.3,0.1,1,16.606243580967792,26.64263285843274
7,1,0.5740951511281255,0.6031276720843849,0.24565788185404985,0.0346598442907983,0.8285819249254395,0.08584595390082342,6.031679009419e-05,9.2986869449e-05,0.4,0.3,0.1,3,14.120849001029068,11.722280200636645
7,2,0.49909107634134264,0.5465220493193563,0.22527244127583104,0.03971817887863569,0.41051943091700493,0.09764671020291223,0.00026017678848601003,0.00040109934608303997,0.4,0.3,0.1,5,12.978882361657035,5.391890478626579
7,3,0.4863086755421234,0.5152646889725324,0.19382042144502434,0.04933999649366441,0.09311180264425753,0.10440472635380689,0.00015508876908568002,0.00025524038168284,0.4,0.3,0.1,8,13.41837661271514,6.001152121634087
7,4,0.48451802995049353,0.5133718896498947,0.19248658951991912,0.05209081007490965,0.055316340142208646,0.1033784752854876,0.00015064718460673,0.00023887196004189,0.4,0.3,0.1,9,13.366376004359116,5.912167582675495
7,5,0.45981992817206285,0.4865994702936136,0.17492827285626908,0.05024361184653867,0.26831493533416506,0.09700016767910095,0.00042795318623863,0.0010214443967883498,0.4,0.3,0.1,10,13.623022499214011,7.549106641675973
7,6,0.436955357467483,0.46030194562835386,0.1595269077761488,0.0667147936845617,0.3127074387901908,0.09675093555840955,0.00429024500984512,0.0157928851835425,0.4,0.3,0.1,11,13.495132884799528,5.674668497987781
7,7,0.43585454422564146,0.47658421703830633,0.1826671070659679,0.07287323200488345,0.04757013806230903,0.09675093555840955,0.004290245009845111,0.0157928851835425,0.4,0.3,0.1,13,13.379554570231845,5.672219022432617
7,8,0.42292000491871745,0.4619570853893693,0.17264748740011376,0.0765038978633917,0.15476639584896837,0.09060042542999136,0.00429912637869369,0.016025768647617362,0.4,0.3,0.1,14,12.420750184950482,5.922897751518898
7,9,0.4034026002446242,0.43827499537583464,0.15814473839857554,0.08023844970080032,0.1534660218386696,0.0920875192834718,0.004312209988720559,0.01611828232725921,0.4,0.3,0.1,16,12.477018123841878,5.429461209669992
7,10,0.4030162123023357,0.420241965142958,0.13391539834468635,0.07346791423039295,0.04418468077383034,0.09208751928347177,0.004312209988720559,0.01611828232725921,0.4,0.3,0.1,17,12.432192140362792,5.370234522050473
7,11,0.40301148228669387,0.4553565495480746,0.181782042507542,0.09657657007822049,0.03979365921296564,0.0920875192834718,0.004312209988720559,0.0161182823272592,0.4,0.3,0.1,18,12.41059581500243,5.341041190703349
7,12,0.40599866351224734,0.4404958262099272,0.16113913018977252,0.09336524843531833,0.05876693925794039,0.10265854108228896,0.0043515079277266795,0.016398359527283298,0.4,0.3,0.1,19,12.726126298080375,5.715513029769015
7,13,0.40063067068537883,0.45236295691171907,0.18004266756818235,0.10640010477456825,0.045550026663423775,0.09293722060868208,0.00431884181982743,0.015951440264031218,0.4,0.3,0.1,22,12.538340470849048,5.713897815230482
7,14,0.39101497361806387,0.4583979852823833,0.19620466438507375,0.11182356539207199,0.08515629069733445,0.0888838968943584,0.004352111392896161,0.01610688363483976,0.4,0.3,0.1,24,12.708490647943211,5.3578520214851855
7,15,0.3986060451941329,0.4658748701618655,0.20389890360940113,0.12898951556081287,0.05192645979032974,0.10992309201954042,0.00444402811127427,0.01219332181358878,0.4,0.3,0.1,25,14.999983407604052,6.70372489700016
7,16,0.38999073185415284,0.45667770694535753,0.19579983139804624,0.12338465124660293,0.05389333863613863,0.09325389381146329,0.0043937959944986196,0.0161052374105598,0.4,0.3,0.1,27,12.644349336954452,5.326360515807971
7,17,0.38251783512650916,0.46279656697541016,0.21546705646614783,0.14317429743970628,0.22944813980887832,0.08534219652896383,0.029560455840015747,0.047665897673225634,0.4,0.3,0.1,28,12.091427708672445,4.240783626889345
7,18,0.3825178425971879,0.4803564036177127,0.23940193419649133,0.16215455902613024,0.04778236110970964,0.08534219370797817,0.029560457317118538,0.04766589405825884,0.4,0.3,0.1,30,12.091427762866466,4.240783857681003
7,19,0.3740201738145866,0.48680130733417876,0.25642218909921105,0.16948695406681027,0.0822354525297918,0.08534219314378122,0.029560457612510038,0.047665893769237064,0.4,0.3,0.1,33,12.3137914167496,4.457595932962217
7,20,0.37198300143490853,0.5013971799197863,0.27886799000287216,0.17881411659956026,0.08555638420704384,0.08562863400511658,0.03134827171530053,0.05054872319697541,0.4,0.3,0.1,34,12.251400410584102,4.273734863176826
7,21,0.3638226774303953,0.47403131842446644,0.2480075466847589,0.17898168408158685,0.11098684641910744,0.08127781218398736,0.03094220548360337,0.047329875425155585,0.4,0.3,0.1,35,11.872389825718065,7.286050725043808
7,22,0.35934416428107907,0.4326438290571275,0.19624103733860523,0.15812480553837022,0.05453606456382406,0.1049731759193292,0.010280728703051741,0.01459961352959514,0.4,0.3,0.1,43,15.239657885086672,6.923257670570037
7,23,0.34662018733303795,0.43098176537007554,0.21016220016292506,0.1731968774727099,0.16635431082266877,0.11361360436706999,0.01635246189701306,0.01326837240582251,0.4,0.3,0.1,45,17.464624148017528,8.240397241776117
7,24,0.33476523059435326,0.45037315617024215,0.24748486224402022,0.18186028416270777,0.0712868088633734,0.10919797525163577,0.01536962466575616,0.013707175730400409,0.4,0.3,0.1,51,17.456342167353966,10.603117896274394
7,25,0.32602584347794034,0.43661060659272877,0.23991371161887337,0.22161862591903897,0.103314809828732,0.1110006035858699,0.02282995543635431,0.010328403548227021,0.4,0.3,0.1,54,15.57140156410244,10.024588600870164
7,26,0.32486569227821793,0.435031839899872,0.23884131842133285,0.22752011021180144,0.06461535460320492,0.11112434492516945,0.0218360762368319,0.01042738571049802,0.4,0.3,0.1,55,15.609636787851718,9.938000971659925
7,27,0.3206689094053053,0.4476761800439976,0.2587290658833135,0.2516839479190955,0.05662759973586762,0.10492386872962936,0.02160729785883924,0.00973969466058061,0.4,0.3,0.1,58,15.754022480312075,3695914.613893116
7,28,0.3254780858591508,0.41640531660333013,0.21606212891491908,0.23728280667212212,0.09289244468566658,0.11558694841479736,0.03065279772945187,0.01426604836296097,0.4,0.3,0.1,59,16.08281373079007,9.831832932272098
7,29,0.3174426995471112,0.4575217087831549,0.28024080560762205,0.2575822462123977,0.15135071931807426,0.11477920173537955,0.02747502541069393,0.01558992496524288,0.4,0.3,0.1,60,15.980218846551946,9.182483603150349
7,30,0.3172338942985418,0.4747712650646648,0.3039827633627248,0.2729861081372468,0.05717228579999569,0.1147792017353795,0.02747502541069392,0.01558992496524286,0.4,0.3,0.1,62,15.863947193051471,9.243375662206349
7,31,0.3153206087189811,0.4365540339116079,0.2543857193377345,0.2575092803474053,0.09048118435513984,0.11539566410330049,0.02898347658286669,0.01388428934347731,0.4,0.3,0.1,63,16.394069835357197,9.600456051749983
7,32,0.30139039475127005,0.43334508177407577,0.2651305307212819,0.2711208172385772,0.14975511411206122,0.11236379342158782,0.03064670409167914,0.013881015368212651,0.4,0.3,0.1,65,16.982379938258752,9.100405103512449
7,33,0.5364867003626647,0.6680538451832423,0.5002661471144123,0.48988256996452717,0.2967279233937889,0.07427862704927442,0.8666459803770256,0.01660808725233496,0.4,0.3,0.1,67,15.057897161898168,6.06265719988756
7,34,0.2993309888356804,0.39516513977421547,0.21527702349064354,0.27508914986779115,0.07137880652477807,0.11030445076399598,0.03005248131472562,0.0217864012821697,0.4,0.3,0.1,68,17.18565374855815,8.5387399889745
7,35,0.2980923416034438,0.41035659031757,0.2380495443997854,0.27671449428094136,0.08615248717086658,0.11232764937030984,0.030142119488632817,0.02165854218002865,0.4,0.3,0.1,69,17.1092864361486,8.621810734454064
7,36,0.29739897751185584,0.4090696163569526,0.23739233083113684,0.2829328233469395,0.07219178546857521,0.1132614735800623,0.030172933592573108,0.02162462191669624,0.4,0.3,0.1,70,17.187244117390218,8.580997519728559
7,37,0.29070649367233464,0.45239435142394496,0.30263485587744143,0.3007718085232057,0.08930687631879791,0.10741043435822499,0.03423190287694508,0.01320626281164829,0.4,0.3,0.1,72,16.55799457980034,9.077938718029555
7,38,0.3073418959655233,0.45066405515253133,0.29538265976590183,0.3324428765161456,0.07979833893067913,0.1007696530110331,0.10353855909396552,0.012719279827981201,0.4,0.3,0.1,75,16.131821503009924,9.249621990412804
7,39,0.287747571893419,0.4474436169108524,0.29973991692238006,0.318733031265972,0.0698860464023156,0.11416953586203753,0.02464358396578064,0.01982853418076732,0.4,0.3,0.1,77,15.868610219733103,8.590844142185974
7,40,0.5628675579823004,0.6790883420615248,0.5269785918826349,0.6128511065946473,0.5515033817551155,0.10481402112766672,1.0,0.019620849669072928,0.4,0.3,0.1,78,15.425263204082333,9.133559025768069
7,41,0.5683590257074665,0.7174679637907672,0.5802669398566879,0.6312873115922102,0.40657833168150315,0.09298891481923253,1.0,0.15664681448490733,0.4,0.3,0.1,79,16.445131596039005,8.975433208863798
7,42,0.5429684384800929,0.6821644290526615,0.5542452277706398,0.6253750721310462,0.4576048604851686,0.10168272512594756,1.0,0.014454237846667339,0.4,0.3,0.1,81,16.223915251804833,8.76244368806961
7,43,0.5329897271528461,0.646585629894747,0.5196258341622997,0.6337785396178623,0.5284963540010602,0.10391267070929382,1.0,0.01942880865410469,0.4,0.3,0.1,82,17.694178684259903,8.061339246589556
7,44,0.519003441797748,0.6028510296681691,0.47984074665884524,0.6182467886024625,0.599217865203538,0.10677412569517757,1.0,0.01944912846900449,0.4,0.3,0.1,83,16.46422510486709,8.873883631894246
7,45,0.5074983198220328,0.6010133951258911,0.49088399644736375,0.6317753447201689,0.42340478942135135,0.10129890346313383,1.0,0.01953056654517274,0.4,0.3,0.1,85,16.062440395909565,7.931823259391209
7,46,0.5023129512787824,0.5911780566953231,0.48479565947579,0.6403372490919389,0.38915214868472464,0.1014391859795448,1.0,0.01976945015718025,0.4,0.3,0.1,87,16.95000282337165,7.630490731080178
7,47,0.5034479108159812,0.662666401265685,0.5817476764477458,0.6536198000711532,0.34402516679944223,0.10350825841915931,1.0,0.02302117258723342,0.4,0.3,0.1,88,16.592617659027628,8.075735622287484
7,48,0.5006653171991733,0.6229085096610422,0.5306632996146594,0.6434599152299345,0.37699735207360346,0.10241121418559718,1.0,0.01869770805749147,0.4,0.3,0.1,89,15.71176682624512,8.48837314065649
7,49,0.4963789386563496,0.6314423920226216,0.5493124199671126,0.6584721119127693,0.4367781078066771,0.10350825841915927,1.0,0.023021172587233442,0.4,0.3,0.1,90,15.699312657813412,8.297162335941477
7,50,0.4964404366535445,0.6314937779291468,0.5493715914827919,0.6575145691291112,0.34397888811499405,0.10298043023544964,1.0,0.02585802168608629,0.4,0.3,0.1,91,15.716521830321316,8.3411492884357
7,51,0.49630670605851546,0.6488631657647761,0.5731607246162799,0.6753133288122087,0.34426120814247224,0.1035082584191593,1.0,0.023021172587233428,0.4,0.3,0.1,93,15.780416847935584,8.267063847722826
7,52,0.4855794957222135,0.5432875875642578,0.44116899381264796,0.6585749327818099,0.36301259181904644,0.09454025349630872,1.0,0.025584314104435207,0.4,0.3,0.1,99,18.49288436929625,9.039496601138666
7,53,0.48059974727298943,0.5431027240172728,0.4569639030256763,0.6850103888696389,0.40779909240696427,0.1142121013168792,1.0,0.023612718706696338,0.4,0.3,0.1,103,17.38183870080902,13.467467099512977
7,54,0.47555513207393874,0.567394674511756,0.4982491156510906,0.7114954666986115,0.40125047254066337,0.11539433921362623,1.0,0.02289462662776506,0.4,0.3,0.1,105,17.563744294603186,12.86042116687911
7,55,0.4505655915115891,0.49496021662128303,0.44045094067156343,0.7030280226200077,0.6105971778603644,0.11514050868422758,1.0,0.03116766517279827,0.4,0.3,0.1,107,18.60048511718002,12.102047607424122
7,56,0.44798430556490426,0.4913282773218524,0.43755473277215223,0.7104076815639181,0.35698286551798686,0.1110904301120835,1.0,0.03051753903420417,0.4,0.3,0.1,109,18.05724191395459,9.206516042204084
7,57,0.44378211452218697,0.4792317607986699,0.430752716809923,0.7118838927207289,0.4149393822234614,0.11623003327756198,1.0,0.02909753832604737,0.4,0.3,0.1,111,17.7162643515624,11.920960306879795
7,58,0.4342549089632743,0.48236488093550006,0.44352665287532794,0.7199944695599816,0.425126146009763,0.10404824174718941,1.0,0.01998081492857376,0.4,0.3,0.1,112,18.32155683208825,7.028559241348692
7,59,0.40972989453102837,0.40813074244514924,0.38371986853537304,0.7122383660719809,0.8638548336139704,0.09895876900569812,1.0,0.024069211960608718,0.4,0.3,0.1,113,20.77311450991899,7.544623375457784
7,60,0.41066833649784695,0.4076224739019644,0.3840231595276379,0.7082302497969976,0.3602716113414563,0.10302266471683044,1.0,0.02420681140038815,0.4,0.3,0.1,114,20.529100074071685,7.638391866133909
7,61,0.4046463695541589,0.41239456631248816,0.3993832311837441,0.7238705090515006,0.4470194389499593,0.09895876900569815,1.0,0.024069211960608718,0.4,0.3,0.1,115,20.58573513031026,7.75478422902951
7,62,0.4023991916893832,0.4065171719474986,0.395726908077082,0.7297299878939734,0.3964960221923446,0.09895876900569814,1.0,0.02406921196060871,0.4,0.3,0.1,116,20.47908870062941,7.893997922515208
7,63,0.3994809661603112,0.3988789929903666,0.3909872679185013,0.7293377810087835,0.41427254861552615,0.09904236501782844,1.0,0.024055245357950568,0.4,0.3,0.1,117,20.39430995961049,7.8625577278293886
7,64,0.3828198863748273,0.3951653099859324,0.4133655277885032,0.7590536479498613,0.3799418226758079,0.09054865081853083,1.0,0.022750137529051858,0.4,0.3,0.1,125,18.480625822875066,7.278660836989743
7,65,0.37532398875999257,0.3568205564942284,0.3764665353719599,0.7620073958179577,0.5330203734517517,0.09032330704928829,1.0,0.02276112520072863,0.4,0.3,0.1,126,18.656745781408294,7.517454255972672
7,66,0.37523381002456413,0.37412504011501024,0.4002426842310024,0.796328207204995,0.33888646343610473,0.09032330327969844,1.0,0.022761124478812338,0.4,0.3,0.1,131,18.604799907642533,7.606814224364382
8,0,0.9614727321950739,0.8819821355077684,0.40614709080888617,0.014458765621361216,0.0,0.0,0.0,0.0,0.4,0.3,0.1,1,7.929008993338263,24.45948790809596
8,1,0.7538547065880951,0.7525391576040553,0.3364546756893939,0.03756829591161239,0.7721079444757376,0.07157953165868101,8.920717202655e-05,0.00011475456258784,0.4,0.3,0.1,3,6.0659241381799625,20.393550697207136
8,2,0.6628440990799,0.6819230946948849,0.29535554177213547,0.04692356398637556,0.40342117945556005,0.090324341112374,7.594025691915e-05,9.588245432058e-05,0.4,0.3,0.1,5,5.606133481469816,8.831284416139324
8,3,0.662431314817547,0.6991560879195766,0.31913191450305933,0.05277537514009361,0.038377193994545325,0.09061728044091825,7.963263718494e-05,0.00010054446754692,0.4,0.3,0.1,7,5.63392828979604,8.462613451154546
8,4,0.6355740852416808,0.6749209035713477,0.30042496011678005,0.046148898743436126,0.16424467157319061,0.05895689208898967,0.00606927332227475,0.012706422539026829,0.4,0.3,0.1,8,7.366194520542112,19.697216360671234
8,5,0.6354474722568927,0.6748108914381308,0.3003521530411784,0.048027806674960996,0.027591518380286926,0.05892405198378227,0.00603013721837683,0.01284379048676339,0.4,0.3,0.1,9,7.387516265760794,19.723799777801613
8,6,0.560641176344948,0.6077887837453697,0.26009655814086285,0.05136231438606857,0.6965414629774984,0.07209791000346097,0.00324232450440366,0.0065897558743708605,0.4,0.3,0.1,10,6.649221458272118,8.772839491934684
8,7,0.5604150767075049,0.6251345326221402,0.283898271161557,0.0591479586248916,0.03114281094805144,0.07209791000346095,0.00324232450440366,0.00658975587437087,0.4,0.3,0.1,13,6.639650345089632,8.85143638380986
8,8,0.5603484153291269,0.64263140301347,0.30779393213180994,0.07787118303994732,0.031065043394365204,0.07209791000346095,0.00324232450440366,0.00658975587437087,0.4,0.3,0.1,14,6.62792856828965,8.974066791137005
8,9,0.5601871318446437,0.6600749601191122,0.3318838759585276,0.08158967567779155,0.03243512096105722,0.07470729282045104,0.0024856694453445098,0.00444301480989295,0.4,0.3,0.1,19,6.990851766780521,8.416308999172799
8,10,0.5420720486657937,0.6428575700979614,0.3248340907078515,0.0957639674826472,0.16728006177846208,0.05368829399685945,0.0627551073216954,0.00459204028743615,0.4,0.3,0.1,21,5.993106580219241,16.42548633215982
8,11,0.5424319478060156,0.6257213101952241,0.3057603082671575,0.1167235838239151,0.16331025660821158,0.06884755916524958,0.08252955173796848,0.00629205639211395,0.4,0.3,0.1,22,5.866358409662515,10.25173106025244
8,12,0.4979995468290791,0.6163287486640131,0.3123463986949465,0.10055931817792052,0.037036965453896016,0.04144081855981724,0.00118941896978386,0.00025161348100818,0.4,0.3,0.1,26,5.8007217539085385,659.9544035315222
8,13,0.48658235198383515,0.5870725147237855,0.28122945140518607,0.10014679603809683,0.12955073489632588,0.042155405340808236,0.00109816343441454,0.00016409181858974,0.4,0.3,0.1,27,13.613024519008482,782.6502479110321
8,14,0.48562078729955527,0.6036697824695304,0.30427988336435075,0.10421925135837375,0.01844698165992136,0.03962629067179258,0.00193052508324045,0.00022094991305609,0.4,0.3,0.1,28,23.42671125177085,3686.016780947942
8,15,0.4861553058889616,0.604190777490874,0.30488975091343407,0.11530652516960906,0.01936134674279797,0.042155405340808236,0.00109816343441454,0.00016409181858974,0.4,0.3,0.1,29,13.591408028396984,782.2504347743427
8,16,0.5065589431298285,0.6420397790821217,0.3503666035866318,0.13145583029113792,0.05122395563455829,0.062313384812783625,0.05134989678456324,0.00482156502336826,0.4,0.3,0.1,32,5.9508520719613225,12.172623348373383
8,17,0.5063834416098482,0.6594231452170508,0.3741369597485587,0.13658488459875662,0.040959779036033775,0.05189823024130315,0.0643573076684836,0.00601409079407337,0.4,0.3,0.1,33,5.724227365912787,16.834201742399088
8,18,0.46766469111235776,0.6372195994090966,0.36607687145612045,0.1424277603130901,0.21473325505402194,0.03499730351803695,0.02483899198381025,0.00010972038250584999,0.4,0.3,0.1,34,5.911149954186616,429.70998953517335
8,19,0.7455831830252025,0.915146023229133,0.6440409218253089,0.43216069254336004,0.3005668636008394,0.047364186867020056,0.9351051370173945,0.00010474901200121999,0.4,0.3,0.1,35,8.89485129851483,9.31851041003133
8,20,0.4597853178857002,0.6110985378047914,0.3372204461325321,0.17164741370096195,0.1120493536160424,0.03846118809037604,0.02378181321946449,0.00012665017041137,0.4,0.3,0.1,36,5.913767840633946,19.00343121657389
8,21,0.7348792080211879,0.9016469562689677,0.6427620832339527,0.460438150768539,0.5327603899782053,0.0452219237431717,1.0,0.00237178951964422,0.4,0.3,0.1,37,4.986577647905519,7.835701063110167
8,22,0.7269807017483743,0.8926941024274182,0.637342048466249,0.46891999351627245,0.3626777829759841,0.0462103883829883,1.0,0.00237573373224047,0.4,0.3,0.1,39,4.989507210787686,7.837055083290772
8,23,0.7264936212793193,0.8921349734394807,0.6370113952547093,0.4746680886123788,0.32160962530197407,0.04632331141540874,1.0,0.00237761230554784,0.4,0.3,0.1,41,4.990309598948365,8.002904346271823
8,24,0.6803643890967189,0.8591040992545667,0.6224678367783824,0.46308644892290485,0.4509388810482825,0.049359621178474575,0.9341573076308108,0.00237295383873953,0.4,0.3,0.1,43,9.113167303720708,8.632218362362542
8,25,0.677280852746674,0.891119272607574,0.6672829357415283,0.48675318705949683,0.2975652537123422,0.04894540388358556,0.9248006978940264,0.00237292604063953,0.4,0.3,0.1,47,9.497553091875451,8.50153442254288
8,26,0.6653235881157099,0.8783329500020041,0.6564389488508509,0.5029120242959717,0.3057338299835068,0.0494029604825397,0.898703121643847,0.0023722735061109503,0.4,0.3,0.1,50,4.852284777619284,8.366051574054081
8,27,0.6712150977198068,0.8832369638214895,0.6635507319075202,0.5042986194953147,0.35521516584964014,0.04331799578018928,0.9380741400152605,0.0160594703949273,0.4,0.3,0.1,51,8.473924474201363,8.736002592110413
8,28,0.689823522476578,0.8846011227543512,0.6578408627731692,0.515453512343479,0.34812334608200807,0.04285666846551872,1.0,0.00287085714201059,0.4,0.3,0.1,52,5.140907309696692,9.109971083095552
8,29,0.6671930541093385,0.8783276292561009,0.6605582141509747,0.5041802858652014,0.31891599453992797,0.043596189293255774,0.9382472211476449,0.01605895466960865,0.4,0.3,0.1,53,9.766994974493862,8.929948168836619
8,30,0.6826730945362233,0.9109708364773258,0.700425286832763,0.5554382182063384,0.3249961561862883,0.04386524644337986,1.0,0.0030199936377303003,0.4,0.3,0.1,59,5.71499155040159,6.289430420386058
8,31,0.40601187275162276,0.6303176320688859,0.4276173183573352,0.35003274363469516,0.06871830078595617,0.048774992550820365,0.0943470392658973,0.10140968822171734,0.4,0.3,0.1,75,15.489807913748724,16739.767209354046
8,32,0.4094281007928837,0.6680431834956934,0.4795614015047118,0.3830675685292252,0.08267383264093241,0.06561476980054629,0.09359486023275591,0.10122339815898744,0.4,0.3,0.1,77,13.964390780110003,16466.883775981893
8,33,0.546149178930423,0.782606490856962,0.5956314451238658,0.5539319561757615,0.28293875331546126,0.2578257850976748,0.047653938159992894,1.0,0.4,0.3,0.1,80,10.440320520346038,292.72318506643285
8,34,0.5328867885792777,0.7982024519550346,0.6339323030107638,0.5826536973359846,0.2742789777512047,0.2684886367485842,0.05616810788507627,1.0,0.4,0.3,0.1,85,8.527860999741689,273.62376306684274
8,35,0.5182355966558617,0.7953643684759386,0.6451774902266325,0.5921380447457543,0.318740836540638,0.2684886367485842,0.05616810788507627,1.0,0.4,0.3,0.1,87,8.672338268332544,277.68775830508224
8,36,0.6089251804157887,0.8819551247501722,0.737136290524415,0.6962140063643267,0.39183423129993955,0.5111339913521468,0.06862644424997397,1.0,0.4,0.3,0.1,89,10.89098179864935,543.6863070240095
8,37,0.5218069134623745,0.7938404534290706,0.6502871613397954,0.6145420454257247,0.27176714397321644,0.29309177441688944,0.07679735043181093,1.0,0.4,0.3,0.1,90,8.123447941298355,263.3068490880488
8,38,0.5481816162323045,0.8199659228974864,0.6767271740232891,0.644734105315142,0.2750586289601865,0.3604945564957459,0.07678600626761083,1.0,0.4,0.3,0.1,91,8.70504775411138,262.72096519589326
8,39,0.6082124500060504,0.8797331326690178,0.7368387576327822,0.7086460855764793,0.33661777293317474,0.5176677876379224,0.06948334454470444,1.0,0.4,0.3,0.1,92,11.216053787643592,549.9358567818246
8,40,0.720761153644957,0.9505034335769058,0.8029293677272692,0.8471162943972321,0.4886062481919208,0.862136895311172,0.034342988552399936,1.0,0.4,0.3,0.1,98,12.063927761138295,3257.520619520956
8,41,0.492388979726909,0.7493752452752709,0.6234863659635197,0.6458303719918621,0.4648962361356238,0.3244378010531014,0.042597642689457524,1.0,0.4,0.3,0.1,99,14.206193391356114,250.62085506301256
8,42,0.6690993849089707,0.8817948421656308,0.752888578909206,0.8282393764787165,0.6780346021643615,0.7894843552846872,0.06684790664437645,1.0,0.4,0.3,0.1,100,20.345630964612884,3264.3536533698466
8,43,0.47047806421268135,0.704142778455549,0.6021043037035005,0.6732164616701811,0.6150236486653894,0.325861105883668,0.10030277443134208,1.0,0.4,0.3,0.1,101,8.429810194343426,266.3708543525891
8,44,0.2797914391488882,0.5458633837388126,0.4589258921619073,0.4649284298391257,0.10090693665886454,0.09824625044677712,0.09914162963838198,0.04216116587851189,0.4,0.3,0.1,103,19.285185313064503,104.47962607912146
8,45,0.4594816919328474,0.7177098444190466,0.6379320079003705,0.7010507707332418,0.35310440338566196,0.3366392568685749,0.09798017871286714,1.0,0.4,0.3,0.1,105,18.950672066634365,276.21435358936145
8,46,0.46104742719693215,0.7358990823756574,0.6633338363404017,0.7115901160955437,0.2773172089065225,0.3326517617689507,0.11278210951836772,1.0,0.4,0.3,0.1,107,17.750516395886102,271.0108860877151
8,47,0.45096493660846826,0.7041794087034797,0.6288441310344387,0.721815880333876,0.3519786367813479,0.3339235316359959,0.0956858950169838,1.0,0.4,0.3,0.1,108,10.732385388189105,277.6048112461012
8,48,0.4501967801593876,0.6997831922153998,0.6276023709881118,0.715364538089011,0.34472721199971473,0.33098678836493073,0.1127718981241638,1.0,0.4,0.3,0.1,109,19.591135041210872,269.79606891394644
8,49,0.4478713793937864,0.6964984990457534,0.6251481547117371,0.730724750608582,0.2692897993364401,0.33629943689899583,0.10206503172610537,1.0,0.4,0.3,0.1,114,10.050213232629904,278.2851202990965
8,50,0.4405038295510506,0.6831231370359102,0.616873173151216,0.7234710617152196,0.3921750675551646,0.34312479342222246,0.09336903411774525,1.0,0.4,0.3,0.1,115,9.79514717565661,270.46505963569297
8,51,0.44953892627645975,0.7086504775497012,0.6497271287115792,0.7702718236660625,0.28403768134583673,0.34574110420140286,0.12483281588600736,1.0,0.4,0.3,0.1,118,11.734771618323496,284.6831493467438
8,52,0.4429507755536629,0.6999814631179645,0.6427496818928857,0.7691381716257144,0.3128231605920666,0.3361943613478356,0.12358610826478991,1.0,0.4,0.3,0.1,119,12.445008172818264,283.3370262045617
8,53,0.4367324481235798,0.7041086901782849,0.6591384205823146,0.7955627764187653,0.32241142677654505,0.34152075757241984,0.12363233678734968,1.0,0.4,0.3,0.1,122,11.429892451670003,289.0733373314074
8,54,0.43412081482762455,0.7013609155378452,0.6564975536991308,0.7997706575108482,0.2720980153537649,0.33250357215548026,0.12743917161139262,1.0,0.4,0.3,0.1,125,14.974481983247143,285.9368597126802
8,55,0.4266683877630014,0.7376282290944973,0.7190170098661894,0.8243773165088104,0.4510015515570741,0.3474561134376376,0.11566059647286235,1.0,0.4,0.3,0.1,126,21.50360676011212,285.14084812168124
8,56,0.40308419316566513,0.6668218224568035,0.6641093655580289,0.8478250212337665,0.3297611274863442,0.357931109677046,0.1206758447292871,1.0,0.4,0.3,0.1,137,13.297981061410884,301.78671435480777
8,57,0.4025662034393105,0.6837696364653658,0.6875000941596491,0.8628350464897199,0.2806363568821138,0.3578928319512803,0.11928610853188557,1.0,0.4,0.3,0.1,138,13.103151542430766,301.16923221726654
8,58,0.39874735522546767,0.6599720577451378,0.6590675869371947,0.7945756137858415,0.3207164669029062,0.35140780534536403,0.12248917761235725,1.0,0.4,0.3,0.1,139,13.730092919009367,304.8883651391249
8,59,0.3848624371196322,0.645890796553048,0.6638339193939236,0.8398697302276692,0.5877293708824533,0.35931548190513307,0.1164929922756129,1.0,0.4,0.3,0.1,140,13.190403860787768,302.9303882799918
8,60,0.37149303137537215,0.6140000515321209,0.6444597025608764,0.846133075032719,0.43569374773069725,0.35612009202696776,0.1248554770415228,1.0,0.4,0.3,0.1,142,12.749499709267456,301.06555071056346
8,61,0.369777151147346,0.6100843440147864,0.6420006440361054,0.8389881278716629,0.2870912505331229,0.3562331859917005,0.12450122804759427,1.0,0.4,0.3,0.1,147,12.67666722151337,300.96429155944656
8,62,0.36941743530999416,0.6091830403178852,0.641456966735965,0.8389807106842916,0.2843392298957394,0.3561362083792609,0.12478080283327327,1.0,0.4,0.3,0.1,149,12.661502446775618,300.9026909734369
8,63,0.36669060428009537,0.6565816273135741,0.7096630461380214,0.9190671128646604,0.2850206015874699,0.3585794531078346,0.1187597960324928,1.0,0.4,0.3,0.1,156,13.200392914925184,307.58012581151
8,64,0.3730461869180395,0.6609242924449282,0.7153258248897313,0.9302271968826903,0.2978453011130331,0.36419860545396576,0.1373880742335463,1.0,0.4,0.3,0.1,159,13.76396347595915,303.17688129719147
8,65,0.3668225286156913,0.6490867418774421,0.7071451047922149,0.9486335838295339,0.3074885383989988,0.3603778864846878,0.13527919749710787,1.0,0.4,0.3,0.1,163,13.793425004758904,307.40553112729003
8,66,0.3640120175002519,0.6444375816776032,0.703685713214329,0.961027708142492,0.3128621988338113,0.3618528548936429,0.12830992190786522,1.0,0.4,0.3,0.1,164,13.588236713545916,308.64464987861777
8,67,0.3665613953792236,0.6465651949588611,0.7060858222028743,0.9321800507826987,0.29280535396021534,0.3650207486899224,0.13358158293545014,1.0,0.4,0.3,0.1,165,13.528801269257904,299.55746259636726
8,68,0.3534713509480357,0.6144636883039672,0.6685449391576442,0.9799386942234105,0.27734240977544966,0.3594610155914978,0.10077685201246649,1.0,0.4,0.3,0.1,172,12.76728674421102,293.67879677008943
8,69,0.3523606086772316,0.6130216683906353,0.6673164328262025,0.9790294781238728,0.27572636056140803,0.3589162609627069,0.09857833217979553,1.0,0.4,0.3,0.1,174,12.694675536222949,289.9547619983743
9,0,0.9982727641178265,0.9036935277120417,0.41965380180587625,0.015663182222745042,0.0,0.0,0.0,0.0,0.4,0.3,0.1,1,6.276936950669986,27.370255423415863
9,1,0.8066456445589226,0.7923395582712589,0.36286800134931374,0.04390869900592958,0.7120023477929458,0.08250068006367275,9.006953919413e-05,0.00018024292698398,0.4,0.3,0.1,3,4.2619491730941865,22.65747124084533
9,2,0.7253789014125527,0.7329651538140317,0.3279018837130842,0.05173685027685166,0.3419544752996937,0.095557369347382,7.345497453567e-05,0.00015370992328053002,0.4,0.3,0.1,5,3.387486270700744,9.727156019251256
9,3,0.7226358701927771,0.748454196637715,0.35068526242491727,0.05772175521792242,0.050062972540357915,0.09644488640206268,8.710194874749e-05,0.00018424418834927,0.4,0.3,0.1,7,3.494190884781524,8.1704006318771
9,4,0.7226358769355623,0.7660143022727253,0.3746204143065254,0.06281351915904392,0.03862286781065664,0.09644488640206268,8.710194874749e-05,0.00018424418834927,0.4,0.3,0.1,9,3.494192733970034,8.170403164922881
9,5,0.6632325699622079,0.6995343737340722,0.3186835147248943,0.058204639325233946,0.4554749136382763,0.08106188717606697,0.00462973580868178,0.006579558979038699,0.4,0.3,0.1,10,4.243997824227288,10.470468807303211
9,6,0.6644886943595668,0.7010527112361372,0.3207128002265022,0.06336031902885261,0.043697858036318406,0.0816766930727351,0.0118602072793019,0.01113284852713114,0.4,0.3,0.1,12,4.432849976646548,12.22082493971817
9,7,0.6563654720386969,0.6940376903340513,0.31592518934358066,0.06562959335800728,0.09165494635149209,0.07865459305872802,0.01023854532796171,0.01687877501333463,0.4,0.3,0.1,13,4.285248758352401,9.16115421544006
9,8,0.6466447796157164,0.6859525954697316,0.3113699002975566,0.0716524948373449,0.12531069852274207,0.08493626819083668,0.00847637603879458,0.00959359111223085,0.4,0.3,0.1,14,3.4965425517842283,9.959287121857397
9,9,0.6288240049784177,0.6532468159216773,0.27889865870177627,0.07179178439980935,0.20429985062568135,0.09159631810951084,0.00713473881367154,0.01042060194933368,0.4,0.3,0.1,15,2.6978692717228983,8.427147759024512
9,10,0.6264919465705312,0.669049984036175,0.3024633587190261,0.09107132996556007,0.07687671292383895,0.06243149239130606,0.054454389705536024,0.00424141557366357,0.4,0.3,0.1,16,8.06750953471637,13.574275667619764
9,11,0.5929490099366365,0.6207518722654379,0.25749227994804236,0.07497554177547314,0.27745595449666816,0.08950027826019354,0.0015695574474328799,0.00397847631853174,0.4,0.3,0.1,17,3.518983160874209,11.70939361772738
9,12,0.570924950551496,0.6178632599159737,0.26879914913774106,0.08937340386034033,0.13422181973612166,0.09011855967925674,0.0014909462924066299,0.00420473650529669,0.4,0.3,0.1,19,3.5963501862106875,12.184859106339042
9,13,0.5668335445513009,0.6143730723545477,0.26971062299241355,0.09493502314981128,0.09983986085338373,0.07044484172037449,0.054816339643223924,0.00449497672322749,0.4,0.3,0.1,21,6.552229615804999,12.867722559872476
9,14,0.5609134596611998,0.6262797466903801,0.2906607907274195,0.10274296657842628,0.07968591289755483,0.07383605654557397,0.05493200197109177,0.00466597198969349,0.4,0.3,0.1,23,6.310788441606965,11.955158868249155
9,15,0.5601982720390686,0.6431410733124582,0.3140836856308352,0.11140638668533889,0.048601007454699634,0.07339530120968549,0.05490125633235003,0.004474363397578051,0.4,0.3,0.1,25,6.292335880398654,11.586673413132845
9,16,0.5505174261446497,0.5985802604192881,0.2604829929788295,0.10723088663597223,0.13896713152819584,0.07390576268736183,0.05509980986743461,0.00560623592398931,0.4,0.3,0.1,26,6.667271367209215,13.960143494605854
9,17,0.5371667864038057,0.6028337014594216,0.272182699282479,0.10115844347563605,0.06283640768087614,0.08783765754060271,0.00190013239438526,0.0047570447991501395,0.4,0.3,0.1,27,3.466631918109223,11.193222626959054
9,18,0.5257156581764646,0.5913821181316784,0.26806519572171394,0.11303822192792913,0.22673942959088886,0.06532004113323307,0.05667697796539446,0.010057069889067061,0.4,0.3,0.1,28,7.235608166656857,14.189076678470144
9,19,0.5183153524166113,0.6014418964196012,0.28664099080752686,0.12333875674525004,0.05563099329812501,0.060732662254482386,0.05692256698124296,0.00932639500740698,0.4,0.3,0.1,32,7.049395197083905,12.265067380792182
9,20,0.5146438127007081,0.5976504330496982,0.28451573484876375,0.12628056617786076,0.08430014874077056,0.06274669346697838,0.05639711147578737,0.00902250868522441,0.4,0.3,0.1,33,6.867134030865861,12.628521336473586
9,21,0.502126707217122,0.567009320619781,0.25302130866921624,0.11697695066408889,0.18182050591599316,0.06591187360949212,0.05657316405254594,0.01113716723055935,0.4,0.3,0.1,34,7.417526395522875,13.416812783508275
9,22,0.45976905198593593,0.5743459882630387,0.2953477282054228,0.16245777902200453,0.09780813012941295,0.08702468955238393,0.01958000519504548,0.00405195734550442,0.4,0.3,0.1,41,9.943042804052688,13.27795361543936
9,23,0.44712290655868503,0.5774230795275721,0.31027288937804626,0.17561884383912368,0.10811491310998206,0.08702468955238392,0.01958000519504548,0.00405195734550442,0.4,0.3,0.1,43,7.765238023598876,10.71870606468557
9,24,0.45518540273986363,0.584912152219745,0.3194705240803266,0.18813153815108039,0.09551151689291228,0.11160471009528501,0.02611005981408974,0.00624563747023735,0.4,0.3,0.1,44,8.83858302908418,10.980263502488476
9,25,0.4730645203579037,0.6217770421485009,0.3612838448939354,0.20842921308161072,0.3859923601376488,0.08183582691473527,0.10606435478990006,0.040757903076421034,0.4,0.3,0.1,48,9.62499461037714,13.318728127864397
9,26,0.4099491991672086,0.5623023493522822,0.3371821649268123,0.21552016352491815,0.34762935673018636,0.07544787477504722,0.11372892453892329,0.04032234122291409,0.4,0.3,0.1,50,14.599480449011317,11.493555331655196
9,27,0.4032732195210626,0.5890006562994771,0.37967218030673033,0.23566582997510557,0.09772381379422006,0.07649118719377829,0.11212656337011376,0.03722809454522511,0.4,0.3,0.1,54,14.920330557111887,12.24676740282044
9,28,0.40971443979111877,0.6136336036290597,0.409593407317245,0.2642019030414756,0.08085260612363329,0.07995907370496036,0.12047024640210136,0.04030063669185932,0.4,0.3,0.1,57,16.713349230135915,11.859334146267155
9,29,0.3879091434368335,0.568500728793276,0.36767115216198226,0.24558120911176037,0.39014904630377495,0.08132751915131096,0.11173329247135341,0.038963735635166856,0.4,0.3,0.1,58,14.847634506351016,12.089106017518963
9,30,0.41252693394719114,0.5811679787984361,0.3647097088765631,0.29282536726936365,0.08197575380688599,0.08198459972652304,0.11971046204784123,0.06980165931228437,0.4,0.3,0.1,65,7.619488347950373,11.834505179011916
9,31,0.4064660078834226,0.5916864388946417,0.3832469066628944,0.2910201565202778,0.07870063492897031,0.0823425951397682,0.1114322226433089,0.06628896511015143,0.4,0.3,0.1,67,7.181118108764407,11.631100128503144
9,32,0.39093593915153607,0.5526387795205209,0.34721147944461545,0.30046343723630475,0.1673973025792033,0.08369782092018321,0.11968945099238475,0.0696281688364389,0.4,0.3,0.1,68,6.844831518841015,14.265805598232316
9,33,0.39446760894081906,0.5749211645395554,0.37408436186056365,0.31659993299968897,0.12906138948709223,0.0836978209201833,0.11968945099238495,0.0696281688364392,0.4,0.3,0.1,70,7.367259642782777,15.467995844987884
9,34,0.3750438508772174,0.5669052977687741,0.38140042276596603,0.2959332338162637,0.35583823261143993,0.050796029652657795,0.13369507218429236,0.1404810522371635,0.4,0.3,0.1,71,17.9215138399503,13.546376381658252
9,35,0.3751657498819896,0.584623235612986,0.40544412814273123,0.3119178562280095,0.07515525560757982,0.05086607385302835,0.13369535531397042,0.14047881029183157,0.4,0.3,0.1,74,17.92997094068712,13.523628762343494
9,36,0.3667459612239094,0.5354531488598346,0.3510612586382173,0.3461417991143469,0.10940039172592969,0.09554536423964935,0.11802921729126396,0.06770687422697563,0.4,0.3,0.1,77,7.684880367605051,13.153931994616832
9,37,0.3554768841822635,0.5385713397183473,0.3645742948422311,0.3476760873652096,0.08648825221904426,0.08468313620756399,0.11892467209559121,0.070427494913372,0.4,0.3,0.1,80,7.094250355236218,14.31761314815482
9,38,0.3607065070938314,0.5459524850626493,0.3692641699751669,0.36783160626270406,0.1280550055498832,0.08657999394770152,0.11789787321314767,0.06851456057745367,0.4,0.3,0.1,82,7.577783286563999,13.324245161697023
9,39,0.367001321767911,0.5891991736606595,0.4228914841044554,0.3744959274888432,0.10295134152614796,0.08514111718200244,0.12483577465086515,0.07202714374078348,0.4,0.3,0.1,84,8.769649658013169,11.995313245906488
9,40,0.36991153691135714,0.594014000601979,0.4251753308560547,0.38034796932028725,0.1277812342311554,0.09149831568564876,0.11443085102040125,0.05898294145925691,0.4,0.3,0.1,85,10.179825590417302,12.972667898492652
9,41,0.32558221584408364,0.5515545917006861,0.4083411702746948,0.37885048113888076,0.158798380527487,0.07054631262550742,0.11489693630632405,0.050605670598163566,0.4,0.3,0.1,87,10.661014494485936,12.863994224848469
9,42,0.34930329220160855,0.5797953726049208,0.4313559537810203,0.40069284714655806,0.0975144121612314,0.09619600972464279,0.11931854630103107,0.07885759868139328,0.4,0.3,0.1,91,7.222444646546362,14.605251202287125
9,43,0.3452691895462654,0.5922815132645437,0.4515150062859336,0.39418490594197864,0.17822519715205992,0.09211823088302752,0.12037474652620728,0.07560845466691744,0.4,0.3,0.1,92,7.910389237353385,11.21918007352079
9,44,0.3235070486341618,0.5967085336964927,0.47891818053216784,0.4181811165699512,0.10097811864512354,0.05706656297316261,0.13289686877787749,0.1419261816916207,0.4,0.3,0.1,100,18.60965500338263,11.957110950869016
9,45,0.3278902817953842,0.5305929888007898,0.3875383214954299,0.35875244727658956,0.22547253163140477,0.09020929424341032,0.12477217792123466,0.08121052836977036,0.4,0.3,0.1,101,8.227350831887552,12.26767512683221
9,46,0.30531982232425026,0.5649019854270295,0.4610365169406529,0.4322076898998968,0.5345964708836736,0.08925966970504547,0.12525024719020011,0.08651544262526616,0.4,0.3,0.1,102,8.135318799422889,11.251577897026138
10,0,0.8014453641146555,0.7788867167404055,0.34201122896480834,0.008739771195261778,0.0,0.0,0.0,0.0,0.4,0.3,0.1,1,14.19253195084043,26.261949683811554
10,1,0.6443889934067928,0.6655094457200513,0.28316023812503094,0.034857284185674325,0.7093477627299101,0.07718506455087315,8.354232737195e-05,0.00011997459404365,0.4,0.3,0.1,3,10.5989626524054,21.42141471209215
10,2,0.5828651132138254,0.6111781561231145,0.2501206630853244,0.03993917394257787,0.29784112246091765,0.08222913178679164,7.022701153859e-05,9.677682409792e-05,0.4,0.3,0.1,5,8.76667220656738,8.868644024837366
10,3,0.5615649321570386,0.5911879051411548,0.23736657441739492,0.045688650203093345,0.09210380187620246,0.08015462234795413,4.648921062253e-05,4.841029827748e-05,0.4,0.3,0.1,8,10.86927246402758,9.64419124699149
10,4,0.5392371961365442,0.5696312272832627,0.22313513956776324,0.05534824120124904,0.12107640014608555,0.07465138099849725,0.00011592378984992999,0.0001291098558202,0.4,0.3,0.1,10,9.521319853990889,3.7802740414900367
10,5,0.5046884981526503,0.5695233869704431,0.25589684733815055,0.0718424029607923,0.2982328783904127,0.0892732591703408,0.03234599462946608,0.02507946709947915,0.4,0.3,0.1,12,7.411465816604806,8.064149170015698
10,6,0.48245027499495924,0.5643094470901966,0.2606673738002814,0.06406101046493354,0.07960861300073324,0.08326717911076562,0.00330582569555631,0.00400121045862601,0.4,0.3,0.1,14,9.225471633571136,9.76796445623812
10,7,0.48131068826854523,0.5804660259476611,0.2847344841293306,0.07511446686078503,0.056470219125419406,0.08969742227312082,0.0033367569284760597,0.0047888587783105905,0.4,0.3,0.1,16,9.581358931372137,10.749055150141777
10,8,0.4746028082346283,0.5558970343473238,0.2553964277277539,0.07859654803940633,0.05457431176353549,0.08351865678699792,0.0032118591552465795,0.002280622791322,0.4,0.3,0.1,18,9.880296496791113,7.16254132868095
10,9,0.4625795616521859,0.577752443439118,0.2956381315339601,0.09121930901224413,0.08300597922127995,0.08816616437594893,0.00250580749812147,0.0023181963863634298,0.4,0.3,0.1,21,9.155261795607275,8.395268871670682
10,10,0.4574431279030189,0.5724049317492831,0.291134924333322,0.09229950950275753,0.054142910161853124,0.0803769996104231,0.00227056729534904,0.0030467922859869,0.4,0.3,0.1,22,11.171240643309122,10.217182234465271
10,11,0.44296522516159564,0.5557618341934271,0.28205106197411295,0.11239246633717999,0.0835412721659566,0.08564155549438573,0.00490655505043059,0.00767931833734261,0.4,0.3,0.1,26,12.03597525709482,12.990783299091662
10,12,0.43168736253785467,0.55986094772395,0.29878199621073553,0.12537096567283312,0.11741137151774748,0.08764941435003752,0.00993243639755797,0.015532157352439499,0.4,0.3,0.1,28,13.323444916479568,16.5450561736305
10,13,0.41470488580083376,0.5396203619050399,0.2865121591901788,0.13269811302886755,0.10655963434741389,0.08966778440543584,0.010003574646672,0.01576377484295517,0.4,0.3,0.1,31,13.1157199231393,17.021867354053757
10,14,0.4141790876218274,0.5565486509951378,0.31005409520616317,0.14370176737975013,0.04341441718991658,0.08966778440543584,0.010003574646672,0.01576377484295517,0.4,0.3,0.1,33,13.114786551643911,16.813033224584274
10,15,0.4079192839107837,0.5492510070956627,0.3050464369024831,0.1444674097051211,0.06770435294834265,0.08662253987571363,0.0099607701218793,0.01569538309588314,0.4,0.3,0.1,35,12.446144313085671,15.479571669218124
10,16,0.3651431023054992,0.5117067924313313,0.29622112083837426,0.17037203022698735,0.22862949630505103,0.0852076873696135,0.0213954335080822,0.02727856405921216,0.4,0.3,0.1,38,11.63650829665015,11.847434993821963
10,17,0.36320724646810754,0.5440202530230297,0.3426128905610699,0.19651477540349838,0.04941607685455259,0.08451954152736973,0.02295063639289226,0.03244986088239304,0.4,0.3,0.1,44,12.409723282617012,11.929825982769165
10,18,0.363662035368768,0.5956053936395344,0.4156775344916337,0.23653148315254177,0.058839362322770226,0.08317326415522194,0.03666325425544788,0.04805618405889855,0.4,0.3,0.1,50,12.820104413218198,13.707965567477526
10,19,0.360315446433404,0.5570950171657342,0.3645360912421116,0.24897881293260507,0.04713531010483785,0.07677636558732549,0.034977218858087626,0.04794591791194764,0.4,0.3,0.1,53,11.690674531329725,12.925485042623116
10,20,0.3288934967980578,0.5352417080364149,0.3602986637151131,0.23107138943529354,0.31604856870167186,0.06697863195221214,0.02743856186674623,0.01308154919260065,0.4,0.3,0.1,54,12.354768768990596,13.584215091611831
10,21,0.31135085528888806,0.5095283388063268,0.34495559333845804,0.24067893796924258,0.1669411414608411,0.07016081269581748,0.02903772776063478,0.01284115813431962,0.4,0.3,0.1,56,12.933892495847754,13.39500499338398
10,22,0.31333984684225885,0.5079497816760218,0.3476389851337909,0.26240812977965927,0.15365085638212622,0.07830679332393385,0.03471319807219287,0.06022638227255962,0.4,0.3,0.1,57,13.316083134534376,15.710331009073212
10,23,0.2868669085958848,0.49040531231269796,0.3462519841236154,0.248511770167781,0.11989162754326398,0.06787417925844441,0.03153188600939988,0.01932296382793771,0.4,0.3,0.1,60,14.18094420550114,15.994248414809014
10,24,0.2675253755127562,0.4772710983638501,0.35137189237425354,0.25668017028172296,0.18698687085994378,0.0697867046236811,0.031193790941287658,0.020090099313086248,0.4,0.3,0.1,62,13.171048855850504,15.675065888394574
10,25,0.2552999809911482,0.47446467252820324,0.3631335964484964,0.27886731877176496,0.10953265626340271,0.07197142743413354,0.032641747893596966,0.020153165629494922,0.4,0.3,0.1,65,13.55780456184934,15.046514652815649
10,26,0.23407057792796088,0.4755259082525504,0.38866660945247306,0.2899742494845715,0.07877410738992119,0.0606574802502442,0.03738899337591264,0.020767768391332993,0.4,0.3,0.1,72,12.670480557098374,17.43131435333018
10,27,0.2334777304978434,0.4923390556577676,0.41199289456661375,0.2990717514382434,0.03889324071116173,0.06059573217674428,0.036385518181555845,0.02021038669845556,0.4,0.3,0.1,74,12.744701550024988,16.77420407589038
10,28,0.23538311279861795,0.38831533822397163,0.2702355434031379,0.217373402486468,0.04633039825070061,0.07068663262933751,0.032307020969088614,0.019105965788036892,0.4,0.3,0.1,76,12.632584230940664,23.22153961426848
10,29,0.23391363066373197,0.4033208472485832,0.2925815002288043,0.223420550184475,0.06381557588897271,0.07068663271896748,0.0323070210416601,0.0191059657710506,0.4,0.3,0.1,77,12.677221662766248,22.81296311097728
10,30,0.21688906540478106,0.39006517139816055,0.2976744787460721,0.24688537919775527,0.1402893326345725,0.07282131609874397,0.03235286601107587,0.01912332468163519,0.4,0.3,0.1,80,12.954310850066918,20.23846649660226
10,31,0.21250289128849884,0.575567968314033,0.5560064022589295,0.4788806383795988,0.04314169055793365,0.07860401155148058,0.02555571324373699,0.0113847898944864,0.4,0.3,0.1,103,15.436257338149025,12.431476681193663
10,32,0.21271295720514213,0.5536584791678651,0.531478646991639,0.5073729595389023,0.07698505316113072,0.08080933237995619,0.03207137574725026,0.03893063059221174,0.4,0.3,0.1,106,11.93204989300769,16.39183327796425
10,33,0.2074215932502848,0.5628574984161204,0.5495484652002538,0.49005340065424746,0.07513349567029669,0.07650728036801657,0.03434166942967818,0.031757731479360764,0.4,0.3,0.1,108,11.628201900135572,17.94861443242866
10,34,0.19176748545989802,0.529911268861078,0.5301939719999965,0.5406257106418315,0.13165886151435022,0.07923086694498627,0.03225367347436024,0.05733696159717429,0.4,0.3,0.1,112,13.09075120275386,20.18358715812921
10,35,0.19150091491122007,0.6115694936985614,0.6481924121569169,0.5946479746177649,0.060853952690680356,0.07928001548990359,0.0497608579209109,0.06136262314137205,0.4,0.3,0.1,125,11.805546981363396,21.666548798847067
10,36,0.18273702292668428,0.5774297872349555,0.6134861810422181,0.6365980623650693,0.08983169958122149,0.07427754507081077,0.04592163999497122,0.08079598434603136,0.4,0.3,0.1,129,13.455231837485067,20.66920720356332
10,37,0.16706041857928985,0.5806546494806671,0.6411917067886215,0.6364097097650416,0.1473985664327426,0.07969239038449735,0.04407563934966306,0.056147213148141736,0.4,0.3,0.1,132,11.883186033263474,16.366660082293695
10,38,0.15986720058214424,0.5533033609782106,0.609338228696979,0.6776985194552564,0.059273583123994576,0.0755573637565594,0.03617877437572499,0.04802268895283297,0.4,0.3,0.1,136,12.564448986895396,17.2983979059954
10,39,0.16131431521223477,0.5494705523223218,0.6091441606606425,0.6640464226843279,0.14644360176992394,0.0740488624121696,0.04615878414507108,0.08207763426481789,0.4,0.3,0.1,137,12.126525437949356,19.324518497206466
10,40,0.15918881359414366,0.5425385321082768,0.6055235016252536,0.6781238614776945,0.11852879066065104,0.0792297964888937,0.04729800527838389,0.07624239572651559,0.4,0.3,0.1,138,12.185894152542492,21.612300954179915
10,41,0.15716740657602082,0.5545473094696759,0.6263215746954464,0.6938814014283773,0.08590852121950313,0.07722217577123089,0.060205744076926304,0.05392541125881985,0.4,0.3,0.1,140,12.654638386295517,21.04737579338959
10,42,0.1466230046010465,0.515005402419809,0.5881825588641032,0.6822460796487426,0.2429646252671208,0.07497986097449236,0.04902328372080817,0.08244135824905552,0.4,0.3,0.1,141,12.508654020326116,20.23461022000159
10,43,0.14455716688932363,0.5291310477898894,0.6095430324221546,0.7358683579496236,0.05576449506056083,0.07591001830527117,0.04881052322269933,0.067771057117607,0.4,0.3,0.1,147,12.650271659123511,19.19640477468872
10,44,0.15555728026604979,0.708760564797632,0.8394208895588681,0.9049369656835968,0.05745474121012383,0.06825600233639524,0.056871155259202874,0.10152392704594818,0.4,0.3,0.1,193,11.36236684143679,18.791274875223383
10,45,0.13805458333487733,0.6714968903103751,0.8153288092324618,0.9052072889711869,0.07322224726402884,0.06744759820976262,0.055764189787677054,0.08399114291147747,0.4,0.3,0.1,196,11.567078724726343,18.46068378699152
10,46,0.13788759737946826,0.6516150135511677,0.790479222518501,0.9171085250278534,0.07588516319434759,0.07078762104982597,0.056455109687731306,0.08257702897483113,0.4,0.3,0.1,198,11.71688255017232,18.04237364858109
11,0,0.7914037424651627,0.7718842173406044,0.3376549390130331,0.008351281748561892,0.0,0.0,0.0,0.0,0.4,0.3,0.1,1,14.866863322784152,24.629910480083563
11,1,0.6310636833094834,0.654107112048937,0.27619677092762956,0.03454956296035047,0.7319925592544938,0.07806719021973905,5.742346107939e-05,0.00010863640280899,0.4,0.3,0.1,3,11.791003310173934,10.770352465843596
11,2,0.5576252300977745,0.5873444324649891,0.23421424333178953,0.03591955453350731,0.3383914360883368,0.07508707630158873,7.090259159229e-05,9.793851651212e-05,0.4,0.3,0.1,5,9.85946144774655,8.335092283846832
11,3,0.5495589421621422,0.5798034797055714,0.23105773910780042,0.04389991957503616,0.08882525770659346,0.0852367884843025,7.49619075447e-05,0.00010065910042831,0.4,0.3,0.1,7,14.692554723626106,7.263164857198342
11,4,0.5385115025633519,0.5690598448215429,0.2255824613792066,0.04981063220086865,0.10275116433970345,0.09316054373778504,0.0001323853686241,0.00020929550323731,0.4,0.3,0.1,9,13.812514735222145,3.440619364340269
11,5,0.5215110677248012,0.5521059027678991,0.21400825465923407,0.04969928519320331,0.16845869416093476,0.08642028830414988,9.648962853379e-05,9.826598766088e-05,0.4,0.3,0.1,10,13.933022645263014,5.980227806130003
11,6,0.49051951441235453,0.5373361572503282,0.2205040054833696,0.060070153070143364,0.4122608313439839,0.08286657383363,0.01983615484962949,0.025828889136659428,0.4,0.3,0.1,11,11.150912487209071,7.320642919301317
11,7,0.47732868430711495,0.5225875722396287,0.21362294357257686,0.0707576332874838,0.14562908628302773,0.09988246039346285,0.01971747675282012,0.01883220798071676,0.4,0.3,0.1,13,15.079960158130293,6.281796848873202
11,8,0.4758669395323263,0.5211597096482147,0.21248950730182203,0.07221707811140327,0.055494057442284854,0.09829799074657168,0.01968427315758637,0.01878293960186135,0.4,0.3,0.1,14,13.925040891852271,6.548071784247105
11,9,0.4399739389567067,0.4806053730717296,0.18829739587021888,0.07421712532359503,0.46144848974597535,0.10885383056482142,0.016341444191392822,0.014023917431314032,0.4,0.3,0.1,15,15.287573001627408,6.84911278997615
11,10,0.4294014112388773,0.46858202676182553,0.17947714989952895,0.0724368035834423,0.12397770018497646,0.10001061948929395,0.01631924111529736,0.013991928989670629,0.4,0.3,0.1,16,13.442651710000977,7.280156513423797
11,11,0.3987199978644817,0.44547845893446253,0.18252054842823012,0.08508215990802664,0.5464774988049214,0.10753527313568297,0.03877248388484967,0.03310418590256321,0.4,0.3,0.1,17,15.025334375181185,8.689757219201134
11,12,0.39927766862363795,0.46343384801714127,0.20713573549493017,0.09739747384003154,0.06146856983464463,0.1072898596828471,0.04201264938503619,0.03585817666111727,0.4,0.3,0.1,20,15.126140541737168,8.817768925366158
11,13,0.3954885473056152,0.47647959184475336,0.22781727987634878,0.09933880961301148,0.08931018388361503,0.10745208619031484,0.03877880272736115,0.03313450140980202,0.4,0.3,0.1,21,14.972083764005394,7.850020018380798
11,14,0.3790227971744143,0.44160764117706536,0.18802008309467752,0.08718974577155672,0.08056610259500982,0.0927060862917698,0.01944639928789408,0.015356402882634072,0.4,0.3,0.1,22,14.609330033809377,8.978174543688107
11,15,0.3857823232675173,0.44762003065474676,0.19527972185049083,0.09873851452500468,0.06926503705911975,0.11741244966278516,0.01863068351595672,0.012107573341182851,0.4,0.3,0.1,24,16.127327518277173,11.322065015095644
11,16,0.3337970886869897,0.4089297622941667,0.19988313816915157,0.130444517010198,0.2507971909592688,0.09140459609055472,0.04776268218258613,0.09889446740295238,0.4,0.3,0.1,28,14.577246929004223,9.035945834197948
11,17,0.32239957596194774,0.39141524742694506,0.1895817647077931,0.12096219996563029,0.15210201330364492,0.09459199279332238,0.0502467901984693,0.09442138324670621,0.4,0.3,0.1,30,14.525301601476963,6.697160146600339
11,18,0.3078147077327762,0.3896965035807931,0.19951250023711903,0.13805260873014835,0.0832828776301113,0.07736858930396513,0.05197551429194923,0.1049160537804921,0.4,0.3,0.1,35,16.108941914205438,9.083989475094148
11,19,0.2909045052585384,0.362719096843163,0.1832254365043178,0.1404350700257005,0.19137013223507607,0.0801544254461808,0.05406641503376798,0.10061791237798907,0.4,0.3,0.1,37,15.656795026719342,6.955459269299706
11,20,0.29465895678430665,0.37878109925030845,0.21104340971121635,0.15503725647323396,0.138740426201379,0.08175974153986007,0.07428321820739472,0.16095972124301222,0.4,0.3,0.1,39,15.324188316494974,6.278472773379974
11,21,0.287375815608944,0.3843206137751224,0.2275003594288537,0.17039631396365254,0.1269279447933697,0.08175974153986011,0.07428321820739472,0.16095972124301222,0.4,0.3,0.1,41,15.63540919645917,6.026555378210952
11,22,0.27268637239014715,0.34356064332198505,0.18838194065298633,0.16702045741621563,0.16883301862090208,0.0974129305228794,0.07254400834994898,0.0836987535751432,0.4,0.3,0.1,43,13.719377140783422,6.002511677907115
11,23,0.2328140973880451,0.31184437931218856,0.17151654156361545,0.2163011476778719,0.061436517428976906,0.07292183859480685,0.03435326475864085,0.027763849597575267,0.4,0.3,0.1,54,13.826418051051352,14.006099229573694
11,24,0.23240761531058995,0.27601036003722873,0.1232025522223377,0.1584201383814433,0.04894215288974773,0.07292183859480651,0.03435326475864089,0.027763849597575257,0.4,0.3,0.1,55,13.86256702077603,13.910714996898715
11,25,0.221278888827021,0.30994430771648585,0.1828593964955508,0.22321498279895538,0.20514300831602908,0.07070461175581816,0.03454704848594404,0.02318933147868784,0.4,0.3,0.1,56,14.1235739879013,13.499947780008648
11,26,0.2211071035314111,0.27446830894026236,0.13479032436339308,0.16472633214745008,0.04492519514908559,0.07108876001773633,0.03433327051344798,0.022886680017896573,0.4,0.3,0.1,57,14.017196782765035,13.861882387367809
11,27,0.22097254768378635,0.3041277457705712,0.1816974838024043,0.2262331295440488,0.15940609804876,0.09094515735272464,0.02863148019156033,0.024985666178132172,0.4,0.3,0.1,58,15.587124268071369,7.805501251489236
11,28,0.20581830706990178,0.29433232620621774,0.18822866453012052,0.23284248484721246,0.17018863778173726,0.08998080806863377,0.028908900303971342,0.01779282848130842,0.4,0.3,0.1,60,15.272726784178028,8.51044421584781
11,29,0.20359156819157112,0.3072468692344871,0.20944291084388564,0.24214311094769123,0.07084468898868945,0.08991090102869895,0.03022743253587315,0.01859775855468031,0.4,0.3,0.1,62,15.430165897718323,8.577598096748464
11,30,0.2029284419031793,0.3234877447310551,0.23257808661197416,0.257567336295397,0.053410963946505394,0.09005348988144113,0.030216359929076692,0.01861394670180949,0.4,0.3,0.1,64,15.632229923788096,8.404868525708057
11,31,0.19571124587326078,0.2710615899318858,0.17528009331087324,0.2506522365384744,0.24719352718669224,0.09210715482585226,0.03708406597429202,0.02520403980427227,0.4,0.3,0.1,65,15.50623811362822,11.322821295151256
11,32,0.19375025719259234,0.2863866178286721,0.19717215128008514,0.2551392336047191,0.05303796129130913,0.08911588156997058,0.03531541210011372,0.02520725169785069,0.4,0.3,0.1,66,15.887031531158266,9.726503976504468
11,33,0.1909674854703552,0.2791348013390955,0.19331329298686195,0.2594584718256082,0.13483944317552876,0.09210715482585226,0.03708406597429202,0.02520403980427227,0.4,0.3,0.1,67,15.90796303136364,10.44474041135028
11,34,0.18174168196536647,0.24140413992374807,0.1573574425780495,0.2533702028494249,0.25460794019558314,0.09545819050774525,0.03722104929141634,0.02534236486813829,0.4,0.3,0.1,68,15.195872052508744,10.278298403949703
11,35,0.17613822960621536,0.2508269768402626,0.17500815927028726,0.25924757559749906,0.07173252594057981,0.08675884466053002,0.03796150879906353,0.025579790996474998,0.4,0.3,0.1,70,16.215432688797005,14.09618070150164
11,36,0.1695572038960313,0.2563616943213638,0.1908594505844781,0.28216391790162065,0.07155979229420167,0.08406061120910338,0.03619655399352413,0.025719706239229267,0.4,0.3,0.1,74,14.87036184114569,11.263905707042577
11,37,0.16688692622277657,0.24762913932280067,0.18645469613112534,0.28738386911846037,0.15750500819693705,0.08953160229250487,0.03796510791281057,0.02572730771125849,0.4,0.3,0.1,75,15.13364691340306,11.635676768572305
11,38,0.16413560261536378,0.26021946802610735,0.20698835588066444,0.29917960003684246,0.06845268961362033,0.08746622569161164,0.03799075833235196,0.025716241393887042,0.4,0.3,0.1,77,14.822791038424509,13.89840788617227
11,39,0.15369544661532622,0.30739825566423307,0.2884424447779604,0.38569623945498305,0.06368625171028909,0.07129414624548144,0.05575422353030973,0.03871852914506256,0.4,0.3,0.1,92,18.148240396816544,15.304268090093426
11,40,0.155576083888113,0.30696300259549747,0.2895913208316731,0.39571288301269497,0.07258405860360556,0.08087989835755666,0.055575222206482075,0.03848549643313544,0.4,0.3,0.1,94,19.11966659963237,15.567779346145947
11,41,0.14017330300332187,0.2605415540376462,0.24585910164361724,0.38423676384800665,0.27365340593070403,0.06848582251529489,0.05498690045065446,0.041067830473758546,0.4,0.3,0.1,95,18.20855047417622,15.687469324090683
11,42,0.13669770245292934,0.26964704249389726,0.26463248618316787,0.38835076330628765,0.08921933303864976,0.06982307679081907,0.0550107215709729,0.03824255936657728,0.4,0.3,0.1,97,17.989332199957353,15.144605426250486
11,43,0.137796398104619,0.28284367217797113,0.287781055739476,0.43930198383719,0.06324250385153744,0.08067465520211775,0.05664371022691288,0.04095442630449101,0.4,0.3,0.1,106,19.428992795101664,15.579644920886066
11,44,0.1373831521363693,0.2981014723549834,0.3106431110531453,0.4511104533331935,0.06959597397331024,0.08423400507592671,0.05729726431860099,0.03426462747659311,0.4,0.3,0.1,108,18.97758050613932,15.015183229055294
11,45,0.13470864997592485,0.2947872566628966,0.3077442600428323,0.4521146769177261,0.062445142517734975,0.07823484017754408,0.05683697873630903,0.03749380913435431,0.4,0.3,0.1,109,19.47685444915775,16.06847885791115
11,46,0.13048032232653134,0.3033158237572863,0.32575201543763477,0.45857990772541185,0.12853401293377784,0.07398348601539087,0.05794254784702624,0.04301132226160501,0.4,0.3,0.1,110,18.9335142819322,15.54679250009688
11,47,0.12577077197951753,0.2913648292563031,0.31843384881784964,0.46586704511621724,0.08058107095000328,0.05485139735949242,0.07215482956566721,0.07998887567578339,0.4,0.3,0.1,114,16.641751752643135,12.978386961253165
11,48,0.13136169848019552,0.2949748153277557,0.3233022602198889,0.4835813446232836,0.08924857673923028,0.0667826924700986,0.07577174713752488,0.09081312562487698,0.4,0.3,0.1,115,17.067362084728153,14.418013167083602
11,49,0.12285357415970025,0.26392209724023374,0.28905988356231577,0.4727001002175157,0.09381227884856559,0.06022665130651663,0.07189883472865596,0.07801765978009265,0.4,0.3,0.1,117,18.91796774727498,9.158356660885476
11,50,0.10208938426816494,0.2269175591423659,0.2791212397499854,0.4809661369555714,0.5670498321433601,0.06054599987756872,0.07189572176782266,0.07863195516223179,0.4,0.3,0.1,118,19.67833693466671,11.318240823153804
11,51,0.09658322212097098,0.2463519502324694,0.3173624006323978,0.502629287665793,0.09166840709383622,0.060960242638827856,0.07225085538841594,0.07932860905167323,0.4,0.3,0.1,122,19.715209794787675,12.415565876382235
11,52,0.09312577071596585,0.23835328349785923,0.3120408148011489,0.5387886013661904,0.06418838119629694,0.05704055300075517,0.07364098153685446,0.08169255095134705,0.4,0.3,0.1,128,19.74573983939687,13.385671972279937
11,53,0.09246347807859358,0.23709898872569482,0.31113505203819253,0.5418125586113384,0.06142533149072316,0.056835934211980924,0.07282128852961349,0.08164985692979346,0.4,0.3,0.1,129,19.108912746261232,12.925456228070509
11,54,0.08858331137877175,0.24342391574611272,0.3281355869915482,0.5527616969719017,0.10639891898600419,0.056800901035651795,0.07319320946039516,0.08212712310586637,0.4,0.3,0.1,131,18.861397225035773,13.694369087622231
11,55,0.08848926892465739,0.1952786241072086,0.2747121319355898,0.5775529219136176,0.066729412599267,0.06094481551812447,0.08850553197390501,0.08707832936863927,0.4,0.3,0.1,157,16.802387057139534,14.835139488025684
11,56,0.08112575657213626,0.16511198576547328,0.2574649665706698,0.6064381190430743,0.144520705029621,0.06830947582657826,0.09295212439850839,0.0844911211604355,0.4,0.3,0.1,161,16.60744923577275,12.838378494921432
11,57,0.07745560062711042,0.1765929785562519,0.2766676686497879,0.6362072254385963,0.07144055254586393,0.06655160197870716,0.08719348611625813,0.08364957293268718,0.4,0.3,0.1,164,16.997998670589407,15.005994249280333
11,58,0.07694749177165333,0.17555565031545928,0.27592575294120464,0.6325326239061603,0.07008690022201858,0.06500667343765207,0.08821384454184888,0.08421359216900845,0.4,0.3,0.1,165,17.195167255362797,14.480249683095662
11,59,0.06358897838414067,0.13052082362397216,0.24830482855422598,0.6377741303003673,0.27617792766484867,0.06648335207430153,0.09001869004246763,0.08335215631289597,0.4,0.3,0.1,167,16.918154646139357,14.204787594201171
11,60,0.05398256627508069,0.31024231950758097,0.5002242386359762,0.8914913245089316,0.05575718555037372,0.05612233678169044,0.07564411144845654,0.0884039812786755,0.4,0.3,0.1,200,16.29439687874467,12.418170209719484
12,0,0.8950648144449053,0.8410201666838153,0.38066452880460505,0.012186422562901564,0.0,0.0,0.0,0.0,0.4,0.3,0.1,1,10.331793233532316,26.20437439256596
12,1,0.6983441498017489,0.7097739087766471,0.31018558529794743,0.036034004353934494,0.7856471309352298,0.07379190525151932,9.799018681306e-05,0.00011056373090759,0.4,0.3,0.1,3,8.311136074233396,21.208732542598884
12,2,0.6194102940271972,0.6440085116540031,0.2701401681909189,0.03918301280066763,0.35186869639272905,0.07954908163137349,7.855859168597e-05,9.300431733202e-05,0.4,0.3,0.1,5,7.227574678357818,9.066342246118412
12,3,0.6183656696016321,0.6606482229583212,0.2935025653056245,0.0435097137909789,0.03617638890410478,0.0795490816313735,7.855859168597e-05,9.300431733202e-05,0.4,0.3,0.1,7,7.279936527484748,8.697840067231423
12,4,0.6106320334384661,0.6361111299419613,0.26478240041938195,0.044957804167429796,0.08522138161867339,0.0766054060861344,7.656364181481e-05,0.00010339739515697001,0.4,0.3,0.1,8,8.23738009080876,7.661752662304091
12,5,0.6080004640108889,0.6337443827161497,0.26322315864101903,0.05298856603622409,0.050536402307484934,0.0760467687112812,6.359954270856e-05,7.805627081418e-05,0.4,0.3,0.1,9,7.741692087288113,8.009207469452114
12,6,0.6103105273598177,0.6363800067253361,0.26679310458283734,0.053620890646405496,0.05903958649594022,0.08874904791782326,0.00013015728935409,0.00014887890006553,0.4,0.3,0.1,10,7.538157922176819,10.636203048760793
12,7,0.5959765043416514,0.6231500607923303,0.25743224338563664,0.05921653211722445,0.12863101189222947,0.08126772243068606,0.000146791322454,0.00010964553305459,0.4,0.3,0.1,11,7.401283820698711,9.118807764485338
12,8,0.5895586734944172,0.6347136229211587,0.2769906896304633,0.06315416923596989,0.050998233365725114,0.07690355338269364,0.00022096555686633998,0.00024703614845874997,0.4,0.3,0.1,13,7.30812620667133,9.329576391771472
12,9,0.5741159721173318,0.6209448089707794,0.2712085832016092,0.06346089555053311,0.23696559510513043,0.0942165969642906,0.00048881601101648,0.0038482167424306497,0.4,0.3,0.1,14,6.7536170254321535,7.971998627612654
12,10,0.5702992867823462,0.5997493410681219,0.24476500962739878,0.08362820764312105,0.0469110344361327,0.09144122332030792,0.0024691317195793,0.00247216658737232,0.4,0.3,0.1,17,7.106506625823144,7.409052456753347
12,11,0.5283602607628505,0.5764395711186819,0.23871158223987646,0.07199783312612221,0.29626392728647594,0.0585786482911876,0.0065973105698008795,0.00078192819282876,0.4,0.3,0.1,18,7.80660215477088,9.347430406998894
12,12,0.5155242356881146,0.5461204227017916,0.20782231056210293,0.07803358693195145,0.1725511688634854,0.06933156464499203,0.00105360534643492,0.00042436250255971,0.4,0.3,0.1,19,6.999968991712885,8.326555001098273
12,13,0.5154199908225936,0.5635754935252645,0.231692190467128,0.08731652648723653,0.028585043872907712,0.06933156464499203,0.00105360534643492,0.00042436250255971,0.4,0.3,0.1,21,7.079699340656451,8.030452794285598
12,14,0.5221027077197262,0.5878003203122901,0.26327746754926834,0.11393598510459295,0.06191362389091393,0.08141915448758377,0.01129280497541708,0.014082794864758311,0.4,0.3,0.1,22,7.085191404183421,7.151135465565047
12,15,0.5112955378866323,0.5768480178002338,0.25731348818792515,0.1080485200742098,0.16477326819390406,0.09437322168777687,0.005557272688028031,0.0019536689891809602,0.4,0.3,0.1,23,7.7272444720445534,7.093497620102091
12,16,0.502344164496752,0.5675315956505353,0.25088594057065594,0.1133538094416746,0.07335657427762929,0.08130798134270296,0.01248225620991705,0.016720437214121718,0.4,0.3,0.1,25,6.9337255577840535,7.650724626931478
12,17,0.49015025433388676,0.537213654262984,0.21873706699411136,0.11445227430935773,0.1502868349681323,0.08002400902946619,0.01179374746689489,0.01658959816485888,0.4,0.3,0.1,26,7.934090179576512,6.793038623096959
12,18,0.4834319125092703,0.5479009402012368,0.23682555227398294,0.11014416160267948,0.05859118295247307,0.06974827497000971,0.0111133853186824,0.01816174568926146,0.4,0.3,0.1,27,7.289598133393905,11.782494313183442
12,19,0.47460795988557775,0.5559378334576077,0.2553235588284084,0.11586392144317288,0.08525083113284053,0.07040291878502909,0.01334439114933419,0.021747616385458142,0.4,0.3,0.1,29,7.266119519611236,12.039557608895484
12,20,0.47058293133007023,0.5515670991570971,0.252604475760396,0.11818765512479719,0.07530105901872138,0.0704029187850291,0.01334439114933419,0.021747616385458142,0.4,0.3,0.1,30,7.306006700770638,11.46611892258468
12,21,0.47039467974767457,0.5689227620339359,0.27641230632199176,0.12323344009080701,0.036261502087343675,0.0704029187850291,0.01334439114933419,0.021747616385458128,0.4,0.3,0.1,31,7.322382974227587,11.344416692576347
12,22,0.46641026415351716,0.5446129044031868,0.2564511746821489,0.1433707337632164,0.322830116216377,0.0829550355790671,0.047500753453905045,0.08534337781510856,0.4,0.3,0.1,32,8.651739244957849,13.194502635075793
12,23,0.4262882633155635,0.49860322595578005,0.22620478298064617,0.1573293919199703,0.1824498646214371,0.08326717195526087,0.040166798276134494,0.06313012652593822,0.4,0.3,0.1,35,8.260323959401997,22.21054716933049
12,24,0.3828655718277214,0.48283351627507265,0.23806339384477987,0.17164245204383882,0.08584815578996757,0.0633309745239468,0.033383425868272934,0.04804024074562341,0.4,0.3,0.1,43,10.581104517760268,8.024446307793227
12,25,0.36919288869212546,0.4820385597840952,0.25156194042915897,0.17321715890747108,0.252828093267501,0.073594636924436,0.02901167576604128,0.0460946692078709,0.4,0.3,0.1,44,10.386500822417668,6.701535251679871
12,26,0.3681547325704314,0.46247543693622395,0.22715484591815388,0.19698272718520163,0.054220310872284745,0.08236986492090857,0.028307093004359428,0.033593440145237456,0.4,0.3,0.1,48,9.153809365975471,5.876793553865556
12,27,0.3677993020255834,0.4792990761740872,0.25095184530212206,0.22442699801049493,0.05472012779811795,0.08446696201874315,0.02830924453836134,0.03366685923591401,0.4,0.3,0.1,50,9.087235651997188,5.978188252673609
12,28,0.3672157165959798,0.4605426863946372,0.22691383201086912,0.23647252764329046,0.05193776631698765,0.08711144214946873,0.03031040090425684,0.03405007269540024,0.4,0.3,0.1,55,9.8529702572863,5.052194807267122
12,29,0.35265557844080736,0.4600201946616583,0.23792350873016005,0.2437184367388101,0.15791505008504575,0.07779508987607724,0.028033832898804352,0.03379480117780198,0.4,0.3,0.1,56,8.303263281888215,4.493551037794905
12,30,0.34936949125907313,0.45401906110159496,0.23582805078115981,0.24911168362210773,0.16140790602418817,0.0877502268609491,0.0290644522814399,0.03422317047512975,0.4,0.3,0.1,57,10.428720441187362,5.933456303561709
12,31,0.3433173780815288,0.44702965559759195,0.2301481084198405,0.25237196054434724,0.0706670201159362,0.07898207289733572,0.029110190802592018,0.03391528569557231,0.4,0.3,0.1,58,10.442446428826663,9.151225867474606
12,32,0.3450495361576156,0.46561227842505076,0.2560510023744789,0.25861891670330206,0.08220133491224293,0.0877502268609491,0.0290644522814399,0.03422317047512975,0.4,0.3,0.1,59,10.317604351500178,5.731258485539663
12,33,0.3394103726270676,0.4591622481139688,0.25070659620742664,0.26768511312505255,0.06961952148771257,0.07898207289733573,0.029110190802592018,0.03391528569557231,0.4,0.3,0.1,60,10.232956574674509,7.989662077113045
12,34,0.32634688744721746,0.4959653335510997,0.31037764303787074,0.25413721727380617,0.04577194652683964,0.07365894215561061,0.01915568310984979,0.025353275044335523,0.4,0.3,0.1,66,10.55073915427334,10.61692758466533
12,35,0.3229372223611482,0.5092370219787029,0.331167781950843,0.26209117797161957,0.05168129681945413,0.06967243591868044,0.01953554223163064,0.02753468643768255,0.4,0.3,0.1,68,10.61621093140999,9.893310275463504
12,36,0.3165193213109118,0.48158026458904474,0.3018010905127643,0.2634351933739508,0.1536558034732194,0.07280132398835085,0.02025871199589362,0.03532848493060038,0.4,0.3,0.1,69,11.843004728279285,10.670290507227197
12,37,0.33504384201384474,0.5011659266901124,0.32005748998502176,0.28923185403720825,0.05855909210219484,0.08114888839853024,0.04779937047509149,0.0799969288357967,0.4,0.3,0.1,73,11.048960949907404,9.836549623238646
12,38,0.32104455473560556,0.4853112371857873,0.30651253610027407,0.2921838269358902,0.1483835887300803,0.0678648776891668,0.03689999575905311,0.06840535093074224,0.4,0.3,0.1,74,9.699070329086393,5.365650186144769
12,39,0.3055429560542843,0.4845747928276796,0.31554003693855953,0.2809969885999993,0.10344024276122143,0.057568773466568746,0.02718293507080839,0.04545695868329372,0.4,0.3,0.1,75,9.335380333381918,8.120663868101794
12,40,0.27640021637561557,0.46853084061380046,0.3363077900524062,0.30444524705047626,0.19755278722195502,0.07215454061979497,0.03908814514331786,0.07648461914905855,0.4,0.3,0.1,79,11.194349372022984,9.439356316949253
12,41,0.2699109753888532,0.45757093304492796,0.32979142754471896,0.30760301389844896,0.1180649866502298,0.07201657944948701,0.041892789535496786,0.07660885469751129,0.4,0.3,0.1,80,11.074554664642893,10.861544420369585
12,42,0.27084270449057746,0.4593141390124295,0.3307349239910397,0.3266867673437174,0.05262321657751018,0.07332162980971146,0.038838924413586016,0.07681993734013066,0.4,0.3,0.1,84,11.257776593500704,9.398135053776503
12,43,0.2635994007510862,0.41421285365461885,0.27555938836156746,0.3325567697943794,0.11199167479106135,0.06300664185040367,0.04517210092486071,0.0700743354717483,0.4,0.3,0.1,85,10.90364142058841,10.688336661005906
12,44,0.2615585250766699,0.44176595936610125,0.3211387293308334,0.3485977577314179,0.11811759630010701,0.07862685439709015,0.04012134642760049,0.08669864713041787,0.4,0.3,0.1,87,11.137319422454004,8.266212794135596
12,45,0.25432321736788993,0.41628305723371184,0.28992602911310583,0.3484786956662126,0.05965324279467044,0.06336872769995061,0.04531657513797646,0.06999101860786426,0.4,0.3,0.1,89,11.636782260453508,10.85095407506774
12,46,0.2546028528116264,0.4111143645410703,0.28979981988062736,0.3545772224741337,0.23099659990747387,0.07884517246074091,0.04760970203395083,0.08295333449520773,0.4,0.3,0.1,90,10.135652178161296,8.04897993932106
12,47,0.2295129970133885,0.3739245538622689,0.2633338257431174,0.3548146532279131,0.14555882799594272,0.06588721655772699,0.0422368417005819,0.0627818267152125,0.4,0.3,0.1,92,10.521583265423056,8.942895462233222
12,48,0.24075838751862677,0.3890330937829125,0.2750793421735365,0.37227044452534414,0.09307209780678148,0.07596941253310482,0.04499396659144013,0.07627417970479684,0.4,0.3,0.1,94,9.716405033022063,8.177311954442832
12,49,0.2250817667385594,0.39412142823598967,0.3051520723962648,0.37580617593774346,0.08168359800138024,0.08091672209863827,0.04427891420128382,0.08206238079181484,0.4,0.3,0.1,95,10.178219190351577,9.520556471786517
12,50,0.22816068831887376,0.4010813327910604,0.30887275669074427,0.39034635548449825,0.06724719398912268,0.07731032138999548,0.04434993565238233,0.08015537666314522,0.4,0.3,0.1,98,9.95915500665242,8.204803565303463
12,51,0.22928385760764014,0.3996311920982299,0.3095759621382575,0.40055067206946504,0.05980351632720939,0.08356508765186035,0.04582978609037674,0.0931794180919942,0.4,0.3,0.1,100,10.356877799187917,8.406318316941142
12,52,0.22115427829597623,0.38753103797200916,0.3007590533620734,0.3950220020720301,0.22359611545993308,0.08060873321992648,0.04029739387361618,0.08748194478189822,0.4,0.3,0.1,101,10.588914051312326,8.383457163099054
12,53,0.20153187217236315,0.3479359845593671,0.277008155130317,0.44456097956376345,0.10021353623013217,0.08277513908790314,0.04322651967316547,0.09334951106420396,0.4,0.3,0.1,108,10.97030385683334,8.15210336482057
12,54,0.19922125837403915,0.3616613980504384,0.29827348392480457,0.4647200662750056,0.09535316280254702,0.08358044829363719,0.042675029575192966,0.08426300439017002,0.4,0.3,0.1,110,10.536841110934152,8.021372202770577
12,55,0.18660689368450661,0.4669721227369886,0.452002380798823,0.5852220586363694,0.050443130778602824,0.047560697351137896,0.06458953796528999,0.08688964366681415,0.4,0.3,0.1,150,12.467425675670247,10.00476492690364
12,56,0.1908440535327661,0.48072484649908437,0.47812716170230385,0.6277773327750381,0.14428601632990493,0.0816644870555391,0.06272876892546068,0.07668199920243526,0.4,0.3,0.1,151,11.514284580295934,11.427842686378684
12,57,0.17560963838220836,0.40499428643696694,0.388981973276819,0.6105894501518768,0.09114739267300169,0.0642356557175518,0.06031240689239613,0.07424673742548801,0.4,0.3,0.1,152,12.134866555035376,7.837253207281585
12,58,0.17723915626923897,0.44319369983944656,0.438879068271595,0.6368930015320035,0.061390456242664954,0.059659519017363924,0.06382294613048389,0.08496674494120385,0.4,0.3,0.1,157,12.393239108735395,7.552752140013157
12,59,0.17250400653444226,0.4334871487604437,0.43275658224502567,0.662187433375042,0.08494079060096069,0.06008555111171071,0.06313976355320353,0.083088801188861,0.4,0.3,0.1,160,12.293292734891846,7.272535983690912
12,60,0.17742651718753083,0.5951400800908877,0.6527201265740055,0.7885553057907023,0.05748019961252638,0.07487853213527303,0.06326017498261541,0.08445509021240574,0.4,0.3,0.1,197,12.208289322507405,7.267850629283651
13,0,0.892182192941935,0.8391868805089687,0.3795240443936833,0.01208476657044949,0.0,0.0,0.0,0.0,0.4,0.3,0.1,1,10.568754690478396,27.066519061878072
13,1,0.6657033101111399,0.683639380127942,0.2948820437351806,0.03697062939279649,0.9143133701476943,0.08010185776891422,9.215113453137999e-05,0.00015404685469989001,0.4,0.3,0.1,3,9.895183970953216,22.20655741666351
13,2,0.5773348034742355,0.6064990719609834,0.24977374580614073,0.046088000131747194,0.43826068483548564,0.09917905081994141,7.813674805458e-05,0.00012052416732277,0.4,0.3,0.1,5,9.549188306379596,9.728756625120669
13,3,0.575773039698612,0.6226072599639456,0.2729043047233047,0.05201163434723467,0.04802208600802209,0.09982230467449452,8.641256341043e-05,0.00013328942540574,0.4,0.3,0.1,7,9.628944307899229,9.253091020430029
13,4,0.5729863244004174,0.6024645488505347,0.2476498048269437,0.05313231238165593,0.05645602429527643,0.1017114600483298,8.730997592692e-05,0.00017685735601841,0.4,0.3,0.1,9,9.25448136726034,9.072612513669498
13,5,0.5233673946402505,0.5713817196447749,0.24345278039894963,0.06435212416314258,0.5567494779458593,0.09864224142233116,0.01655182417085213,0.01939555002828474,0.4,0.3,0.1,10,10.500339008255306,12.24223242909624
13,6,0.523326372016398,0.5889000257119291,0.26736198735262723,0.07000719815527456,0.046560037580291064,0.09864224142233116,0.01655182417085213,0.01939555002828474,0.4,0.3,0.1,12,10.425715598070235,12.08726022155123
13,7,0.521009458908977,0.604038797925511,0.29052568247158234,0.07911833499281626,0.0688366952987889,0.1034569350476233,0.016595976475100298,0.019455456053547728,0.4,0.3,0.1,14,10.386274994059256,8.695953096304786
13,8,0.49738973622155536,0.5439038328989977,0.2288251998222426,0.07912040620941273,0.33120671901881765,0.11420001959474937,0.0176784615882469,0.01904782160300262,0.4,0.3,0.1,15,9.090001082370772,13.862882637383176
13,9,0.49479429733632185,0.5409875330400375,0.22763788080042996,0.08255144701400395,0.09757759356510655,0.11842832636305245,0.01755396739239086,0.01910220803353422,0.4,0.3,0.1,16,9.100972011407416,13.896910231241536
13,10,0.46152255912314005,0.523480376732334,0.22524946631242582,0.07727781696335836,0.26278321370277197,0.09370372976512864,0.01176990297951489,0.01605685308083846,0.4,0.3,0.1,17,12.628504875915835,14.977201327357736
13,11,0.4584966825038825,0.5376989251408922,0.2471756934054648,0.08372130112964435,0.059688317132446884,0.09401336376195431,0.011915487167298521,0.016235717374555238,0.4,0.3,0.1,19,12.603843730619186,15.521174794670186
13,12,0.4573214331959982,0.5183580614919543,0.2225526806699414,0.08521004381767484,0.06806423617335708,0.09691883099919998,0.012149908159304581,0.015019731996838481,0.4,0.3,0.1,20,11.224483604718785,14.63965626494259
13,13,0.41738527861083163,0.4733668656304145,0.1921315733438211,0.07898421376298412,0.40185314923017174,0.08008065598729934,0.012810247848620879,0.01603491702871596,0.4,0.3,0.1,21,12.134752395864265,14.239137832837928
13,14,0.4174882982269794,0.4888741418123408,0.21852848113968748,0.0974091362275897,0.0841743192900662,0.10493513996598347,0.01265335402056669,0.01602842781282027,0.4,0.3,0.1,24,10.041855674756448,15.041357187088977
13,15,0.38347375620112917,0.464143741058512,0.21623758963427975,0.09981179555731653,0.44880674530308823,0.09838468120725245,0.0181479439819067,0.027945713638215693,0.4,0.3,0.1,25,11.491296808013123,14.07048720944252
13,16,0.3602515778255422,0.4329520863890013,0.1975421875540849,0.11234338022192356,0.11155814627353106,0.10263805917451607,0.02027593008987847,0.02331182930835786,0.4,0.3,0.1,30,12.725257815969334,15.72616261427932
13,17,0.35161483958338585,0.42006190161008583,0.19065686937568257,0.1194561747141943,0.12698966737259196,0.11049966330206136,0.01943177230492862,0.02439870324708986,0.4,0.3,0.1,32,12.777644422258476,14.595799050333376
13,18,0.3486610260300184,0.416095985692179,0.18808539374434313,0.12400122710081636,0.08697027745617943,0.1097772127147066,0.01948483481256687,0.024368995366037573,0.4,0.3,0.1,33,12.762764971124136,14.806769606856356
13,19,0.342335510477524,0.4446558055801061,0.22964991499026985,0.14152571354425542,0.047451393329062945,0.0945334553205146,0.02069961935289224,0.022837277547539718,0.4,0.3,0.1,38,11.868580938611148,14.561778935152034
13,20,0.3370449707796152,0.4543506743511816,0.249156490726894,0.15270062132989598,0.1332575519286317,0.09044039889814146,0.027507468933015138,0.03107979945953731,0.4,0.3,0.1,39,12.783067275029476,14.055784805699991
13,21,0.3308247814767036,0.4631452204599223,0.2676184125027089,0.1688229553842705,0.06796882257897298,0.09031235969095608,0.02750651513709763,0.03106720625940801,0.4,0.3,0.1,43,13.040436189774388,13.710469362497893
13,22,0.33026332773326683,0.4799140611369463,0.29105469354443236,0.1858017790817545,0.051088883215088435,0.09027018589709372,0.02750667854535676,0.03106372006215354,0.4,0.3,0.1,45,12.947080415464546,13.182036552701671
13,23,0.3177138376313981,0.46332511782473434,0.279488637214191,0.18433391592432613,0.1691660833240592,0.0799504029381819,0.03016029921304596,0.03140982363820314,0.4,0.3,0.1,46,11.890992387955482,16.169907213534284
13,24,0.31605875459380306,0.47842556753656934,0.30193966994708404,0.19617514866199645,0.05643020089425813,0.08035242742501583,0.030004070536442877,0.03148776509995327,0.4,0.3,0.1,48,11.886280142036972,16.176953620980388
13,25,0.2883852139560676,0.402931124044045,0.22817926945846445,0.1748763297905973,0.4026023733746376,0.07596544927514232,0.02855453685522948,0.032917199169909775,0.4,0.3,0.1,49,12.479023028953517,14.240161169110216
13,26,0.281703622977617,0.4101972639194626,0.24567627744037127,0.19150988479272507,0.06615591220616138,0.07576811897492916,0.02850352177170724,0.032959083866530334,0.4,0.3,0.1,53,12.749199221066366,13.8456339296073
13,27,0.2784926652960898,0.422462080554756,0.2664922002795944,0.19456941000330072,0.09681108595723575,0.07371296366598709,0.03259721131122844,0.03353001012823361,0.4,0.3,0.1,54,13.44203466037421,17.143331826420937
13,28,0.2776652705073865,0.4383949072200181,0.28962783876179593,0.20972580685945677,0.053479552661053545,0.0752413812077338,0.03243805046070366,0.03353097296693132,0.4,0.3,0.1,56,13.460878528304216,17.288450698209704
13,29,0.26803217450437444,0.40534194699552833,0.2561350662881518,0.21186227348393408,0.09261994698169648,0.07603171682666289,0.031915093001222514,0.034063794818263646,0.4,0.3,0.1,59,13.454666520591744,15.360571188197424
13,30,0.2670895508374695,0.4039216950171577,0.25518933013821204,0.21162814614764647,0.05504546034378649,0.07563641620698716,0.03188935555537525,0.03407563696469806,0.4,0.3,0.1,60,13.722672869779553,15.263852228732798
13,31,0.26703340478442333,0.42134900635608363,0.2790671438299737,0.2207524045122322,0.04514363726680852,0.0757817616134134,0.03192124174113028,0.03407221005095305,0.4,0.3,0.1,61,13.473879873801929,15.37146066360986
13,32,0.2642277922891725,0.4159311501335811,0.27621837045878134,0.2243608694860962,0.0766164115558447,0.08010726195039608,0.030677488104195398,0.034306153264577324,0.4,0.3,0.1,63,13.91507358299653,15.091179312108729
13,33,0.2631071261901197,0.43086942349969776,0.2989889037840711,0.2469341839680696,0.05317419509773124,0.07714644206461185,0.03683833977652638,0.04001401536860954,0.4,0.3,0.1,68,11.84177580051799,17.554718353497183
13,34,0.25213655967961685,0.3943939534925764,0.2636586925580061,0.24568827710743077,0.2340864417253717,0.08297300528947063,0.03519376563776761,0.03148861713581147,0.4,0.3,0.1,69,13.446662334152142,14.669251295803903
13,35,0.2497171011658818,0.3894500056933525,0.26103991868530474,0.2611466426081356,0.05967328884211616,0.08428089324372832,0.03446551757089742,0.04053075952042489,0.4,0.3,0.1,74,14.147611335619564,13.29659583686569
13,36,0.23329474600988068,0.3629918779841155,0.2435542694167459,0.26586930574876366,0.11979867644330472,0.07719357209692893,0.034799600769803415,0.04072878068293036,0.4,0.3,0.1,77,15.290368494776056,14.805446403425396
13,37,0.228723514997979,0.3861557790364276,0.28582310326173593,0.28371066796992156,0.129359539497449,0.08441173076967431,0.039559434278332514,0.04618445850689384,0.4,0.3,0.1,79,13.480443599519822,12.562046602914087
13,38,0.2231741248983396,0.37819794734649825,0.27990444476196524,0.2838646280434435,0.07311897669491269,0.07784404831245441,0.040085899027249086,0.04525375269818438,0.4,0.3,0.1,81,13.855277198787556,16.10300438508066
13,39,0.23990555525935212,0.4799904641079728,0.41586354994541236,0.3864963345834314,0.07111493553293026,0.10358941050485371,0.06110891805532631,0.07977537745254568,0.4,0.3,0.1,98,15.6463811273896,13.705232863435276
13,40,0.23593866203924851,0.47508485454138977,0.4117261539452047,0.38659875147046235,0.07416907124662496,0.09281416725664147,0.06385490566486915,0.08591135101051489,0.4,0.3,0.1,100,14.960454400143153,15.042331234929748
13,41,0.2129675802038572,0.4138524954507509,0.3403296858436142,0.3622433652207703,0.06710749909828251,0.0770441133244805,0.034802195162691715,0.04345357672915206,0.4,0.3,0.1,103,15.694926819049954,14.041790231635458
13,42,0.2116354817326143,0.4290895661472217,0.36275142904426366,0.36495565332595403,0.0655727394392447,0.07615600325878966,0.03519222824662864,0.044035885259744625,0.4,0.3,0.1,104,15.73214177979984,14.08627161865386
13,43,0.20981895471189232,0.4238802680341066,0.3602932757133301,0.3726447174603813,0.08173125675511207,0.08141552250720706,0.03573321417246221,0.04208278337463559,0.4,0.3,0.1,106,14.89539479949623,13.727865843727193
13,44,0.20803064871993085,0.6087311818101936,0.6204684494592497,0.4879205712779833,0.05856256266293648,0.09971221350842116,0.03435499988526456,0.02753450109317822,0.4,0.3,0.1,129,10.068944038931658,13.26950241236674
13,45,0.18174044031062217,0.5107584267316865,0.5179621244700876,0.489235503873163,0.1372289660180475,0.08292570874550607,0.034375189088002224,0.027811040500401764,0.4,0.3,0.1,133,9.569077626781525,10.145489809560472
13,46,0.1772398676852608,0.5327415507915497,0.5590313732066091,0.5414739136213675,0.06416149334105403,0.09092122336693352,0.03569678964967868,0.028163164523315097,0.4,0.3,0.1,144,9.154367091366828,8.919777302322759
13,47,0.17417727726461152,0.5442006041072942,0.5790697474795901,0.5511866261074554,0.07704035165418523,0.0903412105519346,0.03562080345555439,0.02803516346852817,0.4,0.3,0.1,146,9.47942193891834,9.894827489338835
13,48,0.17197453533937812,0.5391698688629292,0.5760779174794356,0.5546881002097526,0.1007560688100592,0.0912469768641076,0.03562652845765807,0.02804116681885056,0.4,0.3,0.1,147,9.65292619157336,9.785744563366912
13,49,0.1661661008670349,0.5640188412528825,0.6168681234457276,0.5546419377406215,0.07467013536778701,0.08945122846978121,0.033656361189255815,0.02287079776876218,0.4,0.3,0.1,150,8.825209364750965,10.00400364400108
13,50,0.151008978100834,0.5492792970930468,0.620462003513126,0.5542222205324956,0.345483340444928,0.08830494612749237,0.03254431762189289,0.02424508316211104,0.4,0.3,0.1,151,9.540218187099295,10.316922915868206
13,51,0.14628399049662838,0.5190041306589499,0.5892398186685985,0.5567865127043063,0.11681815130678858,0.09210199495532881,0.032682382575190586,0.02512451031811853,0.4,0.3,0.1,153,9.712331562236908,10.851487982215508
14,0,0.919743843421163,0.8565232512775663,0.39030910514031836,0.013046472579511033,0.0,0.0,0.0,0.0,0.4,0.3,0.1,1,9.325001936973292,25.723573314798685
14,1,0.7105800422196724,0.7192267217729653,0.31562129504262076,0.03544623276853905,0.8073778571548356,0.0708520593883385,9.518653633368e-05,0.00010429222761893,0.4,0.3,0.1,3,7.764597511576329,20.936021144334457
14,2,0.6425872119896455,0.6641579691716207,0.28280274475500095,0.042186360458436226,0.3090348661175116,0.08039710140961012,7.615480709613e-05,8.347793112828e-05,0.4,0.3,0.1,5,6.279173390084424,8.80797048838351
14,3,0.6424713362519114,0.6816321536270774,0.30671916984170033,0.048026322802307383,0.03311933963395572,0.08062334815521559,8.046223697116001e-05,8.819741640720999e-05,0.4,0.3,0.1,7,6.303282982329803,8.743289768775915
14,4,0.6421729697275389,0.6820732043367416,0.30885282899685823,0.05648892781011227,0.05826246466083408,0.09291140449441966,8.904401576422999e-05,0.00011057845407960001,0.4,0.3,0.1,9,6.561288855386249,7.753741690301387
14,5,0.6407883537560546,0.6844504396114774,0.3213818741815998,0.09311301748774904,0.3191950432141035,0.1658061914332483,0.00013397954863313,0.0008035457332036099,0.4,0.3,0.1,10,6.5369007837201565,20.75978280272128
14,6,0.6116801178004391,0.6745483907193083,0.32381300688272335,0.07904769326331115,0.2028941747146105,0.1049913121257934,0.00202891180762059,0.12142683443760427,0.4,0.3,0.1,11,5.846745951069818,9.880295986015746
14,7,0.7326612575689543,0.795901029942139,0.44672852889355774,0.22001868429252025,0.21912924234968972,0.1739921555368476,0.03546468182915251,1.0,0.4,0.3,0.1,12,7.131279668044227,10.89445137656884
14,8,0.5741454797588489,0.6376193038185197,0.28887958334031577,0.05218847829497273,0.03504958346392294,0.04106339273603321,0.02222902222364473,5.677859255836e-05,0.4,0.3,0.1,13,6.233263745947911,9.839037736527796
14,9,0.9001275078671395,0.981890545155158,0.6435858440318329,0.40605152165173797,0.46078670543241373,0.361157237668444,0.3869735962329675,1.0,0.4,0.3,0.1,14,6.763234935788207,17.64757074655843
14,10,0.5202571320748962,0.6210887479775187,0.30478193877352017,0.05569345155775292,0.41193360945480534,0.04028351837436882,0.02471999211843767,5.582317273153e-05,0.4,0.3,0.1,15,6.345035089862842,8.409617538744367
14,11,0.5323821113510666,0.6156654959177956,0.293555925361546,0.07626843948920888,0.05145414705206058,0.06411768336813187,0.02801436773071354,0.03134351816441646,0.4,0.3,0.1,16,7.590962644098228,8.756189408999605
14,12,0.5302325311089421,0.6310801583487727,0.3161562516668081,0.08259870911354836,0.04725624204675343,0.06411768336813184,0.02801436773071354,0.03134351816441646,0.4,0.3,0.1,18,7.600003327851757,8.33597604850744
14,13,0.4994059084713474,0.617106519118262,0.32110878984726254,0.09073119632650373,0.19503093146234918,0.07297431847005793,0.032073871803162,0.0005360959389263599,0.4,0.3,0.1,20,6.54486942596692,19.87914784730697
14,14,0.4985953969863862,0.6337936504208663,0.3446953761212972,0.10766454392182198,0.0459065416682157,0.0742579880310799,0.032074786440346295,0.00054585109577486,0.4,0.3,0.1,22,6.588559855501603,19.49006121139806
14,15,0.4440907158853434,0.5574971378624001,0.28182011141605295,0.08962579834115833,0.5256824099682672,0.03932326078053805,0.04725221386174635,0.03124149276422562,0.4,0.3,0.1,23,7.547049118602645,8.477987116421971
14,16,0.4440907158853434,0.5750572434974105,0.305755263297661,0.0966489938340932,0.0330296332407083,0.03932326078053805,0.04725221386174635,0.03124149276422562,0.4,0.3,0.1,25,7.547049118602645,8.477987116421973
14,17,0.4423079718495577,0.573038483508087,0.3044968168651998,0.10444224278030663,0.042467430452736064,0.03930636136848301,0.04725196653841242,0.031242293709502413,0.4,0.3,0.1,27,7.598162287919839,8.040226443220355
14,18,0.42187496258821616,0.5972526806962407,0.36807590676913154,0.13207305722877183,0.5618169110211294,0.05197781346399176,0.09766180748045576,0.08026827930861674,0.4,0.3,0.1,28,7.8943653581992335,7.192007089202161
14,19,0.40922942618985336,0.580566345578332,0.35928143991336525,0.145351453726362,0.12781941752798984,0.06246413030492113,0.09766039395137141,0.08029293468983163,0.4,0.3,0.1,31,8.789925579835685,15.206222456840072
14,20,0.3989889428084519,0.5846480657747939,0.37541911794601607,0.15652050763348183,0.20506645411390056,0.0663357853692361,0.09767534760422852,0.08031135256109491,0.4,0.3,0.1,32,8.37482285188402,5.959536794439867
14,21,0.39794878196958194,0.5835704826419091,0.3744049378971663,0.16922301934379774,0.06348545202402332,0.06407074185352354,0.09766844979930628,0.08029640980256939,0.4,0.3,0.1,35,8.335846890613489,10.70392046771971
14,22,0.3947691384037243,0.5607140708756418,0.34868021017352946,0.1524571365439688,0.11057591253857468,0.0675865129897191,0.10583911692402623,0.08155330321310002,0.4,0.3,0.1,37,8.586003979557134,6.005159935023413
14,23,0.34655748793643276,0.5219960364503846,0.32850651663482666,0.13785726490584807,0.34569053652339293,0.04358030374854603,0.07576857094759906,0.027033855948681268,0.4,0.3,0.1,38,7.037360847002587,6.6988297321306485
14,24,0.34653424783839226,0.5219615094917339,0.3284876804533997,0.15144163659032886,0.04300420055225406,0.04359833112097179,0.07576905269997643,0.02703302729390709,0.4,0.3,0.1,41,7.039368628869175,6.693208639523007
14,25,0.3415607116911917,0.5429795269802566,0.3743982522320702,0.1799950009590154,0.1616251208658717,0.0579262012943871,0.09885497472206291,0.08076530278005392,0.4,0.3,0.1,44,8.281650386042006,6.443651130184377
14,26,0.3133333140755651,0.5138652483680952,0.37293561352508237,0.19460014535576778,0.5999906826497671,0.08159764081135183,0.09928376632973343,0.0810734296913548,0.4,0.3,0.1,45,9.435622994549732,6.699905577077266
14,27,0.30247932943471517,0.49766682382360394,0.3623335995387366,0.2076629457558584,0.09700144071003569,0.07792191505044443,0.09970679481413268,0.08061672718585203,0.4,0.3,0.1,50,9.76814222571841,7.2935202878732355
14,28,0.285767072519664,0.45177873439453675,0.32159887667950593,0.2112080120605365,0.16702329893676468,0.0839208511303106,0.0985932219555201,0.08174904290969014,0.4,0.3,0.1,53,9.99597138964279,7.160327128447642
14,29,0.2672109304533726,0.42008585367686113,0.30205190282298405,0.2312468626928211,0.3737733135888669,0.07839382366793338,0.10714453062104859,0.08268094289072407,0.4,0.3,0.1,54,9.65720544276008,5.885170469291075
14,30,0.2672109304533726,0.42008585367686113,0.30205190282298405,0.2312468626928211,0.07176914076421882,0.07839382366793338,0.10714453062104859,0.08268094289072407,0.4,0.3,0.1,58,9.65720544276008,5.885170469291075
14,31,0.26727940646888637,0.42001884256397193,0.3021061969418459,0.23759165247679348,0.07353019621649216,0.0790102676952667,0.10715217544822671,0.08273211362560595,0.4,0.3,0.1,60,9.610212340975025,5.785626510244587
14,32,0.266748528091232,0.43673105880773494,0.3254771208748352,0.25244809634419796,0.07899249815199497,0.07878570680003681,0.10714524528351632,0.0826827787050122,0.4,0.3,0.1,61,9.619139265102415,5.481077245608125
14,33,0.2505434968261748,0.46255910170691267,0.37973206788046543,0.32395287958249824,0.08071202848765693,0.07043697528703322,0.10818104233841505,0.09060147739907552,0.4,0.3,0.1,82,11.392404238986922,4.044511315675906
14,34,0.2552323804881052,0.49824107877675294,0.4316602564002875,0.3688994324396022,0.10328078568152947,0.07089206422833015,0.1391019865523051,0.09415500330621818,0.4,0.3,0.1,90,12.944310169189745,5.186380216132609
14,35,0.24622627172958736,0.5007110316473738,0.4455588500921089,0.37627040859988903,0.14123493306608922,0.0713631463656489,0.1329340788563645,0.09360737220724427,0.4,0.3,0.1,92,12.659559875537834,5.437798420785413
14,36,0.2291419671233946,0.46649924431485446,0.4250103753124274,0.3825414229568678,0.18917059801573693,0.06893166579757226,0.1444469765436309,0.08823763113471315,0.4,0.3,0.1,96,11.70065155728087,5.166646163392393
14,37,0.21757693825841457,0.4607763208710881,0.43459401418438537,0.3752615243027939,0.2352561072814856,0.06991824691441474,0.14425614471120105,0.08838595247162753,0.4,0.3,0.1,97,12.358670906616506,4.634384114651358
14,38,0.21757693825841457,0.4607763208710881,0.43459401418438537,0.3752615243027939,0.08008320713034972,0.06991824691441474,0.14425614471120105,0.08838595247162753,0.4,0.3,0.1,99,12.358670906616506,4.634384114651358
14,39,0.20337736888566935,0.4542463917078369,0.4417788160542746,0.43909106924119,0.07929608920552471,0.07731824679437407,0.12215076911950866,0.07843039038540076,0.4,0.3,0.1,114,12.969837547061882,4.7450146188142535
14,40,0.20098835422038844,0.4667825108216003,0.4625885599860293,0.4493302205782284,0.09834610845057203,0.07731824679437407,0.12215076911950866,0.07843039038540076,0.4,0.3,0.1,116,12.983921379018469,4.629104226609944
14,41,0.20446898239160996,0.4856339087960171,0.48939617469484165,0.45791806314233574,0.11147875995933705,0.07618095980153769,0.1359378402418656,0.0963763670516396,0.4,0.3,0.1,117,12.582623564873618,3.88405280032404
14,42,0.19965494869911102,0.5534290295535805,0.5998229479872893,0.6247937433780003,0.10001211312920476,0.062073568539875404,0.172019525042155,0.12916454008665051,0.4,0.3,0.1,139,13.750971255739344,8.653524718997122
14,43,0.18337582433786906,0.4562279929816203,0.4844727223025208,0.5863118136938449,0.12829221047746803,0.05849310157912339,0.150838329388586,0.13193385645751604,0.4,0.3,0.1,144,13.250262869512506,6.13362386430699
14,44,0.18480927030791888,0.5391949601097913,0.6035524203438378,0.5890790973428592,0.09785345622341653,0.08797484511939858,0.14332154889044316,0.1003677103141816,0.4,0.3,0.1,152,11.045972110167783,6.365718007914697
14,45,0.17726735373690183,0.4420053073859403,0.4757265991986663,0.6113952083845228,0.16183353511856208,0.06031770470914692,0.15848935635418787,0.10437675241084396,0.4,0.3,0.1,155,13.468878054860088,6.147310966731665
14,46,0.17159525350511975,0.5451545645702676,0.6328157064465275,0.6351637898335293,0.09488809486753301,0.08426822189577188,0.14255391180516358,0.10517110776085029,0.4,0.3,0.1,163,15.348337353873552,7.851740115051737
14,47,0.1611375764062576,0.49608486026705134,0.5732662153187011,0.7201555430919857,0.08283243713695217,0.061452634754209055,0.1444139606919388,0.1114265019125972,0.4,0.3,0.1,168,15.184203489181936,6.496797158735206
14,48,0.15363012575109772,0.47866714839203794,0.5622177020724344,0.7202325242897758,0.1435058825582359,0.06067778011931126,0.1442212352696106,0.10947033805409576,0.4,0.3,0.1,169,14.536590836657904,6.08790338919631
14,49,0.15663443285152162,0.48615800065476333,0.5668383395317176,0.7259556424900743,0.10365172386557167,0.05982159631622626,0.1443896064134827,0.11134652409872985,0.4,0.3,0.1,170,15.32084582317456,6.504026649134511
14,50,0.14447641749899867,0.4296724224324769,0.5208011488564465,0.7271360690821539,0.4473916202549422,0.06080229536049984,0.1619828931100588,0.11057329585015116,0.4,0.3,0.1,171,12.92309890289468,6.687848057204181
14,51,0.13669486360380106,0.498231777278476,0.628233419164425,0.7438407842608392,0.09809556419709328,0.0762387368986642,0.14029956874253044,0.10665393187193035,0.4,0.3,0.1,187,15.176505010717912,9.036631958432718
15,0,0.9032865581541236,0.8462228731522449,0.3839011995296048,0.012475036292622074,0.0,0.0,0.0,0.0,0.4,0.3,0.1,1,10.05054762303414,25.35879272068937
15,1,0.7230325312857381,0.7298756539546862,0.32381215568063293,0.039951603566483126,0.7325084831285238,0.08119971276634437,9.233232397674e-05,0.0001676843414621,0.4,0.3,0.1,3,7.493050727020117,20.4027471286912
15,2,0.6495269141296542,0.6707778746385746,0.28871399897666017,0.047034942664483666,0.3355463386480971,0.09224274656830041,7.769741882083e-05,0.00014178724421557999,0.4,0.3,0.1,5,6.222905089104261,8.625555021241682
15,3,0.6491992552108915,0.688078845399198,0.3125408838925689,0.05291101423301842,0.03895384644036012,0.09258742292355739,8.342314824568e-05,0.00015230943221582001,0.4,0.3,0.1,7,6.154177478053288,8.032167949788338
15,4,0.5886259795752787,0.6343199866904851,0.2788172425298126,0.05634841769321371,0.20253786441032967,0.08765634612287868,0.00252346514343157,0.00514183263588436,0.4,0.3,0.1,10,6.374459758552513,8.58053926675518
15,5,0.5786310177596473,0.6248750565239092,0.27195231363816713,0.05571046311565125,0.06579871056118161,0.08161858556436272,0.00227102616826539,0.00387083816961006,0.4,0.3,0.1,12,6.590995349604657,10.638095076319196
15,6,0.5797151220091012,0.6262401348406195,0.27477794148985263,0.06646744271488239,0.05711418756068794,0.09416558512019216,0.00246557090946002,0.00539851240046006,0.4,0.3,0.1,14,6.176102762246484,5.046307291185776
15,7,0.562103653411282,0.6096334920686397,0.2648829430652689,0.06866168168007057,0.20712331200539555,0.09692784290824949,0.0026096850517528,0.005458682600679899,0.4,0.3,0.1,15,5.827287192631647,4.784992909922988
15,8,0.5564126638886038,0.6040613144148015,0.2604016798312294,0.06784174326452913,0.06456295028217925,0.09030135800108584,0.00255045075017503,0.00528904501163637,0.4,0.3,0.1,16,5.941121325967723,7.82033993024568
15,9,0.5543049257668116,0.6197075126869064,0.2845258571776488,0.07527490169031498,0.09339392670383409,0.09918167383684931,0.00278476860637879,0.0055754483694701,0.4,0.3,0.1,17,5.898945572621705,4.694019051095099
15,10,0.5286735044197678,0.5593326688986388,0.2203645234329146,0.08715908221455661,0.15131453589372534,0.09032248546068962,0.0105970304025732,0.00222020321443437,0.4,0.3,0.1,19,9.288797365055231,11.782561740192277
15,11,0.4951196417287121,0.5422135521064387,0.22352372436018073,0.09566602293230544,0.3871003450193438,0.0926535057315234,0.013914701115912531,0.00406210772398277,0.4,0.3,0.1,20,8.963937452093194,10.466025013132738
15,12,0.4950137623635961,0.5421018186462062,0.22345402809062434,0.0956597083311381,0.04216855687817228,0.0926535057315234,0.013914701115912531,0.0040621077239827805,0.4,0.3,0.1,22,8.913046948438053,10.568016480150998
15,13,0.49404398154143203,0.5585383580138233,0.24729826942339955,0.10928179159556704,0.05609907856207787,0.09668140111757184,0.01391480027546795,0.004039693783818609,0.4,0.3,0.1,24,8.849045044521059,10.340429873712887
15,14,0.4940439830640978,0.5585383580138233,0.24729826942339955,0.10928179159556704,0.043251309082733294,0.09668140111757184,0.01391480027546795,0.004039693783818609,0.4,0.3,0.1,26,8.849045485283018,10.340428979427257
15,15,0.4591049817394668,0.5211758282824203,0.2216002169267565,0.10690417289062047,0.3270225603668296,0.08582036958425296,0.00643796260932301,0.00495740854796,0.4,0.3,0.1,27,8.989017489165597,11.150758950903263
15,16,0.4588271331061259,0.5208830676069596,0.22136478336188556,0.106754647242982,0.03709015019486757,0.08580429928782227,0.00601773843150759,0.00487132957707012,0.4,0.3,0.1,30,8.872663770455203,10.887548430075723
15,17,0.4392588318936932,0.5164809667378089,0.23139105560837675,0.11228140225818552,0.13616964708579604,0.0857077636093324,0.00428343890844354,0.00395179486069128,0.4,0.3,0.1,32,9.617964209448784,9.197682398628476
15,18,0.43917543720922564,0.5163837543535886,0.2313347458162502,0.11228636151081287,0.036988598617770416,0.08570694200467117,0.0043151870736813395,0.00397021457053181,0.4,0.3,0.1,33,9.63192162880814,9.213509873543847
15,19,0.4273527896995959,0.5206313945613339,0.24619687038717578,0.11704669658251549,0.13938496037772674,0.08002449573029449,0.00501357608365612,0.00366914670925192,0.4,0.3,0.1,34,8.683887388031698,14.746918606734342
15,20,0.4236135603472302,0.5163521986395687,0.24335561426664298,0.11636212044831595,0.05130144175028653,0.07986012418526403,0.00354115132342507,0.00400295199947492,0.4,0.3,0.1,36,8.672537635292949,14.162333476533346
15,21,0.4193736047814449,0.5112519425164954,0.24057403460510982,0.11166375375137075,0.06356007571012093,0.08065380077332449,0.0050596878428409405,0.00662701744493255,0.4,0.3,0.1,38,7.473766908512532,15.349011363987804
15,22,0.41935181709197533,0.5112144833905423,0.24055507650399785,0.11167179391553546,0.034823283970518516,0.08075903142657961,0.00498106378859906,0.0065577168195858695,0.4,0.3,0.1,39,7.453044664732367,15.19736965486311
15,23,0.4118239463982762,0.5022352934270824,0.23496474118654603,0.11115428995484439,0.11831720664399312,0.08065380077332449,0.0050596878428409405,0.00662701744493255,0.4,0.3,0.1,40,7.690892708425207,13.635472600454854
15,24,0.40247911576063705,0.45210807813214227,0.18397910342395357,0.1344381933069,0.34724808976562727,0.10503135990237591,0.02361437461347041,0.01805304254482514,0.4,0.3,0.1,41,7.974801723705129,11.700268995544612
15,25,0.39805298660325855,0.4465763383933573,0.18044635254883534,0.1338962293762167,0.06710269227029173,0.10497214630708125,0.02301396986657563,0.01767160279348311,0.4,0.3,0.1,44,8.123900400434623,11.298769543166452
15,26,0.3673719311225517,0.4250516849857388,0.1793697032025033,0.15892290952221763,0.1656089045098782,0.10521733926280816,0.017763341033413118,0.013999802593384111,0.4,0.3,0.1,47,8.396327194443469,11.032859368740672
15,27,0.3551362487309688,0.42476102916088077,0.19416347783636478,0.16858086554500143,0.27519611515514253,0.11155435213507228,0.024691991394099038,0.01983189242361886,0.4,0.3,0.1,48,7.849039732227337,11.67716594008406
15,28,0.33919919890457095,0.40314834602674887,0.17971424621962864,0.16754746230171783,0.22497827160732756,0.11156096144360583,0.017849361727181788,0.01376755307939379,0.4,0.3,0.1,49,8.217948515451145,10.550961171368174
15,29,0.3244536338932742,0.4206289958628758,0.21365107709873807,0.2071400360876475,0.04965515550385174,0.0904006511189566,0.01729540720651415,0.02175129887423021,0.4,0.3,0.1,64,10.792696031341814,9.408488306536936
15,30,0.3191481728255297,0.4140633887744159,0.2086620216900619,0.20451488490149808,0.07994828636229796,0.08193128143623381,0.01970270719327156,0.024469990832685688,0.4,0.3,0.1,65,10.453777840567792,8.94995469067927
15,31,0.2919706372105458,0.37343763389187173,0.18372055345829463,0.2368817370762883,0.1723761790667245,0.08501327258691634,0.02446188523318808,0.00664717804828574,0.4,0.3,0.1,68,8.019028337308942,9.474087701976696
15,32,0.2882407939974446,0.38532362045686186,0.20409335069775988,0.237670986576633,0.0594069604206021,0.07826875133613556,0.030184560926377578,0.015601531604245161,0.4,0.3,0.1,71,7.708622310773895,10.967235781051516
15,33,0.2750775576559136,0.36572749902614454,0.19133543247078827,0.23804200349126853,0.21113855556034108,0.07806156462069712,0.02767112087346907,0.008964000704701821,0.4,0.3,0.1,72,8.921032010097807,9.921371479984607
15,34,0.26620710211641513,0.35220215221528905,0.18250751616176294,0.2333810103444551,0.15565286808228346,0.07451757390177667,0.02803041414647407,0.01111409975611587,0.4,0.3,0.1,73,9.994047143537085,17.10533077645544
15,35,0.2662071071628072,0.352202152215289,0.18250751616176294,0.23338101046057716,0.03932866241986996,0.07451757390177664,0.02803041414647407,0.01111409975611587,0.4,0.3,0.1,75,9.994046563801462,17.105331962072
15,36,0.2520561118271282,0.32953240209543067,0.16816484793429104,0.2343916059987687,0.24589645115410275,0.0725827418449962,0.028309581467053792,0.01166913391507172,0.4,0.3,0.1,76,10.49845362388336,15.428457102725268
15,37,0.24978885636099138,0.3616296548948707,0.213731281624846,0.26736384657916484,0.04353944756933461,0.069999074728187,0.02829954144822323,0.01083921786469191,0.4,0.3,0.1,79,8.741070551639172,18.924558726603205
15,38,0.2330031865986139,0.2956570656670118,0.1479058403346136,0.24315331818066707,0.2013217320692532,0.07892591722258699,0.02789409501393627,0.009107161324230801,0.4,0.3,0.1,81,11.569996271594604,15.187320568752655
15,39,0.2328193422397671,0.312826893509001,0.17163354924057508,0.25597209436386764,0.04322005848727387,0.07922691059672242,0.02784010416294246,0.00900416572720252,0.4,0.3,0.1,83,11.60160328032362,15.01781564293506
15,40,0.231570526651952,0.32904855789990867,0.1943091950351934,0.2676730785880005,0.040798426148422176,0.07633455119560045,0.027834903560039682,0.009300130011165541,0.4,0.3,0.1,85,11.335122207434091,13.956367732435544
15,41,0.2318937293125809,0.3291885502522518,0.19461166315732903,0.2682189314278635,0.04240552741173224,0.07778381093919004,0.027857390722373438,0.00913072661646867,0.4,0.3,0.1,87,11.54716738747376,14.771218791637567
15,42,0.23050851255757537,0.30558319223039776,0.1687416556268994,0.28004215694480816,0.09664983367553574,0.09147871384839727,0.02535491801755682,0.01017598727552127,0.4,0.3,0.1,89,8.7961964462262,18.535198923553907
15,43,0.21158227793661835,0.29279897857225573,0.17208538679019963,0.2872589343085735,0.08956996514402107,0.07974298764168898,0.02653185330567382,0.00823310968676416,0.4,0.3,0.1,94,8.914211916309313,17.69562826580365
15,44,0.20940906826196615,0.2690167470861778,0.1451458253548374,0.3021494340760402,0.062406245898672906,0.08923863733970656,0.02228381273181438,0.0059158784784758296,0.4,0.3,0.1,98,9.32634467275292,18.35945465091073
15,45,0.20454119524134837,0.27829926486986445,0.16356981377010352,0.31142267593553413,0.07643374036585869,0.08703573321886807,0.021892692676926558,0.00633048901164993,0.4,0.3,0.1,100,9.549923054508442,18.405559440483533
15,46,0.20475915699724911,0.2776138978890387,0.16361325923277745,0.318492198595735,0.06142649776595101,0.08905461096490183,0.0229595604656964,0.007490133635058049,0.4,0.3,0.1,101,9.133987429738314,13.208042441418035
15,47,0.20082974259496,0.2877557895472697,0.1829214118459212,0.3317522811547322,0.11274075445810848,0.08850758020765906,0.02357718520256004,0.00750522265614909,0.4,0.3,0.1,102,8.76767330585789,14.76671923865502
15,48,0.21757129052459423,0.2781177696231449,0.15350747873676393,0.34377320289067564,0.058138323497295634,0.09877460524952726,0.027751361180790118,0.02281417375359218,0.4,0.3,0.1,108,10.92916350925596,16.857396594757436
15,49,0.18701306271030946,0.31249408186952093,0.23775910498425726,0.3846952710584233,0.0818058947901555,0.07575655230483518,0.03853957629445054,0.02461245122735192,0.4,0.3,0.1,114,8.796692257981187,17.671669625565276
15,50,0.18001719858863086,0.26340986768085645,0.18117372284234187,0.3730399383905253,0.1139912454872373,0.0691678346842218,0.04362811532387796,0.03495681639609194,0.4,0.3,0.1,116,11.081058068607232,17.25022248875172
15,51,0.17974559210133043,0.26285870286623214,0.18083081282645277,0.37300879132038206,0.0473042247097328,0.06916783468422177,0.04362811532387795,0.03495681639609194,0.4,0.3,0.1,118,10.848973704151074,17.669198729762623
15,52,0.1741725215920473,0.30326114188341785,0.24531089574538964,0.41435931761519756,0.08290091344748117,0.0798754359492482,0.0367769177363665,0.0209616266674006,0.4,0.3,0.1,121,9.396742023875584,17.776008752359665
15,53,0.16617601216045932,0.23020347473084,0.162065915854865,0.407269318071655,0.15975477131598875,0.07616127088845018,0.04603531964808575,0.04077742844445647,0.4,0.3,0.1,123,10.768766645521128,17.15543365816522
15,54,0.15200879279161744,0.23863927243064448,0.1920168025763108,0.4242469904043287,0.2629849746822039,0.07504464164809238,0.03932088750193641,0.030487836395626983,0.4,0.3,0.1,124,9.402578614211272,19.931756796480897
15,55,0.15104512853470062,0.233743356807417,0.1898114832026349,0.42264025568820585,0.06535080691887267,0.07564976808720857,0.04475249409674789,0.03401195187182702,0.4,0.3,0.1,128,10.06081171274904,19.494245568970168
15,56,0.15191162785837087,0.2318794288157422,0.18981349291185226,0.44376873612428147,0.059619513865866385,0.08609051830315663,0.04177706821557891,0.031913027995353685,0.4,0.3,0.1,133,10.311326737434973,15.598010387253778
15,57,0.13209656011871973,0.1899569624209715,0.1626196201833103,0.444766896506207,0.4164393572358434,0.07768452756530266,0.04343853216240913,0.03108479028769524,0.4,0.3,0.1,134,10.71939400182988,19.28254402522188
15,58,0.13209655998673844,0.1899569624209715,0.16261962018331028,0.44476689650620704,0.04721645569224671,0.07768452756530263,0.04343853216240914,0.03108479028769525,0.4,0.3,0.1,135,10.719394014902552,19.28254399039444
15,59,0.1256020430401621,0.17403879565238511,0.15280076357586755,0.4502012225996152,0.18963932051824828,0.08084328059274107,0.039516933476862096,0.03243014820595858,0.4,0.3,0.1,136,9.625068781963034,17.209769210120065
15,60,0.11728045428463879,0.18455160955103062,0.186403081890135,0.5007997917466287,0.06493189121601614,0.08498302705889305,0.04181135763598645,0.036524241286549554,0.4,0.3,0.1,155,10.12780423358596,17.958387949396478
15,61,0.10908813910890383,0.18715025448573216,0.19956538154241021,0.5273806088048015,0.08677383225575275,0.07376483248005086,0.044325373605839866,0.03508424437510762,0.4,0.3,0.1,157,10.600308368857489,15.969976372930518
15,62,0.10513588370093485,0.17563412109016985,0.19270510209476957,0.5242910098342206,0.1629740829959169,0.07427694077176221,0.04577569783307962,0.03672773082876521,0.4,0.3,0.1,158,11.154615493241138,17.013820604157505
15,63,0.10070514898478974,0.12941218337478352,0.13781131418325987,0.5202829872767624,0.055307826319810696,0.07315808733288955,0.04717413928537606,0.03390042733114261,0.4,0.3,0.1,170,10.269459217325524,16.15061169580628
15,64,0.08310467081675876,0.11636694483134229,0.15567518784060277,0.6025300930585252,0.07679456047223017,0.07478811724665707,0.045024744609341624,0.03271093581326916,0.4,0.3,0.1,185,10.581376084997142,17.151182474270566
15,65,0.05061533394740504,0.0637576372378041,0.14706307694735998,0.5978615833768232,0.17111391152866084,0.06371226947523734,0.04374570396191651,0.0304267372780335,0.4,0.3,0.1,191,10.065259421876553,15.097313918809562
15,66,0.045247784134685,0.043092206676741976,0.13475154048746202,0.6337813968062942,0.07772310339912274,0.06853355973905137,0.04164240658209738,0.03186060806492213,0.4,0.3,0.1,197,10.547617418030704,16.023680958622755
15,67,0.04524779442280866,0.0430922058587114,0.13475153966943143,0.6337813962445901,0.043092807940651165,0.06853356069490925,0.041642402963682504,0.03186060691642953,0.4,0.3,0.1,199,10.547616927774754,16.02368017521113
16,0,0.8835740211035932,0.8336830027952122,0.3761001332203773,0.01177941068226946,0.0,0.0,0.0,0.0,0.4,0.3,0.1,1,10.811351193860578,26.32079071006747
16,1,0.6776815341554163,0.6931047329725373,0.2998749576449121,0.03525734979173402,0.8304188366801785,0.07418066765092637,9.608415042257e-05,0.00012881158174017,0.4,0.3,0.1,3,9.1688272965684,21.17001158981928
16,2,0.6034298419417317,0.6297388501587019,0.26101818311877134,0.03934634708593196,0.33615595220092115,0.077923829239237,7.948649689061e-05,0.00011297615973571,0.4,0.3,0.1,5,7.852050345290134,8.81053289937263
16,3,0.6034298261741056,0.6472989557937123,0.28495333500037945,0.04390266063411283,0.03120508465287372,0.07792382923923702,7.94864968906e-05,0.00011297615973571,0.4,0.3,0.1,7,7.852055101295886,8.810487998054102
16,4,0.6030510532232739,0.6645191812393249,0.3086764536931108,0.05017576353581693,0.03279598875956058,0.07791527432949982,8.438336797969e-05,0.00012054007162794001,0.4,0.3,0.1,9,7.794550425072804,8.30183290388127
16,5,0.5828002895289016,0.6290865066669382,0.2763789766816811,0.0615016866486658,0.27515707077841417,0.07167851919896524,0.02398137447013938,0.026313770465565923,0.4,0.3,0.1,10,7.430311302574593,10.583222818132567
16,6,0.5751993251566737,0.6391358610234207,0.2932623012606575,0.06155917540890246,0.036008258637401806,0.08002139920872395,0.0004056607270823,0.0007051892247158999,0.4,0.3,0.1,13,8.227444550450736,8.90850356098559
16,7,0.5398285897910421,0.5875885795175254,0.24507558091187898,0.05832591470244247,0.2662395510417473,0.058370091160789825,0.00146801896771123,0.0018735784168320499,0.4,0.3,0.1,14,8.171221435988773,8.56745014147537
16,8,0.5251011947641082,0.5556634055753631,0.21273298597070134,0.05678578809608025,0.07479346245795658,0.06234656601488155,0.00102915670495395,0.00128494002420682,0.4,0.3,0.1,17,7.618870495253138,7.650926310315175
16,9,0.516393597705701,0.5645458502848453,0.23285853051963804,0.07540317432806266,0.06996085774417117,0.07265829032538301,0.0011197926759389401,0.00181257839717551,0.4,0.3,0.1,20,8.203483304365871,6.541988261196738
16,10,0.6483384336579162,0.7062848490027773,0.34059004611271576,0.10273542705994157,0.12212619928866447,0.07820764681362362,0.03858536327717862,0.04039873975177013,0.4,0.3,0.1,22,7.66531846622898,9.717888890833642
16,11,0.5879887637042909,0.6514570770808027,0.30330933174126967,0.09448576503338509,0.17158591539136872,0.05304928959488323,0.04445000487824914,0.0394920959245531,0.4,0.3,0.1,24,7.210635667349085,9.866961419346218
16,12,0.4627337780306374,0.5246383504657854,0.22569301991831617,0.10002531734422354,0.1211149536735195,0.06551271446293266,0.038176220333762265,0.042275433484637984,0.4,0.3,0.1,27,7.995737996794334,7.432522660416419
16,13,0.5529210320716693,0.6183247774202731,0.28312945301923576,0.11279171645701304,0.05680370840151253,0.0593301897196716,0.03882996391377625,0.04265671922012508,0.4,0.3,0.1,31,7.598449358364666,8.236166166492785
16,14,0.5301279165291739,0.6309789983176028,0.3167469566503571,0.115695891678766,0.04815253183470427,0.06403470147115513,0.029190247013134503,0.04544495420652467,0.4,0.3,0.1,33,9.75251936232128,8.98655998007145
16,15,0.5286195986738347,0.6470262811313359,0.33974099040935113,0.12045150847476739,0.05322607536485795,0.06403470147115513,0.029190247013134503,0.04544495420652468,0.4,0.3,0.1,35,9.825770106199377,8.342820505840718
16,16,0.5286085191390886,0.6470150274015278,0.3397339443131343,0.1252919794875588,0.0389598549284264,0.06403470147115511,0.029190247013134503,0.04544495420652467,0.4,0.3,0.1,36,9.825135605607782,8.346387868236
16,17,0.5350249600541993,0.6358576276656364,0.3196725400263689,0.13083518432619995,0.09555013880505303,0.06948925861083743,0.02375608116098167,0.03703410227295527,0.4,0.3,0.1,38,9.402982787234006,7.941219202352221
16,18,0.5094759718726418,0.6100774244179898,0.3027717350580704,0.13224513424338025,0.11540377140518246,0.0639893579615757,0.0236833476965227,0.03641703333155187,0.4,0.3,0.1,40,10.172101221630689,7.171837445532868
16,19,0.5070103511568411,0.6251259625592533,0.3248264720653173,0.1449403552891712,0.03970216011987275,0.06186992027712655,0.02357255580562073,0.03681791464990469,0.4,0.3,0.1,41,10.231002087442498,6.895961772066476
16,20,0.4083415085989777,0.4988846754442127,0.23130696474044296,0.12870265741083833,0.10352093962169506,0.0350196246852981,0.052829359033526424,0.00421904834003849,0.4,0.3,0.1,42,9.018854290188369,8.19493447360842
16,21,0.40525670455568347,0.5118548804717196,0.2540714113825521,0.1488069287824224,0.07731772494756736,0.04607533809153996,0.052872269521234624,0.00445380374891757,0.4,0.3,0.1,44,8.608256343655272,12.882010612653543
16,22,0.4182139173727889,0.5074591913638037,0.2428363057367243,0.16240759496411453,0.06940184770968118,0.05724158815680597,0.06437935542535225,0.04461835096138891,0.4,0.3,0.1,45,9.395373106056365,8.166291716046064
16,23,0.394042202443676,0.49566764878246117,0.24809471925841883,0.16838588267090984,0.16575407405212328,0.057514344258555325,0.06265117046550485,0.03767741473838213,0.4,0.3,0.1,47,10.690651846218918,9.139023137537144
16,24,0.374452009207983,0.4558735496983644,0.20646552981408295,0.14995034891597803,0.1392142939032674,0.04753777067115135,0.05293505493000951,0.00452836635916352,0.4,0.3,0.1,48,8.97879629840781,4.303933576393806
16,25,0.3830392924345354,0.49912495534692203,0.26325633431106504,0.17625978440078818,0.07480324612457498,0.057514344258555325,0.06265117046550486,0.03767741473838213,0.4,0.3,0.1,49,10.822574814563511,7.97285093775968
16,26,0.3656407373286121,0.4621459772405441,0.22330446662524103,0.15749438252877954,0.11022989955629918,0.04696592486273471,0.0529762198741117,0.00473705784291701,0.4,0.3,0.1,50,9.232222368953645,4.1369714094883845
16,27,0.44527316689592766,0.5590519324042028,0.32705603385917137,0.2512682373311791,0.13718327326612728,0.23265006385273984,0.06266353963340353,0.03884848608575585,0.4,0.3,0.1,51,11.433343115814418,7.133674111377965
16,28,0.3625764041168668,0.4580524202479627,0.22088866512544675,0.15759304837830032,0.055803831073887096,0.0477962698483956,0.05293637744848795,0.00499024042333006,0.4,0.3,0.1,52,9.26709167331338,4.175803996318463
16,29,0.35953278552197804,0.45409787844398153,0.21839009319365643,0.17107702473172273,0.04747425228514677,0.047576558297190104,0.052939923832594646,0.00484365672963232,0.4,0.3,0.1,55,9.207275749447897,4.168352519816593
16,30,0.3568279040565527,0.46827359231621446,0.24001123450488812,0.17624601466416168,0.061483543072196764,0.04625084095084829,0.05292450106141564,0.00467612240216063,0.4,0.3,0.1,56,9.152626912855114,4.203992449917314
16,31,0.35780613508687287,0.4330486230971093,0.19371808129806517,0.17932350701980956,0.060087220541231,0.07008525001251223,0.03363974715710917,0.01064831084766293,0.4,0.3,0.1,58,6.7100919152182215,5.550069605918222
16,32,0.3572499900620799,0.43230828844333835,0.1932575178616237,0.1792816719597063,0.04266101509561661,0.07008525001251223,0.03363974715710917,0.01064831084766293,0.4,0.3,0.1,60,6.782455558256183,5.5000075899647065
16,33,0.3517122569158041,0.4765103320830259,0.26097199301082413,0.2053175805911348,0.09700065272996086,0.0595737102518971,0.057904437319471216,0.011224004850220789,0.4,0.3,0.1,62,7.610831723616951,9.304456750051909
16,34,0.38127241497455683,0.5480257652844603,0.3346816633946045,0.26882684962768455,0.0556352920209064,0.060840816199642454,0.07283116162775458,0.04600469470510647,0.4,0.3,0.1,75,8.900769506987787,8.211257878540275
16,35,0.3512852338246138,0.491565975300711,0.2853794876275134,0.27672319794637895,0.049530307469280783,0.06431864569628165,0.05816542974062873,0.045192770289116155,0.4,0.3,0.1,81,9.34305946368162,38.16460696927223
16,36,0.3630696731953784,0.6072831051813143,0.4413613406693193,0.3581283388300981,0.06629514705275268,0.1114812751163192,0.04668504487677836,0.04787229097757088,0.4,0.3,0.1,93,6.149612626870282,7.168909386625104
16,37,0.355275739424715,0.6133454530466678,0.4587829440645246,0.3913220218694222,0.0892185911893155,0.11370942314862069,0.04893805119053615,0.04912217447447096,0.4,0.3,0.1,98,6.155819607351989,8.20399275840016
16,38,0.34568798828061525,0.6004250391824546,0.4501648664603744,0.3860180499058897,0.10138084714191911,0.10926819287819992,0.04961001210394924,0.04951462793445663,0.4,0.3,0.1,101,6.730824354313626,6.8323910070328
16,39,0.3177977292206276,0.5618664439346941,0.42449289515243754,0.3722499370150521,0.579551824043322,0.08030988259612035,0.07249986316860108,0.05210181223711918,0.4,0.3,0.1,102,9.306729241080305,10.138618602825863
16,40,0.3095926088187,0.5848902222358814,0.4645489152158941,0.3925147583899889,0.06495226201405387,0.08105369833260452,0.07050318326626126,0.04747731847232931,0.4,0.3,0.1,108,9.530074465410523,10.55242408671624
16,41,0.30402346277494485,0.576363989835692,0.4592513566818683,0.44178625618522516,0.08305797877296138,0.08236405139524752,0.06996092457109396,0.044037603220820024,0.4,0.3,0.1,115,8.377402561214604,13.513300727017697
16,42,0.30005580549502725,0.5352274186754995,0.4075590664783892,0.41938750061819835,0.09072962317153843,0.08126125445109399,0.07023596195911015,0.04551860790093813,0.4,0.3,0.1,117,8.466381117203873,10.932719236531018
16,43,0.3000558054301801,0.5527875243105099,0.4314940544972946,0.42557900028197554,0.0581283964726312,0.08126125445109397,0.07023596195911015,0.04551860790093816,0.4,0.3,0.1,119,8.466381116150028,10.932719133396011
16,44,0.29426588420736977,0.5613489228215419,0.44980303346568173,0.4331555797239181,0.09172056241437138,0.0792661046216129,0.07173647643479206,0.048255349385730936,0.4,0.3,0.1,121,8.685260305498243,10.930680348893793
16,45,0.2831684704557465,0.5256641266133719,0.41488024149395586,0.44020278409397495,0.09870357147523251,0.08070494984711195,0.07224988393667099,0.04857454155321552,0.4,0.3,0.1,123,9.516574787309615,10.279096404512504
16,46,0.26183333660772135,0.6224500533905301,0.5609901302296149,0.590811545860149,0.04812657759515955,0.07790249743467595,0.03566620493922708,0.03254633480900433,0.4,0.3,0.1,152,9.062692322332706,11.057296652592724
16,47,0.25801213800992634,0.6340761953800017,0.5810298022183584,0.6018553894901879,0.1055320236426984,0.07634418001484226,0.03483625662072823,0.03587537065899381,0.4,0.3,0.1,153,9.14553750545027,9.848673657687677
16,48,0.5392862464424406,1.0136240220864712,1.0054540768612608,0.9978530166463719,0.3396821700047221,0.08065163636488148,1.0,0.04038882854165302,0.4,0.3,0.1,185,7.732936102726688,9.336790032392484
16,49,0.5397689220030105,1.030946047653114,1.0298147339978985,1.0186037304637245,0.3417456704063896,0.08434002642610734,1.0,0.04081832449135276,0.4,0.3,0.1,187,7.388334160459594,9.134008970302052
16,50,0.5403250094725682,0.9979802998004045,0.9826266682825656,0.9970843579751129,0.35754542174210413,0.07935444427661757,1.0,0.04333790807389351,0.4,0.3,0.1,189,7.183822604217785,9.37317426359538
16,51,0.5390386459810439,1.0130940856630513,1.0051835917528193,1.0202721364802898,0.33817032767238886,0.08050757862552085,1.0,0.04253047044752774,0.4,0.3,0.1,191,7.066848509330477,9.5326193338871
17,0,0.7846186714399526,0.7671126359021848,0.3346865661532848,0.008086588297982152,0.0,0.0,0.0,0.0,0.4,0.3,0.1,1,15.215029891686653,24.46480112079465
17,1,0.5974735358841746,0.6249690948935134,0.2604819981632102,0.038962153647896694,0.8829584335786598,0.09398971358614719,8.620262535665001e-05,0.00016261796939809,0.4,0.3,0.1,3,13.212656116728573,19.46055755364153
17,2,0.49372751576191337,0.5233717052124336,0.1975186594629308,0.03855602557319032,0.5189720570885301,0.0956023462506196,7.254320572176001e-05,0.00011889421148334001,0.4,0.3,0.1,5,13.096838972240985,8.026419783803886
17,3,0.4928413713488772,0.5399914575968275,0.2209062625042981,0.045923352258510144,0.043264036168170775,0.09584782709962306,7.545902741601e-05,0.00012367307833538,0.4,0.3,0.1,7,13.088348864980317,7.891139201027273
17,4,0.4907597453141101,0.5377646850285596,0.21968257266054048,0.04724400325321691,0.06376201909366817,0.09689976118065365,8.995879078892999e-05,0.00014743737046675001,0.4,0.3,0.1,8,13.367788637391492,7.117225779365056
17,5,0.45070922269431707,0.4940623866798107,0.19226043148509478,0.05031130625329532,0.24075417990946857,0.08111322461516206,0.013938341010838781,0.01553430727633554,0.4,0.3,0.1,10,13.270338969902076,8.162142683495649
17,6,0.4071519349582832,0.45964700540957454,0.18576595924672262,0.057731057368706915,0.31130540927379896,0.09419402826743284,0.01438633104743552,0.01226371799036834,0.4,0.3,0.1,12,13.70161333224198,8.212488987566763
17,7,0.399889355641241,0.4667087172529342,0.2055829281551784,0.07892395024157974,0.12897938412413426,0.09007564432227576,0.035265029069473305,0.029955322416012807,0.4,0.3,0.1,14,13.54122608256003,9.41768507829656
17,8,0.3795469469725551,0.4236468549675638,0.1652445416625689,0.0882700805172606,0.12369454698328851,0.10597287678634945,0.01478570939847195,0.01354961646466997,0.4,0.3,0.1,17,13.023098743969168,33.200556349949274
17,9,0.37967789605780294,0.4237674052699185,0.1653822945284795,0.08601310177231479,0.048773190990868256,0.10643006757918569,0.01474400545988506,0.01350697624389292,0.4,0.3,0.1,18,13.043756497925337,33.24501485834155
17,10,0.37609280789943067,0.4367030571660067,0.18637764132768825,0.09480592776249447,0.08997051633358498,0.10597287678634945,0.01478570939847195,0.01354961646466997,0.4,0.3,0.1,19,13.71659753836266,31.849129732918072
17,11,0.354447783094516,0.42730442061145546,0.1915568535700499,0.09608291607532983,0.09395941720692888,0.09302867078228097,0.01490399633814427,0.01245252899791833,0.4,0.3,0.1,23,14.24075921355707,8.775328867926293
17,12,0.3325470676373569,0.40196993474340664,0.17115123777343566,0.10284651521615258,0.09196200799322436,0.06137911581020818,0.01497067407679813,0.01593390600028852,0.4,0.3,0.1,25,14.317448378369946,8.399756553083172
17,13,0.34574794825228433,0.37893931130591896,0.13691496854393065,0.10356749344668004,0.06603139681261462,0.10259486850760455,0.01503873101991286,0.012624359746166611,0.4,0.3,0.1,27,14.679133753873794,10.154636849155658
17,14,0.3463001164130496,0.4622599685219193,0.2588189418757552,0.15654527041886104,0.14355160825220956,0.08033308160172709,0.06262731261277724,0.09163464071534531,0.4,0.3,0.1,29,13.30648230408577,8.511243934482671
17,15,0.27431605441903817,0.38262400044314726,0.21446508705433848,0.1596766509024295,0.7587368426257904,0.04951647832763289,0.04791540117167409,0.05202421953306833,0.4,0.3,0.1,30,14.314435379084696,12.5979393150275
17,16,0.24973584897566722,0.3429541826852106,0.18982017309881546,0.14653897159864246,0.2275187840169239,0.05594147576206824,0.05146679748305447,0.01656345792461529,0.4,0.3,0.1,32,13.520283903865671,8.495555672408766
17,17,0.2403324721793365,0.34441823934398896,0.2037418937008907,0.1567488053454768,0.08920316835629252,0.05594147576206824,0.05146679748305447,0.016563457924615298,0.4,0.3,0.1,35,15.231030490204532,7.971536050073368
17,18,0.23831882858627387,0.3423520358331228,0.20172210403555066,0.16887460406764312,0.03809317890407501,0.05103889062883876,0.051500603127946284,0.01663753885511864,0.4,0.3,0.1,37,14.198760837546596,9.370334991135971
17,19,0.2272708471849509,0.3361330851287068,0.2131628518564119,0.18198620192941226,0.3244269474008532,0.06729351162014216,0.05024427620186487,0.01621787217785409,0.4,0.3,0.1,38,14.768650378061164,7.55739051493535
17,20,0.22297671229926264,0.27617693340380656,0.13663605407771368,0.15549124982892837,0.06428248452701141,0.05856513433489635,0.04983827154027379,0.04718041243743168,0.4,0.3,0.1,41,15.50392110192012,8.371662881280132
17,21,0.22241694686126742,0.3276699447198947,0.2078323856630141,0.2014422044513196,0.058731346063930115,0.06261250533738776,0.0530047298497078,0.02492892906701469,0.4,0.3,0.1,42,14.405935355009207,7.949136034886095
17,22,0.22080132019774096,0.34307539785710817,0.23002518185214813,0.1977179262036924,0.051742849492478905,0.06257713112041688,0.05206225672491238,0.01726475878520221,0.4,0.3,0.1,43,14.936644973886516,7.639098290687824
17,23,0.20577076789875698,0.3008237587940806,0.18943770420013323,0.177892922813489,0.23902380605835755,0.06631681373600654,0.03495894077023929,0.01943096824342039,0.4,0.3,0.1,44,16.759743678671505,6.840133004522841
17,24,0.19880402870386377,0.3433144423938625,0.25367123781280876,0.20721316775480841,0.05740789576681166,0.05798515532947485,0.03611090939607698,0.016685467202666927,0.4,0.3,0.1,47,15.565402792145496,6.971682298879801
17,25,0.17830731334377953,0.28669132932246094,0.2052370858982274,0.21374363134427582,0.21648381564570945,0.05837379418570195,0.033287642824794,0.01836533222664289,0.4,0.3,0.1,49,14.596613273986424,7.107229975984589
17,26,0.17445443912555636,0.29717491120501777,0.224533044177202,0.22189543989735086,0.06478814040770499,0.05827822686215125,0.03163050053552407,0.01745105995901951,0.4,0.3,0.1,51,15.56347525985699,6.925486439004024
17,27,0.17357925307914804,0.31291569263914354,0.24735917811802752,0.2310271671079437,0.04343305356740528,0.05828094295785498,0.031803411414336305,0.01752998808803518,0.4,0.3,0.1,53,15.529094715048,6.844270849929052
17,28,0.17329920478823754,0.294853432178905,0.22308887222286689,0.2217642576573699,0.038687643996732975,0.05827823782170236,0.03163049790655756,0.017451070663964598,0.4,0.3,0.1,54,14.994191382774556,7.052896420407516
17,29,0.1881402919488217,0.2109308082298822,0.11541651577930587,0.2632950263363371,0.16101723865687054,0.11288269784829157,0.03639080822782616,0.03853652928764609,0.4,0.3,0.1,56,15.63011222724341,5.107628654569098
17,30,0.17465883670728477,0.2344198776312996,0.1693369347833742,0.3274998107595395,0.08894676767083078,0.11020474377209652,0.04239052999649935,0.03853318894200447,0.4,0.3,0.1,66,16.58316567223212,5.068623588855245
17,31,0.17217617807533683,0.21078045527605146,0.14179026177081727,0.29397555162236116,0.12092276025940485,0.11223265432910993,0.03870699500960073,0.04597741195109165,0.4,0.3,0.1,67,16.088744292169814,5.882116679975343
17,32,0.16407215946817594,0.2117495899328941,0.15499975548845657,0.3080764470243612,0.20599646295630486,0.11037626403995526,0.03817598950328599,0.04429932902699099,0.4,0.3,0.1,68,15.615249460974953,6.163252925153299
17,33,0.1602042421004265,0.2030313404695278,0.1495865779052538,0.31071461787987337,0.14230495419819983,0.1103145276843485,0.038256291468843254,0.04458311074042958,0.4,0.3,0.1,69,15.350810374374356,13.962206426526445
17,34,0.14909258356681102,0.20756480818401357,0.16179191663257886,0.3716574693005936,0.05340355456233151,0.08624483020340169,0.03965632864323177,0.04071660638948652,0.4,0.3,0.1,80,15.981006337871596,5.338097510321726
17,35,0.13476973813541154,0.17468090329677688,0.14122444277283408,0.38091904248865915,0.3567068095434817,0.08707557716810703,0.038919208763217486,0.03668466236415713,0.4,0.3,0.1,81,16.35502976343416,5.320204591533996
17,36,0.1327362060676089,0.16965014348188795,0.13814506359804546,0.3839024900407681,0.0989367507025874,0.08791583900438753,0.0383561059550315,0.03634386835468908,0.4,0.3,0.1,82,16.50161541222449,5.1742862408648005
17,37,0.13251664526295084,0.1859267088489802,0.16148291973121998,0.4047471184758235,0.05932553859605771,0.0884242375934926,0.03831657786612737,0.03975751138715047,0.4,0.3,0.1,84,15.6797281911157,5.364431013086018
17,38,0.13107539311828087,0.16564542334607152,0.13565369506591118,0.39935376908253756,0.06058124853198819,0.08791583900438757,0.0383561059550315,0.03634386835468907,0.4,0.3,0.1,86,16.138363504809206,5.235948906354927
17,39,0.13067483409485792,0.14307255403563296,0.10967417971121315,0.39779731486441305,0.0900877477231097,0.09123611926796373,0.041420815622601956,0.04228665668143785,0.4,0.3,0.1,88,16.44951386453432,5.197174943183235
17,40,0.12796145452969382,0.25799708113818287,0.27259662756549485,0.4573517838172845,0.07508218211893396,0.08165156708565514,0.054001144802332014,0.052190626415245,0.4,0.3,0.1,92,17.329379341981635,4.486849353374887
17,41,0.11192320814191616,0.2530991225663128,0.27813020929762905,0.47153596324485075,0.059170665308947164,0.054753694984531455,0.04408998593708126,0.0722821344137369,0.4,0.3,0.1,98,16.501057050789758,4.691737340604065
17,42,0.10554625657813003,0.23571535286982553,0.26761089029365126,0.4779364496903554,0.21397528794735932,0.05638719719581935,0.044078143344191176,0.07359455277433041,0.4,0.3,0.1,99,16.42631259649945,4.905113681157854
17,43,0.09836635072862156,0.18491274498542723,0.20928342474457748,0.4639959783033113,0.17127168448021232,0.05209568404257042,0.04386447967336287,0.07284041878023363,0.4,0.3,0.1,100,16.697350141612535,4.810180947209525
17,44,0.09696621448689074,0.1817980929613848,0.20721478508114008,0.47989574998578766,0.05394703310973062,0.05069380268872566,0.04407700125209975,0.07434267562670104,0.4,0.3,0.1,102,16.753493053109636,4.0533781271319285
17,45,0.08560702002008813,0.20619867781176018,0.2609327192681863,0.5067122563784373,0.07133596625927158,0.052590937952570284,0.041833700953091815,0.06040914435554205,0.4,0.3,0.1,110,15.982998954027687,3.484252561997086
17,46,0.0834429429855862,0.21817163678645662,0.28131521393361053,0.5143174096561876,0.06473969018133774,0.05215463822359758,0.04243325620821266,0.0583199107348791,0.4,0.3,0.1,112,16.123566200313274,3.3293794952505853
17,47,0.08377024990975426,0.21840153235862447,0.28160279832844726,0.5199640473228179,0.040515939393415336,0.0528345697203802,0.04280936483176585,0.058298106501221914,0.4,0.3,0.1,114,16.317967707712405,3.4055077171923887
17,48,0.08288591337663254,0.17865560008184098,0.2313244750077225,0.5527496654556446,0.06875395807821935,0.054215178197318206,0.04549498860533505,0.05714175377330148,0.4,0.3,0.1,116,16.461016327695354,3.490401224158731
17,49,0.06904510338064507,0.1769510727359266,0.25574389659016183,0.5342110218110895,0.16984971152262596,0.04906763762384025,0.04734806850772503,0.05783633643315629,0.4,0.3,0.1,118,16.86483740930655,4.500556827920369
17,50,0.07033374569572884,0.20049070235584887,0.2829570629420668,0.5779596150505828,0.04345410810073677,0.04615106260592825,0.04643956080756949,0.060535420581390886,0.4,0.3,0.1,123,16.98527069952967,4.693024655971101
17,51,0.07379941483591333,0.237995185071029,0.33383524731383807,0.5949302767164378,0.0738164518254281,0.054069257483046765,0.0450761247337847,0.07330649304928982,0.4,0.3,0.1,125,17.027030862384102,3.5478231894800145
17,52,0.07189774219219755,0.19971934341436823,0.2835323825179984,0.6072050145236308,0.04388561807272777,0.050874115711473544,0.04502382608161211,0.07381095452017665,0.4,0.3,0.1,128,16.698078589883767,3.848185734074109
17,53,0.06978528804143257,0.22819148179879808,0.32735989961732875,0.6329158142286848,0.0564306245698267,0.051035312790699824,0.0454059549347753,0.07449226099468287,0.4,0.3,0.1,132,16.581952391382966,3.5273479642152137
17,54,0.06749261807121973,0.19769563223749567,0.2965525557612744,0.6410326320209939,0.06101165733702404,0.051338541107461534,0.05680759446516344,0.07016838233505343,0.4,0.3,0.1,138,17.938920205906136,3.177169198199955
17,55,0.06529163614362066,0.1726651751740901,0.2681229909510431,0.6747595954711606,0.06357866183275585,0.05010354334833163,0.05702796815966282,0.07848769314354634,0.4,0.3,0.1,142,17.347443378307016,3.625888596032047
17,56,0.06525658884234936,0.1900198907576011,0.2919484793273959,0.6423994531122766,0.04743170522123662,0.050143056257480764,0.05708392796836671,0.07864530969150316,0.4,0.3,0.1,143,17.352969799339782,3.631387192315034
17,57,0.06485717521788151,0.18306793114618994,0.28867512725373684,0.6567814567468063,0.09355655402487044,0.05995013816145409,0.05696045787300689,0.06760987962378227,0.4,0.3,0.1,145,17.72401652883175,3.200701174160604
17,58,0.06251358532424887,0.17956120515381838,0.2858163452698831,0.6852761424451846,0.051208419684584325,0.05234847779328304,0.05772573293410682,0.07780197664864114,0.4,0.3,0.1,148,17.655829328397584,4.246226701975542
17,59,0.0599149063665142,0.20850981940727004,0.32950747847720024,0.7072302461708915,0.057704530867874276,0.050280593622878136,0.056898853828624585,0.07956994300802374,0.4,0.3,0.1,152,17.322747906975216,3.613622518332194
17,60,0.04883210406673376,0.19622535728613041,0.3339465297674075,0.6328402569096656,0.05424128474872992,0.045096836547653056,0.05537375206334479,0.08027803715417951,0.4,0.3,0.1,169,17.00262163921043,4.7094920512858325
18,0,1.0,0.9046961814487088,0.42027757249422515,0.01571871112004485,0.0,0.0,0.0,0.0,0.4,0.3,0.1,1,6.005169229180574,25.9671514580859
18,1,0.7318462136202594,0.7360497447914964,0.3265638194102846,0.037571549869245116,0.9619802035319592,0.07400186300659092,9.382744657846e-05,0.0001297760244269,0.4,0.3,0.1,3,6.9452596646765645,20.862670982173963
18,2,0.617238891981646,0.6428488477797349,0.27191563399046,0.04692647875043681,0.5181466706519725,0.0960643235679456,7.755875171542e-05,0.00010788923701325,0.4,0.3,0.1,5,7.598660340132378,8.697870219792124
18,3,0.6037874865565072,0.6484243811231899,0.28873504521842885,0.05097347202982689,0.09994148196494204,0.0982751547505004,0.00011295809697950999,0.00015713201447986998,0.4,0.3,0.1,7,8.590223749349786,7.198751102528305
18,4,0.5803612748493843,0.6091290891251793,0.25025488209241836,0.05479211310743752,0.09629299688173602,0.09131326951453066,0.00027502348027643,0.00042967179217724997,0.4,0.3,0.1,10,8.565730598440593,8.349549457698068
18,5,0.5557229302137273,0.6036808576655861,0.26271197287715486,0.06972623505233984,0.3317061228566377,0.08203979618451147,0.030567969836005272,0.02168212369662199,0.4,0.3,0.1,11,7.511923227437405,9.273230870294192
18,6,0.5324675042050634,0.5806341503836423,0.24778231811513954,0.0796095867223314,0.14327103306445843,0.09849521932196292,0.0077472193978062095,0.00865179923624276,0.4,0.3,0.1,13,7.845474587991984,11.117028135847557
18,7,0.5318559996769163,0.5975805571994013,0.27134908780537054,0.08604412618278887,0.04567246577830085,0.09853061795523269,0.00779848982264242,0.00870905609185285,0.4,0.3,0.1,15,7.848639964313055,11.2135885706709
18,8,0.5249637531308603,0.5905963628652904,0.2678861747805715,0.0987749913652454,0.13259208068761133,0.10146266225402505,0.010180619610613301,0.013173428998528849,0.4,0.3,0.1,16,8.053410708624098,11.85276784200582
18,9,0.5189357446796585,0.6019694623589875,0.28839840045355614,0.10637015760094783,0.08047338324200667,0.1032162774717718,0.01330635818585113,0.00805825527858057,0.4,0.3,0.1,18,7.916778143463718,11.413403261372215
18,10,0.4850586219791305,0.5840177527167001,0.28934724523294014,0.09959470782444103,0.3554152883111107,0.10199100059376372,0.00877985394074653,0.0028778985597857397,0.4,0.3,0.1,19,10.060805887411352,14.749167195713952
18,11,0.4622238093798221,0.5406522892075776,0.25174428169209334,0.12427094652321836,0.15071088337274025,0.10428859321068965,0.02075756713966895,0.02088225846290795,0.4,0.3,0.1,22,10.68637576297959,10.490215401232796
18,12,0.4423769420228927,0.5360831639849616,0.2604755038738369,0.12736600345637722,0.08069604046271926,0.09297915220185,0.02254568845602109,0.02272766043012586,0.4,0.3,0.1,27,11.52709783263166,12.314874858395235
18,13,0.44040711036456565,0.5330347497738961,0.2603317095933246,0.15240518118502128,0.07496794510375078,0.09094111105553204,0.030446380899920723,0.0535565801589026,0.4,0.3,0.1,30,17.96207962200051,10.96294477589574
18,14,0.4460019997506211,0.5144643768553158,0.25019655636720156,0.17286321498904084,0.4576786671771332,0.11466203701493656,0.03796590538004862,0.31791741167568893,0.4,0.3,0.1,31,19.705733282979303,6.95842234174278
18,15,0.4077965382082996,0.5284419183830836,0.28426352726019766,0.16229948532270314,0.060881670903272046,0.08429032936947875,0.055224413254695646,0.02612817530783617,0.4,0.3,0.1,34,9.463967258879762,13.107900525260693
18,16,0.3782420852681614,0.45451777770335694,0.21358537348497028,0.17261507977162388,0.2554240602837894,0.07072955834538472,0.0757433041823671,0.054062903560940276,0.4,0.3,0.1,36,11.667386199371316,7.631752313042193
18,17,0.34329524138432466,0.42329929260628674,0.20818325388102737,0.17518678572169916,0.220352133586921,0.1009855885074977,0.05328102756384564,0.027098604682420917,0.4,0.3,0.1,39,18.890581986039106,17.258528082442947
18,18,0.3328797933231482,0.4430554331851755,0.24685295760912168,0.18921993289100975,0.09838285613983756,0.10327912531805954,0.05330405963431697,0.02732407058110837,0.4,0.3,0.1,43,19.439337077984863,13.195514161856575
18,19,0.32424352629491704,0.4258007071193823,0.24063441071010735,0.21670451562655585,0.16775112555409458,0.11134303623467715,0.06201700703948202,0.08842197146721466,0.4,0.3,0.1,46,18.580669755409662,15.031257172806816
18,20,0.3082457369018286,0.38725396876673895,0.22443163395289112,0.2398028577942144,0.36434340589256614,0.14307092316536701,0.05313660906748126,0.1939551982249852,0.4,0.3,0.1,48,23.69186558200423,9.89169108087409
18,21,0.27359376309925637,0.33141883466501004,0.1656600032975973,0.20429990034046386,0.14874844124055678,0.09510248575579368,0.04946350146629448,0.10508439149404691,0.4,0.3,0.1,49,15.68514026386958,16.123162575877668
18,22,0.2859878566888775,0.3601782852148031,0.20191773281743997,0.23287791006968692,0.09153221879503569,0.1009351676497768,0.08046566305606472,0.13046923120502252,0.4,0.3,0.1,51,19.557586783419005,10.620466109069746
18,23,0.2869282496113592,0.37532483765521335,0.2265557347469557,0.25009747078823685,0.16094245446683406,0.11837448438841977,0.0774137442466272,0.12820327200607448,0.4,0.3,0.1,52,24.276774740300944,9.502342322328197
18,24,0.2635894126638071,0.33273413717913014,0.17914607141467473,0.22586976083495164,0.08187241217677071,0.10291235600070785,0.03400800894148036,0.11113561740055906,0.4,0.3,0.1,54,14.6884052899314,13.413800023533138
18,25,0.2988345422049052,0.3829377313365342,0.23808547493323728,0.27046860705692305,0.16011199582765662,0.10040857711269346,0.05313738880454899,0.4526744352358354,0.4,0.3,0.1,55,25.40829235525017,18.603219214622865
18,26,0.26857357454580294,0.32761707018273256,0.2042064749718183,0.27170429702340076,0.6363279016032158,0.10311652266812232,0.05315294506884864,0.45598099390623875,0.4,0.3,0.1,56,26.25510060209924,12.91536732075907
18,27,0.26112282113726304,0.3113481906637569,0.19501440965298997,0.2760900581738015,0.2813626491297305,0.10327931440659024,0.05131007570051924,0.48543706278491305,0.4,0.3,0.1,57,26.074045115889096,13.38220664823906
18,28,0.25406013112336456,0.33896890404752844,0.23664415095965483,0.29919747667443036,0.11155918992801868,0.10015292446585031,0.06655939404318548,0.4105187672662858,0.4,0.3,0.1,62,26.15143430457292,27.94810064065496
18,29,0.26659797801491136,0.34735550394237374,0.24737057988435254,0.31643051756106805,0.15283104397947028,0.1036347672209681,0.09319172562346706,0.46247735007101004,0.4,0.3,0.1,63,24.123240965983555,11.959968147885752
18,30,0.22279885442370345,0.264850640817791,0.17446601367553483,0.2846794926532795,0.49051189936119177,0.09881588977169749,0.06396292629241865,0.34273000480932625,0.4,0.3,0.1,64,26.7178082076691,10.777369606436023
18,31,0.1863337937026069,0.2554543886519433,0.1836668636416172,0.2523514851897714,0.20944132874614668,0.0827296728146613,0.08582501676023331,0.051057392810793314,0.4,0.3,0.1,65,14.5078657152838,10.394140703011905
18,32,0.1835833201888452,0.2424448241007114,0.1779433048384731,0.2724578798358364,0.2515248896260254,0.10140809872020876,0.07783011601662126,0.06303593210597494,0.4,0.3,0.1,66,16.018600538597617,10.05275166709254
18,33,0.18263643682668437,0.2570723299585588,0.20033534553750984,0.29168973489626066,0.08824367765631427,0.09143805662924258,0.09134669959009928,0.06981593331330331,0.4,0.3,0.1,68,16.69697378183213,10.87064137831262
18,34,0.20116085344629833,0.24225714984596877,0.18998401659088654,0.32500740725457766,0.3721387874608034,0.10259608619795786,0.06653739330967942,0.41387569054781326,0.4,0.3,0.1,69,26.544106244435994,18.999078477489
18,35,0.20098522310436492,0.25937410877542194,0.21365646266967592,0.34089783163555504,0.10466892271551889,0.10268882573132714,0.06653657255157239,0.41385588334183865,0.4,0.3,0.1,71,26.58117595422056,19.38815352711043
18,36,0.20377294132772358,0.25557333174033303,0.21427625924994895,0.3450102038115061,0.22029335268868447,0.11611165687877398,0.06842533129556967,0.43346767460014235,0.4,0.3,0.1,72,25.81801342598561,15.45554238212665
18,37,0.19402895030053469,0.22392823013507324,0.17913896457797607,0.3280112629461639,0.17565142222305485,0.1059278398307669,0.06654821411428302,0.41526586651267416,0.4,0.3,0.1,73,26.06579777036153,19.83146433594555
18,38,0.16406659080816974,0.19358914908071104,0.14904972003481395,0.3049586683515684,0.08040602668495388,0.09572351850227187,0.09536749085414872,0.07284473759565732,0.4,0.3,0.1,74,24.120026080097453,10.099273319992754
18,39,0.18006778333755427,0.21649622057186552,0.20289152671604638,0.36084722435243655,0.33634007147032224,0.10268154864869146,0.090760024357733,0.41791846420221035,0.4,0.3,0.1,76,27.11536626689291,17.206648864620252
18,40,0.16480905537752516,0.23536378697995514,0.23513425710471508,0.38485506749750187,0.09690998072923626,0.1031520170493955,0.0701194387146955,0.3319775611858343,0.4,0.3,0.1,87,24.66139916167656,25.01222339926012
18,41,0.22807302938419777,0.3311215324051259,0.3277660972058578,0.4759961362275586,0.17431266935786277,0.16282628887161676,0.14534954253540136,0.3981555569753204,0.4,0.3,0.1,92,33.79633878000378,23.46983504634817
18,42,0.21431261977330923,0.316540850470964,0.33122177195191366,0.4795619595938362,0.14727844549148333,0.16282628756773684,0.14096421048900615,0.39848631288146813,0.4,0.3,0.1,94,33.80032186278509,23.4695113126306
18,43,0.2126164492483531,0.230550272374968,0.22842587301290485,0.4063516784626978,0.1909576947421949,0.17400899850877286,0.16481235601758087,0.3547812650503929,0.4,0.3,0.1,98,38.10614153236036,20.809914982275515
18,44,0.15338877298617293,0.2695968488551619,0.31003889386400685,0.45749568045468925,0.12022932174335713,0.09542841433011312,0.11800474857148331,0.26062460564909934,0.4,0.3,0.1,103,24.082071364989822,25.16755879428908
18,45,0.14054179594633975,0.23774565555292,0.28956305456280795,0.4641109450784988,0.19224198333891102,0.09070696184216416,0.11808422142031778,0.2617759007092711,0.4,0.3,0.1,106,24.62926412895237,29.117961784180103
18,46,0.12726167727009663,0.18298442186116548,0.2257978580256611,0.40976085937639,0.11928877314664833,0.09615484761099388,0.10234905010327904,0.18990357129680624,0.4,0.3,0.1,109,24.97254203767624,25.04779623280143
18,47,0.15488394238380349,0.39694455562620584,0.5138683121561616,0.6330650914012954,0.12304331683557529,0.10688064825795904,0.12421586458119435,0.3948746038042955,0.4,0.3,0.1,137,25.81741728506432,15.306442512551916
18,48,0.13654332991523635,0.3877956552178101,0.5159392330502188,0.615029344485432,0.2341901243283212,0.10098504641409418,0.10148676332468749,0.347758352159004,0.4,0.3,0.1,138,26.65128008500725,23.531924221484235
18,49,0.1364215194312013,0.40500153630982966,0.5396538803548686,0.6334367851357958,0.10738885541491847,0.10098504641409418,0.10148676332468749,0.347758352159004,0.4,0.3,0.1,140,26.61405984253954,23.415521250316303
18,50,0.13373018821998134,0.3747074419586343,0.5087372873241771,0.6269583491174544,0.17556903044689828,0.09732456207912613,0.11311522970192237,0.3523950961504176,0.4,0.3,0.1,142,27.20757740263444,17.202431295375387
18,51,0.13839568525568344,0.38799480402435405,0.5334665427698969,0.6503995612121359,0.17539723412427907,0.10129758328602308,0.1142106159132091,0.42457492819405945,0.4,0.3,0.1,144,26.776771076997903,17.891380685527018
18,52,0.12811400896960976,0.3917397096653257,0.5455762252708783,0.6566395861331606,0.1284579096795274,0.10677760324253045,0.1094802873562118,0.331350571760264,0.4,0.3,0.1,147,26.1522836846164,18.076663505544488
18,53,0.12947947604778995,0.40204906878189534,0.567083415297071,0.6754086350591475,0.1483022552074078,0.10270981643001416,0.11171549448746496,0.3960339668286992,0.4,0.3,0.1,150,27.43307474312067,11.002236084648764
19,0,0.8647988618088236,0.8215281707651679,0.36853857956162356,0.011105157604491463,0.0,0.0,0.0,0.0,0.4,0.3,0.1,1,11.593590540990052,25.675421081293084
19,1,0.7100922659999935,0.7206054209462844,0.31966189959974595,0.0434782124002424,0.6843770412702146,0.09188667706711172,9.306642838590999e-05,0.00019948378666025,0.4,0.3,0.1,3,8.137925900429778,20.84952640690917
19,2,0.6448480353672102,0.6665356472255999,0.285442213417694,0.04521826621829778,0.2822420175784888,0.0880551324245775,7.698238670016e-05,0.00015205442285816,0.4,0.3,0.1,5,6.332119882014734,8.683308572320676
19,3,0.6423669316530758,0.6818894971960109,0.307794674494311,0.0503285814692573,0.04246422110347232,0.08667423162124868,7.047255192284e-05,0.00013810087898165,0.4,0.3,0.1,7,6.428863610670115,8.797010216376531
19,4,0.6409471194007557,0.6630467465884883,0.28289173826355996,0.052121982312185046,0.03817140909688429,0.0855265532107353,9.000693751226e-05,0.00017152169676498,0.4,0.3,0.1,9,6.160138485989174,8.6789347841464
19,5,0.6112486742903788,0.6368124790037495,0.26573441865833125,0.05197339104526661,0.2579296575802229,0.07960437260638394,0.00036804683347795,0.00087823456510217,0.4,0.3,0.1,10,7.081764320039762,7.568660540487992
19,6,0.6481700286300612,0.6873659332023607,0.31252420304818745,0.07466328995424665,0.15435112204729956,0.07213395738192487,0.02261809327308812,0.02565700262656322,0.4,0.3,0.1,12,6.592292520275312,6.807202701435903
19,7,0.5930580210939547,0.6560051334477899,0.3055942693421396,0.08169833951662751,0.09814443270736402,0.0739842226574812,0.01977939584079398,0.015358835123133649,0.4,0.3,0.1,16,5.943582585069999,6.488445186871908
19,8,0.53191343658805,0.580008371913514,0.24266830069112189,0.06367533501462047,0.23437865117605977,0.06313921733735092,0.0085793600395727,0.02255187972634952,0.4,0.3,0.1,17,6.35660472978252,5.393421673598042
19,9,0.5230191473861782,0.5887474656987775,0.2618782864409207,0.07328171454139194,0.08306426042644492,0.06389982627192217,0.01162058695389919,0.030559780632650767,0.4,0.3,0.1,19,6.160781059124353,5.271797163218841
19,10,0.5211674993975277,0.5868870395081904,0.26112150681270685,0.07829531346849869,0.060629609368289455,0.06661438734477428,0.011572014668454809,0.03044909960188985,0.4,0.3,0.1,20,6.47074818670985,9.440309603139614
19,11,0.5210291177455048,0.6043080811962928,0.28496997532457674,0.08492186680900986,0.03381556966491832,0.06661438734477428,0.011572014668454809,0.03044909960188984,0.4,0.3,0.1,22,6.429148479706873,9.577417249492362
19,12,0.49597759280545256,0.5784960582841191,0.2702656974601205,0.0971822419221894,0.12580010745451875,0.05574297582522304,0.03167439508369957,0.04944140058957154,0.4,0.3,0.1,25,6.823489830022256,4.808702949756452
19,13,0.48682158419486715,0.5515551148370592,0.23868722858826413,0.08717233640102331,0.05820365557169553,0.06814064742424149,0.0091876245031327,0.019476813538200518,0.4,0.3,0.1,27,6.510345851781034,5.837836605936749
19,14,0.47976105079251574,0.5618662969980079,0.2566883664539122,0.10028674984295004,0.03910665688916263,0.0583112153736461,0.00894235417123099,0.021841937695913,0.4,0.3,0.1,30,6.721568156229201,4.735784726137455
19,15,0.4581768801755493,0.5387171251972201,0.24179138000072933,0.11042889891436,0.23219941024070562,0.054848799213486565,0.00874017008051828,0.02317702513872709,0.4,0.3,0.1,31,7.044147610456503,5.989407398141522
19,16,0.44525555282998064,0.5420506466693059,0.2567046833072082,0.1221823750349738,0.09118738702958362,0.053529787674014825,0.00879104137958504,0.02376687131771921,0.4,0.3,0.1,33,6.6401156654190405,6.312866959573136
19,17,0.39739525200951475,0.517085195224848,0.27472617441173813,0.18339940937069216,0.10422330390854596,0.052524248081335344,0.05629335302534395,0.0845629774667834,0.4,0.3,0.1,48,7.469609710337599,6.170950021000414
19,18,0.3952613544251448,0.532038427421367,0.2969410521635615,0.23323290208991557,0.04877608430741703,0.05176793056125003,0.056407256229028355,0.08464450965946202,0.4,0.3,0.1,65,7.856377854137155,7.559438703061019
19,19,0.39373729345660624,0.5299027141843918,0.2959350794321348,0.2339208271373002,0.07038363458755605,0.053633544035194755,0.05667666161938747,0.08491143661888866,0.4,0.3,0.1,66,7.733330426103696,7.38633273639839
19,20,0.3810120729932613,0.564642118783004,0.3589400624416596,0.2756070077493926,0.11614964252894865,0.06802930518792484,0.053721489619000785,0.0986703098617646,0.4,0.3,0.1,69,12.128496414873007,11.342311196102594
19,21,0.3447752321156869,0.5178722077112239,0.32774586493147934,0.26382022973120517,0.37720552562108334,0.06593721828420365,0.04529962512467085,0.07677299444494619,0.4,0.3,0.1,70,11.663923366219196,10.43716958546318
19,22,0.340674516219247,0.49511791229940255,0.3000669375880312,0.2889655703678556,0.05443135460494309,0.04301018768139659,0.06751159939018339,0.08828387385437243,0.4,0.3,0.1,82,7.453200332879213,7.006511537556623
19,23,0.34874297294484363,0.500959591733738,0.30895117486965734,0.3157182989866482,0.15937472235416783,0.0738279180770831,0.06466960523968171,0.11246812746138264,0.4,0.3,0.1,83,7.027921794816035,6.4547625473704615
19,24,0.316334910577882,0.5098254532743755,0.3508264591685638,0.32244593852430503,0.1398453008221222,0.0658535787574996,0.05601068771498804,0.09961588513091371,0.4,0.3,0.1,85,11.8784901234126,10.485170069921542
19,25,0.3008964422203229,0.5031524195477172,0.36054597627823676,0.3303012949073422,0.19065995719532378,0.06383906126722512,0.06469892724579399,0.10436212796025127,0.4,0.3,0.1,87,13.3552765019731,10.13013974638596
19,26,0.29191249059649427,0.4859401754676764,0.3520111598187444,0.34097246080279175,0.22248591376765542,0.07636788386488363,0.06808002204260219,0.10160543072429365,0.4,0.3,0.1,89,12.982676672456552,12.191362864563615
19,27,0.27137497802375843,0.45497105265392007,0.3313241867548395,0.3449900606612826,0.24348566124289825,0.07118546416646783,0.064434102153217,0.09567003320137168,0.4,0.3,0.1,90,12.262173198432894,9.669331672593714
19,28,0.25083253398680777,0.41699488823726305,0.3093663940613287,0.33981306208349443,0.5250458315216686,0.07792070510385676,0.07017135416400973,0.09563544083431004,0.4,0.3,0.1,91,14.095608380846391,8.877929304340562
20,0,0.823905287243564,0.7943016471173304,0.3516009112951107,0.009594867273571235,0.0,0.0,0.0,0.0,0.4,0.3,0.1,1,13.261423559587271,26.054341339723248
20,1,0.6696520547820293,0.6877575244578648,0.2993179527022214,0.04188294574964463,0.7121801904936743,0.09253101225939424,6.021386067371e-05,0.00012282785553929001,0.4,0.3,0.1,3,10.258785560586457,11.27236439757718
20,2,0.6084178522663665,0.6353070695330882,0.2685677178393879,0.048562788041896454,0.3120199522653303,0.1047366829166128,0.00024085544269487002,0.00049131142215718,0.4,0.3,0.1,5,8.632080571545897,5.454614250102383
20,3,0.5929140123975103,0.6206146902982181,0.2569386873080407,0.04596670434092376,0.07354340798396626,0.08838009115636664,0.00016316012630823,0.00028865965148551,0.4,0.3,0.1,7,12.413791570577697,4.385939140335171
20,4,0.5794610002156194,0.6084945068234598,0.2510298115135767,0.05578403212977987,0.1943162963895495,0.09930935464484339,4.673439350826e-05,8.245144777406e-05,0.4,0.3,0.1,8,10.40246244133876,9.911077761395012
20,5,0.5471623468622446,0.5776662642884747,0.23252381835069452,0.057657005479713815,0.19499885433650188,0.10215019429002918,0.00043397755097354,0.00534907976032352,0.4,0.3,0.1,10,8.412428847900445,8.683254989578192
20,6,0.5190029237479408,0.5496835463144358,0.21243425162441246,0.05894154454823246,0.10013501599990635,0.0848625492517495,0.00027805869843522,0.00401214141907939,0.4,0.3,0.1,13,11.598233694697086,9.109269658573242
20,7,0.5157970759871016,0.5463787959002216,0.2103206229143376,0.058609474814174015,0.06334154451753336,0.08449109492928274,0.0002650089617159,0.004008085616659661,0.4,0.3,0.1,14,10.242436629471811,8.954104041382084
20,8,0.513096849424792,0.5433986759465846,0.21151877836229604,0.07011921264894318,0.14598043243475778,0.10460042970647054,0.00033089516553375,0.004137104260210149,0.4,0.3,0.1,15,10.228066800921878,4.451841873367657
20,9,0.5072662376170098,0.5541126677828803,0.23705925597010857,0.10368197573159245,0.09983010456420731,0.11656269270290147,0.02673182430649631,0.03227325057402443,0.4,0.3,0.1,20,8.949734762056348,4.321428089592171
20,10,0.4706951573303598,0.5134220301448104,0.2136545695527809,0.1108673692674885,0.4935077953732113,0.13666974772361962,0.01984324262274379,0.02302296502925344,0.4,0.3,0.1,21,10.479522531941331,5.337124458424698
20,11,0.44994424807705274,0.528004329488042,0.2403247033552129,0.12751144490347177,0.04188692401000035,0.08793596050155542,0.01325836592767748,0.01481799812714126,0.4,0.3,0.1,25,11.302405695892867,7.906083224217229
20,12,0.43592261042125,0.4934771746512588,0.20791585123462114,0.1295098000413589,0.2360998643259733,0.10167734189310954,0.01130768335877982,0.02078173034543682,0.4,0.3,0.1,26,9.342404693071652,5.897757144152701
20,13,0.43310739247309904,0.507727599052824,0.229791836886744,0.1531922626492979,0.05131383348417143,0.10167731783682676,0.01130766430618035,0.02078175486615034,0.4,0.3,0.1,32,9.253485940217445,6.098946238451453
20,14,0.4327658078026488,0.5433663282277535,0.275964978991059,0.1616717317329419,0.0423754351945908,0.09012542185507932,0.010382061481156609,0.01632743239817415,0.4,0.3,0.1,33,9.70763380930868,3.930455375531979
20,15,0.41764250396718,0.5436125503078884,0.28806317152169625,0.14714753554435495,0.06450588265320562,0.08871599150818195,0.0057898805976132495,0.00753482405257353,0.4,0.3,0.1,36,11.109326081145491,6.794730256072606
20,16,0.4160181102543339,0.523912631263894,0.26319539074165926,0.15082792539899556,0.06906604959379707,0.09179067092092827,0.006308949740912009,0.0042226013190665,0.4,0.3,0.1,37,10.839504376202363,5.09828495002642
20,17,0.4083531056558404,0.5150055911960723,0.257090379722528,0.15432630101270908,0.10727197226435228,0.08743427069803321,0.006488334481699711,0.00618564998524304,0.4,0.3,0.1,38,11.559427161933082,5.280515540860789
20,18,0.40168708705155887,0.45114845972234113,0.1832690041170606,0.18293913859082023,0.07594035228059388,0.11293836402348971,0.01311163929582351,0.014941915528564961,0.4,0.3,0.1,47,10.800777824577867,6.104170746327099
20,19,0.38607022535025676,0.4501620491522326,0.19401502302231216,0.1816189016776772,0.11301214344278064,0.10561707088654562,0.00871923820061569,0.013709330291666998,0.4,0.3,0.1,49,11.639687671128788,5.019744946685431
20,20,0.3543072070833887,0.4823656583220181,0.2619480349836048,0.208462787478392,0.09882703686139606,0.06335982000526398,0.01564220804437982,0.052301722726162236,0.4,0.3,0.1,53,9.882918053662072,58.56925103425479
20,21,0.34951666474386084,0.4759950879800159,0.25797529474385983,0.2489403903747252,0.0412093999955145,0.0694607660061359,0.013373243209954089,0.03445140970441538,0.4,0.3,0.1,63,9.369315202731936,52.95535176608087
20,22,0.34724618854034983,0.49071488668255697,0.2799180716201026,0.25790519526035016,0.045194695616927086,0.06796347928586494,0.013371773871252721,0.03448504786462389,0.4,0.3,0.1,65,9.51045209665975,58.13602376659529
20,23,0.34249921459137705,0.46783174841822417,0.2515117350543585,0.24502605153142323,0.05278229296719746,0.06156391397806499,0.01269986600972392,0.031405640056631975,0.4,0.3,0.1,66,9.317841560646269,52.34683793145224
20,24,0.3400665614088046,0.48181255970875797,0.2735347264347221,0.255298529623718,0.07388232804157584,0.0630582117214319,0.013187773339035199,0.032291763415185123,0.4,0.3,0.1,67,9.762066284871349,58.39016425256423
20,25,0.337784514767264,0.4597356504057103,0.24825589221437402,0.26945478671988854,0.06261202251967382,0.07269072516714077,0.013140683275579778,0.0326984853449033,0.4,0.3,0.1,70,9.88231076257698,51.99715450393105
20,26,0.3347027082534418,0.4732769107036256,0.2694713133565201,0.2787013844661781,0.05187076690845171,0.07139196251860476,0.0129530468131629,0.03264813651754367,0.4,0.3,0.1,72,9.97905188165969,56.95433996254303
20,27,0.33345958179751845,0.506439658348789,0.3163680457570631,0.34118386201952844,0.03839863883285637,0.073737497506592,0.01186273938835843,0.03300394925809503,0.4,0.3,0.1,84,9.484544789572404,53.176368426169375
20,28,0.33182074395493694,0.5046011083396439,0.31480152050132504,0.3400253022036471,0.0420053392002559,0.07128188840615812,0.01194572083347239,0.031391648850424905,0.4,0.3,0.1,85,9.477488835551084,53.17960412091181
20,29,0.3253365433283923,0.5131753379129131,0.33309952126160886,0.34969177376483485,0.11843458304760356,0.07099186766186158,0.011661946905937,0.03216205630864644,0.4,0.3,0.1,86,9.596864368347584,52.7998678023906
20,30,0.3245203719669806,0.4944677604602986,0.30845545217359716,0.34454988749926585,0.04606085069133105,0.07063615920796774,0.01182830055016639,0.03321317055522554,0.4,0.3,0.1,87,9.322165657516717,52.73434836370254
20,31,0.3228920586958469,0.49263229582604245,0.3068915516559796,0.3476079585546812,0.04076309339257235,0.06818308570069864,0.01191380715432174,0.031597929289788065,0.4,0.3,0.1,88,9.314591929819,52.737203486622114
20,32,0.31957891945179995,0.5052794233297762,0.3279846861667835,0.3541417358827628,0.08607760232226021,0.0692525191299064,0.011824814033192039,0.03326573724603737,0.4,0.3,0.1,89,9.473640565338703,57.6743482552226
20,33,0.3195644170846156,0.5226866755881793,0.3519434261074216,0.36490350296100116,0.03598614188704499,0.06989503097685398,0.011875213727537259,0.03368893433876677,0.4,0.3,0.1,93,9.51025370955436,57.55423204924245
20,34,0.31917396262775816,0.5221481346237791,0.35159432666718043,0.37435939310942845,0.03720736243370731,0.06947415727892896,0.01253552791853089,0.03301934559681869,0.4,0.3,0.1,95,9.601973187721589,57.84506015890677
20,35,0.3181337078431412,0.5209195077511336,0.35060778984181157,0.3896049942006692,0.036275845373005315,0.06838131180460952,0.01191926024250342,0.0333598494076177,0.4,0.3,0.1,98,9.547034418842328,57.72055235763069
20,36,0.31652794373930215,0.5536927099037879,0.3970742328618982,0.42085538047382826,0.03831801379602374,0.06873175952217077,0.011853367982494329,0.033647488640769156,0.4,0.3,0.1,104,9.437345459295283,57.69833465488583
20,37,0.31649591851100217,0.5536280778204687,0.397050552833017,0.4208932014644364,0.03547105583531326,0.06881310825959601,0.011853712830967481,0.03375991940104557,0.4,0.3,0.1,105,9.443467265066046,57.67850066785338
20,38,0.3102400268425658,0.5455248152510525,0.39126253713661013,0.4250678961745184,0.09014531022128941,0.06448272228635755,0.011588066297191401,0.03211161816559917,0.4,0.3,0.1,106,9.814203463668816,58.043340117308986
20,39,0.31027481758690867,0.5454936523805958,0.3913134917000763,0.4252421290060815,0.03471588897718446,0.06493828771023076,0.011610322777146211,0.0320839999623313,0.4,0.3,0.1,107,9.747678151796585,58.16843414389432
20,40,0.3187500607386937,0.5021526638749045,0.3277692522739377,0.456154620037969,0.05512074205583356,0.051747925762300105,0.03818517496178533,0.0699752522933766,0.4,0.3,0.1,110,13.043472407149476,13.576422544137994
20,41,0.3075869760429466,0.46954986728649667,0.2935505931685463,0.3982932743239621,0.04543386155535634,0.06871329954243086,0.01244825928996488,0.0548321901202665,0.4,0.3,0.1,115,12.711547956825708,20.27547928394662
20,42,0.30213324259752444,0.460562007611618,0.2887409542743625,0.40280245774841167,0.09075882305412918,0.07017336456632497,0.014889181620900829,0.06235578218322217,0.4,0.3,0.1,117,14.220504680925483,22.307284262300023
20,43,0.29598792387414175,0.47116833523585283,0.3066590336753505,0.4165159925289556,0.04206789053984653,0.06606142478138838,0.01328488157204826,0.0388690204522114,0.4,0.3,0.1,120,14.575973872139366,25.37184456344888
20,44,0.29401111447993966,0.48589427884040715,0.32875166225261065,0.43942719709853373,0.058837129163332495,0.06510017318114875,0.013765163088804211,0.0391768675853354,0.4,0.3,0.1,121,15.195007387609436,26.21541956961784
20,45,0.2919263728843124,0.48276922525121807,0.3268075405266557,0.439250603672258,0.0487472041793096,0.06510017318114875,0.013765163088804211,0.03917686758533539,0.4,0.3,0.1,123,14.907420405140536,25.1131184189958
20,46,0.2803894633354659,0.46568651184304394,0.3158794816500013,0.4469574506816303,0.18644606013363638,0.06354901840872605,0.01333429527441688,0.03871254148763016,0.4,0.3,0.1,124,15.560126300072236,25.171741776991755
20,47,0.2859661302819029,0.434304882616868,0.2737342402938833,0.4934766208818964,0.04640723583056916,0.07322769134479193,0.01613648151547602,0.08153470911957741,0.4,0.3,0.1,136,13.14136031580551,19.229780006854604
20,48,0.28517811473018667,0.46662113891859364,0.32095194733037696,0.5175035489977953,0.09887149451605796,0.07870542486111091,0.01969890512195998,0.07783546845935849,0.4,0.3,0.1,137,13.60202407012486,15.9649763953949
20,49,0.2827969908607552,0.46288275884500174,0.3186263004017038,0.5172923138505979,0.056835758031747674,0.07870542644934289,0.01969890991340471,0.07783546563321145,0.4,0.3,0.1,140,14.048028891731994,16.89924810431909
20,50,0.27202032149004834,0.5907736554762616,0.49939847509503515,0.6063791189435167,0.04068108498185475,0.07081847278559121,0.018430553360508008,0.03708929931675381,0.4,0.3,0.1,152,10.129439392391635,65.21958581797959
20,51,0.2656826638859674,0.5789815851625957,0.49313764284031303,0.6415142610003565,0.10739596224351215,0.07817941550236834,0.018160764792471952,0.03690234446223615,0.4,0.3,0.1,154,9.845531314299144,64.92551806586022
20,52,0.27152004849996264,0.6381182885166858,0.5707806769525207,0.6705207153594842,0.056580767916776735,0.07519472852182453,0.033283620133037636,0.05167025236168319,0.4,0.3,0.1,159,10.259900839177435,56.214678401331405
20,53,0.2711235821097857,0.6562810578258582,0.5943158157996471,0.6930528368518958,0.04703152384449928,0.06775815469411006,0.0341930004801348,0.05818839454068507,0.4,0.3,0.1,165,10.149386166830832,56.74812824655675
20,54,0.25586068406256124,0.6536393090667194,0.602946437941391,0.7479240372206092,0.03617423595340358,0.06575294059936541,0.01969208748931294,0.03728550360403511,0.4,0.3,0.1,185,9.984462192440814,63.28468164884591
20,55,0.2527257344343182,0.702242936501552,0.6715927634876336,0.7947130176321593,0.03784466064429172,0.0608185317350768,0.01939804220369091,0.041433039303079025,0.4,0.3,0.1,191,10.165019197760705,63.436705835610745
20,56,0.2409249241197783,0.6664037854705531,0.6355606183045729,0.7934040155296903,0.07113625348986972,0.057417916487965105,0.01937797588705344,0.03589160533230889,0.4,0.3,0.1,195,9.911943585624046,61.27946806769224
20,57,0.23377411311582263,0.6904916302938816,0.6760018348054172,0.8148394576572003,0.07547574753280215,0.052839077975259253,0.01997630512069616,0.03744759057777043,0.4,0.3,0.1,197,10.137226454312534,63.3058561197239
21,0,0.8907443274134657,0.8382705053674933,0.3789540206718261,0.012033891230171102,0.0,0.0,0.0,0.0,0.4,0.3,0.1,1,10.53040715670314,25.616016413902702
21,1,0.6943625137143126,0.7072206706769937,0.30981807658030386,0.038943757146828205,0.8031399228774143,0.08186678209014724,9.180857499576e-05,0.00013603250738114,0.4,0.3,0.1,3,8.643776318596347,20.64191577694535
21,2,0.6414016637635305,0.6636180792297034,0.28373281098534675,0.04131550438776711,0.4714589887932435,0.08816230550997814,0.00057500778818395,0.00102491640932208,0.4,0.3,0.1,4,9.984855701227586,19.468264348915568
21,3,0.6056781760188952,0.6324038601833529,0.2650909900720342,0.04552995818406415,0.3504525931949887,0.09390330315278066,7.552694433243001e-05,0.00010958453235321,0.4,0.3,0.1,5,8.0565976416344,8.627604025992595
21,4,0.6020355002487242,0.6466922648969443,0.2870750152893471,0.05131715398783038,0.054252149136206296,0.09444478462725577,9.095513265826e-05,0.00013123428629559,0.4,0.3,0.1,7,8.096938307540565,7.165393150067246
21,5,0.5996321027657527,0.6271668345510611,0.2628047354284317,0.05721995558577771,0.06047718150761894,0.10014114777420262,0.00023513642149683,0.00039392940008901,0.4,0.3,0.1,9,9.421386738912018,8.522867334682168
21,6,0.5371954256956285,0.5677906560847039,0.22500544990682192,0.05367261882051366,0.5750300952209906,0.09416552176561392,0.00052032778646225,0.00065045376161507,0.4,0.3,0.1,10,8.890068462736417,8.502392678423327
21,7,0.5220577340756413,0.5701964688244916,0.23947407965985992,0.06398620282378031,0.0849037651767972,0.09293847409221809,0.00104006050768115,0.00297247405639134,0.4,0.3,0.1,13,8.89549838779758,9.5560184822928
21,8,0.5187467187520324,0.5843967769755711,0.26123977255805986,0.0696234302336272,0.052343475728222455,0.09243722648335424,0.00105571524816874,0.0028322510544249698,0.4,0.3,0.1,15,8.508189308451254,10.283968714423468
21,9,0.5123639433152849,0.5779678897315024,0.2566304637902577,0.07672216106729034,0.045098841776617306,0.0791403542831294,0.01126284014428759,0.00925937954591627,0.4,0.3,0.1,20,7.276392978567688,8.554487470856628
21,10,0.4950905282907575,0.5775020389146561,0.2702306316424767,0.0950821473662392,0.1338378627444719,0.07830556230529472,0.01648817388257629,0.02018668529414843,0.4,0.3,0.1,22,8.8235509609339,5.978554907534866
21,11,0.4921322794227467,0.5734929994272584,0.27264822197765987,0.12512661100002556,0.2110888007224066,0.09448650223432395,0.03313725557982117,0.03548789922139739,0.4,0.3,0.1,23,7.704543773285522,8.343397635175855
21,12,0.484493657801092,0.5654040608562005,0.26679272509542434,0.12740801677051847,0.10468247961986239,0.08904158576930171,0.03314956520282743,0.03544208820810343,0.4,0.3,0.1,24,7.596767989673241,14.389149489974304
21,13,0.47335507978906355,0.5365164758746213,0.2339038179250993,0.10696514360837198,0.05970194647230995,0.09344324077264746,0.014913562562838581,0.02207789227276005,0.4,0.3,0.1,28,10.77181247082652,11.626507535389694
21,14,0.44131382412367043,0.5529404136818856,0.2826929711618242,0.14793273481664196,0.09717200997104511,0.08454927055047431,0.02152632197594146,0.02562318420650308,0.4,0.3,0.1,34,7.413618205801169,7.950368748244458
21,15,0.4389069419424123,0.5676900908805352,0.3049526237992033,0.16153810072072394,0.050095379487930976,0.08486359393233603,0.02151637609360406,0.02632818471082286,0.4,0.3,0.1,38,7.299477854076661,8.086861804000124
21,16,0.42902025219547907,0.5566529517011153,0.2969920858821059,0.1636232945389692,0.11669385274801698,0.07763971957260933,0.021482684287255648,0.026366062554078567,0.4,0.3,0.1,39,7.092085634083988,15.09169690490588
21,17,0.42242054343118607,0.5494349814915704,0.29135430510736615,0.17105478439389105,0.046939688927390866,0.06757599952744128,0.023608760151339482,0.02987865766069474,0.4,0.3,0.1,43,8.469080721873343,5.470351407474194
21,18,0.4128345592267584,0.5204389705103145,0.2603894837998377,0.16459623253086128,0.14692194842043127,0.06807100174872226,0.02368441101930628,0.029906642434839807,0.4,0.3,0.1,44,8.455793280315099,7.978258106863553
21,19,0.40445213514493294,0.5454672447774123,0.301940662540682,0.18077090108754743,0.1311148574626697,0.06824040674196102,0.02313403885078606,0.029808146926346778,0.4,0.3,0.1,45,8.052577808549508,7.026716669512428
21,20,0.39428614314520205,0.5336955221329216,0.29349948122005953,0.17798939408762396,0.11714153219424994,0.06085281639268515,0.02310804302442307,0.02985205050795604,0.4,0.3,0.1,46,7.817329190490216,13.758192962641289
21,21,0.39367038961442985,0.5149466771661081,0.26952098214418885,0.17899780538274132,0.06459325366851473,0.06462811196615588,0.02398682205799722,0.0305318244914776,0.4,0.3,0.1,47,8.139112313896424,8.869840704860911
21,22,0.3894088025914586,0.5275836917288166,0.2898677075939358,0.18011707797231008,0.06811691850597779,0.06272116338322906,0.0230635435105461,0.02701917858149911,0.4,0.3,0.1,48,8.118136873845422,9.047690425486111
21,23,0.3851855929182705,0.5398189810703795,0.3105470809818133,0.19448400740428673,0.05195851109157873,0.06310448836372179,0.023056169427912908,0.02701727186532738,0.4,0.3,0.1,51,8.031757887769315,9.01279654124011
21,24,0.37788725955150276,0.5289507154714896,0.30607680896066025,0.20788429520819898,0.09398479130518765,0.07282545623280459,0.0289046590015641,0.03120960225594836,0.4,0.3,0.1,54,8.074352660910524,9.274199941187554
21,25,0.3730558590349867,0.540923607090388,0.32571070778967903,0.21763303154076227,0.054667934315185435,0.07067274749309724,0.02593253696080034,0.026899157465488932,0.4,0.3,0.1,56,8.269105335862509,9.290395938151924
21,26,0.3640026427825578,0.5801960571043794,0.39117059371019935,0.2536311080450526,0.10275914874713137,0.06586062289370365,0.04408895450567771,0.04449203290841503,0.4,0.3,0.1,59,9.75356687702092,7.221005034626421
21,27,0.3613925106252481,0.5385671026865507,0.34266145991038555,0.25859172829747384,0.0823218428305558,0.08392985025857706,0.04855927476672252,0.04903695874884968,0.4,0.3,0.1,64,12.423891529519954,7.593986277324453
21,28,0.35110682382825614,0.5248969964746298,0.3337109229801564,0.26818523081077533,0.06854341695432108,0.0734838409828225,0.0460830277723859,0.08644096044465296,0.4,0.3,0.1,71,10.38870824515979,9.3968157772885
21,29,0.34219171752353134,0.5140991961291367,0.3255989362134976,0.2670780172939004,0.11634689616431027,0.06258043062077355,0.04603100045603567,0.09330534304087555,0.4,0.3,0.1,72,12.397662330868156,12.47194563765314
21,30,0.3326933609356128,0.5181893910223012,0.341154258719876,0.2819861840092927,0.11087672614802643,0.06258043062077355,0.04603100045603567,0.0933053430408756,0.4,0.3,0.1,74,12.802153335645372,11.739101190117031
21,31,0.32732013975667,0.5276876798067647,0.36042184525001925,0.29826285584711115,0.0913194326582107,0.06451644858780281,0.04650285465796853,0.09335106014243157,0.4,0.3,0.1,76,12.768213576563058,11.687687887064133
21,32,0.3264536216119821,0.5261228896561299,0.3597225121568928,0.2988611615185112,0.07134268937994191,0.06620674036999312,0.04670647585882282,0.09323246806321143,0.4,0.3,0.1,77,12.75807688553055,11.67926744832953
21,33,0.3353530666569652,0.5515685743744341,0.3927953791538886,0.33210268186306646,0.07650392363681799,0.0824662193186477,0.05009152167933796,0.13002940154491333,0.4,0.3,0.1,79,10.14958087571696,9.526936639683504
21,34,0.3332697874116005,0.5311912633732425,0.36693565804302114,0.27888873925837276,0.07169180333678903,0.08897566505497431,0.04707796569328499,0.10848234765398815,0.4,0.3,0.1,81,8.948839968039053,9.21814332774142
21,35,0.3241387758484082,0.5555361592804551,0.4060017719487546,0.3419448225518952,0.07945313777083791,0.08218356040416032,0.04363713258306734,0.0903838290774882,0.4,0.3,0.1,83,10.21009991135166,7.981445348763255
21,36,0.29976168929796876,0.5208023757391378,0.38315927608667333,0.36830149501976356,0.34918364556732884,0.07478360264585689,0.049650778778964275,0.0692752482870113,0.4,0.3,0.1,84,9.792648803415217,7.651193891126639
21,37,0.26887052549921236,0.4921696881387252,0.3766280626575571,0.3687024309048958,0.43729296673928214,0.06681441150303763,0.04838070619197473,0.05919454709035663,0.4,0.3,0.1,85,11.39308320855975,10.46892060653816
21,38,0.2656680726224724,0.5048590080431108,0.3973248947372701,0.4008136531991599,0.05473165166972335,0.06560895295249182,0.04861679663899363,0.0578038572684811,0.4,0.3,0.1,90,11.563471741801926,10.51208814264059
21,39,0.2603874274411631,0.4587803372352053,0.34393872060953345,0.39774705022650375,0.18548725221867848,0.07557073340586531,0.04848431291112492,0.052782499823728866,0.4,0.3,0.1,91,11.34354786294261,7.793566655238714
21,40,0.26026255753001143,0.4761319809228273,0.3677440386096871,0.3991079438796823,0.0510316478408485,0.07557073340586386,0.0484843129111257,0.05278249982372611,0.4,0.3,0.1,93,11.212464572716751,7.897480227187054
21,41,0.26013924611373435,0.4935236932449641,0.3915531466188328,0.419436291119068,0.05052521506163208,0.07554760534186795,0.04832202366566969,0.05280331966809957,0.4,0.3,0.1,95,11.25031017385108,7.857083420168086
21,42,0.24938672146669277,0.5312621382740265,0.4523241547796911,0.4434510261821942,0.09402626337687682,0.06518753237963278,0.042077043703679776,0.06696821227771785,0.4,0.3,0.1,97,10.303405654705587,9.157491965347928
21,43,0.24614569146417625,0.5251548541284409,0.4488433846792502,0.44390835769986103,0.07878000547031061,0.06512888603756993,0.04424355567239343,0.06913291968376925,0.4,0.3,0.1,99,10.381308899886848,9.143433044263505
21,44,0.2459610569827879,0.5599287855159707,0.4965142223806614,0.47043448690571843,0.04726593401219031,0.06459811763425391,0.0425842759700026,0.07666160874134804,0.4,0.3,0.1,103,10.380701606924806,9.20193709286214
21,45,0.23930804483878285,0.5641639311589449,0.513096892470523,0.4897619017650688,0.12305339202918854,0.06466290648358096,0.04813563992085365,0.08454935834034487,0.4,0.3,0.1,105,10.558453366398275,9.284497534185489
21,46,0.23550437824843462,0.5748107101586103,0.5328415828076464,0.5118046247317893,0.08292863859198567,0.0681380984541726,0.04555468762198773,0.08131420528345815,0.4,0.3,0.1,107,10.672935019365926,9.273882207658362
21,47,0.2270998879891498,0.5424394753529777,0.49959442967719686,0.5053127727252981,0.185635616285226,0.06697356532441025,0.0500394695962693,0.06992010604510168,0.4,0.3,0.1,108,10.50299236564624,9.88119067858756
21,48,0.2199647338850238,0.5339282967090665,0.49224578079636794,0.4968478505171763,0.050597545072155053,0.060485679960653925,0.0451614090827926,0.05615959632782316,0.4,0.3,0.1,112,10.808525025083746,8.834684217064005
21,49,0.2148504055550826,0.524224360710163,0.4863756474364098,0.5280852370686264,0.05969546779023894,0.05827277334922006,0.04746991727619705,0.062493353500807515,0.4,0.3,0.1,118,10.88380953636606,10.888752847400452
21,50,0.21220287878020003,0.5382502900006344,0.5075090680134425,0.5278238850151082,0.04524582049145441,0.059847907020302314,0.04321001971378561,0.05301931684111545,0.4,0.3,0.1,124,9.482786460486222,10.202744936265717
21,51,0.21525998315113648,0.487505699316956,0.4385634366950253,0.44022609763940324,0.06957503147185634,0.06440646411161406,0.04706111435189807,0.06703377559284436,0.4,0.3,0.1,125,10.662212775029662,10.9505420543208
21,52,0.195565550256038,0.5273170418421598,0.5125336073807089,0.5582852001345074,0.1468132944895479,0.04860763092142792,0.04561378312231805,0.05941963807393562,0.4,0.3,0.1,127,10.48596070878434,9.544819823325732
21,53,0.18795372354402567,0.4774802809777443,0.4555109060570477,0.4634304442636986,0.05638182744984595,0.049026828513112033,0.04510290555360308,0.05934092386645499,0.4,0.3,0.1,135,10.605453384373194,9.927104940563838
22,0,0.7832208142627255,0.7661252550845424,0.3340723541225943,0.008031868317060155,0.0,0.0,0.0,0.0,0.4,0.3,0.1,1,15.78501297366877,28.84524172408849
22,1,0.6417526773009489,0.6630179357678653,0.2809860218560814,0.033158919787955446,0.6516398172979544,0.07304611435176686,8.528012446389e-05,0.00015288848137871,0.4,0.3,0.1,3,11.357703423114652,23.671406641160345
22,2,0.6036701603300751,0.6303784494510786,0.26300570476894464,0.04178722034251777,0.2178064577216592,0.08843802505077748,7.165583818872e-05,0.00014464238456182,0.4,0.3,0.1,5,8.549779130092798,10.0868426700078
22,3,0.6036676534342327,0.6479364115185067,0.2869395457489309,0.0479111699764333,0.035421457936725756,0.0884380250507775,7.165583818872e-05,0.00014464238456182,0.4,0.3,0.1,7,8.572517949270729,10.113694023479091
22,4,0.5815258399143236,0.6272764901195842,0.2720418207075615,0.046646838515927866,0.17339745170879614,0.07480720847170767,0.00017935532457973,0.00023095568585365,0.4,0.3,0.1,8,10.339329816634905,11.485817268062918
22,5,0.5811558914711605,0.6445122756239914,0.29585690779020113,0.0615216109530743,0.03275617058474745,0.0752657140802818,0.00025951161107451,0.00031773285316409,0.4,0.3,0.1,10,10.090217789752709,11.022226518565658
22,6,0.5608477336325289,0.5905251304600222,0.23707540727453785,0.059280342988377054,0.2303899279758348,0.08074284254741268,0.0002050214926683,0.00042580212722973995,0.4,0.3,0.1,11,11.010933568778515,12.428116487660857
22,7,0.5650143421376642,0.6124538519840327,0.266923184779117,0.07301192722167989,0.060070136994635585,0.10132038049920644,0.00085595997190866,0.0007107508118149,0.4,0.3,0.1,13,7.707837588281867,9.049929365587396
22,8,0.5503222983677443,0.6334479374592373,0.30246120899268747,0.06865276416523244,0.07940385448212671,0.07782209057185452,0.00071877897728754,0.00132617912862073,0.4,0.3,0.1,14,8.976345366301953,8.838469246437464
22,9,0.4891306334567153,0.5533702307676003,0.24371033161198094,0.06844662368987182,0.7282031712903542,0.08414057550546863,0.01555773662339747,0.03940855933984913,0.4,0.3,0.1,15,9.634861675786071,10.949872661120535
22,10,0.48913063461839495,0.5709303364026107,0.26764531963088606,0.07457464174049225,0.0422647483176681,0.08414057550546863,0.01555773662339747,0.03940855933984913,0.4,0.3,0.1,17,9.634860028239668,10.949870298110126
22,11,0.4891238735089561,0.6060430451860932,0.31551076213392165,0.09589814181885956,0.04227797698534744,0.08414057550546863,0.01555773662339747,0.03940855933984913,0.4,0.3,0.1,22,9.6460422614889,10.965903541187052
22,12,0.48767113041268106,0.6045150366099448,0.3144256095686966,0.0980480873164307,0.052937292036256356,0.08303294081229823,0.01623301594937679,0.038255809589357134,0.4,0.3,0.1,23,9.646584039854734,10.915788829008829
22,13,0.4545871194916957,0.5504789331183233,0.26827650777435946,0.0913480357333431,0.39744697433204945,0.07653577299739658,0.02632572999746858,0.04660822761465589,0.4,0.3,0.1,24,10.27024374995533,10.251469978848377
22,14,0.4483180040325301,0.5262839971751424,0.23889256268538078,0.11173273351190223,0.045704879815886335,0.061603914776389976,0.02975931795720004,0.06106574348461731,0.4,0.3,0.1,29,9.468625755790644,10.729002886413522
22,15,0.44209400128368553,0.4999742639945141,0.21372195769146207,0.12404152618329323,0.23857017108735581,0.0856325998094281,0.035015649072562896,0.060523063493505315,0.4,0.3,0.1,30,10.907394901127438,14.88836732968279
22,16,0.43735246394946614,0.49454226048907757,0.2101453949548348,0.12566940397057894,0.096745914539075,0.07380085640672811,0.04137876642336513,0.08353906547238041,0.4,0.3,0.1,31,11.251615129102984,12.423146859648853
22,17,0.43453167279767585,0.5085363656366346,0.23213687705771519,0.13145153873924764,0.09030625943634578,0.08614032845813399,0.0350248024273919,0.06051872305558499,0.4,0.3,0.1,32,9.57806174245427,13.564084410094278
22,18,0.42728460464686113,0.5000608752299636,0.22658929027715535,0.14067763810080075,0.12315164883682707,0.07380085640672814,0.041378766423365146,0.08353906547238044,0.4,0.3,0.1,33,10.114889876334372,11.273323085122351
22,19,0.43129584583112357,0.5215388356462931,0.2546578220903036,0.14474492885603432,0.06013296517507668,0.0876940116872847,0.041672202012093026,0.07197193408530275,0.4,0.3,0.1,34,9.791467115634823,13.796920907403894
22,20,0.4265005787738716,0.5157511239115892,0.2511105153047281,0.14705547357328716,0.11067308682994857,0.07551148272818517,0.04922974210922221,0.09943803269346208,0.4,0.3,0.1,35,10.134573899120111,11.304408356521291
22,21,0.42738642543266525,0.5339127532688659,0.2762733630078945,0.1599669236072094,0.06236718881365299,0.07356819018684876,0.05409103944062009,0.11521232549921831,0.4,0.3,0.1,38,9.835918549174696,10.862851008320018
22,22,0.40619721845206186,0.5109997657482468,0.25701288908185327,0.14875488002120077,0.13485055900859208,0.058857869559397355,0.04040211098427319,0.08264398046223968,0.4,0.3,0.1,39,9.734943076406289,10.88825558484304
22,23,0.3933963576452893,0.47905074661933955,0.22186947301596507,0.1402506967383063,0.07758432865984873,0.07007816468120723,0.02020757802939675,0.03862444502354702,0.4,0.3,0.1,41,10.168361196324964,11.757138684551762
22,24,0.38850352689281514,0.5081827495274285,0.2658514282099571,0.15785857095211328,0.04797347566271525,0.0686753353202961,0.02071106082232835,0.03841522004275945,0.4,0.3,0.1,46,10.62317841330303,10.021898055594113
22,25,0.38653644856287417,0.5057522921089176,0.2642878303934853,0.16023229224278646,0.058945125162788076,0.06852900626041229,0.02047714798551024,0.03833655319878866,0.4,0.3,0.1,47,10.852725045885794,10.690984947083557
22,26,0.3851696988675919,0.521409530336437,0.2873082199219344,0.16676854372814806,0.06268318627305554,0.06883407433687326,0.02176613110823816,0.040372181955116285,0.4,0.3,0.1,48,11.70599210925718,10.795790576294053
22,27,0.3739799217317934,0.5078082237762354,0.2779993720306266,0.16320026662324125,0.14265802757952012,0.061041225182003875,0.0245643299894556,0.040723562520234256,0.4,0.3,0.1,49,11.060704667310834,10.870705504736756
22,28,0.39180861354565255,0.5259996786754164,0.29588200313465296,0.20378129198541334,0.06550443978966176,0.07122422694392186,0.05539857959933823,0.08123100422682823,0.4,0.3,0.1,53,15.113435940792106,16.220121638432087
22,29,0.378997428783825,0.5267518029508905,0.3093606936094781,0.21180351637301814,0.1460027780491795,0.07122422694392186,0.05539857959933823,0.08123100422682825,0.4,0.3,0.1,55,17.333247623889598,19.24920337365945
22,30,0.35294642283424255,0.5484619599048056,0.3577240150019795,0.23811147292913298,0.050099012396670785,0.06582090458620977,0.03060047716546525,0.06675481363731525,0.4,0.3,0.1,67,10.202444796140052,12.17624533355692
22,31,0.3497366471802355,0.5445994086393102,0.3548148071101821,0.24830427468475577,0.04329705457455296,0.06317819413300527,0.02989112837984037,0.06605530013740908,0.4,0.3,0.1,71,10.594558745130488,12.678708741334638
22,32,0.3475447992857924,0.5419138480796574,0.3528436172157467,0.23281326240619205,0.08719881234811755,0.06243218995495733,0.030954412157796218,0.057897446536484806,0.4,0.3,0.1,72,10.30615507704408,11.847592144895328
22,33,0.34185702091570286,0.4969492052734552,0.3009505623045215,0.2871305933157144,0.06516554452677849,0.07149043330305657,0.02873272516683767,0.08393002360475751,0.4,0.3,0.1,79,8.697007701912302,10.332358315925198
22,34,0.3395830677111376,0.5108481733410439,0.3231212765331332,0.29837593584616123,0.0707034758962147,0.07173492222153588,0.030861563981950512,0.09014849021262956,0.4,0.3,0.1,81,9.843910635118132,11.79307855809964
22,35,0.3291936463672862,0.5702467695920493,0.4089605885879691,0.3040755684670241,0.0872404313473499,0.0631288404705452,0.03043218169426486,0.042345597577803026,0.4,0.3,0.1,82,13.052850319991938,11.948207558201936
22,36,0.3129848988858978,0.5643273077132552,0.41828890990743495,0.3220835785550252,0.1546855798334441,0.0631288404705452,0.03043218169426486,0.04234559757780302,0.4,0.3,0.1,84,14.810193730025002,13.666316018762872
22,37,0.30658888317553906,0.6408637312508622,0.5325098230501409,0.4296908834523097,0.0464221840465205,0.07315030795785782,0.02930686795718359,0.046739327853413185,0.4,0.3,0.1,112,12.61060230356931,10.914704617720652
22,38,0.3012584671940689,0.650282225677815,0.551538168184201,0.4406251821913055,0.0803984574139256,0.07279143648447192,0.030361630348264,0.04919510643674928,0.4,0.3,0.1,114,13.478768896436184,11.158791930154798
22,39,0.29996990438892257,0.6659061538940233,0.5742686560963225,0.4580456798711983,0.049770635006661325,0.07279143648447192,0.030361630348264,0.04919510643674927,0.4,0.3,0.1,116,12.920955556120642,10.525363671124635
22,40,0.29419800574931776,0.7996886850897138,0.7600956991623206,0.5926126924576934,0.04037704070498782,0.06376314339238133,0.03044775360874417,0.045724150911635716,0.4,0.3,0.1,146,12.0412746807455,9.55305197147318
22,41,0.28203166113682054,0.5088960245419272,0.38996263524244557,0.570002074174036,0.09234662779593478,0.06570350736634874,0.07970096531177387,0.0471868961752217,0.4,0.3,0.1,157,10.897385977168954,24.59745749556083
23,0,0.8403590681591525,0.8053838915183319,0.3584951614074932,0.010209652925802462,0.0,0.0,0.0,0.0,0.4,0.3,0.1,1,12.633800938126711,25.417817891757466
23,1,0.6047782309585381,0.630446150797536,0.259690424434906,0.02877124641544314,0.9737993782528911,0.06621365729965034,9.050106060783e-05,0.00014185002645909,0.4,0.3,0.1,3,12.073301854739766,20.67382789356356
23,2,0.5692897921288417,0.597321434781088,0.2350207960155115,0.018970395536007267,0.2261791443080264,0.03904362819328674,0.00051342083599902,4.62722930841e-05,0.4,0.3,0.1,4,12.252553859840322,139.00873113593556
23,3,0.4945131679336792,0.52462319880581,0.19480179778536802,0.029888813139479116,0.8372594665858838,0.07248152328748769,7.640110806875e-05,9.485188849935e-05,0.4,0.3,0.1,5,12.246945979045584,8.93670375810159
23,4,0.48942114346855625,0.5368513045014724,0.21560750964400124,0.03549228302770704,0.05692909499054874,0.07369935826424374,9.941707179192e-05,0.00012342618120216001,0.4,0.3,0.1,7,12.622529563377835,7.732891665908952
23,5,0.489035721764255,0.5364528652329286,0.21531862967618468,0.04235504183773636,0.032140694634471764,0.07344139014764847,8.81516125849e-05,0.00010387749495962,0.4,0.3,0.1,8,12.385775059832731,7.608968010718988
23,6,0.4551512565728307,0.5002982857607569,0.1917967887031911,0.04106250230421734,0.18386803986461858,0.06577149446909511,0.00034966560990867,0.00274248797056288,0.4,0.3,0.1,10,12.545630129364003,9.738449954452395
23,7,0.43678482850086753,0.4620449495103535,0.15560583060292052,0.0442467133132212,0.23828113430226155,0.0705146524261823,0.00022735317840874998,0.00047312774648713003,0.4,0.3,0.1,11,13.74595858878346,9.13050327430819
23,8,0.4354676385225508,0.4951439178762732,0.20363531259854672,0.04702680398034277,0.08633241006308122,0.07606036037004525,0.00379254173216304,0.00508446112745565,0.4,0.3,0.1,12,12.415476254265094,8.337679806156865
23,9,0.4080399750077739,0.48105642051211744,0.20702596708646498,0.05715656578797945,0.16795830845291815,0.07026898837704601,0.00355956970063367,0.00629164372177346,0.4,0.3,0.1,14,12.711520397879584,9.26708311160907
23,10,0.39722842702256556,0.4857313444458932,0.22272227533567004,0.06364891004551818,0.08703157242249618,0.06873752751493588,0.0037082066618028204,0.00607479580075124,0.4,0.3,0.1,16,12.542700922286093,10.18250734933517
23,11,0.3937682927443922,0.481713099870096,0.2198885457572278,0.07079158048315846,0.04306628173638681,0.0666440918068226,0.00368222425495264,0.00569103652888673,0.4,0.3,0.1,18,12.47868642257482,10.677001663038084
23,12,0.372298600195917,0.45557246654578126,0.2028662834207416,0.0786067531966521,0.13977080572935363,0.0647487088711352,0.0011153428942545398,0.0008575640232922199,0.4,0.3,0.1,20,12.160404307920873,9.641788807842785
23,13,0.34893976865350945,0.4249675127124358,0.18441944817489903,0.08400887999797972,0.10352576072559415,0.06857259030697098,0.00115805642512808,0.00111509725558302,0.4,0.3,0.1,24,13.202481312029173,10.990176313023156
23,14,0.34893977728400316,0.44252761850979855,0.20835449097705752,0.09332716797126238,0.027888143759248755,0.06857259080682979,0.00115805634173529,0.00111509712984902,0.4,0.3,0.1,26,13.20248104998969,10.990176696813265
23,15,0.34837290822867834,0.44169839166876845,0.2079329472918925,0.0935167023704453,0.038280261376164894,0.06921294677623174,0.00116205105714555,0.00103424509465325,0.4,0.3,0.1,27,13.294886232009986,10.8575313066699
23,16,0.34396635805864023,0.40046082521833043,0.15655507594228638,0.09183809165501396,0.06139277802100789,0.0707526498184774,0.0015687707942531998,0.00153675157715165,0.4,0.3,0.1,29,14.415220467186378,10.980931241469822
23,17,0.3272732487796578,0.3960299582772688,0.1661394474870269,0.10918115545198279,0.12221986670190378,0.06622354853598453,0.00162718806682332,0.00174947350054026,0.4,0.3,0.1,31,15.093051083459708,10.44043136591205
23,18,0.31562362779615455,0.3619811196023952,0.1322128318369836,0.10660492086440788,0.1895343330933896,0.06796915969423792,0.0016076596344357398,0.00186580117182677,0.4,0.3,0.1,32,14.553591971778658,7.271965179289987
23,19,0.2910135976272072,0.3289108198589276,0.109656483125052,0.10508985406653129,0.15342707730319477,0.054849866287789074,0.00159282387288061,0.0019061595455778801,0.4,0.3,0.1,34,15.031975314670593,6.5053268953354975
23,20,0.2904214111565562,0.3280444680968947,0.10911527559342447,0.09984389806822752,0.030687970708836648,0.05483253444780484,0.00159401483596163,0.0019121407797956,0.4,0.3,0.1,35,15.053868842518062,6.509120815061411
23,21,0.29376700295589686,0.38071408148778496,0.18487321797802372,0.15565337780378513,0.045476987811396793,0.08018138738166099,0.0020296108837716,0.0039876675663001095,0.4,0.3,0.1,43,16.710285509030363,7.916038547362887
23,22,0.2879853454571286,0.3882538293466333,0.20353200481785869,0.17439008833872302,0.0943827042291937,0.08632596061507818,0.0021613716902257997,0.00435122937430751,0.4,0.3,0.1,45,16.7362772935467,8.323196822968505
23,23,0.28541072832291736,0.3847238011149785,0.2010564588348905,0.17641225539011948,0.06109469293939636,0.0845767868077716,0.00204993238986619,0.00428585119193557,0.4,0.3,0.1,46,16.98323450901482,8.932606386350658
23,24,0.28540281256813055,0.4022718491823375,0.22498396379037175,0.1939014476036975,0.034930981236614395,0.08457678680777161,0.00204993238986619,0.00428585119193556,0.4,0.3,0.1,48,16.982481442161525,8.93072151887526
23,25,0.2685348002818048,0.34300602825705484,0.16076470734545983,0.19476876650850997,0.2253449199704224,0.05703581308497394,0.02385943036034237,0.01387281758704716,0.4,0.3,0.1,49,14.39262835956372,6.884097756545049
23,26,0.23590515457986935,0.2833111419471412,0.12712939221840627,0.18013318944378487,0.1487230512813044,0.07914006634293376,0.01999121875697903,0.029705305902269108,0.4,0.3,0.1,55,12.44805097883943,20.299259528074945
23,27,0.2346058169019838,0.3160930510693712,0.17361815132039055,0.19771039176678917,0.04893263511149562,0.0764824643681233,0.02238104791068142,0.03510945584853558,0.4,0.3,0.1,58,12.835287984178573,11.902964012323713
23,28,0.2257256603550193,0.3006066898723662,0.16396088409151927,0.19976266677453325,0.18633003620113248,0.07778670166304691,0.02145773310490165,0.03204996234554378,0.4,0.3,0.1,59,12.759858287651856,15.964331702009934
23,29,0.19298369857300204,0.23942807950096004,0.12615790482255063,0.19998055316926847,0.6241995417849034,0.07734808722968411,0.02221771335104191,0.03830767287932104,0.4,0.3,0.1,60,12.524437192387913,13.055851671109451
23,30,0.18432957340694628,0.2222149638683509,0.11544958644168886,0.19900815626381135,0.12127378880199163,0.07734808722968416,0.02221771335104191,0.03830767287932107,0.4,0.3,0.1,62,12.608011298859044,14.700839270941042
23,31,0.19509190800407766,0.282217387098955,0.19722355055093205,0.3152202096598771,0.05721541980195414,0.09484936679468764,0.046212976461736846,0.039576219838350704,0.4,0.3,0.1,108,14.021475817119368,37.49122232607988
23,32,0.18687215518212172,0.25229043573329607,0.16404587166636597,0.300337535783286,0.06729996436468606,0.08507259104289397,0.0463515287522913,0.03727125140154,0.4,0.3,0.1,113,14.706707107555342,34.65716423431088
23,33,0.18044746568744968,0.2389695029384269,0.15575889782267677,0.2995849766214537,0.08261314720410654,0.085072591042894,0.04635152875229129,0.03727125140153998,0.4,0.3,0.1,117,14.518783258300806,36.896611937512574
23,34,0.1608052898645714,0.25967968785439105,0.2230696466254645,0.4192660602627761,0.0929488630552778,0.08337449405024758,0.05641199984163089,0.07695508994289908,0.4,0.3,0.1,132,13.051765388013171,30.556769602416253
23,35,0.16046966571579502,0.25892622355283257,0.22260088975754194,0.42235899670808763,0.06151221692599457,0.083374493255985,0.056412000062051514,0.0769550894952343,0.4,0.3,0.1,134,13.064874769909284,30.442025594051685
23,36,0.15219351753375218,0.22159765831009615,0.18665457326412943,0.41689497608334525,0.12215329274336216,0.08312245806602984,0.05675262723928058,0.08453282271504493,0.4,0.3,0.1,137,13.316336754187873,30.507153104717887
23,37,0.1434614866820476,0.2381566410448672,0.2224529528159969,0.4245321518599362,0.2220959367406735,0.08110769325980295,0.050229535100230316,0.09827275149004581,0.4,0.3,0.1,138,13.460225350059266,30.903557600746407
23,38,0.15622785768631636,0.2645676454879702,0.2754095210224894,0.490155992614116,0.17091958902906834,0.12571829098802484,0.07144103350028855,0.13416675368769918,0.4,0.3,0.1,142,18.501242999472204,21.34522409095257
24,0,0.9410556814928559,0.8696410810440032,0.3984697408402112,0.013774777660686209,0.0,0.0,0.0,0.0,0.4,0.3,0.1,1,8.991725545049544,28.29323794106628
24,1,0.7611571387186326,0.7587323047384744,0.34139927508439516,0.040640728867459654,0.7014337550583664,0.0787798821317939,8.526480950766e-05,0.00021623627868086,0.4,0.3,0.1,3,6.089582319055673,22.69783264981249
24,2,0.6832801893790295,0.6991387249477551,0.3066539289532913,0.04934957898373021,0.3468907901229767,0.09419868630302676,7.141818739588e-05,0.0001861174537102,0.4,0.3,0.1,5,5.018986048921378,9.587792359716104
24,3,0.6811673150043323,0.7150168279705509,0.3296560621815033,0.0552973708819071,0.04733855355526659,0.09493075310335455,8.397035274100001e-05,0.00022012939297027,0.4,0.3,0.1,7,5.075846311546083,8.167794383855595
24,4,0.6736041729690622,0.6911333069427721,0.3016154488266586,0.06366221327548782,0.06517404578826333,0.09382438483210592,7.170168934827e-05,0.00013913494653711,0.4,0.3,0.1,9,5.481820900254348,11.10134834017872
24,5,0.671691765741928,0.6895478214345302,0.3006409052772528,0.06360185487328059,0.05277488114368366,0.09389733633175952,6.731297899298001e-05,0.00017349848681164,0.4,0.3,0.1,10,5.0503257287397645,10.6195032074498
24,6,0.6433361957948889,0.6846523231772151,0.3148975127470751,0.07713559101313419,0.3669492723036035,0.10244518494905756,0.02009920274702099,0.01944334894046616,0.4,0.3,0.1,11,4.816963002153167,7.797188963363147
24,7,0.6123489359020585,0.6558722518822523,0.2923136725375396,0.0654528373639335,0.19097815010120645,0.09035626905891288,0.00117585905984736,0.00073517390956806,0.4,0.3,0.1,12,5.382221456933008,11.081626843740183
24,8,0.6026394155485757,0.6645147955509181,0.31003376333752497,0.07536603379581544,0.06832417836764629,0.08608263304132414,0.00093373451458042,0.00089256596058339,0.4,0.3,0.1,14,5.432893954244095,7.085961091225436
24,9,0.5811659961736576,0.6627133505095689,0.3234434065359331,0.08601643275032957,0.25872194102022933,0.08673676415806651,0.0074208295393387,0.01902496046275224,0.4,0.3,0.1,15,5.472255771596812,14.18780059460205
24,10,0.5755823812603831,0.6399295365234696,0.2962879612840971,0.09829190887894851,0.0513600020894332,0.08933483470375803,0.00485957384447638,0.01708978816640561,0.4,0.3,0.1,19,5.531901057342858,13.727818259107927
24,11,0.5732459750905385,0.6552568442369239,0.31864558422505335,0.08848366917877486,0.054662193423400035,0.09572675937840082,0.00019670541418094,0.00052685674424282,0.4,0.3,0.1,20,6.321932366914042,11.004900831869412
24,12,0.5713544070295469,0.6358889272448653,0.29342651961211735,0.07911275188212356,0.05101284678118219,0.09466550677551486,0.00021259223341989,0.00050425754779172,0.4,0.3,0.1,21,6.201976668187356,11.395775076613164
24,13,0.559898578580065,0.6074808689374315,0.26320031072060895,0.09600507210661459,0.09588966117841859,0.09691227515111037,0.00103626875639994,0.00115302210008082,0.4,0.3,0.1,23,5.429946560570401,6.722401365187508
24,14,0.5548646652480639,0.6026493281844106,0.2603985859828029,0.10087215058732475,0.09025123742807346,0.09864578610697974,0.0006406391107546,0.0008002249198101399,0.4,0.3,0.1,24,5.211366437166749,7.310032144574691
24,15,0.5464224584763934,0.5944338425803065,0.2553269011842233,0.11019561746497361,0.06590799993953647,0.09850025749758562,0.00094553192683187,0.0015046627410079101,0.4,0.3,0.1,27,6.420845023733032,6.227795811235026
24,16,0.5541252819205051,0.6900204705976487,0.3922516278545933,0.19355017374443817,0.10631090145819212,0.0959504385296014,0.04346024658402848,0.21244575533746515,0.4,0.3,0.1,34,5.7503845405800975,7848.92721520939
24,17,0.522585197982688,0.6747194257834872,0.39636806251040374,0.23744582189584248,0.1283213466930448,0.07761847332313808,0.1124072324692548,0.09545697045794035,0.4,0.3,0.1,40,7.875354655785564,12.908573558436808
24,18,0.5013824344456778,0.6525127556616053,0.3795244455748635,0.2433605259883262,0.09966288089133656,0.0632035088785292,0.10664370068449185,0.09025829362403144,0.4,0.3,0.1,44,10.585906360865932,134.8222083451062
24,19,0.5010883176515487,0.6689234366998018,0.40600643843917616,0.25989377299722377,0.166662613723428,0.07857674065067029,0.11334721915668122,0.09497691285457126,0.4,0.3,0.1,45,8.760681830588712,9.694672076722185
24,20,0.4990492589718144,0.6667454087788655,0.40452516228692115,0.26791120262174706,0.08356165095761542,0.07827766594067809,0.11248622857366705,0.09541326490232588,0.4,0.3,0.1,47,8.061587585025114,13.635422287947092
24,21,0.44689084573843324,0.6065280889110151,0.36706296622123746,0.26835298190404905,0.6410689413523074,0.08599561329700417,0.10335430338465997,0.09191362193716875,0.4,0.3,0.1,48,9.76751583931549,9.149467869181272
24,22,0.4133032753595062,0.6203626170469388,0.41068671313734817,0.29053235384116577,0.3291981534517789,0.06462639488761161,0.09506558395502168,0.09600479731432074,0.4,0.3,0.1,49,11.154157358319798,39.637397344971376
24,23,0.40852711457758784,0.5610792077858875,0.33600491163116164,0.28370724223092825,0.08661266962063277,0.06500609615309615,0.09968368162925072,0.11321024337879897,0.4,0.3,0.1,54,12.994054922402103,13.520371470545662
24,24,0.4038892340386309,0.572568462081597,0.3561634651823122,0.2989429442803344,0.09447135535133042,0.06500609615309613,0.09968368162925074,0.113210243378799,0.4,0.3,0.1,56,10.550513479493048,10.618359718437851
24,25,0.3824663394098801,0.6139454357940898,0.43473080239571027,0.32791062076990013,0.35894417568693016,0.07556763318246387,0.09457882623487612,0.10700652612022139,0.4,0.3,0.1,57,11.433805295561095,23.095758427130992
24,26,0.3800458710442914,0.6272003821301069,0.4571368784708735,0.3403563169290964,0.10688107083906496,0.08313661061890532,0.09439688450546559,0.10769026854052055,0.4,0.3,0.1,59,10.68600621621022,77.04719028191232
24,27,0.364422107854966,0.5906835600286022,0.4189090866470539,0.34398578424173143,0.10433912412581381,0.06438366315306435,0.09807611906272878,0.10551309362375902,0.4,0.3,0.1,62,11.26950495596574,16.816439029593308
24,28,0.3604545485063828,0.5677975859618796,0.3915002310596008,0.32496359955791865,0.1113971077240156,0.06434506995499692,0.0966703419074562,0.10563878633627181,0.4,0.3,0.1,63,11.267090368251818,16.773951896464418
24,29,0.3586250417489688,0.582734281472292,0.41387861732930187,0.34638601086532134,0.09203558785935795,0.06431716151962749,0.09738651085532996,0.10559323812937768,0.4,0.3,0.1,64,11.269769802580717,16.794607337880006
24,30,0.35243444393780754,0.5556299936409005,0.38480083026705275,0.3478459427652559,0.1769586425483467,0.07032358894904268,0.09643137858655257,0.10546720676283443,0.4,0.3,0.1,65,9.922447366145086,8.491258953716502
24,31,0.33608425237504386,0.4985883340778816,0.32193659090953075,0.3269474931986993,0.23638728612027352,0.06267934895479542,0.09462884530583168,0.10554446546083499,0.4,0.3,0.1,66,10.609078684221258,10.114834002716025
24,32,0.3356772682385611,0.49526079908276427,0.3220939050526141,0.3383540446513473,0.15675641227021728,0.07372970700481754,0.09748452770855708,0.11171691349619092,0.4,0.3,0.1,67,11.030279597155983,10.447522274672584
24,33,0.31853000159937694,0.4518912007895526,0.2821500352571637,0.33101772860350726,0.19195242562898995,0.07667681111113409,0.0953034372947543,0.10772708352474418,0.4,0.3,0.1,69,11.243220192346763,8.59898924576947
24,34,0.3103026620655428,0.4934422537135494,0.3464318948613535,0.4158892939472437,0.07807184578109164,0.0653215340239346,0.100762039718755,0.12090333518115164,0.4,0.3,0.1,79,13.225605814130017,11.690100075158114
24,35,0.3236220587054542,0.5670404925729997,0.43032310521706585,0.394653985188974,0.09252832148909529,0.05854115864149674,0.10986155445006292,0.09619501801171376,0.4,0.3,0.1,80,8.916501113493378,20.41358277884724
24,36,0.30542560580976086,0.5375823364607157,0.4130875662296709,0.40216756282616645,0.2271893390998991,0.06653090978446738,0.10998261621791824,0.09272882060261446,0.4,0.3,0.1,82,8.710372938776937,15.227455306780184
24,37,0.3253321288218003,0.5722066801708267,0.45759923687427073,0.44820682331394857,0.11936133358734094,0.0709140372555228,0.17307420756333242,0.14951168726544067,0.4,0.3,0.1,85,12.155123253820545,14.169398217074532
24,38,0.2977512421395118,0.48968914690681387,0.38083826219455136,0.47948739049028277,0.15553309966171383,0.08986485683342775,0.15802242383153664,0.134607310624628,0.4,0.3,0.1,88,12.641551379992295,23.57208626420214
24,39,0.29097560231600267,0.5000911999402398,0.4197269110864167,0.5038397947697709,0.5396902481108874,0.09432962346776833,0.19272453837100684,0.1818911923355077,0.4,0.3,0.1,89,9.613019855556372,12.95334112397385
24,40,0.2904114108370227,0.5167060215475038,0.4430379628488133,0.5119697907967261,0.11764163728051606,0.09438188689546097,0.19262001505354404,0.18104747268282367,0.4,0.3,0.1,91,9.60681052529675,12.933557271074308
24,41,0.2849859191912681,0.5270060224871734,0.4612542744594487,0.5188992225133584,0.12964039584258924,0.085111565348514,0.1880204271779475,0.2001105282586108,0.4,0.3,0.1,93,8.749666672350596,7.6259809761934685
24,42,0.27668403070545944,0.4916558436908137,0.4274291196207677,0.5120011443423874,0.43522914269784785,0.08942737748778498,0.19242368500952345,0.20078820306674378,0.4,0.3,0.1,95,10.32052386973302,117.23507434138124
24,43,0.26987511655213225,0.4961002627119509,0.44320489166818483,0.5387329983239689,0.18552802516254743,0.08942737748945637,0.19242368377546196,0.2007882026120548,0.4,0.3,0.1,96,11.63823537916324,114.5054984255616
24,44,0.20291669044857558,0.32190992567083554,0.2899223332718389,0.5027879088220403,0.4042044035507287,0.08572842624603046,0.16267386816881518,0.14908435226631425,0.4,0.3,0.1,98,10.02683921651275,133.42643574083075
24,45,0.20102232925548405,0.3671528527349011,0.3580730391850739,0.5383597581324844,0.12006221590613972,0.08417050704830836,0.17074712528962538,0.1568269653831358,0.4,0.3,0.1,102,10.379089830260328,133.520822405464
24,46,0.20219224679398537,0.3696880324950762,0.3596804985608444,0.5452662644434515,0.10342743233460373,0.0841720750816304,0.17102771666644118,0.15678150898373006,0.4,0.3,0.1,103,10.3787544134612,133.36552129739445
24,47,0.2024039016823675,0.36980332372449204,0.3598613291600978,0.5422002453035745,0.10257680818419793,0.08417052741868498,0.17198597128853216,0.15679945834566075,0.4,0.3,0.1,104,10.37994357647904,133.36073691550368
24,48,0.20240366882180444,0.35224284729453825,0.3359259105667921,0.5611268726236897,0.10099894721719495,0.08417052476101317,0.1719856217193259,0.15679948919401737,0.4,0.3,0.1,106,10.379945613767834,133.36072869219717
24,49,0.19886485374236917,0.3805469381403043,0.37920219567941765,0.5656170584739618,0.12963528003926308,0.08408381083924671,0.1689864166629758,0.15678885297121112,0.4,0.3,0.1,107,10.319090991919325,140.94286316201382
24,50,0.2000860606238307,0.3826563674485585,0.3807107636279385,0.5763525502334782,0.1113749371220138,0.08417189750444273,0.1706010219785699,0.15678707090374464,0.4,0.3,0.1,108,10.12762421034468,134.23881222703378
24,51,0.19620203387812926,0.3567270812577562,0.3514297151264852,0.567493326682384,0.14503991630379187,0.08416805099561253,0.1693707919541945,0.1567992836293941,0.4,0.3,0.1,109,10.380423082778863,133.19309782952948
24,52,0.19515059748971442,0.3907173423381659,0.3982223894978026,0.5798752191998254,0.13108307297415164,0.0800178884988732,0.1714483581153508,0.15726105216532904,0.4,0.3,0.1,110,10.379130345135644,133.36072554063688
24,53,0.18562246132802046,0.3260965233282437,0.3340031840618346,0.5914154289204969,0.16071715931528963,0.08999903438908557,0.17409267021210212,0.16241101083660336,0.4,0.3,0.1,116,10.569217798571168,89.84045320168173
24,54,0.1730904447719659,0.29964335722611096,0.31644765447650014,0.5939536171209202,0.21281849833467933,0.08770780267489489,0.16947961252256505,0.15633559245081047,0.4,0.3,0.1,118,10.573271523240226,89.81323293268439
24,55,0.17186444599199305,0.3673541898083305,0.4104838252172112,0.6884146162979202,0.1029287563850661,0.08713366954778354,0.1694992565913779,0.15512560575818865,0.4,0.3,0.1,137,10.856075116546418,29802.22113031582
24,56,0.6201293783721458,0.7784083032608956,0.8101022012317834,1.1106747592909183,0.5811524764010464,1.0,0.16955933517141925,1.0,0.4,0.3,0.1,138,10.895149110503612,1121.296611784972
24,57,0.4924299163112874,0.6528702848153908,0.7005029488709533,1.0791040360139834,0.45228894843043776,0.08269426783125303,1.0,1.0,0.4,0.3,0.1,151,184062.6913090881,22087.10597349148
24,58,0.17638072220470347,0.5150248023956582,0.6248053306333594,0.8914190482144598,0.12718892455969633,0.09007659486149325,0.1993669253781188,0.19552887640176572,0.4,0.3,0.1,178,10.123605318073825,20.33207255861759
24,59,0.17831352467711392,0.5366786732495976,0.6515000385716672,0.936544692409108,0.12932167326681887,0.08271890174799726,0.20144890942392024,0.2243494702850064,0.4,0.3,0.1,181,11.202530613835012,20.299287850182807
25,0,0.8958172161141185,0.8414976463627946,0.3809616665055348,0.012212909034615308,0.0,0.0,0.0,0.0,0.4,0.3,0.1,1,10.405655725249916,27.007749449536902
25,1,0.6820676111746191,0.6973177520573215,0.30379588454421635,0.03874047457535108,0.8669676315843118,0.08277467474094666,9.363409525608e-05,0.00016276310045297999,0.4,0.3,0.1,3,9.249425490868106,22.14322632301278
25,2,0.6028176310919816,0.6295349347605453,0.2621932697002363,0.04258915706022545,0.3603940332273556,0.08653653859002662,7.584665495661e-05,0.00012546293166933,0.4,0.3,0.1,5,8.093982656557852,9.332702926639383
25,3,0.5932631320100978,0.6383779577509521,0.2804979167154212,0.05243614340766566,0.05330246288691056,0.08519115009901908,5.2179422452800006e-05,8.515541500407e-05,0.4,0.3,0.1,9,8.348053328001551,9.695983682965805
25,4,0.5726954957128598,0.6197360953971788,0.2687125555823005,0.05298161068356196,0.20805758192746984,0.08223618543431975,0.00145438901354772,0.0027166808559682997,0.4,0.3,0.1,10,9.135474350854784,8.701292073652153
25,5,0.5388039880756997,0.5869533152114402,0.2514609929148336,0.06667692379099882,0.4245890040269641,0.07834158173778333,0.025428935543386377,0.0295379051469514,0.4,0.3,0.1,11,6.766988512055927,9.99964709814488
25,6,0.5312401630911051,0.5969010875396572,0.27346072877069627,0.07469043189516336,0.19058673819920285,0.09529461110971668,0.02740238814624148,0.02990599241670458,0.4,0.3,0.1,12,8.837343173684236,10.283776269774371
25,7,0.5088066144592686,0.5565677827130555,0.2321522247670299,0.06825778064645804,0.17523118495235313,0.07593063187204249,0.025306573937765597,0.02881025457909304,0.4,0.3,0.1,13,7.283114994922302,8.668784271058259
25,8,0.49705410352475454,0.5618949041826553,0.24822049869796184,0.06857999072173149,0.1488047757189178,0.07253898621519876,0.0281660764959705,0.027004101109561966,0.4,0.3,0.1,14,10.831877942064626,6.367745288608602
25,9,0.4997120649133982,0.5644585468765487,0.25148900133653934,0.07290524891366627,0.04678754646983995,0.08336280377177512,0.02833240291121576,0.027497996002802328,0.4,0.3,0.1,22,10.466675802998108,9.03494158695619
25,10,0.5066454079983198,0.6414327228075098,0.355352889993713,0.1125817438724095,0.07230447206102138,0.05060231743652941,0.11566515869091618,0.0006628276278387,0.4,0.3,0.1,24,9.07068215896802,9.461751916723466
25,11,0.5099985606869333,0.6271901941276832,0.33496478737235,0.10920948892355782,0.0617793644712248,0.04980102790279902,0.12982420575994008,0.0006329103657138899,0.4,0.3,0.1,26,8.97701890483859,9.103352802954232
25,12,0.5077409037289692,0.6424740190369461,0.3567437044439075,0.11660071150632144,0.05846925674810837,0.05019013904337375,0.12277400615744705,0.0006474552132827,0.4,0.3,0.1,28,8.960892717572728,9.1186239496471
25,13,0.5153496459438467,0.6317637094041076,0.3440176007607005,0.14933784994399282,0.18385671971143974,0.05305522976529151,0.1804116772726141,0.00012276952966259,0.4,0.3,0.1,29,7.97515357136106,8.613968744319378
25,14,0.5003128412028194,0.6161215336382379,0.3312948587328594,0.14599034543338202,0.10377603105166974,0.05381740257085323,0.1529980099458464,0.00014749829866994,0.4,0.3,0.1,31,7.81919831245632,8.5710874691317
25,15,0.5524900063014729,0.6676939016246143,0.3854525259225522,0.20652114442469566,0.1901556550476033,0.04682634675109777,0.3565538917681733,0.0015797153667330799,0.4,0.3,0.1,32,8.014438120131059,8.925671271524676
25,16,0.5054420954729895,0.61819554100503,0.3445985903409347,0.1836262390937868,0.20679101789094453,0.04580510179323124,0.2694052111894085,0.0008779452943261,0.4,0.3,0.1,34,7.947534302162384,10.450079753692004
25,17,0.49026498606137153,0.6205082899768469,0.35350429946565015,0.20921253353813374,0.08727497396341351,0.04666073695656741,0.2193623029058005,0.00088211857548324,0.4,0.3,0.1,36,7.90860776247774,9.835035533678298
25,18,0.48905978671128747,0.6543607103757046,0.4002983695334378,0.22498287020665828,0.08857334322449266,0.04522916035998447,0.2187407340158048,0.00087279863097725,0.4,0.3,0.1,37,8.081252168826419,10.669760467041046
25,19,0.4439687323832057,0.5793557305253908,0.34680030850182647,0.23171275715367007,0.7939634652365718,0.05491370108350219,0.2593669061666612,0.00362065953346677,0.4,0.3,0.1,38,7.672358440696338,10.940333112994947
25,20,0.4371069899305569,0.5710804371061934,0.3410203463048536,0.23827923796796294,0.11916572552918635,0.05557666015135454,0.2531813040375668,0.00280529483315829,0.4,0.3,0.1,41,7.649635286285194,10.496211839770954
25,21,0.4601692948999344,0.6117028809357276,0.388017672518283,0.24419963396208938,0.12152908983324638,0.05557659244305023,0.33005583654547027,0.00280535008790317,0.4,0.3,0.1,42,7.649636328278111,10.4962061188317
25,22,0.4175969710364832,0.5475644709200396,0.3241585489684742,0.20602680912168672,0.25814448405407303,0.04762080975250244,0.24407566028723937,0.00286932487416029,0.4,0.3,0.1,43,7.20721083905981,10.232358186761216
25,23,0.4100871927275056,0.5378452042452182,0.3178879074272315,0.20774257191313,0.17778003867978032,0.04813885075542991,0.2413289604836001,0.00310162442682458,0.4,0.3,0.1,44,6.901651451319703,7.649863091063511
25,24,0.43469936285174227,0.5761479288795953,0.3682997042162398,0.2510299973959501,0.19922636621690878,0.04116510558801954,0.3701744374043743,0.00362683402633922,0.4,0.3,0.1,46,6.872776315924876,7.75297065491643
25,25,0.4653778770626188,0.6234916559878295,0.42329571617623396,0.30408358766310273,0.17696079891572722,0.04818154930766312,0.4645066596054036,0.02419930913238538,0.4,0.3,0.1,48,10.393787059362484,10.657713070124124
25,26,0.46488134911499296,0.6052531112129894,0.39893850859332314,0.29546486043302,0.1642238680936891,0.04818154930766314,0.46450665960540205,0.02419930913238537,0.4,0.3,0.1,50,10.141919081378584,9.949840357987595
25,27,0.4259774302575281,0.5410862391993568,0.33873945247827825,0.2550086564058815,0.22758399331705723,0.053207272555231847,0.3925891207352132,0.027472077887127872,0.4,0.3,0.1,53,12.002448711595516,12.808778497933822
25,28,0.3661113608109583,0.47427042898295646,0.28049067791573834,0.22077986116854142,0.3108532164027024,0.04935561495679761,0.2516313868010416,0.02429751543386592,0.4,0.3,0.1,54,12.45018234405723,17.26071475789275
25,29,0.35038472349756383,0.45523184545563644,0.26533079908655766,0.24009470592933796,0.18540444303095385,0.05152334066653661,0.2194602810258332,0.02439078995205928,0.4,0.3,0.1,55,12.113760466469852,13.199979669513768
25,30,0.3567382336170383,0.4613044732901168,0.27172633594095313,0.22107419185547775,0.09982766071819564,0.05152334066653662,0.2425506392325484,0.02439078995205928,0.4,0.3,0.1,57,12.165048381498432,13.43064208286582
25,31,0.39224222866116376,0.49310784206736535,0.30772045463353626,0.26335203554330333,0.19085797362975637,0.04508713987642876,0.3937864758602928,0.025356560417658557,0.4,0.3,0.1,59,12.241070778497129,13.91299337389733
25,32,0.37957162061803634,0.4946624323294315,0.31931886023401407,0.3089460741839125,0.15067196641296435,0.04222954354885228,0.3776004419051623,0.022380108049190682,0.4,0.3,0.1,64,11.10837336669453,7.097549821210172
25,33,0.32915009511292925,0.4678910357076363,0.31725484379125607,0.2618043255029813,0.2509248155241378,0.04908697516586818,0.26049503076400227,0.04377058530275751,0.4,0.3,0.1,66,11.957565409404651,11.655325230042957
25,34,0.31664897741845405,0.4484421339552964,0.30463120493359774,0.2772031886033131,0.13473957216525353,0.05515844731679328,0.25037650781498283,0.035962893596678494,0.4,0.3,0.1,71,10.007916259068468,13.597097666992449
25,35,0.5438799427417337,0.6735700297004533,0.5317763329384279,0.5521751351893235,0.3384254109210665,0.053691757859131606,1.0,0.09761832404452755,0.4,0.3,0.1,78,10.31291523876929,10.911023250892129
25,36,0.5149227794566587,0.701424391052767,0.5974743100456642,0.5991643239603114,0.39828376160342494,0.0438854001293241,1.0,0.03963068913030647,0.4,0.3,0.1,82,11.01469367862315,8.99198022452381
25,37,0.3125362497499538,0.45727679989573494,0.34640167659268195,0.3884859374476555,0.14401322258446772,0.0442892193235636,0.35985792739240974,0.02230641723734027,0.4,0.3,0.1,91,9.760165116373482,8.21117626677004
25,38,0.286473404239668,0.4535260455066925,0.36619669905168717,0.40867765711559395,0.2519197778091008,0.04784678908560431,0.3144752023972096,0.041198626128336566,0.4,0.3,0.1,93,10.96109606799262,5.655609377745689
25,39,0.28205850693888423,0.46399565220612654,0.38523123439241896,0.4139845135792302,0.14355476991943955,0.04994662724747317,0.3107573340081585,0.03099923888239975,0.4,0.3,0.1,95,10.768221676661769,5.951210265131359
25,40,0.27818600055606646,0.4551887656928876,0.38040938529745005,0.42155918479352267,0.2172095797502091,0.04876615115031545,0.31448827297217585,0.04191226846270048,0.4,0.3,0.1,96,10.211576837796466,8.274720660888569
25,41,0.2851278798260757,0.5293861446388521,0.48248510759874147,0.4944626472361094,0.13367760098501164,0.062474846616372925,0.32385052582003027,0.06150615417126939,0.4,0.3,0.1,107,11.326413521039251,7.5609733586092736
25,42,0.27524684713268416,0.5347120273266911,0.49604417314924515,0.4776159006996454,0.16721065448750733,0.052187090438837756,0.31829605960825963,0.04615178838523319,0.4,0.3,0.1,108,10.427142221636949,8.237139198848011
25,43,0.27209412892305135,0.5310432454481655,0.4927823355267556,0.511410218884583,0.12177508333018514,0.0484558213984527,0.3158052657801359,0.04263285434744135,0.4,0.3,0.1,111,10.133962797104642,8.442182127557116
25,46,0.35709411763076904,0.59047603687544,0.5715564027789228,0.6258104122143705,0.430593920947674,0.07698144917657843,0.3273609895531757,1.0,0.4,0.3,0.1,115,10.107445841120857,9.638748829806977
25,47,0.35676562115081023,0.6075869985501081,0.5951299796080867,0.6364223937555334,0.22987082978952705,0.07667717694959002,0.3270430099573363,1.0,0.4,0.3,0.1,117,10.113674884703816,9.68634104856499
25,49,0.26558051544190864,0.496536567945039,0.49823463456874256,0.6062545036114827,0.15844033032571814,0.04031430143962881,0.4564219027491836,0.0213828758809219,0.4,0.3,0.1,140,10.671727456296612,5.190745964042629
25,50,0.2637253983489018,0.49458378042794043,0.4963498792608069,0.604471762578502,0.1551144795269585,0.0399585076333409,0.4511464736803229,0.02090505991088584,0.4,0.3,0.1,141,10.65604724136541,5.165184002521106
25,51,0.2606182488359428,0.4886929750623367,0.49239075397386617,0.6102211498783027,0.20081830014242258,0.04032861233168168,0.44788817585363006,0.0214102088628184,0.4,0.3,0.1,142,10.688917534345489,5.232577530387913
25,52,0.2584509173325559,0.4992204813551514,0.5126420860745964,0.6260805851005085,0.19608676435541283,0.04020374159886334,0.45399993967560326,0.02186617022205595,0.4,0.3,0.1,144,10.354452909760536,7.771807871544411
25,53,0.2584509047483569,0.49922021048289705,0.5126419192855868,0.6260805672940425,0.15446829632654277,0.04020374220750976,0.4539999255800833,0.02186618081095945,0.4,0.3,0.1,146,10.354453493749018,7.771808612630753
25,54,0.22854528724152073,0.46350436959994756,0.4808809183273868,0.5968145051984579,0.16202069892452686,0.04493188616134924,0.36316824709056916,0.02294455992631618,0.4,0.3,0.1,149,10.329182587803928,7.637225719209335
26,0,0.8069159091664139,0.7826733288747129,0.3443668645581906,0.008949783547183733,0.0,0.0,0.0,0.0,0.4,0.3,0.1,1,14.367566625005528,24.311349594413628
26,1,0.5672257793204,0.5961725626903707,0.23823693984473351,0.02654030233957426,1.026177846584461,0.06535208560451111,8.995478963238999e-05,0.00010025905766928001,0.4,0.3,0.1,3,13.837224075233369,19.79075723021932
26,2,0.45739946555397804,0.48458887010487645,0.17133363731121576,0.032828250871073,0.5887570087769385,0.08199250895365819,7.693251969423e-05,8.167533701452999e-05,0.4,0.3,0.1,5,14.055812865876367,8.417196842837312
26,3,0.4491627247401768,0.4929406376572406,0.18967387067305774,0.03840927685696064,0.07814293875552038,0.0828575175815076,9.728131040379e-05,0.00010176347783285001,0.4,0.3,0.1,7,14.40983676229975,6.59456617461918
26,4,0.44916272454634104,0.5105007432922511,0.2136090225546661,0.04350104103032621,0.03318287922145433,0.0828575175815076,9.728131040379e-05,0.00010176347783285001,0.4,0.3,0.1,9,14.40983637552968,6.59456658573244
26,5,0.4259150184480806,0.46642231491817504,0.1731078254036229,0.045909297936091324,0.2806629473250222,0.08020295919698198,0.00152616799227378,0.00460882275317806,0.4,0.3,0.1,10,14.361092594933078,6.972917657310766
26,6,0.3860668975795343,0.41877172796577233,0.14298475930301402,0.05279880246420465,0.2498268980646275,0.07757061357588542,0.00068745569157252,0.0049602287976897004,0.4,0.3,0.1,12,14.561455553374774,9.407351187382664
26,7,0.3602467637896629,0.4223430339326226,0.16957108947368552,0.04775544320569463,0.15505440573460252,0.06339563676599277,0.00429409494675816,0.0069920876599945695,0.4,0.3,0.1,14,16.74474159760116,8.061015537525304
26,8,0.3602394794726777,0.43989426729245173,0.19349975267763614,0.06433462944151697,0.027374531469000898,0.06338842411134817,0.00429542602712109,0.00699520877262551,0.4,0.3,0.1,16,16.74449909949051,8.06492155552017
26,9,0.3499792186999108,0.4082238503842562,0.16165271151497412,0.057629904407201636,0.18391888221566477,0.06897609568416456,0.004670751871838489,0.00643586470155217,0.4,0.3,0.1,17,16.275404402500513,8.075855448115822
26,10,0.3379728820874042,0.33836950336855504,0.08033776831947669,0.08296782002035287,0.05657751981271199,0.07873146784299122,0.00211787961915031,0.00614365906679062,0.4,0.3,0.1,25,16.640845380106473,6.112937374163369
26,11,0.3043422704894279,0.32573158744353736,0.09884435932816091,0.09339989645608594,0.26253182638535844,0.07188855305583162,0.008131475086787859,0.02465458647323579,0.4,0.3,0.1,27,19.35739552642625,7.163662499575434
26,12,0.30424423118468175,0.3255885043074122,0.09875532725968378,0.10088738054370708,0.0341084025243452,0.07188855305583164,0.008131475086787859,0.0246545864732358,0.4,0.3,0.1,30,19.23986591016242,7.229920360264918
26,13,0.2824199935761358,0.3477974641861878,0.15007005617110936,0.11830935320755663,0.15379202316488516,0.06791736193370851,0.00511082662060634,0.00901008522245259,0.4,0.3,0.1,32,18.698813199564675,11.219096065222349
26,14,0.28586104429818204,0.36792553201823147,0.1775771351025651,0.17066985324542475,0.038008445212485295,0.07871649473450244,0.0078626588580282,0.009804520001692501,0.4,0.3,0.1,40,18.463221152905977,10.029752702972308
26,15,0.2669589029417658,0.3412405868858625,0.15919702384091924,0.14502616541904959,0.2363095079553576,0.06709032567285897,0.00533465069576852,0.016807676877835638,0.4,0.3,0.1,41,18.7516038257112,11.80167266419756
26,16,0.2668087109992774,0.313809831264453,0.13527214688665098,0.1654148238384844,0.1698683084563797,0.07110242846713541,0.04242060432766227,0.05226191972310072,0.4,0.3,0.1,43,20.68851091135248,6.095960054790549
26,17,0.2518185471231708,0.32328204946321076,0.16756121508959781,0.199233754174461,0.08763058437518467,0.0677887096584272,0.04330961867830082,0.07276704141494522,0.4,0.3,0.1,49,19.38137100870178,8.35272934227195
26,18,0.22020901009082192,0.2811566521881409,0.1349119687447071,0.17218683429158704,0.27410899545906847,0.0680846985201275,0.00534861174257798,0.014972028732574411,0.4,0.3,0.1,50,17.16295738569226,11.937784327315487
26,19,0.22003923005674403,0.3159790116523548,0.1825967201538896,0.19262693045641088,0.031036184633578087,0.06808469764907224,0.00534861102016573,0.014973075265496391,0.4,0.3,0.1,54,17.10285017852248,12.064252413594591
26,20,0.22002023812255106,0.3335056240438903,0.20651100685135138,0.20164562095880761,0.030493055201713668,0.06808469764907223,0.00534861102016573,0.014973075265496391,0.4,0.3,0.1,56,17.084355501916,12.104262317981714
26,21,0.2974802959868413,0.43005379172185454,0.2611874898842621,0.2541629252762034,0.15908560436961997,0.07683297132593077,0.04681998640297306,0.05732923455382692,0.4,0.3,0.1,59,19.94718005803548,6.564476103426608
26,22,0.29362266806932097,0.45920336343705154,0.3053431900395493,0.278756897981576,0.061347866161700064,0.07683297132593077,0.04681998640297305,0.05732923455382692,0.4,0.3,0.1,63,19.44529248469936,6.696176282256473
26,23,0.2789549071044144,0.38379675638435545,0.21919566055921633,0.2739410272466526,0.13049033705562832,0.07553698375398735,0.04682697552761048,0.05708320185035355,0.4,0.3,0.1,65,20.808801527630784,5.55037378695667
26,24,0.2566585205906263,0.47446708271885785,0.386632074642604,0.38755368719742384,0.0706204192121661,0.07345968969083119,0.09069672176519791,0.11752268476014058,0.4,0.3,0.1,79,18.39348372646499,5.973294938441924
26,25,0.2563988502817731,0.5442503710996492,0.4820877117152613,0.452237236263237,0.06927026841466442,0.07345758040546488,0.09069730313487148,0.11752651461006762,0.4,0.3,0.1,90,18.51869212460511,5.867594663623179
26,26,0.23177619382961295,0.3737682249127636,0.2861509254873988,0.3718273832804879,0.18443617249213023,0.07550437909962947,0.10200676951067789,0.10707212166252703,0.4,0.3,0.1,92,21.90416568750712,3.672675263611427
26,27,0.37609315860939607,0.7806514305319697,0.6688995807037226,0.531672893129642,0.07146805161024643,0.07377662126601604,0.10016691722121265,0.10672754051983331,0.4,0.3,0.1,108,24.91595109763928,9.043316586715989
26,28,0.42298149431290955,0.8060044707660688,0.6601704471871978,0.5630684991956494,0.11552926506714103,0.08320820915623803,0.09466537328137989,0.125735171913891,0.4,0.3,0.1,112,20.693762951509687,11.877872291311862
26,29,0.38869479963208964,0.7987419194954006,0.6787829997037897,0.5751709998793062,0.40991996658146607,0.06637176040668893,0.09474903176816504,0.11632730088038742,0.4,0.3,0.1,113,20.770665410858072,9.657316627517918
26,30,0.37010902270249624,0.7728194432813381,0.6636340247609303,0.5615777396147222,0.07945434081500989,0.07503584731089614,0.09534022092467104,0.10576443265296857,0.4,0.3,0.1,116,21.87702372416433,9.3241498571881
26,31,0.3378904079029084,0.7280153442225823,0.635110761995849,0.5720682970931971,0.27944360692715353,0.06840020618201706,0.09515597350834806,0.11564367937830515,0.4,0.3,0.1,117,18.91145493013221,4.252532819249183
26,32,0.336675663552221,0.6906966461668332,0.5862660565883936,0.5517107036559226,0.08822745476485583,0.07105529894320953,0.09487104892236946,0.11627716148527426,0.4,0.3,0.1,119,18.71780280387767,10.15888775882168
26,33,0.3295283027489751,0.6981111340691379,0.6034512447809085,0.562972107850048,0.0708207248635552,0.06808306432694763,0.0952764714105188,0.11535468767245471,0.4,0.3,0.1,120,19.40359924641632,4.01491979145348
26,34,0.3465746390526382,0.8535963288099161,0.8122751349318782,0.7002496512885802,0.08970668155112763,0.09182321236776864,0.12341029962815589,0.14793965978339735,0.4,0.3,0.1,137,27.98715802259583,10.419860570032146
26,35,0.3306812962969178,0.8446391495148765,0.8212653748513029,0.7058224958306445,0.16435980689119872,0.10267065793046568,0.12448845583252326,0.14237798335945231,0.4,0.3,0.1,141,29.198756844610664,9.78274088373766
26,36,0.3411485911201865,0.8679403445337186,0.8304561338933364,0.7033317631785838,0.24404387983727677,0.06945396431127518,0.12157123095686284,0.14361498655462324,0.4,0.3,0.1,143,26.56641641730685,10.261158661493916
26,37,0.2692308904368876,0.7460181727585621,0.7576469839662785,0.7242383389487991,0.09297419418927291,0.08723583064695108,0.12314136168400514,0.14819239810884746,0.4,0.3,0.1,149,23.861148234673458,11.175943333693628
26,38,0.3307296336517573,0.8521202084658218,0.8207500620146004,0.7529691838112552,0.14885713344119275,0.08000790487034799,0.11373801042791701,0.12848864742670188,0.4,0.3,0.1,154,24.100949396096084,12.157323037825746
26,39,0.30537448582870097,0.8106077677006515,0.7961060611854825,0.7870694974933631,0.12351316954307279,0.06724593775497958,0.130373836389163,0.16088114371144752,0.4,0.3,0.1,160,24.89515785669624,11.218277817390211
26,40,0.3502062358933842,0.877695062426605,0.8394534474016657,0.8082100314287022,0.14883309677435583,0.06813189446458733,0.147461190642026,0.14873820891931594,0.4,0.3,0.1,163,25.74097927477217,9.906629891463028
26,41,0.3890694485398847,1.0897626019427533,1.0897626019427533,0.9716346511931038,0.09490279511024888,0.08635128393661108,0.12905413047842018,0.1650584922458281,0.4,0.3,0.1,196,25.681246510964986,9.652200308122854
26,42,0.38366312526392526,1.064645884687889,1.0611266660873515,0.9692419155359944,0.10766823268319696,0.08635128393661112,0.1290541304784113,0.16505849224582814,0.4,0.3,0.1,198,25.96364207466346,9.103056455011629
27,0,0.8421158815578431,0.806556422985904,0.35922462353909546,0.010274635859366393,0.0,0.0,0.0,0.0,0.4,0.3,0.1,1,12.562788243625167,26.70927008254393
27,1,0.677967735860152,0.6941191180227485,0.3021424103178665,0.03940386743266596,0.7227925977654092,0.08499433723257098,8.91436600022e-05,0.00019979572824400997,0.4,0.3,0.1,3,9.344536713090832,20.89712161596492
27,2,0.6219843990237757,0.6467879513694155,0.2734936518987306,0.04339621328364687,0.2686061420879621,0.09027403519766523,7.388416072886999e-05,0.00019146627992788,0.4,0.3,0.1,5,7.416917441260312,8.404359653980089
27,3,0.6219836438046613,0.6643472531665819,0.29742836681313156,0.047774881679993816,0.03615414514600952,0.09027403519766523,7.388416072886999e-05,0.00019146627992788,0.4,0.3,0.1,7,7.408930751978066,8.419278026467177
27,4,0.6071768453975298,0.6334162434107853,0.2644657032084831,0.05658678572515495,0.08831609038132583,0.08544591701301754,0.00024949878768140997,0.00020346823853955,0.4,0.3,0.1,9,7.889774185459837,7.868028934648238
27,5,0.6120716405915868,0.6393130530625933,0.27377298586993526,0.07211079993706841,0.13425440656599366,0.12255567334267006,0.00028573547747097,0.00087338350658,0.4,0.3,0.1,10,7.117035131300746,35.1433873275855
27,6,0.5935758686737438,0.6390083090520147,0.28238445813657936,0.0701984980946954,0.1011573809287038,0.0863683704533707,0.00826773789718423,0.010274485868078661,0.4,0.3,0.1,11,7.1178686595892815,9.9806033972931
27,7,0.591415597821689,0.6369052325492667,0.28051391149823074,0.07081713649935754,0.04236556398529676,0.08462929786329705,0.00642971847948097,0.00786610841548664,0.4,0.3,0.1,12,7.177056325165006,9.655880859025634
27,8,0.5563370093995251,0.6041284207811485,0.261914581704534,0.08146985044430112,0.3940915801250672,0.08868878497762048,0.015588962699646339,0.01154950788794183,0.4,0.3,0.1,13,7.702218682232809,9.317134805601944
27,9,0.5571787973169823,0.6053599031732436,0.2697607720440699,0.09338515629822455,0.1424833124512312,0.0691983633849213,0.08219768770172756,0.0770462514116043,0.4,0.3,0.1,15,8.268588261637158,54.84619865022126
27,10,0.5514368397938609,0.5996397939779968,0.26615597126559026,0.09509226976034005,0.11255991782926913,0.06912944009997421,0.08211190452074524,0.07635211063725424,0.4,0.3,0.1,16,8.724493623104449,80.61518056533484
27,11,0.5379449861873219,0.603594057885412,0.2805510337272656,0.10180908516400386,0.15795637928009482,0.06653076065560241,0.07109461647410688,0.09132861169877894,0.4,0.3,0.1,17,9.622725690216438,33.26147245958643
27,12,0.47339209727033404,0.5368388952407955,0.23139235057569824,0.09113552527336227,0.2558077696359674,0.06918617385639243,0.02555243949833959,0.0154236903822777,0.4,0.3,0.1,19,8.378303684236924,9.128253929105115
27,13,0.4581167350976713,0.5375991492770836,0.24496466837144637,0.09994864204821376,0.09051528796795442,0.06982579747006808,0.025271035035066856,0.016052170724959368,0.4,0.3,0.1,22,8.824264156804565,9.763168424878002
27,14,0.4575387033314301,0.5545156487454784,0.26849917594490735,0.10923055879845904,0.04316296805563057,0.06982579747006808,0.025271035035066856,0.016052170724959368,0.4,0.3,0.1,23,9.10704117186448,9.389573252459032
27,15,0.5277004188802115,0.6240956811636997,0.34017606521739957,0.19225121931371567,0.12963967635695056,0.2571343855902476,0.025553291878724998,0.01725761876587295,0.4,0.3,0.1,26,9.00510386529658,18.37595502777157
27,16,0.46997444984542486,0.5300286018484572,0.23737549687860815,0.1458147400702888,0.11391105161932256,0.10594159214192908,0.045147224072211424,0.0800563962617993,0.4,0.3,0.1,28,9.221938936960589,49.59394095912997
27,17,0.469685333191449,0.5469202790420599,0.2617977816630263,0.15584698265711297,0.08069397125378801,0.11239061846902136,0.04390193187929241,0.08189523359997831,0.4,0.3,0.1,30,8.987576662346312,48.96197601148804
27,18,0.441865923419935,0.4809332975472432,0.19133801107135823,0.13255005260280836,0.26331863781138265,0.07085305747274206,0.07147096915321931,0.07569771962538693,0.4,0.3,0.1,31,8.664493094880566,72.64146014014747
27,19,0.4452608548162989,0.5191029453092991,0.24310728880617682,0.15084181599048446,0.08380672312186493,0.1033947324781564,0.043560018723188945,0.0822469392130061,0.4,0.3,0.1,32,7.906698816612393,28.25137614184782
27,20,0.44182697104289226,0.5150597368688135,0.24052722682323704,0.15559713221803673,0.0988967319737847,0.10281086725788575,0.04335221591643384,0.08349191356658017,0.4,0.3,0.1,33,7.994437689881943,45.92641707355168
27,21,0.4458430375208693,0.5198870792849606,0.2433909717143786,0.16065585338812524,0.07808089479595284,0.08889533435726879,0.05761558191667099,0.09267729313246276,0.4,0.3,0.1,34,6.9154173081414765,43.99111242583211
27,22,0.4377780633825804,0.5283854260523922,0.26065673303957615,0.17629164816762188,0.08553057345232894,0.08235985440721386,0.05838094890650412,0.08921579183354128,0.4,0.3,0.1,36,7.50151689497537,53.06178610102022
27,23,0.4325856976697351,0.5218142748658948,0.2572235591554359,0.1802019515878953,0.062429990592301844,0.10128008349632331,0.04473289203884964,0.07180666289774226,0.4,0.3,0.1,38,8.799446361903795,47.49757117237292
27,24,0.4009684173423445,0.4303664085592409,0.1606816437542612,0.1543890740663752,0.42644076262954117,0.07051522833538734,0.07870574257077143,0.07655669941730218,0.4,0.3,0.1,39,8.861937649682687,82.56719472196602
27,25,0.38711281868601755,0.4290830423161002,0.17411526891992402,0.16522047125672001,0.16649526766029094,0.10292780059695864,0.04974184256850151,0.06610798123173751,0.4,0.3,0.1,41,7.709041657040728,46.2595880842131
27,26,0.38711279966421386,0.4466431339496013,0.1980501336955182,0.18286107419591294,0.06270721232991665,0.10292776341936968,0.04974185099416971,0.06610796464999459,0.4,0.3,0.1,43,7.709042538152671,46.25959048801143
27,27,0.38198801893171885,0.4398427635545917,0.19387066716753262,0.18518342186630135,0.1280808928501357,0.10245832196357033,0.04819869655702985,0.07396393950354863,0.4,0.3,0.1,44,8.402703745588182,45.440909435744224
27,28,0.3781524321442936,0.45299578298455606,0.2142800342244155,0.1892480807666406,0.0827422354949455,0.09796566219148536,0.049614382916980136,0.06694135221754753,0.4,0.3,0.1,45,7.082717515582617,51.41635033243472
27,29,0.38252723701200275,0.4768217757691819,0.24156059868515964,0.21868165665730202,0.06472005170351276,0.08031640687349283,0.06385298878212094,0.08020045712582394,0.4,0.3,0.1,49,7.722861200555288,53.01017114610579
27,30,0.36288858009377334,0.4300834418201662,0.20233468994338952,0.2148475824845616,0.1505974410329251,0.11047923610984485,0.050791098282267265,0.07444575486636461,0.4,0.3,0.1,52,8.527694393293611,29.40988139393829
27,31,0.35387032505536437,0.4208047109453178,0.19340869871133987,0.20645046447979865,0.06730463642989755,0.08927150975632905,0.051794464138928596,0.07281449078330623,0.4,0.3,0.1,53,8.851152180428446,29.38911668995773
27,32,0.35064181497513963,0.4334704838103425,0.21467838500755737,0.21648939202653034,0.11499587165574722,0.09206262088793629,0.05140714646067368,0.07284893362148478,0.4,0.3,0.1,54,8.567602084408865,29.230085232432103
27,33,0.350641814822263,0.43347048375453906,0.214678384951754,0.2164893919706325,0.05953566228638664,0.09206262077449542,0.05140714646762919,0.0728489334963482,0.4,0.3,0.1,55,8.567602086370721,29.230085227796422
27,34,0.33356236071757084,0.5211710552428599,0.34141866802769544,0.2862386587366015,0.045012929093903656,0.05739081375437997,0.06180955675362478,0.02463880926770395,0.4,0.3,0.1,74,9.98218945992575,31.81903502884268
27,35,0.32534040452124086,0.4933700499803836,0.3098912250398411,0.29263003864772724,0.07382761316371661,0.06380282100577914,0.04317038386149867,0.02258324477035396,0.4,0.3,0.1,76,9.36585486903137,23.08421526849497
27,36,0.3210614347427689,0.5019260704298838,0.3307109377080398,0.30834887131933353,0.19369675028540853,0.08034082949369967,0.04339843012722612,0.02153822448781894,0.4,0.3,0.1,77,9.43627163636211,21.929204970319056
27,37,0.3663686285183338,0.5640250897133188,0.37008923831641855,0.3298488470189743,0.06734020955190176,0.06694512384280776,0.06042095672918889,0.04380510677073316,0.4,0.3,0.1,80,10.68745103435054,21.442282590613228
27,38,0.3657740615646644,0.5807961426396447,0.3935304872341609,0.3461572677062586,0.05488305718777056,0.06711260388601265,0.06041506320409622,0.043075643924195,0.4,0.3,0.1,81,10.610032551201076,21.45626104482667
27,39,0.2871091733171634,0.45154727159575847,0.29890301538428515,0.32448360771405815,0.18006663228203024,0.07187526592468815,0.03387275430330773,0.07161310399718976,0.4,0.3,0.1,84,9.041318710015188,10.276731203640956
27,40,0.2831767545764006,0.44597208477400746,0.29505749367861006,0.3714069775623401,0.048986007818171945,0.07194189511049512,0.03326701352155419,0.06318246818488069,0.4,0.3,0.1,95,8.599966920677625,9.594616927404942
27,41,0.2723846107299254,0.5026920812173558,0.3801075808678271,0.38066470949468817,0.10951336058414494,0.052163135551538606,0.05038937282625068,0.03062777778764601,0.4,0.3,0.1,96,8.362024998626794,20.223222356627577
27,42,0.27226232847100595,0.47833367231833473,0.3560963370982589,0.4446237072319755,0.07794805857226045,0.08089406827652904,0.03738880255929996,0.06460132195483845,0.4,0.3,0.1,102,8.364766305306716,9.949075454054489
27,43,0.27132037760044353,0.47683494142963484,0.3551426470864784,0.4476600465213334,0.06350062949291657,0.08082990593455314,0.03739096300480097,0.06428771146930531,0.4,0.3,0.1,103,8.296264701806368,9.844774178365196
27,44,0.25559841782962106,0.4526606995873679,0.3390749608320566,0.4488568878771808,0.11445469910164896,0.07576384652652048,0.037283744440088,0.05764871218145845,0.4,0.3,0.1,106,8.540989021576138,9.984235152291228
27,45,0.2493840688925567,0.449025974198943,0.33301319405940427,0.4742540256824738,0.03820270409301106,0.05690154093414521,0.03689193426776461,0.03370214695553689,0.4,0.3,0.1,120,8.44843282347182,9.205480539562537
27,46,0.246882643088292,0.46383703932180764,0.3544226265053546,0.481689729538858,0.07941124128440535,0.05304651147166204,0.034216119959493044,0.035572869676769356,0.4,0.3,0.1,121,8.394390243252829,11.720326756626385
27,47,0.22976835106887036,0.45180937729738746,0.36023651677059293,0.49681600681548194,0.2057224895605589,0.055469764549789614,0.03366372687464235,0.0350920691509571,0.4,0.3,0.1,122,10.280159684902936,9.456871404174176
27,48,0.22324799569233544,0.4587434125690102,0.3771730041517648,0.5071327452326871,0.07967759103470098,0.053285628186783354,0.033721812917208646,0.03338528864069467,0.4,0.3,0.1,124,10.27442790463348,9.39012982740434
27,49,0.21600438733779606,0.4243365165572596,0.34463311717957495,0.50958981724744,0.10694921627912282,0.053621721813989366,0.04420582956683914,0.050220923546220674,0.4,0.3,0.1,127,11.731581451579894,8.828900982528628
27,50,0.22656322230811238,0.4478545439943067,0.35694802957618216,0.5041565940717629,0.036397731143765,0.04891189117162706,0.03468701676871322,0.03633888277529027,0.4,0.3,0.1,132,9.44894847525997,12.31520127414675
27,51,0.21705932326446348,0.42691111656973885,0.34592429337164465,0.5176378823912393,0.07005439714397052,0.05986663224806329,0.03660320521553387,0.039833006105003586,0.4,0.3,0.1,134,8.839763232764973,8.534584286915704
27,52,0.2167671040535985,0.42611786608453545,0.34555493723575487,0.5235014106369021,0.04900111996687059,0.06025587034527095,0.03693217374644852,0.0405728606462914,0.4,0.3,0.1,135,8.891216920741638,8.482330031926658
27,53,0.212084851016144,0.47094163874538525,0.41216952984514454,0.5572301371783146,0.10043843142171058,0.05866258658566137,0.03656851639260229,0.04002169336015624,0.4,0.3,0.1,136,8.879013734966684,8.512370681665892
27,54,0.20836065212793914,0.41062387920982263,0.3359697183861182,0.535759750020176,0.07502121865176338,0.059240133728500025,0.03842791552129169,0.04156857088031975,0.4,0.3,0.1,138,9.00964697484925,8.971001116349733
27,55,0.18935481496558948,0.3374412955601431,0.2652142917540024,0.539696011892648,0.12004866861559864,0.058655709772322685,0.04464999480056274,0.04623244784937871,0.4,0.3,0.1,144,7.897412463358651,9.733692215381902
27,56,0.1893142936395258,0.3549220891946048,0.2891000117202907,0.5556693320692465,0.041731893697823236,0.05865570977232269,0.04464999480056274,0.04623244784937874,0.4,0.3,0.1,149,7.906938668775247,9.712152735271378
27,57,0.18912047195415257,0.3544848345785155,0.288850692000585,0.5780772934812776,0.046835316644201486,0.05880823575478916,0.04464920703935746,0.046225237833400865,0.4,0.3,0.1,150,7.927642787025704,9.746411359102582
27,58,0.1911713649100636,0.3561947218725775,0.2908234601981563,0.5836548192945643,0.05324237369440977,0.0643703316975426,0.04516636024879433,0.04648014417958085,0.4,0.3,0.1,151,8.122451102432006,9.10395540168128
27,59,0.17977020128188717,0.33575205246962225,0.2772576613805494,0.5771897780355636,0.18795594602783436,0.0589351872657092,0.04487162216682409,0.04665641203101356,0.4,0.3,0.1,152,7.9695938682047425,9.725461790766872
27,60,0.17173778704327827,0.319040330952002,0.2669857727819658,0.6081518477101598,0.048421515012655604,0.05370832820189928,0.049997586092903404,0.05547968467303368,0.4,0.3,0.1,160,11.087296865106984,10.076724180158568
27,61,0.14635169532748682,0.2884164186032106,0.25899834434463076,0.6236129556506453,0.10342109042561612,0.04347041954736007,0.04725839176464593,0.053127235145012844,0.4,0.3,0.1,165,10.575051400860849,7.145799941909649
28,0,0.8253545780995062,0.7952852766917037,0.352212829247963,0.009650050084514658,0.0,0.0,0.0,0.0,0.4,0.3,0.1,1,13.512071535854547,27.701266651134222
28,1,0.6064535713036141,0.6327918568454192,0.2641638093300512,0.03643592232117684,0.9607681874837671,0.08613419337950062,0.00010091646955223999,0.00018632251075869,0.4,0.3,0.1,3,12.433799579225832,22.195293497146054
28,2,0.5146542692890403,0.5451377636754411,0.21027476648169768,0.03780215910141408,0.45631016182503,0.09039704986350384,8.190764406196e-05,0.00014890780374688,0.4,0.3,0.1,5,11.717397265304385,8.80011460004547
28,3,0.5121518009624012,0.5601295509902784,0.23283250326366797,0.04364094866648752,0.05160147628332499,0.09183893047709843,9.610881075819999e-05,0.00017408048724348,0.4,0.3,0.1,7,11.736746606482797,7.463390879585578
28,4,0.5063896852238621,0.5542603996947121,0.22853471496130165,0.0446360778963707,0.07417977052418047,0.08571089924734995,0.00162434533053604,0.0029871556113415,0.4,0.3,0.1,8,12.257316076081066,15.523790217341825
28,5,0.48373232718765347,0.5304029650026382,0.21461292505387244,0.05169474613343935,0.1612870117041016,0.07983227652816098,0.01036214702013754,0.02463317631767099,0.4,0.3,0.1,10,12.883873371769848,10.92684246875949
28,6,0.4580799531761717,0.5017861146140127,0.19882713059253337,0.06282969819990422,0.20241582432205527,0.09767060814201124,0.0073188672569019396,0.015784969777159142,0.4,0.3,0.1,12,10.35005801956113,8.82833850834823
28,7,0.4566288433463599,0.5177061231025404,0.2217420186661144,0.07481684289774429,0.05050594231016561,0.09767060814201124,0.0073188672569019396,0.01578496977715915,0.4,0.3,0.1,14,10.353368706900763,8.692542898149403
28,8,0.4557935073219189,0.5167621495284415,0.22115478936047173,0.0724277070643137,0.051683715584188356,0.09767060814201124,0.0073188672569019396,0.015784969777159142,0.4,0.3,0.1,15,10.357373086729927,8.600484219642247
28,9,0.4469854758582632,0.5244536479113419,0.23861932732731786,0.07975404414836279,0.12649913529462256,0.0949627732089089,0.0070342088722896694,0.018706872223932268,0.4,0.3,0.1,16,10.19879661646805,9.57655202418684
28,10,0.4408808586430539,0.5006254322637,0.20891168952603406,0.07302830120783906,0.04933101309259107,0.08571104409023834,0.00458545916773183,0.01348953291181981,0.4,0.3,0.1,17,10.738458945311478,10.624683019659662
28,11,0.42916969067070937,0.48641616784435754,0.2016307498371175,0.08438698728653297,0.21353967538084387,0.09464411797629352,0.009543837226879839,0.00412879431929466,0.4,0.3,0.1,18,13.79685178616568,8.415174054611645
28,12,0.419482719597451,0.45727255642955267,0.17074087628602522,0.08079266371916892,0.09939107525260509,0.09629686291252766,0.009549890671567519,0.00414804810061441,0.4,0.3,0.1,20,13.984736492127464,8.0542099834073
28,13,0.41377600073795606,0.4683555204539652,0.19003701552048696,0.09498990842749726,0.0632410996918699,0.09208971477533844,0.00970862155835474,0.00437193924661479,0.4,0.3,0.1,22,14.426655634742236,9.119447370560534
28,14,0.4065706121091277,0.4604221237249123,0.18365059231861058,0.09123317086209544,0.049064936529919674,0.08948389892856598,0.0006007658259435001,0.00372426390474206,0.4,0.3,0.1,25,12.359840617969544,8.417907783228003
28,15,0.4017457324427679,0.4369758973483633,0.15609831142709277,0.09343661903684489,0.09289897846284716,0.08995196263811792,0.00055438800093063,0.00317126310917581,0.4,0.3,0.1,26,12.626039928447687,8.893009117682668
28,16,0.39611720914510434,0.44769535524255133,0.17568637737493745,0.09524907313085454,0.09827597660856432,0.08947195290003099,0.00056208533403672,0.00264878121865338,0.4,0.3,0.1,27,12.794875461866903,9.361712956333172
28,17,0.38734937599417696,0.4354566943746277,0.17013826806555546,0.09486173905451671,0.20851706914255,0.09302222080960636,0.013523933628592461,0.0042208410261933196,0.4,0.3,0.1,28,14.397753384522025,8.631021840959928
28,18,0.3777050263592358,0.4228107699302227,0.16274219975174387,0.10989719261880124,0.08645661323364386,0.09754641667518224,0.010900300334202761,0.006457648558793561,0.4,0.3,0.1,31,16.815919544609265,8.312106155691025
28,19,0.36489853353046975,0.40681046986421676,0.15193910213465683,0.11453093285317814,0.10523651146177752,0.09154003183206791,0.01210407850506941,0.00440014884529406,0.4,0.3,0.1,33,14.85965455003075,9.30228147168461
28,20,0.36359517709893296,0.40504563842189134,0.1509047587848659,0.11459199429625425,0.05904539236539713,0.09143784135601524,0.01278535165995783,0.00444371807638831,0.4,0.3,0.1,34,16.36618243382928,8.12789263115483
28,21,0.3673548460917978,0.49346206184506275,0.2759970283728492,0.1560951748156909,0.18301043448473064,0.09936243697058074,0.0335794019172714,0.043576746855106166,0.4,0.3,0.1,35,12.00791701349542,6.453915085083701
28,22,0.367207025859869,0.5106627061526424,0.29988543294747955,0.16438073479841375,0.06089968055809203,0.10046843842572262,0.03363607753160161,0.04366763070425515,0.4,0.3,0.1,37,12.18756577607233,6.264077523372347
28,23,0.3263786110609704,0.5070086143206269,0.33604591503255316,0.19367888833306782,0.14679351856315356,0.1015476165510442,0.029922788468536233,0.03464333262059209,0.4,0.3,0.1,42,13.855042312986996,5.579395210726672
28,24,0.31787289396959806,0.5116599687152462,0.35231208088814747,0.20250096117896213,0.14187139263204973,0.10280596756028992,0.03132516945688428,0.03497462174159367,0.4,0.3,0.1,44,13.460912131521772,5.782539384461215
28,25,0.3022757139986288,0.4711286611185265,0.3137317238009782,0.2204540744006777,0.14699466921161064,0.10146680235462299,0.030097622093162902,0.03462046061675279,0.4,0.3,0.1,46,13.332060964351651,5.5172493595049525
28,26,0.3076557402392143,0.48494665607946513,0.3437040646177128,0.24374052845078123,0.19584877233899323,0.10110962340844236,0.08381759066460827,0.09625571925046428,0.4,0.3,0.1,48,14.986678028206356,6.757012945003251
28,27,0.27472521162556174,0.5693803372555369,0.4782870402627593,0.303022376019264,0.05710242875347005,0.09518323521744472,0.03270572574678366,0.03462563157593847,0.4,0.3,0.1,66,15.929306348927993,5.418970017248047
28,28,0.26130109028604676,0.4841760750795615,0.3690511179000094,0.34270813477905465,0.049682592554049304,0.06500711858037114,0.03426308347399956,0.03986643209527439,0.4,0.3,0.1,84,12.850927251303135,9.267809981222884
28,29,0.2596200282906785,0.4820061383584906,0.3673799174521333,0.334720517426267,0.0901692243029272,0.06439740367381039,0.03274525155547975,0.038355758195510195,0.4,0.3,0.1,85,12.264232928867148,9.39116164082492
28,30,0.2554797615020248,0.4751930760870935,0.36314144412692223,0.33433554406425553,0.07835434547384375,0.0643974020818928,0.0327452513687127,0.03835575855657622,0.4,0.3,0.1,87,12.019807103083108,9.710919345446811
28,31,0.24490092515815642,0.5393399154614072,0.47133204984012456,0.4022839500982676,0.11488975239429022,0.08463880283878526,0.03448997293605454,0.03764190180439686,0.4,0.3,0.1,91,13.657471011223183,7.854378711427342
28,32,0.2447618680447989,0.4337396640713204,0.32757287814362684,0.30054949987093266,0.04824102695751447,0.08463880376833638,0.03448973999595245,0.03764185787959335,0.4,0.3,0.1,99,13.645476059150983,7.848041519632812
28,33,0.2398160400402104,0.5134740937163139,0.4419715916513375,0.42034087316721475,0.09948976662309307,0.08374490063539636,0.033136720931409305,0.038437330382729826,0.4,0.3,0.1,100,13.545243208066085,8.82270121495467
28,34,0.23828689636871145,0.5282970616674029,0.4642383711718478,0.4375567414924672,0.05413695736882684,0.08375389227063275,0.033495710769261076,0.03824007119824461,0.4,0.3,0.1,104,13.457296228406886,8.856042310879197
28,35,0.23836531415726792,0.5264044998937139,0.4640777097247257,0.4366788991439393,0.08874055107889671,0.08915344254502192,0.03556954797090195,0.0373242156705589,0.4,0.3,0.1,105,13.412186019014875,7.698412606021876
28,36,0.23977682786530044,0.42381066265205014,0.32204501256567275,0.34287933041429286,0.06216728126450698,0.0882875520906323,0.035139036763536455,0.03827166630615665,0.4,0.3,0.1,106,13.5226683319748,8.023796823562122
28,37,0.2349655272031629,0.556491194664412,0.5083389657474476,0.4700726871091385,0.08538082657552655,0.08782371472024732,0.03413072104186355,0.03432443761897818,0.4,0.3,0.1,107,13.36899433929853,8.453565172685137
28,38,0.2180058950423985,0.3864751374875953,0.2979805056427918,0.35775879978462255,0.11094299740434278,0.08355109778309297,0.034852946019521644,0.03590118114819537,0.4,0.3,0.1,111,13.002739606156808,7.7924425171428915
28,39,0.23463557715526073,0.7480330110749694,0.7711281683886225,0.7607918134130397,0.05045608204095578,0.08577125219349416,0.03857052809426357,0.042744654812656505,0.4,0.3,0.1,187,13.789809965923956,6.882302599453803
28,40,0.23222464775362736,0.7442343854126583,0.7685307893333407,0.7707753085119013,0.10932411554029378,0.08457252686005842,0.03889987935051429,0.04035703246098858,0.4,0.3,0.1,189,13.768998272372352,6.481498711418554
28,41,0.2329393161770224,0.7457287653390121,0.7693563354702557,0.7842219120863048,0.07542480104313715,0.08451328778849063,0.03830383657638744,0.0396227275620425,0.4,0.3,0.1,191,13.744485609540224,6.798191943035917
28,42,0.22457100321513912,0.7306508316665496,0.7599711634016535,0.7764151419919686,0.04970346493385361,0.08451326217008678,0.03825923430318605,0.039624550362141596,0.4,0.3,0.1,197,14.016999386381164,6.83108708672594
28,43,0.22441569487751847,0.7654883599616414,0.8076654786221494,0.8036444419760386,0.052197605444983405,0.08451326217008626,0.03825923430318602,0.03962455036214167,0.4,0.3,0.1,200,13.97748266605378,6.808052444187135
29,0,0.9419801009717799,0.8702043034262785,0.39882007929862373,0.013805337998118736,0.0,0.0,0.0,0.0,0.4,0.3,0.1,1,8.395489397775258,26.073593069347808
29,1,0.7324353265134325,0.7362081324248888,0.3261815325044942,0.03637844075843484,0.7918027621680346,0.0708224331728978,9.047313333471e-05,0.00013312102034215,0.4,0.3,0.1,3,6.858183163051429,21.25782768490037
29,2,0.6782704539392105,0.6922424199729637,0.2966062354131977,0.030573041042023595,0.3805995208775165,0.055206033645066675,0.00099693672686226,0.00102430538549191,0.4,0.3,0.1,4,8.015720815214594,21.532319163775504
29,3,0.6298394033117845,0.6534942982436286,0.2771165383335598,0.04239574331806017,0.5139242376361556,0.08666029130580029,7.666653352408e-05,0.00010666344712965,0.4,0.3,0.1,5,6.906331338536236,8.986519733873282
29,4,0.6176314840728389,0.6423995440523524,0.26900634091717,0.044190619700407274,0.06863393166859133,0.07868033905049217,6.074325460764e-05,0.00010376850635372001,0.4,0.3,0.1,7,7.106784602378182,17.772370573507633
29,5,0.6056910585716416,0.6494065020482125,0.2865514841868991,0.05003917476764348,0.08377676895866167,0.0798191910025407,7.566724211783001e-05,0.00014344770098656,0.4,0.3,0.1,9,7.378069977585445,16.86670580029277
29,6,0.600841281383521,0.6459087507712423,0.2877441506891078,0.06468990597005966,0.09933689945054641,0.0990783467728979,0.00262457481346162,0.00460051107566724,0.4,0.3,0.1,11,7.864529239773596,179.3987146977939
29,7,0.5533958958265319,0.6011739140273401,0.2588572604267013,0.061701242457870877,0.43224361003022477,0.09123776482208504,0.0034166422443115,0.00561118988678675,0.4,0.3,0.1,12,7.099884477569715,5.014963947570761
29,8,0.5433620392585123,0.6090009003357553,0.277636047909821,0.06828336921429713,0.15434109518320865,0.09711186106172173,0.0034999028582991,0.00564271876638066,0.4,0.3,0.1,13,7.400460231171502,5.203971528751785
29,9,0.5276201651806296,0.610908013665784,0.28971634052367035,0.07057254390509392,0.12937894278870485,0.08692142146531265,0.00012192438634948,0.0005203734567237499,0.4,0.3,0.1,14,10.195684667804752,8.782405393670565
29,10,0.5149703675288473,0.5981634142768927,0.2818115305119841,0.06992486665767919,0.09514016627815658,0.08233000547121154,0.00387761036251444,0.00824311028561228,0.4,0.3,0.1,16,8.786551902368803,5.847452250034835
29,11,0.5015601148063119,0.5668481672982894,0.2491833718460392,0.06804615628877834,0.16052957035133067,0.08425189872382503,0.0020814538260674202,0.00234413167266103,0.4,0.3,0.1,17,7.574092132030145,18.724993844400373
29,12,0.47875548286957376,0.5599178751413808,0.2600863156362967,0.08023227581144848,0.18295615769091098,0.09613670639359624,0.00472554458953266,0.0051816442332541,0.4,0.3,0.1,19,8.871019739246773,6.41682350377009
29,13,0.45158192140453474,0.5474630235179638,0.2652866374962742,0.08496791851737784,0.18057761837171457,0.09528450843245852,0.00484312072401238,0.00659063877702738,0.4,0.3,0.1,21,9.1067575467245,7.253970736870801
29,14,0.4475954509763737,0.560535967903941,0.286352438954249,0.10153705578772645,0.05008615166743254,0.09481372030656102,0.0047640616796569505,0.00665443892228768,0.4,0.3,0.1,25,9.246484144707631,8.06417674016785
29,15,0.4383007250458406,0.5317851115693853,0.2567898011201841,0.10167993619146343,0.18198586927827595,0.10169258302090742,0.005604808084072739,0.01191874557743651,0.4,0.3,0.1,26,8.594529380780493,7.039222526894733
29,16,0.42845455396238524,0.5202815336133415,0.2496088247056537,0.10355111441123797,0.1510528882541488,0.10227277964485404,0.00517859777568861,0.01022693556211581,0.4,0.3,0.1,27,8.794912004819231,7.158816949408307
29,17,0.42800304174018555,0.5197845509814363,0.24922472687976133,0.10847780982611806,0.04469128668133733,0.10213065476336532,0.00492476520840179,0.00957470378884711,0.4,0.3,0.1,29,8.822638591194737,7.012941878434453
29,18,0.4037180962614438,0.45661693515377283,0.18188644011892807,0.09978949047035215,0.2514356649619578,0.08993022529902693,0.0043709394993245,0.00658641638937932,0.4,0.3,0.1,30,8.910549265046406,4.841878869975868
29,19,0.38337258466709884,0.44950097074743817,0.18966011209786682,0.10131040536840591,0.2476797939480541,0.08427400427274763,0.00455305450755292,0.0072226820207207595,0.4,0.3,0.1,31,8.819257462454853,4.074035059008067
29,20,0.38238024639047025,0.44819086496302746,0.1889337691928796,0.10395841227902755,0.05056290701766998,0.0848756941954703,0.00453851922871803,0.0072055542128930394,0.4,0.3,0.1,32,8.713142642707504,4.13725729309322
29,21,0.3748557854510947,0.5100382755346479,0.27845106015460164,0.11710611482394344,0.09142628044418627,0.07668452348128348,0.00560879804863212,0.01025813591762335,0.4,0.3,0.1,33,10.814586606547186,11.333785016494383
29,22,0.3770539934313241,0.4412930361034217,0.1848497596167752,0.11158881216908195,0.04855467065815345,0.08603183993402559,0.00464020053975185,0.0077598176230894295,0.4,0.3,0.1,34,9.086582935606213,6.57244652809619
29,23,0.35687431383166246,0.486358820343785,0.26372002166379904,0.11576858907391498,0.24005526665646593,0.07668452348128348,0.00560879804863212,0.01025813591762335,0.4,0.3,0.1,35,10.24710920409082,9.78668468239928
29,24,0.3502875893582511,0.47865273497122984,0.257762206515406,0.11714312560132716,0.07380245654861785,0.06900597325383269,0.00557083616454446,0.01028891610126363,0.4,0.3,0.1,36,10.11275771167384,17.35057166288675
29,25,0.3365702672878737,0.5293552556508303,0.34254179963364356,0.14418722333280928,0.07615089677959583,0.07362194725673948,0.007909929824890919,0.016405732885430298,0.4,0.3,0.1,41,11.588286178696723,10.995189542717068
29,26,0.32487268200324365,0.4786820471367624,0.2844049013284442,0.14859299096920645,0.16344228524955004,0.07114693379190878,0.007508014721623291,0.011865421122470781,0.4,0.3,0.1,42,10.278413610811754,10.122385102147584
29,27,0.32137364517105527,0.4738831594199283,0.2813316246396846,0.15063711615188066,0.07463472800476022,0.0702547212471322,0.008390573765679631,0.010461065425116869,0.4,0.3,0.1,43,10.924945722567896,10.078804051189108
29,28,0.31204464180636043,0.460229838130117,0.273218011296899,0.1454842916484294,0.1704963940408365,0.07233233533143232,0.00763246321626186,0.01448495587934969,0.4,0.3,0.1,44,12.31563977752018,10.713842749829594
29,29,0.27184493338126425,0.4321504760010086,0.28382097078388036,0.1743551929456891,0.13028341515555455,0.091547206458123,0.00266708965886094,0.00675418658523851,0.4,0.3,0.1,51,14.15514036020781,6.18809562523461
29,30,0.2710162961942884,0.44735304081984234,0.3069654589458595,0.18431880740542694,0.05939092496340784,0.09598372753276704,0.00258973418108552,0.007132075439724871,0.4,0.3,0.1,53,14.350050327560492,6.206090813359552
29,31,0.2644944944815666,0.4383189461213236,0.30046926339358065,0.19384318444497187,0.046583897054508265,0.08979618480608154,0.0028463744629055503,0.00792935087237165,0.4,0.3,0.1,60,15.170679011804168,6.364712145909471
29,32,0.2617547664252596,0.4339926224808143,0.29772614244342677,0.19592001788636226,0.05712722091294967,0.08945747032885151,0.00284158098765008,0.007931381199948979,0.4,0.3,0.1,62,15.065407561944138,6.473173514530102
29,33,0.24766433141992442,0.4325110921922144,0.3074650527981936,0.2013723354022184,0.15179306821404193,0.07163368943610741,0.00448948487215121,0.01208928774145402,0.4,0.3,0.1,63,15.182143701164811,6.893643456252253
29,34,0.23093663942535125,0.4431396094972996,0.33818906164438306,0.2169164878113878,0.0719050082181781,0.06082569627598714,0.00360030367984981,0.007453252140877451,0.4,0.3,0.1,67,20.652022974694937,9.84061343515514
29,35,0.2048215592403079,0.40737591572184495,0.33248611285350194,0.22824916149911842,0.33015332285196397,0.07870928310176134,0.00803153360447237,0.016163702593175393,0.4,0.3,0.1,69,20.225739935136698,8.320785188751904
29,36,0.18647912730840072,0.37433235966648015,0.3112416412857915,0.24691026284225023,0.09239807353528515,0.07350597730792384,0.00733473128205322,0.020863826234334838,0.4,0.3,0.1,74,19.96519392707336,12.935830384383207
29,37,0.1868636629813816,0.3394517595161346,0.26373414284808355,0.2693198854103436,0.03490857915862315,0.07302314356186804,0.0099431175011521,0.02061629810482717,0.4,0.3,0.1,79,15.427859767175551,11.318572700553217
29,38,0.18418373384670034,0.3517890627366305,0.28442000657658245,0.28812211424214496,0.05869976472281815,0.07302314356186806,0.0099431175011521,0.02061629810482717,0.4,0.3,0.1,81,15.55609538452099,11.7476445149523
29,39,0.17587258271328093,0.40938953731023936,0.37086406735582983,0.3291911031753425,0.03740408515111917,0.0639388678578908,0.00969910464355137,0.01977510909010653,0.4,0.3,0.1,93,15.20332914618394,10.266067709930034
29,40,0.16080848240232237,0.3967267660313556,0.37594935187229395,0.34727139584470723,0.07749645397230757,0.06351012738020605,0.00985398186774019,0.019753558758119592,0.4,0.3,0.1,99,15.90514081685508,10.227397345295302
29,41,0.15803526601314022,0.4075785419140105,0.39605490299685847,0.35801171875053567,0.06708396250762015,0.06573514664150551,0.00977062222517462,0.020202654995513568,0.4,0.3,0.1,101,15.641364931273293,10.146747802497543
29,42,0.15022660842740862,0.3911448331676352,0.38582824483484207,0.3669303460843154,0.06983824166274592,0.06545207470378968,0.00995894124172461,0.02068108477479411,0.4,0.3,0.1,105,15.625397382529574,9.185853568481336
29,43,0.14638695159378617,0.4036521601453784,0.4055786122598046,0.388117202426207,0.03120024361481483,0.05759637343736975,0.01075503663570362,0.02216150265022828,0.4,0.3,0.1,113,13.717144253293185,12.535406120985824
29,44,0.14409960719166215,0.4150308013850841,0.4260798510770562,0.3856958291772993,0.052307405254987005,0.06158499487719617,0.009776830780511569,0.020036802898415883,0.4,0.3,0.1,116,15.488692687584102,10.939854274818234
29,45,0.13848736343699605,0.42037900259130845,0.4424141441847373,0.4191398809734763,0.045953690921515244,0.06158188303188818,0.00958185611229806,0.020537714624475588,0.4,0.3,0.1,123,14.778801963657102,14.090608461973016
29,46,0.13603261852215986,0.43211345113775823,0.4628531740834875,0.4296418233471682,0.058886070374250685,0.06270465619487972,0.00950810168522007,0.01965763857844638,0.4,0.3,0.1,125,15.002706009101663,12.026621197219283
29,47,0.13599199586124305,0.4312315976050108,0.46254987926790864,0.43020636567480974,0.04494968653195776,0.06425461266982192,0.00954740776659064,0.01983447002384739,0.4,0.3,0.1,126,14.864489403412032,12.031150045159842
29,48,0.13386058155727457,0.44597621030766427,0.4841395341622655,0.4390781421860381,0.04067270426400794,0.0601879983285273,0.009570912982469119,0.02031085385521578,0.4,0.3,0.1,127,14.652681981637068,12.308404451028505
29,49,0.13084983854508744,0.43986331058038786,0.48014879687026124,0.4521225794163591,0.03602462973474596,0.058468461599106035,0.01015122826518034,0.02047784885136773,0.4,0.3,0.1,134,15.02382236399509,12.413265966348376
29,50,0.13113440902590384,0.45068781132248925,0.5021122947836216,0.4844617518762079,0.04906215556027829,0.06693157869600924,0.01712750540895939,0.0244090685431576,0.4,0.3,0.1,142,14.369203036576849,7.591843815265148
29,51,0.12592559621321198,0.4751427877541816,0.5429552613449874,0.5377025992629388,0.05157368003244152,0.05916975343268405,0.02141234605846547,0.03222247830913817,0.4,0.3,0.1,147,11.18008621327454,11.354911576216558
29,52,0.12411396450692344,0.48855004696584353,0.5642915035907311,0.5482142516068561,0.0719491422039797,0.059055847781740486,0.02148875335939987,0.03204475884494356,0.4,0.3,0.1,148,10.899592994918155,11.793537576915329
29,53,0.11310774114758435,0.4616110092779713,0.5477691239809169,0.5473199161388822,0.07104184833671584,0.06008846519027815,0.02167866383106589,0.033600895256681966,0.4,0.3,0.1,155,14.052925818342036,9.245248193243988
29,54,0.0882889776524218,0.540098084869554,0.7004761264535532,0.6555844216259715,0.055528455044938876,0.06407473204648653,0.0165960755794934,0.027432942493546043,0.4,0.3,0.1,181,14.696012270526456,7.691269057644149
29,55,0.08666910487874678,0.5889196465351313,0.7697811214313309,0.7311360225435279,0.035906300722437876,0.0616537243969328,0.017243098264540298,0.0325440193773387,0.4,0.3,0.1,193,13.97256597773688,8.40402879290949
29,56,0.08278629716845484,0.5787555248804608,0.7634080263251007,0.7341559256236413,0.1273374568685265,0.06172867663991809,0.01669757496553716,0.032555847152485815,0.4,0.3,0.1,194,13.873519864483708,7.93528613705953
29,57,0.0823780423076345,0.5864996764099224,0.7831422346088344,0.7532028852613651,0.07264572736290807,0.06546097369671319,0.02566240785814125,0.0411620445444066,0.4,0.3,0.1,198,15.603437260210605,6.585213913509636
29,58,0.08192112250225789,0.6028319033621922,0.8063066520513177,0.7649661426871807,0.04368645498870966,0.06546960378372307,0.02549883063602027,0.04144258749744245,0.4,0.3,0.1,200,15.587083053600372,6.590975602859061
30,0,0.8122099608845028,0.7863173937647907,0.34663385042940204,0.009151923464718725,0.0,0.0,0.0,0.0,0.4,0.3,0.1,1,13.745013582213796,26.163974236682723
30,1,0.6460521453413403,0.6670654601973932,0.2844841885332976,0.03583347015130225,0.7423386315689933,0.07955821394788695,6.204240035067999e-05,0.00011337989637677001,0.4,0.3,0.1,3,11.010475830121203,11.39359301865822
30,2,0.5805226426709067,0.6092432184965061,0.2501332107149608,0.04156770566214647,0.3281774605560922,0.0900526561226061,0.00024816960140271996,0.00045351958550708004,0.4,0.3,0.1,5,9.53793768301852,5.463948622145232
30,3,0.5804333367301379,0.6267202608876986,0.27401663660341086,0.044434956861372776,0.036531543274060864,0.0900526561226061,0.00024816960140271996,0.00045351958550708004,0.4,0.3,0.1,7,9.54277485968528,5.455928579464899
30,4,0.5734451969567304,0.6025986377565632,0.24580241968259625,0.055351559938488656,0.06402513078553965,0.08882342790002166,0.00020535263545279998,0.0002814045060076,0.4,0.3,0.1,9,9.98507923911845,6.123164011601236
30,5,0.5686238356568786,0.5980594656984382,0.24288839373937096,0.05238710652525647,0.07593960721746472,0.08815936051234743,0.00018880387643355,0.00060092437438186,0.4,0.3,0.1,10,9.989319530336829,14.118930638896853
30,6,0.5587181439352706,0.5886714737091195,0.2372949073493683,0.05450843748758905,0.1304418067491468,0.08980651332145279,0.00017487097717613,0.0005842564210639201,0.4,0.3,0.1,11,9.519416700097825,14.629660975735309
30,7,0.5573204279305244,0.6049029727837839,0.26058837115192984,0.06625823658719103,0.05354081307127401,0.09096285206815036,0.00023283369567336998,0.00068175969301793,0.4,0.3,0.1,12,9.604303420604868,10.521206036955496
30,8,0.5516914470995571,0.5994864928608263,0.25732602057293164,0.06846855607761523,0.09041150062098376,0.09169724201883532,0.0002165005834766,0.00063122093223194,0.4,0.3,0.1,13,9.192429636615708,10.779223759839102
30,9,0.5499000274531151,0.6152918447707364,0.2798863426102084,0.0676644824070805,0.04554766274032047,0.08997184319663523,0.00015329286354077,0.00022823409128545002,0.4,0.3,0.1,14,9.600668760174504,5.67851187736924
30,10,0.5279168826508065,0.593667600723347,0.26437491375303823,0.0738475097977793,0.1068430599666511,0.07272318541118719,0.00328701292982989,0.00533823324707605,0.4,0.3,0.1,16,8.651749911285753,7.7092099657801585
30,11,0.5157764198793219,0.5989780824703859,0.2824222010026771,0.09154357396922931,0.19309082695490232,0.0852443203835993,0.00283243932514814,0.0024716142944022,0.4,0.3,0.1,17,8.974393790180402,6.911985162948884
30,12,0.5021550201375323,0.58489785293163,0.27467437105091996,0.09079158038710995,0.19545098045090006,0.09053282228183618,0.0029947411811731403,0.007599122040365031,0.4,0.3,0.1,18,9.042902003192706,11.044742296353308
30,13,0.5014333166077797,0.6016987024534297,0.29820711001246164,0.10551052673163688,0.04027662446624028,0.09102773512601507,0.00297533456063521,0.0075302240530993395,0.4,0.3,0.1,22,9.001554090172437,10.99712672835339
30,14,0.5007509780746529,0.6009821690889765,0.2978114586239219,0.10816745071535726,0.04617829875613497,0.09164657842757856,0.0030070014957342,0.0062857234827926505,0.4,0.3,0.1,23,8.96558216335241,9.802966864479767
30,15,0.49844667954905186,0.5985615402780322,0.2964067487633065,0.11293964500737279,0.0637339630778463,0.0921688884198589,0.00304497776696573,0.00675928353328732,0.4,0.3,0.1,24,8.893767713197795,10.151663265379536
30,16,0.48107220147828594,0.5629671759708854,0.25910884378947724,0.1220336258182409,0.1490313731818907,0.07087648532615592,0.01068889496554716,0.0122687411489762,0.4,0.3,0.1,25,9.665140364758672,9.338108625603178
30,17,0.4739651511437484,0.5552200952790789,0.25492093374352576,0.11849974563153022,0.12302402247743428,0.08314912851172801,0.00329552070833272,0.00207048491190551,0.4,0.3,0.1,26,9.236497780064166,6.741269137876255
30,18,0.44873646260233035,0.5273589985511248,0.23779586528321217,0.13025782293708088,0.3021677755851159,0.0764755069420954,0.01093276085471263,0.01134269246445456,0.4,0.3,0.1,27,11.051890281658125,9.541828801214937
30,19,0.4429169569210388,0.5200229863672661,0.23529111796757524,0.14309947950934154,0.10058359216840684,0.0870355810680121,0.01224508038654802,0.01965036560043347,0.4,0.3,0.1,29,7.837978571150698,11.13891758524606
30,20,0.42785208047864276,0.5017067407752647,0.22567620819114992,0.14106968587030427,0.26166067383385966,0.09396733841251895,0.01480247180283012,0.03134537683585662,0.4,0.3,0.1,30,9.717577622252644,14.933179683781532
30,21,0.41625090797755127,0.5052538325606938,0.2411584729972427,0.15721918270340138,0.18420983729788565,0.09245066521251866,0.01821537720989929,0.03418037323416921,0.4,0.3,0.1,31,8.508679743976936,11.336605619031523
30,22,0.4126500254935171,0.5183558914537421,0.26248227591311024,0.17113425580398972,0.06927162607507753,0.09244696410098358,0.018334767360667352,0.03812988068707416,0.4,0.3,0.1,33,8.822759347768741,10.645516744554328
30,23,0.3958274385032319,0.49881128749511816,0.24844952686028438,0.1653672212822294,0.1098935690814287,0.09197874568868628,0.00949014905021346,0.01694426690675306,0.4,0.3,0.1,35,8.382744248051758,9.02269122831835
30,24,0.3594591592390338,0.4508558256888185,0.22002904465752748,0.17175643986499708,0.5312529632770472,0.08159921482589862,0.0324655298188403,0.02691634978186696,0.4,0.3,0.1,36,11.23052274564941,16.440004483733865
30,25,0.3406291518020239,0.4414646105419938,0.22845448739378335,0.17911272033342293,0.19075455106252173,0.0820379005946439,0.03137479443724215,0.06169416712819907,0.4,0.3,0.1,38,13.330099625181363,12.01995039346474
30,26,0.3345959777328317,0.45088378326649403,0.24701839647569154,0.18929088690061605,0.08205030765164933,0.08150904669733926,0.028269305943007063,0.06501333311566798,0.4,0.3,0.1,40,11.5971005893505,14.38309075391
30,27,0.32027096192376864,0.4313086606034112,0.23405529107134787,0.17476869731378464,0.21004122653026028,0.0808088271968005,0.032160620068518206,0.035357746023758255,0.4,0.3,0.1,41,13.805631534036593,13.792907420362749
30,28,0.3157090334739098,0.4198631075183198,0.23075974362642165,0.2181133240523798,0.12331951875444035,0.07732853323055133,0.047009573846535105,0.10594354362840477,0.4,0.3,0.1,44,13.50501807041566,14.239569350459492
30,29,0.30678463986064664,0.4242069156483666,0.24632549902761045,0.22021388951837653,0.11517752122648665,0.07672539984338558,0.03810105053973894,0.13118171780012639,0.4,0.3,0.1,46,11.275301066610384,20.98668881488044
30,30,0.30481854363623806,0.43878086361759583,0.26838478565782525,0.24918174021652945,0.06892872647029749,0.07672539295959166,0.03810006502083401,0.1307087573294131,0.4,0.3,0.1,48,10.878809930943143,19.18314279201568
30,31,0.296660949696486,0.44317839624262667,0.2845404253684114,0.25891980112609436,0.12326289457258169,0.08024112919829998,0.046476665199423374,0.10233838596784499,0.4,0.3,0.1,50,11.435357639598823,23.34289000717365
30,32,0.2951814642292289,0.4413200521124599,0.2830873653209157,0.2551118850301818,0.06632980349887178,0.0796336044912858,0.04754778292008517,0.09369756662267135,0.4,0.3,0.1,51,12.27033008308505,26.65667911022198
30,33,0.29335161498837614,0.4570182061579078,0.3051887803662685,0.2657493440494706,0.05381944471681646,0.07384412220917529,0.04648908009236369,0.10216233699249296,0.4,0.3,0.1,52,12.081003255578098,23.178234746823087
30,34,0.28634202996943003,0.46298823061581823,0.322283245816797,0.27551610455168385,0.11368218920242977,0.07624179883144445,0.04659352624042832,0.10204288602269881,0.4,0.3,0.1,54,11.788919386577629,20.16662029016612
30,35,0.2725439602831878,0.411337938997847,0.26064862760446783,0.2624339610356302,0.06274095428984125,0.0815499635746704,0.02919584395015225,0.04088118824473472,0.4,0.3,0.1,58,12.901541716328564,15.735979662821713
30,36,0.2678763692771765,0.4027015715568757,0.2559465225570598,0.266642078971474,0.066892152569763,0.07226557876782191,0.03987060533634953,0.06373848746197419,0.4,0.3,0.1,63,12.007090061901986,14.983884817679984
30,37,0.2665104321841763,0.42982410146134375,0.30219378474033154,0.3247838756155625,0.09162714820797578,0.07802585147245271,0.054387286502340905,0.08586662876525085,0.4,0.3,0.1,65,12.31191504156128,11.785551498597677
30,38,0.2627620127736664,0.4240866160589734,0.29835414932663895,0.3330861426155448,0.08011937646850023,0.07540789609552337,0.055281923349318605,0.0865007947044565,0.4,0.3,0.1,66,11.977846669203556,15.833869070629108
30,39,0.26276201752240136,0.4416467178401346,0.3222892973543977,0.34325411867997674,0.055415074892726755,0.07540789621447688,0.05528191357249669,0.08650078502061531,0.4,0.3,0.1,68,11.97784625243088,15.833868851729498
30,40,0.262383619442186,0.4412452091405012,0.321913926901727,0.346054348070952,0.05790934895902848,0.07526206882633879,0.05442892932261094,0.08632194033129241,0.4,0.3,0.1,69,11.933727157828248,15.704561670823256
30,41,0.25756524166675193,0.4509939456859349,0.34080709271339005,0.36171807026109914,0.22580108151511072,0.07525818508530357,0.052830476763991344,0.0863050382582603,0.4,0.3,0.1,70,11.97036034471518,15.96433330566012
30,42,0.2507295543526964,0.37255487526722014,0.23812857310448965,0.3135880455781247,0.06855170541087356,0.07304231744538076,0.04262053497718854,0.0771604080547981,0.4,0.3,0.1,72,10.74169137199809,15.47016691993536
30,43,0.2371470699712139,0.3667711582722574,0.2473973742804604,0.3313400945045482,0.15695212057150273,0.07439549575156429,0.04225358703939834,0.06903998960816789,0.4,0.3,0.1,74,10.560764789190982,12.665037353247236
30,44,0.24297093379383894,0.40725080669207925,0.30103483749457327,0.40273232486486543,0.05745586288347845,0.0767068876881867,0.04730907895694952,0.10901518038441145,0.4,0.3,0.1,82,10.86213510836529,10.597686517840986
30,45,0.23753806240077208,0.39900860231796853,0.29522804030952754,0.4147954733125484,0.08245388259881957,0.07116451358395717,0.04911186200982657,0.10780064326640956,0.4,0.3,0.1,84,9.73404444710384,12.93871419784491
30,46,0.22569591190083274,0.38184243942971524,0.2825993353097502,0.3897357205722557,0.14224458749372232,0.07080819847087734,0.04498991968556765,0.07000203993703749,0.4,0.3,0.1,85,11.373383067538713,12.167070805226656
30,47,0.23035103519483768,0.40396793254861935,0.3111754894856355,0.4397516166254537,0.06176113700613353,0.07157700676936024,0.04560151820500838,0.1127501217132634,0.4,0.3,0.1,88,10.46664170918674,10.357304018592831
30,48,0.23006217295547496,0.4192817870464003,0.33450808167354257,0.458409514455096,0.07673679171555553,0.07892475355109606,0.04497991076835388,0.1062624701492925,0.4,0.3,0.1,90,10.396359600418611,9.910341862283016
30,49,0.22392722225189887,0.40989257860405304,0.3278226674186451,0.46719645075115773,0.0875280799139644,0.06978265899043945,0.048618720072791236,0.10957194249612627,0.4,0.3,0.1,92,11.11803947159638,9.825017734766725
30,50,0.21723475015490634,0.41450974945865304,0.3439231598201211,0.4686647072721258,0.117417697129725,0.07112696085307182,0.04867733350736374,0.10976827760279535,0.4,0.3,0.1,94,11.13740363984884,9.825925076563054
30,51,0.20775597877546584,0.39164909370458195,0.33164698014607413,0.4900667918419371,0.10220190231562015,0.08497106506296528,0.0497752174955744,0.10258090941200963,0.4,0.3,0.1,100,11.716717378039135,11.16369498518728
30,52,0.2027330610507073,0.3827975042007885,0.3257425238759476,0.49481976186986953,0.0951993212880814,0.08134856994062803,0.04868761933301334,0.10980613691772385,0.4,0.3,0.1,102,12.08886277131833,11.374886293334102
30,53,0.1945471605809312,0.33256522388905246,0.2679989558666281,0.46366137047538053,0.10010854185749461,0.07947174199625584,0.053814122981597615,0.08943240396708381,0.4,0.3,0.1,105,10.714359772381131,11.4307751810341
30,54,0.19454715885487542,0.3150051180850931,0.24406396767877367,0.45746987064047856,0.056876357890064996,0.07947174210471705,0.053814122366233064,0.08943240368984362,0.4,0.3,0.1,107,10.714359714237975,11.43077515105949
30,55,0.19453168254281997,0.332533874044211,0.2679794014151547,0.469306200691161,0.0570216048770524,0.07947174210471704,0.053814122366233064,0.08943240368984362,0.4,0.3,0.1,109,10.708111441320328,11.401874611362102
30,56,0.18086661514282293,0.4120852066173985,0.3947408752017245,0.5844411530425857,0.07337226691458755,0.07019042129768065,0.05186716027637461,0.11142432732428328,0.4,0.3,0.1,121,12.311415968948134,13.088153394703994
30,57,0.1739164419423501,0.4549407260824421,0.45881031607150286,0.6602225168291393,0.05420647794848117,0.06470648943606937,0.05032001492654935,0.0950361243703904,0.4,0.3,0.1,135,12.148815032379035,12.646981274119076
30,58,0.19848461990367153,0.45517402335828905,0.47609978001329534,0.7078581337924936,0.13898961237570723,0.12027521983392468,0.11220622077568129,0.14077978922095974,0.4,0.3,0.1,145,17.852412326937277,21.55858594397595
30,59,0.18671387017235863,0.45676843362478,0.48691434359820146,0.7083769902709712,0.1591678760049258,0.10734752835240216,0.10269003672421335,0.136672285488541,0.4,0.3,0.1,146,16.24489629415489,21.11759873603195
30,60,0.1891189335280571,0.45597296491474226,0.48828069091658927,0.7197388627562264,0.14716420250232626,0.10698408764218828,0.11539423310658045,0.14926791139666137,0.4,0.3,0.1,147,17.57530817689321,21.927747440943605
30,61,0.20110289872937803,0.4473906805561929,0.4753324947122261,0.7276400729995358,0.15520435214379036,0.12685771788815653,0.09362892531730163,0.27800800258872516,0.4,0.3,0.1,148,11.317096162671431,18.94449925030655
30,62,0.2761117009191632,0.7103206581978665,0.8118736504302982,1.1463851035949486,0.1874256767350381,0.08070920262709089,0.2628315695526898,0.744954833536241,0.4,0.3,0.1,195,24.20316285373353,12.883281331127
30,63,0.2761117040227139,0.7454408727058048,0.8597435204642246,1.1856286385081847,0.18565006236412404,0.08070920368122454,0.2628315709769442,0.7449548574261171,0.4,0.3,0.1,200,24.20316303361718,12.883281056576374
