Run,Equation_Index,Hybrid_MSE_Train,Hybrid_AIC_Train,Hybrid_BIC_Train,Hybrid_MDL_Train,Hybrid_PSM_Train,Extrapolation_Divergence,Sensitivity_Interpolation,Sensitivity_Extrapolation,Lambda1,Lambda2,Lambda3,Complexity,MSE_Test_Interpolation,MSE_Test_Extrapolation
1,0,0.8603879753964926,0.9161055335666265,0.9137221148853955,0.16194199856518554,0.0,0.0,0.0,0.0,0.3,0.2,0.5,1,8.711788044575725,26.088333794673648
1,1,0.4298916305957074,0.5741113269265131,0.5611247630300182,0.12357286536395523,0.4160728479877921,0.10358015700511476,5.592981484257e-05,0.00022889895565524,0.3,0.2,0.5,3,4.88773993593735,10.226968490406206
1,2,0.11052217126839176,0.13000924285248236,0.11437049701968338,0.04484960369347918,0.5055385412529861,0.11880119076339055,0.00037318317317321,0.00152729342744823,0.3,0.2,0.5,5,2.349400054856198,1.7400369906398965
1,3,0.10811282986944017,0.11918420584142735,0.09310058110506332,0.044024455630889435,0.04356739497692644,0.12035373575673972,0.0005033683335831501,0.0020600906008971702,0.3,0.2,0.5,7,2.41616400671402,2.9061873646539764
1,4,0.09993113941580244,0.1078087019712665,0.08153927301911923,0.04153349606598998,0.04588973906096233,0.10647118308292144,0.00031772778121681,0.0007925725225803,0.3,0.2,0.5,8,2.3583054640566017,1.7538727549960442
1,5,0.09977851460798001,0.11292647173909345,0.09691740450191133,0.04877228815061498,0.032796254005183656,0.10651510420824498,0.00033045058991582,0.00081817775850535,0.3,0.2,0.5,10,2.350939964250093,1.7571452114930026
1,6,0.09967873664944825,0.1181752346541276,0.11243147075289822,0.05452707022621904,0.03263210765619512,0.10651510420824503,0.00033045058991582,0.00081817775850535,0.3,0.2,0.5,12,2.366168973333462,1.75342104054969
1,7,0.10375934845677177,0.11061580864568271,0.08428734749777717,0.06744578259442806,0.04043740973862342,0.12239903156799473,0.00025369348604584,0.00103309356713831,0.3,0.2,0.5,13,2.492715894674064,2.870399819035978
1,8,0.09634024982938476,0.10022091415382482,0.07372127330266491,0.06612146096478674,0.0453393009579736,0.10894553384837549,0.00016087807807375,0.00039936081247158,0.3,0.2,0.5,14,2.45221122874499,1.6713060945848983
1,9,0.09569908296199452,0.10435509318423143,0.08808790206565346,0.075058145598741,0.03434341143363591,0.10907044498649401,0.00016164267587563,0.00039929167057614,0.3,0.2,0.5,16,2.415216005100678,1.7090526295290298
1,10,0.09865180887353263,0.1065024008517244,0.0901892303775991,0.06955188869688597,0.04005754690933662,0.12034917616905619,0.0002765672749183,0.00111822209312116,0.3,0.2,0.5,17,2.548963908403092,2.944273920974194
1,11,0.09478895568908226,0.10125278030741885,0.08486052139402621,0.0828574401047693,0.039980090827933405,0.11302437285760317,0.00022420192321775,0.00059263558457767,0.3,0.2,0.5,18,2.5266034230293246,1.6890340128898742
1,12,0.09194790083099137,0.10174380045552131,0.09550254780544404,0.07585796615683404,0.04220135929871744,0.10726112069687485,0.00036225603913503,0.00251619632806983,0.3,0.2,0.5,19,2.665026188177567,1.7353326483093674
1,13,0.08847902396752208,0.10167105530012138,0.10558469835977935,0.08127880960548331,0.03484916952748485,0.10582781231489653,0.00019077569603222,0.00053731860304471,0.3,0.2,0.5,22,2.634543605376214,1.633271979057144
1,14,0.08796366957343553,0.10574231764342014,0.1198785478214184,0.08860939043636289,0.034126657536453504,0.1067708619419299,0.00020487177477324998,0.00061075952373315,0.3,0.2,0.5,24,2.6514237331607635,1.6863414842099993
1,15,0.08834112628989735,0.10053874621955872,0.10439667752808063,0.10231517414510652,0.033165350161021304,0.10861367251941616,0.00019670041747969002,0.0005285739260243001,0.3,0.2,0.5,26,2.620058775414753,2.0908986002823213
1,16,0.08766781309449835,0.0932239382026575,0.09671263200336164,0.10810141476789964,0.05197247865002991,0.12023450374162614,0.00033393082931213,0.0048641428227349905,0.3,0.2,0.5,28,2.889919643145594,2.775801906526267
1,17,0.08291300459137618,0.08671056751649017,0.09010266181246965,0.10962145771999579,0.04248435160028364,0.11121721501419768,0.00026692648987851,0.00408527334429218,0.3,0.2,0.5,29,2.9047230116749594,1.742024184663019
1,18,0.08461788764893956,0.09348470131793858,0.10712677412850645,0.11426885715587906,0.03901176304921676,0.12058018442378486,0.00045968016379467,0.00249959153607981,0.3,0.2,0.5,30,2.923901070686623,2.7186230526999218
1,19,0.07869583327600328,0.08601373349401252,0.09957093171138805,0.114540659814685,0.03918557421376542,0.10674853283664516,0.0003562905622235,0.0018675815239130402,0.3,0.2,0.5,31,2.89311312188668,1.8294529500705063
1,20,0.07855086367245565,0.08575467053356582,0.09930582295962785,0.11445812731618661,0.03344206368863845,0.1066876074009517,0.00033013144475634,0.0018351453388155698,0.3,0.2,0.5,32,2.862559320509137,1.8644147440132588
1,21,0.07755372741027612,0.09490300719812263,0.12895451066644284,0.13925935714843002,0.03366191556632973,0.10657657253001844,0.00045596353943263,0.00122876568937422,0.3,0.2,0.5,35,2.869923710805192,1.960484165346409
1,22,0.07725273605771453,0.1107878712759568,0.1756429771735008,0.18369317025676693,0.03257278600869395,0.10630114805898142,0.00048433215984314997,0.00105366026416979,0.3,0.2,0.5,45,2.871986220076705,2.089225346869737
1,23,0.0768596442964686,0.09913476282120223,0.14342857550218904,0.1624978411516075,0.033927106546954466,0.10629043415417261,0.00038244900134359,0.00099499450788643,0.3,0.2,0.5,46,3.141040274942114,1.7713441131889676
1,24,0.07662854541994264,0.10963080556119072,0.1744572288782646,0.17149944787961408,0.032593211500550875,0.10618125618794724,0.00035458934145639,0.00090750067498792,0.3,0.2,0.5,49,3.0671619001798187,1.7601144667942186
1,25,0.07950165498308788,0.08958000758949014,0.11326157224411554,0.18275416616907939,0.038557199785177874,0.11781355950280208,0.00041277509664681,0.0017429910205803902,0.3,0.2,0.5,51,2.892690510921439,1.9103107974339
1,26,0.08093113075688943,0.09605431644207454,0.12998498511365103,0.1911392317110794,0.0396678620939093,0.12287182097900555,0.0005494775406502501,0.00224066894058226,0.3,0.2,0.5,52,2.9358389838355405,1.7983372806601052
1,27,0.08009001154650797,0.09956924241073914,0.14371132457437186,0.2005414312452761,0.042521685436227974,0.1234487725144853,0.0005731813720432899,0.0021782802861243103,0.3,0.2,0.5,53,3.01383882229146,1.7136617977219928
1,28,0.07979216751488086,0.09912905829377117,0.14326340969175475,0.20636062909259262,0.03834818401204984,0.1228693470302092,0.00056864627862587,0.00218907338667511,0.3,0.2,0.5,55,2.952638467303997,1.7378680155845945
1,29,0.07958552542454178,0.09862963598136529,0.14274807270548154,0.2546449372504191,0.03820378758762361,0.11902778608230949,0.00045595923764064005,0.00465519516662056,0.3,0.2,0.5,70,3.035305217955066,1.671274662960419
1,30,0.07616802272975806,0.11587321131800984,0.2109924910332759,0.30189878178512747,0.04907359450626164,0.10821741751073596,0.0016456953971050602,0.01550317715668266,0.3,0.2,0.5,73,2.651443758717169,2.2818614635388186
1,31,0.06786612955038893,0.10737421270117642,0.2024832613083071,0.3530175304455124,0.03245226424373312,0.10083661986079788,0.00155389736756069,0.00370249274960395,0.3,0.2,0.5,92,2.759408222162472,2.0884540530001097
1,32,0.06778436705898233,0.1126257873239508,0.21799949495352877,0.364513344826585,0.03264433976630314,0.10091594878752479,0.00155471324326162,0.00368578159036653,0.3,0.2,0.5,94,2.7611624412309737,2.088781733839771
1,33,0.07399174712782977,0.10154522424165542,0.17605628186394315,0.2799578500545006,0.04130885921062273,0.110375558050088,0.007805660499373571,0.00958704155145184,0.3,0.2,0.5,96,2.805107089068045,1.709518212380568
1,50,0.061000146991741645,0.12801454842935822,0.2944593569075448,0.5809189592964275,0.03566711276791766,0.10552386802207328,0.0043097066498170005,0.00415234751287386,0.3,0.2,0.5,169,2.775353515088813,1.9757682476001768
1,51,0.06098374568555567,0.12799080475728355,0.2944351874348888,0.5809059311497755,0.0345886510719197,0.10548855521939515,0.00430026382054045,0.00415641109279309,0.3,0.2,0.5,176,2.77652526549764,1.975479597817639
1,52,0.06028227358708874,0.16943136492685287,0.4179670675072109,0.7563972682388993,0.04040502955571501,0.10570300130225048,0.00444826392602464,0.0049165876273123904,0.3,0.2,0.5,177,2.838781832613282,1.987139962450463
2,0,0.9148503338925427,0.9499636102609095,0.9485419711879386,0.16857250583180045,0.0,0.0,0.0,0.0,0.3,0.2,0.5,1,7.351710201459783,26.10890323318716
2,1,0.4603977788805623,0.605453435977791,0.5934441814643375,0.12725497308871558,0.4124649190114544,0.0934211334710536,5.874426253179e-05,0.00021584383112435002,0.3,0.2,0.5,3,4.050919312240521,10.239994120491897
2,2,0.1713528008176122,0.24042136802597447,0.22797896353567842,0.06479378747520259,0.42290572166368856,0.10979142233270148,0.00071433604799519,0.00262468235474147,0.3,0.2,0.5,5,2.220406327010063,6.0278895348508845
2,3,0.12352916180326932,0.15731651560992949,0.14254015811329068,0.05118137751252631,0.11815218898014036,0.10815863730619155,0.00048447798828257,0.00178011571818992,0.3,0.2,0.5,7,1.8183390678741995,2.395046477156624
2,4,0.11953787888318311,0.1469451254578819,0.12184064819401987,0.047698103239595446,0.03472055486360259,0.10027065411579413,0.00033285479285754,0.00077748607076651,0.3,0.2,0.5,8,1.813066028628576,1.762282376672872
2,5,0.11873277334733763,0.15104123206698883,0.13617384037238428,0.05263053269147388,0.03157595087051098,0.09973335782521404,0.00033392277794685,0.0007535204015798899,0.3,0.2,0.5,10,1.82763745343686,1.862305302173184
2,6,0.11767745704498794,0.14893122798178124,0.13399900255518657,0.06423789051402683,0.03170275054387936,0.10096981533454563,0.00017047495928467,0.00040855901361733997,0.3,0.2,0.5,14,1.832236283623695,1.769231828983185
2,7,0.11628902928711146,0.15590907990416555,0.1613645864188031,0.0754590192593041,0.035751576115907104,0.10429385577265926,0.00057997863990759,0.00125189484105042,0.3,0.2,0.5,17,1.9218456321959785,1.8497889013949989
2,8,0.11617904830436987,0.14833283124155067,0.14339527955751033,0.08615966409006275,0.03716102550063401,0.1115398348173311,0.00036547456511593004,0.00133453603824671,0.3,0.2,0.5,20,1.9576148861000469,3.2142128706736286
2,9,0.11092296799966538,0.14622884668678213,0.15142431438452747,0.10234377432284339,0.034835353647629415,0.10378948559941562,0.00024646681981626,0.00063132783762358,0.3,0.2,0.5,23,1.9371800070700247,2.0216653240811087
2,10,0.1166943941135214,0.1526313303996333,0.16781079903746585,0.10597942227150556,0.06341439104456821,0.12237473045242178,0.00789881757021923,0.00851838004355805,0.3,0.2,0.5,24,2.077192544624677,3.2470851434685444
2,11,0.11368718724152388,0.1522280523321777,0.17751171005909377,0.1228424597243124,0.04855860381689205,0.12237473045242178,0.00789881757021923,0.00851838004355805,0.3,0.2,0.5,26,2.012645149299563,3.153630106769724
2,12,0.1127978253241819,0.1617041629051869,0.2074985801709563,0.13309202806006037,0.04277215920079968,0.12208212890998478,0.00757970201020704,0.008151264646432139,0.3,0.2,0.5,30,1.9970382690937385,2.8291064696719728
2,13,0.11040690564060217,0.16468322298061522,0.22074399335716222,0.14182518242437936,0.040016390826890215,0.11471289970702833,0.01121109776373808,0.00650174450809751,0.3,0.2,0.5,33,2.091737022051914,2.889140686978625
2,14,0.10889103051123862,0.1680872130941806,0.23438777200164565,0.14656324440584237,0.040054013200477065,0.11489019563065266,0.00896167401883333,0.0053682499917446,0.3,0.2,0.5,35,2.044897561780979,2.7941916594294853
2,15,0.107781238948844,0.16690001295962306,0.23319609279113657,0.1484592396256267,0.03823947755307417,0.11471270202427952,0.00706820542787945,0.00417410804077302,0.3,0.2,0.5,36,2.003337618271929,2.686943169524155
2,16,0.10793314192045506,0.17171305597023473,0.2482342391563245,0.15459372856565765,0.04219406490765665,0.11470754100941165,0.0089647161342446,0.0053639589923808505,0.3,0.2,0.5,37,2.0096560178408422,2.809528937289493
2,17,0.10489564970138703,0.17373040524433533,0.26049942649386876,0.19096855049676678,0.036531890073626984,0.11202315652334922,0.00380225647816596,0.00378043242883844,0.3,0.2,0.5,43,2.048996676922528,3.00726885083749
2,18,0.10748187468520323,0.16511023151968535,0.2313195444960143,0.21244988293053932,0.039365779212072814,0.11220991730939398,0.00128979397582115,0.01050776368248999,0.3,0.2,0.5,50,2.063987819515197,2.4053624921572307
2,19,0.12192981506158794,0.18472834947195066,0.26119228853625304,0.25233926440535215,0.05449089978435391,0.12241127454516756,0.0024043754704574797,0.03341160951605749,0.3,0.2,0.5,52,1.970334470809158,3.41736817973818
2,20,0.12414314123528213,0.1867453536847549,0.26319795273661095,0.2578181631429582,0.057154489094105754,0.12363388004164286,0.00259377334176974,0.0374378667344013,0.3,0.2,0.5,53,1.9778837510049108,3.648626606321904
2,21,0.12068162945523583,0.1767234712511663,0.24284096667184793,0.2586232411284938,0.05870933349464362,0.12085912666508354,0.0024689819824480997,0.03454277238066545,0.3,0.2,0.5,54,1.9762558142073507,3.366837421627139
2,22,0.1017952112584195,0.15204878821397907,0.21783432018812188,0.25234057749554156,0.045840454507555334,0.11172416155707224,0.00214188210651255,0.014157135699692642,0.3,0.2,0.5,59,2.049277000023361,2.7215838463532416
2,23,0.12666844119009582,0.18153932179345209,0.25754867505194395,0.2974627244512595,0.06786293405341534,0.12269261258665227,0.00415023091992552,0.058174092540389424,0.3,0.2,0.5,62,2.1410393480487584,3.967859137098041
2,24,0.102343351204577,0.1675282548030657,0.2640463774187082,0.29584315799229594,0.043309502528883354,0.11112789585226748,0.0025783948960323403,0.018235227093099098,0.3,0.2,0.5,69,2.173489773630608,2.206727674869536
2,25,0.09790975002683061,0.16013562609373175,0.25648680484987346,0.3071297943523857,0.05354149761513682,0.11585374925109018,0.00381125481239022,0.01187569788442043,0.3,0.2,0.5,70,2.194238162877272,2.2102304179790138
2,26,0.09573039682613736,0.1387406358445384,0.2041184038555859,0.29453350659200533,0.053995068573962385,0.11250518274309444,0.00390021669678045,0.01508753357280351,0.3,0.2,0.5,71,2.017984220491862,2.903198431343035
2,27,0.09492647103932808,0.14268338634466263,0.21829286134363327,0.3050610821487707,0.04329173197685495,0.11214075104935546,0.00387097402280581,0.01505375073452262,0.3,0.2,0.5,73,1.9891412479144517,2.6058650653076167
2,28,0.0949264732524329,0.14812822182678848,0.23400851078449758,0.31922191590490084,0.04211188171839285,0.11214075104935546,0.00387097402431811,0.01505375073452262,0.3,0.2,0.5,75,1.9891412864714173,2.605865132840403
2,29,0.09717210201251796,0.159024609370409,0.25535475450873907,0.327258376406014,0.04323755777346416,0.11175257700175042,0.0038219646269204003,0.01358660998740539,0.3,0.2,0.5,76,2.003121579832592,2.579585058443373
2,30,0.12082947226635882,0.2164824922994387,0.3844657578279518,0.4757917821411206,0.0690034781343068,0.12349260070594523,0.00451067991793134,0.061913129503599104,0.3,0.2,0.5,96,2.132254680628619,3.968553777380301
2,31,0.10318933632450046,0.2141023158105608,0.41283787818114953,0.5475908795527057,0.05254493946142608,0.11939782157237747,0.00452672078338228,0.031131164677307237,0.3,0.2,0.5,113,2.056567591753605,4.379221902389634
2,32,0.10310315136027348,0.2139827091150346,0.4127165453868226,0.5368650037589219,0.052375379780323125,0.12090553923677691,0.00448040721631914,0.03013678270988951,0.3,0.2,0.5,114,2.0595253958136586,4.052658764141431
2,33,0.10300512554841984,0.21379490595030495,0.4125238008895773,0.5652419132987944,0.052343423140516515,0.12076726822353678,0.00449761678882346,0.03018686251574949,0.3,0.2,0.5,117,2.055738224847755,4.10950000843821
2,34,0.10382448685382785,0.21961756435037974,0.42859249389681736,0.5592054645894001,0.05523362655608467,0.12525197905579166,0.005459006464383969,0.029587579674655078,0.3,0.2,0.5,118,2.051661549142023,4.395846529242549
2,35,0.10307803742157162,0.2241639984905093,0.4434012393205916,0.5819211141305782,0.05346150783156377,0.12055714989028507,0.00486409066486966,0.03143618479543562,0.3,0.2,0.5,119,1.9936604246636649,4.134567226717777
2,36,0.10428005396469286,0.23614523055572184,0.4759178191052929,0.6166572267781243,0.05419098338206982,0.12314371313972756,0.00495956209762846,0.03245954314358136,0.3,0.2,0.5,132,2.061629124627661,4.896275831212885
2,37,0.10709945265869991,0.23551830233130314,0.4651306373750073,0.6325542330922479,0.055736699948058355,0.12784233065335787,0.0047927831075403595,0.03154884805318116,0.3,0.2,0.5,137,2.047214763932796,4.720500228271341
2,38,0.10323942191561565,0.2395569973878562,0.48954529855976436,0.6374947520131009,0.05454470479045796,0.12271859869677729,0.00520493284300016,0.03240963251373002,0.3,0.2,0.5,139,2.0916033675031667,4.351744245521308
2,39,0.11583294013600651,0.20441589817012512,0.36203856326745065,0.3825746223219228,0.06629486543749503,0.13264896772401263,0.00669474952030204,0.048646607161193525,0.3,0.2,0.5,142,2.0696384480897536,5.9744266826523305
2,40,0.6363795851708639,0.7874599303745424,1.0681734718758742,1.3726664920840594,0.588807975008995,0.2911059055296389,0.006709073357189931,1.0,0.3,0.2,0.5,169,2.0243615885502515,2.6490142010601173e+67
3,0,0.8400068925194291,0.9030294873200868,0.9002745563042005,0.15938126572893177,0.0,0.0,0.0,0.0,0.3,0.2,0.5,1,9.332221210005182,25.97189682896327
3,1,0.4113507854913825,0.5546361012353581,0.5411838643782414,0.11727534096546875,0.41639829304081993,0.0933232897140998,5.724096316365e-05,0.00020540686426413,0.3,0.2,0.5,3,5.3190469897163535,10.17762816672791
3,2,0.37580533650793324,0.5146365652413172,0.4998632327233777,0.11706615165786959,0.13051168562399754,0.10999108788649961,0.00040872764873397,0.00305729483091112,0.3,0.2,0.5,4,5.179771095303721,12.367664014670256
3,3,0.1615658856454464,0.22027727959526688,0.1972175331165658,0.05718767924132677,0.6334581925476078,0.1048137357219486,0.00022896385265463,0.0008216274570565301,0.3,0.2,0.5,5,2.9603623972634563,2.479348117492884
3,4,0.1093926728164184,0.1309845439125971,0.11547058800923166,0.04573212984025519,0.13198087030170605,0.10773488655353092,0.00037654714691842,0.00135122409584514,0.3,0.2,0.5,7,2.329737078397632,1.7218229924932449
3,5,0.10631106688829725,0.13019239447444023,0.1247625071072377,0.051430993052002716,0.040158613608038934,0.10844234053393831,0.00043174184272342004,0.00154928801305953,0.3,0.2,0.5,9,2.242317495839558,2.0290079018322578
3,6,0.10242571044737338,0.1369429541126028,0.1520396430384102,0.09467838789164305,0.029856625108038364,0.09518150202116463,0.00129996546962543,0.00192976574089384,0.3,0.2,0.5,23,2.319012133510716,2.720417650675047
3,7,0.10011405132104849,0.13637937036050574,0.16153033422642282,0.10230673542430921,0.039210678580801114,0.09591362452323228,0.00199846450240351,0.004396192286174759,0.3,0.2,0.5,25,2.2751006621262264,2.5264956589394885
3,8,0.09293129034241879,0.12278940230035047,0.1475715703527819,0.10531047682308814,0.03746510031835175,0.09636264555447452,0.00102490108738559,0.0033095698114049103,0.3,0.2,0.5,29,2.37890722857544,2.4820755050481758
3,9,0.0929312903515406,0.12823423778217416,0.163286939816691,0.12651268951901584,0.03076862444465045,0.09636264555447448,0.00102490108738559,0.0033095698114049103,0.3,0.2,0.5,31,2.378907249962547,2.4820755095358025
3,10,0.0982189539642981,0.11982555282960178,0.13417740685006682,0.13351794230003391,0.044676591790519166,0.10585765718492506,0.00986604187528136,0.01028267408229832,0.3,0.2,0.5,33,2.560801303286018,4.273064929244539
3,11,0.09821892203559772,0.12527040534871353,0.14989279335126493,0.15082063241120222,0.03887225652350719,0.10585771313669017,0.009866055551929629,0.01028266911515671,0.3,0.2,0.5,34,2.560802433131519,4.273065392461531
3,12,0.09698536732361443,0.1227862656254075,0.14733800640005734,0.1412686015643118,0.040149845730498686,0.10585771313668738,0.00986605555192962,0.01028266911515699,0.3,0.2,0.5,38,2.628191647556635,4.034073348377406
3,13,0.08722883965880261,0.10610678582480358,0.12030498738969365,0.13619424944588623,0.03258419701899514,0.09500535830733864,0.0008162889437649101,0.0038082667446242397,0.3,0.2,0.5,41,2.331690067060456,2.6872149839683237
3,14,0.08689304612768069,0.11060342114338177,0.1350377564224149,0.1680386153713079,0.03108217436775817,0.0943331673172422,0.0008772212714209399,0.0047137997497067605,0.3,0.2,0.5,51,2.212625894603852,2.50584455480442
3,15,0.08774416447468682,0.13227625479078828,0.1977389544132423,0.19458150237841754,0.03651396617025307,0.09662030721134626,0.00266296183571265,0.0061944156501741,0.3,0.2,0.5,52,2.3202388627779964,2.585436941195733
3,16,0.08738119297114494,0.13703901046246567,0.2127545918461017,0.22294370291330287,0.033211853781665565,0.09639682864881384,0.0028356651330201,0.00615344953977391,0.3,0.2,0.5,54,2.3261728624596065,2.57887982256017
3,17,0.08637225048546222,0.12418757603589149,0.17930882336273116,0.21244241913704995,0.03440891002281935,0.09561095499628117,0.00274064202593452,0.00648876231694501,0.3,0.2,0.5,56,2.3195208513452004,2.6459204702818147
3,18,0.0852832330231978,0.127466596869581,0.19279818290590683,0.20889421094444371,0.03678234236816366,0.09671295541303618,0.00289103977108917,0.00566230062921762,0.3,0.2,0.5,57,2.318935020392599,2.649291300429119
3,19,0.08517563754397331,0.13269176461132354,0.20828789118815386,0.23156280158555587,0.03264976614974532,0.09671295541303618,0.00289103977108917,0.00566230062921762,0.3,0.2,0.5,59,2.3354566089549533,2.6426977926641
3,20,0.08710722322256426,0.1334496826121599,0.2089800144878896,0.24376837716810318,0.04029789327559917,0.09821077655837548,0.00508822550516339,0.01002522361520938,0.3,0.2,0.5,60,2.288261792212071,2.71232675952441
3,21,0.08567198329844049,0.1250443175350107,0.1902201789080989,0.21748942384173162,0.04157057836162518,0.09821077655837532,0.0050882255051634,0.0100252236152102,0.3,0.2,0.5,61,2.412195008405033,2.597775493835808
3,22,0.08401346683632925,0.11720872939633964,0.17207354481884266,0.2241108705911678,0.03550008198552338,0.09966977798254874,0.0032281425876807997,0.007955402832448059,0.3,0.2,0.5,64,2.285776327656234,3.656209380218889
3,23,0.08253971267362722,0.11412656559918666,0.16890269456252677,0.24468200113035782,0.03584891396750338,0.1003769018377777,0.00312493657167035,0.007643855608078511,0.3,0.2,0.5,69,2.2544634499577096,3.676556274435589
3,24,0.07994815212729965,0.11531463431793075,0.18026996930626046,0.2474607831599584,0.04012764770858574,0.09685634218083412,0.00342826919538256,0.0075528373436737906,0.3,0.2,0.5,70,2.4325113930431423,3.0279105842528398
3,25,0.07744793598429779,0.12883053277510254,0.22458037533081898,0.4810143856824424,0.03133398036879497,0.09376025951515564,0.00196522800316989,0.00558643343368508,0.3,0.2,0.5,135,2.4072131890257844,2.8814063887122625
3,26,0.07759632025427794,0.13488843034639525,0.2409341966505059,0.5046281216290426,0.031193460122742652,0.0937392077084327,0.00239131461480026,0.0048638471665349405,0.3,0.2,0.5,141,2.347770682498374,2.8671897943564324
3,27,0.07708053028340556,0.12222534202250626,0.20766109189135687,0.4915345041249644,0.032768642551054585,0.0937291126985306,0.00194961924718157,0.006342075345966159,0.3,0.2,0.5,143,2.4044422653223565,2.874292586927093
3,28,0.07868636942080048,0.1370644354784754,0.24316993479862306,0.5250709848065173,0.03187727732398461,0.0937392248930798,0.00276612264355172,0.00487262959019061,0.3,0.2,0.5,147,2.353421162200331,2.867205869402348
3,29,0.07663275135589345,0.12192093789490172,0.2073645779128392,0.5178468610561289,0.0336419793895656,0.09374162936610204,0.00305023382777438,0.00473517876542945,0.3,0.2,0.5,148,2.347432648322115,3.000975955395361
4,0,0.8994242173725336,0.9405288642081161,0.9388393803063974,0.16672481594422586,0.0,0.0,0.0,0.0,0.3,0.2,0.5,1,7.740069580307116,26.21297528935529
4,1,0.4410394224920063,0.5857477369512344,0.573122024035165,0.12499115355189777,0.42708594045703835,0.10003249572861513,5.833461431026e-05,0.00021635523701147002,0.3,0.2,0.5,3,4.605146067171654,10.308782281141468
4,2,0.37995017812883275,0.5248472837286954,0.5202687395832285,0.138846555467205,0.20568149202499708,0.12993348400687776,0.00128531022666975,0.00558888298330008,0.3,0.2,0.5,4,7.08704705650888,30.64309837601581
4,3,0.1636256471981739,0.2223154830196324,0.19925431331525734,0.05926901174579597,0.627921034390161,0.11170908232013439,0.00023333845724107,0.0008654209480459,0.3,0.2,0.5,5,2.9773782950868406,2.5346776230923007
4,4,0.155073007809568,0.21219511977017708,0.19891426614236735,0.07456216049483952,0.07172860115211215,0.1170489745054651,0.00027180986160112,0.0010178248397742199,0.3,0.2,0.5,6,3.195887371111694,2.158170848552618
4,5,0.11904953353846312,0.1463724719332045,0.1311967531175822,0.06614725772831961,0.17391845177875132,0.11930959918700572,0.00035847153906864,0.00135736079645271,0.3,0.2,0.5,7,3.109777192043182,2.310029394584888
4,6,0.09154343576343217,0.0875527106547933,0.060606988351479804,0.036794658188750065,0.1445176349264803,0.11623157278487657,0.00052501152879241,0.0019471971331032698,0.3,0.2,0.5,8,2.8567662797147144,2.8906613164475248
4,7,0.08569680780630151,0.08000615721249194,0.05296533037497138,0.03556553712218263,0.03865533828054459,0.10430085171724679,0.00033081260395227,0.00078657910444481,0.3,0.2,0.5,9,2.7411790058366754,1.7928625255187016
4,8,0.08569680780630151,0.08000615721249194,0.05296533037497138,0.046049455564404485,0.031749741151794866,0.10430085171724679,0.00033081260395227,0.00078657910444481,0.3,0.2,0.5,13,2.7411790058366754,1.7928625255187016
4,9,0.08544629244732449,0.08494053936789439,0.06815588360435654,0.0635501220412823,0.032801883670567626,0.10430085171724679,0.00033081260395227,0.00078657910444481,0.3,0.2,0.5,14,2.7079870959138934,1.775986708635245
4,10,0.0980733405244479,0.10825557006171103,0.11200088927193112,0.09007646839831544,0.04538837707605467,0.14298003040292864,0.00046378222055423,0.0031688696071170896,0.3,0.2,0.5,15,2.8440266488775485,6.069570964663263
4,11,0.08188778091909427,0.09685823151013351,0.11083755987710048,0.08074541249529106,0.029902022791566348,0.09518645980489124,0.00036383615739378,0.00077617180341317,0.3,0.2,0.5,18,2.774668328930327,3.596719527803203
4,12,0.08188171706536859,0.10229485685909766,0.12654472598790537,0.08810713250907587,0.029018184060063682,0.0951748125030592,0.00036417305555777,0.0007755779719073799,0.3,0.2,0.5,20,2.7781321653853324,3.587692708228745
4,13,0.08079203421287486,0.09492311352004817,0.10885585678521664,0.08833662843622106,0.0321044303850667,0.09437647329747516,0.00034365944203605,0.00068670635543946,0.3,0.2,0.5,21,2.748334349956796,2.6613987682482723
4,14,0.08080502523908996,0.10582524451931356,0.14029909898439097,0.10948967088283784,0.028739190021185804,0.0944163912284228,0.00034427190531365,0.0006897569674876801,0.3,0.2,0.5,26,2.740611159964228,2.632527471050938
4,15,0.08029360339936693,0.09399254864462726,0.10790129802717505,0.11538643149586834,0.029219116288980274,0.09408936751598156,0.00020273810452366001,0.00074375594673057,0.3,0.2,0.5,29,2.792619894820396,3.892461081128373
4,16,0.07952107864064542,0.09789360459901059,0.12202972093770537,0.12622393196907739,0.029647971393867496,0.09379296273111563,0.00021316123259923,0.00085071734563179,0.3,0.2,0.5,32,2.8749920310612453,5.251482527055569
4,17,0.07939342465637947,0.10854041051978472,0.15321148756761008,0.13109345134134992,0.029026128702926018,0.09434825969553624,0.0002407814329056,0.00046042880765834,0.3,0.2,0.5,33,2.794960013926294,4.886644169463182
4,18,0.07863907425732236,0.10158268543860724,0.13594123862620053,0.13133654624294758,0.03160693042227972,0.09364896230011452,0.00021054791184271,0.00082568790760979,0.3,0.2,0.5,34,2.790799284255886,5.574252138163715
4,19,0.07680680040701979,0.09227008698436569,0.11624592222639409,0.13668963883846016,0.03269872983584363,0.09357919576725185,0.00023029494784445998,0.0010201979611643998,0.3,0.2,0.5,36,2.8026096586949243,5.300235648295214
4,20,0.07731240020792063,0.09797752553462691,0.13221033460343065,0.1490276645986443,0.029698870453747896,0.09557055486683123,0.00036098256108015004,0.0012494317051177498,0.3,0.2,0.5,39,2.8791255166360914,5.336940027310415
4,21,0.07656537847697767,0.11065911374380161,0.17554479659508074,0.18270274322924462,0.042847977108200576,0.09257826020611408,0.00061744833725806,0.006832129282154579,0.3,0.2,0.5,40,2.8146666050836777,6.245751214400971
4,22,0.07536261055997774,0.11425534039188248,0.18937653976281524,0.19100035221069303,0.031990287610577685,0.09203452978442009,0.00052798515562628,0.00598140719002807,0.3,0.2,0.5,42,2.8768654203163875,5.706838616725204
4,23,0.07341926918088745,0.1059980011918316,0.17080096134930137,0.189524654830876,0.032985332278948426,0.09340410059592183,0.00033187575144911,0.00294068511522699,0.3,0.2,0.5,43,2.781323233972382,4.211653005315535
4,24,0.07813409602562059,0.10397904429493551,0.15844177720880334,0.2049724415149021,0.03646155021590612,0.07957567771378501,0.00198340636207218,0.022355954745059768,0.3,0.2,0.5,48,2.8861323182340657,12.882945286495948
4,25,0.07521580306465982,0.09645502688653022,0.1506692909571132,0.20762175973524236,0.05471977080186384,0.0912885484470064,0.00206394846921467,0.01773898290860202,0.3,0.2,0.5,49,2.925072173112436,11.898442607951592
4,26,0.07201563374884754,0.09831157951848507,0.16277523247412415,0.2142385664634041,0.034570162857859535,0.08982649402355106,0.0016560034708803701,0.01306905187019449,0.3,0.2,0.5,51,2.856908267455595,11.788654516157694
4,27,0.0708147476779282,0.10145004490097409,0.17612543222681648,0.23301103321902034,0.03573602876794474,0.08843134641755249,0.00158101645684064,0.013489438595436689,0.3,0.2,0.5,53,2.7534372393573427,11.778073048780216
4,28,0.07004019633113023,0.09988287775799284,0.17451592909682692,0.2547632422473135,0.03402677756504764,0.08807862657812573,0.0017054020325378099,0.013498614303586228,0.3,0.2,0.5,59,2.7877380242294967,11.780392338762743
4,29,0.07190288135007414,0.10012021692359263,0.17466644905750958,0.2979336909798685,0.037500195057220076,0.08669689123856575,0.0036336810344196396,0.020130540696837458,0.3,0.2,0.5,68,2.8607295841873333,14.324263073764424
4,30,0.06939551287495185,0.101397529578327,0.18612622854092742,0.3069280391158763,0.038934397663453565,0.08666104514985239,0.00332287875162184,0.01814585720554297,0.3,0.2,0.5,70,2.875987988382529,14.229844859739648
4,31,0.06766377835097677,0.11592827865693785,0.23146520472567375,0.31433899427937645,0.034120507025980754,0.09267228893859172,0.0023529194788545,0.01158776729988916,0.3,0.2,0.5,75,2.7995227802658453,9.12805664385087
4,32,0.069873973111663,0.1166352737456742,0.23209260354860106,0.3172976783313872,0.04335191821268673,0.09237408471160012,0.00248714819022892,0.01872635577957118,0.3,0.2,0.5,76,2.8010847642525265,10.73165900303268
4,33,0.0604866731139639,0.12771778374687637,0.2841885239654972,0.4032846431777417,0.029602407975896767,0.09187613938891061,0.00029715190015391,0.0033703896197908798,0.3,0.2,0.5,93,2.7474167107077205,8.38996922122705
4,34,0.06712063448081815,0.16515591588341347,0.3831521992667653,0.5479139659781168,0.0377253558249538,0.10744132092949107,0.00186605746476629,0.009844043638158561,0.3,0.2,0.5,129,2.847667691745326,21.490024739282727
4,35,0.06220044628857886,0.15972102120352394,0.3776903072037104,0.5691112014223128,0.03369618310542283,0.09639841503792304,0.00148065814607168,0.00765439980673239,0.3,0.2,0.5,132,2.7732773038327325,21.840060483071237
4,36,0.07463649816244598,0.18262155266631513,0.42110981178980045,0.5717609256788865,0.046650675265782565,0.10093900600716248,0.00215087400335746,0.030251595762108792,0.3,0.2,0.5,134,2.784896940010805,29.89712782051017
4,37,0.06841939746038209,0.18163649823537123,0.43038415628191157,0.6013435020598252,0.039959969356222695,0.096380238106857,0.0022879351517647003,0.020856874810936,0.3,0.2,0.5,139,2.7729705699366813,28.66045095986751
4,38,0.07239973674207473,0.18550419780307725,0.4342460514677019,0.5977959103089532,0.04430337606238102,0.09644851966938237,0.002291141563714,0.02896509809815459,0.3,0.2,0.5,140,2.7862801318575205,34.10718496436163
4,39,0.07205316582248965,0.19604653637978386,0.4653295535940503,0.6339629421423243,0.0435303078282476,0.09636178925999947,0.0022420980751389897,0.02834507990279342,0.3,0.2,0.5,144,2.7996320536623784,33.80466571268542
4,40,0.06639514556739817,0.1806732397287588,0.43946312436851753,0.6203560877617107,0.057586873357896765,0.10093581451737861,0.00168966869710262,0.021628253636566692,0.3,0.2,0.5,145,2.802029122675358,68.6525104117105
4,41,0.06562322148804806,0.17370235319090735,0.42218251485180414,0.6313123488299887,0.04223276052939594,0.1009681945327365,0.00163182131123417,0.02133484819622509,0.3,0.2,0.5,148,2.895991190894197,65.59425505485673
4,42,0.06387775487066386,0.18279289623881345,0.4518113887804814,0.6535300929746685,0.03962050761527097,0.09865886521110447,0.0017172753903148899,0.01928075762903596,0.3,0.2,0.5,153,2.800641998635037,80.98533481856383
4,43,0.06468511225302824,0.18823973352846055,0.4674871345109225,0.6720389803425043,0.04407528209140604,0.10240723854571117,0.00167020497149956,0.01998834273282834,0.3,0.2,0.5,154,2.765820160855774,75.63360827531218
4,44,0.06560276745154721,0.18807958686387138,0.46727144459263076,0.7475319572837732,0.04306272113579453,0.09387291847400964,0.00199329703300196,0.028578861999549586,0.3,0.2,0.5,173,2.761505952359361,106.135420665596
4,45,0.07052068262729187,0.19830878186844145,0.4877641464796002,0.766058338247694,0.04804348985298232,0.10588803447460271,0.00225977992275907,0.03131678248360718,0.3,0.2,0.5,176,2.786986867744893,12.638051151546785
5,0,0.8450844136828878,0.9063085517548495,0.9036465951031412,0.16002340841148288,0.0,0.0,0.0,0.0,0.3,0.2,0.5,1,9.219611320451072,26.394548327893297
5,1,0.4004366234386159,0.5428441334463356,0.5290578677147711,0.11493800045805651,0.43187012494003035,0.09322165496750454,5.972556868119e-05,0.00019554394577157,0.3,0.2,0.5,3,5.616018894430424,10.363073171576572
5,2,0.08656258192921092,0.08582196051303806,0.06902415333390076,0.03518863896811037,0.515205609229968,0.10753632552927472,0.00045263520592658,0.00148194610978855,0.3,0.2,0.5,5,2.7558925903463507,2.0437448655372195
5,3,0.08652715147950996,0.09120911325554766,0.08468057855050118,0.041468311299173555,0.033122948841779104,0.10750658742929649,0.00044979008072565006,0.00147263105393744,0.3,0.2,0.5,7,2.759105120027144,2.023076028469458
5,4,0.08456342204160879,0.08815747803676625,0.08156842462376118,0.04792266533497715,0.033625290131079975,0.10489911646692329,0.00041010754747652,0.00121479302434255,0.3,0.2,0.5,10,2.807671051730723,1.899985455234206
5,5,0.08907376310442458,0.08601675213191737,0.06909014264947133,0.06199188709046815,0.039442622334296566,0.12009412281330278,0.00123474408247211,0.00309186515093978,0.3,0.2,0.5,13,2.770507713459736,2.255225099046438
5,6,0.08407260216702045,0.07646535133757493,0.05928788386010457,0.05732435566794983,0.05531325113592263,0.11518937868105827,0.00127226897505518,0.00457805345651803,0.3,0.2,0.5,14,2.7547555136061384,2.1572447601042186
5,7,0.08296372523305931,0.08071970551776236,0.07380830206042246,0.08913895739785699,0.03612125740344519,0.11124968720893784,0.00069173826486148,0.00510783110661249,0.3,0.2,0.5,20,2.810344925667378,1.7593482729498005
5,8,0.08256749324887769,0.08030653223091178,0.07339418173117579,0.09130889154648246,0.03575421770037396,0.1107086964798936,0.00064140394394782,0.00469168099642724,0.3,0.2,0.5,21,2.82418622959142,1.78890227353354
5,9,0.08230971655662425,0.07898263692178764,0.07201194031994386,0.10199801189032622,0.04065471841824305,0.11529958675948222,0.00054108462566441,0.00343836735432155,0.3,0.2,0.5,22,2.841796644041269,1.8606829524237396
5,10,0.08330180116888623,0.08435406506430217,0.08759587758778957,0.11972134316665446,0.04050421492609581,0.1184079955155023,0.0007353819809354,0.00544504349395706,0.3,0.2,0.5,24,2.8582628496523608,1.7429759766270043
5,11,0.08226897097854022,0.08228990738700268,0.08547547948210711,0.12471714738171288,0.039664571178242417,0.11806886187679828,0.00074346376541756,0.00547165958301234,0.3,0.2,0.5,27,2.860675214926554,1.7356764269389822
5,12,0.08132497224762163,0.07526686078324073,0.06814727530267177,0.11574387847905716,0.04044568605643755,0.11943964155508864,0.0006902148268408,0.0039420456719345,0.3,0.2,0.5,28,2.6673838871944557,2.8474702438709367
5,13,0.08498102630034532,0.09522379843943837,0.11891407539105567,0.15314545485054776,0.041671490545985096,0.10967301704656955,0.00309053819395321,0.016215031436030487,0.3,0.2,0.5,31,2.758809203952735,2.546433483011433
5,14,0.08369624085088957,0.08235175969358496,0.08546319576296857,0.1296134405388693,0.0437263315067747,0.12030258406629135,0.0011250483428935,0.00932400920300494,0.3,0.2,0.5,32,2.7852336866088026,2.057695784173059
5,15,0.08123124567561031,0.08392660542789838,0.09723252714086492,0.14509256067502976,0.04162707220606762,0.1165115357111437,0.0012286989642817,0.00917297048332555,0.3,0.2,0.5,35,2.851782271534708,1.949996207918272
5,16,0.07481209513969363,0.07700448557486672,0.09028319700437654,0.13029604822152882,0.03421501780137181,0.10437170287399275,0.00154047345381412,0.004401456005048951,0.3,0.2,0.5,40,2.8075194019787006,2.0625399199877346
5,17,0.08200868767758822,0.09491414952149542,0.1287244549898577,0.17888994663016236,0.04152188528854837,0.12099655077470566,0.00110390909776496,0.00931179361670154,0.3,0.2,0.5,42,2.849957089573953,2.102460574070124
5,18,0.08110786458710542,0.09873028630522035,0.14277189118891578,0.21160298324969262,0.04140307770427295,0.1205863462915635,0.00128343533746821,0.00899200230070009,0.3,0.2,0.5,48,2.789195987396398,2.105396264716609
5,19,0.07272607883651612,0.08297848150870366,0.11664608518933861,0.17009746029751444,0.03677056152515768,0.10340291008084727,0.00123680822808158,0.00599369687198813,0.3,0.2,0.5,51,2.8902122895451745,2.0603851308534824
5,20,0.07220272153012358,0.08644993719752248,0.13031054613361454,0.16798840427480344,0.0406641326738382,0.10242348810991844,0.0026835789088847603,0.00752331587217558,0.3,0.2,0.5,52,2.815923722181334,2.071146293981537
5,21,0.07163814868228897,0.09085749541640692,0.14496342617970664,0.17391964481054856,0.03579513172421057,0.10219693713553261,0.00266977452257024,0.00736915682108794,0.3,0.2,0.5,54,2.841102040561214,1.9982712643089544
5,22,0.07189577859776278,0.08962707072104405,0.14365381045688375,0.18728919571229768,0.04220157847869719,0.10689794874926048,0.00151963589789567,0.00813449475995329,0.3,0.2,0.5,55,2.921315867588713,1.8791119524372744
5,23,0.0720729932475831,0.09514977386203534,0.15944164632512278,0.19059865470022133,0.03680043927520957,0.11113003831621564,0.00143090291446001,0.006158675082005511,0.3,0.2,0.5,59,2.9246169411711667,1.9468907209407136
5,24,0.0733783075710158,0.09618701528196333,0.16046447598857705,0.229745691285706,0.038330238176163545,0.10867191777856036,0.0022942421338212103,0.010366984890332009,0.3,0.2,0.5,71,3.0313215240830886,1.9163861957526835
5,25,0.07260682969510145,0.10053830029535284,0.17506943290058366,0.23594098274653402,0.03899741460164008,0.11084806326185773,0.00235770212782009,0.0080548251148326,0.3,0.2,0.5,72,3.0602038212413536,1.926017506561224
5,26,0.07139987494987098,0.09282235593607069,0.1570262523857106,0.23474438716145885,0.041572613277136364,0.10999010221267722,0.00203926655291362,0.008132372714132979,0.3,0.2,0.5,73,3.048480364823701,1.9252472138376868
5,27,0.07100842291947725,0.09748392649129171,0.17193779000728307,0.23507433679487894,0.0389325798027599,0.10861325779670279,0.0023369175937862597,0.00873578983824322,0.3,0.2,0.5,74,2.8813106833348434,1.9702543983137424
5,28,0.07130577256049311,0.11410752701426108,0.2193726007976703,0.3021959120237226,0.03772591725473961,0.10994951301183628,0.0017964283920755002,0.00875899457220943,0.3,0.2,0.5,86,3.0143485126699905,1.906727673536637
5,29,0.0707124961657096,0.10775104577402689,0.2027290513727527,0.3184779978188391,0.03862918725368884,0.10956175486074168,0.00172344952008209,0.00838461933987819,0.3,0.2,0.5,87,2.986065859370865,1.917185797705212
5,30,0.07084212552744669,0.10775161502672896,0.2027227255672186,0.31867205920538605,0.03789485559715109,0.10959240389749851,0.00172424393700393,0.00884825926105423,0.3,0.2,0.5,89,2.970209452963726,1.916703857052957
5,31,0.06750371369804609,0.13724692195800578,0.29385031280188934,0.42415925938921134,0.03423012598208669,0.09951638080512588,0.00327972984103634,0.00731079232995617,0.3,0.2,0.5,114,2.9534566004402,1.9449618466976848
5,32,0.06625813678623649,0.10813079868668869,0.21334664142485338,0.3963059632130661,0.03428587124462933,0.09779692359636873,0.0048355083816146996,0.0063443004958591105,0.3,0.2,0.5,116,2.871422169973947,2.5213776220827
5,33,0.0689340755061772,0.11617759177645866,0.2316606095503369,0.4450802665413802,0.03632253333672281,0.1042568001770144,0.0046711414289442995,0.008013535117091169,0.3,0.2,0.5,119,2.919258140899118,2.180592417212303
5,34,0.06838702343989486,0.11457421577399148,0.2300010847708847,0.4347593892414362,0.03862008404155054,0.10423425543264112,0.0053836013374451,0.00846309153246971,0.3,0.2,0.5,121,2.93836706145629,2.3375357076127683
5,35,0.06657976666937637,0.1166247669689535,0.24223882772539307,0.4561612338540305,0.038097605618689315,0.10390427952988376,0.005409401749443351,0.007746359297587881,0.3,0.2,0.5,123,2.952564450845113,2.21810779027181
5,36,0.06703793090100832,0.14488641020141466,0.3218840592623995,0.5035775895445423,0.03610688885583585,0.10273157404187869,0.00466470239355171,0.00867729484182217,0.3,0.2,0.5,136,2.9143334420715568,1.9723101478406224
5,37,0.06752935459525154,0.1438389853572494,0.3207557310744525,0.5153628736240758,0.043991597938340385,0.10567196643164545,0.0047178076498530005,0.0104917125399947,0.3,0.2,0.5,137,2.885892745290667,2.6171191334195028
5,38,0.06827615524696368,0.1443040982864908,0.321205951762665,0.5105729113955112,0.03986388537444904,0.10237563984637583,0.00482872041460708,0.014396215479642848,0.3,0.2,0.5,138,2.903548795270147,2.537374640157592
6,0,0.9181916942494556,0.9519921305112177,0.9506280772233837,0.16896975644613596,0.0,0.0,0.0,0.0,0.3,0.2,0.5,1,7.263044984775711,26.152089603655455
6,1,0.4394546609122795,0.584178646794244,0.5715680013963911,0.12300302720428734,0.4362802852040875,0.09306550717018272,6.225230357269e-05,0.00021462544094227,0.3,0.2,0.5,3,4.57080989634,10.229560345844146
6,2,0.15749169502900032,0.2135425969853666,0.19029847082791396,0.055673455910921425,0.4176245140416069,0.10392885157882807,0.00024900921429078,0.0008585017637690901,0.3,0.2,0.5,5,3.0278304268936806,2.4967545979788044
6,3,0.10958376504963727,0.1299602255450472,0.11437399890317282,0.05548380591668997,0.22424292783852698,0.11168709582422398,0.00045891927678300994,0.00196861659300107,0.3,0.2,0.5,6,2.667819614278339,3.360770473974662
6,4,0.09579892677963785,0.09855106304043514,0.07198684160339269,0.036995807758990716,0.08488074628678997,0.10813636300506899,0.0005602707321542501,0.0019316289684804503,0.3,0.2,0.5,7,2.629259264088238,2.905909485352272
6,5,0.09064955960194479,0.09403691502863566,0.07747056667411314,0.04200443414598144,0.04306683381748804,0.1074540715876203,0.00048175021841620003,0.00166091609655655,0.3,0.2,0.5,9,2.616312196391559,2.1199823683274026
6,6,0.08680353855683139,0.0942048830147315,0.08782858198509887,0.048461302990055036,0.03267130119366011,0.10067455115135111,0.00037369163232651,0.0008879372453526799,0.3,0.2,0.5,12,2.6498437798305723,1.762641534304539
6,7,0.8554228468263869,0.8729328600423659,0.8870540886113882,0.9108903408577547,0.8002848963895899,1.0,0.00049274003915134,1.0,0.3,0.2,0.5,29,2.774027949192547,80.86270977062922
6,8,0.8548565761513485,0.8717803022691618,0.8858688611145542,0.9134139598737724,0.8012939707919761,1.0,0.00050910699765244,1.0,0.3,0.2,0.5,31,2.767240322181112,81.63454277304774
6,9,0.3077812332797148,0.3352829455931385,0.3698948566067997,0.3756004469019278,0.25459824751739485,0.6539238545534302,0.0005170720001764801,0.11409738895706042,0.3,0.2,0.5,32,2.8441767789409247,90.82633834642434
6,10,0.8529884063195858,0.873419928040652,0.8976708104883024,0.9306156989085602,0.8033912982198008,1.0,0.00050957476819509,1.0,0.3,0.2,0.5,34,2.8230013461305234,81.63185139456986
6,11,0.8519324402633354,0.8712382029662709,0.8954264444828088,0.9420312639620758,0.801638642555364,1.0,0.00061839985473388,1.0,0.3,0.2,0.5,37,2.7808519935122007,82.33422339298515
6,12,0.8518757825395852,0.8765767940553907,0.9110329371700774,0.9529311136226237,0.800154652645721,1.0,0.0005723744124231901,1.0,0.3,0.2,0.5,42,2.849696697547363,82.56441386448152
6,13,0.8518250760910817,0.8764720653587159,0.9109252049728569,0.9685900892384399,0.8003318804176414,1.0,0.0005754682483034401,1.0,0.3,0.2,0.5,43,2.8496192130370512,82.61507809937028
6,14,0.17435186975434364,0.20650616667140453,0.2613136627259142,0.2945270195026893,0.13941705386722086,0.2647693663460781,0.0015927683447657201,0.09218376893748628,0.3,0.2,0.5,44,2.90543950411934,92.38704991549956
6,15,0.08075095949931908,0.11729034313591136,0.18230949409187597,0.22044506871865438,0.034675295906878206,0.09904534225567156,0.00111123437753177,0.00661896659640449,0.3,0.2,0.5,47,3.0048584905079507,2.3635985635078858
6,16,0.07596871658685556,0.1006269738427697,0.1450510097184976,0.23189248239449978,0.033258871270404805,0.09472129667849913,0.00043627281870273,0.0017358017863489301,0.3,0.2,0.5,48,2.992902829638799,3.712680711192909
6,17,0.07921851912732136,0.12004182795584893,0.1952683253460207,0.2293798487369118,0.03348601632016133,0.09821971859637299,0.00104237659618519,0.006220984534164481,0.3,0.2,0.5,49,2.9789683079094864,2.368999967749029
6,18,0.07583065460965996,0.09773584749515353,0.14200939168801865,0.2395359235475175,0.04198429746503324,0.09829624919656879,0.0008590737003386099,0.00422172628570776,0.3,0.2,0.5,50,3.1372007207006125,3.7116337361522014
6,19,0.07321527842164167,0.11018576751975574,0.1852023475296663,0.24507270635544423,0.031982536986753726,0.09653131155093048,0.00054074813324018,0.0024931377549582802,0.3,0.2,0.5,53,2.912327895280765,2.416822485923535
6,20,0.07056921927090169,0.08842949813530364,0.13248420536325842,0.24899171726813962,0.04108704805314151,0.09284874982131783,0.00056380988526906,0.00442255580689123,0.3,0.2,0.5,54,3.1296915323062198,3.711355173214636
6,21,0.07021042234985987,0.09273481344126237,0.14701812623688543,0.2615993926850318,0.0315345361460831,0.0936768757287824,0.0005793206537804501,0.00459880507710684,0.3,0.2,0.5,57,3.140386490849737,3.711109214191936
6,22,0.07069334869870625,0.08712648484711508,0.1311042373071931,0.2686968996884208,0.032837162237607645,0.09665454274440131,0.0005955582155393,0.00492398115471516,0.3,0.2,0.5,59,3.1220191849759917,3.710213095709753
6,23,0.06867136834178368,0.08982431434620565,0.1440339399573993,0.2778155780333768,0.031613778202130294,0.09367675973291072,0.0005325529785918101,0.00398220445659089,0.3,0.2,0.5,61,3.0755232929370235,3.7114145592499903
6,24,0.06975613882078101,0.09084761145799053,0.1450538351100439,0.28212656182637846,0.03157924312157009,0.09664767362491353,0.0006353462315109701,0.0044374291864796005,0.3,0.2,0.5,62,3.117945005937015,3.710498817331645
6,25,0.07229969139907189,0.09333621076748141,0.14753961531017334,0.28150455833381416,0.034147123435381364,0.09796263062576478,0.00099838022767744,0.008688143996727531,0.3,0.2,0.5,63,3.252038787527258,3.709600960534474
6,26,0.07057986802098867,0.10753897099458015,0.19253178939142981,0.324585666913507,0.03275610387633608,0.10019819812453427,0.00136211281095979,0.00449210852719498,0.3,0.2,0.5,72,2.92307335498646,2.245713762325422
6,27,0.0747224410216438,0.1279728974528192,0.2437755846944034,0.35515565606551075,0.03692539565582932,0.1034801194731823,0.00106189996391087,0.01100472081071382,0.3,0.2,0.5,73,3.08540403649283,2.225546372504077
6,28,0.07554517914170633,0.12850437735979423,0.24429124106746744,0.3938829172046828,0.03806599441582884,0.10474461968673468,0.0012343962482712,0.01233832068319339,0.3,0.2,0.5,78,3.0443618801164307,2.244340022755159
6,29,0.07404028770528907,0.1305426156085796,0.2564983951036203,0.39335298025181836,0.04169915758857196,0.10527491398192493,0.00129479540812806,0.01233678005279394,0.3,0.2,0.5,80,3.072443785107064,2.2271932051199728
6,30,0.06574351005228143,0.11026266652152451,0.21561910004953044,0.39607086185111223,0.032081365624723766,0.09418547884652498,0.00129819357609546,0.00431009785615492,0.3,0.2,0.5,83,3.0961265512444847,3.711503790233923
6,31,0.06514575169941479,0.10893645581833084,0.2142540920284016,0.40586930683203204,0.03210982570657465,0.09366829145850211,0.00086871805017237,0.00486419079216861,0.3,0.2,0.5,85,3.096479983165509,3.711129535733521
6,32,0.065002702749937,0.11414337915063812,0.2297266944817526,0.4178605571397418,0.031187851667290857,0.0936603590864723,0.001275188847691,0.00458479752310504,0.3,0.2,0.5,87,3.082783442394015,3.711132137492945
6,33,0.06337016950956272,0.1268304189435841,0.2731189405226744,0.4438994314550684,0.03249803217569706,0.09641466272785852,0.0012269593328775,0.00317113804294607,0.3,0.2,0.5,91,2.848898829248845,2.414440131078253
6,34,0.061233972749160544,0.13510963338749885,0.30191425896503526,0.47165888604199685,0.029483256815483243,0.0905522979418806,0.00107694098965828,0.00329197198707561,0.3,0.2,0.5,95,2.8724213904186766,2.5244486786172025
6,35,0.06087551348140127,0.13307029143362104,0.29978626467373487,0.49587812982614765,0.03227111674273131,0.08809777980868143,0.00171785799867341,0.00666939234891447,0.3,0.2,0.5,98,3.066868509842504,2.524554152484031
6,36,0.06144830263076818,0.14407507102539815,0.3313081524688055,0.5307051756829888,0.03136237785320371,0.09444486544587212,0.0015977571673955302,0.00483293381021627,0.3,0.2,0.5,104,2.918410733159456,2.337150966873742
6,37,0.05856208613144429,0.13527591461126656,0.3122138465499652,0.5342918855806654,0.030372094724508383,0.0872710561070924,0.0013320801411829,0.00426626882201765,0.3,0.2,0.5,105,3.0003524393164,2.350969375169444
6,38,0.06011398525345437,0.14712229965941093,0.34457014187004087,0.5483651182554047,0.03172905849698802,0.09376183165424265,0.0012587365919356599,0.0045139050943054804,0.3,0.2,0.5,107,3.075270790045761,2.5029078945065977
6,39,0.060530960243197124,0.14200433876422966,0.3291769106136731,0.5525211089769613,0.03156316025583949,0.09501426983483464,0.0016472639631224001,0.00459343912153285,0.3,0.2,0.5,108,3.070097339227943,2.5009922304053327
6,40,0.059383744093661886,0.14043646797255394,0.32758669468069956,0.5552728341291191,0.031841884985025576,0.09296278298100252,0.0012385132779237,0.00440438646603944,0.3,0.2,0.5,109,3.137644270753626,2.5034802962527403
6,48,0.06571927290741253,0.17994896353141093,0.43873653455410827,0.5831355728535633,0.04425735290675156,0.11642064700174273,0.00265325347917223,0.01068016547491938,0.3,0.2,0.5,137,2.9251474575921814,2.2968654162426243
6,49,0.06273986890338391,0.17371116379871268,0.4323302630367707,0.5816659162919094,0.04660384376522274,0.11631278949576651,0.00255260535426182,0.01016893911636567,0.3,0.2,0.5,139,2.926103266085758,2.293162018450911
6,50,0.06246056825756751,0.16789085576028315,0.41623414735735537,0.5730714579051464,0.040467625311325174,0.11603613297385489,0.00221984804460775,0.01006603354377014,0.3,0.2,0.5,141,2.891419246985772,2.292632535750757
6,51,0.06004444026995807,0.16198240257097377,0.41014636285551526,0.584175784244677,0.04720161067768793,0.11023678981506495,0.00372679652423836,0.01375036835872856,0.3,0.2,0.5,143,3.047100380812444,2.2889765564761326
6,52,0.0602111411413677,0.14553374804667718,0.3628715967087759,0.5530131262067776,0.04117037806672574,0.11047249086556463,0.00401537008216442,0.01427715598806896,0.3,0.2,0.5,155,3.0027017308068604,2.290560603695884
6,53,0.058962221609713025,0.15438982391811393,0.39222861792048597,0.5678128036416451,0.043372920729624856,0.1108070490489318,0.0048026708429023904,0.012517423224714849,0.3,0.2,0.5,156,2.9731810137213746,2.292815064432949
7,0,0.9677690119517043,0.9814528644872702,0.9809260306164543,0.1747390156043428,0.0,0.0,0.0,0.0,0.3,0.2,0.5,1,6.033121463326681,26.174010522472784
7,1,0.47589929523901686,0.6207745946255362,0.6092654635791085,0.12841232245386747,0.4244830230557478,0.08580639415339344,6.177791997167e-05,0.00019985916180826,0.3,0.2,0.5,3,3.611281883065452,10.267544179854768
7,2,0.18082319423059864,0.25373484007122343,0.23170280438884733,0.061564567356260265,0.4111683457743819,0.09582239729457588,0.0002471116798867,0.0007994366472330501,0.3,0.2,0.5,5,2.387515753068078,2.499609236066489
7,3,0.10340531254655444,0.11599132046740326,0.08999640887651114,0.038320258527109366,0.17475474936115043,0.09970172267325508,0.00055600127974508,0.0017987324562743702,0.3,0.2,0.5,7,2.37130597408321,2.8939674852642936
7,4,0.09800488454072347,0.10722759984247959,0.08103629340353413,0.0387433247560368,0.043337239107229905,0.09538655405688994,0.00033886489637474003,0.00077867104784927,0.3,0.2,0.5,8,2.312289517701276,1.7636755560258277
7,5,0.09703364016002082,0.11053269329126399,0.09454413361736037,0.04580261646382395,0.03178113001994214,0.0960004820869802,0.00037885817279339,0.00088836903850802,0.3,0.2,0.5,10,2.3714034165723024,1.7917332648908937
7,6,0.8670561928766947,0.8798557522052004,0.8638265826430888,0.830425654789067,0.8008036283698852,1.0,0.00034253778243183,1.0,0.3,0.2,0.5,14,2.526849644514803,6.423439311603505
7,7,0.8612842317884031,0.8684429391752229,0.8520902427094553,0.8324006914676428,0.8235442106258267,1.0,0.00023755328483288,1.0,0.3,0.2,0.5,15,2.457946880972706,5.245970405631483
7,8,0.8610164300558086,0.8679082602886643,0.8515404046532816,0.8322958596310495,0.8011496294034086,1.0,0.00023689379848531,1.0,0.3,0.2,0.5,16,2.4576950579067263,5.39885840880864
7,9,0.860807081086277,0.872927244549076,0.8668175518479422,0.8364712932865233,0.8009494901663212,1.0,0.00027523653360346,1.0,0.3,0.2,0.5,17,2.4807187361675944,6.893052673500708
7,12,0.8596180717035474,0.8699978350997642,0.8637893774350143,0.8461405965786777,0.8010339327035711,1.0,0.00300387429480293,1.0,0.3,0.2,0.5,20,2.338613029466168,44643659.52710917
7,13,0.8592358077408341,0.8746726835268008,0.8787128540629295,0.8558121974028474,0.8013983210933269,1.0,0.0030130791595814497,1.0,0.3,0.2,0.5,22,2.3642654422251184,44643870.03303898
7,14,0.8592080672558092,0.8746179744733239,0.8786569402967032,0.8634710568400492,0.8006385628168378,1.0,0.00300788744759088,1.0,0.3,0.2,0.5,25,2.3637238455954144,44643796.74855504
7,15,0.8580864970702275,0.8723593633660133,0.8763339485999706,0.8681856073422456,0.8052660219840198,1.0,0.0030147597962123197,1.0,0.3,0.2,0.5,26,2.296526344917603,44643543.94937423
7,16,0.857584955543385,0.8713504604052449,0.8752964929889107,0.8679837844246022,0.8016349471986464,1.0,0.00299585074028646,1.0,0.3,0.2,0.5,28,2.3263961070690757,44643301.02614968
7,17,0.8549081433207408,0.8768851658259266,0.9012221958230012,0.8799266869976788,0.8114412455208644,1.0,0.00266340261530475,1.0,0.3,0.2,0.5,29,2.612210126298191,7.162510775509264
7,18,0.8529506772409821,0.873322197096392,0.8975697731703711,0.8956156193801417,0.8066225139193839,1.0,0.00060913774726336,1.0,0.3,0.2,0.5,30,2.4790543675822496,3.5152203739403105
7,19,0.8527215031129227,0.8674773405537297,0.8814448301957047,0.8984646921844239,0.8002867752398573,1.0,0.00028312660442807,1.0,0.3,0.2,0.5,33,2.569575407852604,5.383097890933725
7,20,0.8507703082007896,0.8631785675799166,0.8770157452214358,0.9006666055499348,0.8097986631139036,1.0,0.0017131357304904899,1.0,0.3,0.2,0.5,34,2.461579579596187,4.722830971452256
7,21,0.8508688991146719,0.8739570531714946,0.908323815275051,0.9153034419065785,0.8010622722384938,1.0,0.0032010161341332498,1.0,0.3,0.2,0.5,36,2.4843385200112817,44643621.7681622
7,22,0.8486540545223733,0.8803985878475025,0.9351834335533471,0.9227016358907031,0.805002028501929,1.0,0.00263715393365016,1.0,0.3,0.2,0.5,38,2.5113392829446965,10.436926493899737
7,23,0.8471539215249118,0.8881727714406416,0.9634099530815168,0.9620652034317511,0.8018211397996763,1.0,0.0026699181718045,1.0,0.3,0.2,0.5,43,2.55247413582967,10.42533543860305
7,24,0.8464430141813515,0.8866925873798377,0.9618877176788398,0.9617737514187541,0.8012962507205975,1.0,0.00266990644812303,1.0,0.3,0.2,0.5,47,2.5483624260307214,10.551688995376844
7,25,0.846063748050278,0.8857711820783818,0.9609367008382717,0.9680835810199462,0.8028224908162471,1.0,0.0032903739672738297,1.0,0.3,0.2,0.5,48,2.5568291814161124,10.600140389168503
7,26,0.11764115464320377,0.15854961577193669,0.23378106127437825,0.2516518847072426,0.0724948438274381,0.11057425175009225,0.00625930545124898,0.07339643418808456,0.3,0.2,0.5,53,2.414615273700372,2.832355065100371
7,27,0.8440885346466722,0.8760126760056786,0.9407801770063839,0.9929251729483464,0.8014168033115745,1.0,0.00412248095259286,1.0,0.3,0.2,0.5,57,2.59671276578322,6.826928765917884
7,28,0.8425731566495049,0.8782879801185735,0.9532366294217522,1.0242358296254217,0.8015343268607951,1.0,0.00405534247064603,1.0,0.3,0.2,0.5,66,2.5433237934361985,4.785741077811776
7,29,0.8423589181320639,0.8886195660871699,0.9840906724987474,1.06052441828234,0.8011098190099806,1.0,0.00456658012429296,1.0,0.3,0.2,0.5,73,2.5052055452456767,24.999816046166703
7,30,0.840423525156347,0.8845333973578797,0.979888728787172,1.0662055357597264,0.8051002163585133,1.0,0.00451731363239765,1.0,0.3,0.2,0.5,75,2.4755480571763417,10.445057750087711
7,31,0.8401453748542749,0.8839417930879411,0.9792803103379837,1.082322714584135,0.8011508066137674,1.0,0.0045269668952949,1.0,0.3,0.2,0.5,80,2.4729167308900557,10.437886200813267
7,32,0.8399152783527373,0.8887728463968629,0.9943610007211141,1.105016637687388,0.8013707267248216,1.0,0.00508706014831094,1.0,0.3,0.2,0.5,85,2.431101234613999,10.330931770208478
7,33,0.09570348012101344,0.22439874443188457,0.48394791685792465,0.6364047084802539,0.05856439580623655,0.18572579479612011,0.0062560186077838505,0.0029266945934638697,0.3,0.2,0.5,137,2.4547619085728702,32.46936503985134
7,34,0.09452016847179501,0.23914072543546636,0.5294798922312007,0.659293016400111,0.05800748833341548,0.18075502804733568,0.00806961594622934,0.0035389976152207904,0.3,0.2,0.5,141,2.4702066972569328,57.657318764433526
7,35,0.7606522089358136,0.9587185973848782,1.3517100720925561,1.5563534589806782,0.7247661178592878,0.08212897609671907,1.0,1.0,0.3,0.2,0.5,172,1336.0594407712583,3.875809538417344e+21
7,36,0.7579784659923845,0.9637239166095407,1.377086325195921,1.6823129756477921,0.7253916920831021,0.0824789778422522,1.0,1.0,0.3,0.2,0.5,191,1392.3891126304725,1.0083091034670148e+24
8,0,0.9459320503357589,0.9686190841749499,0.9677276512557063,0.17222578146971884,0.0,0.0,0.0,0.0,0.3,0.2,0.5,1,6.605796565916754,26.259793118991567
8,1,0.46334022054036805,0.6083925348671048,0.5964906164588116,0.12714878250926442,0.4269510191774349,0.09059434252436548,6.196664586637e-05,0.00021510892421384002,0.3,0.2,0.5,3,3.966317687018516,10.285690187511396
8,2,0.4259575507578587,0.5695247598110746,0.5561961880853308,0.13106417242810628,0.14222882976726506,0.12095947086323389,0.00040125715290158004,0.00456044549595196,0.3,0.2,0.5,4,4.027329600252473,12.272842447609042
8,3,0.15195432932441552,0.20025133553777127,0.176482365691206,0.05996568856214716,0.79478313126782,0.11311319922202986,0.00077445098770242,0.00551121682284663,0.3,0.2,0.5,5,3.0631905592723125,14.76904791075701
8,4,0.10546411411249847,0.12403095521184763,0.10833830786394515,0.05621344379372545,0.11205206942930189,0.10492686569027805,0.00043558425670164,0.00168446267026331,0.3,0.2,0.5,7,2.3654450226517847,2.07013969021572
8,5,0.10161030358072494,0.11662594577851514,0.10072531210256831,0.045743131217434445,0.039853567447339484,0.10461125432661104,0.00048064105410278006,0.00166848114232305,0.3,0.2,0.5,9,2.3196118692599748,2.127544303648814
8,6,0.10187614824361528,0.12761955675361353,0.1322509211877466,0.06749672725119923,0.03309153698946823,0.1055945431322947,0.00050598694350469,0.00193957298929368,0.3,0.2,0.5,11,2.400027717895827,2.6805496645551505
8,7,0.10183728079530238,0.1275434540115882,0.1321725277251342,0.06748174260356374,0.03290617851978185,0.1055945431322947,0.00050598694350469,0.00193957298929368,0.3,0.2,0.5,12,2.397568622252252,2.6750224786021635
8,8,0.10175762203436223,0.1274225378816291,0.13204911592117202,0.06742876743246842,0.032887713755607284,0.10552809208416539,0.00049787185165898,0.00191001152464518,0.3,0.2,0.5,13,2.3844776962546863,2.572688520301493
8,9,0.10144747906097151,0.13189676201082484,0.1467559304269538,0.08105905491736251,0.03448632273273429,0.10849453809318832,0.00025964974619287,0.00098569123485772,0.3,0.2,0.5,15,2.425211008107701,2.823521243045433
8,10,0.10300805062841314,0.13211819916201636,0.14689948151738683,0.08941293033978474,0.04167662257881542,0.11793278519238456,0.00026068446202123,0.00122632286605013,0.3,0.2,0.5,16,2.445930382842706,2.7822359279654694
8,11,0.23642885178376763,0.2600774758275502,0.26458712441051846,0.2312863636977484,0.16951808453055436,0.545411810029786,0.00027776368246468003,0.01160809515256165,0.3,0.2,0.5,18,2.423614438814116,4.28887554420344
8,12,0.12115101839850698,0.15516202079259522,0.18018249271238573,0.12381055512389647,0.05548821916533931,0.18057485891338632,0.00025328656018538,0.00105497148533827,0.3,0.2,0.5,21,2.40412142218347,2.6535851255669267
8,13,0.09728173545194385,0.11874482032855954,0.12312865866052777,0.09914830324968094,0.036052712897786374,0.10414079764494075,0.00035688846474887,0.00254320054552213,0.3,0.2,0.5,23,2.407810535094438,2.577946147613776
8,15,0.10150162614964928,0.13004059106683877,0.1547475440097023,0.1240663692635284,0.04720245121809322,0.12968611158459226,0.00066622416889743,0.00325197453317314,0.3,0.2,0.5,25,2.351005294451632,5.35858588866223
8,17,0.2567649293504859,0.29179345826604675,0.33679311036077947,0.3227216941341893,0.2013525105872187,0.2637349844229146,0.03265496715432717,0.22926714656441,0.3,0.2,0.5,31,2.308158458231643,26.719993275986337
8,21,0.1650404947317347,0.21408015151457427,0.2897611641328329,0.30351618550504733,0.11094837671775662,0.1993638448801598,0.01405911742261958,0.09639943477583736,0.3,0.2,0.5,46,2.33499811035584,12.225709086605354
8,22,0.35074504240071686,0.3919222268672943,0.45719782795558606,0.4811797360682154,0.30862618032692657,0.30430211905194116,0.05313985469203517,0.3938592687806969,0.3,0.2,0.5,47,2.362286139095678,59.50370625394737
8,23,0.16294126735413855,0.20306907000354535,0.26828635896723374,0.3071577375780165,0.11415667572972821,0.20322459394492567,0.014443808200092159,0.096375473033698,0.3,0.2,0.5,49,2.3884609805974453,11.487640381458114
8,29,0.3427121108062221,0.43198306409480064,0.6095897095441373,0.8206108181118834,0.302835148919537,0.12689585937748765,1.0,0.12737246136789696,0.3,0.2,0.5,107,2.384578925130586,12.777764256672592
9,0,0.9627242757053422,0.9785074557424338,0.9778969632164433,0.17416222062819897,0.0,0.0,0.0,0.0,0.3,0.2,0.5,1,6.174923571623331,26.07748315525044
9,1,0.4796708603506445,0.6245698218853303,0.6130294261129553,0.13309560436922158,0.42748412958726045,0.10212849781063411,6.192554403813e-05,0.00020563358807214002,0.3,0.2,0.5,3,3.6431162582087233,10.22018751865216
9,2,0.13439936652423665,0.17526133493771764,0.16092718935336775,0.05318162864352968,0.5100292621156512,0.11716510773385555,0.00036013947609254,0.00119590023512323,0.3,0.2,0.5,5,2.0915842087948526,1.6809836635396265
9,3,0.11615303616238046,0.14603325838323797,0.14095917129599816,0.05305446557667153,0.07339372243243167,0.11918953635789824,0.00051387230682138,0.00170639447588104,0.3,0.2,0.5,7,2.106710224740259,2.4179920963751447
9,4,0.1149051932746032,0.14373402307540478,0.1385972312590829,0.056679694912477305,0.03889917727157631,0.11900066445000272,0.00049598948769865,0.00164701173943246,0.3,0.2,0.5,9,2.0928015747681763,2.255084837276936
9,5,0.11490200334694702,0.1491728766823092,0.1543064412366448,0.06239442937489302,0.0366291348479545,0.11900066445000271,0.00049598948769866,0.00164701173943246,0.3,0.2,0.5,11,2.0931531933580443,2.255548982003244
9,6,0.11335430464655345,0.1466454658631869,0.1517207683084099,0.07150207867300197,0.03756246079988073,0.11887962169589165,0.00026188651925875,0.0008673403576115899,0.3,0.2,0.5,14,2.1142405055572104,2.47390532841151
9,7,0.11486745999992934,0.14257989759424122,0.1373764047916825,0.08047701098519895,0.038403662823202324,0.12440953084728923,0.00026898434732441,0.0008720389730692199,0.3,0.2,0.5,15,2.243952178705827,2.5120002665905488
9,8,0.12232766054592958,0.15930515843333293,0.17454675339598222,0.08412728869780199,0.05402593621484346,0.15513117869593168,0.00026290959606704997,0.00089211815680456,0.3,0.2,0.5,16,2.186749169991037,2.5174445827351946
9,9,0.1182543380320855,0.14891104448491968,0.15382999173587708,0.08309587277673221,0.0476619742525572,0.14472524304928697,0.00026178561922222,0.0008788723960959499,0.3,0.2,0.5,17,2.161737397557308,2.4999961498692684
9,10,0.11230651879005141,0.14294144292934743,0.14785950423443087,0.08134529136182667,0.03807757170451287,0.12498479202636056,0.00026173868025857,0.00087401912446207,0.3,0.2,0.5,18,2.1606010616848272,2.4991402756821643
9,11,0.11817786491079238,0.15815898701146386,0.183527170888468,0.1030747899889184,0.04771689275904876,0.12275784343063852,0.0027187342541333498,0.01628573641091607,0.3,0.2,0.5,21,2.1402554415955817,2.466556024898039
9,12,0.1095710629090257,0.14870556755821274,0.1740239193122028,0.10708075033287923,0.04139990671986537,0.12437648331962481,0.00026674884902013,0.0008792640746855899,0.3,0.2,0.5,22,2.146309777385332,2.531279496777236
9,13,0.109474532413812,0.14847781007423114,0.17378865868949223,0.107070519691894,0.03840692509702632,0.12451600964813347,0.00026472104656487,0.00088187178438397,0.3,0.2,0.5,23,2.138186817475587,2.5337579939403527
9,14,0.10948451782926684,0.14848695126317218,0.17379778165044185,0.10989496479967346,0.03786268769757445,0.12455187820654028,0.00026473364511946,0.0008819512516440199,0.3,0.2,0.5,24,2.138658569746936,2.534226898064597
9,15,0.10940272606574726,0.1538024853512276,0.1893812082226507,0.11464456750405137,0.03803010669644057,0.12444041796178833,0.00026628337469363,0.0008853449595344501,0.3,0.2,0.5,25,2.141389435011238,2.534951083475316
9,16,0.10822899391535197,0.15240835523670898,0.18797420105655127,0.13671573882245022,0.03735617563260626,0.1213309044993887,0.00026276768840784,0.00087244709098545,0.3,0.2,0.5,27,2.1472581358357634,2.345207104792526
9,17,0.10970321152064375,0.15361362530522799,0.18916365437091306,0.1581423383485215,0.03902752443060236,0.12570172499517474,0.00100550683036162,0.00147071078655327,0.3,0.2,0.5,30,2.2091538602591885,2.47682814357172
9,18,0.1050307277065375,0.14633194211360634,0.18173002659452597,0.14006112494552805,0.047761148624252736,0.1192749755043248,0.0024483917532780097,0.00089047296981133,0.3,0.2,0.5,31,2.24754345584086,2.500646077281901
9,19,0.15093506164062695,0.18146571066563297,0.20628628669139945,0.1990875623521501,0.09551431971537425,0.11812785842813797,0.0058476084407668005,0.10296950376026404,0.3,0.2,0.5,34,2.131498399738299,7.156657437829549
9,20,0.15901652408333153,0.19333398764792947,0.2283305612447249,0.2138974281412102,0.10127963463784388,0.11799273971712472,0.0070337383239095705,0.12208216212494054,0.3,0.2,0.5,36,2.0908210857478324,7.184559299713468
9,21,0.14493838691381292,0.1845303280954088,0.22978775796267475,0.22976225621651608,0.08405555761471614,0.12401540426786568,0.00901446085697996,0.08986155037972957,0.3,0.2,0.5,42,2.1184890877423013,7.039760362968481
9,22,0.14508411173312002,0.18459680494893022,0.22984997425316905,0.24841326918946613,0.08424524108844168,0.12402078791151967,0.00899665012970942,0.09031576988857933,0.3,0.2,0.5,46,2.1163213933921403,7.032383273752224
9,23,0.11027067155219628,0.16145579899404788,0.23725697686482888,0.23805336188358073,0.06353182807209072,0.11732865257370313,0.00353197801188355,0.03611967717811196,0.3,0.2,0.5,48,2.193421410847876,5.107370612622668
9,24,0.11710061768246648,0.1674201719547168,0.2431729680471754,0.26187279768182564,0.06234490556289092,0.11499506068173238,0.00511872612228514,0.05223418213859954,0.3,0.2,0.5,53,2.2417604278488064,5.971557636305587
9,25,0.11712352248167598,0.15653448751859217,0.21174513175031262,0.24264021504803984,0.06175931207497778,0.11511099627467984,0.0051313923872478,0.05224263309476275,0.3,0.2,0.5,54,2.242541432991819,5.97629809906986
9,26,0.11393657295944483,0.1696438520234637,0.25566393040831076,0.286569085321496,0.058539907116386486,0.10578379744664715,0.00437288721005084,0.05184228210700683,0.3,0.2,0.5,71,2.021986650699997,2.9844444225508964
9,27,0.08684377325314262,0.15128382925611078,0.2577242433965794,0.3027619668153619,0.03791273886445517,0.10705525893344503,0.0017875003123560302,0.00210909954974879,0.3,0.2,0.5,73,2.308528986145516,2.0993731150973955
9,28,0.0861984087202064,0.15549313919939708,0.27217163611124673,0.34072497934954177,0.03384666438055041,0.10705422043007722,0.0016134655704717698,0.00202094478040956,0.3,0.2,0.5,79,2.3012240131587536,2.095658266824051
9,29,0.08587689282301784,0.1602754389853699,0.2872056381763666,0.35517337664155485,0.03413535441064079,0.10682130826073441,0.0020131108475066597,0.00200606509620774,0.3,0.2,0.5,81,2.303935861535403,2.118877935728615
9,30,0.0919067285797341,0.18369897776968921,0.3514691469172388,0.45076161758458677,0.0445709815617555,0.12135608520376129,0.0052630243148610294,0.01235055084569573,0.3,0.2,0.5,98,2.2204801796217857,1.6713810693550166
9,31,0.09094888914047417,0.1876537605082085,0.36566507761438116,0.47939233673452314,0.04370948145932977,0.12093465368010756,0.00527592996027745,0.01167823327193827,0.3,0.2,0.5,102,2.224074514336838,1.7236278025118403
9,32,0.09018722029071248,0.18558448622427812,0.36352414956346085,0.48717889486107935,0.04535760109436172,0.12144591395443334,0.00473169918050503,0.01250032026217637,0.3,0.2,0.5,105,2.2192194299167114,1.6758197305577318
9,33,0.08936888255239325,0.1842643014490036,0.36217644368472923,0.49402739996193085,0.04526727680928158,0.12064851698523545,0.00490239987623364,0.012204580498380909,0.3,0.2,0.5,106,2.203963913331907,1.657075087871184
9,34,0.09049015935588468,0.19625081311334905,0.39470300532592206,0.5284205573714306,0.04464234408383382,0.12300985181577269,0.00531308242404493,0.012910904022728851,0.3,0.2,0.5,110,2.206794006609862,1.714580241680806
9,35,0.08876407060353368,0.19968564222941557,0.40839296602226244,0.5349749170488385,0.04299674635176771,0.11880103152432656,0.005148490583227109,0.01257504168066414,0.3,0.2,0.5,112,2.242968134719104,1.713715831385752
9,36,0.08929536328897628,0.2163691956915113,0.45587828200132197,0.5925441512914645,0.043671093618354015,0.11962170846542912,0.00590615528868455,0.01317920466451506,0.3,0.2,0.5,120,2.244942895680083,1.7217119249164317
9,37,0.08870241369764308,0.22035876273167893,0.47009114449427525,0.6121906660503817,0.04471711451945173,0.11960415381685965,0.00584156240843625,0.01361899642756792,0.3,0.2,0.5,124,2.257266656006995,1.737233669923082
9,38,0.0887024137166407,0.22580359821350232,0.4858067939348371,0.6320704221882564,0.043859159924453286,0.11960415381685965,0.00584156240843625,0.01361899642756792,0.3,0.2,0.5,126,2.257266656143844,1.737233669043328
9,39,0.08817368134948789,0.2744444995197029,0.6268922741539288,0.855005507281906,0.04318737512446066,0.12032416923920557,0.00514100043534175,0.01210357691856745,0.3,0.2,0.5,187,2.222480497218686,1.7807964421299791
10,0,0.865574073937037,0.9193968940776115,0.9171070326103361,0.16258653149131036,0.0,0.0,0.0,0.0,0.3,0.2,0.5,1,8.59259456742152,26.069322268479095
10,1,0.4120369823889144,0.5553561504176516,0.5419181682678121,0.11759079354419781,0.4329760893054414,0.09403024566853256,5.963308956764e-05,0.00021409051370122,0.3,0.2,0.5,3,5.259055510567106,10.229465316122042
10,2,0.08832803278376714,0.08939622150098508,0.07269957820687686,0.034186049081463186,0.5241953733955538,0.10776013184044919,0.00039099897270414004,0.00140373694419988,0.3,0.2,0.5,5,2.879262080066503,1.720543196819063
10,3,0.08016018220961305,0.06976330339258689,0.04246112388044723,0.03271692597439132,0.038802260334217416,0.10076016373253882,0.00033303157467452,0.0008146741264695599,0.3,0.2,0.5,8,2.808726127398064,1.7536084539173094
10,4,0.08007093184578122,0.06957936073882809,0.0422720276495601,0.03630024957522062,0.031081254837878224,0.10076016373253882,0.00033303157467452,0.0008146741264695599,0.3,0.2,0.5,9,2.8060646708404504,1.7545966963981996
10,5,0.07918223364757591,0.07327611175715028,0.05619213091591245,0.03760889319114348,0.0340595133385041,0.10050552149932815,0.00033439757469831,0.00080497475395457,0.3,0.2,0.5,10,2.8105949093077105,1.807178841739204
10,6,0.07715256115220294,0.0644931274251259,0.037066029876171386,0.050287351485588994,0.03159542289073029,0.09860563852858596,0.00017004508634179,0.00043090526232469,0.3,0.2,0.5,13,3.075637633455796,2.102190266557728
10,7,0.07536589930121797,0.060553201525508304,0.03300861981210286,0.05174439671529749,0.03852418403711468,0.09927151228809253,0.0001693351730198,0.00042208757461057,0.3,0.2,0.5,14,2.9868863325120447,2.0152689521583773
10,8,0.07638782261943977,0.06016127126109964,0.03253969963519235,0.06024237443346155,0.03792903814739424,0.1067073473741322,0.00020359148962523,0.00058326679690651,0.3,0.2,0.5,15,2.890641066732122,1.6999146902745854
10,9,0.07685762779115453,0.06053193403980608,0.03290497705281001,0.06298292657991052,0.033296004339061,0.10853605985226034,0.0002206765450255,0.0006000475762536199,0.3,0.2,0.5,16,2.943956826588879,1.6836167117828418
10,10,0.07430365565357716,0.06325849889383607,0.04589324795567454,0.058300272176099066,0.031150867184941415,0.10082278006435604,0.00018725571604218,0.00043426869703414,0.3,0.2,0.5,17,2.978017788365728,1.9964062816455628
10,11,0.07023111282163001,0.06035623454838474,0.05303019080914639,0.0755156255626448,0.033096021386359156,0.09999192826284233,0.00049463345590678,0.00040061884164399,0.3,0.2,0.5,23,3.074619638991993,2.012245284363761
10,12,0.07023111282163001,0.06035623454838474,0.05303019080914639,0.080425976363907,0.030296954183715145,0.09999192826284233,0.00049463345590678,0.00040061884164399,0.3,0.2,0.5,25,3.0746196389919924,2.012245284363761
10,13,0.07041260775468873,0.05989324574046882,0.05253247385241563,0.08340027282298107,0.03357322386011343,0.10249373929737052,0.00050134542585123,0.00041280408960517003,0.3,0.2,0.5,26,3.053895108088976,1.9043575275294788
10,14,0.06903540561848222,0.06710363330403778,0.08016066219593712,0.0962388394193716,0.04068514601996266,0.10312749471009093,0.00231594078909047,0.00063981015382185,0.3,0.2,0.5,27,3.027236972556512,1.918618501573432
10,15,0.06938901066458174,0.07147849567766669,0.09473017207506411,0.13639497496676933,0.0339404334807489,0.10945913234948398,0.00035501090924639,0.0008370373999292699,0.3,0.2,0.5,36,3.1198066865958047,2.099459330361843
10,16,0.06938522268270118,0.07689201516517773,0.11041270673351807,0.14513926516351355,0.03340076385369425,0.1095233352227768,0.00035996048520794,0.0008372573624884701,0.3,0.2,0.5,38,3.1188223790180607,2.0982208404510443
10,17,0.06915157235772165,0.07651851636123097,0.11003179593079834,0.1506800814785272,0.03377640607452504,0.10915337664508536,0.00032721258368072003,0.0008497450963865999,0.3,0.2,0.5,39,3.102461420911709,2.166813921876117
10,18,0.06889835147271875,0.07941398025793832,0.12307593658000987,0.15772844422182022,0.043856633551820866,0.108596955971519,0.00143064080986128,0.00424143125672486,0.3,0.2,0.5,40,3.052098261011853,2.511771596285173
10,19,0.0687138425087941,0.08446068873126415,0.1383819801784225,0.16661740863104083,0.035395695396026536,0.108596955971519,0.00143064080986127,0.00424143125672487,0.3,0.2,0.5,42,3.019674782569052,2.662476031364838
10,20,0.06803580886786215,0.08309726106168332,0.13698231232863808,0.16936172186655912,0.037532210723995145,0.10831156749554831,0.00143051007435738,0.00424012188775885,0.3,0.2,0.5,43,3.0021776109462484,2.607601537953234
10,21,0.06558474235238079,0.07209533050879034,0.11554566391403336,0.1714996966262079,0.04701393634990268,0.10604018041474468,0.00245791132142192,0.00561484625571071,0.3,0.2,0.5,44,2.9488985926133204,2.58294796643744
10,22,0.06552889090635385,0.07197369905210348,0.11542051435050533,0.17449671489123497,0.03536038558328408,0.10604018041474468,0.00245791132142192,0.00561484625571071,0.3,0.2,0.5,45,2.969223272749234,2.52771658357802
10,23,0.06524106502097253,0.07133334276930667,0.11476152453843115,0.18371337289447792,0.03579447058804568,0.10842813590002551,0.0020898378821096,0.0043529708333983,0.3,0.2,0.5,47,3.169850800778192,2.331742014429055
10,24,0.06330892413647564,0.06713706159707736,0.11044679043000152,0.19540896562206375,0.043721367213753456,0.1066748982325417,0.0024269483197492,0.0052325245442888,0.3,0.2,0.5,48,3.1301758664619888,2.3524546448815578
10,25,0.0627900893699353,0.06608729520338531,0.10936900888878852,0.19828343838784393,0.03704499354973062,0.10642784035007302,0.00242555286704848,0.00523486682851822,0.3,0.2,0.5,49,3.079234733418785,2.414041929403357
10,26,0.06271490445697286,0.06586415310937163,0.10913845924151411,0.1951394504490044,0.035642314466015394,0.10638958808140017,0.00231857687740089,0.00539834268879719,0.3,0.2,0.5,50,3.048380818319794,2.4477797449450005
10,27,0.06295419127941766,0.07146637113659399,0.12500692801429114,0.19855755456723898,0.0357091158091114,0.10699888220506729,0.0026773638232840302,0.00550510423129828,0.3,0.2,0.5,51,3.0217801712046257,2.542348002544851
10,28,0.06229202624060779,0.06493189740613266,0.10817952725622684,0.22007758120090049,0.03588868189147833,0.10588520073110581,0.00253064139333819,0.00562396473576712,0.3,0.2,0.5,53,3.0328071799687675,2.452133225251317
10,29,0.06209404043563939,0.06980918891019061,0.12330838432949774,0.22005390775751918,0.03565907420040717,0.10593385734373024,0.0025415984916652397,0.00581052696886697,0.3,0.2,0.5,56,3.086927184147052,2.4273274396619327
10,30,0.06562412816784186,0.08369604970560052,0.15770848677825614,0.22740200760435478,0.04019795140403407,0.12094011004864628,0.00295813311881368,0.00460423963885624,0.3,0.2,0.5,58,2.986880645958269,2.755044960942951
10,31,0.0651642145302283,0.08256700742762217,0.15654447961054707,0.24003178198561057,0.03989726853957515,0.12120810688828457,0.0029020570022429302,0.0046520479829232995,0.3,0.2,0.5,62,2.954039602782744,3.0203991814255287
10,32,0.06421299036462179,0.08590721991711205,0.17009562955305077,0.24969956048086464,0.04143395887387213,0.12120810688828457,0.00290205700224292,0.0046520479829232995,0.3,0.2,0.5,64,2.982461465828599,2.981738282988801
10,33,0.06003827741739021,0.08331908684194453,0.17757861505050046,0.24731358788053523,0.045500690796046815,0.11342771521157642,0.00690320057767372,0.0056940135324451,0.3,0.2,0.5,66,3.14804401862892,2.824078596754335
10,34,0.06204664511286234,0.0955525098980865,0.2103191042614661,0.3342801576995683,0.04102484120113616,0.12272914534178525,0.00468255220626021,0.0060903094414672,0.3,0.2,0.5,77,3.030528233345284,2.851977746385338
10,35,0.06164305962613053,0.1051174093237585,0.2403780743084388,0.39325807369840343,0.04137033225748477,0.12142780198738416,0.00450284575861111,0.0076246946343295095,0.3,0.2,0.5,92,3.070191651460493,2.7910731466402154
10,36,0.061651003670451565,0.10393276965724753,0.23913214635876562,0.3983622153460949,0.04654610651823283,0.11581128263797665,0.007864013428788801,0.01158415419432946,0.3,0.2,0.5,93,2.994731865222516,3.721028555231948
10,37,0.06368835413909925,0.11078018325553611,0.2562175085757116,0.4284758775669795,0.04512527567934369,0.11845395885488556,0.00712960030314406,0.01538354314558173,0.3,0.2,0.5,98,3.0273526946826976,3.6283029261480113
10,38,0.06291791222078962,0.10883394827724026,0.25421123537401213,0.43645262420390324,0.04918372658030009,0.11984521656412357,0.00687608281320289,0.01498624647438473,0.3,0.2,0.5,99,3.021221904108467,3.6045806591665737
10,39,0.06282314946899764,0.11406370923554568,0.26970563479253185,0.44695364249503267,0.04504514924305317,0.11984524790726363,0.00687608550899505,0.0149877695164687,0.3,0.2,0.5,101,3.001270476625021,3.6182139964472095
10,44,0.05647928541909387,0.10810854280752535,0.2737644360665696,0.5119043281048333,0.04280331419525585,0.11526710097631232,0.00580831212537044,0.01343068105439699,0.3,0.2,0.5,128,3.111866954168741,2.6539867302520777
10,45,0.05254705342640929,0.10285322148663467,0.2684421223345523,0.5085388600607614,0.04197542065456521,0.10528166456009987,0.00559253270863528,0.013697704083445039,0.3,0.2,0.5,130,3.126113558467863,2.6442844855307657
10,46,0.057026337129680194,0.11686576969515489,0.3029276028470964,0.5188656705053734,0.05003478729653472,0.12085681646637896,0.00511080390472816,0.01559749544840007,0.3,0.2,0.5,131,3.019797682942811,2.2967078910377787
10,47,0.05665609952279983,0.14685325500697466,0.3944230746882114,0.6908914067505706,0.04674962971758405,0.12298121333910184,0.00693294123127236,0.01639421254202974,0.3,0.2,0.5,162,3.0653378194389544,2.3158875614263925
11,0,0.9245945818180217,0.9558630682365765,0.9546090652408311,0.16972773379343387,0.0,0.0,0.0,0.0,0.3,0.2,0.5,1,7.1060813347577,26.177629591710303
11,1,0.4523204156167487,0.5972827684596316,0.5849703763468279,0.1276620158172758,0.4320442914241108,0.101732715057084,6.006979649277e-05,0.00021972489627826,0.3,0.2,0.5,3,4.315705517488787,10.23008168118552
11,2,0.4267092271597473,0.5693013274859738,0.5555802348155083,0.14195104615886162,0.15450896478485576,0.16535953694370606,0.00039070160882524003,0.00511203158255041,0.3,0.2,0.5,4,4.3449282124061614,12.245789691477242
11,3,0.08885233572194284,0.08712153754499541,0.07026861342417944,0.036333259361225556,1.0092899207554205,0.11776884480066936,0.0004941590821767201,0.0018075482091788001,0.3,0.2,0.5,5,2.746584505220234,2.3801962128420007
11,4,0.08884190863593798,0.09254493797502575,0.085961948725562,0.05117689663405076,0.03635519507141504,0.11776884480066936,0.0004941590821767201,0.0018075482091788001,0.3,0.2,0.5,7,2.7458135658924405,2.378709065619471
11,5,0.0888735124170943,0.09800869544185768,0.10169577077095618,0.07892361467746666,0.0363828716630917,0.11792474150835217,0.00048940315570641,0.0018036054828331999,0.3,0.2,0.5,16,2.745903579587756,2.359802675201513
11,6,0.08885716770438352,0.10343170285803292,0.1173890275240831,0.0860650182896776,0.0363765605370801,0.11789829247696226,0.00048800654415049,0.0017976463035940498,0.3,0.2,0.5,18,2.7441364231822205,2.345498488954566
11,7,0.08841742211203554,0.10792571916341252,0.1321251936586909,0.09234833261766057,0.03847758566557331,0.11799700071732773,0.0004995384996497999,0.0018321104055376701,0.3,0.2,0.5,19,2.7904726487330302,2.4510817556408404
11,8,0.08983490749952107,0.10857702380112501,0.1327337570710454,0.09042391902193021,0.041652163170485756,0.12088123916822813,0.00136170487932263,0.00405357078189423,0.3,0.2,0.5,20,2.6822934943707017,1.952950226135233
11,9,0.0866841356862672,0.1101591611858233,0.14454723477257217,0.10181183656229648,0.03752044255510364,0.11861551560635739,0.00025009041186818996,0.0009085091269315599,0.3,0.2,0.5,22,2.717320774472096,2.341117345430344
11,10,0.09283965823236652,0.12172504661125236,0.16638196220302806,0.11864601687158924,0.0423473914319807,0.11929619309456192,0.00026192759600102004,0.012872392159628099,0.3,0.2,0.5,24,2.695555198913334,2.362514121260837
11,11,0.08687646092473757,0.10764416339764835,0.1418830727187694,0.11218697377161369,0.04953319138204055,0.12141160946474008,0.0014070448660815,0.00425188527676991,0.3,0.2,0.5,25,2.72571141463699,2.345742513344275
11,12,0.08134592335326518,0.10493529061274054,0.14930080029645348,0.13374912394782038,0.038347619307191654,0.11744899450644583,0.00027317887028157,0.00089724880592806,0.3,0.2,0.5,29,2.7333386160898243,2.3192507264866618
11,13,0.08038991155584749,0.10821337004280424,0.16278353464730166,0.13345219328977337,0.038294299500822235,0.1178508102067746,0.00036854597834704,0.00093474353573603,0.3,0.2,0.5,31,2.7645409234591622,2.526625835456645
11,14,0.09555403979898966,0.13388533111218534,0.20897593530139252,0.17040373205623757,0.051787899305970705,0.11752402426781602,0.00101918992081634,0.03189903545682391,0.3,0.2,0.5,35,2.713415113235468,2.4620301564247
11,15,0.1416031217815794,0.1693800249959365,0.23392333568111226,0.23305447744050156,0.10710019797229332,0.33687023836967755,0.00073886367259053,0.0017461879070200799,0.3,0.2,0.5,39,2.862978968818272,3.123229890988921
11,16,0.07480330677965073,0.10099348642164328,0.16545148759905,0.1917660692083793,0.03757795136544971,0.11942688155397727,0.0007071413499413601,0.00144964036235962,0.3,0.2,0.5,46,2.8455118772547365,5.160749332184618
11,17,0.15549004801118219,0.1813012172052354,0.24573911372347132,0.2883464984136972,0.11919108054946671,0.38845793840633774,0.0008388512976453299,0.00202345194468647,0.3,0.2,0.5,47,2.87539644539696,3.0759573668400075
11,18,0.15640795854655737,0.18766284165109565,0.2623714724363513,0.305268887059484,0.11863824967762997,0.3914832315325421,0.00084932280878991,0.00204198563557614,0.3,0.2,0.5,49,2.8770326246544315,3.078072626214769
11,19,0.15479428176757695,0.20094184291051842,0.3063848794647583,0.3238139975355415,0.12109227224080522,0.39027712310524976,0.0009376674139712699,0.0020465246612355803,0.3,0.2,0.5,51,2.834521638375985,3.1042471153528437
11,20,0.16604851450317387,0.19974955531606675,0.2845686986241312,0.3424429870087829,0.1324177289007446,0.4319550322756899,0.0009619855663748801,0.00226578716841495,0.3,0.2,0.5,55,2.8592894051179942,3.0735426686734195
11,21,0.164842383251231,0.21988824843803734,0.34576672005361453,0.39839543495803276,0.13021330513161478,0.4285464799800793,0.00134418363079671,0.0025031470345639,0.3,0.2,0.5,68,2.975345052510288,3.579022430160482
11,22,0.08436331014169225,0.11857907981448439,0.2134078120026048,0.32271566443766836,0.06211308255991964,0.16467240257334118,0.01738371945787717,0.00120306407880163,0.3,0.2,0.5,70,2.869668734928269,3.351135463601792
11,23,0.08436829363414723,0.1292109088324322,0.2445669688837448,0.3444755913876771,0.05396016215008035,0.1654785704293195,0.01737789166295422,0.00117972689804509,0.3,0.2,0.5,74,2.8549088138644096,3.1828120588146818
11,24,0.0815885679208661,0.1202896248343151,0.22533866931393912,0.34124861166981163,0.05196437411942713,0.10316001212673145,0.00629675246898456,0.03862827628830109,0.3,0.2,0.5,80,3.015697918846906,2.419327657718239
11,25,0.15441826536622721,0.19562627819741785,0.31079175806370896,0.4305395083730226,0.1380000365799909,0.36835104204234065,0.00454143645528833,0.03083093435335099,0.3,0.2,0.5,81,2.967231810899699,3.072688416882379
11,26,0.15557148131988918,0.20198713319362246,0.32741119661481827,0.4426853951307013,0.12908042653103058,0.383831456366734,0.00352255429509893,0.02465430208418888,0.3,0.2,0.5,82,2.9092363181462484,3.088886109742665
11,27,0.14243155343941818,0.1882384258331676,0.3136303525879908,0.43678311072809756,0.11785416823033365,0.36320482886441774,0.00539786546609011,0.011017634331286639,0.3,0.2,0.5,83,2.953454189185552,3.089451713731608
11,28,0.13988124976654354,0.18496148467481147,0.3103158959589577,0.4519475837156002,0.11429203639001854,0.35678264661049947,0.0054381911362271305,0.01096519172251418,0.3,0.2,0.5,87,2.9936432998012528,3.0776976540747043
11,29,0.08196662634629824,0.1754011330040881,0.3931572111440923,0.5516433822666136,0.056314067091969566,0.13553612279288627,0.00270766396324051,0.030054373169156202,0.3,0.2,0.5,116,2.8265637283886265,3.319360829880724
11,30,0.16843326854468735,0.24471277540379657,0.4316141415898175,0.606694317639328,0.1439946948585093,0.4561275916074631,0.00558731249705632,0.010840172755501771,0.3,0.2,0.5,121,2.9071030601331027,3.1870403225481825
11,31,0.19327513228238,0.2678481324867464,0.45466133126541247,0.6323316139362444,0.17604045051733597,0.5423360053109808,0.0057856672448493495,0.0115293083478507,0.3,0.2,0.5,122,2.919459326881062,3.185410343976059
11,32,0.19327513157262063,0.2678481321286655,0.4546613309073316,0.6396547226658976,0.16962295474494676,0.5423360053109849,0.00578566545042166,0.011529308349457649,0.3,0.2,0.5,123,2.9194593180872994,3.1854103439759798
11,33,0.19345981281440286,0.2677745082385335,0.4545742630095901,0.6436206714360689,0.17098850718036981,0.5423354534708452,0.007832748804837749,0.01150370967294645,0.3,0.2,0.5,124,2.8859645009015686,3.185400912727232
11,34,0.0645893527401707,0.15514425972900495,0.37275127152309184,0.5759885525468241,0.04133046925665711,0.12986874691949865,0.0015559454698966901,0.00390790585642233,0.3,0.2,0.5,131,2.978762291999092,3.8046050057897065
11,35,0.06459355379871937,0.1550946870572486,0.3726988911902104,0.5797458482493233,0.042023733176030864,0.1298411743215398,0.00185942562840559,0.0038993199223019298,0.3,0.2,0.5,132,2.9884647752176927,3.7991627043231815
11,36,0.06413308993662915,0.14267311832769544,0.3396807432532519,0.5984207587148345,0.04323350553402141,0.13142643637985948,0.005172629384904421,0.0024522892460107698,0.3,0.2,0.5,134,2.990817275782192,3.231729623215814
11,37,0.06363112918053153,0.1467374831094222,0.3539701113585729,0.609506220736697,0.042722409926263825,0.13226339642340693,0.00484998399290475,0.00250457535000708,0.3,0.2,0.5,138,3.0016188760079503,3.332769348204612
11,38,0.06253120712267163,0.15069186160118678,0.36817528117586584,0.6197695251430277,0.04148285351716051,0.13162524824320726,0.00162340198910962,0.0026118964978696798,0.3,0.2,0.5,142,3.0528478576936298,3.5347069713322727
11,39,0.06214317795324189,0.15441078670766206,0.38209593294878613,0.6363929873351585,0.044304858265861,0.1316115880928146,0.00507277708625824,0.0026255323233262103,0.3,0.2,0.5,144,3.0366951911465505,3.5331191192033726
11,40,0.06259247238341302,0.15471042431030266,0.38238801506296494,0.6533514638650867,0.04251993918797265,0.13347054453514448,0.00507038224198946,0.00265075430193291,0.3,0.2,0.5,148,3.012315010712042,3.4628948551178658
11,41,0.06099067944861573,0.15796966340450178,0.39588786694725864,0.6633865721257787,0.04233670748833082,0.13193108762395409,0.0015993330194089901,0.00269827231307027,0.3,0.2,0.5,150,2.994886599609801,3.528572220778338
11,42,0.0600034305091345,0.1614378596888755,0.4095760840982462,0.6755904471214677,0.0428786238059124,0.13170474623932385,0.00183251961173078,0.00235139225820408,0.3,0.2,0.5,152,3.131096816572112,3.493231395928241
11,43,0.06129993908619064,0.15582641790871746,0.39361957399592257,0.6858557527632726,0.0446049418730144,0.13511466301278324,0.005100130972175021,0.00392358543346287,0.3,0.2,0.5,157,3.091316726170988,3.7327818977495766
11,44,0.07169795610283497,0.18230777890609307,0.4508996963439586,0.8458928041643404,0.05413902198736817,0.1341779328388334,0.018518617390122772,0.02031353955531087,0.3,0.2,0.5,194,3.0525366973954675,3.0286388568873845
12,0,0.9098869476911815,0.9469414341212792,0.9454339503720102,0.16798088830982366,0.0,0.0,0.0,0.0,0.3,0.2,0.5,1,7.475273642769775,26.196453617231192
12,1,0.44412824795115935,0.5890124247675307,0.5765803843427423,0.12277697780397549,0.42312417008420683,0.0882349587285593,6.105076012693001e-05,0.00019712019860818002,0.3,0.2,0.5,3,4.428968652524716,10.291699613324544
12,2,0.44411745549957593,0.5890014579968459,0.5765691852766545,0.12517322063744982,0.02660450629469958,0.0882349587285593,6.105076012693001e-05,0.00019712019860818002,0.3,0.2,0.5,4,4.432791161667044,10.297580591641092
12,3,0.171717324871328,0.23843586364158598,0.21594609983164909,0.05921796941457231,0.7601347241454194,0.0985344431959695,0.00024420304050774,0.0007884807944327201,0.3,0.2,0.5,5,2.643358225287629,2.5126603701182164
12,4,0.14571247539946472,0.19822159804884334,0.1846409632108459,0.06076041615668347,0.13110015756992582,0.1033922143173045,0.00068404825072655,0.00220864943795032,0.3,0.2,0.5,6,2.2681658457957163,4.919505713187558
12,5,0.10834324344986918,0.13051710993855137,0.11503743370991518,0.04428775477110015,0.1692267362054532,0.10181146949141376,0.00046555248820045,0.00150317209393954,0.3,0.2,0.5,7,2.146518040536902,2.0617800470617897
12,6,0.10806988739103776,0.1299329580816972,0.11443490329269054,0.04765719245266279,0.03212248775697293,0.10194347710315066,0.00047966826863768,0.00154874901120493,0.3,0.2,0.5,9,2.133205334407253,2.1726288194848804
12,7,0.10800674853642027,0.1352681629138742,0.13003806207274923,0.05500449610955846,0.03154170737488979,0.10191882921440645,0.00047698712705819996,0.00154009216304212,0.3,0.2,0.5,11,2.132238553120643,2.1512328900894446
12,8,0.10505305011375717,0.1300328405303809,0.12466773454543628,0.06591053639777851,0.03422549356481816,0.10173882323538438,0.00024145449051302,0.00077619863160191,0.3,0.2,0.5,14,2.164828709879972,2.141953693899024
12,9,0.10337620483448136,0.12676525988754397,0.12130679697357687,0.07188625848220814,0.037776085078402424,0.1018058181132091,0.00025053105727761003,0.00078425105749451,0.3,0.2,0.5,15,2.1848263755988238,2.128597503651975
12,10,0.10327911712188075,0.1320920269899082,0.1369025565733801,0.09296849762310469,0.030954469490334743,0.1016057249138604,0.00024590780078688,0.0007570890334915299,0.3,0.2,0.5,17,2.211703633721252,1.9671346860925425
12,11,0.10299479777872984,0.13704274423071033,0.15211166619814928,0.08291088169931986,0.03174096964793514,0.10142243020992144,0.00023483644494215,0.0007493004738670301,0.3,0.2,0.5,18,2.182841758317959,1.9668755138977807
12,12,0.10788240422364209,0.13529773688635682,0.14002665712584308,0.10396096750340235,0.04204597366704698,0.12184223702456758,0.00024623036039255,0.00078867971503671,0.3,0.2,0.5,19,2.192732261189573,1.969579796183172
12,13,0.10640240623313468,0.13873363470727929,0.1537022341097365,0.10282647605622022,0.037195953445215965,0.11872860097501296,0.00025381578562980997,0.0008106957123119001,0.3,0.2,0.5,21,2.1823491447121723,2.084973647331489
12,14,0.10122088574378175,0.1384426076577801,0.1636494379897882,0.10074053988652411,0.0319459781337873,0.10194287716602604,0.00062731009940377,0.0015364459634583,0.3,0.2,0.5,26,2.1304758803939845,2.2367851404519565
12,15,0.09789151945401783,0.13733567230405797,0.17262602010995043,0.10997666903541008,0.03828927119756242,0.10202315594177105,0.0023907210766776097,0.0008371711731099201,0.3,0.2,0.5,28,2.1490861277551496,2.3305539753606226
12,16,0.09642193196466754,0.13450446888118164,0.1697165934084783,0.11727420405410105,0.03333181874022272,0.10206331430615104,0.00066605600179925,0.00136313519445097,0.3,0.2,0.5,31,2.1465876082192046,2.3240350138791923
12,17,0.09660317015629327,0.134359173436682,0.1695524071315537,0.12866126594696983,0.033310420525419014,0.10374767589100815,0.00066882699550526,0.00138148400861545,0.3,0.2,0.5,32,2.170575367738506,2.357320910431418
12,18,0.09572819224780264,0.13864978214831009,0.18409778075236063,0.13318021621143694,0.03252384763766437,0.10194626080732816,0.00061706959653973,0.00130382753217163,0.3,0.2,0.5,33,2.1498583633810857,2.323089955140464
12,19,0.09562238849085636,0.13263193784922458,0.16778247799998772,0.16577255664574866,0.03237832893121465,0.10186652747363245,0.00057436683722976,0.00210968021214752,0.3,0.2,0.5,36,2.326259490431733,2.6319775427917245
12,20,0.09599918455758726,0.13041472047245295,0.165416979969221,0.17089043274081225,0.04549082551701708,0.11159565631479935,0.0004403407556268,0.0023257624035797,0.3,0.2,0.5,37,2.0754831201103,2.587280813471405
12,21,0.09441165651445366,0.12810555724585274,0.16306665579213356,0.16660366536701662,0.03535568063239747,0.10893834733584502,0.00049213766286209,0.00217101281350066,0.3,0.2,0.5,39,2.113379596230714,2.3634520680528874
12,22,0.09146758972228537,0.12401922581128408,0.15891554064106608,0.17377139159798513,0.03293925297226826,0.10275555986018717,0.0009224672361209,0.00209873185811114,0.3,0.2,0.5,44,2.2269297001721178,2.662262583421467
12,23,0.09344785610834744,0.12956771773491604,0.17462854896783364,0.17687710386505284,0.03777654863950511,0.11007073816274855,0.00186521608973181,0.00500588277042276,0.3,0.2,0.5,47,2.356420484354866,2.4936436228988343
12,24,0.09436309949589214,0.13037591322200331,0.1754306577621115,0.19320432584564304,0.03971647855081243,0.11174503937895011,0.00193427620748719,0.00601577906617548,0.3,0.2,0.5,48,2.2806002745643656,2.721750417559877
12,25,0.0943696423872313,0.14623767734363866,0.22207736788722024,0.24121425101379798,0.0378881570629178,0.1138299914575412,0.00399467464051286,0.00489440908492185,0.3,0.2,0.5,52,2.341370401930582,2.4539859966675186
12,26,0.09011126896421086,0.1418657212067326,0.2176992498112982,0.24705242590268386,0.033479689449986506,0.10521083806396485,0.00114119093204192,0.00291301992872172,0.3,0.2,0.5,54,2.189403077685105,2.428116922461053
12,27,0.08843379514979123,0.12718315730521867,0.1823567621053042,0.22723264676977373,0.0422532732453246,0.10660395770265255,0.00087622459288059,0.00295436039366102,0.3,0.2,0.5,55,2.21538753854479,2.5196581267333835
12,28,0.0890179927532054,0.14402567603238742,0.23000677481938786,0.29768466617206163,0.03431953724791377,0.10861389589036137,0.0008875994348051501,0.0030596305063809,0.3,0.2,0.5,66,2.244250964262021,2.902826328672978
12,29,0.08818744564701304,0.14763739698138637,0.24383295599672467,0.300493779622861,0.03510873467853331,0.10768517521641155,0.00125072095627704,0.00375009941920623,0.3,0.2,0.5,72,2.3147401752774384,3.0298289210823244
12,30,0.08972135439857698,0.15449413091776198,0.26095356559786625,0.30920816560513736,0.036246771501204,0.1104174981474163,0.00156382078729994,0.0052881449572027,0.3,0.2,0.5,75,2.403695444984235,3.099131566503156
12,31,0.08545288657094091,0.1383351768921759,0.2241975177585784,0.29874021014521634,0.036824121263701555,0.10466189682052482,0.00086893971796151,0.0024066636359772998,0.3,0.2,0.5,76,2.266134390595804,3.123024966438196
12,32,0.08211758849631308,0.14648230052465644,0.2628879203582558,0.32913331505002597,0.04053247011920479,0.10679896030084393,0.00138296227069906,0.0034394644642805603,0.3,0.2,0.5,79,2.3155741145017514,3.100131660312913
12,33,0.08147653449330676,0.15603553934876457,0.2929443473390059,0.3569184569050312,0.03444613838698177,0.10682661618838352,0.00138172487863,0.00344035136474864,0.3,0.2,0.5,86,2.3243330805630285,3.1000073800875616
12,34,0.0814323975393877,0.15595140333303337,0.2928579638384242,0.3603704633406698,0.034219714862231715,0.10680094773721267,0.00138380181012439,0.0034411814001317,0.3,0.2,0.5,87,2.3249338269479503,3.100289890642965
12,35,0.08142105407350565,0.15586528119900592,0.2927678498927542,0.3713323772770243,0.03411001148747766,0.1070097271470555,0.00137662329575619,0.00343533251995213,0.3,0.2,0.5,100,2.3263736841593547,3.0973349755935438
12,36,0.08133439823969951,0.1720029028260071,0.33971115293639687,0.45424937977900426,0.03413873796511754,0.107077648230271,0.00140914364324829,0.0034138445188741802,0.3,0.2,0.5,120,2.322303966357401,3.096376586936353
12,37,0.7812352041121682,0.9042270981454626,1.1335400868935563,1.3095562998641153,0.734384181244261,0.114449018095759,1.0,1.0,0.3,0.2,0.5,147,2.311911457308676,3.0933954817422245
12,38,0.0876409008149247,0.20404495568339884,0.4230248924457491,0.643818627959714,0.0463430253767407,0.11451308593305373,0.00282376817827057,0.01376242429090547,0.3,0.2,0.5,148,2.3193889571403243,3.0710922187934524
12,39,0.08744732029422983,0.2025861498564243,0.4214971425931993,0.6399659769317769,0.04332888383936967,0.11756223806243571,0.00292135885167423,0.013838220093571491,0.3,0.2,0.5,157,2.2984229221525725,3.484933690483966
13,0,0.9129245590691735,0.9487924920823239,0.9473377916068821,0.1683430930099705,0.0,0.0,0.0,0.0,0.3,0.2,0.5,1,7.395373234323186,26.173513824687458
13,1,0.4459011134560436,0.590822867276404,0.5784436830374071,0.12309349996591483,0.42307058543811116,0.08805139844695874,6.008007194983e-05,0.00021312068312083002,0.3,0.2,0.5,3,4.37146851112441,10.259461252761623
13,2,0.12603651011802702,0.16301944922228587,0.14844076514256607,0.0478615177909044,0.4848270242537914,0.10301734483631453,0.00064552086691137,0.00228984160071886,0.3,0.2,0.5,5,2.5508190873097565,4.513756107589337
13,3,0.09975106218306111,0.11380473065566798,0.09784829642287035,0.04107246394780614,0.08145485701638693,0.10174960118701286,0.00047400787157956994,0.0016814374237109201,0.3,0.2,0.5,7,2.343121246398579,2.189134624246372
13,4,0.09975106218306111,0.1192495661374914,0.11356394586343221,0.047733581495513655,0.03146049753999239,0.10174960118701286,0.00047400787157956994,0.0016814374237109201,0.3,0.2,0.5,9,2.343121246398578,2.1891346242463725
13,5,0.09963805388823023,0.1190280706604081,0.11333604492666394,0.05713018616681787,0.031916856679717366,0.10174960130011357,0.00047400788383197996,0.00168143746717363,0.3,0.2,0.5,10,2.340815315946833,2.190500599002538
13,6,0.09963769104556568,0.1299172430763666,0.14476622384306714,0.07248172385228156,0.031460809887553634,0.10174960118701289,0.00047400787157956994,0.0016814374237109201,0.3,0.2,0.5,13,2.3408575127479123,2.1904405788839845
13,7,0.097761024187443,0.11158602489673326,0.09561618311230863,0.06895421348708106,0.029876545476902553,0.097439972178575,0.00030624738653178997,0.00083041231867033,0.3,0.2,0.5,16,2.330250772640904,1.854122297703256
13,8,0.09507747645309159,0.10642081698218651,0.09030761531405049,0.06602321626391403,0.034801219245410873,0.09787322168207324,0.00017461249952811,0.00039143491108248996,0.3,0.2,0.5,18,2.3338276351495746,1.7948567833869638
13,9,0.09452493809126726,0.10537795531925709,0.0892363900604959,0.06799594036376344,0.03159073713343489,0.09770463162958534,0.0001761091594889,0.00039224942583855995,0.3,0.2,0.5,19,2.336126829619869,1.7301284804013282
13,10,0.09293820027212163,0.10239309570615687,0.0861715822371199,0.07201023687842192,0.035205227525542185,0.096874565118986,0.0001968986479571,0.00056047353967847,0.3,0.2,0.5,20,2.324794726692585,1.8475146543483347
13,11,0.09236486389188159,0.1071994464243882,0.10124476093805124,0.07863438184051942,0.029009593138987853,0.09524765882687698,0.00018976523161166,0.00052470667158113,0.3,0.2,0.5,22,2.323208077234374,1.828763559769501
13,12,0.0921200156856967,0.10084109948714588,0.08457764054282008,0.08336095265724555,0.03069755005347725,0.09655483093694309,0.00028769837189311,0.0005683772368291499,0.3,0.2,0.5,24,2.291939923316132,1.8309008335400063
13,13,0.0919593793503303,0.10049638486973528,0.08422242162037673,0.08800062263202607,0.03009854237406284,0.09662809384383726,0.00030980701326926996,0.0005672346385082199,0.3,0.2,0.5,25,2.3066370505811595,1.8184609834683985
13,14,0.09547840449648097,0.11295209440378466,0.10714921679227928,0.10022708929081889,0.03121257161012477,0.09659301417364677,0.00058945957519792,0.00038360332254889,0.3,0.2,0.5,28,2.446827474701899,1.8071631069879115
13,15,0.09084559426522941,0.10886632326331634,0.11305330565778805,0.13389030609017333,0.029643915573784835,0.09784804522870932,0.00040297598003929003,0.00040276239320208003,0.3,0.2,0.5,34,2.304766707954788,1.8428233895574335
13,16,0.08960118144962634,0.11181541327246086,0.12620195898575803,0.1421963813307418,0.034808209314419226,0.0977993967204857,0.00046720699889419,0.00042159745243512003,0.3,0.2,0.5,35,2.309789708698889,1.8308384699100837
13,17,0.08501629315212082,0.1287913757127909,0.19421099011229584,0.1615097918580099,0.03841790264324489,0.1005965010934615,0.00088890702439396,0.0005953313815126699,0.3,0.2,0.5,38,2.5204376646207574,1.8518783583856244
13,18,0.08501629371579736,0.13423621116325848,0.20992635954484978,0.17980187315096774,0.030654464443633584,0.10059650097184669,0.00088890702065848,0.00059533139326412,0.3,0.2,0.5,40,2.5204376709127407,1.8518783619170245
13,19,0.08447558051778865,0.13361727450594166,0.20930290735559923,0.18524250873220496,0.030546013061408105,0.09924241979537349,0.0008639252925154601,0.00050292072139733,0.3,0.2,0.5,41,2.5022764448774755,1.7443389066240944
13,20,0.08160368292611511,0.13267577262536162,0.21843736979468298,0.1971284718790878,0.04468633744005039,0.10059650097184669,0.00088890702065848,0.00059533139326412,0.3,0.2,0.5,42,2.5017219253049943,1.8394087042456968
13,21,0.08186643759915947,0.13832212823057885,0.23435125799271272,0.2689352438200429,0.030986007724285187,0.09898854736775636,0.00144467799573405,0.00198177204115745,0.3,0.2,0.5,68,2.448383522266121,2.2954851233460296
13,22,0.0817572476862272,0.13811277307304415,0.2341363398626607,0.27243834493835206,0.031165568992923862,0.0989161720349705,0.00146070071451192,0.00199155831905825,0.3,0.2,0.5,70,2.464948406406845,2.210139918952234
13,23,0.08103978585668661,0.1475440413673685,0.26406777925357283,0.2857069424054972,0.032430045911528343,0.09888573039132884,0.00144464589725002,0.00198203895169015,0.3,0.2,0.5,72,2.450381906531495,2.260471599515654
13,24,0.08260522654582869,0.1476008053941647,0.26404127630403484,0.3224047844938014,0.035443852898526404,0.10783624865351855,0.0012525991864596,0.00266231819459407,0.3,0.2,0.5,76,2.403991926567698,2.265505364967445
13,25,0.08194117287005817,0.14610778000899202,0.26250269736389686,0.31841595650031634,0.03514921148401952,0.10819294517475797,0.0012650275421565598,0.00266821569518924,0.3,0.2,0.5,79,2.422498382109924,2.354217703276528
13,26,0.08193904796999175,0.15154829628491856,0.27821358823847164,0.3432103403817041,0.03405407581895515,0.10819294490222779,0.0012650274977596,0.0026682179506664497,0.3,0.2,0.5,80,2.42263094547684,2.353069972095577
13,27,0.07796060600326168,0.1505836983327324,0.2873866640212103,0.34404681029102413,0.037161205262139826,0.10312124737170117,0.00130684425552774,0.00225455811807217,0.3,0.2,0.5,82,2.47451743804771,2.279811300472837
13,28,0.07546848017161242,0.14556709083013636,0.28223245778108175,0.3715890935248294,0.03357507072251453,0.1025405572310378,0.00170043844453707,0.0020936517516840997,0.3,0.2,0.5,89,2.4329814400156247,2.112919945116691
13,29,0.07534122721693663,0.15622484394741784,0.3134255565065805,0.4005605342667341,0.03222046917402318,0.10240336561294786,0.00177702084548397,0.00208161903623255,0.3,0.2,0.5,93,2.441860009636348,2.1150396533005025
13,30,0.07360341388706441,0.1543753891841156,0.3115699535867409,0.47494297236129734,0.03050112534858798,0.09612989493354004,0.00165811696873511,0.00262106054552736,0.3,0.2,0.5,115,2.4903733061030984,2.1277570974577915
13,31,0.07175033082540457,0.1563154650608152,0.32369118010015546,0.49505829668221724,0.032293765695682396,0.09513130127105934,0.00180103447219027,0.0024551034321634,0.3,0.2,0.5,118,2.5301603758164566,2.2096046588260605
13,32,0.07019586061495238,0.1538610121499651,0.32118822248352696,0.5170186106847096,0.030089569606402883,0.092858562409383,0.0017879266552038298,0.00233738116069772,0.3,0.2,0.5,123,2.5374249649123883,2.2030588960935624
13,33,0.06999441399670608,0.14806191740467897,0.30511008430130665,0.5149452308572596,0.029621305884124177,0.09295975140845064,0.0016337894554895298,0.00221137528689751,0.3,0.2,0.5,125,2.586237866100612,2.064130552836879
13,34,0.06960465506974399,0.15782579725346316,0.33537592258623716,0.5488714515340251,0.03016548889790804,0.09328189740150288,0.00163102718401303,0.00255915199879605,0.3,0.2,0.5,130,2.6092562731982087,1.9831781453615664
13,35,0.06878690920783272,0.15104676091851826,0.31829825742996587,0.5696423603188321,0.029907977614761896,0.09233586526224027,0.00199617429297705,0.0022697131365740702,0.3,0.2,0.5,133,2.470147354243539,2.152755472850654
13,36,0.06882533416933574,0.15096435550177473,0.3182091892503892,0.5839578987214863,0.0295009891400374,0.09245969505326353,0.00195717576336153,0.00250547890354436,0.3,0.2,0.5,137,2.551036612494028,1.9816033190978344
13,37,0.06828476441438816,0.14965205406351875,0.316855685737181,0.587371152988336,0.03253496873536152,0.0927883590591129,0.00194430639332533,0.00260665102646954,0.3,0.2,0.5,138,2.5507430183510897,2.0186671020679063
13,38,0.06827146325169026,0.14957542072563765,0.31677550017071787,0.5980498238780286,0.029654107916676057,0.092881700587038,0.00193946716663515,0.00263859012138813,0.3,0.2,0.5,141,2.537251786764493,1.9933483010305169
13,39,0.06789208869837307,0.1598826960608389,0.3476128610147445,0.6134670215859468,0.030164063365777188,0.09280276184353023,0.0019999354596190798,0.0022639840885771,0.3,0.2,0.5,142,2.543908089737387,2.020535541519989
13,40,0.06776446597653284,0.15966563221350757,0.3473910857960586,0.624265912564421,0.029499656925047562,0.0925443952878568,0.00193073933821403,0.00235086303518815,0.3,0.2,0.5,144,2.516153373458063,2.0182934488367037
13,41,0.06731351733442849,0.15855848667068817,0.34624880219759246,0.6241537664897909,0.03200772471448479,0.09292159791128346,0.00221355733613416,0.00227295474002063,0.3,0.2,0.5,145,2.566258238004508,2.016316249124533
14,0,0.8564526385339155,0.9135984633227986,0.911143809895405,0.16145101206991722,0.0,0.0,0.0,0.0,0.3,0.2,0.5,1,8.841827667271374,26.282151349214185
14,1,0.42615717232389616,0.5703675404195483,0.5573750971179011,0.11998919432247389,0.41014795299029205,0.09184004399885544,5.783830973418e-05,0.00018275735602195999,0.3,0.2,0.5,3,4.90741469887514,10.300388840665592
14,2,0.12645994543603975,0.16375503718171486,0.1491965942481303,0.04802448249294499,0.4618573476844565,0.10515345627948199,0.00037188702448452996,0.00117508775145794,0.3,0.2,0.5,5,1.928435397498138,1.6972689328233532
14,3,0.12624719333890627,0.16283176614650655,0.14822883999501357,0.05178585438509159,0.034450164559984876,0.10652222735175484,0.00049832157693977,0.00157459535502963,0.3,0.2,0.5,7,1.788148501352711,2.6201551383615564
14,4,0.11674239832963379,0.14197157846132313,0.11673372867824511,0.04650583884061066,0.056739255422072754,0.0994227946189444,0.00032855810112798,0.00074167521403639,0.3,0.2,0.5,8,1.881273690054757,1.7554907637725752
14,5,0.1145139403850364,0.14972249099996332,0.14497018648958804,0.053859418333482394,0.03109012596230908,0.09585856968747256,0.00028580998515027,0.00052529223863255,0.3,0.2,0.5,10,1.9479863388046776,2.0559172852194747
14,6,0.11334204953856243,0.1474235555371563,0.1426026827862962,0.06157683315287863,0.03167870564002164,0.09627471365702356,0.00028963441528932,0.00050025495501776,0.3,0.2,0.5,12,2.000614427973874,2.118395389291786
14,7,0.11361588277206755,0.15262050535455393,0.15803875837014492,0.0768639064567212,0.031201215049043465,0.09883226323112948,0.00032545150970046,0.00068021986103569,0.3,0.2,0.5,14,1.9535304705909575,1.914295187330509
14,8,0.11300859746797895,0.15090392920852438,0.1562550189813144,0.07575116823686558,0.03313334147729291,0.10045397396991192,0.00039330804168036,0.00096792712954012,0.3,0.2,0.5,16,2.0587623233860373,3.8954900371137096
14,9,0.1117938525197666,0.14864478565344147,0.15393297485772914,0.07996195060315299,0.03294488507371104,0.09996702751845736,0.00038325551566543,0.00117972752116616,0.3,0.2,0.5,18,2.077965530684923,13.466561990470982
14,10,0.1073916393483773,0.1404979453067395,0.14556222884063297,0.08498605148022807,0.046637300862129354,0.1002675491765713,0.00020833322726474,0.00053461989596333,0.3,0.2,0.5,19,2.173035745088051,3.4312875549598143
14,11,0.10451542512930612,0.13637543855606274,0.14136564556092762,0.09285349443793584,0.034237445259696235,0.09506434718862372,0.00024146427230811,0.00060383565442458,0.3,0.2,0.5,20,2.261596126850308,5.061815727001922
14,12,0.10436475925127171,0.1356167733071398,0.14057102477693612,0.08833029844162657,0.031989947875229865,0.09621909246713936,0.00021316058481978,0.00093797116627483,0.3,0.2,0.5,21,2.408875227599224,12.415768918307732
14,13,0.10294639218821137,0.1334113109575022,0.13831917316491932,0.09752248088870896,0.032181292943967196,0.09405728829634888,0.00025534281557626,0.00107867700509299,0.3,0.2,0.5,22,2.529028046016579,17.799023218356165
14,14,0.10454665586020455,0.1399331619096928,0.1550809491349921,0.11272015012141233,0.0320893272138742,0.10135873433745066,0.00025274151466459004,0.0010236367843575501,0.3,0.2,0.5,24,2.4791768101218894,7.54229616486155
14,15,0.10466715175922928,0.1509110709265827,0.18659790181261118,0.13765537934162764,0.031194997478691658,0.10184682996525238,0.00025354664609871,0.0010411933208821099,0.3,0.2,0.5,26,2.474702485176807,7.66700811205977
14,16,0.10200605981470275,0.14726386865956229,0.18289275853759487,0.12111946949993041,0.031622637157425665,0.09689856574537928,0.00023908065842902001,0.0008025017141253599,0.3,0.2,0.5,28,2.456344392549316,14.898344663579568
14,17,0.10388179344761427,0.15421591464720544,0.20009371737125142,0.12612657176667663,0.03257190245212266,0.10120381434538576,0.0001954281295032,0.00277362174421569,0.3,0.2,0.5,30,2.5044210935741766,16.24778270101361
14,18,0.09958992360877096,0.14241561888387613,0.17790216453128074,0.12357238672397172,0.03843778787016556,0.0980018722580698,0.00020407077371712999,0.00047367478172833006,0.3,0.2,0.5,31,2.4064926686594625,4.613867211126288
14,19,0.09960470703811097,0.1477620315469277,0.193512867211443,0.15510870690908027,0.02997170079117891,0.098411577180628,0.00021264148963769,0.00049217018965678,0.3,0.2,0.5,34,2.3533846143106283,4.483008098891148
14,20,0.09945369244870737,0.15303942874001206,0.20905992622321767,0.1486846125511149,0.029747449627769436,0.0980018722580698,0.00020407077371712999,0.00047367478172833006,0.3,0.2,0.5,35,2.395674606054991,4.6019576909599005
14,21,0.09991920310760859,0.15177391647083097,0.20769379996416543,0.19276988986856888,0.03341521190443612,0.1016055971722127,0.00040352231828571003,0.00278383923391227,0.3,0.2,0.5,40,2.1970113215637044,3.171715934816916
14,22,0.09794882833461291,0.15331562962313458,0.2193942456999213,0.2013646022402256,0.03604163513058016,0.10141000562411315,0.00041251514630875,0.00295851487015541,0.3,0.2,0.5,42,2.3260637635849557,4.42422318734169
14,23,0.09719001653389901,0.15199574836907911,0.2180418861161428,0.15516530800573877,0.03415230933665572,0.10097063843383629,0.00041589531196212996,0.00285778866939585,0.3,0.2,0.5,43,2.216652982897666,2.861972723252265
14,24,0.09579337312602278,0.1497053590678721,0.21570035061122508,0.19384633528529124,0.03505329581809078,0.10247298008420877,0.0011425464476533399,0.0007029819693208899,0.3,0.2,0.5,44,2.496552254613313,3.3416977926802667
14,25,0.0961554847739018,0.14410377320967352,0.19979825044946212,0.20380517710514548,0.034376593654022104,0.10584382923230648,0.00058685389611053,0.00068622823382137,0.3,0.2,0.5,45,2.546320738700651,4.629291657739928
14,26,0.09322514152859535,0.13876593965232323,0.19432290462605242,0.19888683401137155,0.04170609077450839,0.10377384809926633,0.0006360305254041,0.0009188639466185999,0.3,0.2,0.5,46,2.5122203063426105,4.686246228790407
14,27,0.09348698648578466,0.14964842943080153,0.22573108052912352,0.22838815088575234,0.03262222218518309,0.10202427815243864,0.00095979785547438,0.0029038003824599897,0.3,0.2,0.5,49,2.338835718962943,2.528555854234903
14,28,0.0919490992430595,0.1516271836813028,0.23787089453964663,0.23768889013715824,0.03661427721377963,0.10281534767907344,0.00132328472419681,0.00305991194224022,0.3,0.2,0.5,51,2.5236191817743903,3.441224607776235
14,29,0.08906060264751256,0.14543138994842655,0.23148891300325788,0.26605966680482496,0.03639288593024931,0.10386822459613994,0.00085980783396617,0.003351207550382,0.3,0.2,0.5,55,2.5688655804053653,4.957865090955043
14,30,0.6403215042862012,0.7180979345458421,0.8452169537013188,0.914294463064315,0.5846807770866906,0.2795381112846338,0.0038594945264260098,1.0,0.3,0.2,0.5,87,2.3501519009403453,4.207581716373781
14,31,0.10538335660307714,0.1872817515119295,0.32459717343649014,0.4226821952292474,0.051364552658437236,0.15814413344845513,0.0005708295438947,0.006845345939842739,0.3,0.2,0.5,101,2.6685729496140462,17.27108744449855
14,32,0.8531272889166938,0.9547751284176109,1.1330597689648472,1.2607489598397426,0.8012261070555505,1.0,0.0033918745703003504,1.0,0.3,0.2,0.5,116,2.46514195270002,3025.8908551212908
14,33,0.8531088317036296,0.9547428129823188,1.1330269342547759,1.2753845151032945,0.8006867283123094,1.0,0.00336488957951647,1.0,0.3,0.2,0.5,120,2.463334687608325,3015.453689991627
14,34,0.8515177246613277,0.9462815478580648,1.1142156938205519,1.2736194907854559,0.8061888670442127,1.0,0.00221054013709158,1.0,0.3,0.2,0.5,121,2.5702499356914017,3058.9984646732723
14,35,0.8509410141415292,0.9665433303344069,1.1755079217390034,1.30946213557189,0.8013877491966812,1.0,0.0037883045637721303,1.0,0.3,0.2,0.5,127,2.469042249795575,50371.59515691407
14,36,0.8509093194853208,0.971854624002374,1.1910839314476325,1.3467707510180942,0.8008812819942097,1.0,0.004113420567851861,1.0,0.3,0.2,0.5,134,2.698702058618605,49978.980734959725
14,37,0.850516285604072,0.9925786340433221,1.2528541740086192,1.4111295614426995,0.8013864818258016,1.0,0.00527309238577129,1.0,0.3,0.2,0.5,142,2.4716229316687683,49156.61666616617
14,38,0.7192553198578857,0.8664698922375362,1.1369997668659175,1.3069839349928434,0.6701864611873658,0.5621879042143324,0.007063909396788399,1.0,0.3,0.2,0.5,152,2.7764909419218355,25.424818329949904
14,39,0.7174634210765033,0.8643789591712817,1.134892279257803,1.3178940666331131,0.6691562757668341,0.5571943686271272,0.00699992596607537,1.0,0.3,0.2,0.5,154,2.7466524196536395,22.889893431672807
14,40,0.7187179953201406,0.8707851614715192,1.1515530347340488,1.3231912426092225,0.6712611864736363,0.5622638388579342,0.0070456069303796495,1.0,0.3,0.2,0.5,155,2.7602585357942675,23.907449842881988
14,41,0.9243657949577353,1.1124161894825444,1.4649612193832378,1.6983029812656982,0.8779970804604723,0.5924154607207159,1.0,1.0,0.3,0.2,0.5,186,2.752372348900922,25.13094934001617
15,0,0.934300204829946,0.9616924053451376,0.9606042052941118,0.17086930277302484,0.0,0.0,0.0,0.0,0.3,0.2,0.5,1,6.9130820485883095,26.03249779163571
15,1,0.45043499182111085,0.5954203241957668,0.5831518665728337,0.12455723017270759,0.4330564133551794,0.09039197049594871,6.227182694110999e-05,0.00020909622377366,0.3,0.2,0.5,3,4.320063358135842,10.181529779736486
15,2,0.16399186303895516,0.22513599486585248,0.2022471520478248,0.057214619442320494,0.4162495474460065,0.10094323849127548,0.00024908730776445,0.00083638489509466,0.3,0.2,0.5,5,2.902350787575436,2.475098009494066
15,3,0.09269267228643872,0.09907187659843862,0.08267490631369138,0.03881137691149255,0.16939332952041833,0.10440931915846552,0.00048641501050721,0.0016332834104910098,0.3,0.2,0.5,7,2.579365452722836,2.1677566666898813
15,4,0.08996989765682221,0.09041149516786441,0.0637158846135545,0.03620045044228647,0.03203747762294939,0.09850278492464679,0.00034713919373977,0.0007715208602597,0.3,0.2,0.5,8,2.578748543104607,1.7518069664918468
15,5,0.0897415526218869,0.09562725710005464,0.07920227611329927,0.06343008108908822,0.029778918972118457,0.09850278492464676,0.00017357457260977,0.00038579054690422997,0.3,0.2,0.5,14,2.574926431086395,1.751825423935835
15,6,0.08875330647975907,0.09916051510779764,0.09295377887336609,0.06973928474894708,0.03160850868429951,0.0982694423014012,0.00017508187308762,0.00038554389706446,0.3,0.2,0.5,16,2.5992531884542496,1.858656034758496
15,7,0.08897574186793394,0.09935512728428057,0.09314677431899515,0.056755689755664,0.030073007788150283,0.09835085625954956,0.00034907007936846,0.00076732160501417,0.3,0.2,0.5,17,2.590240648488063,1.7850110571538758
15,8,0.0886005227126443,0.10428807380216971,0.10834273345224997,0.07665459215857391,0.03028012688404675,0.0983032760885756,0.00017547535483638,0.00038588028717081,0.3,0.2,0.5,18,2.610883960032683,1.8239278729839947
15,9,0.08709227964939695,0.09554592238191309,0.08922890355998965,0.08416424096623122,0.037306666771955294,0.09913929337544468,0.00018510101747891,0.00039424913519947,0.3,0.2,0.5,19,2.6351299603255254,1.901774074383463
15,10,0.08687432080664054,0.10050983076105309,0.1044485583796516,0.09153517599071383,0.03055361863766242,0.09925952891536813,0.00018707856022599,0.00040163813022251003,0.3,0.2,0.5,21,2.6183960178243826,1.902466965572274
15,11,0.08483186080883051,0.09625549000309824,0.10007014258349242,0.10993893235693844,0.03463522339005933,0.0992218504816892,0.00074603933825832,0.00042884000888389004,0.3,0.2,0.5,23,2.7650965862219974,1.8716128991941652
15,12,0.08467518459546404,0.09608047816775314,0.09989395126611274,0.09338269125575206,0.030016037544959153,0.09917446266775284,0.00019303490280587,0.00040056562614942004,0.3,0.2,0.5,26,2.696815907386968,1.8948959500587377
15,13,0.08464993187726111,0.10146898049485693,0.1155515870231325,0.11231396798101441,0.03005972115659274,0.09918867456515049,0.00019361467383223,0.00040176870570044,0.3,0.2,0.5,28,2.6819306102244385,1.9020641442975288
15,14,0.08339358424758443,0.10442389203601435,0.1287080385053101,0.12567839655462099,0.034933691335914833,0.09896504044428564,0.00020561412227345,0.00040193742404744,0.3,0.2,0.5,29,2.728813694914692,1.9373181326358029
15,15,0.08486527255495573,0.08856905037815467,0.0919559642664616,0.12533147112620452,0.05041012052006192,0.10820268845904872,0.00635762799564427,0.00753724248377224,0.3,0.2,0.5,31,2.648086794749022,2.6860718367637437
15,16,0.08385047589857626,0.08720083321145185,0.09056833750399682,0.12174545408572167,0.03822924443930958,0.10696748568333528,0.00635849532915454,0.006905782690305911,0.3,0.2,0.5,32,2.6757103147496384,2.7243946755826958
15,17,0.6386887534130457,0.6502148617292617,0.6739751004708097,0.72103290288532,0.595703875483728,0.3086820417999789,0.00778295885622291,1.0,0.3,0.2,0.5,39,2.655897671448103,18.17248249420984
15,18,0.6358860635813837,0.6472582867967802,0.6710099705135025,0.73346602067241,0.592107303949738,0.2988591146563238,0.0092091732400243,1.0,0.3,0.2,0.5,40,2.659473847910274,16.512833518055636
15,19,0.6617372938236914,0.672090433460192,0.6957866650631681,0.7508787613653582,0.6223086217485438,0.38873046739376643,0.00831998009657043,1.0,0.3,0.2,0.5,41,2.6586042702062205,30.61596732086358
15,20,0.6930675556202738,0.7082272031028465,0.7421596434432012,0.8072382605328405,0.65050955794797,0.49405036444310657,0.00989965611216701,1.0,0.3,0.2,0.5,49,2.6469132192456497,71.25680419560858
15,21,0.8507735203586546,0.8707708854531477,0.9049675293649835,0.9937055038301308,0.8054865913679016,1.0,0.017235216806762748,1.0,0.3,0.2,0.5,51,2.66986268366601,4.037379791852655
15,22,0.8510145172118833,0.8765512269063543,0.921023655785672,1.0037829894565151,0.8036670516579776,1.0,0.017999679922569508,1.0,0.3,0.2,0.5,53,2.671130670673385,4.069506863248271
15,23,0.8526440875899431,0.88630103202493,0.9411912645557282,1.0205123083568535,0.8059607045451183,1.0,0.013593100332488488,1.0,0.3,0.2,0.5,55,2.7526459985516563,4.004819876541066
15,24,0.8467551855385634,0.8634576972640491,0.8974740353347356,1.0134676246896102,0.8082818694932297,1.0,0.012368228036179641,1.0,0.3,0.2,0.5,56,2.624350911807121,4.040794774913645
15,25,0.8458641395148948,0.8665399801119895,0.9107470212693086,1.0339321313165524,0.8054949288234562,1.0,0.01463530295734879,1.0,0.3,0.2,0.5,59,2.613329391326938,5.461274656492853
15,26,1.0417095871740583,1.0664765759747963,1.1208808715023633,1.2202086308053715,1.0041141215266498,1.0,1.0,1.0,0.3,0.2,0.5,60,2.655845505036928,4.2557082566966615
15,27,0.8414878656003381,0.8727395950658801,0.9474479344262463,1.134756499599729,0.8039681600973501,1.0,0.01859364146102195,1.0,0.3,0.2,0.5,76,2.758274963910861,4.425465469127309
15,28,0.8393593778238557,0.8684815227411293,0.9430760955289041,1.1587527493476464,0.8178673682500905,1.0,0.01733092939244759,1.0,0.3,0.2,0.5,77,2.971667745045264,4.405507624432366
15,29,0.8512624647907832,0.8933281085273932,0.9785963111247324,1.1365195726266122,0.826049231154633,1.0,0.04339464437536371,1.0,0.3,0.2,0.5,78,2.747454747866022,5.356000893658206
15,30,0.8356041799763387,0.8767413130299029,0.9819184608153565,1.177319728230625,0.8038425007355277,1.0,0.0172851553545279,1.0,0.3,0.2,0.5,89,2.7066117156462397,3.9593473387625786
15,31,0.835600018526174,0.8821740396949591,0.9976215050608462,1.2101587751002771,0.8034895753457871,1.0,0.01729772307525771,1.0,0.3,0.2,0.5,90,2.707289131529436,3.962100461556029
15,32,0.8361466323201232,0.8887171323425944,1.0144644721440528,1.203817803942384,0.8042393393793114,1.0,0.017659551161277428,1.0,0.3,0.2,0.5,92,2.708266413638456,3.930856978947975
15,33,0.8356061039307776,0.8820271397213209,0.9974665008707089,1.2389642399719984,0.8038647932463064,1.0,0.0179855801322502,1.0,0.3,0.2,0.5,94,2.719822344876348,3.973580145846874
15,34,0.8357682718709191,0.8822551233741003,0.9976978979308655,1.3109028494742165,0.8040396161412797,1.0,0.01851401784887191,1.0,0.3,0.2,0.5,107,2.7993465833413405,3.912402427940373
15,35,0.833734912556559,0.8948765500891727,1.0410425998014037,1.309092679063819,0.80338528288063,1.0,0.01552724928105922,1.0,0.3,0.2,0.5,111,2.830167664090495,3.82144913528464
15,36,0.8351220983148384,0.9021822888685023,1.0586440094714922,1.345878330808092,0.8041204343834472,1.0,0.02044422667869909,1.0,0.3,0.2,0.5,116,2.768746053303019,4.164171999434966
15,37,0.8360127929385186,0.9094957236959215,1.076279520609062,1.362342635563932,0.8049513932408263,1.0,0.02071471311286878,1.0,0.3,0.2,0.5,117,2.7676647303941837,4.134620792404584
15,38,0.8321366079635424,0.9014866899344645,1.0680531506888165,1.3210263226394297,0.8104440031488198,1.0,0.0188845860623938,1.0,0.3,0.2,0.5,118,2.781095371135132,4.040642401358684
15,39,0.832223777128231,0.8901336743513596,1.0361300910249074,1.3091459621884591,0.8060162541372753,1.0,0.02163334787914591,1.0,0.3,0.2,0.5,119,2.800819970942352,4.132059980506292
15,40,0.8320742330001236,0.8845294280252701,1.0202550578590972,1.312662522652138,0.8044172202773776,1.0,0.02092602178160343,1.0,0.3,0.2,0.5,121,2.793176992112606,4.133134513293354
15,41,0.8321066359118356,0.8953921009424549,1.0516555835067392,1.3286844602184944,0.8044853901111415,1.0,0.02133770845161127,1.0,0.3,0.2,0.5,123,2.797552811572362,4.131204928449702
15,42,0.8320230034900742,0.90669731008734,1.0835281178770177,1.3829844389743675,0.8039734027546868,1.0,0.0188234795415126,1.0,0.3,0.2,0.5,124,2.8275596122622915,4.014954236315634
15,43,0.8407707704750518,0.9682560817636312,1.2277408233617886,1.6231724126043099,0.8045835391077176,1.0,0.022822004450058157,1.0,0.3,0.2,0.5,175,2.977667120742389,4.414849808862724
15,44,0.8423710173645589,0.9828276763066146,1.2629650002882027,1.6451243092444454,0.8047758542122014,1.0,0.02164347443491374,1.0,0.3,0.2,0.5,179,3.015391049306521,4.360330399822092
16,0,0.9150102204299231,0.9500609818915353,0.9486422028294212,0.16859176176929522,0.0,0.0,0.0,0.0,0.3,0.2,0.5,1,7.346771701120233,26.11256677295729
16,1,0.4412674241008195,0.5860212439603427,0.5734398207570022,0.12401282255558085,0.434028245286713,0.09570208574832748,6.096444628761e-05,0.00024732974165729,0.3,0.2,0.5,3,4.573569883695867,10.191798041060888
16,2,0.09934400461658559,0.1108755337371327,0.09477319159688775,0.03883981181059384,0.5342649542453327,0.10940045107277234,0.00037903953487401,0.00153774463555381,0.3,0.2,0.5,5,2.788448218530101,1.6826460472423697
16,3,0.09184672603366204,0.08956110651234278,0.06271121741694344,0.03608894014452398,0.05189546105956237,0.11119990423411208,0.0005486800165885499,0.00222596767491563,0.3,0.2,0.5,7,2.7786760250162144,2.9183322926723982
16,4,0.08390257712717229,0.07709973010036385,0.049996854151268234,0.034413837146036,0.049392581079080004,0.10181157638449478,0.00033976335971265,0.00082914916286486,0.3,0.2,0.5,8,2.736323846860467,1.7523054502663806
16,5,0.08330932260980563,0.08143526090317722,0.06457435483763935,0.03945423860462357,0.0319713509858961,0.10145419693639046,0.00034225750141607,0.00084650819241462,0.3,0.2,0.5,10,2.7276724526683225,1.8481718108571727
16,6,0.08220278865976913,0.07879384363880146,0.061847719349687254,0.05720529615497266,0.03283066334152631,0.10342663368375819,0.00017523892749083,0.00044351632472233,0.3,0.2,0.5,14,2.791104499457244,1.7765709825573006
16,7,0.08125654302206149,0.08253627713081854,0.07581888367106919,0.06500982258045361,0.032574131149265446,0.10260230813951232,0.00018209191273064,0.00047630754878214996,0.3,0.2,0.5,16,2.766086199998723,1.828992331711671
16,8,0.09282254407929648,0.09289576792898882,0.08611174836200206,0.1106271096513276,0.0449686222107599,0.12505989819626676,0.00280090241050056,0.01136266852206948,0.3,0.2,0.5,20,2.8382930656227825,3.7111324653223696
16,9,0.0876104088990078,0.0837841790721722,0.0767861742671616,0.11004786683821481,0.057713957407093876,0.12519039204973853,0.0019387213750757099,0.00846909260932245,0.3,0.2,0.5,21,2.8846076845647595,3.5132724141856517
16,10,0.08652335345407974,0.08269596357034963,0.07569796671221438,0.10622558273674744,0.041096044367617934,0.12143124164028962,0.0014349838679053,0.008753302444443691,0.3,0.2,0.5,22,2.8225398960516856,4.184247409079656
16,11,0.08734232580687212,0.08866970924906954,0.09192652768280966,0.11504323577198489,0.043329531908419164,0.12519039204973853,0.0019387213750757099,0.00846909260932245,0.3,0.2,0.5,23,2.8637817771477234,3.5380432645440507
16,12,0.07759278922874611,0.08924016409885475,0.11300698824575853,0.11143752962842465,0.035208671765075535,0.10697973176420461,0.00045278431094642,0.0015384713142335298,0.3,0.2,0.5,24,2.8788964227853766,1.9564061693524015
16,13,0.07734790966363755,0.07800565551149505,0.08122594846421795,0.11671676492110439,0.03319658195810387,0.10489543606998411,0.0012585054813884998,0.00216058966274706,0.3,0.2,0.5,25,2.8690165230748117,1.8779077204021235
16,14,0.07615220511290373,0.08123673404924789,0.09467234378842677,0.11883712355930563,0.03656048195736193,0.10382087852507207,0.00115674399945916,0.00231936199427813,0.3,0.2,0.5,26,2.9623611202242186,2.088714210613339
16,15,0.07280281067976356,0.0738955404798163,0.08711496058762094,0.12307190385709402,0.04847791719182703,0.10516185052526236,0.00130355124471451,0.00197826549574747,0.3,0.2,0.5,27,2.9655769993706005,1.8101007275168397
16,16,0.07159367828045814,0.08882940720381982,0.1328503131303287,0.16906114266812286,0.03194857744438281,0.10362084654979853,0.00044501365010854996,0.00117146895220892,0.3,0.2,0.5,31,3.0813051543918943,1.9297651354386596
16,17,0.07079422322288388,0.08715682145210753,0.131130743818223,0.17476240820820504,0.03515702486545504,0.10342799051374181,0.00053593968217902,0.00121394981417908,0.3,0.2,0.5,32,2.9623571530309785,1.9665438165427855
16,18,0.06876973597180418,0.08846285828614861,0.14259424705923823,0.18893363177568115,0.03570229105647206,0.1029509831917216,0.00055740142633782,0.00118947311310649,0.3,0.2,0.5,34,3.071294004386514,1.947413510356173
16,19,0.068741547607674,0.08841387388988235,0.14254416053841426,0.1889162612568511,0.0316625722617778,0.10292050071035623,0.0005587439010670199,0.00118768584621601,0.3,0.2,0.5,35,3.0793357600613644,1.9452558348110576
16,20,0.0683957007678634,0.07519707867862395,0.10868035503023929,0.18051871222485294,0.040651575295041494,0.10702858538011135,0.0008321070296611501,0.00140135834970181,0.3,0.2,0.5,36,3.024554495737,1.8341528667037188
16,21,0.06797066331732433,0.08306328125465597,0.13694986278098986,0.19952552968414292,0.03814600562343946,0.11321105757655461,0.00068183101312506,0.0014162902678247998,0.3,0.2,0.5,39,2.9738081839829333,2.061005760595123
16,22,0.06786028497260047,0.08290742389444317,0.13679167590996655,0.1964168413513997,0.03491171628479918,0.1129816566255258,0.00068291195095718,0.0014112701989225,0.3,0.2,0.5,40,2.9773010438521,2.042232691354779
16,23,0.06899974319099324,0.08357437679992759,0.13743329840159918,0.20383343319115696,0.03719087346303714,0.11838210575853805,0.00066354112020943,0.0012723230677209,0.3,0.2,0.5,42,2.9789151767365736,1.9693177888626616
16,24,0.06773537314755214,0.10236373661565244,0.1972141878595569,0.2788450370359891,0.03815284949103877,0.11253400310206303,0.00159912277023859,0.00483922536523604,0.3,0.2,0.5,46,3.144045729186905,1.9444439669588296
16,25,0.06628619259228932,0.0992275241215685,0.19398951419898705,0.2782200260468838,0.042927679054466227,0.11285328528281158,0.00172347339712253,0.00457123288606483,0.3,0.2,0.5,47,3.1473743244419223,1.9645072704514044
16,26,0.06541291616388824,0.0979778464050408,0.1927200029089147,0.28077574486583756,0.03664854657747049,0.11176267370638734,0.00165401571973563,0.0041444810621008,0.3,0.2,0.5,49,3.1400501131023923,1.8924819544005165
16,27,0.06630264537292124,0.10399976062295019,0.20899598537276484,0.2891306248150098,0.03827590467135242,0.11279380098883326,0.0015936908559642201,0.00585826164329551,0.3,0.2,0.5,50,3.1528291286215397,2.005029317536473
16,28,0.06279127574202911,0.10499328563703576,0.22021085655942907,0.29330243895348024,0.035558516536950635,0.10807766146601057,0.00143385700900641,0.0033144251703168897,0.3,0.2,0.5,53,3.0855234749215223,1.6408005625074418
16,29,0.06229887754933001,0.09874192862532212,0.20367242925175985,0.28491003381252095,0.03453686867210329,0.10810300560880974,0.00130657612297821,0.00289391612332501,0.3,0.2,0.5,56,3.100410081090991,1.6654344174383502
16,30,0.061475930903335266,0.10076537029181622,0.21583104219942165,0.3125125492415831,0.04040652553825079,0.11128773285617397,0.0014050070106186902,0.0036400163266830897,0.3,0.2,0.5,58,3.168937163133576,1.8062010420397467
16,31,0.0618551706644234,0.10072949030524497,0.21577355930476888,0.3130874505783258,0.0377771394796212,0.11273477786377609,0.0016758129564281102,0.00411077087369602,0.3,0.2,0.5,59,3.1872775714177037,1.907176877756804
16,32,0.06066524173520232,0.09801704792911263,0.21298201026137809,0.31261102498308235,0.042014707582428874,0.11308486792795344,0.00168855695154972,0.0040318842012363205,0.3,0.2,0.5,60,3.2391957419220048,1.8797129652326283
16,33,0.056575297552425005,0.08954921791200866,0.20428845966936482,0.33003980197489274,0.03666993416129904,0.10949173336118397,0.00208894435344753,0.00498778556440816,0.3,0.2,0.5,78,3.198395911426973,1.959456203873009
16,34,0.05662576825955272,0.09894312850285879,0.2341445545155656,0.35553578080156645,0.038205478184244815,0.11150659090680348,0.00310031080589434,0.00596455766265463,0.3,0.2,0.5,83,3.180335452547821,2.014118376420577
16,35,0.057902997468597915,0.10555211643909934,0.2510182561582269,0.38549651275136493,0.0385626735286696,0.11503860127770738,0.00314191507565103,0.00656477911468938,0.3,0.2,0.5,86,3.152168978515742,2.073107618902306
16,36,0.05559363845669719,0.09198743387052699,0.21689346685785613,0.3933754916488923,0.03708494861133055,0.11005597545644681,0.0025139854592492903,0.0057725127054875005,0.3,0.2,0.5,88,3.3146407180010504,2.1319285971212394
16,37,0.05505743208212051,0.10773835549155468,0.2634537656137956,0.43340332614051263,0.03596640917577066,0.10737160264222771,0.00323830207062139,0.00609705586216018,0.3,0.2,0.5,91,3.360101157453929,2.1110603517335544
16,38,0.052534598323800724,0.10348927601694664,0.259116671335516,0.40686582070523963,0.037960893774879344,0.1058681521137714,0.00211719531954581,0.00515460817975276,0.3,0.2,0.5,93,3.239303180648469,2.0404137529136106
16,39,0.052604977656620935,0.10818230189000708,0.27403824364675833,0.43631238156803465,0.03699979098131646,0.10648467411977611,0.00242398832761272,0.00610709056407819,0.3,0.2,0.5,95,3.289089114171888,2.177779250383999
16,40,0.05229633351218135,0.10730424530112954,0.273131251842745,0.4688935835356783,0.03632940735846948,0.10699211468272188,0.00247650983745508,0.00606465913922739,0.3,0.2,0.5,98,3.363172095176313,2.240792778126748
16,41,0.04984150580061592,0.10903991615792359,0.28507377508968335,0.48970083601673203,0.035699951492682944,0.10241611707738588,0.0031323208247927697,0.00561401628837545,0.3,0.2,0.5,101,3.357650143165021,2.043289570874076
16,42,0.05336967357182188,0.11170537458599711,0.2876955289890469,0.4862805450055554,0.03994950564050257,0.11424551322222491,0.0034323220205682904,0.006805301951516419,0.3,0.2,0.5,103,3.2889297477375563,1.9601506276934573
16,43,0.05327642229000496,0.11087992885836685,0.28683320999297446,0.4865039188627591,0.039738175463432605,0.11558062457802212,0.0036008934716086397,0.00689434489342782,0.3,0.2,0.5,106,3.307742474245613,1.9346631089896416
16,44,0.0501331613610331,0.1240054868502359,0.33076723883461867,0.5284055670805246,0.035766789674654464,0.10811355003475469,0.00233841830524063,0.0056956405533427,0.3,0.2,0.5,120,3.2877835837000875,2.072303271409317
16,45,0.050188463880526335,0.1292689192357986,0.3462893050135469,0.5517974712313419,0.03685985583073945,0.10871098534686578,0.0028163267893603202,0.0056256571643319795,0.3,0.2,0.5,121,3.2581744710726506,2.058898552782962
16,46,0.05005753544617233,0.12877747836285294,0.3457797428833784,0.5555500513855682,0.03745981280231066,0.10761154206858262,0.00261590650183668,0.00666505701777515,0.3,0.2,0.5,122,3.3634443582797418,2.3036088719867878
16,47,0.050220541089734845,0.1287957518970746,0.34579071145253293,0.555775870441465,0.036947356990478235,0.10814079773107892,0.00266948959285079,0.0068777233481180505,0.3,0.2,0.5,123,3.3491287978631448,2.357503092104152
16,48,0.04907521414876765,0.12210006138304838,0.32881884896066654,0.5609710958298952,0.03573683048320945,0.10505223941110473,0.0026569842141648597,0.0066086822623772894,0.3,0.2,0.5,124,3.4089319161072384,2.4547610593859077
16,49,0.04917751399892302,0.13283050654720482,0.36007720039227953,0.5595369356777633,0.036616163310832894,0.10641009645495117,0.00259214273509085,0.00643096992585329,0.3,0.2,0.5,125,3.324331338526352,2.242160463813839
16,50,0.04962806861435279,0.14397557220225793,0.3917538201288404,0.6374444980667205,0.036348337494272104,0.11065272413984002,0.0026105423527558102,0.00508205568850129,0.3,0.2,0.5,133,3.375286553253694,1.966691994059369
16,51,0.04872697147141404,0.14301964031988576,0.3907953082122636,0.6365668916881864,0.03560142786124278,0.10855725335910724,0.00260400492910854,0.004624832622907251,0.3,0.2,0.5,134,3.3843124126891357,1.9835578695743528
16,52,0.04883103524843413,0.14208229168310163,0.3898053880348227,0.6349423950153517,0.03692059351693616,0.108610184741782,0.0038228304001651898,0.005924986420175559,0.3,0.2,0.5,145,3.289416801190252,2.0480457879306115
16,53,0.04823040067337614,0.14610549422604943,0.40405792481914576,0.6409859267283992,0.03636044320849646,0.10860841148097786,0.00396356554776243,0.00593368165049972,0.3,0.2,0.5,150,3.31797519459336,2.115259845214913
16,54,0.050134414164560846,0.15319805317577603,0.42140820216310565,0.6874185518410333,0.03938060931440087,0.11892511745517158,0.0025989483380807797,0.0044922029150434905,0.3,0.2,0.5,151,3.343714525178123,1.9298588300092343
16,55,0.04797242924582103,0.1545790364884851,0.43296442703114874,0.7143120720475529,0.04004523031962205,0.11758397576682349,0.00251355415606916,0.00391866051196942,0.3,0.2,0.5,154,3.1552870400948523,1.9528099684864093
16,56,0.044592800065763466,0.14896002903255523,0.42723333586569145,0.7495405607957695,0.036795757780006634,0.10971686404093006,0.00284990769792077,0.00514416816083782,0.3,0.2,0.5,165,3.3293715156038663,1.8476619211980096
16,57,0.04707298987057079,0.1562472031918046,0.444759562879427,0.7587952781469417,0.0401723780486568,0.12063893063456713,0.00272066512978407,0.00456518845923519,0.3,0.2,0.5,167,3.3371282891327505,2.083499565117437
16,58,0.04627379074081768,0.1656925730589865,0.4747138320339387,0.7949399827905486,0.03948186180582782,0.11984406946861861,0.0025396711191270098,0.00448704928951762,0.3,0.2,0.5,170,3.2665528162057416,2.138571601638445
16,59,0.04565768330117246,0.15390917637618381,0.4423753564233264,0.7838789474541066,0.03863133211172307,0.11750927414508247,0.00322991287477412,0.00479643301740544,0.3,0.2,0.5,173,3.2747971046483704,2.163119245239233
16,60,0.04292099262017632,0.16146840762512446,0.4704462831724847,0.8117407174344867,0.0367198123891401,0.10975104814179229,0.0025627822384979198,0.0051353783260598,0.3,0.2,0.5,176,3.256584474952281,1.84670632224556
16,61,0.04556500428905647,0.1637167023144797,0.4726751745343902,0.8078049831763795,0.03930224673851177,0.1206244478950435,0.0024693899633737,0.0045287595010791905,0.3,0.2,0.5,180,3.272510087213776,2.079964487222968
17,0,0.9318545877061045,0.9602278429691369,0.9590979309053456,0.1705825592942677,0.0,0.0,0.0,0.0,0.3,0.2,0.5,1,6.958926868748076,26.050277213048897
17,1,0.45857174953068014,0.6036225742748806,0.5915652296309631,0.12677796379061101,0.4246386950223733,0.09297681501173503,5.904910109129e-05,0.00018772049209666,0.3,0.2,0.5,3,4.108992774941029,10.205042233637466
17,2,0.09837823893364339,0.10991071244181644,0.09380828383009804,0.037872443828980376,0.5523213025634712,0.10664125893204941,0.00039412067130173,0.00125293230540188,0.3,0.2,0.5,5,2.571320666041901,1.7417858967504345
17,3,0.09723629834779482,0.10676471865820024,0.09054738255911005,0.037986160090919055,0.04196655264837778,0.10848974393200057,0.00059129303829164,0.0018797546121798298,0.3,0.2,0.5,6,2.907228207771288,3.756367126870461
17,4,0.08897183381393096,0.09605642863118871,0.08966238212942423,0.03928598510739186,0.06566556249644864,0.1077052520769625,0.00049360672427062,0.00156920419565811,0.3,0.2,0.5,7,2.688561288183271,2.4672418186508733
17,5,0.08853017195875795,0.09016993130386462,0.07350535082001378,0.04621947779614988,0.032753304013930534,0.10770525176493798,0.00024680334506281,0.00078460204355458,0.3,0.2,0.5,9,2.6885612278655886,2.467241457817076
17,6,0.08895776536609423,0.0905831792435001,0.07391778310302642,0.03448737541623036,0.03320652138249615,0.1077052520769625,0.00049360672427062,0.00156920419565811,0.3,0.2,0.5,14,2.6991539570607306,2.471538632687656
17,7,0.08851067997716966,0.10102022171512048,0.10489549325742525,0.07915592007065739,0.032761008026170144,0.1077052520769625,0.00024680336213531,0.0007846020978290499,0.3,0.2,0.5,17,2.697026816872619,2.470645363582926
17,8,0.0917077203705782,0.11364642445614734,0.1379811204968977,0.15072427095154217,0.03796278857269139,0.12087868793859853,0.0007246872614872499,0.00192066983816866,0.3,0.2,0.5,27,2.95732714398906,6.760150730993547
17,9,0.09039490454771962,0.11113112414149387,0.13539860225546965,0.1708079717623872,0.04209913146030637,0.11929199014588965,0.00104467740240714,0.0024450902362757,0.3,0.2,0.5,28,3.094459628006728,7.488605464244171
17,10,0.08877841291325242,0.11306446618684948,0.1474976878672446,0.18848576715227874,0.041239096347699906,0.11992335644104646,0.00103949179039344,0.00246122109868391,0.3,0.2,0.5,30,3.025565268035045,7.213294273000795
17,11,0.09055482942383562,0.11995713733276696,0.1646424029556593,0.1690275058125973,0.04017825099326208,0.1226412596063513,0.0018485745663266498,0.0046909468095905895,0.3,0.2,0.5,32,2.965394516622985,7.395166514863503
17,12,0.08881017222993498,0.11896230982361716,0.1736598079357709,0.18773718677319665,0.06092947396126454,0.12532461525329536,0.0032682172211253697,0.0078352664505245,0.3,0.2,0.5,33,2.9241290491270537,7.655386006604094
17,13,0.08857931011252428,0.116104303239614,0.1706583367685918,0.1793547641976049,0.05476909951134798,0.12649099498612573,0.00496641838933749,0.01083754983879939,0.3,0.2,0.5,34,2.7574179884021484,6.838041959006286
17,14,0.08700520894682875,0.1144030598600862,0.16895010952511305,0.18104386207764117,0.0434042175045051,0.12572477808888477,0.003928821150893691,0.00879702259297898,0.3,0.2,0.5,35,2.7655198858096384,6.775757277296878
17,15,0.07506009614869977,0.09992871263094141,0.15433849143930728,0.19614021462502482,0.03574982952250364,0.10419640196242844,0.0016347945446107098,0.00334535407917596,0.3,0.2,0.5,39,2.6922543320441705,2.07497357783516
17,16,0.07506009411766573,0.09992870997332173,0.15433848878168763,0.19927977635290478,0.03325869273671672,0.1041963946656969,0.0016347946883964602,0.00334535308446124,0.3,0.2,0.5,40,2.692254276335934,2.074973863190749
17,17,0.07353283551879064,0.10371919379814291,0.16839242713917596,0.2073258542153092,0.03209604231420046,0.09970577422900678,0.0016193379119085398,0.00322140428512029,0.3,0.2,0.5,42,2.629571759404268,1.9635987048393773
17,18,0.07528916987516054,0.09899030324915897,0.15333703121958075,0.21533220749226656,0.0365807059832364,0.10810836196849882,0.0018859429754832,0.00346177741420584,0.3,0.2,0.5,44,2.6558261885675885,2.150721154364645
17,19,0.07525875904413278,0.09892616442182026,0.15327095689451262,0.2252306702726131,0.03457368176274682,0.10810836213683102,0.00188594307358921,0.0034617776036600803,0.3,0.2,0.5,48,2.6485229848201883,2.149718484116825
17,20,0.8405994467443871,0.8691462279017796,0.9337309682888273,1.0040066315532548,0.8014953896254512,1.0,0.0019444797546192502,1.0,0.3,0.2,0.5,50,2.7288201504806207,4.643044614497747
17,21,0.07466479857859307,0.10220302169572237,0.16673375353396086,0.27693303767455635,0.03614640607088432,0.1085650648073176,0.00279449653978439,0.00445795704182051,0.3,0.2,0.5,55,2.6475171497957923,2.395769396961388
17,22,0.07317697592785201,0.10010478833646475,0.16460260459616216,0.27576749863179223,0.035215499978461795,0.10545708575564809,0.0021857518698712502,0.00468542586869226,0.3,0.2,0.5,58,2.724247729808147,2.405182293927022
17,23,0.07263654180616344,0.10336227315658869,0.17804244243150844,0.2997117671796845,0.04170809829078188,0.10845317263362668,0.00283995084294846,0.00445625875219491,0.3,0.2,0.5,59,2.659068999152366,2.1850526492375515
17,24,0.07235928933503613,0.10246230180271665,0.17710923439797852,0.29650787075219437,0.036812482027859375,0.1086465276964788,0.00305573670355843,0.004797554325205429,0.3,0.2,0.5,61,2.6488552954646623,2.181858015131035
17,25,0.07259984991456565,0.09722965049346806,0.1616041706271287,0.3019248533023544,0.03597949860925265,0.10947279041725395,0.00305658465219847,0.00483349960697463,0.3,0.2,0.5,62,2.70913998446338,2.333948196626374
17,26,0.8367382750630543,0.8715548473701018,0.9564332752201168,1.0753644743709279,0.8033507883194322,1.0,0.0031279816703714903,1.0,0.3,0.2,0.5,63,2.7403847162297,5.027981264952432
17,27,0.0809493405550415,0.12318315983916653,0.21843772700914568,0.33075150351860516,0.04383327663555799,0.12504805744587694,0.006516390794382839,0.00856124304118494,0.3,0.2,0.5,67,2.985731021832056,5.099545970777197
17,28,0.06896651176431687,0.11138285529665226,0.21662761268772102,0.36485711320758124,0.037345497385292734,0.10936133177842744,0.00296836497787272,0.00463142918158408,0.3,0.2,0.5,73,2.5820934942420704,2.2001736916144115
17,29,0.07561507428998522,0.13505777808268524,0.2711511971909099,0.3881510893201527,0.0433305364801991,0.11668773451559951,0.00772173410129431,0.01043389354349054,0.3,0.2,0.5,76,2.9117574884391053,3.3972958742685604
17,30,0.1073983442748047,0.14736448672173474,0.2524797678197606,0.4316107593488993,0.07703806414334866,0.24395137230731812,0.00297294049429009,0.00494790370393962,0.3,0.2,0.5,82,2.590524353322876,2.3342444610639648
17,31,0.0701205241448603,0.114638757666874,0.22997763242232871,0.44724451141720406,0.04008190712681386,0.12107417277251231,0.00323132253010854,0.00554037697840635,0.3,0.2,0.5,92,2.885308773327305,6.022473848902817
17,32,0.06942297341179408,0.12400720462085799,0.25984414180925564,0.4658491888613094,0.04052211440193173,0.12107417281449687,0.00323132253171217,0.0055403769823270995,0.3,0.2,0.5,96,2.826820907439267,5.807635593404405
17,33,0.06936502523000412,0.12932592223980593,0.27542988208320224,0.4822731601964424,0.03982560079620811,0.12107417281449687,0.00323132253171217,0.0055403769823270995,0.3,0.2,0.5,99,2.8325440683848697,5.830938445941669
17,34,0.06539378035784929,0.12307731310493888,0.2690618751597443,0.4700584439375716,0.03941720187562279,0.11142945811323739,0.0033798767893736897,0.007165130299941059,0.3,0.2,0.5,104,2.850289841191893,16.039077420630846
17,35,0.06324176251286136,0.1208660854731297,0.2668477828485949,0.5461807852472188,0.03569688888423807,0.10927400051263295,0.00299276661123585,0.00440680581779246,0.3,0.2,0.5,106,2.7043166621066432,2.199891339263836
17,36,0.06308146148546422,0.1312275336842665,0.297731348839023,0.5710248881131224,0.03608114986831866,0.10963844013118444,0.0031020876413544703,0.00443987186128774,0.3,0.2,0.5,110,2.710637209511958,2.182672489770964
17,37,0.062863432957929,0.13615304543519374,0.3129118054447998,0.5945130904620797,0.036146947851300924,0.10970947851565711,0.00310937419548914,0.00446233360717202,0.3,0.2,0.5,113,2.7243632855738986,2.2744290445139783
17,38,0.06620536335649407,0.11998320316183239,0.2657648452598361,0.5591590570948893,0.043240311184459736,0.11428178011108221,0.00461097688792366,0.013074410801381109,0.3,0.2,0.5,121,2.907940963527709,2.565964567881763
17,39,0.06612347887691686,0.13074409080112134,0.29706457605195113,0.5994802173694375,0.04173609848192519,0.1132118084009451,0.00466877790732596,0.01360652253256309,0.3,0.2,0.5,126,2.8940613659072696,2.495109253484442
17,40,0.06591849060188498,0.13004920755520677,0.29634433038171515,0.6174556502738591,0.04281907440183743,0.11386297498262712,0.00470696151449794,0.01359670463855985,0.3,0.2,0.5,128,2.9305437762786624,2.670631637275683
17,41,0.06503595489337528,0.12826778387509907,0.29451628981230865,0.6241707582862779,0.045129736267492275,0.1136708303981951,0.00465803210629501,0.013440801372975968,0.3,0.2,0.5,129,2.9169361273199343,2.488958531693514
17,42,0.06115213529580489,0.12383083358785194,0.29005095303796213,0.6205422499717105,0.04039728710605854,0.11033961259975025,0.0046924689515331,0.008562431365003991,0.3,0.2,0.5,130,2.8622197531041023,2.1505889870478043
17,43,0.061168009452198635,0.11774045610821136,0.2736557597902353,0.639447491515919,0.03923212191188688,0.11443843147500662,0.0035034305100278195,0.00768906187441087,0.3,0.2,0.5,137,2.9161645781651604,16.867834596176728
17,44,0.060950865651467845,0.12237805834135272,0.2885336263703667,0.6604101855749752,0.03970552244635206,0.11447668110648652,0.0037403337148446203,0.00809640157892553,0.3,0.2,0.5,141,2.9423285283767493,16.85644971159292
17,45,0.061443741924459463,0.12292143361357502,0.2890792902519052,0.6680613609255278,0.03968767395173451,0.1156265949574442,0.00373103101021184,0.008314477709619881,0.3,0.2,0.5,142,2.9511151583490287,16.82110555620958
17,46,0.06070731775234042,0.12173991457544331,0.287875202668099,0.667862937451653,0.04051203066114391,0.11424525007181194,0.00416962724755834,0.00821825266600407,0.3,0.2,0.5,143,2.9847967086427163,17.157805862060115
17,47,0.06156402548295262,0.16596063761052027,0.41425068134295984,0.8984630248213981,0.040249137738189486,0.11836368666822883,0.0028413868107643103,0.00830643252598605,0.3,0.2,0.5,175,2.781907802691182,2.835633263575572
17,48,0.06143975261613077,0.17117055033242168,0.4297253965769962,0.9814341035080777,0.040233152423108445,0.11820208578213671,0.0028438301990329597,0.0083343527812157,0.3,0.2,0.5,188,2.799383518243165,2.84247738299822
17,49,0.057627672460854505,0.18067358462753078,0.4698856493548403,1.0388119254548243,0.04446757889197646,0.1046855012314977,0.00399361179662055,0.01321510545210132,0.3,0.2,0.5,190,2.891885799181756,2.915602117802544
17,50,0.05488974017761342,0.1720471996006785,0.45096586826406676,1.0212316323425163,0.03725019943885768,0.10366882557221072,0.0037838329322135897,0.00914142227482838,0.3,0.2,0.5,192,2.853894010545861,2.95199170959061
18,0,0.9089945192520448,0.9463964188508819,0.9448734371143318,0.16787388691936084,0.0,0.0,0.0,0.0,0.3,0.2,0.5,1,7.49447802456516,26.18294192742454
18,1,0.45079881642048225,0.5957971252684472,0.5835568582931929,0.13091438485066084,0.4156314832281929,0.08837539115062824,5.9593700315570004e-05,0.00017842961510756002,0.3,0.2,0.5,3,4.257562346850443,10.278638077410518
18,2,0.18064807175445405,0.25295672514918566,0.23087931585751495,0.07149638120498387,0.3870868210029194,0.09869126800457843,0.00023837480126229,0.00071371846043026,0.3,0.2,0.5,5,2.44756978131756,2.477820529920258
18,3,0.11481000140558534,0.14271505566435702,0.12757921806323502,0.05691446946747634,0.152312142708609,0.10222914548852169,0.00048162125036983,0.0014420231312378602,0.3,0.2,0.5,7,1.9916789906400492,2.305493776010381
18,4,0.11126693769653129,0.1322740923259455,0.10678002704018372,0.055053437146994885,0.03595011754403458,0.097147484304199,0.00033761298951406,0.00073365026601354,0.3,0.2,0.5,8,2.0196435047946717,1.7523702584741336
18,5,0.10783411063318613,0.1313144849177189,0.1159129088172535,0.059692529808569754,0.03591334575379053,0.09672960768833976,0.00034449129198793,0.0007157338604197999,0.3,0.2,0.5,10,2.1312587030897308,2.0378919554447226
18,6,0.10742458421542539,0.1362321262800554,0.13109400237801527,0.06736830894386532,0.029421060708313525,0.09593562077453108,0.00033094259681053,0.00063799123415684,0.3,0.2,0.5,12,2.138428168261092,2.15380410725396
18,7,0.109990196316623,0.13628056054777105,0.1309929536132276,0.08147141806318722,0.03719503757421484,0.10994401224475911,0.00041490737658214996,0.0028273297704341,0.3,0.2,0.5,16,2.1368412792138884,2.2502761996290315
18,8,0.10779984790449676,0.1332146344532289,0.1278751231880084,0.08947189669562403,0.03448834812583381,0.10819063234457844,0.00021847005689922,0.00147003925415277,0.3,0.2,0.5,19,2.125139110942126,2.158642834306505
18,9,0.1071586182153675,0.13140729569279386,0.1259990203476689,0.0996003129750626,0.03883976885711515,0.11023751627719691,0.00022050967415029,0.00146575233627848,0.3,0.2,0.5,20,2.1490482299308318,2.1286629193021542
18,10,0.10499753433521933,0.134043758071636,0.1388679207223828,0.09521911652213501,0.035140250884308534,0.10550812273022463,0.00024841520917989,0.00135369837627545,0.3,0.2,0.5,21,2.08569963342818,2.36012727012815
18,11,0.10195687488550961,0.12639674949255347,0.13095241833256405,0.10317869544284029,0.0439443598233904,0.10889390913537485,0.0007043299239959399,0.00276219361487945,0.3,0.2,0.5,23,2.1839912565737087,2.3491069156662774
18,12,0.10144603801771537,0.13633464169987358,0.16140583846830628,0.12434673983539034,0.03460087066386613,0.10840256003857648,0.00064413667853547,0.00297540859803175,0.3,0.2,0.5,27,2.205146565200157,2.244633181558004
18,13,0.10631574546198039,0.13566658970603662,0.15046209475821498,0.1257766335731865,0.03923381231316588,0.11331775057282192,0.00089484231206259,0.0098584310782496,0.3,0.2,0.5,30,2.1897598815434502,2.39799014960388
18,14,0.10150834052985337,0.13410094953267293,0.15903968240126778,0.15126516972820833,0.03810555908670343,0.11111183533263369,0.0022203811374417797,0.00557903360788507,0.3,0.2,0.5,36,2.3748203333865177,3.808924167841384
18,15,0.10131548192344338,0.1392391852380287,0.17444212165226108,0.1598773944227896,0.036727579972974086,0.11104729555646468,0.00217934620696785,0.00548091160883465,0.3,0.2,0.5,38,2.368536794205121,3.75379119493504
18,16,0.10004489327565921,0.1313595897993132,0.15622499748609173,0.1303915604668696,0.04127644254360566,0.11009266988011279,0.00232524762756136,0.00583653303133315,0.3,0.2,0.5,39,2.396084874228058,3.818545469499224
18,17,0.10539537527316475,0.15776750294277223,0.22367397885863644,0.24244361019470756,0.04269070015993491,0.13406142184029962,0.00143124750093474,0.00397355995860601,0.3,0.2,0.5,54,2.2068574273792314,2.221313301237646
18,18,0.10089846512042626,0.17647983529739128,0.2735954890272413,0.2572151170754943,0.031067336468355244,0.09646351628574716,0.0028273095556444,0.00278619858281713,0.3,0.2,0.5,61,2.4242309262428625,2.212793430983645
18,19,0.09854813423653166,0.18694668648429857,0.31466961742889216,0.3049948198003,0.034111457685590575,0.0991376087887771,0.0031344222788681,0.00368706613424515,0.3,0.2,0.5,68,2.4288831696431146,2.210242260946623
18,20,0.10443572134233281,0.20946023506011094,0.3580583219728112,0.3311583289771136,0.032091699152887024,0.10078323279571906,0.00291326314227105,0.00253146242039478,0.3,0.2,0.5,74,2.428602443081364,2.2108211035204106
18,21,0.09140565733497615,0.15089079377993592,0.24708832474898543,0.31846466598341305,0.06090108279898227,0.11748560644749739,0.0011619843743159001,0.00427720439837646,0.3,0.2,0.5,75,2.314922529297484,2.939443162759138
18,22,0.09088926894247798,0.1552814904295999,0.26171962507474866,0.3136270188530792,0.03870232178418076,0.11748560804086254,0.00116198439728612,0.004277204351412,0.3,0.2,0.5,77,2.301646066745342,2.9342807121549725
18,23,0.09082283881349865,0.16059073674659277,0.27729556616586926,0.3292368282910494,0.03775613911241107,0.11748560804086254,0.00116198439728612,0.004277204351412,0.3,0.2,0.5,79,2.270956669979233,2.928042295444866
18,24,0.08943829767914506,0.16374647562044528,0.2906717676006671,0.35144378439468316,0.037830958751535235,0.11614840733075697,0.00118142903876612,0.0040381469208307,0.3,0.2,0.5,84,2.3047255114102367,2.7906473160437937
18,25,0.08926156272304026,0.1743739887999673,0.3218356032512664,0.3773515552916163,0.03707387902329612,0.11585061580176406,0.00118046712957474,0.0040272113763484396,0.3,0.2,0.5,89,2.3059241192095934,2.7957081809620146
18,26,0.09249481421662897,0.18280123841732726,0.3405195488300215,0.4416293095229287,0.040550261839178064,0.12730174037228992,0.00113352902770151,0.0041214999589549205,0.3,0.2,0.5,103,2.3252334225784157,2.877842059191924
18,27,0.09252760427222989,0.18228932293393119,0.3399772522323108,0.4607790358465564,0.0415796622401561,0.1269281324267308,0.0015757630179456298,0.00527415530817862,0.3,0.2,0.5,107,2.349760777846347,2.992816629588167
18,28,0.09121320092244228,0.17413251399497096,0.32147231467539444,0.46924457268281616,0.042447953627412674,0.12937351016831816,0.0009088957918059901,0.00409855203784441,0.3,0.2,0.5,111,2.350670896451291,3.022855278910746
18,29,0.08824331874963522,0.16905685215853358,0.3162808117244617,0.5126178899727196,0.04089798285574954,0.12360995435460095,0.0018177926888442199,0.0052166998239608,0.3,0.2,0.5,121,2.3027408468967607,2.9857145387920223
18,30,0.08401446688767066,0.2009598049406326,0.41996926443637994,0.5990330751063813,0.03854957271228528,0.10958157848921088,0.00314795537224632,0.00833633665843407,0.3,0.2,0.5,130,2.245350289535496,3.145168452991918
18,31,0.08366638373077875,0.20562965331816613,0.4348862927813721,0.6187389303477472,0.03814334495839516,0.10927809487790996,0.00311143586709899,0.00862741136864879,0.3,0.2,0.5,134,2.2402956166095853,3.21501316496363
18,32,0.08315175639656158,0.22057340735458236,0.4805942756360844,0.6424821775983813,0.03870805279583791,0.11201650256860658,0.0028184680073403802,0.007689173964958269,0.3,0.2,0.5,139,2.23852079135734,2.927637558722016
18,33,0.08235996145977265,0.19097941967409773,0.39956106314612366,0.6621220587412762,0.03970935792436436,0.11444207157365756,0.0028993329709567197,0.00751319716707867,0.3,0.2,0.5,145,2.4529050585473087,2.243387756932816
18,34,0.08204887241276171,0.19051472178029472,0.39908816078187037,0.6670554469160127,0.038800266231337886,0.11404321754975548,0.00277895200235288,0.007458486902470141,0.3,0.2,0.5,147,2.424812862628765,2.2714620944734447
18,35,0.0828289699596563,0.19072990487633765,0.39927250962103056,0.6814548820125619,0.04053668791079908,0.11925875995881026,0.0023429168532476197,0.0070947278600601,0.3,0.2,0.5,150,2.4526430654209626,2.23973271575953
18,36,0.08147920612131418,0.1940335714792515,0.41280370934328325,0.6805284741626674,0.04072073929858014,0.11728724525489971,0.00225568426143582,0.007051371121789091,0.3,0.2,0.5,152,2.4128032829152204,2.2588660828554743
18,37,0.083088574201336,0.20107401123202281,0.43011417291735804,0.7177778681041159,0.04080259788361009,0.1194656040352915,0.00294095329511544,0.008713632024327091,0.3,0.2,0.5,155,2.4585319573034186,2.220040243892372
19,0,0.9301645036775756,0.9592139151703671,0.9580552978526012,0.1703839340079813,0.0,0.0,0.0,0.0,0.3,0.2,0.5,1,6.965665478690427,26.14814604727641
19,1,0.4674073962063964,0.6124541842729242,0.6005863723734444,0.13024540888432268,0.4188747690481054,0.10013735552193373,6.07126975896e-05,0.00021304036856788,0.3,0.2,0.5,3,3.926537859444197,10.253291627333862
19,2,0.19401292661323666,0.2718837858699921,0.25023010756501657,0.06900010784492974,0.38923495852539514,0.11182618218052051,0.00024285079035840998,0.00085216147427155,0.3,0.2,0.5,5,2.183966696084934,2.5071009014900443
19,3,0.1343937267215388,0.16967985973811409,0.14506700304321438,0.052897553899323,0.1433888518738958,0.11635341337888101,0.0005464142783064201,0.001917363317111,0.3,0.2,0.5,7,1.738697870060479,2.890998525810892
19,4,0.12655930215170874,0.1588374044458628,0.13403517672420479,0.05103698147660176,0.04553197104579597,0.10446967774826285,0.00033707155127911,0.00076806664639309,0.3,0.2,0.5,8,1.6867961701592629,1.7754569094078436
19,5,0.1265135677998317,0.1641981613524359,0.14966403340258885,0.05635606282882022,0.03187860506107285,0.1044696777482629,0.00033707155127911,0.00076806664639309,0.3,0.2,0.5,10,1.6803414553380622,1.771111441098365
19,6,0.12912440667846167,0.17122249039609067,0.16689466143986748,0.06361325951139823,0.040315413767536765,0.11569124361960066,0.00047664565921556,0.00167254579267712,0.3,0.2,0.5,11,1.723861396581723,2.169289512812925
19,7,0.12463964663975444,0.16103801131512552,0.146423549311766,0.07813583651149836,0.03165047485431564,0.10410929471057453,0.00016912834766596,0.00038338082151251004,0.3,0.2,0.5,17,1.7318556352614989,1.7856234155804942
19,8,0.12463953366825566,0.16103770135029463,0.1464232916966674,0.08047862635275276,0.031459115106602965,0.10410936978478505,0.00016912806993993,0.00038338061118363,0.3,0.2,0.5,18,1.7318498739756063,1.7856221967108832
19,9,0.12784345200827538,0.17501214263086942,0.18093166891929308,0.08611818621735813,0.03534777617716544,0.1144175506276273,0.00024642810618764,0.00086150375940046,0.3,0.2,0.5,19,1.7741025446633931,2.2758976139716376
19,10,0.12693055823386507,0.17859892654196005,0.19473036948049907,0.09542109958151025,0.036433761349076825,0.11511397815830515,0.00024545217103931,0.00086074538984457,0.3,0.2,0.5,22,1.7789596728044113,2.2704668073929537
19,11,0.1276385652129171,0.17892283811529747,0.19503051713237754,0.10632654777436143,0.036753996623100124,0.1189284055071093,0.00026687986839922,0.0008895892894555601,0.3,0.2,0.5,25,1.731133729874664,2.4348036532077786
19,12,0.12396738431714095,0.171615552302605,0.18749925507156723,0.10791321290193016,0.05300382718574445,0.1206360929301438,0.00029470898750114,0.00100084932139338,0.3,0.2,0.5,26,1.7511031759869315,2.9706005977302383
19,13,0.12135233895271713,0.17239745197571746,0.19842651623248742,0.11449738143143359,0.04101913279846314,0.11994684038268637,0.00026338149625453,0.00089508101263668,0.3,0.2,0.5,28,1.743553349337319,2.368679332599408
19,14,0.12131338406749559,0.1723013020793058,0.19832695292869854,0.11714900502879479,0.03676207286816004,0.12002973802070364,0.00026416479412938,0.00089732153676306,0.3,0.2,0.5,29,1.7215517742131174,2.380595794121832
19,15,0.12124109011372868,0.17761021606991426,0.21390261404316702,0.13845979489662194,0.036650507148623446,0.12002973802070363,0.00026416479412938,0.00089732153676306,0.3,0.2,0.5,31,1.725990297602574,2.3780661057515857
19,16,0.11445954200211897,0.16925619113922977,0.20545327167798544,0.15848792380766785,0.033241060433016605,0.10341157323149683,0.00085566947112388,0.00063323837892697,0.3,0.2,0.5,35,1.7146037089578574,1.8358263547770344
19,17,0.11382096647743771,0.16788952177387303,0.2040426837165077,0.14423286693406784,0.03488773574024016,0.1038721495205028,0.0016677149616038899,0.00039535292835126,0.3,0.2,0.5,36,1.8241275622028577,1.897471897712358
19,18,0.1136223470552548,0.1675357157303778,0.20367966899771484,0.1470305237649594,0.0323460217413435,0.10378924195198491,0.00166847588067086,0.00039518725593414,0.3,0.2,0.5,37,1.8105073502706135,1.8949970973571104
19,19,0.1129193934270385,0.16612485996910648,0.20222598320537144,0.16109363246929087,0.03485090418905077,0.10413509829410875,0.00163654883556103,0.00037897534442178,0.3,0.2,0.5,38,1.7782686629719278,1.826940778158835
19,20,0.1119176876659746,0.16422736157238826,0.20027466765375124,0.1607194195390324,0.035661808190601545,0.10414509661678215,0.00160400290564989,0.00037951871137618996,0.3,0.2,0.5,39,1.7856115552978664,1.829294308914579
19,21,0.11031063132830012,0.16125415747258404,0.19721977685248365,0.15734558036746799,0.03759423384860623,0.10375458796248808,0.00170941144999654,0.00038114526421666,0.3,0.2,0.5,40,1.811068709590891,1.9038146547117736
19,22,0.10977451320127596,0.16004757310332926,0.19597338629196442,0.14283132479813967,0.033313161686326094,0.10442777007894699,0.00170435487387159,0.00038255599397546,0.3,0.2,0.5,42,1.8154268377972675,1.892879965720884
19,23,0.11058609208461793,0.16622615581409061,0.21241785541142644,0.17573913517793796,0.033094054861833665,0.10724272117992972,0.0017338232691462298,0.00047596926900591,0.3,0.2,0.5,43,1.8217700309560143,1.844743906420884
19,24,0.11334648538293485,0.17845620840826978,0.2451045795269002,0.19467950811763282,0.03829578334244415,0.10092263123631388,0.005916562508033929,0.01121934818547579,0.3,0.2,0.5,48,1.8924547730166652,2.525042380346811
19,25,0.1133383526957985,0.18388559113099434,0.2608042707160628,0.20379960229198676,0.03708581586031174,0.10092263119915004,0.00591656241798967,0.01121934907934223,0.3,0.2,0.5,50,1.8929881962560584,2.526487754553027
19,26,0.111725976090673,0.18067297081048966,0.25749690225133043,0.20646180925554686,0.044066284281113886,0.10139250118070434,0.00589236070198737,0.01118899905940604,0.3,0.2,0.5,51,1.898011762298229,2.536194942376016
19,27,0.11296486568767679,0.16719121544243631,0.22324903700241217,0.22585595963219257,0.04266983725447111,0.1083621672636356,0.0070623116181982495,0.01718840849216205,0.3,0.2,0.5,53,1.9664773109927796,2.7822076564058253
19,28,0.11230209310937445,0.161609415089307,0.20742721371169023,0.24334033877056443,0.04474399614622217,0.12371514420256431,0.0016172895942053501,0.0077175889598045805,0.3,0.2,0.5,57,1.9806668321084864,2.8778057770843004
19,29,0.1129037235145218,0.16192535553780857,0.20772651759237143,0.24010612203059142,0.042604174124802184,0.12476389314613026,0.00195647551366108,0.00875965221808397,0.3,0.2,0.5,60,2.0046113275152484,2.4982232312828283
19,30,0.09580832612762685,0.14288917041796434,0.19853412051913638,0.2519243773180552,0.06374397620955473,0.09222788466388292,0.00163499517297764,0.00950373877086315,0.3,0.2,0.5,61,2.165128935348701,2.9795939497890105
19,31,0.09354335209331069,0.14458887462449732,0.21041975964570264,0.25096749146790276,0.03811370633614894,0.094561903854103,0.00159867890113362,0.0065775628009819495,0.3,0.2,0.5,62,2.3031648105155607,2.733722953682373
19,32,0.0931204624642815,0.1492734375897274,0.2253556787812175,0.26076469808921493,0.03259023976357235,0.09448839342263772,0.0015712397940427902,0.0064646680539725,0.3,0.2,0.5,64,2.3178738428019496,2.7679532059452776
19,33,0.09254693589380455,0.17330682418092738,0.3005936070095678,0.36663927206639657,0.0343164971656956,0.09513367463226367,0.00139646036800576,0.010223476126719259,0.3,0.2,0.5,92,2.013499926657044,3.653521047739744
19,34,0.0920288981773337,0.17749129307079012,0.3150068590785273,0.3743464394278524,0.03717759986779141,0.09437232314217352,0.00156274024240905,0.011039447611080309,0.3,0.2,0.5,93,2.222512447099818,3.5122674691725466
19,35,0.09211093152805738,0.17225011426402564,0.29950188429871594,0.39838109463242327,0.03418627581651993,0.09441175150624574,0.0027162936128754,0.01047848003166724,0.3,0.2,0.5,100,2.0257071890391294,3.924257189056144
19,36,0.09307125667601827,0.17462090863336524,0.3019524707732854,0.4019266394107412,0.03496291332396695,0.09436191354079856,0.0034437614341143096,0.00934433015687316,0.3,0.2,0.5,101,2.06081666146541,3.4077531479176
19,37,0.0908366272385496,0.1808382435474994,0.3285733340435461,0.40801529471749975,0.03569353892010598,0.09597754189080744,0.00276838605222759,0.00899140089575419,0.3,0.2,0.5,102,2.067614272582219,2.8488237369319647
19,38,0.09043281375654327,0.17483352102561894,0.3122893675768286,0.41456816540658575,0.033910104620251263,0.09567543080775257,0.0025093540711591,0.00877463333286333,0.3,0.2,0.5,104,2.121142682366872,2.991051284075873
19,39,0.08762701904275635,0.1859410998163695,0.3540729009677842,0.4131852898433168,0.043004736075173314,0.09355108024265996,0.00276897162909719,0.0090519067653965,0.3,0.2,0.5,105,2.107668046729259,3.095032880162141
19,40,0.08691431233847569,0.17882242150590538,0.33662997855403765,0.4281786710413244,0.034660147629015356,0.0937752685062614,0.0027607812333883,0.00935219995150543,0.3,0.2,0.5,108,2.1179142396239485,3.352507444784902
19,41,0.08688034412540936,0.1838363334354872,0.35189238430880565,0.4561662613581795,0.03390965685663939,0.09334402898905596,0.00317775337141646,0.010140253792148191,0.3,0.2,0.5,116,2.07777785616642,3.1269502503947324
20,0,0.8837264118862467,0.9308033325689826,0.9288374943836681,0.16482043483675476,0.0,0.0,0.0,0.0,0.3,0.2,0.5,1,8.119528568268056,26.139860012059675
20,1,0.432856121754312,0.5773299089475663,0.5645119420974072,0.12201790555148771,0.4223912935836121,0.0945517266809674,5.906828194448e-05,0.00020983804950952,0.3,0.2,0.5,3,4.753497930834576,10.28677521362048
20,2,0.1610244684700508,0.22457816336432007,0.21174698833154607,0.05995535126638814,0.40550923815091683,0.105827983794523,0.00024570542632242,0.00087286011571937,0.3,0.2,0.5,5,2.7746133725509226,2.3834105420712617
20,3,0.10924948285134974,0.1244003541707945,0.0985569008445094,0.04245067005871876,0.1335384557189287,0.1098632581503299,0.00053161453750032,0.00188854244558572,0.3,0.2,0.5,7,2.308189918779159,2.892100044036806
20,4,0.09995749545638825,0.10959477398114317,0.08342750881759496,0.04042767838037522,0.05407810133429907,0.10043959444329816,0.00033303143820169,0.0007853406523741901,0.3,0.2,0.5,8,2.30645559779665,1.7685736085320385
20,5,0.09898127470618855,0.11332055198653915,0.09738065640185203,0.045266909934706515,0.03196082594958446,0.0998148667994868,0.00033390622906543,0.00076249878661728,0.3,0.2,0.5,10,2.319605765678972,1.8250477607954625
20,6,0.09878428732725728,0.11846066386761522,0.11278524735970433,0.060778072410983625,0.030534949636685568,0.09954688432711276,0.00033417444632795,0.00075406624095698,0.3,0.2,0.5,12,2.3341224999541423,1.878287457866507
20,7,0.09507688223006731,0.10771515917009507,0.09167667623322193,0.0607667297634442,0.034957706897953855,0.09123288174065117,0.00040918747433335003,0.00160910194418986,0.3,0.2,0.5,13,2.413306138486366,7.047548434709987
20,8,0.09398051510083781,0.1113156023292574,0.10550460460750306,0.06449656241569852,0.029499227322267764,0.09105050938449796,0.00038204865557833,0.0010807180044476602,0.3,0.2,0.5,15,2.364777169572532,4.3163167361099095
20,9,0.17788544715422874,0.18724510737739739,0.1710181026806874,0.14128262871210823,0.12498539668402518,0.09178361438831416,0.00139950647534707,0.17322152883719172,0.3,0.2,0.5,16,2.548564381389413,68.13751872651855
20,10,0.17159975913076814,0.18566057592777796,0.17966146868726052,0.14416291699803555,0.11043905826066014,0.09159360046242172,0.00131690680049587,0.16230543322866048,0.3,0.2,0.5,18,2.5520256423527883,66.93427214376422
20,11,0.09248830910223511,0.09997982465850788,0.08364605548114776,0.08238970375322828,0.03325770263219206,0.10088621405952251,0.00031409469719888,0.00118411438666115,0.3,0.2,0.5,20,2.5069366057091536,2.0756465108117603
20,12,0.0902478957056159,0.10094558842383368,0.09475516999034565,0.08639955478618074,0.035524272008000936,0.10088094016503787,0.00031642848043085,0.00117442804480603,0.3,0.2,0.5,22,2.478215859084394,2.065123388527991
20,13,0.09027424343685113,0.1009556990811024,0.09476447906194234,0.09154918917480714,0.031022755049162087,0.10100189733287528,0.0003167591941584,0.00118641409172201,0.3,0.2,0.5,23,2.475457531944115,2.0710426163254616
20,14,0.0901198406293698,0.1061004156521755,0.11017150013690573,0.09654470930622987,0.03154849093020624,0.1009001400856216,0.00031594644481246003,0.00122912689099147,0.3,0.2,0.5,24,2.4765596577948954,2.034890759845076
20,15,0.09167847912499166,0.10730501390142921,0.11135597783323886,0.10609868620107399,0.03360319615767574,0.10205793782953314,0.00030784447689555,0.00436924245550209,0.3,0.2,0.5,26,2.47876636986297,2.8317342497323765
20,16,0.09337317347212047,0.10895842900714656,0.11300725926756558,0.12422178360220913,0.03474248700883151,0.10372160777142898,0.00017201498016749002,0.0068864019428468495,0.3,0.2,0.5,27,2.512764075676767,2.25252964551088
20,17,0.09003426030191439,0.10186515651712318,0.10570266439959874,0.10952280123915466,0.05027550649105126,0.10112678731139016,0.00065122937220093,0.00893866314170903,0.3,0.2,0.5,28,2.5520346354484134,3.584036101035724
20,18,0.08696642687432331,0.10372924834313535,0.1178085417179854,0.12034336750880954,0.034463294490948065,0.0976078859565999,0.00037767036274217,0.00602346955959231,0.3,0.2,0.5,29,2.475779983416193,2.5520810952320456
20,19,0.08642262825765352,0.10293672171087832,0.11700216117128767,0.14803183646787024,0.032164047497509285,0.10347003737589164,0.00068625179530845,0.00177174150311982,0.3,0.2,0.5,39,2.569831887267274,3.754630318330747
20,20,0.09076966402480843,0.10154067014556262,0.10531878200686817,0.15061917168729977,0.03790896113293049,0.11760451247581705,0.0005690979658843399,0.00260859794484088,0.3,0.2,0.5,40,2.437494869259116,3.3070238101290976
20,21,0.08698827066142802,0.09686537007353506,0.10059359279361198,0.1540169581564794,0.03740132151237041,0.10982418580974995,0.0002712675421664,0.00155668654736414,0.3,0.2,0.5,41,2.6220820663212376,2.5163717258345177
20,22,0.08544088705189336,0.10400068916703505,0.12814736216049574,0.16379356992645472,0.043247566553684266,0.10886134368682768,0.00091815134505146,0.0030014386788559397,0.3,0.2,0.5,42,2.577929865553062,3.958585391979348
20,23,0.08195231143866816,0.09810393862144462,0.12211747372533266,0.17898873893271328,0.03635074041924762,0.10556996919005276,0.00083460382096709,0.00258446207128882,0.3,0.2,0.5,45,2.6141899015306054,3.6729588576612016
20,24,0.08185653859158278,0.10871867172553717,0.15326386561039784,0.19828364375484328,0.03334569009309937,0.10584908593710216,0.00083416249139543,0.0025618549791522,0.3,0.2,0.5,50,2.613713656386073,3.66566092454369
20,25,0.08460664006481688,0.11140423234846354,0.15594570550730844,0.2354229906898331,0.036141269156258767,0.09823376957399382,0.00134158928485398,0.01254877244016179,0.3,0.2,0.5,52,2.7494675447819947,2.9305016202971546
20,26,0.08213665752390333,0.10688815308466204,0.15131741260379972,0.23717008171637863,0.04361149538572043,0.09768642241260785,0.0015819301587649398,0.01166058009296623,0.3,0.2,0.5,53,2.845077006305884,2.25856455986542
20,27,0.08451268920548417,0.09745727437939117,0.12129500305734442,0.21030423613184845,0.03989384757422936,0.10330069737731976,0.00208328600997527,0.01454334838837997,0.3,0.2,0.5,56,3.0771370054962066,4.022969479867021
20,28,0.08784847246080307,0.10441212892379828,0.138420957076001,0.22519003958213246,0.047309100852727104,0.11830512091937735,0.00223363093050459,0.01551168415154813,0.3,0.2,0.5,58,3.008334425628852,3.4085670194928683
20,29,0.08624169311332255,0.10605019376920669,0.15021018990240442,0.2501172318848342,0.04842809279374856,0.11963942642784124,0.00217056169158856,0.01553197409977627,0.3,0.2,0.5,60,2.964739713106192,3.082258030192243
20,30,0.08460362542704791,0.10860763327880216,0.1629705287807257,0.2595146274224114,0.046034748540460295,0.1169412929881322,0.0020578097574699703,0.01617708587977901,0.3,0.2,0.5,62,3.000592553645173,3.30045498105284
20,31,0.07579319500156942,0.11605409965023224,0.20122468264425003,0.2892610764463361,0.03494358194074266,0.09824780124328372,0.00368297512722011,0.009262140460044841,0.3,0.2,0.5,65,2.601244167916061,3.2902203482617502
20,32,0.07484249148512478,0.1140818709226954,0.19919741848955222,0.2990139640023746,0.03880788016826186,0.09972704373782101,0.0034510094204175798,0.0084008403704008,0.3,0.2,0.5,66,2.676173090330124,3.36762192406942
20,33,0.07223416343655506,0.10956960084941456,0.1945828630115735,0.3170801931795004,0.03538453962481085,0.09760514228097508,0.00298477195713374,0.00804010744403643,0.3,0.2,0.5,71,2.624623976980164,3.404983438905316
20,34,0.07104716666701653,0.11276088510240613,0.20798756683207373,0.33808550766162937,0.03434740959922443,0.09760023967331775,0.00294632580329367,0.00757347124275949,0.3,0.2,0.5,77,2.590573619711594,3.3229517401261504
20,35,0.06704780171239723,0.1011230297712705,0.18596195663738832,0.315938735507035,0.03300120052112606,0.09905015397315467,0.0006249034465047999,0.00348874321893976,0.3,0.2,0.5,83,2.7980765824687723,2.888562724981418
20,36,0.06934020005540423,0.10698608889935575,0.20199606966974584,0.39370414076709137,0.03617135751166809,0.10810163895352487,0.0011978333366036299,0.00568452545825918,0.3,0.2,0.5,94,2.5218926574178604,2.9069935713541883
20,37,0.06599459081990816,0.11686921758582088,0.24252678936579083,0.4321264185418595,0.03780852224233908,0.09562577761624737,0.00093777137419445,0.01191765942677791,0.3,0.2,0.5,98,3.0240925277146937,2.665476190029592
20,38,0.06585968263790712,0.10474577314383013,0.20980445209933316,0.4143209821706958,0.03983062308400819,0.09537414297775092,0.00109784993971303,0.013607063056587529,0.3,0.2,0.5,99,2.927187019212377,2.4604650371530825
20,39,0.06473008957436983,0.11417487549256641,0.23975726628470873,0.4456178940735937,0.03510289673364329,0.09676241432701807,0.00089211651908627,0.01115987911192835,0.3,0.2,0.5,103,3.0202979502682585,2.5552325833399463
20,40,0.060322813858201915,0.1048809295928007,0.2302081658823517,0.4681515658503214,0.03712907469365842,0.09571039845206561,0.0009104532535865,0.01117073162238083,0.3,0.2,0.5,110,2.9642844526525964,2.685506477522861
20,41,0.06032144681279114,0.1103234366364208,0.24592118868006707,0.4838119775275776,0.03448147232356377,0.09570737225164891,0.00091069948801359,0.01117111523629791,0.3,0.2,0.5,112,2.964269446031188,2.68593271880757
20,42,0.06036827423807609,0.12118320965894154,0.277318135774828,0.5117386459236339,0.03464876847389415,0.09601513615985512,0.0008973439460001301,0.01121315134711955,0.3,0.2,0.5,117,2.9679707905550314,2.6822982977098557
20,43,0.06019231686802705,0.14275501225269752,0.3399709378276613,0.678400565421587,0.03444424586859418,0.09517265266624106,0.0009352019619352101,0.01140373682522214,0.3,0.2,0.5,150,2.996977949097171,2.6985555475962197
20,44,0.06028132045332919,0.15361052773530523,0.37136113170850654,0.7465359370227784,0.034670473623559836,0.10024703744905661,0.00205619912408958,0.00829269837943947,0.3,0.2,0.5,162,2.845605599910745,2.1141406685209527
20,45,0.06006585241722486,0.1471669588870459,0.3546062937282553,0.7457642824276067,0.03653825621603487,0.10089935941442063,0.00186700410804259,0.00884284060166044,0.3,0.2,0.5,164,2.92014907968062,2.0462752036153
20,46,0.05868580983004313,0.14526376728000837,0.35267588389088667,0.8335896242741323,0.03427994354769123,0.098876638415338,0.00217085402790123,0.00803842975017305,0.3,0.2,0.5,176,2.788114903699736,2.0857410900483027
20,47,0.05919108170459117,0.11279979671829939,0.2585726241540873,0.7936697540421771,0.035439824589915125,0.09296295730805744,0.00408926483106412,0.01232437418829907,0.3,0.2,0.5,178,2.974565056310276,2.2376899758333315
20,48,0.058299815823607444,0.1216754373738529,0.2879314600093,0.8197155936155128,0.036304941406531725,0.09403862189551979,0.00412569200835574,0.01172528778223622,0.3,0.2,0.5,181,2.965545987605671,2.78347640837999
20,49,0.06823154634022187,0.1476539003830609,0.3447068238946761,0.878764013541623,0.04514976332414711,0.1097423560801198,0.00361513311330179,0.02284201206779812,0.3,0.2,0.5,194,2.865285889736825,9.53405166761492
20,50,0.0680134794004701,0.14723527161700728,0.34427798224847816,0.898121457527941,0.04538795726602261,0.10992087435956852,0.00357325460601948,0.022643186731898877,0.3,0.2,0.5,196,2.851935255567753,9.564385602250416
20,51,0.05557624338130043,0.13972941514584536,0.34701623844626067,0.8174558576674125,0.03560901173955352,0.09384173445518494,0.0034950165059840902,0.00828725930968352,0.3,0.2,0.5,197,2.903767384516703,1.92745455500516
20,52,0.05495746339986332,0.1445059148514387,0.36206086971116447,0.8280049364508448,0.032521843924629534,0.09486923714542504,0.0033372295355425297,0.00657998044266965,0.3,0.2,0.5,199,2.8729872209404554,2.05101278196911
21,0,0.8531233809670596,0.9114712421363269,0.9089560723352154,0.1610344252061783,0.0,0.0,0.0,0.0,0.3,0.2,0.5,1,8.895104325703244,26.226302799655457
21,1,0.4201568135080582,0.5638372614738697,0.5505620787682044,0.1282511027245359,0.4216560269045027,0.10326312609458528,5.876070326309e-05,0.00018895403560769,0.3,0.2,0.5,3,5.134531739021486,10.288539964260272
21,2,0.12187676164225804,0.15178104337222675,0.13676671900309553,0.0569709901883373,0.4722028784753004,0.11876794102500718,0.00035897500489564003,0.00115433907510637,0.3,0.2,0.5,5,2.29698708223529,1.683646364765621
21,3,0.12169752099532652,0.1512554043736932,0.13621753481899723,0.05252824533336333,0.037487123063441874,0.11947276153340629,0.00040438831472724,0.00130037252410309,0.3,0.2,0.5,7,2.106215326235932,1.805970323670438
21,4,0.11078291392786788,0.12876349178893395,0.10308792739750999,0.05667926817081937,0.05898518912774054,0.1067241535218137,0.00032886516148146,0.00074457300853382,0.3,0.2,0.5,8,2.11427874804906,1.7843683705622462
21,5,0.1103191846008148,0.13338840441048297,0.11796196015272928,0.06246064493284649,0.03315332819035003,0.10651896083310393,0.0003296964711713,0.00072231445431502,0.3,0.2,0.5,10,2.087990225781953,1.7946586922492214
21,6,0.11006086600349689,0.13845277392632932,0.13329007540316185,0.06860468309292393,0.03252326987348233,0.10615887470222676,0.00031907056849593,0.00069446417306901,0.3,0.2,0.5,12,2.10547207640588,1.8168655309510515
21,7,0.1131056307900914,0.14547989551881377,0.15050074094114113,0.0937550839420962,0.0381635465605875,0.12161896588376568,0.00021839606136922,0.00074370650960395,0.3,0.2,0.5,17,2.163709451896914,1.982841136839708
21,8,0.10957616261489649,0.13890974294961062,0.1437508950567955,0.10755598439064284,0.04968589547676776,0.12072779179497779,0.00023016904447990997,0.00077276600867909,0.3,0.2,0.5,18,2.1725116747639506,1.924974126525257
21,9,0.10413536442922788,0.13257783658418051,0.13736676092532957,0.10019985653695478,0.03310956669637516,0.10230916862415369,0.0008539531918712901,0.0025931221867672603,0.3,0.2,0.5,22,2.3941682806703617,12.430722816479072
21,10,0.10399641098704059,0.1378212409092609,0.15287721291315476,0.12405615745597251,0.03213189133265288,0.10237009155604844,0.00083533073232818,0.00241904037224722,0.3,0.2,0.5,28,2.356202909129633,9.817582146967048
21,11,0.10836451640213349,0.13027270452000297,0.12472721978194468,0.13183323092314855,0.04190858813792766,0.12210646885453218,0.00052350214002449,0.0016153941048922898,0.3,0.2,0.5,29,1.98544628011116,2.1280950365842037
21,12,0.1056098778803415,0.14862817672267417,0.1841262170974806,0.1579573137778807,0.03596939590429392,0.10038639046254023,0.00077347947268916,0.01045137322051465,0.3,0.2,0.5,35,2.505936221173832,9.805384186606194
21,13,0.10321009642153357,0.14506692729757723,0.1804973148310317,0.15919616642589382,0.039221438452545186,0.09950422923326271,0.0006265320340001201,0.00867619623419255,0.3,0.2,0.5,36,2.423218261319964,9.640330794943203
21,14,0.09871159301307718,0.13501562695168567,0.16016906592937316,0.16343242361613852,0.03008435938780111,0.0963851741250935,0.00039387820506273,0.00187241380484477,0.3,0.2,0.5,39,2.4703757750488182,9.68231830480966
21,15,0.09845567196227259,0.1436960033422767,0.18927754974273084,0.17371823581279536,0.03991786963734532,0.09734695130858596,0.00029323946750768,0.00488320960383963,0.3,0.2,0.5,40,2.471963264812438,9.575449182691026
21,16,0.0975134420333981,0.14758686038683969,0.20340363421629995,0.1882752461726169,0.032674811092178915,0.09792475463530788,0.0003152567740204,0.0039058974922919895,0.3,0.2,0.5,42,2.43704871399852,9.23687648003857
21,17,0.09409647221897763,0.15314522743230174,0.22939300748560887,0.2048991212038918,0.032605104811009034,0.09590998550115488,0.00046613184191069,0.00214597263619821,0.3,0.2,0.5,45,2.421698143690097,8.290765945586447
21,18,0.09361397323223354,0.15193009193339316,0.22813573417335345,0.22396119715673254,0.03081137954082725,0.09675309271624713,0.00039281629658759,0.00219487439020741,0.3,0.2,0.5,50,2.4498360380669952,8.29131327323851
21,19,0.09558467534209229,0.15365099521394235,0.22984253979582223,0.24229895343706992,0.03277259398109304,0.09863000199026196,0.0033533608268781303,0.00433459582501582,0.3,0.2,0.5,53,2.4388132376294296,8.959916478647983
21,20,0.09055340672643619,0.1423692328811383,0.20824396592074101,0.22444202161267912,0.029883163690882824,0.0888138098484435,0.00048828586996203,0.00293733429147006,0.3,0.2,0.5,55,2.484310361522084,8.137466994090138
21,21,0.0856715738280276,0.1371364646182482,0.21295362540637866,0.236382139165504,0.04101303402244207,0.09358009033044792,0.0004379455092935,0.00186077958710323,0.3,0.2,0.5,57,2.277168086941046,8.744909519370045
21,22,0.08510733815066304,0.12995994435107777,0.19544066497680265,0.2298781996379207,0.03204665428285622,0.09525127260246992,0.00043685889040086,0.00200948714798929,0.3,0.2,0.5,59,2.3173684618666988,9.061443011840002
21,23,0.08502635293246438,0.13524061059901318,0.2109874884960961,0.2529309996166362,0.029837293716607382,0.09525127260246992,0.00043685889040086,0.00200948714798929,0.3,0.2,0.5,61,2.2980528451122977,8.973098942300425
21,24,0.08420582261735927,0.13768910634998005,0.22358508913439043,0.27006779664194397,0.03977937770540412,0.09796266172338054,0.00046103798846298006,0.00294103023635615,0.3,0.2,0.5,62,2.3815412426536264,8.820603714923552
21,25,0.08342193670497264,0.13677562261695916,0.2226643368922842,0.26935873366903873,0.030554603951042356,0.09687946433368828,0.00045043309313437996,0.0022766825303757498,0.3,0.2,0.5,64,2.32449737054952,8.931646461838026
21,26,0.08388108281588887,0.1425123184616761,0.23866248097124587,0.2800498242113088,0.03125020916052921,0.09797869226449743,0.00046900754700189,0.00284944899891354,0.3,0.2,0.5,66,2.373255623194153,8.900483226275426
21,27,0.08327748432158634,0.16864149980217882,0.31611708431562047,0.3348572500760912,0.030978483071471802,0.09787981676346218,0.00048613598368981,0.00263742985877863,0.3,0.2,0.5,76,2.338659740653969,8.965116545090913
21,28,0.08550269110249625,0.15407495760229578,0.2707133318902461,0.34081314492966513,0.03381204937754899,0.0977861688255385,0.00301347149737289,0.0070085228135512,0.3,0.2,0.5,81,2.3592256085944143,8.02873747459855
21,29,0.08403864830015725,0.15024054991102875,0.2667474759522252,0.34764389074465246,0.038996937324360006,0.09767221998228728,0.004454794108056119,0.00807553840084884,0.3,0.2,0.5,83,2.3438911837387204,8.076154903163216
21,30,0.08391043892415252,0.14453151494757155,0.2507602491529971,0.3711601279233479,0.03432118450410741,0.09767221998984069,0.00445479408458826,0.00807553839361431,0.3,0.2,0.5,89,2.3602923519490586,8.14708676561007
21,31,0.0839104389246692,0.16086602139908662,0.29790691750407483,0.41107654926654075,0.03423052985303586,0.09767221998228726,0.004454794108056119,0.00807553840084888,0.3,0.2,0.5,91,2.360292350222067,8.147086763822287
21,32,0.08386125640250801,0.13901381048184352,0.23497088801839297,0.28524931910366125,0.03421325439979401,0.09760393134630296,0.0044671684848741604,0.00805821058667339,0.3,0.2,0.5,101,2.365309532101591,8.126376419226608
21,33,0.08386125640250801,0.13901381048184352,0.23497088801839297,0.28524931910366125,0.03420376933598525,0.09760393134630296,0.0044671684848741604,0.00805821058667339,0.3,0.2,0.5,105,2.365309532101591,8.126376419226608
21,34,0.08362237304249343,0.1441074148593385,0.25032859591054346,0.31946663808796116,0.034522704375692874,0.09714184476366444,0.00446144575703531,0.00807263094059058,0.3,0.2,0.5,106,2.3417468557346326,8.016973789404437
21,35,0.08317387622846349,0.16995425594287397,0.327477698265533,0.47676775341397526,0.03573685423624813,0.09766498487568548,0.004481507589333441,0.008602123086296699,0.3,0.2,0.5,109,2.374411763539117,8.199250986034055
21,36,0.0826494555244798,0.17431437810605288,0.34207736077047746,0.4992418003523475,0.035614587421088945,0.09766498487568548,0.004481507589333441,0.008602123086296699,0.3,0.2,0.5,111,2.326785330589269,8.00479007050033
21,37,0.0826492365955573,0.19064838061033895,0.3892231837339464,0.5452105902139319,0.03449696902204494,0.09766498487542637,0.00448150627597245,0.00860211270858143,0.3,0.2,0.5,121,2.3268187529489066,8.004945752466973
21,38,0.08091490283197257,0.17136467296584473,0.33906089996005834,0.5080639500249844,0.03631784467236589,0.08901575947698723,0.0064468625098572496,0.0118038718466076,0.3,0.2,0.5,123,2.4057064294638595,8.874862189177275
21,39,0.08068210560745537,0.1871631773640975,0.38565467705538864,0.5561409148941401,0.03405535816391473,0.09776625561081476,0.00507075529559085,0.00720213415701508,0.3,0.2,0.5,134,2.354419316737125,8.032327914837305
21,40,0.08090757515943969,0.19263583292646333,0.40138707764967246,0.591850575420996,0.03443227720810365,0.0978487762171934,0.00480581783114719,0.008076593665837729,0.3,0.2,0.5,144,2.430190853162624,8.031754034437574
21,41,0.08060825410627567,0.19711982971332231,0.4161057370207804,0.6014914627532026,0.03554266660119638,0.09784804915524477,0.00514399520715721,0.0085683602781661,0.3,0.2,0.5,147,2.411711074970285,8.033866211757871
21,42,0.575626237049856,0.7243869765042248,1.0049732824176107,1.2443674363196027,0.5301329497716115,0.09759433321837452,0.00397556650993202,1.0,0.3,0.2,0.5,175,2.3260744700786145,7.876088771588656
21,43,0.0771548787352125,0.22579248589135115,0.5063722746428633,0.8890904430422257,0.03176081787908619,0.09484938099620879,0.00121203930478774,0.00603696608736366,0.3,0.2,0.5,186,2.360683849383391,1.981873814175828
21,44,0.07714733516011463,0.22577119621366637,0.5063499672008229,0.8890903992652374,0.03176722438094362,0.09484794858301723,0.00120760356188738,0.0060498603721869,0.3,0.2,0.5,187,2.361525380041158,1.9794875620671164
21,45,0.07710888702147616,0.22561871846476936,0.5061914436606119,0.8865949557089317,0.03201407336269398,0.09415522802189076,0.00114480815294646,0.006624326202038169,0.3,0.2,0.5,189,2.3907774633741696,1.984092511783644
22,0,0.9029679066956304,0.9427065990050149,0.9410789135472413,0.16715130739168352,0.0,0.0,0.0,0.0,0.3,0.2,0.5,1,7.644495532384624,26.11867599364589
22,1,0.4534881011389221,0.5984912575956473,0.5862622418271248,0.12650599030229626,0.41371254650075606,0.09600300603973735,5.756566760681e-05,0.00019534718489940998,0.3,0.2,0.5,3,4.249769173106403,10.216379575480032
22,2,0.11459249428485743,0.14010568667206544,0.12482546230888053,0.04479588267559012,0.5175008109906091,0.11053514811942948,0.00041797327497672995,0.00141837845410888,0.3,0.2,0.5,5,2.106435040453843,1.921109960050988
22,3,0.11058099457032748,0.12963263576978187,0.1040212128926228,0.055736077296342876,0.032546069562053394,0.10207076434927287,0.00032926429141466,0.0007677243967022099,0.3,0.2,0.5,8,2.0500133117744133,1.757858985695772
22,4,0.11258556689457817,0.14701417701368277,0.1521571437484943,0.05900821647696197,0.03621099251230158,0.11091733016034544,0.00045218530357989,0.00153447583915051,0.3,0.2,0.5,10,2.115484453115417,2.1854447501798693
22,5,0.11238587655263188,0.14115891539985184,0.13601887867358683,0.06656648694823485,0.03507722521166245,0.11098396313187653,0.00045855233290391,0.00155608214211419,0.3,0.2,0.5,11,2.111543213527093,2.2403366266481024
22,6,0.10868665694660389,0.13147638769641376,0.11603337744856342,0.06968143269255034,0.032222192303978,0.10275636327865241,0.00016756324707232,0.00039314033261022,0.3,0.2,0.5,13,2.067815356997723,1.758375331260025
22,7,0.10942161056678165,0.13025882796819185,0.1147000495178104,0.07408825266428395,0.042337326310477805,0.11140310930310049,0.00027008658203785,0.0008905676017118899,0.3,0.2,0.5,14,2.152784528647139,2.879553809264533
22,8,0.10896617171923705,0.13469026608259674,0.12936900811605015,0.08082908629854925,0.03526633557007916,0.11190073622788695,0.00026692986015113,0.0008897531540186099,0.3,0.2,0.5,16,2.121079949023718,2.857715926167651
22,9,0.10891706509019017,0.1345923436447842,0.12926834626059483,0.08326809637246219,0.03428250466474013,0.1119101454045139,0.00026798315007028,0.0008912252036955001,0.3,0.2,0.5,17,2.121226120478484,2.8574903803449883
22,10,0.1085335757254841,0.1395226465626066,0.14446143416686275,0.08244874347299654,0.034392543436768716,0.11118333233922983,0.00025650628790187003,0.00084785393012867,0.3,0.2,0.5,18,2.1543920547706965,2.599089931277528
22,11,0.10845486209918202,0.1448157750499566,0.160020856635504,0.09947787128557008,0.03398655581243642,0.11118333233922983,0.00025650628790187003,0.00084785393012867,0.3,0.2,0.5,20,2.14998034539765,2.596559233012995
22,12,0.10855509041540413,0.13231581108632437,0.12687898987066223,0.10628116152251146,0.038204530853524855,0.11695711648901783,0.00027580768642434,0.00124811890288269,0.3,0.2,0.5,23,2.1972307133235125,2.9253522783810086
22,13,0.10868279447192568,0.1324175809984584,0.12697916127993408,0.10888140790494726,0.03603356654583631,0.11738505759942282,0.00028065394262217,0.00130062930697055,0.3,0.2,0.5,24,2.2024452739156333,2.9315596855693933
22,14,0.10587800150730259,0.13291828386615998,0.13762519362497408,0.11308988390897359,0.04448357789984463,0.11561736111917709,0.00029178514322801997,0.0012888040546907699,0.3,0.2,0.5,25,2.2157714233718115,2.901074721718179
22,15,0.10588323876109246,0.13291477315249417,0.13762131624021331,0.11310090628850755,0.0354401419955904,0.11566106355140908,0.00029155427299189,0.00129187709201282,0.3,0.2,0.5,26,2.2154851748429665,2.901316070385944
22,16,0.10475414727513571,0.13629038797480422,0.15121275749832033,0.12357517069563943,0.039242727744129915,0.11535562413493268,0.00026927864268664,0.0012045836505148301,0.3,0.2,0.5,27,2.1776890858156293,2.372917985968447
22,17,0.1471706056826008,0.18327161570303166,0.20841307035476705,0.18843853545902414,0.07934284726727855,0.11170219102658543,0.20087689040500614,0.009828136657407501,0.3,0.2,0.5,32,2.1182570250902293,2.863450843336413
22,18,0.1079434664538499,0.1547593719001833,0.20043209598829176,0.14932391450679708,0.04029272454288975,0.10736091774894434,0.00834212306635531,0.01135747975289763,0.3,0.2,0.5,33,2.1471355112202404,2.863280622155293
22,19,0.11906495467421539,0.15984012841325057,0.19520786356735526,0.1696954383598714,0.05380637033833531,0.11170304359065852,0.01309988223453645,0.030333246030487322,0.3,0.2,0.5,34,2.1282763451436564,2.8633043702279606
22,20,0.17557922050903446,0.22522357136334106,0.2810154997090173,0.2393213490622444,0.1183806206076034,0.11138612633048246,0.03010882573408043,0.14092778840389997,0.3,0.2,0.5,35,2.155930273735334,2.9569883257599945
22,21,0.22329943442508626,0.27242383606330706,0.32818607084391144,0.29644555881070794,0.15923980035805285,0.1084547172496864,0.00854061120975453,0.24782040135991074,0.3,0.2,0.5,37,2.190434876818041,3.040303093086227
22,22,0.1546924801570627,0.2085880794302906,0.27458192794759084,0.23417398821710628,0.09164340240119963,0.11108059736636455,0.0040230626952854,0.11221711412353612,0.3,0.2,0.5,39,2.1045563372155733,2.6401920021590137
22,23,0.10273650168884067,0.1591720055247457,0.2253123038977764,0.22431172462763044,0.035935260012981626,0.10783663250653697,0.0019320514870562098,0.005862973184511721,0.3,0.2,0.5,51,2.4122935932293577,3.022411786626595
22,24,0.2053053372225756,0.26844881741181936,0.35488978266625426,0.33831748701468756,0.14433858079643672,0.11186893590863053,0.00455510505701998,0.21609735758288084,0.3,0.2,0.5,53,2.063741471838993,1.8737125875551133
22,25,0.2808893241398751,0.35374658499395883,0.4606617690681584,0.44034962367700897,0.22010314293626798,0.08928141830205147,0.028320446281517857,0.37368494142725206,0.3,0.2,0.5,59,2.080400587552369,3.675760691832112
22,26,0.16428586038683965,0.23438262952422945,0.34114103704909493,0.3317015805583414,0.11113373613434646,0.10319888628440084,0.00745880099204964,0.14598510842864248,0.3,0.2,0.5,61,2.059302380919622,51.68150795496116
22,27,0.16060554011728456,0.24089250049982497,0.36815274586762226,0.3395841381112261,0.10302969194461822,0.0971678908767172,0.00831691137985712,0.14328376268489756,0.3,0.2,0.5,66,2.059552819642527,5.378996932494217
22,28,0.17908168985571954,0.25911916302238625,0.3863652448228626,0.36128946609478785,0.12219578450968492,0.10266096684349482,0.04934802839238748,0.16101846331765074,0.3,0.2,0.5,67,2.100175570438094,1.8359062810623796
22,29,0.13220973514610473,0.21144890096295976,0.3386498323355479,0.31797539348603965,0.07835828262893742,0.10485576233933772,0.00972658731598227,0.08337770575423101,0.3,0.2,0.5,68,2.051643352374887,84.19711597098248
22,30,0.09362454828123412,0.16619713132718023,0.2830588443294966,0.34901125118324877,0.037994741506390844,0.11568449342623091,0.00194589090242042,0.005213893926077779,0.3,0.2,0.5,85,2.0584781721358896,2.774260971015984
22,31,0.09160975692530535,0.17177306763272385,0.3089918194748365,0.3726373514188096,0.052265068388475305,0.12321929073500645,0.0017868761778644202,0.00310982068864857,0.3,0.2,0.5,86,2.0468274020520054,2.739532074526516
22,32,0.0918094333042893,0.17183053847434834,0.3090412498979314,0.39790827366735726,0.039310023460588706,0.1232615042904948,0.0017393019574080601,0.00377577527340688,0.3,0.2,0.5,92,2.0465007032804308,3.1353494220883324
22,33,0.08899164833751678,0.1623079837952735,0.28917817888460745,0.41418420703989683,0.03861774312935633,0.11583013475922996,0.0015483209127055701,0.00508428362241178,0.3,0.2,0.5,97,2.0844866522917425,2.564433807432734
22,34,0.08768294118007518,0.16439072181772607,0.30141798485543925,0.40596330450852713,0.04648472062367532,0.11389305867999247,0.00165825924476805,0.0074754611323157305,0.3,0.2,0.5,98,2.088347511258376,2.932756421872448
22,35,0.08552440357700025,0.1618826385526119,0.29889047792361234,0.4108648530102511,0.03780556740125969,0.11097546286215014,0.0022404831775404603,0.0053335188207582,0.3,0.2,0.5,99,2.1271506916076706,3.018563521248048
22,36,0.08908285179686536,0.17485170440867667,0.3323191755657802,0.45958116574556057,0.04363434219376892,0.12331816885492142,0.00312781362822198,0.007462389002056399,0.3,0.2,0.5,106,2.140162392740032,2.547759643786036
22,37,0.08661094814750546,0.1600117886831086,0.29685716327056044,0.4697632232041728,0.04273090321122867,0.11567097514771485,0.0026345069527370603,0.01005491169822222,0.3,0.2,0.5,110,2.2038645115399067,2.5363924875633828
22,38,0.08636790610477987,0.1646229120655045,0.31170635141931496,0.48050324724764143,0.04134883834735775,0.11699685297307143,0.00235216089572314,0.00998000565448342,0.3,0.2,0.5,113,2.210970935054472,2.4936306422348293
22,39,0.08429396182855708,0.16542260343764253,0.32263662796296333,0.48816709353434484,0.04855969808115761,0.11412183670226368,0.00251534176049227,0.01221423124588195,0.3,0.2,0.5,114,2.1738406241149093,2.609487387059782
22,40,0.08387415834406357,0.17034198185484864,0.3378208521280412,0.4901207635619594,0.04074312356567274,0.11415799729488688,0.0025478241913316603,0.011532736672154289,0.3,0.2,0.5,116,2.1850978833787083,2.712583323879379
22,41,0.0833128087284075,0.17469905426264004,0.3524201767302845,0.5040539691782068,0.041130496646873405,0.11411693133421012,0.0032586018685944497,0.01110944296067998,0.3,0.2,0.5,119,2.202094829019537,2.8176521941513606
22,42,0.08560855873539969,0.21626710694764786,0.46594535723397956,0.659407894156236,0.04169304839597682,0.11068522202550994,0.00461919913828923,0.015101398253072041,0.3,0.2,0.5,152,2.3718695626948025,2.5541131425051438
22,43,0.08494515916340042,0.24595362039132276,0.5571297219072529,0.7609302434900912,0.043235943763143,0.11535952845023549,0.00450540228281812,0.015234829369004398,0.3,0.2,0.5,170,2.273471385113986,2.09479024384084
22,44,0.0876201762218217,0.20944450395074202,0.4386934491042813,0.8171687035746447,0.04191047260208412,0.1206165599991282,0.0028060627845707302,0.01011122827294656,0.3,0.2,0.5,184,2.2812433786476447,2.7675733294724294
23,0,1.0,1.0,1.0,0.17837114993897257,0.0,0.0,0.0,0.0,0.3,0.2,0.5,1,5.243367503861255,26.089520221370076
23,1,0.490579064614932,0.6350736545720601,0.6239162705302248,0.13275848765079512,0.4327680804252252,0.09223468551414564,6.220572150067999e-05,0.00018717005022116,0.3,0.2,0.5,3,3.3049695927756404,10.20934895666676
23,2,0.17707384309379787,0.24635554199166831,0.2240531795890191,0.06183116867321925,0.4358669513573061,0.10300104982709146,0.00024882288600271997,0.00074868020088465,0.3,0.2,0.5,5,2.5901134067328107,2.4752310014544943
23,3,0.08197503915689805,0.07655091719613091,0.05949342642295907,0.03498385101522289,0.2153832557894714,0.10688832811896051,0.0005249973286085799,0.00157965817277063,0.3,0.2,0.5,7,2.906868940342064,2.5336043087948767
23,4,0.08188937393141944,0.07630965374138876,0.059243587381158855,0.038417489392034716,0.03333341139818163,0.10700851451383571,0.00053942968711713,0.0016230835233925398,0.3,0.2,0.5,9,2.955892869049432,2.692967450285125
23,5,0.07962201682834986,0.0720471995433639,0.0548715951631006,0.050638430044781406,0.03527310710416777,0.10713316097880213,0.00028266852614968,0.00084603362209801,0.3,0.2,0.5,12,3.017159667683654,2.910297498504228
23,6,0.07933296070352593,0.07106706298645524,0.053853433197701375,0.054712620783782646,0.0357478656877482,0.10830332770305304,0.00028454530633645,0.00085846948236832,0.3,0.2,0.5,13,3.2230527617507634,2.950504020148911
23,7,0.07684943072512043,0.07151116293994342,0.06443074210408362,0.05593684141386836,0.042760691709234785,0.1077612554131013,0.00028214361954902,0.00084525977409968,0.3,0.2,0.5,14,3.076855881189646,2.9017470560981957
23,8,0.0732914338085002,0.06933142767971298,0.07230143557327987,0.07957233843730285,0.03693292541142919,0.108130027069638,0.00028122518497474,0.00088024245993591,0.3,0.2,0.5,18,3.0536669276338584,2.8895362764191588
23,9,0.07251218721472363,0.056573398284809645,0.038943522420098804,0.0830299755829757,0.03398258938332133,0.10873241740694768,0.0004525138224526,0.0008417342869209201,0.3,0.2,0.5,23,3.142997460487768,2.8452227620994366
23,10,0.06979310196611331,0.0626933284741129,0.06549467238921826,0.09685394660880263,0.03622887114910991,0.1057222520611634,0.00041979107482473997,0.0008673044120858101,0.3,0.2,0.5,25,3.3103822674733228,3.0525968691327368
23,11,0.07032713048878984,0.06306243492234438,0.06585494230164514,0.10020688159037709,0.03355344647947362,0.10798893594251917,0.00041631968106085,0.00086768122327889,0.3,0.2,0.5,26,3.2463825662902472,2.9836891350725083
23,12,0.06930766898965288,0.06713546605703366,0.08017969576627193,0.10455279800650535,0.03357302311529406,0.10565313576326332,0.00041310285470666,0.00085348629358522,0.3,0.2,0.5,27,3.2245173974540573,2.907521533139967
23,13,0.06866369068663979,0.07607291564798914,0.10958857474385837,0.11840853659277939,0.033725880628902645,0.10717307133465064,0.00037649040624808,0.00096882836816784,0.3,0.2,0.5,32,3.160157954208902,2.948642502400354
23,14,0.06922366644554742,0.07003263093307058,0.09321610225971658,0.13688240347132424,0.03875754631269395,0.10790805592484369,0.0016566624882671,0.0031590710202500697,0.3,0.2,0.5,33,3.3888948098845906,3.632403438017697
23,15,0.06600431520150031,0.06868414824045001,0.1019487813553037,0.13826902040730274,0.04102535202598917,0.11130540241164025,0.00168854056267706,0.00084822821627387,0.3,0.2,0.5,35,3.539525731798262,2.9612546419692376
23,16,0.065138320503135,0.07229531963951967,0.11577961839812892,0.14354767915445976,0.03596173962919938,0.11130968749972861,0.0014829971946082,0.00084834199100063,0.3,0.2,0.5,37,3.499916581523257,2.9321010841667103
23,17,0.06505877665380655,0.07756717923826878,0.13131720268789995,0.152237190934202,0.03429185509545471,0.11130968749972858,0.0014829971946082,0.00084834199100063,0.3,0.2,0.5,39,3.4565521266164,2.9110061878001816
23,18,0.06617379896616547,0.07279299559872222,0.11624897166820192,0.1569353078023445,0.03732336163448706,0.10926809447918824,0.0039055678223150502,0.0040985646727448605,0.3,0.2,0.5,40,3.5272082636769344,2.972331798664153
23,19,0.08376490620324521,0.10648434800627117,0.14083053196882597,0.178313950933089,0.034047928618968715,0.10056090938601323,0.00796698428461271,0.00424597745277599,0.3,0.2,0.5,43,3.5763366202138807,3.1136123258788238
23,20,0.0632943914000703,0.07301342901909066,0.12661709819846081,0.1793563591254759,0.04314127187711034,0.11278070510745467,0.00228571744594206,0.0008449103520581499,0.3,0.2,0.5,44,3.3530198572360623,2.863055537584124
23,21,0.0644747999739898,0.06679085126714937,0.12001006726231411,0.1935627071066616,0.06994829600402777,0.11431505267635197,0.0054498990977392,0.013285445571184731,0.3,0.2,0.5,45,3.449063309738566,3.284013393025964
23,22,0.06447407391860815,0.06678918963522712,0.12000838740240077,0.19657046502464504,0.04203000915708789,0.11431505267635196,0.0054498990977392,0.013285445571184721,0.3,0.2,0.5,46,3.384345543654983,3.252683790291921
23,23,0.058284959009569794,0.07343419628969554,0.14729463431658157,0.19884183047755374,0.03842032408219219,0.107795610370085,0.0023910051473299302,0.0028674102901869803,0.3,0.2,0.5,52,3.3933775401279505,3.0365649302598494
23,24,0.06281407190895415,0.0830488265710093,0.15717424919281645,0.20420785533328142,0.036517328835157216,0.1081723637994437,0.00140596567179874,0.00363076188635597,0.3,0.2,0.5,53,3.3028265431379427,2.988916479422015
23,25,0.05956554333075263,0.07632230236771151,0.15026630790981588,0.2059827071297703,0.038741616817261994,0.10790989297899937,0.00242445341916094,0.00268747240168313,0.3,0.2,0.5,55,3.3490797001722714,3.13388185347366
23,26,0.05915981602399731,0.07998601919992963,0.16412928752197614,0.23206582389976887,0.035287923268248776,0.10763129277549617,0.0019241453966641,0.00451330544891796,0.3,0.2,0.5,62,3.2849376716126217,3.384302587796779
23,27,0.048893055137691384,0.06219197055715963,0.15594279293187635,0.266557576345442,0.03575018748582845,0.10767754458937555,0.0022209856028893,0.00458356564659062,0.3,0.2,0.5,64,3.643773965257396,3.364262243122577
23,28,0.055305534773594844,0.08308310473582625,0.18756446871551113,0.2632684991107468,0.034348165812192674,0.10776595931031727,0.0017016493082452299,0.00323700208090424,0.3,0.2,0.5,65,3.3584722987108395,3.2291146282646928
23,29,0.05429355435018216,0.06682172027926656,0.15053875282661885,0.24719689755188543,0.04117639351705006,0.1079874918594487,0.009233660614527819,0.00505093735821716,0.3,0.2,0.5,67,3.43059928700742,3.321935313338132
23,30,0.052684993375241775,0.06853174854557799,0.1624115508350326,0.25950749967107284,0.037118827100923464,0.10682546348957858,0.009170906151974299,0.00591458058940582,0.3,0.2,0.5,69,3.4771257343156488,3.2729299511247003
23,31,0.05112897900843477,0.0653925480471834,0.15919176364846022,0.2827273673043254,0.036614822354418625,0.10695593970544981,0.00871000873648409,0.00538947507920609,0.3,0.2,0.5,73,3.519826362405808,3.711558389943664
23,32,0.04776024915328116,0.10733350133394592,0.29338188136428295,0.4824714701071363,0.03602076391464007,0.10683565368610262,0.00213062065361432,0.0070795426679514896,0.3,0.2,0.5,117,3.6124487511604895,3.28998227849607
23,33,0.05295513935824792,0.11756067558808973,0.31385914561223316,0.506150384774058,0.04303794645795318,0.12145323124237897,0.00382642520212866,0.008656258645191919,0.3,0.2,0.5,118,3.60647527222896,4.223737907253402
23,34,0.05148677017043846,0.12567820961229276,0.3424526404487507,0.4942423047967383,0.043435222555146064,0.11598708836026186,0.007509187897523061,0.00951995653566251,0.3,0.2,0.5,120,3.667294598344946,3.726530676105996
23,35,0.05085456760068444,0.11726900667338062,0.323656101667116,0.5174898366013917,0.05064974258379307,0.12074352069499543,0.00513829192575234,0.009892852998215,0.3,0.2,0.5,121,3.582877316891949,3.974143017980245
23,36,0.05077362700944455,0.11708417167237353,0.3234661294941727,0.5359287379217886,0.042288822732751426,0.12072380191428009,0.00514406335107288,0.00989760006455989,0.3,0.2,0.5,125,3.583822230877875,3.9914508853355866
23,37,0.050764279739178214,0.1225041442066545,0.3391561690854939,0.5480083509697596,0.0422250670962581,0.12074352069499543,0.00513829192575234,0.00989285299821499,0.3,0.2,0.5,127,3.5601492918527216,3.977264598011325
24,0,0.9492825228034314,0.9706027403633657,0.9697675611435407,0.17261422493788,0.0,0.0,0.0,0.0,0.3,0.2,0.5,1,6.530938375312986,26.043997784635355
24,1,0.47086833016962193,0.6158651977219741,0.6041578057403667,0.12911696757995203,0.4225651813086741,0.09276797973921372,6.054246751761e-05,0.0001669688978776,0.3,0.2,0.5,3,3.802849213277518,10.203772691160484
24,2,0.18315026639476242,0.25609936357120533,0.23406992615102515,0.0638494228254857,0.40613242260620686,0.10359659438543782,0.00024216987007045,0.0006678755915104199,0.3,0.2,0.5,5,2.3922311877475617,2.486880390196
24,3,0.10630611164216859,0.12508937199719006,0.10940914411278672,0.04453442859637814,0.17534770995868246,0.10742050201027031,0.00050130580703845,0.0013825415701219101,0.3,0.2,0.5,7,2.235460799065248,2.4126309867028377
24,4,0.10620743428394883,0.13038853013723678,0.12497664999082722,0.04964874341386253,0.033069577887877885,0.1073178950701291,0.0004901022218323601,0.0013516434196031,0.3,0.2,0.5,9,2.223304139533173,2.3042657289273665
24,5,0.10390120279035847,0.12260647932956009,0.10692173591322304,0.04927382307071434,0.030829266409107475,0.10074980700936916,0.00038125038304284004,0.0007902166506266901,0.3,0.2,0.5,10,2.234021465388536,1.790422014659297
24,6,0.10375595908096688,0.12001823494682287,0.10419034571418545,0.06443343591544677,0.04354327363217757,0.10905541122349367,0.00027330847630016,0.00075366601065073,0.3,0.2,0.5,11,2.3230560653731254,2.902952789923776
24,7,0.10337289222301968,0.11928540158378076,0.10343730977226243,0.06830648633168687,0.03461644027817234,0.10900837680682643,0.00027319841775521,0.0007535755704656301,0.3,0.2,0.5,12,2.335062661656368,2.90041905378765
24,8,0.10260607004808761,0.12333003189975732,0.11771554167239622,0.07040639956020021,0.03571293618666426,0.10877142532334798,0.00025444089184944,0.0007016314651404701,0.3,0.2,0.5,13,2.280768951107122,2.480489275428376
24,9,0.6202789203030405,0.6399371625884724,0.6342607236477235,0.5929505830416057,0.5563204810625406,0.17255450205455294,0.00027567902114301,1.0,0.3,0.2,0.5,14,2.313177805423657,2.871169588428705
24,10,0.10052782565345234,0.11414700729152033,0.09816522208263795,0.06337374740711174,0.035192069700433926,0.10740656190541828,0.00033761146850304,0.00079999873908454,0.3,0.2,0.5,15,2.308491571258213,2.871775661679297
24,11,0.10051072296208247,0.10862053757124758,0.08236452761896428,0.06333857901153651,0.033014304944794653,0.10727940061898511,0.00056647313551568,0.0008860141692152599,0.3,0.2,0.5,16,2.338395059356681,2.8607236929314297
24,12,0.1007526539749599,0.10843143731625392,0.08215048097055651,0.07278434095237384,0.03403230702761383,0.10978486713338187,0.00031439233997003003,0.00086137868391644,0.3,0.2,0.5,19,2.2963676327513665,2.856655065380064
24,13,0.100255279603496,0.1074493808641521,0.08114043452291594,0.0748136753380424,0.03546985586617307,0.10981363985908857,0.00031435589837147,0.00085403544419793,0.3,0.2,0.5,20,2.3145333070285563,2.83729311047262
24,14,0.09723970636645474,0.1067144417395918,0.09049401333424181,0.07864192283641892,0.046882089860739516,0.10922077063661018,0.0006158210623266401,0.00154745034520453,0.3,0.2,0.5,21,2.3151347722021365,2.896441194270796
24,15,0.09652261758542247,0.10541811848477198,0.08916456043346901,0.0806271150411701,0.035941068376374646,0.10950515084447603,0.00053964711421515,0.0011489058140357901,0.3,0.2,0.5,22,2.324066651128849,2.9212961251452003
24,16,0.0957798731622808,0.10950950654345919,0.10349155848600715,0.09008259852455107,0.03425378215989164,0.10920182113615755,0.00051791968919909,0.00108992104892983,0.3,0.2,0.5,25,2.2754044103041644,2.450974717488005
24,17,0.8653418804029329,0.8886449043023408,0.9030933008093154,0.8811376774500799,0.8061117895644753,1.0,0.021480738507538368,1.0,0.3,0.2,0.5,28,2.420246040970755,172603463.69546422
24,18,0.11389412032083578,0.13626223954544522,0.15065747699350257,0.13544250926198584,0.05764134738992452,0.12139537811043777,0.00599367630096049,0.03233226963248772,0.3,0.2,0.5,29,2.4016472996865,2.8856189409366078
24,19,0.6226096526134451,0.646461656791551,0.6709039369036451,0.654583325462491,0.5745296269252418,0.21273201065183348,0.01295387817444887,1.0,0.3,0.2,0.5,31,2.386472094809473,16.632258591033413
24,20,0.6203706359954081,0.6431058228210152,0.6674851637973527,0.6645511281336338,0.5675339406903532,0.20855718050977773,0.01346271215290771,1.0,0.3,0.2,0.5,33,2.522568732860421,17.50698780906067
24,21,0.6194925467176182,0.6405901590711544,0.6648782221058864,0.6646257332169344,0.5726090007931207,0.21124867066350972,0.012954187208361551,1.0,0.3,0.2,0.5,34,2.4820906079767338,16.837047810606457
24,22,0.6214993369184373,0.6480294730147185,0.6825872981220928,0.6836616427167375,0.5680098139288223,0.21795165391276566,0.012994234589445462,1.0,0.3,0.2,0.5,36,2.485747321683203,16.83704789323889
24,23,0.6189482713863469,0.6503533241012106,0.695150045013875,0.6962662225855684,0.5671341881063748,0.21130134867975534,0.012954500247721629,1.0,0.3,0.2,0.5,38,2.467426849429298,16.792990626931807
24,24,0.10061192003628341,0.13111256984985065,0.1758590099424447,0.19694109247235753,0.04891724096076361,0.1131271130144325,0.00938190751787934,0.025394004593224117,0.3,0.2,0.5,47,2.381923444151042,3.1950994195117643
24,25,0.8530631218759213,0.8923084473741818,0.9574770357926714,0.9723128411166835,0.8073181681242678,1.0,0.01501022885519778,1.0,0.3,0.2,0.5,49,2.322943267217678,43.19573133354126
24,26,0.8528501285332324,0.891783428274582,0.95693477671324,0.9754701648331168,0.804335187049421,1.0,0.01541927324666471,1.0,0.3,0.2,0.5,50,2.328139709020159,43.24649420305846
24,27,0.8511318896137838,0.8886274541990906,0.9536994819030792,0.9745576825063444,0.8084713853785676,1.0,0.01358880285392226,1.0,0.3,0.2,0.5,51,2.324027168195002,27.960028712169848
24,28,0.6159782371200017,0.6468203652040754,0.701555667877554,0.8292122066295445,0.568894557406199,0.22522881188087668,0.0056255596694402,1.0,0.3,0.2,0.5,75,2.4083975842866856,4.453227865565202
24,29,0.6183811562181856,0.6517357061859512,0.7165812367371036,0.8477142926032164,0.5796331531849748,0.2396954364104266,0.009501799385543,1.0,0.3,0.2,0.5,77,2.417067501007104,2.651004004683094
24,30,0.6161226095463974,0.6603324026451043,0.7457170474347089,0.8860662391475393,0.5716151610345598,0.2322785375513793,0.00949127827219028,1.0,0.3,0.2,0.5,81,2.3705897106638383,225.8994798765769
24,31,0.6178133693942832,0.6559501113852408,0.7310302362771606,0.8748422002745515,0.5750922864882155,0.23969740092883302,0.00969745840093149,1.0,0.3,0.2,0.5,83,2.4126736079695377,2.622391008704272
24,32,0.6175113195515227,0.6608244508081607,0.7461603427028343,0.8895224259070342,0.5743228283887795,0.23971314656595663,0.00939190423397394,1.0,0.3,0.2,0.5,85,2.409412000920424,2.6074016894920917
24,33,0.6174033758911366,0.6660088493777477,0.7616072119395041,0.8978004955954559,0.5741224579386877,0.23969543980297595,0.00957103856492457,1.0,0.3,0.2,0.5,87,2.4080693581461343,2.6450327181860507
24,34,0.08060806185801261,0.16680447224935724,0.3342687484861644,0.5134067044332646,0.03756157090908399,0.10735794960974825,0.0029981932665471,0.009395121414229721,0.3,0.2,0.5,124,2.3518185618002825,2.798372970409017
25,0,0.9067918932022914,0.9450498323413391,0.9434886725926148,0.16761016344776677,0.0,0.0,0.0,0.0,0.3,0.2,0.5,1,7.551348378543841,26.193184367576357
25,1,0.43525504372619656,0.5798702573764203,0.5671622702406268,0.1214464369923416,0.43176348263792685,0.0901186957147878,6.119256143438e-05,0.00021028693548688,0.3,0.2,0.5,3,4.6538966304639615,10.27009436076476
25,2,0.4129635123006178,0.5556196993166767,0.5419019835976057,0.12818362740290365,0.11186651702329047,0.12040062256110622,0.00037970519241999,0.00449057674885561,0.3,0.2,0.5,4,4.640230898015227,10.944736995320415
25,3,0.1476977086111318,0.20277660043972573,0.18936728150347484,0.05451883526817526,0.7538663723243475,0.10095690012902787,0.00025857258937764,0.00088857920221945,0.3,0.2,0.5,5,2.9644054948289784,2.3055184385070917
25,4,0.08941474200984006,0.09251650278243494,0.0759341053783525,0.03750437711373096,0.14738648728134074,0.10421623335675378,0.0004912681183391399,0.0016882324368578,0.3,0.2,0.5,7,2.6189506107466856,2.263448638549549
25,5,0.08919849354831172,0.10296966290681965,0.10691604159934857,0.055862594602651125,0.03243224429897815,0.10421623309624839,0.0004912680895544201,0.0016882323379397198,0.3,0.2,0.5,11,2.6235384264683224,2.2667290274003924
25,6,0.09484569799065642,0.12877380216729234,0.17371149876888373,0.18533836401831327,0.03968757300541985,0.10042152725281353,0.00357320585779452,0.017202088823067348,0.3,0.2,0.5,38,2.5030558315197613,1.892615241862316
25,7,0.1345956874224397,0.16738950135596292,0.21226362573355906,0.2450988822976431,0.08258950135123666,0.12548390861309444,0.008408053451973551,0.08192659199444462,0.3,0.2,0.5,40,2.405084879397229,6.877442286335574
25,8,0.10963293744937375,0.14203017896631537,0.18688214025955568,0.22656953280037104,0.0573195709699858,0.11616041413455883,0.00695536482204071,0.03894305940256495,0.3,0.2,0.5,41,2.4221039131503246,4.833471402822799
25,9,0.15042733443906342,0.18635262112331286,0.24136854542316866,0.2652745719476424,0.10028407835275592,0.20075532968165755,0.00245244621140832,0.0752583843782402,0.3,0.2,0.5,45,2.446992187866071,53.06047547814416
25,10,0.14686128350253005,0.1825268799466611,0.23752827634234142,0.27782825639805087,0.09528973981089109,0.19038054280466662,0.0016454967479965,0.07516981104080266,0.3,0.2,0.5,49,2.4121519425466347,48.27002910419148
25,11,0.16657529484350048,0.2012951563486594,0.25624432264406355,0.2980816411464696,0.11754785824223613,0.20292238511674712,0.00108989525741771,0.10909664216349395,0.3,0.2,0.5,51,2.398329534021656,43.24149883148933
25,12,0.1746144108152028,0.2088044491878548,0.2637242021178086,0.3128098386091283,0.12631444348974186,0.2143064924729185,0.00107630509530729,0.11935527564561652,0.3,0.2,0.5,52,2.401246289125313,45.80917946800293
25,13,0.15691415750810597,0.17937952935184778,0.21371167267453575,0.30710682526855304,0.10894832349945102,0.19189738448011937,0.0020945391545455,0.09857110715389422,0.3,0.2,0.5,54,2.3998115644062783,39.97577404743219
25,14,0.17692709854861988,0.22110608001118298,0.2965172758469825,0.3746655522651798,0.12737085789773972,0.21605860956082773,0.00273677848590463,0.12396778515298854,0.3,0.2,0.5,66,2.434789532565208,48.10304751992824
25,15,0.1754035156771508,0.2195305991434063,0.294938898512366,0.3830586780110953,0.1259777243732977,0.1954511205806891,0.00291675444135133,0.13331071621227858,0.3,0.2,0.5,68,2.4366069990043515,51.24155281092416
25,16,0.17668992440727954,0.22623695522327825,0.3119144723823565,0.3982282768350696,0.1272843775595615,0.21518126596113346,0.0028238674748445,0.12412986427095388,0.3,0.2,0.5,69,2.4350816277924245,48.13109014461789
25,17,0.1491466660663348,0.20932778407813069,0.31553213505633637,0.44350814950196144,0.09993822859452814,0.18740103446123996,0.00100819112560466,0.08691891607678162,0.3,0.2,0.5,87,2.3968046005844683,63.68522859142201
25,18,0.17006794796815022,0.24082170809582806,0.3675501282448034,0.500788005791163,0.1212422932106865,0.21680796988712844,0.00146004179636507,0.11153345758882101,0.3,0.2,0.5,96,2.4060716155072277,44.40619317580341
25,19,0.16633901412493124,0.2424572019022384,0.37945187046252743,0.515838394188315,0.11760813129143333,0.2112329872272211,0.00134737342340417,0.10761655333168012,0.3,0.2,0.5,98,2.4001000983077883,44.11064157033742
25,20,0.2076886288658522,0.29994077297379496,0.4677359448772945,0.5929982277409386,0.15908599660505546,0.20542572672613205,0.00206190549533799,0.19389120212158648,0.3,0.2,0.5,106,2.4256512776014287,53.29553373967363
25,21,0.15129283116824563,0.23770625750297725,0.395209308410059,0.542517829104771,0.10453330234312352,0.1841003251458319,0.0013040713355832,0.09493659183917692,0.3,0.2,0.5,107,2.401865795733389,39.30490592984664
25,22,0.1559906033585757,0.26412476144714436,0.4627072474321818,0.6283497998186804,0.10772563091680785,0.1995207106450971,0.00121520960188672,0.09522520818738076,0.3,0.2,0.5,124,2.393065516547568,48.25157963495723
26,0,0.9128509486089632,0.948747295694047,0.9472913154826192,0.168334243872558,0.0,0.0,0.0,0.0,0.3,0.2,0.5,1,7.402716434755074,26.10432857733243
26,1,0.4468172135594988,0.5917367004643194,0.5793542668698666,0.1240936536651231,0.42415637607363865,0.09146766854945623,6.0178716337620005e-05,0.00020566838401320998,0.3,0.2,0.5,3,4.374189972735584,10.236238924964727
26,2,0.44681704174227876,0.591736368137935,0.5793539868932138,0.12409358833100184,0.027555473027546344,0.09146766854945623,6.0178716337620005e-05,0.00020566838401320998,0.3,0.2,0.5,4,4.374036507091679,10.237078359078904
26,3,0.10214923918580253,0.11740232579679051,0.10151548457155675,0.039263900153124455,1.032603599271496,0.10567351501599129,0.00047230641030082,0.0016141669692765,0.3,0.2,0.5,5,2.310215184852221,2.168131849396276
26,4,0.09916256747984653,0.10838623684076422,0.08219489628007788,0.05089860028643756,0.031052933976953714,0.09921723014639808,0.00033901613526263,0.00079349097854583,0.3,0.2,0.5,8,2.315731266577365,1.7673892623167924
26,5,0.09914022182996918,0.11378720523984831,0.09786518950298537,0.06354236898437066,0.03027508759384156,0.09921723014639808,0.00033901613526263,0.0007934909785458201,0.3,0.2,0.5,10,2.3131537433705343,1.7641658887989344
26,6,0.099139817659448,0.11923137606890294,0.11357999901359024,0.0702373181694224,0.030230147717037227,0.09921723014639808,0.00033901613526263,0.0007934909785458201,0.3,0.2,0.5,13,2.313570218267565,1.764693373333902
26,7,0.09910624294856173,0.13005914222045528,0.14494746903312766,0.0913075463372146,0.030265640962904343,0.09920900599818185,0.00033905954834745003,0.0007905803862042701,0.3,0.2,0.5,16,2.312026182757186,1.7671481186813511
26,8,0.09640610242769018,0.11439310747942,0.10861982317903507,0.07525985086959461,0.038421286630497764,0.09742138508076367,0.00040894918081393,0.00075313674057421,0.3,0.2,0.5,17,2.343660314127643,2.754358789004347
26,9,0.09567329798271063,0.11294410033128448,0.10712971187565808,0.07753790698234113,0.03269142676113118,0.09745330640203545,0.00040895780189229,0.00074614835119943,0.3,0.2,0.5,18,2.355052480009622,2.640857614488148
26,10,0.09722189983584276,0.11421805498004034,0.10838747187389447,0.0864148163488614,0.03209746064437107,0.10439796276344715,0.00019680516549422,0.00032707990604785,0.3,0.2,0.5,20,2.3605556968756574,1.8907823673605493
26,11,0.09609959094024303,0.11261861196533016,0.10676073538264663,0.08824248149771576,0.03288383569068538,0.10227727920999297,0.00019783947117529003,0.00033399751718444,0.3,0.2,0.5,21,2.353564035138732,2.0621156053620973
26,12,0.0947848673092727,0.10996166122588062,0.10402641318873436,0.08819202037560468,0.03654651209105907,0.09957885976456624,0.00047818846643504006,0.00195555959642586,0.3,0.2,0.5,22,2.360592653468463,2.838622736952016
26,13,0.0950566204078802,0.10987288391074604,0.10391722834130326,0.0912445637088598,0.03308492949303202,0.10151906004909458,0.00042345811385842,0.00209003719455501,0.3,0.2,0.5,23,2.3469307780194533,2.5145789032150745
26,14,0.09309354205193228,0.11295774354293443,0.1172498554592107,0.09975408688479331,0.030573789597032195,0.09619687183093012,0.00052406327508856,0.00212164627060031,0.3,0.2,0.5,26,2.384561323785775,2.260469389259377
26,15,0.09931582984863935,0.11523852845435582,0.11930644772086259,0.13529950349985168,0.04562930827799031,0.11745717206934367,0.00124719824262794,0.00942860244399089,0.3,0.2,0.5,29,2.335920582350932,3.3212369667389203
26,16,0.1043649981153589,0.13323808392567915,0.16792698616319932,0.18026490075962345,0.05088708054056438,0.14237067274885484,0.00144346485975921,0.011158744023206919,0.3,0.2,0.5,35,2.269081490718605,7.982034790330303
26,17,0.10435712740075662,0.13866696782291268,0.1836261170631426,0.2046386868002069,0.04858746570267115,0.1423706731913605,0.0014434648338222098,0.01115874393179985,0.3,0.2,0.5,39,2.271264770889284,7.971032907017877
26,18,0.14510581749290835,0.17679604437343324,0.22160881200141502,0.26785198168102886,0.09363735305741863,0.18441284145646036,0.00155181323290187,0.07246100907449732,0.3,0.2,0.5,45,2.677608214843414,60.39324552433103
26,19,0.1450944448564851,0.18221794933473415,0.23730066342654127,0.28389284433595313,0.0918884280115892,0.1844128414564604,0.00155181323290187,0.07246100907449732,0.3,0.2,0.5,47,2.6792798064178847,60.23185248170478
26,20,0.1450833458769086,0.18219518501816534,0.23727714542851985,0.2808064478228781,0.09191153255605847,0.18441284156535176,0.00155181323839237,0.07246100908849055,0.3,0.2,0.5,48,2.678723126311041,60.27688745731043
26,21,0.1449043501380837,0.18630077419318095,0.2515886898225379,0.29440345245194777,0.0943612969886645,0.18672413286737305,0.00150329152682875,0.07296104299033916,0.3,0.2,0.5,51,2.657874428283284,57.8421615505654
26,22,0.0906247478102111,0.12580539575859434,0.18077991769856516,0.2570086419651799,0.03987848923963657,0.11664110236127223,0.00077001388636072,0.00821894838298795,0.3,0.2,0.5,56,2.561333567047663,6.701299118964197
26,23,0.12405637670550959,0.15590863919128597,0.21069935985676994,0.3135465292911413,0.08916957633658884,0.17248980081380302,0.00167056322259422,0.047495124218530874,0.3,0.2,0.5,57,2.5849543370315216,15.731018349594954
26,24,0.1190363234206365,0.15333282768711562,0.21822945209224615,0.32901824678410607,0.07598460717837172,0.15982568000285535,0.00396388216857144,0.049712561734051766,0.3,0.2,0.5,62,2.599093349961937,15.23553399035073
26,25,0.11904225534372503,0.15877934914765143,0.23394681018502494,0.34006385177139115,0.07361500786902238,0.159838227270954,0.00396468786752365,0.0497243670438721,0.3,0.2,0.5,64,2.5991753242621347,15.236672446199936
26,26,0.08794790953656517,0.12945645320968133,0.21469468671081007,0.37066351463734387,0.04633799203761235,0.11777909819913379,0.0017293455222508701,0.020380909540892108,0.3,0.2,0.5,95,2.516731219622049,6.352911868741735
26,27,0.10381342375757542,0.13373860088268705,0.19839775712787175,0.3854643039561567,0.06290708056806804,0.12186994214391866,0.0036349889073568503,0.050149777849172884,0.3,0.2,0.5,100,2.539382202014426,8.45687512176738
26,28,0.09303240464486426,0.13912132884811537,0.23458331772435198,0.38466101456978746,0.05240705645338455,0.1120825798027488,0.00428958027838631,0.03450616750047522,0.3,0.2,0.5,101,2.5251343856697472,5.095171572044573
26,29,0.1027060936372157,0.14747983020374802,0.2428707984012337,0.4049158242024919,0.06774208559714345,0.12243441012975001,0.0036147890124063804,0.05027751873206178,0.3,0.2,0.5,102,2.547536390664245,9.000784427068911
26,30,0.11163202004919043,0.15602201260386075,0.2513922318286692,0.4191622164574839,0.07211165852634172,0.12232532279992381,0.00476049550427973,0.06842431057067079,0.3,0.2,0.5,108,2.568837416569388,8.976413280302694
26,31,0.08728207149152695,0.14210894471612948,0.257996101312556,0.43554058661828016,0.0488012391443617,0.11805752713553937,0.00212811359320152,0.02414693484803753,0.3,0.2,0.5,110,2.629806633469661,14.750888070848625
26,32,0.08980026186562157,0.13895978546905488,0.24456450789467493,0.4500260145365658,0.050807119552588306,0.1168966046105621,0.00179743860074086,0.030409558213931022,0.3,0.2,0.5,115,2.5644095296088727,7.262286453339262
26,33,0.08973388287464594,0.14902781787297803,0.2751331986594954,0.4885560827143448,0.05222022343646947,0.12553095148806975,0.00194432911785637,0.02638193272941563,0.3,0.2,0.5,118,2.4748081781410725,15.361360475650793
26,34,0.0926459601998293,0.15174319810136122,0.27783778549219745,0.48462248470009145,0.0550923471971527,0.13098748144267075,0.00229694454275933,0.0291404785125688,0.3,0.2,0.5,119,2.442811663995345,13.56286784016836
26,35,0.09088002482827907,0.14901880883643095,0.2750622682515472,0.5111431289137104,0.057136666096952324,0.12542819636401098,0.0020074383957878203,0.030757787571687976,0.3,0.2,0.5,120,2.484148695281934,14.627872113941113
26,36,0.09087682170266775,0.1490106498129387,0.2750538951606433,0.51114271298693,0.053429386008184566,0.12544177141759566,0.00200880138235658,0.03075138957545089,0.3,0.2,0.5,121,2.48434064237575,14.729378895078996
26,37,0.09087379479063545,0.14899469944794377,0.2750370067230119,0.5111461479041832,0.0534679204702168,0.1254567670431968,0.00200577125071564,0.03076022317487746,0.3,0.2,0.5,122,2.4938800299073507,14.71056576695948
26,38,0.09658808257591052,0.15451150240976924,0.280543287151813,0.5169623440647949,0.060076548609098876,0.12585019455281934,0.0027435556231065203,0.04200706994482912,0.3,0.2,0.5,123,2.5104607430505697,16.055013098509576
26,39,0.10564529494772215,0.17186559205431495,0.3183001514710323,0.5843600496688086,0.07096395529349121,0.12580324972625412,0.009348471496125579,0.06205860626317659,0.3,0.2,0.5,154,2.7680704083062646,9.58691438108511
26,40,0.10773494383605176,0.17380359573763116,0.3202301738653052,0.6046587147086574,0.07315314631058945,0.12690778133688127,0.00782152806894861,0.0664496208460705,0.3,0.2,0.5,156,2.7557167568113714,9.77434667757792
26,41,0.10913245727132907,0.19032239617888475,0.36749662124100746,0.6465578825829318,0.07765036131444243,0.13160496356109022,0.00812123479249406,0.06841427800229224,0.3,0.2,0.5,158,2.784544947248412,9.352171986758291
26,42,0.11034754982892002,0.19142806938178203,0.36859624654131906,0.6478278739737715,0.07683317913486998,0.1318789403363217,0.0083897451374311,0.07076226333138672,0.3,0.2,0.5,160,2.7881936481292966,9.378902360268349
26,43,0.10886998792769112,0.18978799323762174,0.3669478042090298,0.6428048681419578,0.07591029166985352,0.131607908317556,0.00817343251410761,0.06833775095516424,0.3,0.2,0.5,161,2.794781065841333,9.330527809437005
26,44,0.10731923911080751,0.1935882385206664,0.3810133621649924,0.6521807873289095,0.07418152791958557,0.13069496939134467,0.007488407793870699,0.06621995115780516,0.3,0.2,0.5,162,2.8152293174460343,10.029137629875173
26,45,0.10584997777949737,0.1860886606616628,0.36321246374826943,0.7251110681278553,0.07293283499413653,0.11821501455807071,0.00636536429393058,0.07223037639604975,0.3,0.2,0.5,190,2.5795455627005173,7.984065490397427
26,46,0.10470950032334952,0.18357716501966548,0.3606286471293024,0.7542134045061315,0.075521365892398,0.11970192727396475,0.00728676398278625,0.07104655830180445,0.3,0.2,0.5,192,2.6439936212199706,9.067395407219976
26,47,0.10490925934781146,0.18914284165915785,0.376460506270868,0.7544521052260109,0.07346097755858097,0.11952877138846821,0.00716071645926575,0.07173566502887921,0.3,0.2,0.5,193,2.646557674811084,9.263846015709026
27,0,0.963025928759114,0.9786839210525441,0.97807838808706,0.17419677061478764,0.0,0.0,0.0,0.0,0.3,0.2,0.5,1,6.155778357095502,26.10633934573632
27,1,0.486920520980931,0.6315515380775997,0.6202890062859682,0.13221572094978715,0.414789474519458,0.09282691840773585,5.886106022706e-05,0.00019848425598483003,0.3,0.2,0.5,3,3.3883056717930016,10.26133093397864
27,2,0.1335538469081819,0.17647674716717945,0.16227309586319746,0.05069890970801127,0.5119856678082608,0.1059034819402503,0.00035125803635057,0.0011844705096167398,0.3,0.2,0.5,5,1.9855718898641337,1.6860207524866009
27,3,0.11151814017142467,0.134918412599472,0.11951164019758362,0.04319935376428171,0.12058688621462663,0.10760970924003024,0.00050067370580235,0.00168831223229736,0.3,0.2,0.5,6,2.1895557649036896,2.548929842357841
27,4,0.10971616193886714,0.13145521549445005,0.1159497851626523,0.04922680430244802,0.040374991997111,0.10762395101448166,0.0005022721841521701,0.00169370243058377,0.3,0.2,0.5,7,2.1857367279946214,2.5728010447440486
27,5,0.10967728229971642,0.14227749644767776,0.14731163794241378,0.06906597622069159,0.03325164677803392,0.10760915380317301,0.0005006115104109899,0.00168810250440709,0.3,0.2,0.5,12,2.181652924719316,2.5531651310447745
27,6,0.11829318076177946,0.15050089607855108,0.1555118247141061,0.08627157981535276,0.04396030560208765,0.13932290548626286,0.00024642618271509,0.00084735861518295,0.3,0.2,0.5,13,2.11216470257421,2.4577891910960945
27,7,0.10895996675121869,0.13558390799406503,0.13031596846987406,0.06870981381725075,0.03368641578647562,0.1070146465040209,0.00049576381753157,0.00176851561241879,0.3,0.2,0.5,14,2.2651245236543263,2.8392595799632367
27,8,0.10895485491484538,0.14101883398248324,0.14602115290923934,0.08266879465508808,0.03309799103998525,0.10701450509652302,0.0004957365830797901,0.0017683996205667698,0.3,0.2,0.5,16,2.2650386021707645,2.8392998922935946
27,9,0.10883105145861384,0.14622592787212232,0.1614922545050951,0.09975785265409454,0.03333244310184495,0.10701424937640278,0.00049570987837886,0.0017683072798264899,0.3,0.2,0.5,18,2.2658233816673445,2.8678985470574343
27,10,0.10881901942288234,0.15709203610131553,0.19289888641593653,0.11793254319851547,0.033112969906017066,0.10701532107678129,0.00049600634587893,0.00176860752942844,0.3,0.2,0.5,20,2.266236516731545,2.8672549374914915
27,11,0.11337365499591949,0.1503392921323966,0.16558035192651743,0.10724029434495015,0.038992780608569325,0.12541351330417488,0.00024176214849802,0.00084596946282804,0.3,0.2,0.5,22,2.222386345526874,2.758412421269702
27,12,0.10711041892403132,0.14435200027544473,0.1695598371465414,0.12302671162005575,0.04836165457939925,0.10947838813765695,0.0034120724828366903,0.00763859969826064,0.3,0.2,0.5,24,2.51815141628814,3.1985437784891144
27,13,0.10734118529117508,0.1443993077420635,0.1695964103469654,0.12884638589767422,0.038156533826779984,0.1094531083653558,0.00372633163362021,0.008375065768821351,0.3,0.2,0.5,26,2.538940260517714,3.2613520083631755
27,14,0.10899741292961695,0.1456796165615041,0.1708551115898419,0.14750275400389112,0.04140825992379862,0.11998535074752861,0.00155362774724443,0.00702575232459045,0.3,0.2,0.5,27,2.0371391677745274,3.403706107270384
27,15,0.11140742256000473,0.1764983626193453,0.2630512589796244,0.22175950518251236,0.04763338795638153,0.11218242327504553,0.00105987558343952,0.025546263723955957,0.3,0.2,0.5,45,2.367710885297824,3.210444590463825
27,16,0.11140743897944472,0.18194321342758393,0.27876664376994936,0.23733824287259625,0.046639936223268286,0.11218242778768024,0.00105987498289769,0.02554629190942232,0.3,0.2,0.5,48,2.367710890680185,3.210444395671827
27,17,0.1101698820317697,0.18002354535667792,0.27680794375146445,0.24601031516430905,0.048941680427981166,0.10386486634383034,0.00746288870682762,0.026893266829236366,0.3,0.2,0.5,49,2.4661691968606103,3.2941370348822443
27,18,0.09884007495399834,0.16829849385928194,0.2650601963354252,0.2353313270812667,0.03681768963676314,0.10576001902524532,0.0077802844369934095,0.00377494523136332,0.3,0.2,0.5,50,2.4258010544158624,3.112063892802745
27,19,0.1036115655567729,0.16511281243016657,0.251460138444685,0.2677966276292473,0.05511466124007411,0.10836064001221943,0.0036970554882309998,0.01847122069420514,0.3,0.2,0.5,52,2.180547388087214,3.3299051590494515
27,20,0.10306489899448801,0.16528991649236516,0.25167844224759456,0.2700493088626524,0.042365653052403536,0.11629667992293949,0.00278940418921376,0.01151967418114541,0.3,0.2,0.5,54,2.2406193733765547,4.275687085745441
27,21,0.10303246822594192,0.17067547518528117,0.26733321639638685,0.2834923780672566,0.04122232029277532,0.11625354773203189,0.0027860388331941498,0.01153601980882492,0.3,0.2,0.5,58,2.24416103006853,4.296456394236179
27,22,0.10277863257628286,0.1757927200523699,0.2827167393510174,0.2935253731102664,0.04119010551156565,0.11571802986258747,0.00280046417563726,0.01149248197253519,0.3,0.2,0.5,60,2.2298398344995167,4.111869667995504
27,23,0.10509732169233574,0.19429113650379531,0.3320183095346113,0.33727129747567486,0.04361260447322661,0.12181542937600112,0.00290615428323857,0.012741036572163689,0.3,0.2,0.5,67,2.0827936224925065,4.19238383566038
27,24,0.10175477496247096,0.2068191678123098,0.3753315055824933,0.34063526323067733,0.041679877671283644,0.1145528809852198,0.0027078347358598298,0.01142430927232692,0.3,0.2,0.5,68,2.1903006015125066,3.7546560937484736
27,25,0.08630604505471016,0.1661225001174345,0.30332159155191857,0.291755874089499,0.034797717439263104,0.10465688674480664,0.00170082148894283,0.004339432513523591,0.3,0.2,0.5,87,2.4988460709870663,3.939909405206445
27,26,0.08462557467990002,0.15750296889356719,0.2843486578282253,0.28500198774303387,0.035149530089082656,0.10443068741544519,0.00149200023154342,0.0040479313773363595,0.3,0.2,0.5,91,2.48088737175704,3.628482967870871
27,27,0.08319852839215555,0.15456224387502523,0.28132443120370554,0.28790462552355567,0.036709417885112804,0.10442645078032527,0.00152710330193977,0.00404779354114512,0.3,0.2,0.5,93,2.530941233086977,3.5863236724627803
27,28,0.0885443151875149,0.16525953349953912,0.30228724056582507,0.33446611164928153,0.039146984963669425,0.10756116666276036,0.00224086283247782,0.012749268896602209,0.3,0.2,0.5,100,2.531042378388779,3.6523537224387335
27,29,0.08631969973979829,0.16156940872546846,0.2985163900594015,0.3366514256756366,0.04410715870898677,0.11281071021162523,0.00129795151637854,0.008279238918627339,0.3,0.2,0.5,101,2.534912014943812,3.6783016328645983
27,30,0.08631969997676266,0.1670142436776552,0.3142314790170225,0.33976016845245155,0.03824262695892261,0.11281071060234785,0.0012979511775068199,0.008279237760469089,0.3,0.2,0.5,102,2.5349119657320767,3.678301248918548
27,31,0.08571993674438264,0.16079247994342136,0.2977296515242879,0.3361502623097681,0.03797829401431444,0.11356989529353645,0.00126646617315734,0.00696838610005301,0.3,0.2,0.5,106,2.536675274003955,3.6817366558105378
27,32,0.11519996323959385,0.23908038985852037,0.4684421132735537,0.5864432013417478,0.06769514296289254,0.10849501769863179,0.01915941643100562,0.06218162088848609,0.3,0.2,0.5,124,2.589701540172596,4.677757772604963
27,33,0.11575388553774907,0.2386663226108468,0.46797488696696266,0.5947867628387884,0.07042909668134495,0.11004418676289458,0.018946708392858398,0.06424906929974993,0.3,0.2,0.5,126,2.6010682393675326,4.952271348140191
27,34,0.11506810496912945,0.24294731583662052,0.4825004004342712,0.6016171836859748,0.06937248455774292,0.1109903351500358,0.01905293088902523,0.06315462121110277,0.3,0.2,0.5,128,2.543300424809441,4.716381426865118
27,35,0.11493122130515175,0.2482167981346498,0.49803837184871075,0.6192145053199207,0.0685983702017517,0.11141610457137738,0.019090017182462022,0.06268183624077225,0.3,0.2,0.5,130,2.518957624094425,4.620782968258466
28,0,0.9110265127072438,0.9476363285910359,0.9461487307650438,0.1681166807404145,0.0,0.0,0.0,0.0,0.3,0.2,0.5,1,7.486122115269566,26.28198223277838
28,1,0.44691481286398593,0.5917671147610958,0.5792945509195723,0.12667990841517565,0.42949586853450994,0.10214460361641693,6.152719881936e-05,0.0002158709722139,0.3,0.2,0.5,3,4.455099043534396,10.273470202446722
28,2,0.1359024877411297,0.17838246072332184,0.16415102634425158,0.05339447017693562,0.4719665666950157,0.1156825425031504,0.00031750667505743,0.00111398659364087,0.3,0.2,0.5,5,2.463378955314478,1.8059378371958623
28,3,0.11028859875799493,0.12991286083899908,0.11428211452323475,0.047955410897948046,0.08687965610837753,0.11748159604708311,0.00043629719921105996,0.00153076854424014,0.3,0.2,0.5,7,2.252134717244779,1.851686757148151
28,4,0.10392370965113201,0.1158431224913091,0.08980906630649882,0.042903976835544484,0.04179551127407691,0.10562635167377617,0.00033916091934283,0.0007862900370565701,0.3,0.2,0.5,8,2.240702313221291,1.7605738136992644
28,5,0.10347891306385758,0.12036634665772959,0.10457491167270798,0.048108116752315924,0.03322275837437666,0.10589053454754697,0.00034510496299045,0.00074722597541984,0.3,0.2,0.5,10,2.251841377912796,1.852440612363028
28,6,0.10348242031107992,0.1257595976218618,0.12023582960534503,0.05588512594522788,0.03238826276386877,0.10606480474827477,0.00035112572657541,0.0007637331083192201,0.3,0.2,0.5,12,2.2483889623856537,1.849584767440262
28,7,0.10190452038955845,0.11707021802888674,0.10117832843743142,0.06375491649095703,0.03951439814569239,0.1073815817258097,0.00017703504695541,0.00040213244805578,0.3,0.2,0.5,13,2.2602254587875272,1.7025430242812505
28,8,0.10196594066648232,0.1169861370837921,0.10108571747525691,0.06390977940817623,0.03327753636529218,0.1080871508105838,0.00017954710115100002,0.00040515316614829,0.3,0.2,0.5,14,2.26586119976084,1.6906070371959805
28,9,0.10160537849236213,0.12193032523737864,0.11629258802909566,0.07020927370051416,0.03304308554573577,0.1073815817258097,0.00017703504695541,0.00040213244805578,0.3,0.2,0.5,15,2.2599813647242657,1.694310133206669
28,10,0.10125774263797196,0.1266547260541235,0.13126588346386317,0.09386404719845864,0.033280216963674635,0.10755635843701172,0.0001787712750327,0.0003814130306748,0.3,0.2,0.5,17,2.268443133352902,1.7794552994688395
28,11,0.10124600897189301,0.131966765911981,0.14684154168333813,0.08598167306516614,0.03286333541553723,0.10792144053897901,0.00018334864305972,0.00039010788709086,0.3,0.2,0.5,19,2.2668809346184653,1.775793275332128
28,12,0.10129215271499732,0.12579614879094275,0.1303556021549387,0.09712209364977994,0.03508491621686874,0.11074991516569252,0.0001923848915046,0.00039095806833504,0.3,0.2,0.5,21,2.285657900338729,1.810662688678275
28,13,0.1009077170363335,0.1305560787936201,0.14536848238524924,0.10453326505897141,0.0340183291622142,0.1104965119624138,0.00019467405015698998,0.00039756074778959,0.3,0.2,0.5,23,2.279940846525897,1.7897836208790945
28,14,0.09954555677712588,0.12265158285516746,0.12713000994792537,0.1066082379300536,0.03777889602489117,0.10972955414630663,0.00021416327045913,0.00040207033802360003,0.3,0.2,0.5,24,2.2987913960022595,1.7430868434108655
28,15,0.098455023483111,0.12590412285786207,0.14058972110764018,0.11914525832318364,0.03550538853826682,0.10985437042307537,0.00020974104061519,0.00041148976459503005,0.3,0.2,0.5,26,2.294374103441152,1.709035580678818
28,16,0.09877654033950559,0.12585776842632576,0.14052237395978692,0.11460376801841093,0.035438584577764005,0.11211349899206473,0.00025647143864084,0.00043409845574775996,0.3,0.2,0.5,27,2.321622862413899,1.6670525538779593
28,17,0.09470521560460449,0.1248584095905117,0.14965761033511646,0.11999005957883985,0.03471254852610747,0.10478087054321894,0.00040244647904331,0.0014595583759339499,0.3,0.2,0.5,31,2.2808365657357714,1.812738256601592
28,18,0.6185316023488815,0.6459521978071447,0.6705954897202977,0.6683819168185032,0.5701008391950859,0.19506795618508688,0.001457563609605,1.0,0.3,0.2,0.5,32,2.208578055013464,9.053272119976272
28,19,0.6175534719079554,0.6444454741211417,0.6690590018915001,0.6706793627642158,0.5605345888478924,0.19357040904162476,0.00144179316714958,1.0,0.3,0.2,0.5,33,2.2075751173321025,8.900517360378227
28,20,0.6080448509667518,0.644987048642411,0.6900941370962562,0.6759445234317494,0.5508317810600208,0.16466338010783693,0.00141820129139576,1.0,0.3,0.2,0.5,36,2.220261545740734,7.577699918908181
28,21,0.607788265804848,0.6501706899401943,0.7055484920988262,0.6818545099705418,0.5494399845528524,0.16382327737183644,0.00141807935304942,1.0,0.3,0.2,0.5,38,2.220580363011107,7.537366119108048
28,22,0.5952793659145,0.642274320575598,0.7078754022932654,0.6787162587925993,0.5394478641084275,0.12484884639101775,0.0014403204038458402,1.0,0.3,0.2,0.5,40,2.235250509000198,6.251431333102298
28,23,0.08964519550053897,0.13360112739441196,0.19903183128297006,0.18638161101977566,0.0471768828859347,0.10569032392933198,0.00312445789422679,0.00548800626136756,0.3,0.2,0.5,41,2.276919513330302,1.6826324078120352
28,24,0.08772706228830697,0.12923817056492923,0.19453241429649376,0.19561589640465274,0.03765082168942874,0.10682840237384146,0.0023210188625201198,0.00599687782398469,0.3,0.2,0.5,46,2.306622133714449,1.6586981273392178
28,25,0.08723646618575388,0.13349675856718246,0.2090230986312696,0.223970293452682,0.038381877061359086,0.10790881236665222,0.0023932944869117503,0.00566731807562279,0.3,0.2,0.5,47,2.28691417663911,1.6629089834198365
28,26,0.08721364594329764,0.13346269877811406,0.20898840808820424,0.2239537364546764,0.03567860567441129,0.1078626334918891,0.00240201176293042,0.00566695366829133,0.3,0.2,0.5,53,2.285375680442442,1.663389138573189
28,27,0.08689953955718827,0.13287681087305894,0.2083872909472526,0.22131789295999388,0.03603095331701965,0.10692567094215247,0.00234863517118521,0.006140156496458471,0.3,0.2,0.5,56,2.299821966440068,1.673494120763595
28,28,0.08643239922127006,0.13199610271954101,0.20748401424806015,0.2405415261024546,0.03727296996547817,0.10693263980056018,0.00219184506120414,0.00605071951457724,0.3,0.2,0.5,57,2.3298227630212427,1.662775372562522
28,29,0.0862578291623038,0.13163422923741042,0.20711147263194557,0.2404732294115513,0.03591660971285172,0.10692264657175103,0.00218170153195333,0.0060671469658037,0.3,0.2,0.5,59,2.3282665081096363,1.6585623612671836
28,30,0.08565810165002416,0.13584251540023703,0.22155524119268497,0.27006116724805124,0.03678633311867769,0.10684240161865663,0.00220233721104353,0.0061144251611074596,0.3,0.2,0.5,61,2.3208198442794816,1.6463052897806152
28,31,0.08553970992673778,0.1407002053135064,0.23665767452889633,0.2802970835869867,0.03632189595305289,0.1068098763837327,0.0024046393442202,0.0067018708564391405,0.3,0.2,0.5,65,2.337182173566353,1.641019714443004
28,32,0.12105849130408378,0.19196636412979518,0.3187029796352253,0.377765919127489,0.07211640090505103,0.1370394099879925,0.00821561451533524,0.05839611741935594,0.3,0.2,0.5,77,2.389113935231227,4.482150756325992
28,33,0.11502596619636873,0.18551236502391338,0.31222590882560985,0.38226512755264624,0.06799893055481805,0.13205519570688512,0.00775465126955688,0.05029674958022264,0.3,0.2,0.5,78,2.389313617353868,6.281974410811864
28,34,0.1511443528876856,0.22550701028701875,0.3624050475550832,0.42704468830342596,0.11013222455233898,0.1508770706499805,0.011793573477216001,0.11254731458680808,0.3,0.2,0.5,79,2.4496798394899115,12.1994365283895
28,35,0.13887957408221438,0.20212866002198845,0.3284468707723255,0.40319654520167153,0.11927028076607124,0.14739030824163388,0.0095952153120547,0.10140211526331862,0.3,0.2,0.5,80,2.423701070531457,12.964953190260818
28,36,0.14806786221720816,0.19400644204618273,0.28946014231473693,0.35408309052878195,0.10818281275264974,0.1523973997073264,0.01150326581704399,0.11777396144593247,0.3,0.2,0.5,83,2.387294233673248,13.178168398582208
28,37,0.17075808666812686,0.25465660062634365,0.4219962895528917,0.49347764021334184,0.12980335862186274,0.16189491441073428,0.01084732049456466,0.1579963425833508,0.3,0.2,0.5,92,2.37406614500525,34.769381183861086
28,38,0.12865268753001413,0.2175235394155654,0.395108572842825,0.46267030591201264,0.08898223589062135,0.1447795557301503,0.00931288206296858,0.08551876690760371,0.3,0.2,0.5,94,2.371671471561962,8.537257810974504
28,39,0.8429473824551872,0.9470696901529827,1.1554081863448433,1.2145041704911255,0.8039251968548374,1.0,0.01660457803262572,1.0,0.3,0.2,0.5,101,2.3984172251835263,546.7045058558443
28,40,1.0102149557248212,1.114279108590977,1.3226143713211311,1.4113220737690078,0.9707196934884792,0.902137770189684,1.0,1.0,0.3,0.2,0.5,104,2.3662191667283063,26.932063673216305
28,41,1.039557238767596,1.1490477187455344,1.3676528526933078,1.4486248209077097,1.0000238021938792,1.0,1.0,1.0,0.3,0.2,0.5,107,2.364756958982529,17.800601363649008
28,42,1.0392026490638775,1.148295664137663,1.3668792772033151,1.4484772275777609,1.0007751907899705,1.0,1.0,1.0,0.3,0.2,0.5,109,2.381124680097221,12.308785464935935
28,43,0.7957823779875153,0.8713907693452912,1.0283067205312335,1.102038428101832,0.7574821550186858,0.19101815956454435,1.0,1.0,0.3,0.2,0.5,127,2.3290640230303428,9.595929609039654
28,44,0.6321261895175254,0.7457728713250592,0.9745790329417985,1.1442304204028837,0.5937260575847918,0.1059592124698131,1.0,0.7238576761614212,0.3,0.2,0.5,158,2.4909894287591245,8.11516901958606
28,45,0.5846510249764563,0.696233928850561,0.9249295779186482,1.1395179578913486,0.5496694536394713,0.15502768756748808,0.0077845356074407596,1.0,0.3,0.2,0.5,163,2.4794505796662007,9072.79807302913
28,46,0.43066090360131204,0.5629163911191482,0.8326353788379389,1.1367575929451235,0.39525899924858193,0.09874634915963407,0.01314555146345027,0.7255860464952912,0.3,0.2,0.5,183,2.523990195665939,209.5138144936072
28,47,0.08879510502930035,0.22649399631010994,0.5064836568321918,0.8277327327113461,0.05318255008500146,0.09873804017918864,0.01314661544585092,0.0418614629310251,0.3,0.2,0.5,189,2.5241512939994237,209.503741895266
29,0,0.9558725037952873,0.9744886327760219,0.9737639478768583,0.17337520158221184,0.0,0.0,0.0,0.0,0.3,0.2,0.5,1,6.328310445260312,26.171521885605003
29,1,0.47082923563986295,0.6158539168749511,0.604075290147181,0.13112197935268918,0.4316541483376052,0.10100060683898411,6.247322589951999e-05,0.00021819912827219,0.3,0.2,0.5,3,3.851285664249058,10.227675772037031
29,2,0.470756909086011,0.6157821343759231,0.6040016562876559,0.1335062477382541,0.030569353999589967,0.10100060683898411,6.247322589951999e-05,0.00021819912827218,0.3,0.2,0.5,4,3.854699668797196,10.274351830281509
29,3,0.13700111193644465,0.18044847149232338,0.16627865794576943,0.05371394605037848,0.9542603994419752,0.11526280234592215,0.00032916867190802,0.00114968158328115,0.3,0.2,0.5,5,2.347070631107478,1.767545750272966
29,4,0.1098428621176928,0.12862948186868453,0.1129495545231657,0.04806913041675208,0.0913647428861502,0.1182311358295171,0.00055564402326769,0.00194068802692621,0.3,0.2,0.5,7,2.331214828760124,2.826382694778526
29,5,0.10310719745044755,0.11409029429633483,0.0880014873294986,0.04270198315661053,0.04236486037414762,0.10621262004467398,0.00034617824251191,0.00078271338613119,0.3,0.2,0.5,8,2.265930135711073,1.7630158583297746
29,6,0.10276432841994293,0.11885966308157923,0.1030219640958753,0.04791188363942026,0.033037316193310205,0.10626743442931992,0.00034708690975385,0.00076571864066435,0.3,0.2,0.5,10,2.2733210232570946,1.768103699864979
29,7,0.10243564383207937,0.12360662853662385,0.11801809736583996,0.0555612886854152,0.03317533121436935,0.10638980086760164,0.00036867455143315997,0.00080466128581578,0.3,0.2,0.5,12,2.291912676127884,1.7727518454178586
29,8,0.10432591595870147,0.11904995730490439,0.10313224536680543,0.062250926599258384,0.039571370491837794,0.11615317748519989,0.0002519131811247,0.0008772224746316001,0.3,0.2,0.5,13,2.381380395487799,2.2504448571020483
29,9,0.1035562662139626,0.11737803702297872,0.10140812232658915,0.06405532804331529,0.039310054641685147,0.11673009600898214,0.00025085840819762,0.0008758109196262199,0.3,0.2,0.5,14,2.3499729402383003,2.248450882415724
29,10,0.09979189038118189,0.12047888435462054,0.12481825302818916,0.07014599675194452,0.05273658159315296,0.11788228779676416,0.00027090650146052,0.0009366590549565601,0.3,0.2,0.5,15,2.3388524066779697,2.521164550461786
29,11,0.09979800836113811,0.12589148225675825,0.1404993035907552,0.08378756146631185,0.03601222232236311,0.11803207733414474,0.0002712799132099,0.0009370249035828299,0.3,0.2,0.5,17,2.3383039729083435,2.521714627112409
29,12,0.10230604801183031,0.11635987730684565,0.11036044896521138,0.10128474999787775,0.04120030871222786,0.12546424894464064,0.00035330876278654,0.0037950015288381505,0.3,0.2,0.5,20,2.4460521908353643,2.8252995684987674
29,13,0.0987582885858703,0.11023891288510801,0.10409312793897083,0.10965171248465941,0.04928779255904238,0.12154847363327734,0.00030622534718523,0.004239773147303521,0.3,0.2,0.5,21,2.3559182862454957,2.9082111801522
29,14,0.09910422032300334,0.11018297822801174,0.10401422416633385,0.11024112958261131,0.04021954020310232,0.12244739152704125,0.00031778800989499997,0.005188732141981419,0.3,0.2,0.5,23,2.3646290579333686,2.9790116961387803
29,15,0.09461488094932197,0.10740879925433368,0.11130028367514898,0.138242031133937,0.040766690814229296,0.12020373592720413,0.0009154398308631699,0.0046769339951515405,0.3,0.2,0.5,30,2.4053152774192257,2.9666409034277152
29,16,0.0952817145268465,0.11270341744525422,0.12681987995894894,0.1338497704553567,0.04087255627628836,0.12489753138317614,0.00045465374719251,0.00496610854349372,0.3,0.2,0.5,34,2.389652219756935,3.060608024106547
29,17,0.09373430399498296,0.11073953124427378,0.1248324826941443,0.16427927578939086,0.040595094177911746,0.12087591144452078,0.0013593241216238098,0.00473179694660279,0.3,0.2,0.5,35,2.449267505333062,3.0815690192627
29,18,0.09327835492513958,0.11525717611365292,0.1395942516807051,0.17908947889784876,0.03985618722387313,0.12087591144452084,0.0013593241216238098,0.0047317969466028,0.3,0.2,0.5,37,2.445289875494205,3.066243441765816
29,19,0.11541475746503149,0.1698633197485141,0.2558131379158178,0.18339329388295625,0.061391589283990106,0.14112996511652173,0.00141687848978303,0.0372148947511372,0.3,0.2,0.5,42,2.817497431005638,2.8089005401221927
29,20,0.1153931406318987,0.17526335658217881,0.27148248134531455,0.2043205203227785,0.06127756975924084,0.14112996541340023,0.00141687850141432,0.03721635470136271,0.3,0.2,0.5,44,2.817224992134052,2.8083766328797264
29,21,0.0888561136367471,0.14282517277558832,0.22874802323595467,0.24128866747923308,0.03544217333149485,0.11467212327108718,0.0005495514834918199,0.00124485964093087,0.3,0.2,0.5,50,2.2231384084779418,2.240298071813443
29,22,0.5885481466102233,0.6203170681754834,0.6651340143405322,0.6656608542736828,0.5369519154253555,0.116961116935376,0.0007309991865366401,1.0,0.3,0.2,0.5,51,2.3915610599358383,2.011889614293245
29,23,0.5960466810524151,0.6370253481931067,0.702290253582458,0.7143887700569646,0.5477249018685433,0.14346452110414015,0.006499985463409951,1.0,0.3,0.2,0.5,53,2.4297909359078806,1.9179455023872776
29,24,0.11161026617274937,0.19573977275848617,0.3431468846169122,0.24927387235971582,0.06083936233841218,0.14067977252155467,0.00102868732041536,0.03576402251509258,0.3,0.2,0.5,56,2.6745707361208058,2.877248451125032
29,25,0.1103457314294049,0.19182963792315283,0.33909018844663025,0.25597488600916424,0.0721463062123606,0.1423639334425198,0.0035368562269222697,0.03622446313845084,0.3,0.2,0.5,57,2.826037588179091,2.651309940925868
29,26,0.32598751429238987,0.43221413078389415,0.6306916262913019,0.5133634518372249,0.280193296411625,0.14062575442130465,0.00896384857859606,0.4710121318838277,0.3,0.2,0.5,71,2.6720088105076023,2.864896498397407
29,27,0.37807698003574597,0.4837510134553181,0.6821982416618713,0.5688958505892774,0.3342837248304471,0.1406215684676092,0.01087892635722916,0.5754512605058333,0.3,0.2,0.5,72,2.673712199669424,2.8632022883164594
29,28,0.4212252308950754,0.5268978370660948,0.7253449764669333,0.6151846437954521,0.37524428790588116,0.140621574562879,0.010883657029110259,0.6617489936763912,0.3,0.2,0.5,73,2.673713013551872,2.863192951487058
29,29,0.10119305686999276,0.15785926820354002,0.2638707595014046,0.3760774170601981,0.055209250940537746,0.16620528684007957,0.007077299354884541,0.00786184477177343,0.3,0.2,0.5,86,2.406364939289179,3.260215892584533
29,30,0.10489459634297399,0.1748549183322545,0.30153970453024403,0.45752888835686584,0.05683729920536886,0.17156700759725477,0.00700735746572482,0.007600877528986601,0.3,0.2,0.5,92,2.361650640539322,3.099442577990454
29,31,0.09812661445860374,0.16520392534188275,0.291730479977364,0.48171028470270283,0.05273907802453884,0.15511189615640045,0.00732601715674686,0.0091701172329096,0.3,0.2,0.5,95,2.4670701639142867,3.4400667561828904
29,32,0.09599474086496752,0.17178401932714096,0.3087604892727296,0.497161872929166,0.04780516260108794,0.1359347049285779,0.00817089645672534,0.009995881663395061,0.3,0.2,0.5,98,2.352208881625821,3.3593364101111303
29,33,0.09592817783281149,0.16813366071541525,0.30491359582462485,0.5025051398707856,0.05196619623986301,0.15031140684207403,0.0065593785093709,0.00854517458904276,0.3,0.2,0.5,99,2.426890357641543,3.2032385544466955
29,34,0.09466951029404039,0.1658020171156394,0.30252353073229815,0.4983965408081224,0.05382116901697639,0.15054861786713158,0.006546229974745769,0.00786234409088174,0.3,0.2,0.5,100,2.300214337089093,3.007431706169154
29,35,0.09500045629322215,0.1653861709962583,0.30206685387754306,0.5128597838880187,0.05296155069964347,0.1528269281022186,0.00809077084685516,0.00790618255265664,0.3,0.2,0.5,102,2.4588977641180043,3.329064801916049
29,36,0.09480294531597652,0.1701889935763079,0.31711604805962484,0.5534124495912783,0.051838777091421775,0.1509891117500976,0.006815328799325169,0.00993487283554145,0.3,0.2,0.5,109,2.282539835362938,3.8391660027102494
29,37,0.09837264244116503,0.1737189365457762,0.3206439802851578,0.5674257433703948,0.05537919807721813,0.16167338566053058,0.006814802504818531,0.010736610430070929,0.3,0.2,0.5,110,2.2729025971376973,3.6990051324778346
29,38,0.09798134366387976,0.17305490158964706,0.3199651577874643,0.5637066732940291,0.05618819565498661,0.16194019431102477,0.0068937777917034895,0.0102590407542049,0.3,0.2,0.5,111,2.3139060213671394,3.7111264278908793
29,39,0.09560871487085816,0.1783517060686543,0.33565358367996667,0.604826808323977,0.051095670710066717,0.14370455503794172,0.00733847751250329,0.01220762788668418,0.3,0.2,0.5,116,2.3207570894137364,3.9599158587163257
29,40,0.09473864829340746,0.21246936845689374,0.4414955806423191,0.7830654822160055,0.05269754268492958,0.14716481356040512,0.011318816653001499,0.01250473311102998,0.3,0.2,0.5,168,2.580267258806522,3.052221186266991
30,0,0.952908885147994,0.9727439192579816,0.971969577512992,0.1730335324055818,0.0,0.0,0.0,0.0,0.3,0.2,0.5,1,6.409095161988184,26.20535523962234
30,1,0.4566338609455366,0.6016605625519247,0.5894950302016828,0.1278826186740797,0.4433309976001494,0.09907441519974876,6.340212721791001e-05,0.00023028624464503,0.3,0.2,0.5,3,4.194748330516441,10.282528286748065
30,2,0.15923174206033455,0.21506784229553733,0.1918090515239756,0.05761692974536369,0.436367160727461,0.11063916703021888,0.00025360850887164003,0.00092114497858012,0.3,0.2,0.5,5,3.0356680301580456,2.499080565629781
30,3,0.08168784068110913,0.07340150960596266,0.05618683055382618,0.03628468156796222,0.1887555802497049,0.11447015491820445,0.0004984622196570301,0.00181049118853254,0.3,0.2,0.5,7,2.884332522300161,2.1754053140028726
30,4,0.08160532135385244,0.07316006642584096,0.05593668040087348,0.039721688825932217,0.03572689485764642,0.11459780228023268,0.0005116072429791399,0.00185823592817222,0.3,0.2,0.5,9,2.8929411690674023,2.2867654296226494
30,5,0.08250267778479677,0.07387097972190411,0.05663735697616782,0.05188333025081546,0.03672718086646889,0.11977287099644496,0.00026302836738311,0.00099227783108904,0.3,0.2,0.5,12,2.9451706821992247,2.384893477652191
30,6,0.08085130623515754,0.0776218235385199,0.07065646242650972,0.05468983864397782,0.03503817774789641,0.11448466851237331,0.00025703806099234997,0.00094378134756042,0.3,0.2,0.5,13,2.913820577812512,2.3291929572593717
30,7,0.07939579369270465,0.06829255624478926,0.05092418383558279,0.054554695894606854,0.04526208239093316,0.11678693697060445,0.00032669238524976,0.00109010861228129,0.3,0.2,0.5,14,3.181275399233984,2.7388644592681826
30,8,0.09798022446006727,0.09036935645427965,0.0831655478409857,0.0897922710731679,0.058570833159350216,0.1774749165861864,0.00035279914758654,0.00538821165901238,0.3,0.2,0.5,17,3.008933022880073,3.7914537291110655
30,9,0.07954835304663695,0.07100711516016488,0.06375307807653283,0.07634276071346806,0.042070709522788324,0.12518965940621757,0.00029198204058043,0.0016018094791481901,0.3,0.2,0.5,18,2.977008106865704,1.8934261489158184
30,10,0.08077500569886961,0.07754246334151452,0.0805517283311027,0.08479549813604435,0.040031861575132256,0.12877208840738372,0.00035733011233506003,0.00212433810290907,0.3,0.2,0.5,20,3.0524842506396808,1.9799721254301024
30,11,0.07351709664590908,0.06078799430404557,0.05330875110756424,0.08272256386862961,0.05193136501776321,0.11854094878485859,0.00028475029697818,0.00100366745589111,0.3,0.2,0.5,21,3.136334096262136,2.695468433766981
30,12,0.07281370991279563,0.0647993883530203,0.06755181022008319,0.0921387158979439,0.037478209547447655,0.11841429399523587,0.00027399670476056,0.00096475344698093,0.3,0.2,0.5,23,3.1159346836850537,2.4847129603308766
30,13,0.07748183736435399,0.0658738889236208,0.06843508227935212,0.10170630436704878,0.05080819998888062,0.14065700966792366,0.00030911481785124,0.0032152904653784003,0.3,0.2,0.5,25,3.10879159842334,5.3249580090987125
30,14,0.07595806613171152,0.06428176226055538,0.07682301199327271,0.11030704046559955,0.06814182174674165,0.15367178171314919,0.0003433173448727,0.00176752902185841,0.3,0.2,0.5,26,3.153563280580812,4.4384098855632175
30,15,0.07589134489151186,0.06958070645963249,0.09238845395993606,0.11818671880004145,0.047204312904819655,0.15367178171314919,0.0003433173448727,0.00176752902185841,0.3,0.2,0.5,28,3.158249730871343,4.401021003985246
30,16,0.0702534388790726,0.06327584284169326,0.08604871870349465,0.11634572301085305,0.042823227906942006,0.1324364192390109,0.00033343637352032,0.00436085759794349,0.3,0.2,0.5,31,3.226048526357661,6.610342406352776
30,17,0.07378241064586018,0.06227406711684974,0.08481106836461144,0.12441652109052029,0.057839346655463066,0.12988507169609986,0.0009739993265427601,0.02023558030961849,0.3,0.2,0.5,33,3.2368421504438425,6.288338479857289
30,18,0.09039554077869799,0.0783283127871775,0.10083617321070878,0.19077424525262962,0.0668909840656014,0.1498209865128542,0.00445962527423901,0.041039390825589564,0.3,0.2,0.5,37,3.39998789158361,8.03416945750695
30,19,0.07950508438140272,0.0673439551594459,0.0898471236067346,0.18878883675643499,0.055863035669500016,0.1438817345403253,0.00326187155728356,0.0234429960137394,0.3,0.2,0.5,38,3.273692392633737,8.32739975427195
30,20,0.08370451269083974,0.0747883592208439,0.10744808764573408,0.19435916830151537,0.06985710866379552,0.14462874898736428,0.0051376234325781105,0.0342669796528422,0.3,0.2,0.5,39,3.237592027797456,8.751444203654012
30,21,0.09711692775672878,0.08454446528411012,0.1170168768061497,0.2340938543455594,0.07959489669568302,0.11962872939249077,0.011849108840847191,0.0792816526319166,0.3,0.2,0.5,47,3.436431043794302,4.495797718455702
30,22,0.07693304606258736,0.060657151790557404,0.09294081159159931,0.24328809531038614,0.06408370211785394,0.13467247701187438,0.00635515949835856,0.03796875357464677,0.3,0.2,0.5,51,3.316283937676282,4.5966112519343705
30,23,0.057020630586329744,0.0870697905807159,0.21165298888211437,0.3089326933240153,0.04409661861213539,0.11850016140246886,0.0066970629218338,0.0119365840986263,0.3,0.2,0.5,59,3.1818759940367247,2.2238278625899914
30,24,0.05716325608261955,0.08702920542691082,0.21160328852720905,0.3124863347806817,0.04376137770831761,0.11938830067359338,0.0058355809029326895,0.01229787851347089,0.3,0.2,0.5,60,3.130755498003951,2.2654102446400675
30,25,0.04975949971459522,0.07680623585686142,0.20123813410996969,0.31631782253117285,0.04308012855775993,0.11083697040794356,0.00646414857153807,0.00673832255203044,0.3,0.2,0.5,62,3.1974142477195584,1.909466948386747
30,26,0.04979217609093541,0.07667377462028546,0.20109745250919364,0.31976112375583116,0.03866073442839707,0.1102733402794676,0.00634412132630497,0.00743949859481609,0.3,0.2,0.5,63,3.1771617642472507,1.9557956452542613
30,27,0.04853239688103329,0.05343122296227426,0.13676168921626347,0.3010604119073486,0.03716960583120518,0.10627015881113841,0.00747948382949829,0.0072142269265108305,0.3,0.2,0.5,67,3.2210041821075324,1.957873470961774
30,28,0.0461001074375843,0.07034810070030637,0.19463992721538295,0.3338843789178032,0.045178150841805376,0.10671967767617754,0.00538869454404601,0.00658937984147598,0.3,0.2,0.5,68,3.1169216985996826,1.9726677065926213
30,29,0.04520769281011332,0.06922032380225793,0.19350043685403823,0.33643321379439217,0.03654306624278022,0.10491713832651509,0.0052560581339797,0.006297226221867749,0.3,0.2,0.5,69,3.126308522189916,1.9490720188711728
30,30,0.0522527313825508,0.07870758112531374,0.2131084901577708,0.35254751714062216,0.050443533840043214,0.11451183046677131,0.00496829455216858,0.01927710039633,0.3,0.2,0.5,71,3.353714865559541,2.607008302606649
30,31,0.05290750062402981,0.07384506797534378,0.19797174730744388,0.3498444697046323,0.04574014983175276,0.11429094784785712,0.00533980859247313,0.02068089567847404,0.3,0.2,0.5,77,3.384531711645116,2.6831270495608783
30,32,0.052231723980364034,0.07770969149939955,0.21206213228206,0.37439211976419823,0.047326133175091725,0.11429094784785712,0.00533980859247313,0.02068089567847404,0.3,0.2,0.5,79,3.384351395846537,2.647588772875297
30,33,0.04686376861251603,0.0587672842429157,0.17244556474181025,0.3701033306610037,0.051957068363951725,0.11016003891134876,0.00549779413284489,0.01635074685486285,0.3,0.2,0.5,80,3.302269069523759,1.99174384896004
30,34,0.04711497205188807,0.04961981173790227,0.15283252866996597,0.36061107071714454,0.059591045888980586,0.11055821486667443,0.00552277539740289,0.022406699717417992,0.3,0.2,0.5,81,3.2865970502143727,2.5717636132408104
30,35,0.04753385884179874,0.05327521271360101,0.16665041941111497,0.38348116863258863,0.05532913916550878,0.11034896254556474,0.00644341711856814,0.026196064264636287,0.3,0.2,0.5,82,3.342986831823498,2.7042805814704467
30,36,0.047990158405206304,0.0700077783501069,0.2141919705036915,0.4162273445139247,0.04802431857358659,0.11023339400366887,0.00668813039957525,0.027165028248381202,0.3,0.2,0.5,88,3.358053550864086,2.7501335847390456
