Run,Equation_Index,Hybrid_MSE_Train,Hybrid_AIC_Train,Hybrid_BIC_Train,Hybrid_MDL_Train,Hybrid_PSM_Train,Extrapolation_Divergence,Sensitivity_Interpolation,Sensitivity_Extrapolation,Lambda1,Lambda2,Lambda3,Complexity,MSE_Test_Interpolation,MSE_Test_Extrapolation
1,0,0.8843180749772772,0.6402374819295722,0.6059911272897155,0.029206114861080896,0.0,0.0,0.0,0.0,0.6,0.3,0.8,1,420.82701177596925,1497.6573900288367
1,1,0.85738303049904,0.6591015845416104,0.6233918913896205,0.065504876279917,0.060050018866736235,0.05693670694983057,8.380540564878e-05,6.273464933589e-05,0.6,0.3,0.8,3,397.94026567985054,1467.2560046108936
1,2,0.34841994532555565,0.47247403364479845,0.4267085157653789,0.08648144718239367,0.8079113890913838,0.07685886324263867,0.01287575508739298,0.01182908591868374,0.6,0.3,0.8,4,139.73079537038365,369.1739290526366
1,3,0.3258156194483226,0.4668426112366374,0.4304507128127065,0.09714399570147442,0.0931318605842977,0.07676454665202379,0.015102777225908682,0.01368258719983137,0.6,0.3,0.8,6,130.7932906352467,326.13912511582845
1,4,0.27992864800996226,0.42662877082346845,0.38427808049050644,0.12177556984607053,0.29408563895304024,0.08025340227364441,0.026884097391844018,0.03462904076377965,0.6,0.3,0.8,7,108.66111011479636,239.65454332199545
1,5,0.3124346006044919,0.45038498219879997,0.4028584552854961,0.2021216250395667,0.34645884842462127,0.08437516252387225,0.09983446560083264,0.10184257033989874,0.6,0.3,0.8,8,155.95249771648997,201.68265320546595
1,6,0.2575680215345787,0.371385796133623,0.3010022777094238,0.1339029601978844,0.12748660545905105,0.07414691520596944,0.05830528786907224,0.06099237389909462,0.6,0.3,0.8,9,103.00178920176724,129.31565950598747
1,7,0.2766754683951847,0.39271063428514824,0.3395026874105904,0.203254941515351,0.3459657715151315,0.0829908622450165,0.09090805606808372,0.10873972559014491,0.6,0.3,0.8,10,141.38063585487785,392.1278091476148
1,8,0.3527104885256501,0.4365493036764339,0.36812895775530996,0.2916082157886543,0.3328318929614604,0.07332990220878646,0.124402003547559,0.22523748136159022,0.6,0.3,0.8,12,116.1839594149267,261.0999345845877
1,9,0.35389457917456923,0.4657625932508148,0.4299260453535385,0.3159929039105462,0.28327079504059793,0.07909233571002697,0.1455468978182641,0.2198670083129572,0.6,0.3,0.8,14,109.25534398950909,293.5593580661824
1,10,0.34457018628862607,0.44650456809144184,0.4090449069793649,0.3280828007648181,0.29328457233855776,0.07206934163949248,0.13148217624925893,0.2276496786949334,0.6,0.3,0.8,16,118.8428406667337,265.5002136418491
1,11,0.3465546552059871,0.4369872209673057,0.3882986609441279,0.3142915059164795,0.26778318359458186,0.07909036748389771,0.14587562896644127,0.21979535755626195,0.6,0.3,0.8,19,111.43090659377908,319.10264864585366
1,12,0.33309130115099994,0.40011984533167966,0.3478944787809043,0.3241946613646792,0.39231160768920204,0.07835983250634862,0.13253139675099754,0.22570629469867734,0.6,0.3,0.8,20,113.60601444663428,280.48120912309133
1,13,0.3312783167047255,0.40572577349022104,0.3641430867609961,0.3316403277999082,0.2764430790511131,0.07835983250634862,0.13253139675099754,0.22570629469867734,0.6,0.3,0.8,22,114.93398858760683,307.6250371007462
1,14,0.3341488239679346,0.4190350894465422,0.38852401983900775,0.3546427220222874,0.27164677822366035,0.07931840741622272,0.14656150276317487,0.22372241493343034,0.6,0.3,0.8,25,116.24241875897674,364.0071896786964
1,15,0.33380190230232665,0.42512074574462233,0.40511893406605604,0.36742155506860896,0.29553549765340015,0.08575709999095013,0.14662609703556886,0.22121978582144064,0.6,0.3,0.8,26,108.77144404315332,356.7110743992884
1,16,0.3361407621177075,0.42719372629634195,0.407154296914471,0.3669414836368359,0.2762445186931144,0.085694674168302,0.14662990851926241,0.2243496739753174,0.6,0.3,0.8,27,107.19785351440426,336.1217445622049
1,17,0.3351217058442278,0.4029609691675578,0.3604492337496962,0.3518981099337184,0.27929440711155273,0.08652373497141648,0.14595296316828482,0.22329273966224195,0.6,0.3,0.8,28,119.88494584988334,367.0037884888671
1,18,0.339396311408939,0.4286632116874115,0.40837564733317705,0.37951067372377767,0.2827310669796914,0.08541015160117647,0.14873062924479144,0.2288712849445697,0.6,0.3,0.8,29,109.6902086776347,305.1948792635925
1,19,0.4171545040026403,0.4825467930432456,0.43969349666638946,0.45783289760520657,0.3659934342889043,0.08548118170689831,0.14508663017029688,0.3283682493652985,0.6,0.3,0.8,30,132.29551529967338,323.6323852444588
1,20,0.4158706060777474,0.4894082852002038,0.45731695787899973,0.4723386518571816,0.364521491513222,0.08548118170689831,0.14508663017029688,0.3283682493652985,0.6,0.3,0.8,32,132.8544266660095,338.1135006599906
1,21,0.4174765348528675,0.4773438471749534,0.43373636062897747,0.4568539180456612,0.37261870545167497,0.08587341490216263,0.1451287440920385,0.3314579345311601,0.6,0.3,0.8,33,131.9837666635676,328.75697121781536
1,22,0.5372779903158248,0.638856575753745,0.639548269458759,0.6198096395056318,0.4875345037368188,0.08131318747575612,0.1399804331504473,0.4879691955835634,0.6,0.3,0.8,35,117.3567589131874,348.97764165006805
1,23,0.4502135327962504,0.5487728150758727,0.5490588885446959,0.5367500246831785,0.4096582980681941,0.08031308688209805,0.1335129849816428,0.38386669722119315,0.6,0.3,0.8,36,104.20664771869728,418.2364977912181
1,24,0.3962013994172232,0.441359050460264,0.4055244524606231,0.4659155820617292,0.4413465957599536,0.08557683606345003,0.17744752924430549,0.3052569058253828,0.6,0.3,0.8,37,132.1468929276397,925.3572382224947
1,25,0.3959030480732578,0.46220991433685465,0.44857273584195567,0.4874664566711071,0.3497808162859327,0.08556838719602174,0.17746584742705498,0.30532584136972146,0.6,0.3,0.8,42,132.38972140691092,926.0544395339856
1,26,0.4061254103145068,0.46027820256131263,0.4353412979221477,0.5259239534273907,0.3602098471619425,0.08502287963162679,0.18174961688245037,0.3173505798919501,0.6,0.3,0.8,48,143.8054491550892,976.8407662593422
1,27,0.48229578904721776,0.527738924344334,0.5017053030985801,0.5975610227686139,0.47707802943437577,0.08483663277974336,0.18278077464269268,0.4158300528868521,0.6,0.3,0.8,49,131.33720761970412,844.2387641885921
1,28,0.4301356477954042,0.5171588995683818,0.535436668475181,0.6052211894609022,0.3901925999026857,0.08391872139941997,0.31448699193853286,0.3030111617950535,0.6,0.3,0.8,53,99.87746084651346,766.0723964442774
1,29,0.43003387555149986,0.5169568663126384,0.5352222150200805,0.6084146414758242,0.3874676335304388,0.08394402810706311,0.3144439575155949,0.30291875589804823,0.6,0.3,0.8,54,99.73620610666536,766.1226258903615
1,30,0.4392998019661718,0.5439292179205767,0.583970341171393,0.6289686678924957,0.4172091670888877,0.08682452329885874,0.2022295979348943,0.35609880233311886,0.6,0.3,0.8,55,141.30942428270694,974.303748580258
1,31,0.45200055172937537,0.5343874678860226,0.5520920961194702,0.6541140160559921,0.4105676567716908,0.086450118878711,0.3014912026016025,0.3350502609065892,0.6,0.3,0.8,56,107.57748912762784,732.4165783135358
1,32,0.4771513434828037,0.5683466218500434,0.5969350497534449,0.6838600889873241,0.44612538684792347,0.08785890999748933,0.3402911707348889,0.35171772774937093,0.6,0.3,0.8,57,120.10865369208462,728.2702932586525
1,33,0.9025072111675547,0.9910015188526453,1.0192563718761607,1.1130273652313378,0.8744621290773346,0.08722017568702194,0.3335033669160244,0.887440272339369,0.6,0.3,0.8,58,100.56512515823243,608.8583472218947
1,34,0.45503545108305316,0.5098376833256256,0.5045506322388644,0.6439376498904037,0.4155650502532531,0.08279746505375961,0.3254929968826277,0.3345231516687761,0.6,0.3,0.8,60,109.53613095811195,817.2151862842379
1,35,0.906505392618741,0.9882430305333767,1.0156804698550297,1.1246581457724854,0.8953791333353626,0.0866052597244061,0.3340984836338248,0.8949652311635861,0.6,0.3,0.8,61,99.46458435594602,602.1166656284682
1,36,0.41209778567640054,0.4728223100682105,0.48790574289125643,0.6249503426258036,0.39728795845676906,0.09012477777154976,0.3245381152050997,0.28111455005506314,0.6,0.3,0.8,63,122.62536514926175,841.6176674747163
1,37,0.44690218286714983,0.4918283643864286,0.49518894988931567,0.6691974178674047,0.4172038547459833,0.08602437680662588,0.3494814600252804,0.31978617501014084,0.6,0.3,0.8,67,118.7659139229346,870.3600298415416
1,38,0.4708964621693019,0.5551622720903827,0.6025892543568212,0.7613469051599364,0.4479719119154101,0.08571241347191445,0.3512081824758232,0.35086434973339314,0.6,0.3,0.8,69,118.932113360875,779.6058835745563
1,39,0.45568551712061683,0.5374262360345583,0.5845573847084111,0.7361471875019344,0.42546182202364013,0.08725480301996397,0.3472901305360004,0.33289242659951945,0.6,0.3,0.8,73,120.97971904803292,781.1535093702399
1,40,0.440851372780627,0.4843270830898039,0.4973821477671251,0.7056259384683905,0.41937019243213514,0.08881252429420701,0.34816756867618076,0.31425272544079647,0.6,0.3,0.8,75,115.50140763943963,680.9666788823765
1,41,0.4448559859505289,0.4712500441790636,0.4724466287185688,0.6953755967831026,0.4205552501671934,0.08686586132413933,0.34478139232206184,0.32361081774332157,0.6,0.3,0.8,79,112.22831884056318,703.2225204113842
1,42,0.42032584589521993,0.4530375986912995,0.46484931534257357,0.699448203262726,0.40061492368102314,0.08845505636214619,0.34570275354137503,0.29266015922536803,0.6,0.3,0.8,81,114.8854860838576,707.877326902218
1,43,0.4203051022336563,0.4640126503891261,0.4869781022352787,0.7179214981314652,0.39111601539645835,0.08845505636214619,0.3457027535413749,0.29266015922536803,0.6,0.3,0.8,83,114.19435921325,705.0902904786731
1,44,0.402834996351411,0.5120299030945973,0.6018615324577414,0.7511414138521616,0.37477331756313265,0.07977875309225341,0.42313041627069337,0.24857472635747596,0.6,0.3,0.8,87,103.46308269985118,2387.745008920229
1,45,0.39470686860462273,0.4587186161691542,0.503797934875902,0.7160564780704399,0.3689288729828678,0.08284706652606277,0.38938082346080327,0.24897267534574966,0.6,0.3,0.8,88,106.35471755119538,1418.1112393106548
1,46,0.3981338391006345,0.459292142727175,0.5040454062640216,0.7301197724728951,0.37544577246711724,0.08223589888936964,0.39222933450994,0.2533628029088869,0.6,0.3,0.8,90,114.01071968328652,1501.836463490329
1,47,0.5625603246922506,0.6393638395083587,0.705702844438399,0.8939462519775341,0.5616765435700495,0.0808533378208931,1.0,0.23361455716206256,0.6,0.3,0.8,91,116.28124682815437,732.7126180063738
1,48,0.4319702685406541,0.5413238048956535,0.6410746869447663,0.8228027417589752,0.4055489406180297,0.08358587058076494,0.415083436850182,0.28784804886535165,0.6,0.3,0.8,96,109.02184157753308,1295.506997898784
1,49,0.4318371262519699,0.5285263029742833,0.616934401280239,0.8108473895541942,0.4113805262765854,0.08358258934387139,0.4148045860059633,0.28815904089936406,0.6,0.3,0.8,97,109.33496486720492,1284.0126287845787
1,50,0.43251913083279214,0.5399074139957152,0.6394358686391106,0.830745916722536,0.4074478158386611,0.08364035335726262,0.41545306652153186,0.2888176119827765,0.6,0.3,0.8,98,109.4959439994088,1279.711169909243
1,51,0.4311021439033176,0.5365486953736558,0.6358578928648593,0.8294669619906504,0.4125521002760476,0.0848906978791795,0.4124515601363862,0.2876862240299176,0.6,0.3,0.8,99,107.80579681142432,1279.638394920181
1,52,0.978548726725393,1.0367430772941222,1.1009922344282956,1.3395454566623135,0.9731276119515477,0.08134367113246914,1.0,0.7574131401635736,0.6,0.3,0.8,102,122.32990046176758,764.2483571686429
1,53,1.0206438974523278,1.0896485413136803,1.1650309550005287,1.4043002523316728,0.997444552790101,0.08134226400393298,1.0,0.8100939018490937,0.6,0.3,0.8,104,122.30851144940864,763.3134551167587
1,54,1.171941478638371,1.2717190879726643,1.3803176011945446,1.5953224787236562,1.1502447631149826,0.08099998217227891,1.0,1.0,0.6,0.3,0.8,110,113.24652076792692,755.7365126961766
1,55,1.1708824053314761,1.2517433659064054,1.3483114096128705,1.59731274298171,1.179320681321511,0.08134953878004704,1.0,1.0,0.6,0.3,0.8,111,120.93612869466014,762.5420630249679
1,56,1.1707533098318053,1.251020764751406,1.3475233883501112,1.6008733434366538,1.1510818774611375,0.08129070459376915,1.0,1.0,0.6,0.3,0.8,112,122.17664734484966,769.0188470080708
1,57,0.615825285834257,0.7181553657383363,0.8369740712525682,1.0963906491006679,0.5939239047353926,0.0798191109193522,1.0,0.3074695978101249,0.6,0.3,0.8,121,121.63156086094826,750.6201231729175
1,58,1.1705800948412415,1.2941309734035276,1.4351731139241317,1.664518870516789,1.1525565971530574,0.08129155069953553,1.0,1.0,0.6,0.3,0.8,122,120.55350915847768,751.0090983376732
1,59,1.1710116642250337,1.2934043471213723,1.4343191010448213,1.6725668495858705,1.1498870219639208,0.08231224438739804,1.0,1.0,0.6,0.3,0.8,131,128.91161284143203,786.520201270403
1,60,1.169820469805975,1.3031701353729512,1.4552346273666845,1.691543764031967,1.1484893785525516,0.08036326638508294,1.0,1.0,0.6,0.3,0.8,133,125.9912400507162,749.7388432697379
1,61,1.1693466203347147,1.313521732339646,1.476721773048254,1.7560075331878182,1.1479366739181476,0.07964378097192665,1.0,1.0,0.6,0.3,0.8,140,117.09886129482128,830.4978938528184
1,62,1.1691758198929518,1.3083289863957783,1.4709779935718776,1.7302082179111842,1.1548621842436777,0.080638195382826,1.0,1.0,0.6,0.3,0.8,143,125.3085942977378,738.028797256729
1,63,1.1694786716519439,1.3076680115179793,1.4702114947931344,1.7531407800677343,1.1494505493733247,0.08138393447357808,1.0,1.0,0.6,0.3,0.8,149,132.611516831193,786.2874118532012
1,64,1.1694962156826185,1.329583559390089,1.514425247412408,1.785282974287007,1.1500350741124095,0.08148692092177465,1.0,1.0,0.6,0.3,0.8,150,132.67219594083463,784.4620984989698
1,65,1.1167757467460842,1.2872132639250151,1.4831387038535357,1.8085438769202244,1.096427087540321,0.08343604113848974,1.0,0.9327766654460629,0.6,0.3,0.8,170,137.30335150608383,835.8974408903829
1,66,1.0918445389577018,1.284282443914903,1.5025170626222406,1.8211854673375563,1.0715672996246073,0.08346407854263563,1.0,0.901627602382578,0.6,0.3,0.8,174,138.9065674203402,836.1983560038042
1,67,0.6786455592677028,0.8593708636940418,1.06637302675805,1.4034584103189982,0.6619042872677794,0.08106161343960833,1.0,0.3870447578504333,0.6,0.3,0.8,176,123.20746266359974,774.434574316463
1,68,0.7768029565179327,0.9893071807580689,1.2296401612102597,1.5246462027611718,0.7568884865591886,0.08336866833585564,1.0,0.5082897918166176,0.6,0.3,0.8,180,134.10808593432893,849.2432542412863
1,69,0.777769559266789,0.9902218696865819,1.230549105031561,1.5332723675616933,0.7577271502678695,0.08336803119619254,1.0,0.5095080291370371,0.6,0.3,0.8,182,134.14636705612264,849.1425191979107
1,70,0.7800780627465553,1.003574100641202,1.2550608593084946,1.5536528087618993,0.7601539608117944,0.08339151343894677,1.0,0.5123857999451426,0.6,0.3,0.8,183,133.60348227244512,847.9648513285238
1,71,0.7780990104542703,1.0009559052137509,1.2523729291370143,1.5516955479308208,0.7605106888771348,0.08337000301802905,1.0,0.5100448273600554,0.6,0.3,0.8,184,135.67251984565883,837.8846710322372
1,72,0.7694875322497927,0.9807996087517656,1.2210025191925293,1.5623952493438074,0.7499413942941952,0.08336822634291344,1.0,0.4993633269378395,0.6,0.3,0.8,188,135.2325247936015,844.273446420174
1,73,0.7453889786532637,0.9989236475350398,1.283551891677399,1.5660919878204735,0.7266501615295109,0.08136151211419707,1.0,0.47113631554326635,0.6,0.3,0.8,197,135.62151719318788,851.7567800405518
2,0,0.6906293936108877,0.5872530198515419,0.5479630235273999,0.024063945968796897,0.0,0.0,0.0,0.0,0.6,0.3,0.8,1,847.1272873764214,1563.0385115318495
2,1,0.6771204095205225,0.6116895446538171,0.5706753036906131,0.06840517975297179,0.07295634504221442,0.07077768610872807,8.332869676523e-05,7.256872889916e-05,0.6,0.3,0.8,3,793.2731901597915,1445.919220383886
2,2,0.2860173588635885,0.4219717284073901,0.37015043727673713,0.09341956844708496,0.8475258459885262,0.0973314043682601,0.011606548771412489,0.013344061830316662,0.6,0.3,0.8,4,326.43797662814006,445.1979791930889
2,3,0.24380350458334168,0.3718882081378605,0.31379930390320665,0.10279151204593913,0.19885075004440556,0.1002675564110251,0.021413400869587252,0.027162282684525217,0.6,0.3,0.8,6,209.42836190296765,210.64117616360977
2,4,0.21527984668045352,0.32981684760333707,0.2596758904218771,0.08614262177210469,0.08228979700115131,0.09523906873156487,0.00956036831355742,0.00830636616403442,0.6,0.3,0.8,8,199.8919532444283,425.5543827619842
2,5,0.25421365351660435,0.3580519831270128,0.28482136299487887,0.1499493070957169,0.1818671921732586,0.11325881131640007,0.037491036944560706,0.06018321246392992,0.6,0.3,0.8,10,125.54714672744552,112.20024457508175
2,6,0.29758460378417506,0.39548594196609893,0.32967132663649823,0.23326728662066645,0.22611478944441882,0.10512466836945658,0.050307882786896074,0.14363041769892718,0.6,0.3,0.8,14,183.20096236621097,840.0515529501512
2,7,0.31711078415882044,0.4217425037777567,0.3662495132763773,0.2690203456141679,0.23197861887175653,0.10913066345880787,0.05556964250829376,0.16868188695138003,0.6,0.3,0.8,16,179.65769347492713,1152.6705229352356
2,8,0.32471800912502846,0.42906488179404123,0.373516653839028,0.28198466816874734,0.22699242840103656,0.1102986432112156,0.05762581127854417,0.17691253340678212,0.6,0.3,0.8,17,176.82291701511036,1259.081491530442
2,9,0.32914296044134805,0.4412768939481424,0.3962798733350911,0.29159066252802923,0.2541625933013219,0.11211469064479809,0.05958628100711962,0.18427282423464383,0.6,0.3,0.8,18,176.6539684456396,1331.0623120538874
2,10,0.3399409712799216,0.4514077337559903,0.40628865788078505,0.3135833555791987,0.24612848197837844,0.11223598666485321,0.06375345050065609,0.1968853989547398,0.6,0.3,0.8,20,166.12550588480616,1453.4511475083236
2,11,0.3486101334640819,0.4475385672360904,0.3909928135651095,0.33132201567258535,0.26317549827428527,0.11273239177811793,0.07014263055189576,0.20658554970737003,0.6,0.3,0.8,21,146.63461892243413,1563.9087968713393
2,12,0.34442479079370003,0.44209834943887505,0.3853273968574505,0.32827295122264166,0.25881956905163106,0.11282977962790539,0.06853273117560031,0.2032732550071664,0.6,0.3,0.8,22,153.3817880158716,1519.8957346689197
2,13,0.3423815456060508,0.4386799821913522,0.38166472858460465,0.32691480422334057,0.25863611809958753,0.11314445709732812,0.06780100862280028,0.2022461714685399,0.6,0.3,0.8,23,158.16333064015504,1497.7901761938192
2,14,0.2931749300638571,0.38515476595308995,0.3273877154032793,0.28353765514480306,0.23091250603235527,0.10782263051999219,0.054949676306212294,0.15402249189811837,0.6,0.3,0.8,24,163.51427581387858,915.7062176628028
2,15,0.28828519903266503,0.37837896399463034,0.3202904603760429,0.2853359121367517,0.20666681131412679,0.10876206332463303,0.05242470631969903,0.15001636513641867,0.6,0.3,0.8,26,176.91826279611823,871.0715466530579
2,16,0.2880816080814196,0.37524706195127683,0.31665525141721484,0.2897714300055949,0.22146226334953334,0.1072469994765289,0.057032638851259435,0.152119089496981,0.6,0.3,0.8,27,164.1162234877335,915.081862274082
2,17,0.28406381927244245,0.3684455959069282,0.3093920748651686,0.29563898933660626,0.21761923967568603,0.10567843877142118,0.05871218073652018,0.15022535327329198,0.6,0.3,0.8,28,164.55940247559005,906.6782469524892
2,18,0.28053452909801674,0.35535586073180186,0.29479159684591827,0.29684617017334813,0.25657607817857586,0.1082561078545893,0.0580398080124746,0.15202133805914245,0.6,0.3,0.8,29,155.14746949569863,953.6540657409136
2,19,0.2779550186089658,0.37389927864088485,0.3354992936969104,0.327829137459449,0.20354610018293195,0.10566817135625088,0.06001453442324071,0.15084252397879624,0.6,0.3,0.8,33,159.09482097299104,934.1103960424226
2,20,0.5818710946898646,0.6701858406626372,0.6306181213778941,0.6084803323588065,0.5522050364394158,0.1385830828582402,0.4185619018747607,0.3773929506626029,0.6,0.3,0.8,34,152.9369014849653,690.119093049896
2,21,1.1049911599672768,1.1836907801578576,1.1427084206065155,1.1587413463038392,1.0490168603651462,0.11316621649710976,0.5703312134402069,1.0,0.6,0.3,0.8,39,144.0126818264722,414.10145492879593
2,22,0.7012183583072367,0.7758970660593083,0.7439592603208705,0.7541234768742162,0.7168548845275935,0.12848235265670768,0.44363987442418074,0.5402569407386734,0.6,0.3,0.8,40,159.96478354816912,454.85268768480427
2,23,0.7510809944655097,0.8156438649974963,0.7823169859016907,0.8187482315416297,0.7220955929346199,0.12118719433474237,0.46940027236423354,0.6039905674397879,0.6,0.3,0.8,42,179.7702200435903,930.4361546384566
2,24,0.8987098255823989,0.9454740415541952,0.9098445229780351,0.9732810456484592,0.9299610889370615,0.11102816799879649,1.0,0.6051594858094125,0.6,0.3,0.8,43,233.943310836022,1163.2060022394423
2,25,0.8998447572063263,0.9250800741530923,0.8867530151973662,0.9970174870330775,0.9538288076245665,0.1148169399220486,1.0,0.6122479305082176,0.6,0.3,0.8,44,228.9842504485551,1368.4080851540878
2,26,0.8954949243105801,0.9162607095830193,0.8773869057842499,0.9993573127452752,0.8652575677511815,0.11609915064353835,1.0,0.6074427202319683,0.6,0.3,0.8,46,213.3319088094944,1283.2532723657548
2,27,0.8967441662042245,0.9137375772230893,0.8744054605413601,1.0071522133089612,0.8659883697144206,0.11761147754946825,1.0,0.6091735200582687,0.6,0.3,0.8,48,229.0887261399833,1223.348700980321
2,28,0.8974571222846373,0.9142094260662803,0.8748469055062547,1.016884410595298,0.8598999302109074,0.11848821353810397,1.0,0.6095031697827883,0.6,0.3,0.8,49,194.41041846489517,1384.0170586982586
2,29,0.8867786471498872,0.9124061953650493,0.8839415784632929,1.0177386770879862,0.8532553315180706,0.1191305491789036,1.0,0.5964089766887112,0.6,0.3,0.8,51,197.60965108509797,1458.8370233103926
2,30,0.6094384001438693,0.6327951673683081,0.6040569906190285,0.7306183929626657,0.5815146207828032,0.11145606727308385,0.6077734786841521,0.40332764822603373,0.6,0.3,0.8,52,195.47564105795868,1211.3326930988053
2,31,0.711161968465574,0.7162652893691382,0.6754989974102932,0.8412399805405844,0.7069117314697253,0.10666052707378029,0.7100176490410265,0.49812173306714624,0.6,0.3,0.8,53,217.62473744957987,1339.7659832765376
2,32,0.7111619756709208,0.7273624253006417,0.6977614707383494,0.8456143462920753,0.6754990581015407,0.10666052796458436,0.7100176453081385,0.49812173261038284,0.6,0.3,0.8,55,217.6247834835584,1339.765852839433
2,33,0.6865108387684286,0.7011924239789035,0.6714125495788412,0.8241875635214804,0.6572974603302555,0.10837851812833901,0.6750672406817425,0.47957613691021683,0.6,0.3,0.8,56,207.20880038198771,1311.116890208231
2,34,0.7089944141272193,0.7270203835910258,0.7074959177605296,0.8548128815057721,0.7068335995600818,0.10666052796458436,0.7100176453081384,0.49812173261038295,0.6,0.3,0.8,57,204.6769411698808,1375.940551166219
2,35,0.6665763921078859,0.6822619503504922,0.6624629899141703,0.8357015889682622,0.6368502783195167,0.11201052016213928,0.6122674978103679,0.47842142808313365,0.6,0.3,0.8,60,159.4260986348328,1390.8741858191668
2,36,0.8641685701341137,0.8990407906752506,0.9012210488837679,1.06137972342778,0.8339679121875958,0.11142393385558727,0.8042545977615289,0.6547125716761146,0.6,0.3,0.8,66,212.34715937462929,1360.4739594992525
2,37,1.1936737674228326,1.2479094325340636,1.2720906635230467,1.4385098185788947,1.163696284226178,0.1113218181311375,1.0,0.9940547590295952,0.6,0.3,0.8,73,226.871668942525,1311.4885457508874
2,38,1.1733000754184193,1.226203765567854,1.2502058561712317,1.426461100964262,1.1447837812816353,0.11033282039932939,1.0,0.9700170186716676,0.6,0.3,0.8,77,218.572937585756,1229.1417039247576
2,39,1.193717985278638,1.2144321803624696,1.2248684926990459,1.437318397340988,1.248855412549241,0.11125895985423442,1.0,1.0,0.6,0.3,0.8,78,214.86594315719225,1317.3676993733272
2,40,1.1919123775365956,1.2231729177017332,1.2546349146510232,1.468884200942616,1.1782085180605013,0.1116847571264253,1.0,1.0,0.6,0.3,0.8,82,222.77847125503564,1266.879677656311
2,41,0.6942203535293898,0.720999976173728,0.751962169669507,1.0227800270126441,0.67359730094784,0.10624542864497791,0.3117449107129311,0.6410234906830385,0.6,0.3,0.8,87,265.947811489518,1248.9971216042989
2,42,0.6951027106489018,0.7196386436621429,0.7503510142965828,1.0340533080660257,0.67428388433883,0.1081528258339377,0.3111336136423738,0.6414012353967656,0.6,0.3,0.8,90,270.6259218931179,1226.8365940555254
2,43,0.6823305234334116,0.6884538749421736,0.7171340154870361,1.0187219539118524,0.7331948171265017,0.10872021889963793,0.3103747419053874,0.6289659680305212,0.6,0.3,0.8,91,268.83298662452546,1111.8392033389805
2,44,1.1793701326644093,1.2568374166007588,1.3629823743333773,1.8396305606168692,1.1599057011040164,0.10760833747196992,0.9830928384787608,1.0,0.6,0.3,0.8,150,199.85926072402623,1822.3342092063504
2,45,1.1853831236694257,1.2549473905076813,1.360233677489124,1.8446149137638377,1.1817741203660548,0.11104043781440306,1.0,1.0,0.6,0.3,0.8,152,228.52119351514665,1986.826847800731
2,46,1.1843885954173714,1.2499189750315975,1.35476884869649,1.866294795246241,1.173868561764375,0.11030051125112475,1.0,1.0,0.6,0.3,0.8,154,212.168910349918,1715.7370727596233
2,47,1.1822402833748482,1.265699353934239,1.3924197001958927,1.9057934012124085,1.1727200897377634,0.11026695169432217,0.9948003997804534,1.0,0.6,0.3,0.8,156,194.4483951484052,1818.0229632658704
2,48,1.1549418535109441,1.2254106835436698,1.3507378562094967,1.8573360795686416,1.1553212772742176,0.11409818196615876,1.0,0.963109300054503,0.6,0.3,0.8,159,218.3744247734812,2021.650910710428
2,49,1.1620681290082389,1.2267078449041793,1.3514137235340076,1.860864123608083,1.16868677136589,0.1134951386364929,1.0,0.9733425069663084,0.6,0.3,0.8,160,198.1717946987365,1932.4486868711888
2,50,1.1494652291832805,1.2025625337341885,1.3260445344814762,1.8519921529052603,1.1786563064532656,0.11411763946573802,1.0,0.9587666720119896,0.6,0.3,0.8,161,205.5287265375404,1921.2929177547855
2,51,1.1828736617694477,1.2343703127908416,1.357683091565239,1.9220344104193339,1.1750379655834817,0.11511352662860559,1.0,1.0,0.6,0.3,0.8,162,213.0964172730584,1954.112055436764
2,52,1.180815255319967,1.2291074963895663,1.3520822149435725,1.8870125682522494,1.179298358458074,0.11226115259069522,1.0,1.0,0.6,0.3,0.8,163,196.4453979638264,2366.0386440679117
2,53,1.1820401415622142,1.2262684958655672,1.348815426275546,1.9211961270176234,1.1840840439286466,0.11502096046539081,1.0,1.0,0.6,0.3,0.8,164,215.12578562798768,1972.518263284888
2,54,1.1789502013997473,1.2556430882318366,1.4115989767753707,1.9482551168906728,1.167538713494361,0.11001518493305158,1.0,1.0,0.6,0.3,0.8,166,194.9358470261686,1948.6516658797484
2,55,1.1794191560251803,1.2348618552190875,1.3785876941396025,1.9373486125293793,1.1862899972231868,0.11251375797601534,1.0,1.0,0.6,0.3,0.8,168,247.5717638044871,2653.0398821778285
2,56,1.1777251698060722,1.214132820170114,1.345864981080801,1.9350634497454056,1.1811949446773773,0.11096674695302625,1.0,1.0,0.6,0.3,0.8,170,237.25062316563267,2664.300795062372
2,57,1.178065764833025,1.2339067998298452,1.3876821710721976,1.9617662354302083,1.172152402212042,0.11196477466806187,1.0,1.0,0.6,0.3,0.8,172,221.76845886015892,2589.087727657277
2,58,1.1767989684725115,1.214394909551395,1.356262519983959,1.9644916173247537,1.1797418987468833,0.11093889949040665,1.0,1.0,0.6,0.3,0.8,174,228.73400808480335,2806.762816368866
2,59,1.1735260515518564,1.2274957841795215,1.401111403329709,2.0355310413690137,1.172440767236329,0.10789029726904342,1.0,1.0,0.6,0.3,0.8,182,211.71465129300492,2234.1907130725867
2,60,1.174615802382542,1.227736753629534,1.4012650292087563,2.0244245665417866,1.167434260372156,0.10982178769548952,1.0,1.0,0.6,0.3,0.8,184,214.3513849365325,2261.6409927025466
2,61,1.1724938610716031,1.2064321992892284,1.3679644357293959,2.0294921384935005,1.1790559478066105,0.10735438209047281,1.0,1.0,0.6,0.3,0.8,186,212.47952296516215,2240.888480308347
2,62,1.1722613135463316,1.2160909146393706,1.3886648320387587,2.0750622350563823,1.165729715310463,0.107122148180586,1.0,1.0,0.6,0.3,0.8,189,221.4523141381898,2210.491370367377
2,63,1.1724472279578932,1.2347378985668604,1.4292600578530907,1.8997208093631175,1.1782310400933818,0.10790718641485908,1.0,1.0,0.6,0.3,0.8,190,213.61523410115225,2142.957057687416
2,64,1.1518535834680301,1.171744102124701,1.3318391712351914,2.091599664838421,1.1495235382812377,0.10962809220520142,0.9301545433209389,1.0,0.6,0.3,0.8,197,194.15924893603483,1974.4928091697773
3,0,0.899112214115199,0.6437977636059999,0.6098903022076284,0.029551443565286693,0.0,0.0,0.0,0.0,0.6,0.3,0.8,1,389.22982916961456,1380.0390881076507
3,1,0.8560876180697407,0.6510513814130987,0.6155660603004832,0.055321433796808525,0.05165453115231834,0.03963466954870354,8.667980986318e-05,2.764939673566e-05,0.6,0.3,0.8,3,358.35676193921074,1307.9555647686632
3,2,0.3290908222639274,0.45331192370558154,0.4075021130307118,0.06773572104770456,0.7986936284446723,0.053520880227477065,0.014002523430608371,0.00553924952072792,0.6,0.3,0.8,4,141.14204193759406,370.00608141406536
3,3,0.2466297993789229,0.38143378392170657,0.3269591933133296,0.07805874109278751,0.21272838024238455,0.05565265764797287,0.04075692273895533,0.01784077866271741,0.6,0.3,0.8,6,88.85974310412172,101.3090377551202
3,4,0.24970434614220693,0.38154596269368246,0.33220718525349335,0.1380209070520548,0.3248544796337426,0.04783170603040749,0.16896650826474308,0.041073535306370465,0.6,0.3,0.8,7,127.05640673626944,937.2303946924832
3,5,0.24606197841545008,0.3755117312981098,0.3255051076344526,0.14492132675013658,0.125003589475076,0.04928444622504714,0.16904598888255046,0.04118064934210377,0.6,0.3,0.8,9,114.83215523543451,947.619702007159
3,6,0.3105412039552534,0.4387286908985998,0.38838500458985564,0.21908482762744658,0.1859340844731775,0.05667962965023012,0.25868084721258444,0.08546882397506475,0.6,0.3,0.8,11,40.89360196733397,2509.53779863901
3,7,0.28033033843320143,0.4193308738744146,0.38007823933732615,0.1910708079200229,0.15287928719986718,0.05013363247411767,0.24379876984615262,0.058813936236071986,0.6,0.3,0.8,12,75.92547176131721,2026.6068384497285
3,8,0.3019006341172092,0.4267274835340777,0.37553039294214857,0.22034532398374462,0.20445189842558248,0.05763517247570852,0.2526533289704016,0.08321771114893946,0.6,0.3,0.8,13,44.74932798338909,2391.4778895484205
3,9,0.2909392288639369,0.4258495696287986,0.3855718684893382,0.22336939462221828,0.17044367156106965,0.06426306498260341,0.2457670786457967,0.0690882349607866,0.6,0.3,0.8,16,66.00163670947725,2490.389794429921
3,10,0.30342823380109596,0.4253362094710167,0.37344175846539357,0.2594383901507671,0.19084747603837393,0.0681255491292494,0.2460711571566001,0.08523575100499296,0.6,0.3,0.8,18,54.49620830158925,2949.060806781684
3,11,0.2854969047269187,0.3946124164918125,0.331153717765781,0.23561728663193246,0.18174867513429263,0.06981175064054061,0.21247354338015842,0.07727556272215697,0.6,0.3,0.8,19,60.68222483670796,2315.8092316283223
3,12,0.2770093965240214,0.4041780375727108,0.3621461057881184,0.236013389080162,0.1959659711922036,0.05950796752803271,0.2390897493491077,0.071103618679546,0.6,0.3,0.8,20,54.53402387784551,2441.0614762965283
3,13,0.35448952159766944,0.5027931242724587,0.48286688071833017,0.3524795973534154,0.24468659267646087,0.07775056430432699,0.45001877020060566,0.07680512899818202,0.6,0.3,0.8,25,110.11398102221864,201.17861403351665
3,14,0.35105033932501156,0.4973095039907121,0.4769567163625001,0.35687510261990946,0.2496207118172973,0.07780404700780985,0.4489063996763297,0.0759294101978452,0.6,0.3,0.8,27,99.81139307691976,224.48777512149
3,15,0.4687937579988062,0.6365415449396287,0.6383701561909981,0.49347942081228935,0.3617827263317259,0.08787918626219701,0.5720705185975274,0.17044326355018885,0.6,0.3,0.8,32,69.36872028849781,409.21642135779456
3,16,0.3046889081243241,0.4468965739827778,0.43481291002543826,0.35622795963706017,0.23036157316898856,0.0787825672233314,0.3328494743328979,0.0798590935474864,0.6,0.3,0.8,37,73.22722323509932,445.5557735985198
3,17,0.3130737678450403,0.476767361857257,0.49615350164866967,0.38774359255641844,0.26461076492474633,0.07451879480044114,0.3826942024952108,0.08669613131854051,0.6,0.3,0.8,39,54.17946864814668,468.519036452688
3,18,0.3247311614586835,0.4964735478097294,0.5265258224206959,0.4073094267448272,0.2515273919974136,0.07131853838593243,0.4010795617621626,0.09951684335817872,0.6,0.3,0.8,41,55.71182516286781,496.1259134394774
3,19,0.3199919463659979,0.45518039120528014,0.45121191076051576,0.3854001107393562,0.24950097638002128,0.07051593597780065,0.3952718115140297,0.09918858561035616,0.6,0.3,0.8,43,54.220476704757495,491.8527850891116
3,20,0.3207990625698164,0.5000930003234261,0.5407405893441589,0.42806499952498633,0.24203376904549817,0.06999364076709799,0.3968196565947768,0.10024695364743481,0.6,0.3,0.8,45,51.4545981009505,495.7715463148465
3,21,0.31011857123404246,0.46698720832787455,0.4852673337732749,0.40459751475480465,0.23136425084732162,0.06999882679862704,0.36124178252453465,0.10042858769005718,0.6,0.3,0.8,47,51.75314972313313,495.7475608461006
3,22,0.41487947729203023,0.530089457953915,0.5135677070379581,0.5318188207484704,0.3639128162072496,0.07440176225902939,0.5207515348381724,0.17495084905359856,0.6,0.3,0.8,49,53.69338063788765,468.9851817176516
3,23,0.47991251017092895,0.601270380906537,0.5951677987906623,0.6188617190255992,0.4349657807378974,0.07216596044651888,0.6240117818004586,0.22280956819594538,0.6,0.3,0.8,50,49.31556846551828,488.5226704609752
3,24,0.47724944161848837,0.59828805432283,0.5921370204560605,0.6210235527465726,0.408028360685759,0.07311888044541873,0.6206885160861236,0.22024901966922417,0.6,0.3,0.8,51,50.609066496036704,478.0910136872985
3,25,0.4978703223924414,0.6121738260424772,0.6050309787967703,0.6426815677591424,0.46551845432369127,0.06960611137767644,0.6467990210691952,0.24347404912898502,0.6,0.3,0.8,52,48.07250343497542,518.5600929587127
3,26,0.5018217941230001,0.6269575919398258,0.6309351372284049,0.6528714975692947,0.43540290087224265,0.06848572744020694,0.6435203311583345,0.2507391696179801,0.6,0.3,0.8,55,58.51569488730543,495.9498839772743
3,27,0.5015397677574149,0.6123778068852699,0.6047335195173327,0.6506977011237188,0.4517616236859558,0.06879936976350669,0.6450907958566582,0.2515569579929095,0.6,0.3,0.8,56,50.3406106398816,497.1434794863739
3,28,0.5016789081642523,0.6345637187058426,0.6492283206018599,0.6697540867675797,0.4370654251863409,0.06803342080813182,0.6454695565200682,0.25226297904443484,0.6,0.3,0.8,57,53.97868725865988,498.9963930679498
3,29,0.491955412795846,0.6101820766844219,0.6131740357671612,0.654932050202752,0.4461606691460931,0.06568909591147634,0.6415810315151047,0.24553640508528654,0.6,0.3,0.8,58,62.64884313750535,435.6796096074465
3,30,0.5005591708724276,0.6383709139778363,0.6633252250857589,0.6762136241468397,0.4425124977770347,0.07146976353450377,0.6458446192319475,0.2519330581474969,0.6,0.3,0.8,61,46.27833438113693,503.2708845101876
3,31,0.4972191198943481,0.6317209325225743,0.6562122740294445,0.6805143764397035,0.44456002773685077,0.07037293864300657,0.6479251729457265,0.24974206410058702,0.6,0.3,0.8,63,50.25881767344514,462.0159476694166
3,32,0.49669134484061117,0.6419419693899789,0.677550209515909,0.6908616212539302,0.4368798195582511,0.06976930164469909,0.6478350242156548,0.2497690860042158,0.6,0.3,0.8,65,50.491697498143616,460.32863855036834
3,33,0.49317980193181965,0.6477896153687771,0.694322029349281,0.708809594653441,0.4375719370639639,0.06782967438950416,0.6568766762932269,0.24443753735530546,0.6,0.3,0.8,67,50.90682917434263,433.5960496917571
3,34,0.4930528358436185,0.6584760482081679,0.7161347063407463,0.7196925863068321,0.4339959964832969,0.06782967438950413,0.6568766762932269,0.24443753735530568,0.6,0.3,0.8,69,50.64742995650605,433.2658618076878
3,35,0.5058134124895951,0.6917996624343181,0.7715643003622309,0.7945554164316303,0.4473273048094325,0.07430965473875,1.0,0.12776756187702615,0.6,0.3,0.8,84,47.37025509325696,578.9629815408285
3,36,0.5046316354930562,0.688577072773872,0.7680621141821786,0.804252449996128,0.45144674152152786,0.0734858252571975,1.0,0.12802948878258086,0.6,0.3,0.8,86,47.65189111557125,576.5694231256685
3,37,0.4976523905486627,0.6891929925135466,0.7793673000777103,0.8066775821876794,0.4578265764468669,0.07023527077509828,1.0,0.12361756326294868,0.6,0.3,0.8,87,44.50775645076207,555.7604739056579
3,38,0.4983504383800459,0.7105238559338486,0.8228180697540505,0.8207300647163921,0.4448645711767565,0.06999299733924404,1.0,0.12548798217772733,0.6,0.3,0.8,90,50.11041399252292,547.5872205253994
3,39,0.4982843600804784,0.7213952791533162,0.8448332831355257,0.8323493659659231,0.4427647177147464,0.06999299733924402,1.0,0.12548798217772741,0.6,0.3,0.8,92,49.887661128210816,551.2205198106702
3,40,0.5171197494344304,0.7488493496634934,0.883119940310078,0.881629538338716,0.4651696155704666,0.07061700803200312,1.0,0.14983362860455948,0.6,0.3,0.8,96,39.952958077481945,726.7036801746203
3,41,0.5061135109726196,0.7485386799697059,0.8939209785577632,0.883262856056574,0.45234002394859185,0.06707081024710172,1.0,0.13893845060052662,0.6,0.3,0.8,98,49.94384548447945,588.7214064280708
3,42,0.5134713694648882,0.7748191055994633,0.9420966325192071,0.9255776028677802,0.4631230705206095,0.06907233337549591,1.0,0.1482612854938484,0.6,0.3,0.8,103,43.136884129466594,711.8166249270425
3,43,0.5142329342623843,0.7755236173188892,0.9427935774084082,0.9375503200379878,0.4609249604494387,0.06926471510023616,1.0,0.14909680131303776,0.6,0.3,0.8,106,51.37012751648763,616.4813998344374
3,44,0.513143687802281,0.7854505736850554,0.9638752385479452,0.951411340079036,0.45996754430898823,0.0700372202650377,1.0,0.1471954503443301,0.6,0.3,0.8,108,51.69667709904167,615.0821234126639
3,45,0.5130234555294271,0.7850194735397029,0.9634029591936915,0.9513707876722988,0.46123168602538156,0.07046204311010007,1.0,0.14687843049512006,0.6,0.3,0.8,109,51.90977430088704,612.8905919226753
3,46,0.5123799810392798,0.7843722305966179,0.962755192541154,0.9544607802380677,0.4591552794174443,0.07055898570449053,1.0,0.14600323131415777,0.6,0.3,0.8,110,52.29689682358365,607.6288719227583
3,47,0.5110689810605913,0.7326654541960055,0.8655979748663596,0.9558867008454176,0.4879480486812867,0.0680171383200388,1.0,0.1491255252370054,0.6,0.3,0.8,111,53.99592140746161,740.8957178830345
3,48,0.5037139905427643,0.7141246142540804,0.8358802321964063,0.9522849397511125,0.4529268864610575,0.06949138872337482,1.0,0.13886770926082276,0.6,0.3,0.8,114,54.25763499841712,714.7200202547996
3,49,0.5137699682815459,0.7422355148308298,0.8857845830604846,0.9961946985091362,0.470663192931975,0.07163924389331125,1.0,0.15170668251070513,0.6,0.3,0.8,117,41.52301108528955,799.6503407071101
3,50,0.513442350235034,0.752613832486991,0.9072777720882671,1.0087538383442995,0.4650511418785837,0.0712622651381938,1.0,0.1517541275054369,0.6,0.3,0.8,119,41.15708846683503,799.7613220040816
3,51,0.5136132561324527,0.7416750979884518,0.8851720232275937,1.0071203657468013,0.46440097758860344,0.07078522392597669,1.0,0.15233181814983393,0.6,0.3,0.8,120,39.91881967494929,806.2704563306276
3,52,0.5166598596036533,0.7648696126536582,0.9304337296552817,1.021459898411919,0.4773904713124858,0.06969168119846904,1.0,0.15786174459029706,0.6,0.3,0.8,121,42.28483991856971,846.7317118301371
3,53,0.5111850623990222,0.8148102645337019,1.0361918718425214,1.1284090011447032,0.4626738240950268,0.06948270547407873,1.0,0.1512055033651189,0.6,0.3,0.8,137,44.63792422522469,759.0803445796923
3,54,1.1827425654242727,1.4407217320081989,1.6172807831805422,1.7749517028019788,1.140340413898836,0.057748067864368605,1.0,1.0,0.6,0.3,0.8,138,43.774959523813735,769.6581528477328
3,55,1.1823138232347266,1.4495279815358093,1.6370141685684678,1.805932704957841,1.136958130966648,0.058098343949693085,1.0,1.0,0.6,0.3,0.8,142,46.730964487457534,763.5580086479903
3,56,1.1818999827218244,1.4820115815465904,1.7029434376546189,1.8461861111129947,1.1349332140367172,0.05763164966250017,1.0,1.0,0.6,0.3,0.8,147,46.27596555085201,763.0515413293834
3,57,1.2453984786820218,1.5777452769810358,1.8320386916639981,1.940671985656896,1.203177739146962,0.16405718871992342,1.0,1.0,0.6,0.3,0.8,148,61.01197203328904,929.6127648877168
3,58,1.1828709864896394,1.5040221665963467,1.7471377567663804,1.8836906984403048,1.1361612447768166,0.05989998653708232,1.0,1.0,0.6,0.3,0.8,150,56.73226372558016,777.3565944780029
3,59,1.1830254322473415,1.514001222890663,1.7681204782411646,1.9095614799215173,1.1376603485929082,0.06086668826741189,1.0,1.0,0.6,0.3,0.8,155,53.54681400589824,780.4745685258308
3,60,0.502996901831797,0.8193227009627468,1.0618274979359343,1.2324933248683008,0.4735139862436837,0.06930328678534317,1.0,0.14509455767908724,0.6,0.3,0.8,156,41.82532340361856,754.374037109379
3,61,0.5027994028272862,0.8296061341640752,1.0831986419511572,1.2461912999431553,0.4590178925480566,0.06930328678534318,1.0,0.14509455767908724,0.6,0.3,0.8,158,41.63642912233406,751.6912448681177
3,62,0.5028217241066818,0.8402590832641362,1.1049582203023545,1.2560964041365827,0.45886499687680843,0.06936791922794201,1.0,0.14526128910387248,0.6,0.3,0.8,160,41.42973326797975,753.1430540947645
3,63,0.5019423875145164,0.8613606700263989,1.1483638156359786,1.2905628202203936,0.4572541402260185,0.06899915652752973,1.0,0.14452378042167408,0.6,0.3,0.8,164,41.47830285011468,743.2668932914203
3,64,0.5030242928382458,0.8617823555456687,1.1487026279013783,1.3058895920152256,0.4597720303011966,0.06981466702828734,1.0,0.14552760745932952,0.6,0.3,0.8,166,39.72059456671834,753.5480122268958
3,65,0.5066398885111044,0.8650392764528426,1.1519143205814477,1.3294386826382183,0.4628363328872976,0.06937052575598344,1.0,0.15052302945777055,0.6,0.3,0.8,168,39.35216826775182,751.5971643370361
3,66,0.5090111945810947,0.8781391846580224,1.1761335144817189,1.3437952037280956,0.465069656451755,0.06820649941121414,1.0,0.1545056002730963,0.6,0.3,0.8,171,40.23602211055196,737.642036184246
3,67,0.5090604427515095,0.8666996108595769,1.1534795718327486,1.3376747947716232,0.4655670548017362,0.06827029541133703,1.0,0.15467399856598255,0.6,0.3,0.8,173,40.03895985473245,738.9072626583807
3,68,0.506426159481248,0.8520459732273744,1.1275452623775686,1.3288060979880771,0.463712990520495,0.06695498941255758,1.0,0.15272969898147476,0.6,0.3,0.8,176,42.6549086576528,711.3875842883266
3,69,0.5022791077256709,0.8797829681175033,1.188602155271148,1.359661098435823,0.46020371985148506,0.07111698099564673,1.0,0.14497386130837092,0.6,0.3,0.8,180,41.34677651468021,754.0245683851186
3,70,0.5020028387734835,0.8676031644831905,1.1651568769646607,1.353335207036587,0.4603931906898068,0.07038837249420098,1.0,0.14548594025524858,0.6,0.3,0.8,182,41.84236757452179,752.9491109837496
3,71,0.5016522095943895,0.8882957567354542,1.2080371061929975,1.3976285472903256,0.4598775014952716,0.07038837263204419,1.0,0.145485940304599,0.6,0.3,0.8,186,41.62815002307381,747.4763738741653
4,0,0.9760561513422557,0.6614249339093291,0.629195429203961,0.03126220884286288,0.0,0.0,0.0,0.0,0.6,0.3,0.8,1,221.45150948707135,1452.1488214481794
4,1,0.9318006657527845,0.6683806503068389,0.6347135214793602,0.055407742387025165,0.0474148465868191,0.03668906349925027,8.6315423852e-05,2.3811373196549997e-05,0.6,0.3,0.8,3,203.33894164691625,1247.4970679721628
4,2,0.7339518196712224,1.0905037887132576,1.0905037887132576,0.16157914898486725,0.33965625421775325,0.05275396377747742,0.11467299176136454,0.030561891147952457,0.6,0.3,0.8,4,468.49403268769584,376.70210521569993
4,3,0.2773654579117573,0.4124881086692881,0.36208815269415817,0.058173286611884735,0.7830253513439738,0.04795470733924867,0.03719726328637976,0.010261409589100939,0.6,0.3,0.8,5,89.19295709878229,155.4946274500778
4,4,0.2783937163451925,0.4246114654947149,0.38537409248483057,0.06522771457517215,0.04923829679344735,0.047974019603191344,0.03920198425757596,0.010814441215081811,0.6,0.3,0.8,7,93.96545927802296,147.82194768748113
4,5,0.27825997906788114,0.4244815059033921,0.3852406622017259,0.07061637774986093,0.049226969796316564,0.04797236983135489,0.03902453766251982,0.01076548997428647,0.6,0.3,0.8,8,93.52986767950976,148.4519703330176
4,6,0.27064903480573915,0.40604365996081465,0.35531482474409776,0.06632599131192071,0.05647320529613789,0.04929217311916863,0.02827578366974634,0.00886700412765515,0.6,0.3,0.8,9,70.1055079225105,218.997797995184
4,7,0.2712813620749612,0.4205004706132046,0.3804544101378373,0.07885290866581755,0.07830728746721172,0.048174296585560564,0.04643698501439851,0.01343132039176067,0.6,0.3,0.8,10,83.45769367622492,77.64109020058989
4,8,0.26430077999175167,0.40027908101667403,0.3485245687743349,0.07320239515899273,0.06174212039157005,0.04950562058407061,0.03697727906861788,0.01170623804982587,0.6,0.3,0.8,11,86.69506605005486,153.41053782115017
4,9,0.2561976109896683,0.41440790106639247,0.3840048390918055,0.09786250594412205,0.08704003180225556,0.050905409903185414,0.03773349513619464,0.01314994590163425,0.6,0.3,0.8,12,87.29372095466421,113.51487059108156
4,10,0.22077342858526974,0.3709556560224135,0.33516084537307056,0.0945477595931487,0.16053260036471553,0.051605316429725046,0.06045586774829722,0.020589337267971238,0.6,0.3,0.8,14,84.21280907157579,98.82821618516824
4,11,0.20993320167018725,0.3548410062117735,0.31725196081131424,0.10211457786942578,0.09994800187937727,0.05122406723533231,0.06275868131066965,0.02342864615910909,0.6,0.3,0.8,16,83.38912551483031,159.80239761762246
4,12,0.2073162879635109,0.3513505135050554,0.3134978922101498,0.10608314054118748,0.07223048762213438,0.04917900310115439,0.06313489989195041,0.023919725442435442,0.6,0.3,0.8,18,84.54910610967647,187.0269186071143
4,13,0.2164605806513892,0.35899327792483177,0.32069640814172395,0.1276481152407365,0.08778644883164013,0.053205888550515966,0.08266860578822323,0.02896100060672081,0.6,0.3,0.8,20,93.06850468569591,320.84958608629864
4,14,0.2023173153609205,0.37300702436865385,0.3668388550501913,0.1327233245922536,0.09902771550131241,0.05339817847942242,0.06984761477182122,0.027482330208237322,0.6,0.3,0.8,22,88.48579842558343,208.60156376496963
4,15,0.20134485492658552,0.3579223106771627,0.3398482951357478,0.14144726891207188,0.10489360121400967,0.05522963383168089,0.07392986398197089,0.02931568466726227,0.6,0.3,0.8,23,87.64960188064778,237.4671185510625
4,16,0.20457720415821745,0.33571436275098104,0.29455604965036886,0.15479099583114483,0.09553253905400068,0.05535511148544303,0.08523071935391056,0.03486470659196632,0.6,0.3,0.8,26,138.68242466459165,443.93687624767387
4,17,0.2024558275015154,0.36624763975215446,0.35844155266686284,0.1585574977350964,0.090506962480675,0.05726340746178528,0.08283510388062074,0.03277249335029997,0.6,0.3,0.8,27,93.51412193053712,289.5905989665821
4,18,0.20048145337587794,0.3394149352082726,0.30869227447536074,0.1623155483040993,0.10760067341982121,0.058064658713083105,0.08720185013735574,0.03243002012253808,0.6,0.3,0.8,28,107.65355856466428,391.0808540361427
4,19,0.19871728979237369,0.3351288668663663,0.30387015673059503,0.16879837128294245,0.09774259817145232,0.05892547558100127,0.08778798225900886,0.03324639327731313,0.6,0.3,0.8,30,108.37388857773658,425.5000213612907
4,20,0.34896662544997137,0.4825523589036518,0.4507121294166455,0.3331081098060625,0.26233414301408964,0.06093975695815303,0.19220192921182117,0.18449627933797927,0.6,0.3,0.8,31,117.59778488357728,653.1292460752024
4,21,0.35546859730313196,0.488982109135835,0.46616450999852715,0.35735851673922736,0.29749506593480124,0.05702397667319196,0.2368645333612466,0.19298703933972064,0.6,0.3,0.8,33,119.28172719586892,1039.7740966099948
4,22,0.36417793789516356,0.5031301626827109,0.490471232494038,0.38740883092051326,0.29099439608705874,0.05696634114112583,0.25902553145071394,0.20175050754591123,0.6,0.3,0.8,35,147.9959844436984,1229.6732261566412
4,23,0.3638913221073551,0.513594607066009,0.5120409022776866,0.38734508487043795,0.2743475313611943,0.056966341141125844,0.2590255314507136,0.201750507545911,0.6,0.3,0.8,37,142.56026626621485,1253.4762750074913
4,24,0.3621980777954109,0.5007701980423136,0.48804520317579353,0.38585204168649095,0.27183171381032534,0.056891232331899855,0.25729250234893125,0.20037541974586368,0.6,0.3,0.8,38,140.0021624031328,1213.7225283040032
4,25,0.3786658092447489,0.49197194933912924,0.45638624987530885,0.3894295938694683,0.30931636872553037,0.0611371272033871,0.2518916162458864,0.2229213606837072,0.6,0.3,0.8,39,115.4791347593075,1435.1265209736755
4,26,0.37409187300276153,0.495570581106061,0.4706562269361604,0.40716011752718306,0.2969837113993701,0.06230557762216983,0.24481008803218646,0.22181302832114086,0.6,0.3,0.8,41,115.330372314817,1355.2637072246512
4,27,0.3759388442771594,0.49072130793730806,0.4647086346089845,0.42147652139760877,0.3336909472811965,0.06081082604016987,0.2524847133409617,0.22841974417190677,0.6,0.3,0.8,42,111.73361178919303,1404.1290420891974
4,28,1.2139028516586128,1.3792677683545709,1.408302099374359,1.3483945778048354,1.1376628159365085,0.060360103436205126,1.0,1.0,0.6,0.3,0.8,61,200.76622139311567,3841.41304329521
4,29,1.2098876548057012,1.3696659754156493,1.3978350104357153,1.3534547858843835,1.1509716567191743,0.059510522463601404,1.0,1.0,0.6,0.3,0.8,63,204.8639434592905,3970.998701854194
4,30,1.2098854922942852,1.3807574398240505,1.4200911649472214,1.3776941082540928,1.1357158181381042,0.05951052246360141,1.0,1.0,0.6,0.3,0.8,65,204.58175000016143,3972.304328565291
4,31,1.2104531074615656,1.3455326594824955,1.3509867514334275,1.3584048477715667,1.1515333271973645,0.06300532359248698,1.0,1.0,0.6,0.3,0.8,66,185.53773547346088,3796.4959409139487
4,32,1.2096194060416758,1.34465379694315,1.3501021287634596,1.3629467929697503,1.1371190816225714,0.061640738177830036,1.0,1.0,0.6,0.3,0.8,67,193.82316742697992,3633.0803321018193
4,33,1.2054159643334326,1.345355431791515,1.36104679090224,1.3720525069451983,1.1686932817260969,0.06046466040974391,1.0,1.0,0.6,0.3,0.8,68,169.2781037438142,4120.448779458985
4,34,1.130142372042621,1.2600349654660286,1.2742731427719414,1.3069647117123768,1.0918451224456789,0.06275238923957291,1.0,0.9107162036476517,0.6,0.3,0.8,70,154.03207909723855,4018.949432764096
4,35,1.1340797639506852,1.275008901626315,1.3004037262892472,1.3293267016072585,1.0702928134937708,0.06281335897133354,1.0,0.9156295016053113,0.6,0.3,0.8,73,154.2718083055488,4023.648082729031
4,36,1.2002480658807155,1.3368170285676053,1.3615960352869716,1.3960043787223042,1.1602447633292463,0.06411356965101278,1.0,1.0,0.6,0.3,0.8,74,164.34025627148873,4293.95995666171
4,37,1.1925961748387126,1.3732179913800802,1.4426122591139972,1.421347102032362,1.1317464709930483,0.05160918543366037,1.0,1.0,0.6,0.3,0.8,76,167.55361135352405,3173.315441945378
4,38,1.1919686910957468,1.3706295900818497,1.439750397655443,1.4323307633170372,1.136069559105674,0.05208320277930243,1.0,1.0,0.6,0.3,0.8,78,144.01045858965963,3132.593073590393
4,39,1.1915282100509703,1.3685706306810206,1.4374668729908646,1.4428011297086045,1.1355093213339633,0.05258155578060707,1.0,1.0,0.6,0.3,0.8,80,145.6683533770875,3030.0227483129297
4,40,1.1908118585918988,1.3671080679864915,1.435901303205444,1.4380512483471168,1.1348135377836421,0.05194912438837074,1.0,1.0,0.6,0.3,0.8,81,166.89343973362753,3524.323034767341
4,41,1.1907956867352538,1.378152967310663,1.45810641344224,1.4561764889117137,1.1312569704123927,0.05194912438837074,1.0,1.0,0.6,0.3,0.8,83,165.12344235282706,3533.0816046682344
4,42,1.1902706881861755,1.3877467623733986,1.478730718108152,1.4607788343548354,1.1334635624049882,0.051806097735345245,1.0,1.0,0.6,0.3,0.8,85,147.17463053166884,2789.5576820607357
4,43,1.1884378817244345,1.3814377348586167,1.471809778287232,1.4709180771752024,1.1383919985939104,0.05200327895130317,1.0,1.0,0.6,0.3,0.8,88,156.24254748972726,2798.461314779445
4,44,1.1833690308995088,1.3647685762564203,1.4535892752850792,1.4796125928803914,1.1581893671484378,0.05138374932314684,1.0,1.0,0.6,0.3,0.8,90,153.3200352268572,3417.0634249072605
4,45,1.1834049187081082,1.3758819248989025,1.4758652649364405,1.4945705890872651,1.1309192412324762,0.05145620515715661,1.0,1.0,0.6,0.3,0.8,92,151.77495985833608,3416.339218382849
4,46,1.1828450613143024,1.3848666745160445,1.49581121548499,1.5057691075494517,1.1345080302754054,0.05151034712092606,1.0,1.0,0.6,0.3,0.8,94,150.9788183248138,3472.0780183118
4,47,1.1832289697912823,1.3962932753839752,1.5183960457616905,1.5424291608559435,1.131332636352717,0.0521843328531725,1.0,1.0,0.6,0.3,0.8,105,155.71401065545064,2969.8202972113136
4,48,1.182139791907939,1.4051631269983398,1.538281999829299,1.5524943208983584,1.1359269213219256,0.05108336311471949,1.0,1.0,0.6,0.3,0.8,106,157.52452509890185,3844.965237681177
4,49,1.1825304626203637,1.3933472551686912,1.5151558859928216,1.5628193531568202,1.1340030690100502,0.052424256370542245,1.0,1.0,0.6,0.3,0.8,108,154.60351841564815,4152.832104980292
4,50,1.1815170708306066,1.3776403081438273,1.4878160858628542,1.5348843767453788,1.1482514619941022,0.05292639352966966,1.0,1.0,0.6,0.3,0.8,109,154.2425566699793,4186.005825075607
4,51,1.181173318660412,1.3986760660817872,1.5310770226897872,1.5646736705618292,1.1354328482312592,0.05284162774884943,1.0,1.0,0.6,0.3,0.8,110,150.65045769063772,3585.552617500298
4,52,1.1802342660047367,1.383409589723656,1.5042294688617892,1.5562195148783236,1.1465640513937743,0.053173673413909696,1.0,1.0,0.6,0.3,0.8,111,148.48297875451436,3445.1768380986105
4,53,1.1802089492027161,1.3944084323729151,1.5263841429203928,1.5717619795398163,1.1322334842285073,0.053173674124877744,1.0,1.0,0.6,0.3,0.8,112,149.1467306650859,3441.8635437724874
4,54,1.18010377432398,1.3942535432350014,1.5262229009753772,1.5761884175520062,1.1319298072159318,0.05302728176383964,1.0,1.0,0.6,0.3,0.8,114,149.22846140753217,3476.575887532401
4,55,1.180187841982733,1.4054236142803884,1.5485570462239453,1.5799719291865766,1.1319516150062015,0.0531736734139097,1.0,1.0,0.6,0.3,0.8,115,150.33446166442732,3436.0117264445616
4,56,1.1788714024490954,1.43732198937642,1.6139413430459801,1.6400781230101364,1.1306655511298778,0.05102452052008703,1.0,1.0,0.6,0.3,0.8,122,162.36048683206013,3337.3981058912545
4,57,1.17663131244005,1.4152129149812651,1.5795523961963063,1.669761705248289,1.1392662773094462,0.05218629481379102,1.0,1.0,0.6,0.3,0.8,127,157.04121300462876,3061.4341568208893
4,58,1.1763397806452196,1.4134617446090874,1.5776175475310579,1.6697503019017816,1.134725110744999,0.052481373870269576,1.0,1.0,0.6,0.3,0.8,129,163.84473854449772,3250.527916281284
4,59,1.1755029895129292,1.398437130962003,1.5510408277714534,1.6906181674058391,1.138219293868155,0.05271122233668907,1.0,1.0,0.6,0.3,0.8,131,163.55204941189055,3333.4828818371666
4,60,1.1751067510009345,1.4089402919257776,1.5726847370010746,1.684196011960154,1.132640574600877,0.05215304779897841,1.0,1.0,0.6,0.3,0.8,132,170.7394767828229,3327.210568667151
4,61,1.1741726363676994,1.4076191175337156,1.5713151299815447,1.709691820293392,1.1313282321402078,0.05079645841712127,1.0,1.0,0.6,0.3,0.8,134,169.8832061835785,3312.498118487402
4,62,1.1733450822733102,1.3916143901460685,1.5436382336464716,1.7116910545050745,1.1488400837210384,0.051492304856106993,1.0,1.0,0.6,0.3,0.8,135,171.74628834793455,3324.4492933669285
4,63,1.1733450803702876,1.402711442364577,1.5659004648573478,1.7321879545628847,1.1308954495489958,0.05149230485610699,1.0,1.0,0.6,0.3,0.8,137,171.74626796001402,3324.449396162898
4,64,1.1724623837553807,1.4017074887198426,1.5648816766137637,1.7426194569925728,1.1303906983234586,0.05008094210376365,1.0,1.0,0.6,0.3,0.8,138,173.9188314076895,3618.6214618798926
4,65,1.1729093618425057,1.4236005792067692,1.6090129028718752,1.7752773169408884,1.131199027209278,0.051198729373934694,1.0,1.0,0.6,0.3,0.8,145,172.11973401795058,3407.9889244467745
4,66,1.1729499991761898,1.4226851763597592,1.6079793285533512,1.77928279352249,1.1352939359297536,0.051740688808373944,1.0,1.0,0.6,0.3,0.8,146,170.31987279753116,3195.225091295664
5,0,1.0,0.6666322649468627,0.6348984723299319,0.03177141449054935,0.0,0.0,0.0,0.0,0.6,0.3,0.8,1,170.22651453064995,1441.326154694366
5,1,0.9575779511798413,0.6784318158041791,0.6452215113450845,0.06113076225931548,0.05336543688262353,0.04542736422842323,9.503061743006e-05,3.213335422196e-05,0.6,0.3,0.8,3,151.3834183832385,1383.107820897391
5,2,1.4745537797245987,1.4965223212477787,1.4509902835022364,1.0016369594375116,1.4213390397967665,0.10043562545949498,0.7942836929242262,0.8453699239792234,0.6,0.3,0.8,4,508.09286725312415,542.5270815142844
5,3,0.2437628957416879,0.36454312609650785,0.29696833239624076,0.08123056951354266,0.839932674124848,0.06570657046708853,0.05284592825068701,0.02393404482105217,0.6,0.3,0.8,5,63.51977766679544,85.30873242516303
5,4,0.23992138708685332,0.3590427027023692,0.2906717025029699,0.08962103764848199,0.09133169307729418,0.07032988187691389,0.052927490939966224,0.02401642401687757,0.6,0.3,0.8,7,67.3082252772837,100.99511766525512
5,5,0.24062074706593528,0.35925478506246095,0.2906579885027704,0.09422855058763402,0.08796240012091429,0.07286935640026262,0.05325990521323194,0.025216344992712157,0.6,0.3,0.8,8,81.65931067951274,120.85982761472263
5,6,0.23971124528732277,0.3578684502478835,0.2890832565333791,0.09812246272877084,0.08698109797176343,0.0751715405690915,0.05317217900780389,0.02426356160435389,0.6,0.3,0.8,9,72.83263089302133,120.34029555626574
5,7,0.26176292664140477,0.3767362068152193,0.30671927819973505,0.13190898919296726,0.1560709331814189,0.08655995285848468,0.06157570902530798,0.05233021800663999,0.6,0.3,0.8,10,85.94465119406632,355.3575103697145
5,8,0.2905481605571409,0.42190391587381215,0.3807951797834116,0.2101272177524564,0.33379962253485423,0.09370501021387968,0.1840698405239841,0.07612433560697193,0.6,0.3,0.8,11,121.38424852238616,1268.1890497580855
5,9,0.27951803717897755,0.4054283401253162,0.36312933580769163,0.2104644303664643,0.1893596165615282,0.0937622285460282,0.17820728856577617,0.07331434469990897,0.6,0.3,0.8,13,117.82000725555142,1163.244855705357
5,10,0.2785399746504322,0.391888304548738,0.33811765024961005,0.20653356964468114,0.17997133521446543,0.09279978734767794,0.18047681735822807,0.07415586633821994,0.6,0.3,0.8,14,114.0778589788246,1187.645770088269
5,11,0.3100544641569194,0.4164086715422466,0.36124390683898133,0.25696561336984425,0.25748905193360694,0.09058068207684704,0.1899409374394824,0.12122782522984372,0.6,0.3,0.8,15,98.1792871188367,1125.1751347435973
5,12,0.32331809668491,0.4283580116215969,0.37294273169331316,0.2795724713592718,0.23171041537788645,0.09324755484051928,0.19814215720045242,0.13437892320622907,0.6,0.3,0.8,16,93.44655501977437,1186.9204214731387
5,13,0.32816968720232087,0.43275457627864283,0.37725304321852177,0.2903116515772848,0.2297181931411189,0.09715123335062611,0.1990490577939945,0.13773937226653316,0.6,0.3,0.8,18,103.73909208468096,1232.062399132602
5,14,0.3132218203532253,0.42866613697836276,0.3842848755918921,0.27494628889774103,0.21506887950176523,0.09439386094839786,0.19079047366336419,0.12451240117210775,0.6,0.3,0.8,19,107.33743194345952,1183.4850895684733
5,15,0.32222376999257907,0.4368162815713555,0.3922749211471653,0.2931399904722463,0.22896052977717035,0.09524754182741804,0.19530408341034,0.13446963115194704,0.6,0.3,0.8,20,97.02306851255908,1203.8312226337312
5,16,0.2913595245050608,0.41488928826529003,0.38111247242378954,0.27198080427690075,0.19732968311220192,0.10093695766886042,0.22078214724374248,0.08463157456191531,0.6,0.3,0.8,25,107.8885152049986,1217.877407585201
5,17,0.32201707248683553,0.45419195023395154,0.4311257873286596,0.30376012181595397,0.24384538751626808,0.10321237843436899,0.295296506824704,0.0962092034498333,0.6,0.3,0.8,26,86.68964033111887,1161.769426092342
5,18,0.3158513923772552,0.4412591210587194,0.417011345145547,0.3109696930357707,0.26831055926887626,0.10566658178737434,0.288916769961138,0.09611040185527492,0.6,0.3,0.8,27,88.47054863364069,1131.9882215448963
5,19,0.3810817933505191,0.5037590926209592,0.4790465561038942,0.38087078471277064,0.3107641798286277,0.10855054522320406,0.4535481722681915,0.1164409353870168,0.6,0.3,0.8,28,78.8890385088548,1251.7546353389928
5,20,0.33739518431361654,0.48079342734952396,0.47816441253174247,0.4203103544512524,0.2522191959583174,0.09251615879314912,0.3416726838296146,0.11721421433349151,0.6,0.3,0.8,48,104.09572531166468,1313.492952883311
5,21,0.8264728602280438,1.0024317824850066,1.0425526089189092,0.9519564517259508,0.7603420714559158,0.08121797564016624,0.879966870804137,0.5454885831500278,0.6,0.3,0.8,54,173.77868110849914,975.9333632434378
5,22,0.8234636967996052,0.9911937514481604,1.030050329914919,0.9593700761568127,0.7734520771390856,0.08195332908129711,0.8726759599541559,0.5502255549861359,0.6,0.3,0.8,56,173.1542861488977,901.8431015481874
5,23,0.8244621314700773,0.9901427788061274,1.0286914537628002,0.9678991841534479,0.7587717153180866,0.08274102490409727,0.865575110339036,0.555026793530688,0.6,0.3,0.8,58,173.26724381075283,831.1306074106102
5,24,0.8240706451001745,0.9890599281559835,1.027505585098371,0.9677900695478374,0.7542451219247122,0.08274102455905571,0.8655751058951345,0.5550267944780255,0.6,0.3,0.8,62,170.92077143351284,815.4235561479969
5,25,0.8232513283733531,0.9875073074820289,1.0258436926168777,0.9706020215704874,0.7567850347967608,0.08218309436437246,0.8707833865509432,0.5529851423109993,0.6,0.3,0.8,63,170.78361372842218,846.037947176088
5,26,0.8227024232297886,0.9866281476305878,1.0249155142848667,0.9701881204682556,0.7531453310196858,0.08163543399193789,0.8760834557811851,0.5509534915933721,0.6,0.3,0.8,66,171.08358462786052,880.495208707157
5,27,0.7388809705405053,0.8970457207399805,0.9344872711147343,0.8948569082654916,0.7016995324123947,0.09000570186837051,0.49717617434885925,0.5858932310500544,0.6,0.3,0.8,67,127.1534560680988,790.3496328080436
5,28,0.9291283365087697,1.0841380896212627,1.121124306865568,1.0966847592548132,0.8717799447301018,0.09192121789216696,0.5777764223020094,0.7940777180720232,0.6,0.3,0.8,69,133.05343525710313,713.6336021603147
5,29,0.7391309340897018,0.8938362026037856,0.9307787545493095,0.9062186265712351,0.675445191364332,0.09023620995672936,0.49576374638400755,0.5887924658949283,0.6,0.3,0.8,70,126.0173448864018,753.6410271191316
5,30,0.7680981491970492,0.9223213523512508,0.9591948229962188,0.9320802457333547,0.7043336576953698,0.0918391762507989,0.4925204619452672,0.6253198708683494,0.6,0.3,0.8,72,128.09927685631064,753.4951260037824
5,31,0.7667762178667361,0.9209895684868655,0.9578616912746721,0.9340405966110545,0.7018232071989698,0.09176312635450769,0.4925649262342901,0.6237140245556573,0.6,0.3,0.8,74,128.0068161676734,753.4429966441606
5,32,0.7009354575022986,0.8652896147141889,0.9131904096853969,0.879104742831276,0.6388466336342002,0.08797888704887197,0.43739823389889654,0.5655377993605791,0.6,0.3,0.8,76,138.67481768122877,748.9800141485126
5,33,0.8778020743524453,1.0390573630968096,1.0865182242160856,1.0888619807730664,0.8303501834353547,0.08892239066096355,0.9772299122173758,0.585379588118548,0.6,0.3,0.8,77,161.18245477794918,955.7494667182864
5,34,0.8710067597321527,1.029474298915597,1.076543511329617,1.089923036291163,0.8231626034962174,0.08284624896460709,1.0,0.5745620889692697,0.6,0.3,0.8,78,151.15630346230304,896.9235804417
5,35,0.934477995777891,1.0920631441573545,1.139009156926476,1.1606144486748808,0.8754159172837717,0.08926302743012784,1.0,0.6496044391574728,0.6,0.3,0.8,80,163.90479057432572,998.9204814492464
5,36,0.8534456781966822,1.0093061612315593,1.056012040130836,1.0923143121394334,0.7972380888274171,0.0799670497395302,1.0,0.5562815916731714,0.6,0.3,0.8,82,152.15683377688688,974.5102845850528
5,37,0.9109244204252026,1.0757179029733608,1.133288786689345,1.1480416541089928,0.8568063454929027,0.08833988245429557,0.982805698311779,0.6295357731922515,0.6,0.3,0.8,84,179.35693559460884,991.3560798264458
5,38,0.7167020301293701,0.8903560968708805,0.9587861091856836,0.9724763522326397,0.6689616583421143,0.09293218068805188,1.0,0.3780927017816558,0.6,0.3,0.8,85,199.08283415950703,1034.1495819416066
5,39,0.8670458414888522,1.016792090731091,1.0626573795219707,1.1233264722980107,0.8175797980821713,0.08114322998869633,1.0,0.5757961798747754,0.6,0.3,0.8,86,153.65069965395563,911.5328413775125
5,40,0.867045527286208,1.0167910747656173,1.062656224949091,1.1233263695932547,0.8093240241933575,0.08114322998869632,1.0,0.5757961798747759,0.6,0.3,0.8,89,153.6464793850599,911.4882506208614
5,41,0.8670376507877342,1.0167649136546588,1.0626274821610695,1.1233237334510124,0.8094108037482981,0.08114322998869633,1.0,0.5757961798747757,0.6,0.3,0.8,90,153.49409839854786,909.8593321168936
5,42,0.8812456186059476,1.0399049495996704,1.0966367317218333,1.1598757884744821,0.8350872407754822,0.07979222921025987,1.0,0.5957514504796638,0.6,0.3,0.8,91,157.1780703592307,970.4690262651048
5,43,0.867869992465067,1.0375371661430643,1.1054234126939835,1.1329085283637002,0.8114117109242719,0.0821172519776481,1.0,0.5773197206144991,0.6,0.3,0.8,92,154.739287216283,913.7713510845218
5,44,0.8818304736731575,1.0362394843609004,1.0924011226356414,1.1686206696228698,0.8464650638630977,0.08375886206176691,1.0,0.5956836856233165,0.6,0.3,0.8,93,170.3989076409013,965.6823745044536
5,45,0.879805936954384,1.0341835968433157,1.0903408528914162,1.1701132484118344,0.8249385920169552,0.08317448103982834,1.0,0.5936072492857072,0.6,0.3,0.8,94,170.37048370271825,998.2442784450172
5,46,0.8339162558088871,1.0204983370256393,1.1100062957542955,1.1678682408205239,0.7803656930495053,0.09188884898360453,0.9294150678559998,0.5567282007869544,0.6,0.3,0.8,99,183.8785073598692,1047.5638761168077
5,47,0.8317322608621003,1.0290950698862478,1.1297260765666488,1.186368175763774,0.778026606407978,0.09170353994295913,0.9248106030412677,0.5560224763481865,0.6,0.3,0.8,101,183.9325904440588,1054.0638639339793
5,48,0.8341349503986986,1.0306124381079105,1.1311255355082002,1.183751157658304,0.7842006046338079,0.09084256135202937,0.9355143040458129,0.5560999567208229,0.6,0.3,0.8,102,185.31680315141108,1055.7751950410975
5,49,0.8510591440901136,1.045246834429972,1.145456074615018,1.1811640910324652,0.8032240305149598,0.09069932456117452,1.0,0.5543080248143271,0.6,0.3,0.8,104,174.134974835389,940.249028399146
5,50,0.8415405686399382,1.0235228799498102,1.1124205172974646,1.1843169411807517,0.7904988988142077,0.08676848760331493,1.0,0.5458954510248761,0.6,0.3,0.8,107,176.56121692347972,960.8637824385802
5,51,0.8359983747654313,1.034899302915388,1.1454356856646546,1.2176997193841874,0.809647516613163,0.094478638509742,1.0,0.5356753722795332,0.6,0.3,0.8,108,173.15293316087855,875.829246249793
5,52,0.8481980238666921,1.0359727593807393,1.1353399359662235,1.2149734078800725,0.7975133753427109,0.08857011041241884,1.0,0.5553712316297404,0.6,0.3,0.8,110,175.27755276608724,933.4840812797012
5,53,0.8286950140974088,1.0149020158736834,1.1140655858535005,1.192317638477129,0.7856567171694782,0.08888114745642836,1.0,0.5314724661274463,0.6,0.3,0.8,111,179.0399309271969,941.5498545208007
5,54,0.8570321048402462,1.043146735370048,1.1422982832259558,1.2343215118086224,0.8073006469662368,0.0887992527085399,1.0,0.5669972612073046,0.6,0.3,0.8,112,178.10773103988964,962.3439663682324
5,55,0.8570062368304494,1.0430495413396916,1.1421917586859949,1.2343117170806612,0.8072030268428989,0.0887992527085399,1.0,0.5669972612073043,0.6,0.3,0.8,113,178.00514129956085,960.8033410707956
5,56,0.823344003335164,1.0305902106747413,1.151934452350271,1.2238148612569926,0.7781302116843065,0.08813420114908756,1.0,0.5258685102596099,0.6,0.3,0.8,114,176.84347301552572,988.1681386535838
5,57,0.8225806646312428,1.023121080904431,1.1436037219198731,1.213638483140051,0.8055404934019506,0.08945769487067465,1.0,0.526854158244973,0.6,0.3,0.8,115,176.60409571245526,943.3851197785484
5,58,0.8188185109829658,1.0410291013310577,1.1837755815843143,1.2747194594588436,0.7717680120124883,0.08972167000458717,1.0,0.5221746304434933,0.6,0.3,0.8,127,180.0799080314175,910.1800352069758
5,59,0.8159595997653772,1.047674761738309,1.2013840290747404,1.29950830547383,0.7728229521636052,0.0862200792936706,1.0,0.5218971432979257,0.6,0.3,0.8,129,179.68325839995163,986.487674486663
5,60,0.8188555844929544,1.0494032167478562,1.2029643464034836,1.306373207065998,0.7777578775638399,0.08734719682398435,1.0,0.5251573128166174,0.6,0.3,0.8,130,177.84434372162582,912.7855267562772
5,61,0.8235791139307974,1.051003876902861,1.2041705167081271,1.3117160288889478,0.7852354032975332,0.0930589054932348,1.0,0.5280542988100628,0.6,0.3,0.8,132,186.72338240977984,896.3478092503437
5,62,0.8158395464924517,1.0518698279889174,1.2158887321764986,1.3546434678372046,0.7731751520200536,0.08862686516859992,1.0,0.5226992446402087,0.6,0.3,0.8,138,176.78545324834778,958.9573510424508
5,63,0.8146233267540326,1.0506415176065178,1.2146588984593345,1.3571950909704942,0.7701764876746675,0.08896226391041388,1.0,0.5209322035963833,0.6,0.3,0.8,139,175.68646201641877,970.7799770975812
5,64,0.8155617750929135,1.0514189096727424,1.2154161587385457,1.3543983534131847,0.771254946432824,0.08875971484603376,1.0,0.5223208531386121,0.6,0.3,0.8,144,176.92338635821358,958.9469437196376
5,65,0.8324487278123166,1.1223883410852182,1.3420366245133792,1.521674093946926,0.7886178167905207,0.08777780305873327,1.0,0.5447175773781184,0.6,0.3,0.8,179,181.4924454934161,998.4391131850734
5,66,0.8435292787772403,1.1555258573606033,1.3974876219038008,1.5951962313651398,0.7996306926566181,0.08780705759130471,1.0,0.5585996836377957,0.6,0.3,0.8,188,180.58501873881855,1009.4859318776485
5,67,0.8664405617295869,1.2000380385226075,1.464256354738215,1.6331699638988968,0.8239669944614847,0.08711775355264426,1.0,0.5879864095360599,0.6,0.3,0.8,190,177.88884265330418,1010.58874522491
6,0,0.863151264366246,0.6350399718916216,0.60029883992163,0.028701521403671975,0.0,0.0,0.0,0.0,0.6,0.3,0.8,1,463.0486976547976,1403.743499896443
6,1,0.8347496971508109,0.6530720936752165,0.6167946772253222,0.0648557716041571,0.061263590873944826,0.05684414376034188,7.919839901715e-05,5.103277378300999e-05,0.6,0.3,0.8,3,426.4491537681646,1300.743428493758
6,2,0.34976642628044996,0.47279417461162065,0.42728748099472336,0.08434792000332339,0.7763812313398313,0.07590262596477729,0.012446042174808521,0.00970875459799253,0.6,0.3,0.8,4,146.57368909236493,423.45240356994873
6,3,0.2978609939976373,0.43358842588555524,0.3802900992032867,0.11904506537337661,0.2370861944030359,0.0777880529304465,0.05244218656142628,0.046604498964245136,0.6,0.3,0.8,6,122.83477006685916,122.57473474332632
6,4,0.26094177879902913,0.4062807451870429,0.3625091956144183,0.11072318575367986,0.1362948690085859,0.08216719021181111,0.025355183611270808,0.02698936972641085,0.6,0.3,0.8,7,107.96011965382704,173.8762051946637
6,5,0.26436171482119286,0.39776374152918065,0.3422334277954701,0.10439425932914534,0.10824280535109113,0.07747928795271283,0.04103546174652176,0.03564291966669543,0.6,0.3,0.8,8,106.39831612683231,99.6778869307716
6,6,0.26126731270476466,0.4050101163072064,0.36009139707646365,0.11326765420446627,0.10947741328146264,0.07789577689550184,0.041233569717816734,0.03771384191278735,0.6,0.3,0.8,9,100.83772325428583,100.69628598669463
6,7,0.23520472487994698,0.35593052430172667,0.2954212918544422,0.12432503502059523,0.2531869364253779,0.08279555139441555,0.04717054161730249,0.04244240547463659,0.6,0.3,0.8,10,140.7451062274284,102.98229004560044
6,8,0.22882078621222962,0.34575122047331236,0.2842004460560706,0.13068643653335332,0.11691109310518341,0.08385923823685507,0.04725590200494634,0.0425648773097144,0.6,0.3,0.8,12,142.76657889292125,120.63360505699735
6,9,0.28439067361318043,0.39751226987904253,0.3349995684017334,0.19902153448657203,0.17740369539610962,0.0816102628965877,0.06908872852380758,0.11339787134117811,0.6,0.3,0.8,14,133.80976115026607,152.83535499013826
6,10,0.27389791099048993,0.38965716016815627,0.33639353884431,0.20545469833633023,0.22912341077679205,0.08915956220218069,0.10306913155228652,0.0964668148323912,0.6,0.3,0.8,15,157.68809385064378,9158.9963562284
6,11,0.27761840390180514,0.3923978482672929,0.33892650712591776,0.21791398776729487,0.17017635604739922,0.08831838570624137,0.11051042045222612,0.10046072962929171,0.6,0.3,0.8,17,165.64803256959732,10337.192188421044
6,12,0.2658086682528563,0.37836382677264724,0.3244301435268886,0.21084636532719045,0.16548783376693718,0.08821763208933664,0.10192340872305947,0.0922847143988353,0.6,0.3,0.8,19,164.10542662652605,9067.128282075431
6,13,0.2657074365651819,0.37803745691354085,0.3240576502759338,0.21607005581264727,0.15912067665961377,0.08810389476400031,0.10112851303846426,0.09286591036461396,0.6,0.3,0.8,20,157.4988257253266,8900.812594153593
6,14,0.26121280140481506,0.38877282219226095,0.35575020539326613,0.23930320028721874,0.17661151460339064,0.08290073747871927,0.11260102337654965,0.09617859008299931,0.6,0.3,0.8,23,134.0252785425202,1006.9273598409644
6,15,0.2540006172952163,0.37794077162799644,0.3442395674217663,0.24043187746006728,0.16872521114582,0.08311710907122903,0.10979262396430312,0.09243920351131993,0.6,0.3,0.8,25,141.7509683432872,930.0911271245576
6,16,0.2559455174261189,0.3775615079213132,0.34343555541720855,0.2551309518016096,0.16833243658567187,0.08812208601494695,0.11059642885710756,0.09348740312874732,0.6,0.3,0.8,27,148.0597180983991,993.4649574479822
6,17,0.2572273210328564,0.3784566812587245,0.3442608642765699,0.26272347781093885,0.16493636109654658,0.08770364426569147,0.11223541457066624,0.09522333694814497,0.6,0.3,0.8,28,144.4037529423213,1020.6211672615927
6,18,0.32253022330669706,0.4392791156177823,0.4042880569416186,0.3367758002292924,0.24099830335892786,0.09531569303522468,0.1260341658330345,0.17081003173498155,0.6,0.3,0.8,31,151.4484854631406,750.6247523121269
6,19,0.3267355798604992,0.4404156529980814,0.40489295036914286,0.34864829136750614,0.24778023515128378,0.09380053074090648,0.13356211286489278,0.1775254711270499,0.6,0.3,0.8,33,146.85833944507772,923.7449699437852
6,20,0.34009918041222637,0.45199572903299684,0.41617134186703614,0.3687682780220806,0.2584100682710806,0.09662020241644452,0.13615112055113035,0.19287719988071755,0.6,0.3,0.8,35,147.2742700399742,970.0244616619472
6,21,0.3389924739528126,0.4489345451987536,0.4127821527825144,0.3752218131324325,0.25927942323269126,0.0990208879645236,0.12832086859647557,0.19449297406321917,0.6,0.3,0.8,37,146.2458935175825,862.1759818534834
6,22,0.35755034425173515,0.45426464990615667,0.4065932673700827,0.38484678057063343,0.2861248477248578,0.09675734289458529,0.15065803063660096,0.2129913171341568,0.6,0.3,0.8,38,136.2273261190141,1135.7728257130236
6,23,0.3604537776337473,0.46727837100739017,0.430610355263536,0.4119422220380505,0.27840464141931504,0.09645631980589883,0.15493708826574798,0.21613566331403197,0.6,0.3,0.8,43,140.72627439361943,1189.704172541299
6,24,0.32699121211533727,0.44465801265472804,0.4191135535486601,0.3855504044701154,0.2454574396854392,0.08371649161865502,0.2573061197187267,0.1457035824827042,0.6,0.3,0.8,44,127.7927125562602,10692.06626804705
6,25,0.5613669900344596,0.6772836305049037,0.6514541390836595,0.6404968447226373,0.48965395371748316,0.0761899182548765,1.0,0.16736246920907305,0.6,0.3,0.8,45,226.9733090242296,12702.183170476392
6,26,0.3607744121755483,0.4651206237246573,0.4280492942568711,0.4263716252640589,0.2820441038587478,0.0972011940224466,0.15509298377091102,0.21811750608649733,0.6,0.3,0.8,46,147.15992058753238,1223.6073821980665
6,27,0.35383630807581556,0.4580847539761688,0.4209976592512477,0.41809286562744447,0.27303145113406124,0.09634941468168759,0.1515579585306063,0.21149477581534085,0.6,0.3,0.8,47,159.5667533166049,1157.9693911405498
6,28,0.364817376322754,0.4678441847435583,0.43056034490611295,0.4369462106099079,0.2912397068904118,0.09777161391482274,0.15903922501684647,0.2224052437947761,0.6,0.3,0.8,48,152.2547501443515,1207.1107293989546
6,29,0.6804065415029535,0.7823859438720349,0.7543764964026107,0.7815355186173292,0.674304801477432,0.08422951998251005,1.0,0.3213395083852181,0.6,0.3,0.8,49,171.4487991062197,5674.737462900154
6,30,0.6786977501561257,0.788194453249571,0.7708121313456606,0.7874568515276952,0.6174655588200331,0.08507140704073611,1.0,0.3211615494774803,0.6,0.3,0.8,51,164.96422459113987,7346.60640698499
6,31,1.2158239324474553,1.3297629889230729,1.3225670093115824,1.3374991806890855,1.1659877637318603,0.08121406624528153,1.0,1.0,0.6,0.3,0.8,53,159.2371017787375,14269.858677211609
6,32,1.2152729621428933,1.3287969994879822,1.3215408341398946,1.343329484269221,1.1494574231705668,0.0806588535644292,1.0,1.0,0.6,0.3,0.8,55,172.2040478879158,14000.59077178427
6,33,1.2119096114824934,1.317927869097131,1.3095972806842946,1.3562412520541351,1.186705826281158,0.08135395478679627,1.0,1.0,0.6,0.3,0.8,56,129.42519244403272,11339.75966786511
6,34,1.2131505208223388,1.3178214808833446,1.3093009091639274,1.3642789531220276,1.1540512013145032,0.0845023758553773,1.0,1.0,0.6,0.3,0.8,58,137.4041862193815,11447.490712481676
6,35,1.210949727756221,1.3149783747877741,1.3063676750192643,1.3654634564425563,1.1519914999565077,0.08429829770757184,1.0,0.9977845748742521,0.6,0.3,0.8,59,136.08924475739315,11414.33688208957
6,36,1.209914324930268,1.3123862393988612,1.3035575156247097,1.3681084440723117,1.15234684179895,0.0808402510975169,1.0,1.0,0.6,0.3,0.8,61,137.8130242543377,11957.831633344162
6,37,1.2105778276424979,1.3234537531046424,1.3256936038826683,1.386154456919052,1.1503429713314937,0.08248401382051705,1.0,1.0,0.6,0.3,0.8,65,139.71897205934252,12016.411472853151
6,38,1.208566839686203,1.3287848990378217,1.3416695866188568,1.3961424527374198,1.158375436837592,0.08198639257016035,1.0,1.0,0.6,0.3,0.8,67,148.50769985591998,12514.395437412588
6,39,1.2095621811351789,1.3387803076793077,1.362542489916787,1.4152417958989736,1.156186343139609,0.08519091975651628,1.0,1.0,0.6,0.3,0.8,69,155.49297796335895,12494.22207513578
6,40,1.2095507933005016,1.338742886284345,1.3625014721960378,1.4152380249012673,1.1512398437281604,0.08519091975651627,1.0,1.0,0.6,0.3,0.8,70,155.45368524038253,12496.749964821696
6,41,1.2095021954927783,1.3496803472596293,1.3845890590670127,1.4261402476179605,1.1516503830396738,0.08519091975651628,1.0,1.0,0.6,0.3,0.8,71,155.11854520479204,12520.367887681894
6,42,1.2093174328471985,1.3272379720768284,1.3398072910547612,1.417255517770254,1.1512642800394675,0.08492938889501092,1.0,1.0,0.6,0.3,0.8,72,159.7988483688354,12488.928560413537
6,43,1.2082723916880473,1.3256509235946377,1.3381461283252607,1.4196502474847315,1.1514561512628538,0.0835819217718988,1.0,1.0,0.6,0.3,0.8,74,155.7789305865271,12727.905115226951
6,44,1.2083986999665444,1.3366825489792813,1.3603169287973862,1.4409864950007394,1.1508209127990803,0.08393147257529696,1.0,1.0,0.6,0.3,0.8,76,155.9354454998624,12807.114080185527
6,45,1.2083602317649622,1.3698466252867587,1.4269648306164016,1.4436526162274241,1.150785442266939,0.08393147257530362,1.0,1.0,0.6,0.3,0.8,77,155.52076279410196,12827.10841474968
6,46,1.1994283087992619,1.375602806144366,1.4540375465761544,1.501250370473358,1.1803515603792265,0.07429005878682675,1.0,1.0,0.6,0.3,0.8,78,181.6728987447977,925.717623859278
6,47,1.1973058761968516,1.3573173347480856,1.4239137616492608,1.503075399897364,1.1563250947354367,0.07409427744421278,1.0,1.0,0.6,0.3,0.8,80,192.34259764981036,1129.4536368641584
6,48,1.1961445054389046,1.3520223127338133,1.4180757399751798,1.5099487583255977,1.1544409665264035,0.07477585546508024,1.0,1.0,0.6,0.3,0.8,82,193.35933777368064,1157.1533261863665
6,49,1.1874084923982742,1.3542348652892424,1.4314334892667624,1.5413103537429567,1.1363856095632752,0.07069677525630148,0.9792472820567075,1.0,0.6,0.3,0.8,86,211.22362479660364,946.7081984346
6,50,1.1184897544506716,1.2924780261201296,1.3803307627932946,1.4768429601944812,1.0716998011299852,0.07285535731893772,0.7499800451324186,1.0,0.6,0.3,0.8,92,176.12175583828147,1480.6848399868484
6,51,1.1416999402941714,1.3264674960203453,1.4254444407247613,1.493027050694013,1.1003323191237482,0.07425329916618127,0.8249323514365001,1.0,0.6,0.3,0.8,93,211.45966079437625,1638.9710521591542
6,52,1.1917689326929624,1.359514895510442,1.446564951343386,1.5682122087922536,1.1641872752214026,0.07652532771301804,0.9942024560611957,1.0,0.6,0.3,0.8,94,223.35783280393483,853.8945957122595
6,53,1.193268148226206,1.3823919801186106,1.4916686043412555,1.6037496985113304,1.1464779348256953,0.07658837294857336,1.0,1.0,0.6,0.3,0.8,101,198.30192619913427,1129.7834647423135
6,54,1.194261632398257,1.381291359298142,1.4902941123116131,1.6284712720991041,1.152950862859186,0.07954964416487378,1.0,1.0,0.6,0.3,0.8,103,236.37162762210733,1069.0354467062327
6,55,1.192214950505869,1.4111619000768016,1.5534939840138877,1.6413889403953896,1.1469096515442243,0.07676683742148435,1.0,1.0,0.6,0.3,0.8,109,206.205153865091,1128.5185063155805
6,56,1.1922079866062962,1.4111087472989143,1.5534349434213661,1.6450892432318436,1.146171593666057,0.07678055153732913,1.0,1.0,0.6,0.3,0.8,111,205.9345733342303,1127.1527338600863
6,57,1.1919020353623848,1.4209519760949059,1.5743236550267898,1.657327258386859,1.1481881217356489,0.07678966117505939,1.0,1.0,0.6,0.3,0.8,113,209.98457186172428,1128.801973893573
6,58,1.191060786005259,1.4164458183390138,1.5693558236333978,1.6883691653665125,1.16273492203071,0.07736126248877483,1.0,1.0,0.6,0.3,0.8,114,199.77716688915967,995.806988979274
6,59,1.1905767489076018,1.4255150881349952,1.5893973858264105,1.7006469670518594,1.1498033664681153,0.07736126248877484,1.0,1.0,0.6,0.3,0.8,116,201.23330294735248,1009.4774819433436
6,60,1.1930772596080148,1.4140347782680545,1.5663921509047605,1.7062560404215898,1.1561511186242686,0.0830193690861118,1.0,1.0,0.6,0.3,0.8,118,212.04584777763597,1127.6226818298435
6,61,1.1871542895449982,1.3923922962670237,1.5428213656399352,1.7231097961139619,1.2164338069180716,0.08071022730615059,1.0,1.0,0.6,0.3,0.8,119,232.41600724641916,1128.2920671805905
6,62,1.0277683742948682,1.309354923317704,1.5377801165226925,1.901793126299556,0.9894901531905621,0.09843048664664647,0.43447252376508183,1.0,0.6,0.3,0.8,182,194.98824052476195,4373.472595869561
6,63,1.0282198021385547,1.3194376186430832,1.558851300347867,1.944778975076044,0.991284943556506,0.09937982069279641,0.4353861044442229,1.0,0.6,0.3,0.8,188,194.0138966178741,9949.184072535312
6,64,1.035480149289858,1.3260571923401396,1.5653936742078782,1.9761265034378783,0.9985779390950681,0.10467472888605664,0.44956456630094427,1.0,0.6,0.3,0.8,191,195.9041183856872,9254.578388930033
7,0,0.7371474002849258,0.6012115388278719,0.5632501761331313,0.02541881639360249,0.0,0.0,0.0,0.0,0.6,0.3,0.8,1,757.167014850112,1592.3024164342405
7,1,0.7220918405228962,0.6269551490221233,0.5873083863881505,0.07070054843544592,0.07317352085303389,0.0722683944765472,8.200470196247e-05,8.006131610743e-05,0.6,0.3,0.8,3,720.2644808663052,1508.033863853221
7,2,0.32305636184677805,0.45591297704542844,0.40764664205218,0.09371108671067888,0.7702392449224412,0.09322200397693245,0.01050081115625817,0.012584557629738698,0.6,0.3,0.8,4,398.9738003347083,619.7961106827129
7,3,0.33509765071291586,0.47110803951101204,0.4176399848931718,0.15822265716296163,0.22976167468222766,0.09448811681028783,0.05457668042918819,0.0824073071445959,0.6,0.3,0.8,6,247.78533163029653,145.18052740042108
7,4,0.21120287371999222,0.3330078939521524,0.27281154606809904,0.08758379233943306,0.3075867703576731,0.0974182750406996,0.013002586934902392,0.01152674742293705,0.6,0.3,0.8,7,240.1177650055565,396.9568157291119
7,5,0.2027449433919294,0.3211055407278631,0.2599344905291602,0.09105182197994892,0.08708497083674929,0.09726883803244796,0.01146309669074894,0.0101372408693277,0.6,0.3,0.8,9,241.43457770537236,432.0646585232144
7,6,0.2963624504862966,0.38186249614579837,0.3137284546066077,0.2207012876453545,0.44963052378697965,0.08587747454909035,0.13119450023631404,0.14116118754269508,0.6,0.3,0.8,10,243.01545879293445,493.2634439400742
7,7,0.29115846343900137,0.38584567325206004,0.328547265720126,0.22525865611512502,0.2058524814322783,0.0858619915268257,0.12805854112766415,0.13778699341820794,0.6,0.3,0.8,12,232.57180262340376,486.2477469230389
7,8,0.2968642075753988,0.35312746800552364,0.2802441947270682,0.24603155387136189,0.3815711210958179,0.08578215102473655,0.1615746917827661,0.1562855171708384,0.6,0.3,0.8,13,208.73869477830775,1384.9254003429444
7,9,0.2784153556369396,0.3292959767339047,0.26518805575067395,0.2505410194490336,0.2360421817518802,0.08636260069902671,0.14496398429068086,0.14980317097346352,0.6,0.3,0.8,17,200.84064919543937,1104.8416809325838
7,10,0.27575869383416274,0.32470369127917387,0.26032276215468425,0.2537025023254945,0.21823804622646054,0.08671435783659427,0.1437310222441131,0.147845492768459,0.6,0.3,0.8,19,201.18466511317865,1151.1279325175958
7,11,0.2803099634740736,0.32687464313274106,0.2621605877207652,0.26678165606399873,0.22497390611105111,0.08727497656101138,0.14818048978559928,0.15284675698297284,0.6,0.3,0.8,21,200.8906352522434,1246.1354567389697
7,12,0.27591404227850513,0.3214774135221234,0.2566238278550955,0.26533103072752184,0.2200831156058575,0.08710653871267418,0.14521647213936156,0.1491693327403701,0.6,0.3,0.8,22,200.9173129511562,1195.8783436088352
7,13,0.2951893482654999,0.3570837781414331,0.31375200637443157,0.3026491288237444,0.2656474935303339,0.08850024340707291,0.15504084741075025,0.1718248294982389,0.6,0.3,0.8,23,188.6952393208166,1346.0214744012271
7,14,0.2817584338867599,0.3434074532886008,0.3000428222735959,0.286514285109698,0.22485150488324077,0.086927019784116,0.1535720194678066,0.15689214861398956,0.6,0.3,0.8,24,191.65832990947396,1239.405894240911
7,15,0.290394898262595,0.3475094941323314,0.30352933946199145,0.30750871846328154,0.25603980533060317,0.09081690463912304,0.1550109545453224,0.16664437323063636,0.6,0.3,0.8,25,189.1799261347378,1298.432765238939
7,16,0.2972493385690007,0.3633575084017201,0.33026032515360887,0.3206479285295363,0.24699679934042404,0.08757725257684879,0.16166003017344183,0.17622884958799206,0.6,0.3,0.8,27,191.2285029198451,1480.9167258826117
7,17,0.3011343765251744,0.3559175706114053,0.3116244494374051,0.3274382285046282,0.24708370778497235,0.08932780277659616,0.16309688843430198,0.17934970865813676,0.6,0.3,0.8,28,195.5005933531824,1447.6076334364805
7,18,0.3073072655965735,0.37285802138780627,0.3396856655500873,0.345079244766464,0.25312013773120456,0.09034310428935004,0.16511752707447164,0.1857195563569056,0.6,0.3,0.8,30,190.2334421716292,1555.4562091186408
7,19,0.3066916722978106,0.35960805366587556,0.31506543191558006,0.3158775628630687,0.25950801406281665,0.09034310428934994,0.1651175270744717,0.18571955635690504,0.6,0.3,0.8,31,194.68184787595013,1524.6938562328542
7,20,0.30732022133624115,0.38213007050012504,0.35987801974975,0.36035691957854,0.2544794518203515,0.09044015075863246,0.165647763160034,0.186384008921195,0.6,0.3,0.8,32,193.14789728696545,1547.8764709083152
7,21,0.2837586905040737,0.3469076193273918,0.3134152668386425,0.3018048405479957,0.23105279074376417,0.08818419592699964,0.1501682610638948,0.16470973780754872,0.6,0.3,0.8,34,192.1694104584764,1320.9386698934738
7,22,0.2975367419890852,0.35986534379319446,0.32626364575651035,0.3538587470866448,0.24770248802969336,0.08950756112799116,0.15984280684613167,0.17772040775552606,0.6,0.3,0.8,35,199.8445999241182,1487.5498403724796
7,23,0.2971233544416166,0.35839363314016126,0.3246519227825396,0.3326558078566926,0.24875686309253503,0.08950756112799103,0.15984280684613184,0.17772040775552583,0.6,0.3,0.8,36,196.6911397088749,1505.6294033127824
7,24,0.3286505077552355,0.41918176930102924,0.41840510862057545,0.42998915406175564,0.27834821228419365,0.08683837680148652,0.17668149485111243,0.21475044046784908,0.6,0.3,0.8,49,196.29492815283572,1540.5655646006137
7,25,1.0959191602581453,1.1653439572253195,1.1716538164559307,1.222698525752496,1.0835920086129252,0.15841331439495307,0.5325749040395562,1.0,0.6,0.3,0.8,54,269.44465282917963,677.4569131142424
7,26,1.1000387084535679,1.1570529581209739,1.1520364202122066,1.2327033894165624,1.0621598452360728,0.15735184453828518,0.5496919380031497,1.0,0.6,0.3,0.8,56,275.572158442008,626.658304165445
7,27,1.087181665734445,1.1406225684730869,1.1449952268259371,1.242425506191007,1.081797396014265,0.16015870721695954,0.5145132462264813,1.0,0.6,0.3,0.8,58,384.6264244685348,590.5049168239489
7,28,1.0967819575349655,1.1300484364057621,1.1320403015594822,1.2641232903587862,1.106947374936907,0.15800001955513476,0.5669556169526605,1.0,0.6,0.3,0.8,60,402.6785976873135,597.0871724180669
7,29,1.0960695868733903,1.1256899084181722,1.137147613864274,1.2718846677221927,1.097156384685671,0.15604429264834777,0.5788614698513521,1.0,0.6,0.3,0.8,62,407.28448703574657,565.4760680136561
7,30,1.0946065116147219,1.1176886612532058,1.128401132187788,1.2807876764507207,1.0933917583746866,0.15757737044489756,0.5752164592385121,1.0,0.6,0.3,0.8,63,382.6720095505469,684.8742628399218
7,31,1.0940073420892915,1.1068983445890066,1.1164596214174156,1.2940327203584845,1.0887173356972717,0.15601719381654439,0.5826820358685089,1.0,0.6,0.3,0.8,65,378.6916739838731,643.6517036964083
7,32,1.116364993957614,1.1336417436449535,1.153616500159858,1.3208691604370066,1.105217265065527,0.15286942445613505,0.6674577049699794,1.0,0.6,0.3,0.8,67,380.4423469477271,717.1713350779046
7,33,1.0965942290917927,1.1194847770625698,1.1500141685909953,1.3424320041546034,1.0774297516342939,0.15355672739226325,0.6032891096580255,1.0,0.6,0.3,0.8,72,408.9085427332189,709.6250531063074
7,34,1.2083932801737263,1.2756022509898477,1.3706734325693084,1.5181587061233421,1.2056777522558866,0.1473235754644001,1.0,1.0,0.6,0.3,0.8,77,186.365261790324,964.572610301534
7,35,1.2069296049069957,1.2677731721203684,1.3621517947616595,1.5169001804885767,1.1939446631952475,0.14639995308381828,1.0,1.0,0.6,0.3,0.8,81,184.83490680691003,968.1782463794098
7,36,1.2068787378259267,1.2784556257616522,1.3839600357625843,1.5352530407911855,1.1885356794602013,0.1463999530838183,1.0,1.0,0.6,0.3,0.8,83,185.59317506412063,965.45667010279
7,37,1.2055245203298641,1.2644284101836825,1.3585966384665586,1.5265379098237732,1.1927420705697245,0.1445085069122765,1.0,1.0,0.6,0.3,0.8,84,188.3672601449148,1001.3780621077376
7,38,1.201786295505634,1.2210018825437001,1.300936263738463,1.529868090544523,1.294833777419715,0.14435157210408872,1.0,1.0,0.6,0.3,0.8,85,242.71346246345905,731.7136914343658
7,39,1.1962187814702152,1.2706841252852707,1.4064192039079695,1.6040876245938758,1.1811688796256319,0.1351328261263399,1.0,1.0,0.6,0.3,0.8,98,249.3927910555654,937.5887044951636
7,40,1.1958710386045461,1.2630783153224878,1.3980442674400082,1.6113527261062044,1.1949955743120872,0.1359243685044936,1.0,1.0,0.6,0.3,0.8,100,246.11025242556823,933.0505169791276
7,41,1.1958772498558776,1.2741083481921514,1.4202317199207914,1.6229504484659059,1.1817060924186633,0.13594841386559775,1.0,1.0,0.6,0.3,0.8,102,246.24772489304877,932.1389960551804
7,42,1.1958216808525641,1.2569345695312006,1.3912563277476486,1.6151203524378623,1.2046292500679219,0.1369624322672133,1.0,1.0,0.6,0.3,0.8,103,243.62235428715584,934.223552634111
7,43,1.1955588188154138,1.2657516420646897,1.4110260368070162,1.6264798171862564,1.185881968293603,0.1368864029070619,1.0,1.0,0.6,0.3,0.8,105,243.65598647927715,934.465138921856
7,44,1.1952058607935654,1.252234760301135,1.386126038085899,1.633490487384461,1.1896753842530896,0.13666491746900936,1.0,1.0,0.6,0.3,0.8,106,241.46613336698564,929.3596043341836
7,45,1.1934301281867092,1.2557048246824334,1.4001465095582462,1.631989506697824,1.2025280620902923,0.1347210940360298,1.0,1.0,0.6,0.3,0.8,107,241.51964095030385,890.5354346501937
7,46,1.194352036967559,1.2704219429383208,1.4563382054234546,1.6948364956171882,1.195897383190185,0.14106370136968455,1.0,1.0,0.6,0.3,0.8,117,252.4705634540813,1186.4492436194553
7,47,1.1914589733426633,1.2655119796193341,1.4612410286344617,1.72765681140032,1.2065895093302226,0.138063264152476,1.0,1.0,0.6,0.3,0.8,119,246.51940576756587,1191.0228617544294
7,48,1.1926726905286105,1.2398891741710136,1.4228390231939714,1.7475246289839572,1.1947564488648346,0.14211247288576737,1.0,1.0,0.6,0.3,0.8,125,247.64277613037495,1172.5468452014486
7,49,1.1926621053510604,1.2508320536288267,1.4449325652303293,1.7553439998669749,1.1855252279789688,0.1421124728857673,1.0,1.0,0.6,0.3,0.8,127,247.53029098935045,1172.986649330687
7,50,1.1926127026247193,1.2612093789727203,1.4664066485328842,1.7636927356499892,1.1864730874077216,0.14211247288576737,1.0,1.0,0.6,0.3,0.8,129,246.6290093485264,1176.610627886267
7,51,1.1944761033596676,1.261632408587721,1.4666823775881914,1.7891870373815582,1.189830069913906,0.14539454689043613,1.0,1.0,0.6,0.3,0.8,131,241.9675488857203,927.5823788888674
7,52,1.193293769405971,1.2492392382458941,1.4531455301268157,1.7673245524471124,1.2072199873590304,0.14476394248203317,1.0,1.0,0.6,0.3,0.8,133,226.1914466031845,1198.8783642546312
7,53,1.1877278718606363,1.2217020085088757,1.423381571606313,1.7717622750620117,1.2608875054326636,0.1378582101442667,1.0,1.0,0.6,0.3,0.8,134,243.60313328314064,1209.8471944858711
7,54,1.1810670374182488,1.235718316068082,1.4595752576970624,1.7745028848051705,1.1817615964888781,0.1269112619581528,1.0,1.0,0.6,0.3,0.8,135,229.988707959931,1238.4095280977997
7,55,1.1833582113433547,1.203112926099829,1.413409070515153,1.7749656037930093,1.2643027460086065,0.13300449820952615,1.0,1.0,0.6,0.3,0.8,136,228.42204974222085,1211.5490925172105
7,56,1.183734497230357,1.2078279443260143,1.4286120616271643,1.8309952352149979,1.1839391282611804,0.1342280429486554,1.0,1.0,0.6,0.3,0.8,143,230.351330731782,1209.6220416751382
7,57,1.1798591737662387,1.1852990610544818,1.4142796919905327,1.8225225206781952,1.2304744920520034,0.1301645740198485,1.0,1.0,0.6,0.3,0.8,145,229.06566518905683,1196.18026509271
7,58,1.179449763939592,1.1787554235078619,1.4071262820458155,1.8297063818939592,1.1886925544104805,0.12993278091711338,1.0,1.0,0.6,0.3,0.8,147,230.0625927028571,1228.9886970855391
7,59,1.1797085276149275,1.1782514599536837,1.4065466747595372,1.8378658478530332,1.1809313781588964,0.13041909992280612,1.0,1.0,0.6,0.3,0.8,148,229.9623422619142,1212.913270584686
7,60,1.1796953108216,1.2000052009724622,1.4505886433957795,1.8554928556281238,1.1789965835355574,0.13042780343271665,1.0,1.0,0.6,0.3,0.8,150,229.6023882380769,1217.103016465038
7,61,1.182115150477744,1.2174626489466993,1.4896666612150185,1.880685954404562,1.193493894926048,0.13496625348412916,1.0,1.0,0.6,0.3,0.8,152,212.14677650789744,1255.188122542586
7,62,1.1822166533497187,1.2270287314712167,1.5102360948349933,1.9017744306357636,1.1825754395819676,0.13524819325602336,1.0,1.0,0.6,0.3,0.8,156,212.57129732183003,1260.01772659787
7,63,1.1817200763766795,1.2195100530086753,1.5020217370243565,1.9209797049054846,1.1932431691591567,0.1348952430743953,1.0,1.0,0.6,0.3,0.8,158,217.2815632071604,1305.017843698148
7,64,1.179197813228361,1.2250211195347238,1.5183950826059702,1.920188231753099,1.1838820507315415,0.13089340430987,1.0,1.0,0.6,0.3,0.8,160,216.46126208312776,1317.142915378028
7,65,1.1814602103916072,1.2262749475197416,1.5195491966642662,1.935249274653372,1.1812287249338722,0.13472987270211725,1.0,1.0,0.6,0.3,0.8,169,220.5917207814789,1191.328063816475
7,66,1.181213622199759,1.2480744904302887,1.5636645224287402,1.972541874908266,1.1806699156410845,0.13432851922758043,1.0,1.0,0.6,0.3,0.8,176,217.479824316319,1211.4071322083091
7,67,1.1812572601358085,1.2665319098386514,1.6040788799135037,2.023825446295362,1.1872909685044757,0.13464479845657823,1.0,1.0,0.6,0.3,0.8,178,218.9264574818714,1275.638031732984
7,68,1.1796138926864652,1.258009975267441,1.5948774969171515,1.9944246950473326,1.1914892427559047,0.1323374010224892,1.0,1.0,0.6,0.3,0.8,180,220.59917854214063,1310.4356475842314
7,69,1.179282678680942,1.268244460000312,1.6162249186380293,2.017307246122135,1.1809274531448497,0.13181810844996628,1.0,1.0,0.6,0.3,0.8,181,223.28298620791324,1306.2403396725283
7,70,1.1802753168574203,1.2679631570447287,1.6158177756434995,2.0289020807341167,1.182352587282867,0.13355066982420788,1.0,1.0,0.6,0.3,0.8,183,221.9639640417377,1313.0471628796074
7,71,1.1803761850887493,1.2679364331797986,1.6157786711727704,2.033044402643408,1.1806953869622623,0.13372653811467888,1.0,1.0,0.6,0.3,0.8,184,221.4718852978937,1289.5175660423945
7,72,1.1801657940492751,1.2777151979611745,1.636613300118752,2.039825059168516,1.183908288811617,0.13344335845428842,1.0,1.0,0.6,0.3,0.8,185,222.12281909012464,1323.398971860296
7,73,1.1796011089031484,1.2755422900851128,1.6342816799823374,2.062190727648056,1.1804878916906203,0.1325995231549893,1.0,1.0,0.6,0.3,0.8,191,216.40277115438272,1313.376844525521
7,74,1.1828171759657966,1.2998044150161228,1.6807612462678607,2.08195478487733,1.1840866206535847,0.1380286266096608,1.0,1.0,0.6,0.3,0.8,194,236.77153241109343,1176.4448371222509
8,0,0.7679638240674153,0.609986263300152,0.5728602331192026,0.026270155411242068,0.0,0.0,0.0,0.0,0.6,0.3,0.8,1,681.6545642964309,1560.1726493689025
8,1,0.7569929756069834,0.6383527504186659,0.5997008478331602,0.07265967204909154,0.07130408092624854,0.07384516241704989,7.689356905324e-05,8.193442213313e-05,0.6,0.3,0.8,3,632.0708234326014,1463.1629841305587
8,2,0.7298811260323754,0.6187213012017713,0.5797602619596288,0.058383460966270485,0.03891771361600327,0.0462164286378095,0.00065352301289956,0.00010798921990128,0.6,0.3,0.8,4,618.7935121225155,1466.2176129469335
8,3,0.5228288902222807,0.5727202832101009,0.536472780893147,0.08588234498944462,0.35779099620026594,0.09331707396574043,0.0032187071961244105,0.0034297135297181895,0.6,0.3,0.8,5,378.6834730091701,925.531205509626
8,4,0.3567213030177819,0.4819545380794486,0.43587590621557704,0.09340932539187184,0.2455838718912726,0.09562189213035488,0.01287482878449761,0.01371885411887285,0.6,0.3,0.8,7,189.7966772145124,504.4422663694777
8,5,0.3392305968230066,0.48038928658910857,0.4439479367889698,0.09657238446733929,0.12950484801118303,0.09584549501034903,0.015700824860346678,0.01673011186482151,0.6,0.3,0.8,8,163.90340729551298,438.5347978013287
8,6,0.3235318855175442,0.46919776300137206,0.43047145628820993,0.11269640985180031,0.16913262811170274,0.09634467939477673,0.026558474024687268,0.02829954765715178,0.6,0.3,0.8,9,109.49840481315236,269.7460568317827
8,7,0.3194540834809798,0.47663146346886515,0.4486758677444968,0.1275622510816305,0.09578552835940767,0.0963574443453144,0.026969297193505208,0.02873730284722098,0.6,0.3,0.8,11,90.6069210955374,238.82569182326665
8,8,1.1554425626027636,1.2969255677586484,1.2509602087441842,1.0180348604376794,1.2335990065582396,0.23542012684327518,0.16978977872237938,1.0,0.6,0.3,0.8,12,85.48855627190409,2267.449310033036
8,9,1.1462500766680317,1.2842139811969666,1.236836941871636,1.0252211913634697,1.019202546286032,0.23891343021192868,0.16986414577265213,1.0,0.6,0.3,0.8,14,80.49638073146657,2284.4430339808423
8,10,1.1404424886370403,1.2752446444685428,1.2267999896279902,1.0311115021975508,1.0153811396874195,0.24254562096218218,0.1700872469234698,1.0,0.6,0.3,0.8,16,78.9177405990836,2292.4820630226723
8,11,1.136110066481563,1.2692549840819618,1.220293576554461,1.0324034353482603,1.0143207242377956,0.24135582099853922,0.17059735059844827,1.0,0.6,0.3,0.8,17,72.15805892277288,2420.402991738129
8,12,1.1379405524894846,1.2705323041019319,1.2214126281331095,1.0375358745556518,1.0044144316483616,0.2463251499535549,0.17045908217483244,1.0,0.6,0.3,0.8,18,81.11172212307102,2291.267158618264
8,13,1.088125162925318,1.2247503608379828,1.1935193172226204,1.0339767092871615,1.1347954350196343,0.21582186378920354,0.16042483619516298,1.0,0.6,0.3,0.8,19,81.16748737783739,2958.1966227887247
8,14,1.0838356664536704,1.2276854850926768,1.206842602125875,1.0488396582520014,0.9910701051492421,0.21582186378920354,0.16042483619516296,1.0,0.6,0.3,0.8,21,95.56192650330374,2851.565776327696
8,15,1.0773164012814611,1.2303319351350361,1.2202708812428074,1.052089326347581,0.9799639488024363,0.2084107210254785,0.16051007579506799,1.0,0.6,0.3,0.8,23,84.47894865552323,2867.0601656291205
8,16,1.26708211867195,1.3953355770186278,1.371581324115604,1.2723113601373315,1.2204410072153462,0.3779190967360189,0.4970212252086729,1.0,0.6,0.3,0.8,25,295.10142047211787,17162.736395831245
8,17,1.1566988426851004,1.293779405859424,1.280780197701907,1.1721642549223006,1.0750879546108882,0.3207431933165233,0.2502212661559967,1.0,0.6,0.3,0.8,27,121.18718823079398,8616.387364550117
8,18,1.0381358586518266,1.1313584075310137,1.0925393866261952,1.0479470026762576,1.0251327457312767,0.19268628040732888,0.16109437795352746,1.0,0.6,0.3,0.8,29,84.13242290432326,2569.0649542412957
8,19,1.042496826836206,1.167133145908617,1.1615243455975812,1.0757705683413963,0.9744613696100579,0.19509361575433315,0.17456557291972577,1.0,0.6,0.3,0.8,31,77.94283354413477,2905.877579187256
8,20,1.0422071924136593,1.1355107972526888,1.1062112590687334,1.0740445602263933,0.9982718283264049,0.19564449017555796,0.18966170043474448,1.0,0.6,0.3,0.8,33,83.04366757033927,3180.0226898959486
8,21,1.0306634569847453,1.134281763695127,1.1160334227076427,1.0747417137051283,0.9651677972698735,0.19056843757173336,0.16272213728241622,1.0,0.6,0.3,0.8,35,86.34728506704487,2548.1702133009485
8,22,1.0306703281857632,1.1445843962133417,1.1373848400728446,1.0869884108530439,0.964411124063299,0.1904154156228321,0.16446316786795384,1.0,0.6,0.3,0.8,40,81.22215133545738,2644.577674919746
8,23,1.0315321018548418,1.1444274851918133,1.1370802631863557,1.0944568055930763,0.9675861215431697,0.19037606926491493,0.16919008810856287,1.0,0.6,0.3,0.8,42,81.66431707344739,2704.6679323756293
8,24,1.0431475785771458,1.1618206146355075,1.1648760662657676,1.1296769193659162,1.006185719291593,0.2042255349302907,0.18918132228549694,1.0,0.6,0.3,0.8,43,80.53468588880652,3190.085147272457
8,25,1.0681961730794605,1.2194411086672687,1.2558904783078102,1.1938085709319837,1.0052924456503445,0.2295619023341433,0.22318144835023707,1.0,0.6,0.3,0.8,49,84.54372196657243,4640.273217380724
8,26,1.0302891262953586,1.1437291571640422,1.1556886846204502,1.1542918997543494,1.0500473908132875,0.19400846609853134,0.19149913244833985,1.0,0.6,0.3,0.8,50,80.0824711577585,3339.4558593003208
8,27,1.0641018001710498,1.1995571575658714,1.2338225173666615,1.204637691831822,1.0079835515001316,0.23696791590512797,0.21856328092803912,1.0,0.6,0.3,0.8,54,91.79020762742886,4378.361110207537
8,28,1.0632535989741005,1.2077309384602175,1.2528834825822976,1.2244343157470814,1.012606798848598,0.23696791590512806,0.21856328092803912,1.0,0.6,0.3,0.8,56,89.05496754471174,4411.651443190735
8,29,1.0349473367273558,1.1640217388889755,1.197433850087405,1.2209110683575224,1.0014524861921583,0.20054637145753595,0.20283282555125562,1.0,0.6,0.3,0.8,57,76.36285900570725,3171.9359121564435
8,30,1.0343111851403957,1.160250884328159,1.193248237331817,1.2278298812041495,0.9890795612395435,0.20396893282051107,0.19794000301177955,1.0,0.6,0.3,0.8,59,82.31947141587136,3042.236112456585
8,31,1.153776731309141,1.2774974513153499,1.3102033741264982,1.354592864606869,1.112350158953469,0.2317212918299628,0.5434656524765283,1.0,0.6,0.3,0.8,60,86.35443391123563,3243.3663678726134
8,32,1.0369580263236173,1.1580204681047774,1.1903791346933197,1.2485417397922947,0.998494340040713,0.2052277534000453,0.21035750757214275,1.0,0.6,0.3,0.8,61,79.83369705623156,3310.7374406044128
8,33,1.0374300557425302,1.1558761123253058,1.18789498301089,1.2563711752085474,0.9936573154225654,0.21001579739352896,0.2055285472003046,1.0,0.6,0.3,0.8,63,85.88083717560167,3178.475537919239
8,34,1.0346806547823877,1.1526733209241975,1.1846336418685512,1.2537251083905423,0.9861162466995808,0.2052401810163682,0.206458034363716,1.0,0.6,0.3,0.8,65,81.44557880024927,3246.5846447630406
8,35,1.035829914467751,1.1527213828952592,1.1845394560234515,1.2652520458693357,0.9916399421939981,0.20656575306842823,0.208947585353977,1.0,0.6,0.3,0.8,66,81.92444020418638,3289.763512754889
8,36,1.0362043682605888,1.1527794946949426,1.1845566501322833,1.2792040724605938,0.987590008284877,0.2083462428009552,0.20700887222951425,1.0,0.6,0.3,0.8,69,90.08000717007312,3115.6275451688903
8,37,1.032200054516094,1.146693842748757,1.1782034196903841,1.275661125811136,0.9932860208498899,0.20555848975462365,0.20167453988510653,1.0,0.6,0.3,0.8,70,82.30967444233389,3111.2536352842653
8,38,1.153891592720139,1.2804968535096275,1.3330566215808928,1.4044767859938492,1.1239454291287236,0.18862719854456853,0.6523976976595072,1.0,0.6,0.3,0.8,73,127.34029520810846,1686.424389501581
8,39,1.1301296533768443,1.2661397260566707,1.3296524768356548,1.3879686898943087,1.0894160474409276,0.1922633118661128,0.5677136616521695,1.0,0.6,0.3,0.8,75,119.04704846812749,1671.1650149064556
8,40,1.1217261449847413,1.2676245784155453,1.3421514890641246,1.3908633735397262,1.0803156121087634,0.1956653246342104,0.5341649721636058,1.0,0.6,0.3,0.8,77,118.65883262600012,1646.2316236287277
8,41,1.146101911534645,1.2786941796354094,1.3417801698924914,1.4184382747713093,1.1046538387343539,0.20305395384223962,0.6029254084198203,1.0,0.6,0.3,0.8,82,106.41218465761185,2443.6092779151195
8,42,1.1443330180773634,1.2746826813777254,1.3374900788405304,1.4240016233267854,1.1065374406391486,0.20245990484771936,0.600496242951864,1.0,0.6,0.3,0.8,84,106.0121176915916,2443.451998915596
8,43,1.1200899612157786,1.2532164587811656,1.3261649819060322,1.4159990776834805,1.0918852447090717,0.1764039046308495,0.5799320906401138,1.0,0.6,0.3,0.8,87,94.8633953125566,2197.998835454062
8,44,1.2625194288868118,1.4168268118168021,1.5218065842982755,1.6403556660969318,1.2298273617106976,0.20921200246982216,1.0,1.0,0.6,0.3,0.8,99,93.86137292716508,3371.9837764800213
8,45,1.2603547202462804,1.4245081483300512,1.5405034565350935,1.6612156159850613,1.225004823764825,0.2061411805221463,1.0,1.0,0.6,0.3,0.8,103,92.38958992379386,3294.9152752772948
8,46,1.139584313708061,1.2359603514643225,1.2848205810729512,1.4782406820896887,1.1057867114144848,0.22014313307169026,0.5704630702814474,1.0,0.6,0.3,0.8,105,93.30806099477915,3992.676843478535
8,47,1.1471402658367995,1.2951504770835924,1.3993791579590846,1.5522822772221088,1.1197810120018392,0.22183053943917125,0.5954756676155737,1.0,0.6,0.3,0.8,107,98.29438843731457,3881.3483987389295
8,48,1.1365289179325355,1.2819430019278903,1.3858621651447167,1.5456586072043685,1.1055119629801462,0.2199874248345719,0.5659750735467626,1.0,0.6,0.3,0.8,110,95.26404993843572,3923.871800717729
8,49,1.1372754219610473,1.2789250649296378,1.382401883995056,1.5504427901394875,1.1187535019075359,0.22173780679473637,0.5679051709860676,1.0,0.6,0.3,0.8,111,99.4071262944853,3939.627407811901
8,50,1.1373532200439032,1.2783253645280086,1.3817225714068977,1.5542252660085398,1.1064625178724479,0.22186375323980193,0.5684450774720176,1.0,0.6,0.3,0.8,112,99.36918278218924,3939.926029361488
8,51,1.1374048348464654,1.2891955060088274,1.4037252470298904,1.5628640794722326,1.1049236772775548,0.22196333750459205,0.5686361697393861,1.0,0.6,0.3,0.8,113,99.42097808605384,3939.635010259854
8,52,1.1365916964194696,1.2842538040934885,1.3982996475755898,1.5661764755231062,1.1209817090785201,0.22372370870603056,0.5655899561520749,1.0,0.6,0.3,0.8,114,101.23963105628064,3820.155221694169
8,53,1.1365332399033146,1.2950355683598662,1.4202164791942606,1.5783435932996945,1.1044399365446007,0.2237237087060306,0.5655899561520749,1.0,0.6,0.3,0.8,116,101.77168400557808,3810.641989368967
8,54,1.137857162145177,1.3062310819722556,1.4424343449531307,1.614376981797402,1.1067748172454708,0.21828139750063288,0.5818137506975383,1.0,0.6,0.3,0.8,120,103.38544330332802,3808.74976823717
8,55,1.1640476673807605,1.308312460495102,1.4219619227634501,1.6525998328681513,1.1337072554703576,0.20294182905856287,0.7012261963114914,1.0,0.6,0.3,0.8,125,101.71085270264916,3025.9107799449607
8,56,1.170251549551385,1.3482516225098764,1.5053304939390295,1.7354690741785483,1.1460567452095747,0.20428269117106482,0.7268530565574153,1.0,0.6,0.3,0.8,133,95.353561716298,3764.103565566666
8,57,1.2445300802797048,1.4088852591535053,1.554506482178911,1.8247675848289264,1.21749055522108,0.1923792813733585,1.0,1.0,0.6,0.3,0.8,138,99.05705425321275,3469.6219995366923
9,0,0.8156146068402257,0.6228905487695174,0.5869928736115807,0.027523683801186024,0.0,0.0,0.0,0.0,0.6,0.3,0.8,1,562.840400730878,1438.6552926364104
9,1,0.7892374700113771,0.641355444348734,0.6038526847251678,0.06476224062220624,0.06363234185017508,0.05877337387648285,7.482665131507e-05,5.0079470653110004e-05,0.6,0.3,0.8,3,529.5246240548068,1273.672822774594
9,2,1.7082639659535626,1.6790756503818742,1.6361983098148163,1.15889699256045,1.3194295490846475,0.10721577432606748,0.8839267820352374,1.0,0.6,0.3,0.8,4,359.4932613822052,549.958604975272
9,3,0.2635407256935409,0.3993444426402406,0.3462044233194997,0.07392066761479832,0.8191910367225589,0.07730296155552106,0.020827909656799058,0.01393956126716705,0.6,0.3,0.8,5,187.79102118104964,295.4432540610815
9,4,0.25606269586190017,0.39119697338016807,0.337071865616235,0.07897800501652232,0.08335569467291129,0.07739093445596448,0.0233995204265442,0.01566067137715187,0.6,0.3,0.8,7,189.05451047143828,268.6554552589293
9,5,0.25167481710321377,0.3865947332720344,0.3322463999014794,0.08708661105818186,0.07160157990338195,0.07584872054068434,0.021418825788118552,0.014738352560652122,0.6,0.3,0.8,8,182.3133377495533,260.1960767036084
9,6,0.4032687373321244,0.5312870765556896,0.4731685283967892,0.27127777602533654,0.38106063393372347,0.0831463876872473,0.07253288976382632,0.22047138984604628,0.6,0.3,0.8,9,177.95267197687917,194.5554701347033
9,7,0.22297319082794767,0.3838731690158282,0.3590943010388877,0.10511630376242723,0.07448245331488508,0.06452190861794388,0.0475344521901435,0.01998487159214183,0.6,0.3,0.8,10,112.31461415999412,97.75481060334302
9,8,0.22877403761912876,0.37600374393432223,0.3391564773770112,0.11623957480612664,0.08962204790786336,0.0629900201340525,0.06893333937363995,0.029002596179012456,0.6,0.3,0.8,14,94.08566334341091,156.59989503481094
9,9,0.2296261891239389,0.3657183997607904,0.31769226127164646,0.10189746590760136,0.08310845525599744,0.06339583779547256,0.0700700183432941,0.029464407333517,0.6,0.3,0.8,15,92.6983866644321,163.66889842377333
9,10,0.22263764497160635,0.35747128820585855,0.3171750735279812,0.13732991761091132,0.22053558851807128,0.07993019685501371,0.079188750222142,0.03457446919361726,0.6,0.3,0.8,16,87.23778591040943,346.1902628297842
9,11,0.21955600744887674,0.36494008893293944,0.3356784560998853,0.14207482999932533,0.09942801598042518,0.07990201825886813,0.07574382653992609,0.03307038676535544,0.6,0.3,0.8,18,89.68174955321233,319.95710841875456
9,12,0.2114642979637391,0.3557721810491909,0.32625622021751355,0.13851882761871281,0.09511144561130652,0.06792412180273874,0.07759070340116193,0.03324069694750757,0.6,0.3,0.8,20,85.1594606224761,224.75330369640565
9,13,0.20317514331004227,0.33438583179171893,0.30207085297437425,0.15058000878258626,0.19735864836476197,0.07977600882451837,0.07776613721866027,0.03430793670779009,0.6,0.3,0.8,21,88.37381108799599,322.5242477883928
9,14,0.2033300744396004,0.33442861678324504,0.30209152400168043,0.15946831155976515,0.0991768821965165,0.0797660605592218,0.07816525223141799,0.0345096078144015,0.6,0.3,0.8,24,90.26325770911106,324.1130564386
9,15,1.5208900161708243,1.6553843050123773,1.6327483385005803,1.4856279696361059,1.4757936568934986,1.0,0.08051909198955573,1.0,0.6,0.3,0.8,25,91.917060086798,429.1786190678359
9,16,1.5187520273024244,1.6511598320072427,1.6281440641098461,1.493295096596213,1.4306244131463384,1.0,0.07974384089025326,1.0,0.6,0.3,0.8,27,86.63339638907556,390.2646216188234
9,17,1.5186993944449845,1.6510902881296516,1.6280714476159208,1.4985708075697302,1.4239942144020739,1.0,0.07961926876499431,1.0,0.6,0.3,0.8,28,86.74364937908334,389.2797099281084
9,18,1.51855518167035,1.6617488330712207,1.6498420589808527,1.5014783924665638,1.4258767595155337,1.0,0.08001623023421342,1.0,0.6,0.3,0.8,29,87.03094419850437,391.11952182472646
9,19,1.5184984882859451,1.6616755823911755,1.6497659220854715,1.506801773278954,1.4240679835333583,1.0,0.07987647997445782,1.0,0.6,0.3,0.8,30,87.15595200208436,390.017199145695
9,20,0.30519930927051786,0.42332805101337057,0.397859415890375,0.30825731477182183,0.30628814791379055,0.0801267495668427,0.10636353088597812,0.17734274323383967,0.6,0.3,0.8,31,103.706674581651,983.0687083528276
9,21,0.30251371343421185,0.4189315550788302,0.3931833876298867,0.3121947076656397,0.22532366817978136,0.07990955106355475,0.10455203832482278,0.17635760224350924,0.6,0.3,0.8,33,105.40848738356416,946.6965311192604
9,22,0.3875080313047671,0.5010469852816019,0.474833965741599,0.41329320079863796,0.31287286476460063,0.07357935008698721,0.17781170591065015,0.2623810012893574,0.6,0.3,0.8,36,84.3431893347155,1072.4003652406134
9,23,0.38696893607515925,0.5109789233542257,0.495831194075616,0.42802512530668235,0.3090506428583921,0.07355856494166113,0.1777553366192807,0.2622757412823848,0.6,0.3,0.8,38,84.1334475940069,1072.5053010018046
9,24,0.397292113338792,0.5108309368631005,0.4940556240525955,0.4433006117180607,0.3529463608649192,0.07735726623258543,0.16098391231803447,0.2869037549963496,0.6,0.3,0.8,40,91.95405366135944,1052.2893202683183
9,25,0.3962387349055697,0.5190612731688384,0.5131784500678205,0.4582851639023379,0.3290131260122035,0.07735726623258542,0.1609839123180344,0.2869037549963496,0.6,0.3,0.8,42,92.88964459429472,1029.19040679125
9,26,0.3443511480522804,0.4658602890627871,0.45978034872060114,0.406980562504907,0.27657850467623635,0.07572213622695542,0.17313633852104762,0.2196600962466384,0.6,0.3,0.8,44,83.72350301332303,773.4596970183793
9,27,0.4484533078144862,0.5880910093369474,0.6037332113596959,0.5184856862899396,0.3904221544938247,0.07875021973398705,0.5046195982899184,0.2261183028154202,0.6,0.3,0.8,46,111.07625255286904,837.6708871344098
9,28,1.0977429873449496,1.2528982738593715,1.289905376021363,1.1853548004063925,1.0660265126182908,0.11024379903610174,0.5538076271918742,1.0,0.6,0.3,0.8,47,113.59813988367836,570.4045311477229
9,29,1.0938137865933153,1.241985722006507,1.278001748223472,1.1904998578944908,1.0492628978688439,0.11115086487160637,0.5503200345092535,1.0,0.6,0.3,0.8,49,116.49416355583942,532.296329264237
9,30,1.1142513965743004,1.258455816448527,1.293907095020082,1.2156957539543476,1.0750268397204161,0.10566277408714937,0.6359748387520721,1.0,0.6,0.3,0.8,50,96.25206815394743,701.6058189876403
9,31,1.105196166723405,1.2386815938578923,1.2726821746645067,1.2163108612871913,1.0748118689691764,0.10781790762399782,0.6165504633573821,1.0,0.6,0.3,0.8,52,116.7641719988691,549.018778684609
9,32,1.1073523134812875,1.249139314613303,1.2939311690413533,1.235501418723631,1.0595346774059893,0.10570347384048892,0.6317443032212722,1.0,0.6,0.3,0.8,54,105.83381336748918,636.9339459925599
9,33,0.5574564363980825,0.6986265341113753,0.7433367443320891,0.6925075660445461,0.5047063799707221,0.07061300837875095,0.6020501133121928,0.35038446157892844,0.6,0.3,0.8,56,104.38316839873252,962.4914680843832
9,34,0.5614384166166515,0.7130668624194414,0.7688574856386042,0.7064352293798157,0.5090250739140296,0.0709098584581212,0.6039554663917653,0.3547421746424982,0.6,0.3,0.8,58,104.24132954557932,1009.8601281565964
9,35,0.5586065103168869,0.6869330452554874,0.7202461266908412,0.6943771034213535,0.5103171816014775,0.07014280877404519,0.5983959603001482,0.35440849933072804,0.6,0.3,0.8,59,108.30893532746192,927.1040921129356
9,36,0.5675681915325855,0.6942942590759895,0.7273954678883952,0.7102347682347452,0.5221834706521666,0.07927732209541023,0.5690338232700448,0.3705499743598819,0.6,0.3,0.8,60,110.57048476237688,514.00067133954
9,37,0.5690933966172183,0.7179934516875901,0.7734225740384166,0.724624940304949,0.5163436385072316,0.0768759909008362,0.5769764134347908,0.371288785475434,0.6,0.3,0.8,61,104.93726263786598,554.9816228809577
9,38,0.5781415109892227,0.7103442653286165,0.7538738191465397,0.7388939561937291,0.5403605636469928,0.07638160831354454,0.5732622165622933,0.3870044817249384,0.6,0.3,0.8,63,111.43517150188404,559.2094841995867
9,39,0.9281749615088266,1.0585181173415386,1.101806051498402,1.0859400620776238,0.8823957305062611,0.0838630260747453,0.7779506163023818,0.7430267348160823,0.6,0.3,0.8,65,101.26707560584802,411.0581818932458
9,40,0.9280691415821467,1.0692160644563025,1.1236312464905698,1.1027993854297695,0.8787918046328158,0.0838630260747453,0.7779506163023818,0.7430267348160823,0.6,0.3,0.8,67,102.56360234894645,404.9586607164956
9,41,0.5914885739844574,0.7426211144899824,0.808057698215666,0.7768718095047746,0.547006863275379,0.06969192963016943,0.5875760693489169,0.40481967615918135,0.6,0.3,0.8,68,114.41545674272729,851.9024987923303
9,42,0.9478767452120113,1.0807812261798004,1.134137785226644,1.1313378093243787,0.9169465626979512,0.08614609543090014,0.7729534721744273,0.771545338281838,0.6,0.3,0.8,70,103.68073038376778,398.7218922573361
9,43,0.9695330538608334,1.108535492548226,1.1724229386990124,1.1571960219832182,0.9466199064280747,0.08488418532385111,0.8062111702381634,0.7891720395146099,0.6,0.3,0.8,71,100.6837143564928,433.5524779723671
9,44,0.9672016838060468,1.0892044492361899,1.1411883194794366,1.1666479892853554,0.9495779634632469,0.08739847274073476,0.7982319660839037,0.789680781349811,0.6,0.3,0.8,72,107.85154490899012,384.4792295302819
9,45,0.9668117824804265,1.099394169236713,1.1624789304472611,1.1767061420011238,0.9245597373568186,0.08724923363649581,0.7983467690267603,0.7894616030483415,0.6,0.3,0.8,74,106.68909571730669,387.8544806359683
9,46,0.5447325797808807,0.6767505471512649,0.7397651475455232,0.7651737405791356,0.502749750654581,0.07214424219369134,0.7843310321669336,0.2786638148435584,0.6,0.3,0.8,76,114.21245288789936,996.1329938226964
9,47,0.6963239826440484,0.8615806526151106,0.9580844508261228,0.9486695222983954,0.6532520958274133,0.0707158815951463,0.80007573517263,0.4633410764005029,0.6,0.3,0.8,78,131.13950186378534,820.5765022709252
9,48,0.5394856984858695,0.693626700472156,0.7789630910189547,0.7989289089795085,0.4963201282020282,0.0706585451105908,0.7808895851804203,0.27453718077229533,0.6,0.3,0.8,80,119.17199000052412,985.864766810999
9,49,0.6988907918215143,0.8858124036127799,1.0045812967282959,0.9729119853194359,0.6581116723208686,0.07214289213795247,0.8049110481001165,0.46386714670202756,0.6,0.3,0.8,81,123.77638367634162,882.878531203707
9,50,0.6960797212526939,0.882727381312113,1.0014621793097145,0.9882813129221257,0.6543198244906725,0.0707158815951463,0.8000757351726293,0.46334107640050226,0.6,0.3,0.8,82,129.20154916789983,829.4464735484212
9,51,0.9571561394443893,1.097422231491736,1.1712487371071,1.20999082599554,0.9191446233675856,0.0909353324341105,0.8291992112108364,0.7643525841798464,0.6,0.3,0.8,84,100.66037542853174,382.71433874103496
9,52,1.121937036043514,1.298341174074353,1.4256399822770602,1.428426176273828,1.1264864793187588,0.08667331448905083,1.0,0.9162068389120981,0.6,0.3,0.8,86,116.12354731881204,387.1840776213514
9,53,1.1181318935014524,1.2824137382254843,1.3984245351462015,1.4248210967194024,1.085774820666663,0.09202859064121038,1.0,0.9077642949825411,0.6,0.3,0.8,87,113.31121237955774,334.1302503002987
9,54,1.0524082840441409,1.2255221795567905,1.3524276163450764,1.3778282019356118,1.0210638243717673,0.0910230840001299,1.0,0.8270849423026669,0.6,0.3,0.8,89,114.48143619616523,375.9960915890911
9,55,1.053325419781197,1.2139547689253654,1.3295295936252032,1.364163128609147,1.0233892872216308,0.09219380906710009,1.0,0.8277900475385124,0.6,0.3,0.8,90,115.10739972186124,364.2348113286769
9,56,1.0536396891495827,1.201746912331176,1.3059869140935123,1.3681185303153658,1.0212110323789627,0.09107674079025636,1.0,0.8294652601324699,0.6,0.3,0.8,92,112.82784693139097,387.6426243689948
9,57,1.0560751310769254,1.1930390226439873,1.2861084942821766,1.308904111505048,1.0208223999560755,0.09416498195778082,1.0,0.8302054858770587,0.6,0.3,0.8,93,121.21568274586868,344.413057816576
9,58,1.053293668660848,1.211085497641585,1.3263235000409503,1.3864629043678733,1.0239406987815454,0.09107674079025636,1.0,0.8294652601324699,0.6,0.3,0.8,94,115.19808043976523,381.8389113369531
9,59,1.1841449225162881,1.3569875224313734,1.493713611641478,1.5364761578596813,1.1606767480439084,0.08532323967988624,0.9986068345951444,1.0,0.6,0.3,0.8,97,114.3240464423033,412.12228876071146
9,60,1.0651486372524617,1.2252170507038254,1.3505811700654555,1.4402238974326353,1.0331643200192058,0.09269314777473894,1.0,0.8456909205849723,0.6,0.3,0.8,104,123.8859846178319,417.7236184560962
9,61,1.0532780384334484,1.2334022843940364,1.3808469914460222,1.462545179268421,1.0222524960432988,0.09093780030194348,1.0,0.8327791811942677,0.6,0.3,0.8,110,122.19424417277656,392.9317575382288
9,62,0.8941734875088778,1.1026009712878628,1.282961017172767,1.304723473795908,0.8668857311032192,0.06701742400500159,0.513356408973532,0.835720043732945,0.6,0.3,0.8,115,125.6025199177996,741.0705578632236
9,63,1.0213290526143644,1.1976012271962446,1.3544814450760627,1.4432633009309428,1.0123551752766322,0.06414789043317183,0.677276684321921,0.9379877373544592,0.6,0.3,0.8,117,114.75532601040317,893.8818746319715
9,64,1.0209332920709913,1.2063425094716687,1.3741637528023063,1.4473671971758175,0.9959922514866638,0.06414789043317183,0.677276684321921,0.9379877373544592,0.6,0.3,0.8,119,115.489561790813,883.0372974291932
9,65,0.9999147310781273,1.1896092098251356,1.3678189948063633,1.441969903827034,0.9778709049494703,0.061580924172223085,0.7411362907191108,0.8913758465852153,0.6,0.3,0.8,124,95.24549388660444,852.2897476254248
9,66,0.9995887204655461,1.1849193508787788,1.362634665791505,1.4607951371509378,0.9816090698127707,0.06180842857062289,0.6777498509666138,0.9156056755280924,0.6,0.3,0.8,126,108.72241825189217,853.5086701061235
9,67,0.9985937709171453,1.1916752715436802,1.3801782207318332,1.472132677952628,0.9791811544885276,0.060210340605038035,0.6700358816648072,0.9192300645081428,0.6,0.3,0.8,128,102.76169183177764,859.2021869171364
9,68,0.9924329068454462,1.1955508681372913,1.3950997480539242,1.5095161341666143,0.9669370075795112,0.06455632178257675,0.6784481443136728,0.9053574514714573,0.6,0.3,0.8,139,123.42695447006184,889.0913865646559
9,69,1.0382968646649133,1.236972967952445,1.4360230638376588,1.5664119086992052,1.0308374707930539,0.06988206946747234,0.6858528509227251,0.9569163428279,0.6,0.3,0.8,140,129.74384028925152,993.9236151757297
9,70,0.8634867543604978,1.1904720325325302,1.5229629993156002,1.670534549735689,0.8396024541360643,0.07330553090022554,0.8120181290225169,0.6895824476926672,0.6,0.3,0.8,195,121.97925515698392,889.1823385179893
9,71,0.8644094033430855,1.2133990486513249,1.5681994502545882,1.6985742282685905,0.8404587957574933,0.07373695294110383,0.8120901664885125,0.6904259156035446,0.6,0.3,0.8,198,123.29305359897268,907.1196107217968
9,72,0.8675058818268576,1.214795950504276,1.5694067470796274,1.7167391379262278,0.8469404914226404,0.07393875256121893,0.7935984265733855,0.7014427294680644,0.6,0.3,0.8,200,128.17216227583964,912.8609331084596
10,0,0.8127335170569123,0.6221316225603598,0.5861617634387118,0.027448851356801435,0.0,0.0,0.0,0.0,0.6,0.3,0.8,1,571.7305654593252,1390.7924841784595
10,1,0.7826984289438605,0.6351801600949959,0.5976640195669658,0.05871768474673501,0.05656450193378687,0.04873801941864187,8.445015662487001e-05,2.955854560063e-05,0.6,0.3,0.8,3,544.7790391868091,1219.057004430493
10,2,0.3492344886121522,0.4708320078769344,0.42625632122908463,0.07365001035109973,0.6943098628006799,0.06400680428817586,0.01196348096628499,0.004134903301515331,0.6,0.3,0.8,4,249.0449330239322,581.2331515260024
10,3,0.2711757388412873,0.4079249746121647,0.3552411002695304,0.08762073535632803,0.20881228196707718,0.06532176933880837,0.05054095003860045,0.01651919046262467,0.6,0.3,0.8,6,117.4327965904295,103.17495360960096
10,4,0.2419201764241071,0.3751211019830089,0.3194630766437385,0.08887807748386573,0.11709573843446625,0.06531881058867266,0.04786811935298172,0.015573863027390469,0.6,0.3,0.8,8,105.8722347358345,101.52329255252216
10,5,0.22722372994559917,0.3589400646603975,0.3024473691241944,0.08450291220214479,0.08803818554617696,0.07146778057494343,0.02285013965261987,0.01107815546187931,0.6,0.3,0.8,9,116.41046087303928,194.241388306366
10,6,0.20903642241663034,0.32138416017291305,0.2505264939682401,0.091227735935741,0.17861097496212885,0.06995699839534922,0.04924160858238117,0.011257398050217509,0.6,0.3,0.8,10,147.39181010790102,111.10544484820949
10,7,0.20098962464000614,0.32283422588131255,0.26265283413009616,0.0881190470019152,0.07848419521443828,0.06824911733967458,0.0374991512988968,0.01130389898199748,0.6,0.3,0.8,11,124.57607906969636,101.28434717116882
10,8,0.20155815495185647,0.33427614646541987,0.28519370924788157,0.0957557752620797,0.06345641600780773,0.06822501559896506,0.03950792272033587,0.01187202015290348,0.6,0.3,0.8,13,119.57258845634358,98.615363726285
10,9,0.20332473591651568,0.31092268728217887,0.23867843653337875,0.10765365022204082,0.09917999329128521,0.06478403899161808,0.0629940830618313,0.01511131645053308,0.6,0.3,0.8,14,105.54538042219652,141.8544029275789
10,10,0.1994648745376875,0.3161739201017178,0.25456500904210366,0.109200403781861,0.08826775719576425,0.06979903755637223,0.05517599432187461,0.01393245843705293,0.6,0.3,0.8,15,108.07065277201092,124.83796693827388
10,11,0.19954912952941775,0.3036012779799259,0.23042738381600128,0.1138813861920058,0.08639783814257093,0.06868907375016556,0.06265145519793344,0.015366936012054211,0.6,0.3,0.8,16,98.40977346169038,161.51710704816784
10,12,0.18906408016646714,0.29848057593723465,0.23505599555256168,0.12105482904563968,0.09647416386158994,0.06443326113119163,0.06542597629542979,0.015837902095427438,0.6,0.3,0.8,18,109.10163139914194,146.66673409777056
10,13,0.18267440055502357,0.2979546444768054,0.2445891215246054,0.12748637828466117,0.08992263375578392,0.06443326113119163,0.06542597629542977,0.015837902095427438,0.6,0.3,0.8,20,114.07481746595896,141.66563019160324
10,14,0.18337702521319,0.28650288986121986,0.22173780940406176,0.1269387008240392,0.08165762802759834,0.06846667829466063,0.06418037273837118,0.01591091641691807,0.6,0.3,0.8,21,100.97088445531983,165.31286748110546
10,15,0.181720050162336,0.29410955551391627,0.24014191370764115,0.14005493970782676,0.08607690447969213,0.0683967558080486,0.06508334843153195,0.016093521656948558,0.6,0.3,0.8,22,102.29431440881224,161.19955496301247
10,16,0.19087619954645352,0.2953018232345959,0.2397702352013782,0.15608288258317837,0.11864192167018182,0.06030731367981074,0.12226741329810142,0.02274465563807864,0.6,0.3,0.8,24,114.6097084175179,359.24187365082406
10,17,0.19109178552027367,0.29534039085725267,0.2397753461261833,0.1617867224153657,0.09262865685445631,0.06051102208706728,0.12173721551504726,0.02327767811873227,0.6,0.3,0.8,25,100.37354166032976,393.3763662670485
10,18,0.19770941591599656,0.3091562618468725,0.2640332175172369,0.17952850905189954,0.11452567837196684,0.06359800812819338,0.12355884352430187,0.03317437715804406,0.6,0.3,0.8,27,67.1615887193723,544.0491771616852
10,19,0.22066697581256473,0.3179309904150791,0.2610870399722771,0.20479540969356944,0.1470618267511354,0.07279839285586116,0.1279174300430457,0.056776305009456095,0.6,0.3,0.8,28,282.057392035679,16384180.32368899
10,20,0.2221325569463129,0.3175253063616102,0.2603505033733998,0.21305275620080494,0.1363807988266162,0.07620696982904294,0.12833064762208288,0.05790275629819067,0.6,0.3,0.8,30,302.843162390379,16389332.410252027
10,21,0.20099610275531762,0.3618835255696249,0.3715101853277273,0.2550549810674338,0.1111593686465315,0.06722036568137293,0.08062849358881975,0.057249539630500015,0.6,0.3,0.8,38,143.380913930152,154.47540262795764
10,22,0.1983129876344452,0.3581925109520031,0.3676441155395493,0.25925111280552277,0.11155674422837611,0.06673436977469267,0.07803736944238124,0.05627077338803754,0.6,0.3,0.8,40,155.6161505876814,143.52185012039425
10,23,0.19817656102604297,0.36898545083859585,0.38957352592591665,0.2750486329422549,0.10897782932593286,0.06673436977469269,0.0780373694423812,0.05627077338803745,0.6,0.3,0.8,42,157.38021722184357,145.33892015168013
10,24,0.20114234710966225,0.3592728094999191,0.3684235127279371,0.26318671905304764,0.12230664743231656,0.06689116552292404,0.08185210757531439,0.06002449367776251,0.6,0.3,0.8,43,140.21837630878252,169.4114060768043
10,25,0.45317994293165553,0.6109473692356083,0.620030756892458,0.5248558571203877,0.3677036952300573,0.06201001507152334,1.0,0.03485719814861414,0.6,0.3,0.8,44,108.78051860623756,254.89091224624488
10,26,0.4516793262211142,0.6167007067054828,0.6363072159350023,0.5320738446887979,0.3889065294897431,0.06503144014893349,1.0,0.03434526929669138,0.6,0.3,0.8,45,98.07563081118494,279.65799176024734
10,27,0.44986200083213235,0.6011084805722711,0.6091071846698344,0.5252870422971859,0.3822534013574482,0.06584425649751262,1.0,0.03392631887797815,0.6,0.3,0.8,46,98.44904907469495,288.4312845192607
10,28,0.45156941738778833,0.5904204596111903,0.5870419243157838,0.5364039751402928,0.37302435666251216,0.06571243566182813,1.0,0.037321065613473696,0.6,0.3,0.8,48,88.92693615398295,335.00441320969327
10,29,0.45156941732256584,0.601517511829699,0.6093041555266594,0.5526098913874882,0.36928433611574424,0.06571243566182813,1.0,0.037321065613473696,0.6,0.3,0.8,50,88.9269362809686,335.00441257035965
10,30,0.4519639459889976,0.6114631340460928,0.6301644893039937,0.5639633305588706,0.37960715365443215,0.06442005619106476,1.0,0.04014130923369148,0.6,0.3,0.8,51,82.22826956278867,336.888402616134
10,31,0.44686628674059653,0.6278767896714671,0.668799028978851,0.563164256507813,0.3700051610065073,0.06604444843029894,1.0,0.0331394900345223,0.6,0.3,0.8,52,96.42810324368637,292.70850446907883
10,32,1.226066562510432,1.4058554543535162,1.4465819481736886,1.362949777497663,1.1530776453811487,0.07695483538713296,1.0,1.0,0.6,0.3,0.8,53,96.1340122332826,406.89920218824767
10,33,1.2230742140755766,1.4236144251559832,1.4864420413023414,1.3639227986776727,1.152245468063372,0.07358193608420247,1.0,1.0,0.6,0.3,0.8,54,96.93151484411234,411.8562192907321
10,34,1.2237777303319985,1.3996115661797763,1.4397128623765307,1.3726233211733279,1.1604535576142065,0.0774953830810657,1.0,1.0,0.6,0.3,0.8,55,100.33952532893916,369.7089267737785
10,35,1.2235023408952497,1.3991710655759126,1.4392464739550481,1.3759702120588853,1.1472381438496368,0.07721332004393681,1.0,1.0,0.6,0.3,0.8,56,98.64459824374237,384.0008116456178
10,36,1.2244289227909393,1.399844796635279,1.4398807375912843,1.383772281754051,1.148811030552845,0.07902819051580007,1.0,1.0,0.6,0.3,0.8,57,99.61688417148513,396.1494456199892
10,37,1.221989289240009,1.3961403501818554,1.4359792906573117,1.3819362028644124,1.1527284913459832,0.07630275145275603,1.0,1.0,0.6,0.3,0.8,58,95.60031190989211,408.65867965586375
10,38,1.215218711563633,1.409287578441753,1.4711053565600196,1.4108277522455845,1.1435356186283026,0.0673841973902927,1.0,1.0,0.6,0.3,0.8,62,107.92793728423152,306.9748113981594
10,39,1.2140810763017642,1.4058397457063085,1.4673047997095698,1.4106820796442627,1.1469033288422608,0.06781431515519039,1.0,1.0,0.6,0.3,0.8,64,103.80094324214342,315.7738936661085
10,40,1.214609103466692,1.4171519609569603,1.4897347595737773,1.414895832956621,1.1422413878039888,0.06900516525963407,1.0,1.0,0.6,0.3,0.8,66,104.13792076876447,327.9846956204362
10,41,1.2120527860653936,1.4366840426555014,1.5315814346732695,1.4370963320034071,1.139475871118921,0.06484926226404476,1.0,1.0,0.6,0.3,0.8,67,103.78773693609509,266.3641263879218
10,42,1.214373128250405,1.4273108275999178,1.5109524073168494,1.4396777666786988,1.1447708563342007,0.0693052548534379,1.0,1.0,0.6,0.3,0.8,68,103.1497961023706,354.9532502722225
10,43,1.2117582931914788,1.4330484740439375,1.527442048410181,1.4310796549125815,1.1454350095216819,0.06761081926107076,1.0,1.0,0.6,0.3,0.8,71,103.20281321089308,336.46615441414
10,44,1.2119957252219784,1.4635444103457338,1.5909834843701374,1.5121991830544403,1.1464684493521116,0.07083967951480022,1.0,1.0,0.6,0.3,0.8,75,96.24089284081738,396.47534760984695
10,45,1.211995724792909,1.452447358090537,1.5687210100545985,1.5010398952651345,1.1425066330351046,0.0708396794536536,1.0,1.0,0.6,0.3,0.8,77,96.24089103712606,396.4753370387408
10,46,1.2118951002433946,1.4403255865478983,1.5452974154798769,1.4901682758035915,1.145319482290385,0.0715213082660094,1.0,1.0,0.6,0.3,0.8,79,103.4568447392836,393.0803708206647
10,47,1.2110326421733855,1.4611326378331626,1.5883582059626111,1.5264638580696586,1.1450379617401467,0.07055768275470059,1.0,1.0,0.6,0.3,0.8,80,96.89379564182654,411.6211334654275
10,48,1.2114826512034773,1.4502495372989719,1.5662750324438823,1.5157007589913385,1.144132361657788,0.07152130826600941,1.0,1.0,0.6,0.3,0.8,81,100.30889867709791,387.0897417375591
10,49,1.215734924287015,1.4753577025090026,1.613517668117365,1.5024208199280042,1.151358427283301,0.07981175731088005,1.0,1.0,0.6,0.3,0.8,83,112.9591930432102,1493.3497937578948
10,50,1.2069485524865167,1.4405676893682475,1.55584468960765,1.5097763533039879,1.1508359308305987,0.06849056745147947,1.0,1.0,0.6,0.3,0.8,85,141.2143276041083,413.3231767742629
10,51,1.2022052489930486,1.44162507660512,1.5673087687782705,1.5292179935483903,1.1525051040712517,0.0650398477802395,1.0,1.0,0.6,0.3,0.8,87,150.7582030854545,305.65995130027494
10,52,1.2004194681499818,1.43306929366759,1.557808989892652,1.5258988271739884,1.1569246283002543,0.06730785121999965,1.0,1.0,0.6,0.3,0.8,89,153.566784709472,396.4443451526046
10,53,1.2004042460249882,1.4441358281287449,1.5800388215295194,1.5558102375046763,1.1404010735123338,0.06729395814582914,1.0,1.0,0.6,0.3,0.8,92,153.69313190794637,396.6435543306847
10,54,1.1998441097400798,1.4431754233671759,1.579022951943104,1.5630510052390736,1.141950183892951,0.06666254282677528,1.0,1.0,0.6,0.3,0.8,93,153.36234657787313,382.01092670858816
10,55,1.2014447614129915,1.4335704536568623,1.5582377474203866,1.5231683001185343,1.14217767367907,0.06941208696720982,1.0,1.0,0.6,0.3,0.8,94,155.02636012041705,402.9921466440249
10,56,1.2014028992070855,1.4334357535677538,1.5580901443926831,1.5231547252136295,1.1417602605182418,0.06941208696720981,1.0,1.0,0.6,0.3,0.8,98,153.7911657623204,401.6794073137336
10,57,1.2098429848682342,1.451900326486258,1.5875721334747548,1.6068231449169157,1.1514380486210891,0.08428101234863009,1.0,1.0,0.6,0.3,0.8,104,91.15505589933012,472.3943679206147
10,58,1.207843020026877,1.4713412581656382,1.629240233043692,1.6438565018853541,1.1525518433278155,0.08150617166981304,1.0,1.0,0.6,0.3,0.8,105,124.12653638419984,451.4184587995936
10,59,1.2087368860640664,1.472083302025681,1.6299613940360567,1.6485936853574463,1.1505987082656444,0.08310795347565009,1.0,1.0,0.6,0.3,0.8,106,123.52026198138552,461.39259927425496
10,60,1.2091678591863573,1.4722904973925954,1.6301377007354287,1.6490926485084914,1.150935285087467,0.08399103525687168,1.0,1.0,0.6,0.3,0.8,108,124.5292174263412,453.4736183715152
10,61,1.2074804842668463,1.502664501167145,1.6938392068872032,1.6910007835837375,1.1526293673946229,0.08207851800243458,1.0,1.0,0.6,0.3,0.8,109,123.03770565604016,431.4600110429012
10,62,1.2106156588324006,1.505403016629461,1.696523519341388,1.7019722416340137,1.1534858016800253,0.08759179152002292,1.0,1.0,0.6,0.3,0.8,111,122.79017251606388,470.6683346980266
10,63,1.2103515907460327,1.4713793359102605,1.6289401358573126,1.678181702677723,1.1549188157578147,0.0874904555905052,1.0,1.0,0.6,0.3,0.8,113,96.88193435870306,486.099203775129
10,64,1.2097990311045637,1.470206624643926,1.6276828156545413,1.6543271620697,1.1551967262711418,0.08701557764126465,1.0,1.0,0.6,0.3,0.8,114,83.67759873412277,480.9178040524291
10,65,1.2102971212040132,1.458207345163785,1.6043278713394356,1.6312242375071193,1.160014556227492,0.08884324454940304,1.0,1.0,0.6,0.3,0.8,115,84.41155402522342,500.563347555556
10,66,1.2112539188150933,1.4691711824418459,1.6263094320426972,1.651153958189388,1.1573236512331841,0.0912055818234154,1.0,1.0,0.6,0.3,0.8,117,82.10748884627364,525.8266445337231
10,67,1.201317851193525,1.4697680617082318,1.637995139182261,1.6923002204388946,1.145368868783151,0.07504495693253975,1.0,1.0,0.6,0.3,0.8,125,116.34169629723324,479.6130275510459
10,68,1.2007826744223844,1.4679375459152602,1.6359903145260288,1.692115784617264,1.1511518814673687,0.07504495693253974,1.0,1.0,0.6,0.3,0.8,126,120.035967527133,488.4103755266452
10,69,1.1998812435481865,1.4512029745689161,1.6074573210944538,1.631146630965346,1.1572057467537682,0.07673412167987932,1.0,1.0,0.6,0.3,0.8,128,112.5247583189006,587.2731175758786
10,70,1.1998694877123892,1.4733555937490426,1.651936633639853,1.6863379226625188,1.1461091026594064,0.07673412167982627,1.0,1.0,0.6,0.3,0.8,130,112.21182248967963,586.4598403958655
10,71,1.1993583671160537,1.4831717145821937,1.672815921899776,1.7169002071357828,1.1470341548936227,0.07638804080357059,1.0,1.0,0.6,0.3,0.8,133,111.22396582956848,607.5412873457643
10,72,1.1969874705855041,1.5027942206088047,1.7147424815679795,1.7137070535912717,1.1445830430815072,0.0725678354015079,1.0,1.0,0.6,0.3,0.8,134,124.07724081985752,343.6523578870619
10,73,1.198906231822927,1.5375254306465322,1.7829061962244324,1.8470098758914104,1.146711100969005,0.07607800775862038,1.0,1.0,0.6,0.3,0.8,136,117.374776407369,613.2630679397311
10,74,1.199382552060371,1.482207592636366,1.671721018455415,1.7519118766540034,1.147682233238717,0.07707287856954739,1.0,1.0,0.6,0.3,0.8,137,110.5274869873738,581.3182744090246
10,75,1.1975447269240962,1.5408660303569863,1.7965722895303382,1.863320933990142,1.1749020137677748,0.07785527608639782,1.0,1.0,0.6,0.3,0.8,138,122.66623745243557,646.2437653680772
10,76,1.1969907816275704,1.5401867811849423,1.795876738418305,1.853996880722289,1.1462699502484723,0.07700907552889937,1.0,1.0,0.6,0.3,0.8,147,116.20386981901422,635.4887846606442
10,77,1.1958826773126634,1.6359648308630546,1.9820442629395878,2.0355051908883786,1.1420821611516296,0.06999767913646533,1.0,1.0,0.6,0.3,0.8,180,124.71722669017262,311.57678476790244
10,78,1.1961254725732866,1.6362237745531032,1.9823053465376765,2.035742799347242,1.1428440452807553,0.07039129435424986,1.0,1.0,0.6,0.3,0.8,181,123.2059125911095,320.1843661651262
10,79,1.1970186896937687,1.6243437873294253,1.959037683275535,2.030769373837177,1.1438848959910968,0.07297797376374422,1.0,1.0,0.6,0.3,0.8,189,121.44217382852553,332.05004521273685
10,80,1.1961064256626825,1.6239135930959119,1.958671381714999,2.0256351160630524,1.1514679072106744,0.07114342135303772,1.0,1.0,0.6,0.3,0.8,190,124.28735247721949,345.3048887561147
11,0,0.9329752499738785,0.6517329619415099,0.6185809545789813,0.030321529974005397,0.0,0.0,0.0,0.0,0.6,0.3,0.8,1,318.3319854925929,1372.3785594057006
11,1,0.9020229604397431,0.6707342477352304,0.6360927928217628,0.06700047759140823,0.06091080505209182,0.05763525076393826,8.563352672914e-05,4.9333675857849995e-05,0.6,0.3,0.8,3,301.7917709569805,1219.9284397668469
11,2,1.569842910977804,1.5957740747220077,1.5523940028425358,1.080626728023958,1.4213237687339193,0.11751367989424406,0.6032640404231406,1.0,0.6,0.3,0.8,4,404.4277120508912,559.8259714939343
11,3,1.5177322313991597,1.5753289796343364,1.5403170639121733,1.0820332389204579,1.0855856615094017,0.11750518095280744,0.596085263241928,1.0,0.6,0.3,0.8,6,362.1894620608736,528.8490045611028
11,4,0.7858334835272637,0.8985656555579368,0.8417501244583485,0.5137813340040677,0.835724696635435,0.09002730978439809,0.29932671567300156,0.4395073881766911,0.6,0.3,0.8,7,133.84664087377683,416.1346766199196
11,5,0.26977136281956743,0.4022415756865955,0.3530860757406689,0.1506533282863333,0.647884582655131,0.08191298166607676,0.08369990895686744,0.07094986636600184,0.6,0.3,0.8,8,117.10452004156416,207.74190610601008
11,6,0.2885662843122336,0.4139745345101048,0.3629195531269303,0.18041317801993356,0.1962255455238055,0.11799017096449524,0.07349876859127563,0.08732682290483204,0.6,0.3,0.8,10,97.71698604362156,417.4057095918293
11,7,0.2992169320379372,0.4120124790910393,0.35811285409299726,0.21921456544206966,0.24100474640636485,0.11166131477078219,0.10412165568035806,0.11549182368709492,0.6,0.3,0.8,12,106.1638209663633,705.8625128693102
11,8,0.29514916974868055,0.4152525623155444,0.37177017516063426,0.22533321209786453,0.20358266923155702,0.1116613147707822,0.10412165568035807,0.11549182368709487,0.6,0.3,0.8,14,110.301219180919,664.1486178119578
11,9,0.33074903327956723,0.44075013413374164,0.39536523184545586,0.2740421781347509,0.3032128338664625,0.12730203235735887,0.10555873633810124,0.16007714769101128,0.6,0.3,0.8,15,143.8781402597079,786.7740969683076
11,10,0.32567374190702103,0.4340558084927433,0.3883808368425111,0.2804291848272501,0.2375798433812581,0.12778412341691836,0.1028334236088331,0.1561791118275216,0.6,0.3,0.8,17,142.7053098070856,729.3244686881316
11,11,0.3946520383060852,0.5084958631029368,0.4730017399059217,0.3557029928505917,0.31774113817447314,0.1177024358294843,0.18563157178192063,0.22479819726027594,0.6,0.3,0.8,20,196.98232993892603,1604.553497112521
11,12,0.5424512947990934,0.6557894197499052,0.6202100170995613,0.5222889844746506,0.4572960256229388,0.12008156177057142,0.26352990304846957,0.3790386030044704,0.6,0.3,0.8,21,207.08266418748607,3036.58771853375
11,13,0.3953148418758764,0.5034502212081994,0.4669966850378091,0.3649231727776026,0.34206967602478,0.1223513925434094,0.18577491242532967,0.2275488581535281,0.6,0.3,0.8,22,195.95586801378795,1660.1919419298365
11,14,0.39422010506961297,0.5119298077102514,0.4863924763887456,0.372635420251497,0.31554798246618576,0.1223513925434094,0.18577491242532967,0.2275488581535281,0.6,0.3,0.8,24,191.53476911341872,1689.6475800922851
11,15,0.40089847330786776,0.5053540304489105,0.46830030570804315,0.4051735532359408,0.32352044563056276,0.12264127548998105,0.17449021761880848,0.2418245318717897,0.6,0.3,0.8,27,131.72308927571837,1373.187655819819
11,16,0.44270402646185086,0.5349422337583927,0.4865419992145608,0.4558682081184594,0.3683934556445883,0.12987109449106468,0.17208688290635774,0.2905384050549132,0.6,0.3,0.8,28,173.75399084046862,1371.897782531271
11,17,0.4869696256112723,0.5833909763924685,0.545064837354376,0.5096817577127732,0.4503449756890625,0.12780208294266057,0.18400421002291673,0.34864076041976577,0.6,0.3,0.8,29,147.62842398023113,1517.0633510042674
11,18,0.3912880921026278,0.49656998626035426,0.46906307892897764,0.4181708522229905,0.322087252809001,0.12362635672470128,0.16535801818381377,0.24090995971071932,0.6,0.3,0.8,31,120.14819639232356,1381.7725408810509
11,19,0.3950768573745135,0.49757254689575875,0.46964057170482415,0.4290403742772985,0.32948151299587214,0.12872316715332083,0.1654220767678986,0.24390116592995842,0.6,0.3,0.8,33,119.41427423673544,1436.7346738829608
11,20,0.3942663086018847,0.49537298164431776,0.46723164654047045,0.4288187726854327,0.329324203842116,0.12872316715332083,0.1654220767678986,0.2439011659299583,0.6,0.3,0.8,34,120.9668354518478,1401.3744532403068
11,21,0.39421445031511754,0.5063293226446628,0.4893397726553172,0.4438063841288358,0.32245373178420045,0.12872316715332083,0.1654220767678986,0.24390116592995842,0.6,0.3,0.8,35,120.52229768734142,1408.6306853805634
11,22,0.4324493705684414,0.5309751024278584,0.5024465520656518,0.48267780433645696,0.3748387786129662,0.129723446669329,0.17097816418885942,0.2906541350495263,0.6,0.3,0.8,36,291.67878364782075,1363.796500266946
11,23,1.0004735234686464,1.1073935205147158,1.0896292416204036,1.0706104034518193,0.9382527719692073,0.12822175939202002,0.18083663243833661,1.0,0.6,0.3,0.8,38,101.3256611127626,1419.2380080654414
11,24,0.9994860341688709,1.104097682460598,1.0859942938769818,1.0705309286880567,0.9374307691753428,0.1306738905367097,0.17682062199315066,1.0,0.6,0.3,0.8,40,98.0745518548488,1420.0039183776514
11,25,0.9988545902399122,1.103017443997814,1.0848485185458194,1.0546685770726727,0.9333710547868073,0.13062662496170047,0.1756104402387035,1.0,0.6,0.3,0.8,41,97.57234706200902,1397.617044544647
11,26,1.0052250835315601,1.1170648172013715,1.1095650411416318,1.0899351745457095,0.9567246912560767,0.14257019363593593,0.1789332556946372,1.0,0.6,0.3,0.8,42,300.725747154989,1349.24540536377
11,27,0.9920174923115465,1.0916966612491306,1.0728785915630912,1.0679601482781842,0.9319538841850847,0.12659234268470726,0.16867670084337288,1.0,0.6,0.3,0.8,43,311.3353504701293,1368.795969158689
11,28,1.0059906935301899,1.112756465680198,1.1045316435629287,1.092504246645936,0.9627065376130168,0.14820986703871047,0.17868086771187325,1.0,0.6,0.3,0.8,44,304.7824217407671,1402.567823894252
11,29,1.0058216135022209,1.1233367301275448,1.1262278909944596,1.1115246100660254,0.9433966534967,0.14820986703871047,0.17868086771187325,1.0,0.6,0.3,0.8,46,302.1788633567116,1415.2888106598448
11,30,0.9938721280970428,1.1002074879291248,1.0919217419679952,1.0871524480644723,0.9310339415147901,0.13365280037567978,0.1680974738461211,1.0,0.6,0.3,0.8,47,111.64578370744866,1440.984460418109
11,31,0.4647434476114927,0.6066850953023113,0.6418357927493736,0.6233283657187036,0.41997734174286006,0.11379658708435267,0.2426915557607349,0.3306147074674574,0.6,0.3,0.8,50,124.39386669392206,1076.6771469555654
11,32,0.4646739571722106,0.6286533167489191,0.686113176574731,0.6470606279538073,0.405766557441822,0.1137965870843527,0.2426915557607349,0.3306147074674574,0.6,0.3,0.8,54,124.50845819569264,1088.2025966357396
11,33,0.5099226123360031,0.6507910118222827,0.6857943964096013,0.6954635884921239,0.4534530851300332,0.12470500786148866,0.2928533324001288,0.3606910646716546,0.6,0.3,0.8,56,346.9974542503235,1318.47130503988
11,34,1.2607907249580657,1.4095873787522053,1.4553233636357334,1.4582826330181131,1.2081949489650374,0.5509546571683075,0.24301296926542487,1.0,0.6,0.3,0.8,59,76.83138089551497,533.2752749435656
11,35,1.2613588228088988,1.408351168084054,1.4538423760263983,1.4627935443159958,1.2134674487354957,0.5532677263700513,0.24283749068464594,1.0,0.6,0.3,0.8,60,78.68853000097297,530.9391968774769
11,36,0.5445155330390173,0.7250432314097857,0.8040630595217829,0.7876670281771274,0.4888106877018713,0.12049054334399042,0.2135625473612853,0.4393819264731206,0.6,0.3,0.8,62,146.33568475809565,1132.7927459132618
11,37,0.5498311619174238,0.7260343286259808,0.8044725117527389,0.7934644251077385,0.5051448141155817,0.12554239718707122,0.21613440729488817,0.44350498058754945,0.6,0.3,0.8,64,143.94920892300317,1161.4320334791553
11,38,0.5240889906390384,0.6982954095907732,0.7764675976502241,0.7758870066959849,0.4776212540474843,0.1303410207627525,0.21154737031142784,0.4104455192762395,0.6,0.3,0.8,65,112.4695308503792,1430.9653600396489
11,39,0.5213103470513971,0.6866164855808224,0.7636172282631079,0.7758685694958816,0.5119842614040884,0.1342190485172939,0.21713877905271883,0.4062233882776223,0.6,0.3,0.8,66,129.54104475294648,1662.9346122459267
11,40,0.44495438474989735,0.6322034409424999,0.7315010015945822,0.7247491172889245,0.3950534640317807,0.1296059706717667,0.19417029158204918,0.32298203384375224,0.6,0.3,0.8,68,140.31913307470987,1435.748602643903
11,41,0.49915249432478587,0.6846761202736747,0.7837510377455725,0.7899718486940824,0.4569439184609242,0.13097992702583733,0.20484946277889887,0.3864627546411443,0.6,0.3,0.8,69,131.13382508861417,1425.2498622138326
11,42,0.47762906224385704,0.6512079921040215,0.7390073157699258,0.7644237967918579,0.4319242680986442,0.12863592109152192,0.19920055749648025,0.3638217344776165,0.6,0.3,0.8,70,128.15518217083002,1134.6157133147854
11,43,0.502933207116265,0.6863027887208912,0.7850991345719474,0.8013347798524483,0.4567059508347113,0.1277732297197373,0.21379367087083412,0.3912026059167842,0.6,0.3,0.8,72,138.44823631224511,1324.0789016026097
11,44,0.5008441293560282,0.6953084802839695,0.8052698801667404,0.8033986934534361,0.45168802400739494,0.12871159767595639,0.21004307591082774,0.38929512377033576,0.6,0.3,0.8,73,136.18447240135862,1353.725083438313
11,45,0.5028508903928015,0.6970850609700061,0.8070168169285308,0.8126317714898474,0.4548078163403561,0.1277732297197373,0.21379367087083412,0.39120260591678446,0.6,0.3,0.8,74,138.88826223801075,1331.2632443859802
11,46,0.5601029829932467,0.7433329889898683,0.8421113320385576,0.8963313436125531,0.5109945653107775,0.12970508280538048,0.3476392623328905,0.4110855816132317,0.6,0.3,0.8,94,74.66856888085461,1518.805761001976
11,47,1.0874035575513064,1.3194417789586284,1.4731887309153833,1.5547184893959853,1.042618963336655,0.11871300637230091,0.7037162927155058,0.947847749896358,0.6,0.3,0.8,109,113.14171119013092,1205.5564759101485
11,48,1.0734107614288093,1.3003521591350768,1.4534579618102805,1.5401597503424416,1.039397105010941,0.12017251926079905,0.691239512643653,0.9359888502062536,0.6,0.3,0.8,111,103.88238017435285,1083.0014726619186
11,49,1.0433597519379947,1.280802562313867,1.4449987960874344,1.5228435359844945,1.0010434364358118,0.11773573833432785,0.6878735263926348,0.9017534218715255,0.6,0.3,0.8,112,103.46360364778424,912.9384677277196
11,50,1.0747037211035049,1.3558984877581273,1.5646761666931521,1.7413901801435465,1.030036456017954,0.11136462014469588,0.7137511985774286,0.9362616868281959,0.6,0.3,0.8,146,107.84560968294348,1308.153493189472
11,51,1.0619278969155888,1.3498790310092186,1.5692793023756597,1.7610465607680468,1.0281022500973573,0.1093322010424566,0.7042338625973671,0.927083083017141,0.6,0.3,0.8,148,116.91818936895852,1297.323795527914
11,52,1.0633616977664715,1.3618317525005563,1.5923255214316705,1.785557618832383,1.020781346505867,0.10952045409868161,0.702977538946606,0.9294270257570156,0.6,0.3,0.8,152,116.6707906882896,1298.9425489997152
11,53,1.0780412562064008,1.4073063748918608,1.670986387085959,1.885695747663775,1.0371436146084925,0.10965998814279357,0.7160363489430974,0.9437207379658716,0.6,0.3,0.8,159,112.50969586001423,1298.6675472894556
11,54,1.0759393731344111,1.404396367889706,1.6679764258124674,1.891568971518213,1.035486187428673,0.10965739401886232,0.7107758311075048,0.9433703693913351,0.6,0.3,0.8,161,109.97079458189498,1298.6088675465187
11,55,1.0758392268132972,1.4130342921767194,1.6874887851129925,1.9322176601724808,1.036886047803896,0.10990865249017297,0.7048379807475751,0.9461551630100449,0.6,0.3,0.8,165,110.13265968648564,1296.0141829555353
11,56,1.060829801510292,1.4298308247895688,1.7375986730945285,1.9796673782918732,1.0201731467794461,0.10954568574638276,0.7172264372300526,0.9235606920335565,0.6,0.3,0.8,180,109.73097456758964,1295.1427679755282
12,0,0.7701473893286189,0.6105946572915628,0.5735264824381566,0.026329188194996765,0.0,0.0,0.0,0.0,0.6,0.3,0.8,1,665.4005912124446,1370.3674146686938
12,1,0.7382214591956711,0.6217055253499059,0.5829665605082646,0.05683914610913729,0.05812961110609724,0.047674796233562536,8.327828413746999e-05,4.209125190701e-05,0.6,0.3,0.8,3,631.0199123723792,1242.152432757561
12,2,0.7216484587436783,0.6131791522708036,0.5741053794027259,0.053913129514344495,0.03546640622134762,0.03896581240831986,0.00065853119546221,9.673351941072e-05,0.6,0.3,0.8,4,609.7904264849024,1347.101819409375
12,3,0.40507286463295983,0.503628997913905,0.4625347936262211,0.061086557962802795,0.5083525018628108,0.06109875838930327,0.0069062448863361605,0.00349061578601257,0.6,0.3,0.8,5,343.40231052328625,793.0278288827582
12,4,0.3272291782533063,0.4545166239335992,0.4083269463327679,0.06324707520663182,0.22802805615579003,0.061660944806587945,0.012697209009938759,0.00641753643808395,0.6,0.3,0.8,6,272.37484701088874,591.9077462290362
12,5,0.27971424901682734,0.41874661176140565,0.3681215217428427,0.07153196760886651,0.22070977190193855,0.06217861345026495,0.027624979545344742,0.01396246314405036,0.6,0.3,0.8,7,190.73467491050965,318.1616218615943
12,6,0.2429976748536764,0.38882117939401556,0.3454564661307131,0.0799378700715726,0.11980613971495574,0.062178613450264965,0.027624979545344708,0.01396246314405043,0.6,0.3,0.8,9,182.1160570665864,221.96229004625184
12,7,0.258535000183295,0.3954309423897329,0.3406567573087739,0.10316523849354037,0.09500767713666863,0.06356677703179546,0.05447923569854907,0.02818988448903989,0.6,0.3,0.8,10,128.6697676752034,112.27751222236888
12,8,0.2120616625554052,0.3381704803992276,0.27935803841839907,0.08574175240773374,0.19527633664836336,0.061739165468955234,0.031503834300070296,0.01962889745899024,0.6,0.3,0.8,11,145.16798593694006,203.42643457830945
12,9,0.21660471098742184,0.3403848677575226,0.2807986446034316,0.10239021802840366,0.09982127074144444,0.05541846837698402,0.05962386413096241,0.02675289466821429,0.6,0.3,0.8,12,152.54903317990545,320.11822858586856
12,10,0.21278898774518687,0.33620683993156136,0.2765037071226718,0.1011453108897975,0.07375456267180022,0.06167043682212906,0.0497492001182772,0.02207997203887836,0.6,0.3,0.8,13,168.51417762393666,426.74312723382127
12,11,0.21194742439651776,0.3323431603187697,0.2717391752011293,0.11325684514909845,0.1069204821635828,0.05963016884317933,0.059708808104311825,0.0268738868851509,0.6,0.3,0.8,14,163.95760608575492,336.4290045275904
12,12,0.21353259410357356,0.3435772062026916,0.2937330099358005,0.1243567087491038,0.08674265397384791,0.0596804289173011,0.06632704684481369,0.029852640019536907,0.6,0.3,0.8,16,150.14843463193176,315.31838054328983
12,13,1.107965243615221,1.241710475032872,1.209902628878009,1.0448077529271642,1.1520991347514158,0.13906288282637716,0.3906722124532299,1.0,0.6,0.3,0.8,17,190.11160102124109,562.3025627414271
12,14,1.1025927242300244,1.2326578444539058,1.2001177445665303,1.0509915230147042,1.012196029511267,0.14070711758108403,0.38284788969546646,1.0,0.6,0.3,0.8,19,186.21894877291007,809.0361242610015
12,15,1.269211372540578,1.3989680975959167,1.3754778616830108,1.2310308023058818,1.2140275630423765,0.12785900969426497,1.0,1.0,0.6,0.3,0.8,21,199.72694588037135,770.7808413004276
12,16,1.0926541614239618,1.220992661339881,1.1972532778558964,1.063939861565218,1.0101282417888866,0.14348142901633726,0.3842308505916456,1.0,0.6,0.3,0.8,22,202.8049263030842,711.71665822649
12,17,1.0907730669503848,1.2177248320198768,1.193743657497245,1.0714914228839074,1.004893195729783,0.14070493441691936,0.3873563254908296,1.0,0.6,0.3,0.8,24,188.4381201368488,765.0312010187416
12,18,1.0636436374561347,1.1890773205384255,1.1741558246157617,1.0460502804528267,1.0573955963298172,0.14119040990551618,0.32763436767074144,1.0,0.6,0.3,0.8,25,204.6784218412656,600.0518973693286
12,19,1.0603765205257616,1.1821062467815122,1.1665962163836536,1.0531856694782258,0.9925763599469277,0.1384040540884625,0.33057846199879437,1.0,0.6,0.3,0.8,27,189.14657704723308,648.9844984551603
12,20,1.0590281829937878,1.1896062160194396,1.184910017026268,1.063492469032327,0.9884863472412755,0.13840651981572183,0.33089224008640306,1.0,0.6,0.3,0.8,29,185.87869680593712,649.1436654139762
12,21,1.0688927578851473,1.2104928119243112,1.2169509776726959,1.1368331518835582,0.9922426192364644,0.1370467660854188,0.3666268045887291,1.0,0.6,0.3,0.8,42,155.22275413704028,684.2210135097171
12,22,1.0413546416026214,1.1373958155249673,1.0990105053990002,1.105283993565478,0.9718672733080315,0.1278558837491937,0.29569343844613566,1.0,0.6,0.3,0.8,43,140.94324800947624,682.8233296932208
12,23,1.0689958112982914,1.2082773326966854,1.2143761006145757,1.1537945771553628,0.9999990900476012,0.1409634050521144,0.36398850616707834,1.0,0.6,0.3,0.8,44,167.9606692026328,729.6567103995903
12,24,1.0714777075781896,1.2067504721103366,1.2122370382072263,1.1578711943449236,1.0202769911680878,0.1384418230617332,0.3853818284899787,1.0,0.6,0.3,0.8,45,155.12305848761562,865.3223799854213
12,25,1.0712590180085595,1.2172565710780734,1.233852283236152,1.173872715931646,0.9996701434391817,0.1384418230617332,0.38538182848997893,1.0,0.6,0.3,0.8,47,154.7603070292233,854.1168091733252
12,26,1.0621377953665156,1.2183594084727571,1.245988724023782,1.1750050295710663,0.9923913714250032,0.13920044213638416,0.3551618953298441,1.0,0.6,0.3,0.8,49,164.85389896120628,770.0056315672715
12,27,1.2312439297948743,1.3237770075563895,1.2943651795655302,1.3159358756201465,1.2065735716851376,0.1202134969006172,0.9720126120540366,1.0,0.6,0.3,0.8,50,157.87914935095642,551.0181199452969
12,28,1.2281980314552632,1.318068253641583,1.2882702250410878,1.3300038116893431,1.168888109678086,0.12065562163483354,0.9656191434162563,1.0,0.6,0.3,0.8,52,170.60807443584014,598.9390331259514
12,29,1.2279026174481484,1.3174963086191707,1.2876584903105013,1.328279069157433,1.162629742977174,0.11836926451225824,0.9696820445676307,1.0,0.6,0.3,0.8,54,157.2467171165044,647.6381964354608
12,30,1.2355121180643673,1.3206605402422176,1.2901866916391962,1.3374766285770576,1.1942011051013488,0.11961644785034183,1.0,1.0,0.6,0.3,0.8,55,146.00607213529275,585.989630914641
12,31,1.2366277330500692,1.329482242395705,1.309695386206463,1.3502278553042255,1.1913928060806462,0.12420182082019308,1.0,1.0,0.6,0.3,0.8,56,155.55657546924775,641.6111667556696
12,32,1.2238481428044916,1.3010936781915732,1.2695127575735932,1.3400743477155943,1.1749204111183011,0.11944811683111259,0.9738838776661151,1.0,0.6,0.3,0.8,58,150.80408205621822,669.8961133017854
12,33,1.236526994977861,1.3993306549106008,1.45662903712136,1.435460092181718,1.193580565764836,0.12991680804495723,1.0,1.0,0.6,0.3,0.8,59,155.8436274001454,647.2866419870198
12,34,1.217475852565698,1.3587043254524844,1.4034222021906233,1.3880524804432135,1.2132203742985264,0.12408115965543295,0.9627988862613126,1.0,0.6,0.3,0.8,60,115.76230646866584,561.0177560451016
12,35,1.2111433966491976,1.349483331123447,1.4035359027268233,1.405589030853872,1.1944798760204791,0.12418323944451556,0.9589722219351737,1.0,0.6,0.3,0.8,62,107.26358400214544,594.976712934125
12,36,1.141997501572889,1.243321099548505,1.26339852125522,1.332913450288159,1.102874622018129,0.1282948596834956,0.7246203994331534,1.0,0.6,0.3,0.8,64,169.28432187183455,400.0066265823117
12,37,1.2109888704468075,1.3286638228153622,1.370331192664307,1.4127581985105804,1.191309586964533,0.12306637219812547,0.9715143200341456,1.0,0.6,0.3,0.8,65,109.53167387247755,730.2745287087282
12,38,1.2101689852552067,1.337619198988091,1.390285308957984,1.4199876909105058,1.1678285760164062,0.12290062191130231,0.970536284575511,1.0,0.6,0.3,0.8,67,108.08800049918293,727.8823513236551
12,39,1.0995626470314264,1.184252054556392,1.2022334839079245,1.3260136728960092,1.0680155849555648,0.12535705459157187,0.6624432335425372,0.9792091643734384,0.6,0.3,0.8,71,162.77091424050622,440.2294130224912
12,40,1.0991638287385492,1.1484835750186577,1.1425305431250163,1.3066207067021591,1.116279712287581,0.13275593126964053,0.6031128264277573,1.0,0.6,0.3,0.8,72,111.77277545282784,595.0357336212224
12,41,1.0992731672195877,1.1439951085836724,1.1374880094613944,1.3105602993074856,1.0814640079615274,0.137280492228451,0.5985056792191296,1.0,0.6,0.3,0.8,73,121.1507401668227,638.9645697071702
12,42,1.099272602362096,1.143990039908763,1.1374823542600305,1.3137313159832378,1.0619396744408136,0.1372816043443888,0.5985054676505466,1.0,0.6,0.3,0.8,74,121.14932844512455,639.0149869739341
12,43,1.0977045545849715,1.1485848419182343,1.1526521524912572,1.3339304898116677,1.082441255049628,0.1364551386968137,0.5991563068539922,1.0,0.6,0.3,0.8,75,123.04789348950057,544.0483604458844
12,44,1.0958930652348957,1.1411657818895413,1.144567367023709,1.32440832036081,1.0846765980157373,0.13733388018922976,0.5959822092779465,1.0,0.6,0.3,0.8,76,115.3316146552801,647.8566865407093
12,45,1.0950736313022051,1.1324725549014203,1.1349479673122462,1.3308422271903164,1.0785647770906421,0.13669465613690338,0.6007151097234009,1.0,0.6,0.3,0.8,78,117.38227554309783,663.0846573675373
12,46,1.0955872750180495,1.132593779436446,1.1350232500830524,1.3345700830694087,1.0644539126942605,0.1383419692486927,0.5994320484333833,1.0,0.6,0.3,0.8,79,120.49319232502842,643.0822862141773
12,47,1.0995872903878843,1.1560179154539614,1.1804545409838998,1.3668098453435504,1.069362991723884,0.14046488569767523,0.610610102650558,1.0,0.6,0.3,0.8,85,134.95462552333825,592.2457688961657
12,48,1.0979037912738678,1.1525375725745024,1.1767651044829466,1.3685398360544911,1.069867380623748,0.1369414280242561,0.6133801394962792,1.0,0.6,0.3,0.8,87,120.98392801892224,651.6541283501602
12,49,1.0975358783828812,1.1603598688523604,1.1954154051208348,1.3925573124573176,1.078347701556689,0.13535525285714264,0.617450621883074,1.0,0.6,0.3,0.8,88,121.74294487795356,590.2241590551808
12,50,1.0956305656280134,1.160482972950755,1.2056588687742322,1.4114695262237147,1.0710595287060478,0.13526242301695607,0.6176495553852996,1.0,0.6,0.3,0.8,96,124.98964518455004,677.7945116673405
12,51,1.0930485072699916,1.146560560952568,1.1805431217006546,1.4222246136571597,1.0644115620720054,0.14110169028494432,0.5975296106227302,1.0,0.6,0.3,0.8,98,112.98991272645,673.8227261832653
12,52,1.1395890754819344,1.1996597797027533,1.2442887825290434,1.4815968840371976,1.120519649633199,0.14051242003473444,0.7568805533598006,1.0,0.6,0.3,0.8,100,112.5059181838398,684.5662865076316
12,53,1.1417862501144853,1.1990948724774644,1.2434096217099273,1.4873912918361476,1.1252007663975239,0.13638151066708198,0.774270438261703,1.0,0.6,0.3,0.8,101,126.61862832519064,661.8609636250955
12,54,1.2041431544186665,1.3139539245499434,1.413756677148125,1.5913113047691607,1.1889816986155963,0.12840092442660592,1.0,1.0,0.6,0.3,0.8,102,137.36087482301048,666.9646317530465
12,55,1.2048250004908874,1.3257100707340053,1.43667544044427,1.6065003941244376,1.1777723380467775,0.129544568390266,1.0,1.0,0.6,0.3,0.8,104,135.9399037708692,662.1519104824612
12,56,1.2057615090397094,1.3359110938139942,1.4578342279107221,1.6232705953808215,1.1814489181524819,0.13168340416897978,1.0,1.0,0.6,0.3,0.8,107,137.87972827036782,671.1307168955651
12,57,1.1992684372850442,1.3394179916801054,1.4723825820882022,1.6326125036960222,1.173597672298861,0.12120434979693953,1.0,1.0,0.6,0.3,0.8,112,135.62987271737182,540.3291301237216
12,58,1.1983923374591234,1.3490692895634506,1.4931349095462554,1.6539669583813934,1.172519884785483,0.11992121095774937,1.0,1.0,0.6,0.3,0.8,116,139.97759046078062,653.8506872140891
12,59,1.1993623219307705,1.3604779001005705,1.5156343922774098,1.6795388321216858,1.1743557588695894,0.12908158257638275,0.9853200671683083,1.0,0.6,0.3,0.8,118,130.6355755605812,606.5795751946129
12,60,1.2016673876459374,1.3730835991382215,1.5393156878145755,1.7007267062961038,1.177080772130621,0.1258286574159021,1.0,1.0,0.6,0.3,0.8,120,131.6508223224313,628.5099998547892
12,61,1.2016635580448987,1.384156098923783,1.561551060080245,1.7245350457876696,1.1755137255823043,0.12582865752591874,1.0,1.0,0.6,0.3,0.8,125,131.66611497391958,629.0309961808329
12,62,1.2011388452375242,1.3352696764697447,1.467556304917267,1.6977677402296323,1.1835848690519293,0.1261599310832034,1.0,1.0,0.6,0.3,0.8,127,134.42152370665735,688.1457048925323
12,63,1.1979369379314622,1.3486268944539854,1.5026131033831742,1.7390365742083458,1.1762688526121565,0.12247970599457234,1.0,1.0,0.6,0.3,0.8,135,128.8777438463818,586.4787522003609
12,64,1.198592334931529,1.3545992022542415,1.519106896760733,1.7679814372246732,1.1826960695422137,0.12521116665796106,1.0,1.0,0.6,0.3,0.8,138,133.29172282064647,619.9672650757301
12,65,1.1981286585525646,1.364409973230598,1.5399916063944492,1.7880905583209945,1.1756054285427644,0.12466680467784597,1.0,1.0,0.6,0.3,0.8,142,132.00962496493207,613.0854896403943
12,66,1.1979494083154103,1.3086309471337452,1.4283732894378394,1.6287357891966223,1.1746849565666453,0.12439986210373939,1.0,1.0,0.6,0.3,0.8,152,132.83144285293562,609.7603338807855
12,67,1.1990009747099801,1.4147214707717677,1.6355263579721258,1.92724587282776,1.1750640065223557,0.1246991857333651,1.0,1.0,0.6,0.3,0.8,160,132.38570299678557,664.243794492829
12,68,1.1980237352554552,1.3292367947792263,1.4711255176834312,1.6399917534760335,1.1772613902015137,0.12498156217041576,1.0,1.0,0.6,0.3,0.8,162,119.34030011693804,676.0872091218858
12,69,1.1979687389483673,1.3288464947095902,1.4706978395817532,1.6399524209563885,1.1756440212720278,0.12498156217041576,1.0,1.0,0.6,0.3,0.8,164,119.5010093940792,672.4043806707599
12,70,1.1974866579770795,1.3380893530544617,1.4909541265123345,1.6580355510749296,1.1765222288749801,0.12455250416458334,1.0,1.0,0.6,0.3,0.8,167,124.33348050271232,678.0398244183483
12,71,1.199642362344214,1.460979121205084,1.7365147489857067,1.998960871599967,1.1788400083514947,0.12850577818789274,1.0,1.0,0.6,0.3,0.8,170,135.8447880023357,637.5991780526862
12,72,1.1991183622714345,1.4049536976748735,1.6246610461709419,2.017330432946892,1.1765834674989235,0.13993457607561643,0.9754019740562155,1.0,0.6,0.3,0.8,192,119.89095682180157,605.4361903902142
12,73,1.1484621362320906,1.3651189692924517,1.5959612171599384,2.0105352938986902,1.1261445209761052,0.12893067455207236,0.8287033744227503,1.0,0.6,0.3,0.8,198,110.7378266300362,582.5333784201897
12,74,1.1504913737914655,1.3649641688861296,1.5955652402382359,2.0126660429281786,1.1368339616066327,0.12879824728739575,0.8368960295380494,1.0,0.6,0.3,0.8,199,112.93580613515796,588.6350675522698
13,0,0.8676466448183736,0.6361543166891377,0.6015192842231504,0.028809665538624074,0.0,0.0,0.0,0.0,0.6,0.3,0.8,1,454.9624891811176,1389.4386951693032
13,1,0.8337397316262067,0.6511161075838845,0.6148716111489875,0.06258774387134616,0.06025260141895464,0.05301363996532753,8.772697742929e-05,4.373280300522e-05,0.6,0.3,0.8,3,423.93036685060935,1298.4540833704948
13,2,0.331235504409365,0.45807620435456003,0.4115408997031128,0.07938414023155527,0.8098942458810281,0.07109975743236215,0.013988849535924669,0.00784193973433351,0.6,0.3,0.8,4,162.90787651511664,351.8225040174828
13,3,0.3360481892353411,0.4581488787564449,0.3980398206824817,0.11342434222073494,0.13228020534428833,0.0745841675401118,0.05723955554214981,0.03459983918298743,0.6,0.3,0.8,6,72.2749590697135,154.9800679971497
13,4,0.2866451621098148,0.41157710860153884,0.3486375839680673,0.0973741923174801,0.17246783166183288,0.07959316976088693,0.02779560045926499,0.02083768489320397,0.6,0.3,0.8,7,72.56019327857359,161.60185515178978
13,5,0.2612832132050079,0.39657018187321225,0.3425924545593937,0.09440103105353137,0.14732867563849392,0.07313554270080311,0.03366553353125754,0.019784403305282562,0.6,0.3,0.8,8,87.62248635851223,114.04792637177952
13,6,0.24259773947351734,0.3952226180816796,0.3604427951678001,0.12080406352771958,0.18957947204978395,0.08033095679217843,0.03725187210336879,0.02475189921415173,0.6,0.3,0.8,9,65.12516834022843,119.16023428293518
13,7,0.24488049664750056,0.3971618687471906,0.3622285290239142,0.13131455606846362,0.08543486925065441,0.0862070285797942,0.03732430727920844,0.024757590342595483,0.6,0.3,0.8,11,58.14108371837251,136.87148031353524
13,8,0.240868803158936,0.39300357863870644,0.3580060956477958,0.13551267409863807,0.08150845387653119,0.08115695815885159,0.03736144266520281,0.02417660609645779,0.6,0.3,0.8,12,65.32248622279594,119.9466875995526
13,9,0.24110247724618522,0.3931994753999993,0.3581853005936849,0.13328474496723428,0.08020061372971374,0.08117677215780308,0.03758143800567108,0.02454191589469626,0.6,0.3,0.8,13,62.88893536307379,118.94864597142104
13,10,0.2686264732652628,0.41830899294230267,0.38232435261719583,0.17511115782351339,0.14916148407948954,0.10577091186144416,0.04204873887517918,0.04855177547513087,0.6,0.3,0.8,14,41.62978031064465,286.9789996952325
13,11,0.26249038902874255,0.4343120849174908,0.4206389960971736,0.1767767167593084,0.10959198926947349,0.08068252447211238,0.03986757732399422,0.06069953411427337,0.6,0.3,0.8,15,69.21858546687639,118.00487100444582
13,12,0.4037828645351398,0.5712635862202402,0.5561211297423887,0.3331951702848205,0.31315546309759734,0.08864814959557657,0.09747178683383988,0.2236052393898361,0.6,0.3,0.8,16,114.01642813095644,188.5245453809604
13,13,0.4015213063632249,0.5689089097659026,0.5537379516965402,0.3393965105505996,0.25975806582679034,0.08454111825750245,0.0969754370579174,0.22430208912212227,0.6,0.3,0.8,18,122.34114902560482,169.12877765742624
13,14,0.55555097479709,0.7335679466243594,0.7294200938321507,0.49631874073995397,0.41932150970519466,0.0887105167039114,0.16782648966278124,0.3884281761517305,0.6,0.3,0.8,19,136.14218999663163,181.99871821376897
13,15,0.38781715074187534,0.5537463290282743,0.5381356883749876,0.33116508902578856,0.2539628601293779,0.08779207415450728,0.04347379491275464,0.22874825584522282,0.6,0.3,0.8,21,95.40574262068382,177.5024761908982
13,16,0.6039036635037323,0.7556181775953055,0.7279546400507251,0.5459861537970673,0.502441800803569,0.11475942280096299,0.17515295241636164,0.43701069681803695,0.6,0.3,0.8,22,28.230074734657823,1250.7206412547328
13,17,0.601732405733677,0.7522089335147557,0.7242210088924705,0.5456418622640369,0.48232708691805404,0.11475942280421081,0.17515272826159084,0.4370095076610402,0.6,0.3,0.8,23,23.98290233507644,1220.0356570964277
13,18,0.9221175500899041,1.0693134607792292,1.0404900349889257,0.8726894122961799,0.8263678771014361,0.1440055414290406,0.16986654043437338,0.8244090553717254,0.6,0.3,0.8,24,23.734521162861448,8583.897987654771
13,19,1.045226531659669,1.1919513729445534,1.1630124222268097,0.9964232953135101,0.924817353713962,0.14394886122768577,0.1145756582421655,1.0,0.6,0.3,0.8,25,24.28346091938899,8589.958512574425
13,20,0.9213376829556219,1.068034529574908,1.0390893557840837,0.8805563090507286,0.7970961519848714,0.1440055414290406,0.16986654043437338,0.8244090553717254,0.6,0.3,0.8,26,21.05347087329524,8525.867561499434
13,21,0.7589332968051732,0.9024482020156844,0.8727214746969484,0.7124056112872047,0.6677387453411114,0.1458850149128479,0.12508711664570826,0.6430713459759094,0.6,0.3,0.8,27,53.6173221708565,2383.2950528728416
13,22,0.2472148929981191,0.37691088643244086,0.33542970071550293,0.2073376304261012,0.14132072687203429,0.090430464953727,0.11206132806354989,0.05423190708612043,0.6,0.3,0.8,29,121.2183908952326,215.16845470483025
13,23,0.7353750483033752,0.8748926965607579,0.8442967259613056,0.701811931824786,0.6309730250775537,0.1374276824676539,0.12271063372569838,0.6272757283472122,0.6,0.3,0.8,30,41.367796329489735,2097.714097284188
13,24,0.24096701963304562,0.3628132234004524,0.31967797365752104,0.21445508790674778,0.1829993268809652,0.09478800202944676,0.11222737353490622,0.05499990363609124,0.6,0.3,0.8,31,114.06074387317264,251.0581081934293
13,25,0.2383671997330869,0.35437385625683665,0.31009900163600385,0.21953996316789023,0.1581713325219102,0.09930477679636136,0.11256020883061127,0.05590326016961328,0.6,0.3,0.8,33,108.48026220544337,290.6065543329467
13,26,0.23133804228403687,0.34276165985948787,0.29763467302222624,0.2216927835641637,0.1504381678237672,0.10049647043519752,0.10760853767031216,0.05354007589093305,0.6,0.3,0.8,35,107.5197308701361,277.243515781102
13,27,0.2342492166192108,0.34455696075625564,0.29922739970882045,0.22541110363736658,0.14290992718686196,0.10540128346077411,0.10810816279036586,0.05457879240800686,0.6,0.3,0.8,37,103.1632870608199,315.6978546187308
13,28,0.236802422298557,0.3462797602746833,0.30080045627125024,0.22855773827869638,0.1479244393006588,0.09852127203292069,0.13457790811303866,0.053933309030168665,0.6,0.3,0.8,38,103.21900664193522,229.0520309224752
13,29,0.23519405250743253,0.3520544588129032,0.31708297816747966,0.24061736223135657,0.16739854346838665,0.1082432634316518,0.11280191268018085,0.0567886732627229,0.6,0.3,0.8,39,108.20953015996145,348.415751370367
13,30,1.1951445187801693,1.3113839115733137,1.2763018740801928,1.230447407916143,1.1051081501613602,0.11645036513494358,0.7827937400571695,1.0,0.6,0.3,0.8,49,77.1215820123459,625.1386246139292
13,31,1.195760108876265,1.3070864297955431,1.2711657836978802,1.2457606455914798,1.1239631067568656,0.119698412681991,0.7913352367560486,1.0,0.6,0.3,0.8,51,76.8973840578761,1125.8096198845271
13,32,0.5614004582767785,0.7035297135058027,0.7006896467861166,0.6574970523083516,0.47966577916814834,0.10656800250886064,0.11968843941092985,0.47111188502705775,0.6,0.3,0.8,56,66.54762400210278,1028.377080554435
13,33,0.5502127105700806,0.677901344030472,0.6633467970717648,0.6450608487840834,0.4873391485674586,0.10357198487515736,0.13699734061730923,0.45591388204349226,0.6,0.3,0.8,57,66.06666242621029,1032.6847953415397
13,34,0.5454451942571922,0.6720511716151751,0.6573210457764593,0.643988981896329,0.47015978006795994,0.10402354675974537,0.1315719786140062,0.4526024008504958,0.6,0.3,0.8,58,66.47034628625018,1011.5130546132846
13,35,0.5489923645724574,0.6937886957306583,0.7007486751065732,0.6660192397895693,0.49282999995166704,0.10761081279687681,0.13459019114476536,0.45661968541203357,0.6,0.3,0.8,59,62.69384411646492,1099.7228317746622
13,36,0.5457409931332492,0.6778791534003394,0.6734278180621491,0.6572004814736132,0.4766963572983335,0.10812060214741981,0.13311420104826122,0.454007690529002,0.6,0.3,0.8,60,62.43149359041944,1078.6778079975572
13,37,0.3007397427010396,0.43717673739299157,0.4428393063921422,0.42806315786531707,0.26437340024604095,0.10364969628937928,0.1471377202149447,0.1511571458321293,0.6,0.3,0.8,61,62.67107672130364,1400.2033500354407
13,38,0.2942014760957896,0.4292394095181866,0.4346903510123719,0.41954360954528613,0.2252603757921793,0.10129803513653923,0.14379780057528674,0.14703121392770163,0.6,0.3,0.8,63,59.08503869904796,1236.3028858811174
13,39,0.2984841491088697,0.43180130713084197,0.4369930174136717,0.43101558743795426,0.2313966563106153,0.1058550327407248,0.1443304357891865,0.15001958387342645,0.6,0.3,0.8,65,58.63274049737058,1315.1342394873457
13,40,0.2913922515999226,0.42345366961568753,0.4284574805063515,0.4083177180345594,0.22376616672890848,0.10185171496301255,0.1420685956898748,0.1459034531547197,0.6,0.3,0.8,67,58.72446501739613,1171.0090512555862
13,41,0.613881667591434,0.7321458719815963,0.7255831504863804,0.7383711550564438,0.5515481904386048,0.10098907768492438,0.2017890367731868,0.5291619431750203,0.6,0.3,0.8,69,43.92475372474666,1410.0874713226824
13,42,0.8887798542259623,1.0379718326819707,1.0645567671679417,1.0537991744992725,0.8268115586421405,0.10707897027424126,0.6971490111463322,0.6840742480542218,0.6,0.3,0.8,71,68.05020898816973,1291.131374212287
13,43,0.8960169298900782,1.042107095698265,1.0682408184656824,1.0654914289624582,0.8454253211473809,0.11417997827754196,0.7075499921717785,0.6859411282895084,0.6,0.3,0.8,72,66.84653122872564,1377.1460620292326
13,44,0.9119515331915283,1.0755492217292524,1.1233416147842137,1.1077369045239696,0.8557320653417764,0.1046431395774314,0.6935011411330138,0.721248091843418,0.6,0.3,0.8,75,61.94409161152888,1183.086544756388
13,45,0.9868374022179193,1.1476020124075927,1.1949932254966371,1.186973331487902,0.9382606010315081,0.1113466986014574,0.9992265431348931,0.6969086477721785,0.6,0.3,0.8,76,66.7600372519535,1201.7088233576856
13,46,0.9152822169630914,1.0839585845471733,1.142068904367362,1.134045341955679,0.8618978791659272,0.10905226821723495,0.6928024075347791,0.7259713380565325,0.6,0.3,0.8,78,54.12299669080761,1219.4513766345196
13,47,0.9110028980261523,1.0736109519259283,1.1308825812011454,1.1316516090609554,0.8673005600437076,0.11203266228616351,0.6934326933977186,0.721578421928467,0.6,0.3,0.8,80,52.98775893652028,1159.5928301038143
13,48,0.9065323505474214,1.0794827197242634,1.147815980118085,1.152128319532308,0.8489917223041241,0.11406881259263613,0.6902297171409131,0.7160825309942112,0.6,0.3,0.8,86,47.5315989994635,1131.6465655429552
13,49,0.9722943666736918,1.1429676272275162,1.210990800509637,1.2220174059114455,0.926030093662898,0.11503976797269137,1.0,0.6826166986169812,0.6,0.3,0.8,87,49.35837400209199,1086.0585818990903
13,50,0.9012997903048023,1.0818883263070438,1.1609166061639682,1.1624351760741154,0.8474560757063094,0.11418432598848852,0.6792782897323733,0.7154134334984311,0.6,0.3,0.8,89,47.053561579508525,1200.2102048435008
13,51,0.9108639770227527,1.0903141204191136,1.1691885372848008,1.1793384699541005,0.860097821190871,0.11557821977782531,0.699196105054481,0.7194515763873549,0.6,0.3,0.8,90,46.66868886462474,1185.21170063788
13,52,0.9018596460329321,1.081071631865115,1.1599142669485238,1.1703922439244028,0.8468509620374705,0.11482915448766669,0.6804789705610397,0.7158965825797949,0.6,0.3,0.8,91,46.80049407305878,1229.5637139209907
13,53,0.9103747745965771,1.0886372694041002,1.1673520372011246,1.179169526310512,0.8591746576515114,0.11557821977782531,0.6991961050544812,0.7194515763873548,0.6,0.3,0.8,92,50.32263035296841,1212.459602896848
13,54,0.9102893062133806,1.0883443326924,1.1670312482413694,1.1791400053046366,0.8548308640385314,0.11557821977782531,0.6991961050544812,0.7194515763873547,0.6,0.3,0.8,98,49.31871739340652,1205.6956807970014
13,55,0.8930754736902364,1.0711042225535956,1.1497875308533854,1.1724608665965126,0.8375267699661626,0.11070108268502463,0.7132713390561474,0.6963275380373185,0.6,0.3,0.8,100,51.12765705596253,1168.7317518184136
13,56,0.961188741872867,1.1501249663188127,1.2399480184857676,1.2554631754419723,0.9065603378854383,0.11642095377139058,1.0,0.6697541640787028,0.6,0.3,0.8,101,58.0615475000591,1182.5213938547406
13,57,0.9353455094564975,1.1226462928939687,1.2122498263906816,1.2407215494490549,0.8830788492560979,0.11204322702276592,0.769366777373985,0.7280605420037554,0.6,0.3,0.8,104,53.73165111524902,1203.4460628349432
13,58,0.86627102646501,1.0638366814782496,1.1644944520175864,1.1725456992415326,0.8136900702122076,0.11296624023888886,0.964041459857404,0.5684390104350441,0.6,0.3,0.8,106,49.788195571844014,1218.2094439632854
13,59,0.9182559519714384,1.1228579317496876,1.2341422358514105,1.2477889690176514,0.8716558353099045,0.10930879044252659,1.0,0.6246786690032091,0.6,0.3,0.8,109,48.51706689484013,1094.0186699532694
13,60,0.9210244130981349,1.1254623111656517,1.236724912352005,1.2542259000422629,0.8689262775194075,0.1140344518645747,1.0,0.6246745791988518,0.6,0.3,0.8,110,50.60512722953324,1167.6622699094032
13,61,0.9127417848514676,1.1150859443103838,1.226072891484756,1.2573450298558466,0.8639230691562401,0.11196005819095238,1.0,0.6168807745028049,0.6,0.3,0.8,113,51.9520830018349,1225.0144325381495
13,62,1.186417526032741,1.3981587151433728,1.5200875726832672,1.5677099791626152,1.1354978165305813,0.12868861715856644,0.8592980192367532,1.0,0.6,0.3,0.8,129,45.53532729917618,1198.0774487381916
13,63,1.1108966886750933,1.3145234149388771,1.4256790078097274,1.5313335740780667,1.0594850074265878,0.11681121045556572,0.9581267256619761,0.8760256517763254,0.6,0.3,0.8,131,47.61793369210677,1265.7442628472545
13,64,1.0380997794441125,1.2406214661027533,1.3516316477272936,1.462436889834942,0.9911837223495732,0.11466002258173758,0.6634619629299998,0.8976702727739319,0.6,0.3,0.8,132,44.743701400453446,1332.085086289533
13,65,1.189955205632747,1.4109257747840669,1.5437766184769042,1.6019551453804037,1.1397471662846752,0.11588661820649201,0.8989870146233082,1.0,0.6,0.3,0.8,134,46.79706540125581,882.0695700045293
13,66,1.185140695542787,1.4003792466948146,1.5324884330784907,1.6021068048574418,1.1626322724827252,0.12575075671241925,0.8700756724756215,1.0,0.6,0.3,0.8,135,47.67671584176388,1185.7068644276762
13,67,1.185215191703807,1.4108152114320465,1.5539952836535273,1.6219021360206967,1.13747160066183,0.1260612925849951,0.8705602011121508,1.0,0.6,0.3,0.8,140,46.58491565221077,1191.10937253075
13,68,1.1895255931743702,1.4149367585306574,1.5580926765670782,1.6151593191967313,1.1413945471132658,0.11280284005940897,0.9116642098755362,1.0,0.6,0.3,0.8,144,46.26396068660593,854.664737387779
13,69,1.188019534776865,1.4113495389885076,1.5542389901417772,1.6547793569771516,1.149790022609287,0.1289438490688247,0.8767547429867519,1.0,0.6,0.3,0.8,145,54.22459814969859,1277.496727068761
13,70,1.1903888628581025,1.4443207366472732,1.6203635588421206,1.7131817445482316,1.1447697646540245,0.1247665009024812,0.8960383572404872,1.0,0.6,0.3,0.8,156,50.6745706186864,1260.5409779276774
13,71,1.1904846817720496,1.444340360221979,1.6203733561945823,1.718832330275741,1.1439634757656783,0.1250466444025755,0.8958824195266519,1.0,0.6,0.3,0.8,158,50.57983623324228,1262.480718863126
13,72,1.1778667408399945,1.4201830454661841,1.5849946403908846,1.6801777554473036,1.1319825450793184,0.11951835760226448,0.8653709600746826,1.0,0.6,0.3,0.8,161,50.29080030751175,1191.3513919938612
13,73,1.1789029388685048,1.4210606933229584,1.58585214758726,1.6901482838980972,1.1331207960445728,0.12120037395497792,0.8656368229538833,1.0,0.6,0.3,0.8,162,49.47317207704713,1130.2850699657688
13,74,1.117020401280243,1.4264132519427015,1.6582794543093882,1.7528851077120593,1.070933536535283,0.11090537008424009,0.85782495640526,0.9330254739697242,0.6,0.3,0.8,175,54.62896159419461,1215.7706002983743
14,0,0.8868286334019116,0.6408460452485621,0.6066576196766443,0.02926499633976966,0.0,0.0,0.0,0.0,0.6,0.3,0.8,1,413.3885387247742,1480.3952724765968
14,1,0.8511963797589787,0.6533965273217118,0.6176701942479262,0.0599529519640144,0.05582640194632269,0.04776329861074257,8.345782384686e-05,2.855068257107e-05,0.6,0.3,0.8,3,386.2147335493081,1416.4182170780357
14,2,1.0991649983103635,1.1389660644335677,1.0988920435150444,0.5925910655563402,0.863257091692005,0.08319333443655917,0.5035746199692046,0.44870072755646806,0.6,0.3,0.8,4,375.29183171747246,572.5159534933814
14,3,0.5604105143075107,0.633599745547681,0.60431301887277,0.0823572238133774,0.08321931864854083,0.06261887153292275,0.017229759724767042,0.00589425146742844,0.6,0.3,0.8,5,316.90525891233904,837.9282029776099
14,4,0.567148052675488,0.7023737722810048,0.651842811536146,0.3636785781319246,0.9163000861725383,0.08286229470338782,0.28601720112787926,0.2548502667739532,0.6,0.3,0.8,6,178.29476624858043,403.26277640133816
14,5,0.5660190864936852,0.7018768974101507,0.6503706198273752,0.37849123027669895,0.3663488558301752,0.07943411335860913,0.3086536475071815,0.2611187332407405,0.6,0.3,0.8,8,190.85724535249037,351.4097463176029
14,6,0.2898137065880363,0.4260109163318415,0.37802013000395795,0.15961305245785887,0.27745843079835136,0.05976069639625294,0.2110063592109058,0.05424153536435618,0.6,0.3,0.8,10,189.69893882918015,1251.1680982422922
14,7,0.2874886215792016,0.42128925414705937,0.3725326972951697,0.1666347708787933,0.1593810535103084,0.06024718909570975,0.216209257005266,0.056080078013240206,0.6,0.3,0.8,12,178.6059126632809,1327.225927705059
14,8,0.25614928690786826,0.3969704723650803,0.3582037393909475,0.15457445435689243,0.16426263512412048,0.05968586080402864,0.155606533589778,0.05039151183966915,0.6,0.3,0.8,13,128.39995014336318,243.65013240086932
14,9,0.29711939837709295,0.43293951966573285,0.3928828065876628,0.20019601401136378,0.21782121364967622,0.06817185736766329,0.2593919573688012,0.06700726233319436,0.6,0.3,0.8,14,170.13777018478572,1849.6923236178168
14,10,0.2971494464431596,0.4328145584953463,0.3927178454113082,0.20304138145774453,0.17407688142611508,0.06913938949607765,0.2587109214790796,0.0669055040680274,0.6,0.3,0.8,15,158.61269294532866,1889.22406817992
14,11,0.3054895969558569,0.4331783518318,0.3912566525598527,0.223300006411697,0.2565335306289396,0.07310807108639418,0.26691582379479095,0.08527267507374583,0.6,0.3,0.8,16,148.8610709099277,2310.657893344993
14,12,0.3041720919117398,0.4246874563550379,0.3812819228553338,0.23663800148840472,0.2254721422894779,0.07800308122700861,0.27365297871837785,0.08794588954356242,0.6,0.3,0.8,18,138.87700344551178,2473.3160570860405
14,13,0.3019431905510566,0.4314062053628844,0.39874927366112267,0.24342330256704386,0.20652851893260848,0.07800308122700857,0.2736529787183778,0.08794588954356278,0.6,0.3,0.8,20,125.52432155804908,2545.2953595648887
14,14,0.3164167574169522,0.44334951891096164,0.410207642251334,0.3177501483301337,0.2173614537050102,0.06791411990250339,0.4198831802840092,0.06197362547231122,0.6,0.3,0.8,36,167.97815165252229,380.1682774661024
14,15,0.47881848502066837,0.6117614527463772,0.5888406273469993,0.4897967216921957,0.41689536021127704,0.06217631918219496,1.0,0.05777514763533459,0.6,0.3,0.8,37,241.2891422288741,394.6299278915133
14,16,0.4746327107904756,0.6061569003788411,0.5829818289212688,0.48957770021400815,0.38948488899411704,0.05872653979804151,1.0,0.05669381497752213,0.6,0.3,0.8,38,182.74679766605908,433.74863056242674
14,17,0.4808574504743966,0.6107504978269435,0.5872823711048887,0.4999506859992392,0.39869990062858773,0.06623475830325164,1.0,0.06065388709876428,0.6,0.3,0.8,39,227.90844930960847,417.4513644288036
14,18,0.3836331911219781,0.5128905221799231,0.48931258354081075,0.4061077353109377,0.2953407789758683,0.06511987242853139,0.6128905232497437,0.0857757116358704,0.6,0.3,0.8,40,137.3022403993219,661.5356685800912
14,19,0.48416857967374716,0.6230396422546304,0.6103666995648083,0.5135532299732575,0.4025269895575839,0.0662588851011722,1.0,0.06698751371487052,0.6,0.3,0.8,41,239.94048023745245,498.66063596339546
14,20,0.4795397273183838,0.6070108070067604,0.583119710689621,0.4999670637317086,0.3908267870576699,0.06420362789098244,1.0,0.06305698929346765,0.6,0.3,0.8,42,199.23573769219928,444.18171889219866
14,21,0.37904143563531045,0.5058801381851329,0.48187924702435464,0.41206775290334996,0.2928705153503793,0.067220928707437,0.6671072279787477,0.06065877311371469,0.6,0.3,0.8,43,153.04012193120602,449.27120927378064
14,22,0.48261998452745986,0.6080731160253617,0.5838333077412223,0.5104419701720523,0.40212390492890043,0.06807688097233694,1.0,0.06606172838445076,0.6,0.3,0.8,44,189.57231427569985,472.3811329627083
14,23,0.47603705013718683,0.6004349294565237,0.5760145223190243,0.5219177304993987,0.3911404577552931,0.06485683732420326,1.0,0.061300460653647346,0.6,0.3,0.8,46,147.90408600113196,540.1315124041598
14,24,0.43215003664473395,0.5764898296802493,0.5740187500953513,0.5051667545619147,0.35930239177370016,0.06787374162124798,0.8552165890848633,0.060663514471611814,0.6,0.3,0.8,47,174.70022512027077,445.2499023666307
14,25,0.43834535268788843,0.5483920056161712,0.5122570663460424,0.4978445444998012,0.3547381929276379,0.06632462646298833,0.8516685331894855,0.0718523942786686,0.6,0.3,0.8,50,125.30414099992367,607.4796777070873
14,26,0.4383453528155282,0.5594890578346801,0.5345194798578996,0.5166662885669103,0.35277726555346955,0.06632462646298833,0.8516685331894859,0.07185239427866863,0.6,0.3,0.8,52,125.30414215884002,607.479664250587
14,27,0.35275875990963346,0.47681969230975163,0.4616808476717068,0.43649269544688907,0.3201034962129235,0.06118753317886368,0.5588650262113591,0.08582264165075999,0.6,0.3,0.8,53,134.8849688102748,1577.7311978904618
14,28,0.3552677934541068,0.47625958187097533,0.46063500022418513,0.4466433192460026,0.286139618265171,0.06529983653717486,0.5607351529128184,0.08771512515316099,0.6,0.3,0.8,55,131.75078120503184,1585.0191502009432
14,29,0.45955450600171077,0.5904046822546736,0.5857517334114163,0.5615700484633067,0.38607189395197733,0.06521342499252661,0.809900852894134,0.1256978500377778,0.6,0.3,0.8,57,136.55980777535444,1552.8459886732437
14,30,0.41353604226233387,0.5522344231533547,0.558243575808211,0.5366548832055212,0.3431103219321781,0.06418051397522209,0.5883034678367086,0.15459394070235827,0.6,0.3,0.8,61,130.47921361332152,1446.9167584029474
14,31,0.3366740440342939,0.47475138803277595,0.4806651734940096,0.4822724763224566,0.26275285227011735,0.060261702194673264,0.5233116318726554,0.08630273659198158,0.6,0.3,0.8,67,184.89118006877789,1580.036400710085
14,32,0.41251995526405194,0.5478193289082127,0.5533099672467493,0.5656961800224268,0.3546297288048963,0.06199168053241981,0.6833227700395301,0.12189227496638406,0.6,0.3,0.8,68,189.0735932638293,1597.1660720987154
14,33,0.42178058721982287,0.5444147483279451,0.5385035274226331,0.5773164991925355,0.35405516310308116,0.06640195670906164,0.6627034059269633,0.139039368339419,0.6,0.3,0.8,70,182.4539842793041,1589.1464905120374
14,34,0.42682839238166087,0.5479272566322793,0.5417859076569871,0.5798991411254706,0.36392968866054703,0.0626908030837835,0.7241034932338796,0.12621019850574755,0.6,0.3,0.8,71,184.6987045296968,1531.6833003408728
14,35,1.2346324203034529,1.3699131169494339,1.3945129184161844,1.4036886399548862,1.2706103181986375,0.15896172770784678,0.9269003874213528,1.0,0.6,0.3,0.8,72,144.85602868003988,1506.9276319130197
14,36,1.2541747280142976,1.4222985780777098,1.4803320271692735,1.4791630626413819,1.193472592504991,0.15532891283531458,1.0,1.0,0.6,0.3,0.8,80,145.42753256007282,1581.7644797305686
14,37,1.1949211009101783,1.3393782882468526,1.3748761552027229,1.4048127458628805,1.1382396227164508,0.13245039324149288,0.8505068797543169,1.0,0.6,0.3,0.8,82,127.86321835918966,1746.949379541453
14,38,1.1530785843546891,1.2950790402798436,1.3302377197059976,1.3735648747427989,1.0998634721521854,0.13568643902351576,0.7082483935430749,1.0,0.6,0.3,0.8,84,125.93196706319492,1515.9544186727126
14,39,1.1529520922514824,1.3057646264813392,1.3520494851925569,1.3848403506115514,1.0945758311817761,0.13568643902351576,0.7082483935430751,1.0,0.6,0.3,0.8,86,126.44667610860516,1510.6274172812302
14,40,1.2263653991248096,1.365982221297903,1.400814131343689,1.4639604066730574,1.1783683296442213,0.11370488858507524,1.0,1.0,0.6,0.3,0.8,87,132.64022086260698,1711.259093705531
14,41,0.6378390441438352,0.773390773789992,0.8076704103333417,0.9749700902095386,0.5822129810439103,0.0748807602189752,1.0,0.29563129875849137,0.6,0.3,0.8,112,157.91391128987695,3230.873814932017
14,42,0.6845489928797752,0.8295941600319565,0.8748229992796008,1.0447982332647245,0.6364333184547766,0.07294981321570326,1.0,0.3563009917430242,0.6,0.3,0.8,113,214.17601693739863,2913.081334345912
14,43,0.6764953183689726,0.818642178927123,0.8634825697698576,1.031263803469504,0.628794189097349,0.07057852478226366,1.0,0.3494906866644461,0.6,0.3,0.8,115,156.39081905176187,3567.6715134315
14,44,0.6799845342861162,0.8204356290101134,0.8650502972329523,1.0448417123873508,0.6340542321833451,0.0718744509596851,1.0,0.3537244222463504,0.6,0.3,0.8,116,168.38646514148775,2630.6968807965486
14,45,0.7271219187371724,0.8544591573147047,0.8876410038857567,1.0861789119268899,0.6787470876699819,0.07028541180426087,1.0,0.4148274054690428,0.6,0.3,0.8,118,59.27136874365834,2826.155556670428
14,46,0.699207701931615,0.8240123716504183,0.8568604337171426,1.0655561226324632,0.6529800216845874,0.07044614477720577,1.0,0.38103173553106184,0.6,0.3,0.8,120,166.22935836693122,2814.561816717291
14,47,0.6720233860473122,0.807530172471822,0.8514918208700093,1.0583908898577756,0.6206686427092474,0.07089543881564513,1.0,0.3469018209424502,0.6,0.3,0.8,123,164.840978313129,2824.8357671700724
14,48,0.6929069139024835,0.8881005760401894,0.9787715345511095,1.2551505178471465,0.6350084228715003,0.08115978854578854,0.3974389870740937,0.5834965358466848,0.6,0.3,0.8,157,225.4881420235891,2152.301596955897
14,49,0.9674713443509046,1.1641097911201794,1.2549786978433528,1.550577618079306,0.909622668676743,0.08573722376828549,0.45426017826329934,0.9011680649053982,0.6,0.3,0.8,161,217.18485837603885,2223.605036046651
14,50,0.7594272105676314,0.9635257959166702,1.0650633802162548,1.3542574741694522,0.7061175270659398,0.08037592173391978,0.4435714505870239,0.6511175509083861,0.6,0.3,0.8,163,220.3378960150849,2226.4798498249697
14,51,0.977748815404524,1.1828346634609894,1.2845065586678746,1.5758397301878957,0.9252260399151162,0.08003222920388223,0.4641318346663871,0.9160372906521344,0.6,0.3,0.8,164,216.37005826851964,1917.470937656446
14,52,0.9777831235629497,1.1940457578039665,1.3068937875847966,1.597725335524431,0.92053985652256,0.08003222920388223,0.4641318346663871,0.9160372906521342,0.6,0.3,0.8,167,213.72181898107317,1938.145485020247
14,53,0.8957872850909836,1.134522222317059,1.2697388539059409,1.5810765234396504,0.838335915357288,0.07524371450265009,0.5469622913013306,0.7859221707932627,0.6,0.3,0.8,183,224.5685124878856,1914.4617705897988
14,54,0.738556721750978,0.9728715627587163,1.107489187030063,1.4323597520028826,0.6937111105823633,0.07330957438074565,0.4656056498971485,0.6236834580087061,0.6,0.3,0.8,184,222.1614180567352,1866.1762842269263
15,0,0.9056455169869495,0.6453520214538041,0.6115925072352222,0.02970375991872615,0.0,0.0,0.0,0.0,0.6,0.3,0.8,1,373.2045070739885,1479.2427035440749
15,1,0.8678980868022789,0.659315336005017,0.6239467688663753,0.062478175503379016,0.05924166028826337,0.05134088239399197,8.629685077862e-05,4.502704379165e-05,0.6,0.3,0.8,3,350.6316244564863,1285.629032987417
15,2,0.2737180677959421,0.40967155133663097,0.35698235385902893,0.07705981227998529,0.57172380032347,0.06714950631073296,0.040538260618433616,0.02115161816027636,0.6,0.3,0.8,5,149.30718746142998,144.5716091443563
15,3,0.26817205128785093,0.404042982360179,0.35107039743615276,0.07896082223378714,0.07172022986541912,0.06710116480927128,0.03688379592780714,0.01924483083055073,0.6,0.3,0.8,7,145.40469370799923,158.47587101147437
15,4,0.24416915735087055,0.3783518936273953,0.32329052539982583,0.08055803841722264,0.13704465470015,0.06231327378578101,0.03793474630933667,0.01775567469788782,0.6,0.3,0.8,8,116.54614879363837,119.39829511716988
15,5,0.24419024697710895,0.3694052692350591,0.3100576777894836,0.11599426070245772,0.2531261312727056,0.05391738750313248,0.1565808647857976,0.024661501756289,0.6,0.3,0.8,9,164.48175571696456,4889.935906129444
15,6,0.21443530432173558,0.3284792540119083,0.26619196789286137,0.10340372746653329,0.18946120474708508,0.05108931844636583,0.09969344462127006,0.035560695227147596,0.6,0.3,0.8,10,127.19638608502108,278.02010309317615
15,7,0.22224949203975713,0.3315375353082025,0.2681269592246452,0.12331141289636649,0.12364713837519727,0.06443068695583513,0.10575174188752927,0.041855996058278236,0.6,0.3,0.8,12,106.94618229873284,442.9226537020511
15,8,0.23906343115674955,0.3510828944547719,0.2970396888068183,0.1553242716399273,0.16291417364450145,0.0634939802246875,0.1559774619558327,0.05789487904039157,0.6,0.3,0.8,14,95.60421866914268,942.6647456255396
15,9,0.23895475864709942,0.3619759069405643,0.31907854054884394,0.1716733818755823,0.13154781939598936,0.06349398022468751,0.15597746195583276,0.05789487904039157,0.6,0.3,0.8,16,96.55655508829322,947.3267449711832
15,10,0.22394746424526743,0.34581449479941195,0.3026834688789359,0.16237285646186425,0.12573874889990547,0.04861118829019122,0.13236307999886948,0.060778181802065366,0.6,0.3,0.8,17,157.33220066216683,388.3490751757429
15,11,0.2195690147552063,0.32366421165912673,0.27723648236072507,0.16427561569246782,0.2463050306472714,0.06301577641641101,0.15440823565865017,0.05731024226131011,0.6,0.3,0.8,18,96.72722774442286,841.9393811139045
15,12,0.21285691247450328,0.3145262437785532,0.2676841133906127,0.17370653207616824,0.1397600896863201,0.05955002706751741,0.12926795411992256,0.06335604175102236,0.6,0.3,0.8,19,115.7652278240359,480.44547207624174
15,13,0.20955413677973467,0.32105204150707467,0.28516057229118325,0.17877348416050132,0.12666792620213124,0.05594843805133507,0.13603673157455115,0.06062460136478274,0.6,0.3,0.8,21,145.71726230506474,431.1354446912816
15,14,0.21284482553679396,0.31783315802948686,0.280847657671286,0.19165388800769623,0.15090145705059255,0.06540009769965241,0.13312585436810115,0.06497000635679416,0.6,0.3,0.8,23,136.70371984806388,555.1848932058871
15,15,0.24456208870977297,0.35561358630318696,0.32900584749160244,0.23429324126516016,0.19296866382246441,0.058069290645766006,0.2545616586652397,0.06862325873907013,0.6,0.3,0.8,24,98.77706448816872,1222.132384779835
15,16,0.20871833887920316,0.3184098877636211,0.291588284575192,0.2043411754479451,0.13870539085284472,0.06540009769965241,0.13312585436810115,0.06497000635679416,0.6,0.3,0.8,25,123.8657923391834,531.5522748145249
15,17,0.236901053077757,0.3423968917921815,0.3149236186862693,0.23497353198913842,0.18496770455457223,0.05766856049034667,0.24865503029697078,0.06598488423444182,0.6,0.3,0.8,26,93.94412441984667,1143.4172553560572
15,18,0.23655311395929302,0.34189516611359816,0.31439836426928625,0.24006456439713114,0.1625666172965174,0.05766932453085921,0.24820979367136756,0.06583462228845324,0.6,0.3,0.8,27,93.725423178782,1138.1866404317143
15,19,0.23641308460543833,0.33867181491969506,0.31070435716012695,0.241618946217207,0.18004218789617152,0.061166546226175234,0.24717852713389243,0.06574694703713015,0.6,0.3,0.8,28,83.84538707664757,1180.9481662283476
15,20,0.22105447227176267,0.32301720132004885,0.29500498782257234,0.2319052321035963,0.14984631586349992,0.06445231873027604,0.18762174898808862,0.06663655580125999,0.6,0.3,0.8,29,75.91350798294084,587.0825017589298
15,21,0.2210544710324841,0.334114250865149,0.3172673986610206,0.2403791807273497,0.14826722418755947,0.06445231862562123,0.18762174524955239,0.06663655393994136,0.6,0.3,0.8,31,75.9134943656734,587.08244142448
15,22,0.3574545139236541,0.451770512681968,0.4226185857460045,0.36040288534817555,0.3292187298683539,0.06853518838806447,0.6582085111140119,0.06301075507773966,0.6,0.3,0.8,32,99.93123881544597,593.8986968015622
15,23,0.3567495452458644,0.4608406292106879,0.4426613633737346,0.3767592751108699,0.2957652747515309,0.06853518850162188,0.6582085112602253,0.06301075505629575,0.6,0.3,0.8,33,96.06156877992998,579.636470860478
15,24,0.36327671515186244,0.466848227955921,0.44859257550623693,0.3864836772827379,0.2985233178553923,0.06741990775113792,0.6693425770860445,0.06818280033643423,0.6,0.3,0.8,34,104.8576230220698,677.2862781350307
15,25,0.356322253462253,0.44760484006329554,0.41801101484496356,0.3716634066721079,0.29553166675326165,0.07098941024355333,0.6545247052362139,0.06314812788779077,0.6,0.3,0.8,35,94.63670619156473,609.4727407032271
15,26,0.21055669955848033,0.31160761763933886,0.2929868556954821,0.24067677944342947,0.1511987953753436,0.07037306557256565,0.17205250702988656,0.06319672570242589,0.6,0.3,0.8,36,77.20343961699962,547.7574288219655
15,27,0.31265962912271766,0.3893927535460187,0.3481361547568757,0.3346018114569312,0.2583291296680428,0.07037635096628861,0.44037616716700967,0.09155375920357915,0.6,0.3,0.8,37,89.11877297915507,622.8265099823925
15,28,0.39968218499117103,0.48019798496523225,0.44907111926091925,0.43017726734139405,0.3747570561616156,0.0697895610153619,0.7316230918600428,0.09601070592736956,0.6,0.3,0.8,38,98.88594324260757,746.8211348330796
15,29,0.39857923995894395,0.4784216903022362,0.44720077726464863,0.43213414129120153,0.34069095645932146,0.06906474672718775,0.7308252544026854,0.09586711209335608,0.6,0.3,0.8,39,98.66442446658512,727.819570546223
15,30,0.4158473936210597,0.5186530871209709,0.5195105143603227,0.4701042537176706,0.4091547055998215,0.07634300208293472,0.6347396806406107,0.1537312616596008,0.6,0.3,0.8,40,111.47957860270992,654.2629186046908
15,31,0.5311968975853146,0.6422476454782533,0.6538860469242965,0.5951518788259162,0.48252682192841656,0.07558936992606549,0.9693387040002935,0.1744910723321479,0.6,0.3,0.8,42,119.16577236673392,644.5637499097736
15,32,0.5441117543754441,0.6747363092913956,0.708354199773714,0.6341549903450998,0.4928419804621663,0.07201721554957369,1.0,0.18315193211959488,0.6,0.3,0.8,46,130.3055200468005,808.6746118485029
15,33,0.565013890646306,0.6567303099578915,0.6658344464656396,0.6465585278059032,0.5937954588324578,0.07815824994759589,1.0,0.21244791767949459,0.6,0.3,0.8,47,108.07370523499009,886.1487082309227
15,34,0.7316119051156411,0.8313021198866467,0.8511723502586538,0.8263106505694189,0.6892275285350717,0.07480596945850379,1.0,0.42454859200893325,0.6,0.3,0.8,50,104.96563491453205,852.2596769259104
15,35,0.9441445186262405,1.034021900035862,1.0526543752348732,1.0439457468607223,0.9148128376629434,0.07055416900987535,1.0,0.6973881702686804,0.6,0.3,0.8,53,115.95842283419476,888.0202609431998
15,36,0.9796450554305274,1.07800755718755,1.107480508839557,1.0894029579056013,0.9422505855855,0.07196884475769105,1.0,0.7417043396371196,0.6,0.3,0.8,55,114.7387326472065,883.6860658479221
15,37,0.9796450554305272,1.0891046094060588,1.1297429831184074,1.1055130039259202,0.9365447917102002,0.07196884475769105,1.0,0.7417043396371195,0.6,0.3,0.8,57,114.7387326472065,883.6860658479221
15,38,1.0197266004771965,1.1399362267386086,1.191696845428429,1.1620238444319118,0.9772281448355704,0.07284983150008517,1.0,0.7912754551515307,0.6,0.3,0.8,60,113.34143623585172,898.6597251567404
15,39,0.9790991505752724,1.1089384939907088,1.1716827587345862,1.124975593579585,0.9429305608661189,0.07196884934252415,1.0,0.7417043827879463,0.6,0.3,0.8,61,111.72474359218438,870.6814270349674
15,40,0.49802020808110425,0.6162643706639849,0.667781263931543,0.6734746673240078,0.4559881562343755,0.057347626107476214,1.0,0.15151236868667026,0.6,0.3,0.8,67,134.0462615635398,734.2626335549076
15,41,0.5104848168700217,0.6364769475604696,0.6987460928953727,0.696973494554384,0.4763567597648758,0.057619353362909596,1.0,0.1681277055756097,0.6,0.3,0.8,69,134.57120120635736,729.923259911793
15,42,0.8003467196743776,0.9328975938960207,1.015599143886544,1.0341561299267392,0.7706762168074794,0.08604648872672323,1.0,0.5145157627168064,0.6,0.3,0.8,78,372.0991088183631,938.1393897928888
15,43,0.7607492025115675,0.889464330509901,0.9717073101994311,1.0267175021631316,0.7269361612187566,0.08518766831700886,1.0,0.46689096328789426,0.6,0.3,0.8,85,370.6034189453379,903.330285284841
15,44,0.7606883707144431,0.8892000198244624,0.9714187954853323,1.0370830410841316,0.7250438657525995,0.0852427269634484,1.0,0.4668378284542934,0.6,0.3,0.8,87,370.6905261990835,899.9782765298269
15,45,0.7526995274637733,0.8801282155650776,0.962217922889842,1.0327014355088133,0.7214487415784607,0.08657221954560576,1.0,0.45619475863230663,0.6,0.3,0.8,88,372.9037259660105,975.8447040952108
15,46,0.604568974716629,0.7199730306848464,0.7907870731865818,0.8905203726940012,0.5728979726191148,0.07675219052648083,1.0,0.2786862411566788,0.6,0.3,0.8,89,156.90792853857113,941.2754608997934
15,47,0.7543653926826379,0.8788303231666197,0.9605681004772662,1.0243428916779225,0.7278137491537227,0.08226383540831819,1.0,0.4624255833362268,0.6,0.3,0.8,90,143537.20184783437,1017.4525528833092
15,48,0.7533243775313591,0.8888420798979311,0.9817399930041496,1.0302404176397788,0.71836060806525,0.0823226347599934,1.0,0.46109375962218657,0.6,0.3,0.8,92,143537.0459305597,1017.5752780942296
15,49,0.521752950856192,0.6873593255464236,0.8133743787682821,0.8488974603848811,0.4901447667669467,0.07035613757447302,1.0,0.1815736539401285,0.6,0.3,0.8,97,150.4175380873036,1039.5128925243516
15,50,0.5333315920517578,0.6826458549889327,0.7968850029385968,0.8575642808348485,0.521812505897075,0.08123973457467823,1.0,0.18941021072747607,0.6,0.3,0.8,98,247.8418539660657,1060.5952274652473
15,51,0.5383308862696652,0.6837529634213563,0.7975371496958639,0.8735114666622471,0.5141785293441187,0.07877002553026667,1.0,0.19861909091195545,0.6,0.3,0.8,100,167.42081134150575,1065.1203595210986
15,52,0.5368197157193264,0.6926064077584388,0.8174706478761536,0.8838502109023154,0.5063150452601967,0.07973991540750372,1.0,0.19620779473613204,0.6,0.3,0.8,102,169.84306512774785,1064.441762451944
15,53,0.5300887732476344,0.7267351960454562,0.8958507122695141,1.0006420489737637,0.4993937141652386,0.07457076626108841,1.0,0.19264457455598905,0.6,0.3,0.8,129,137.487545702405,990.0631861159758
15,54,0.7516966968214391,1.0749223870988813,1.377260881999183,1.4882770141427197,0.722296121130226,0.08304829473270671,1.0,0.46505168018163034,0.6,0.3,0.8,192,205.441725200974,1207.0254124488806
16,0,0.8426823196727855,0.6298917361791653,0.5946606351779398,0.02820214929797375,0.0,0.0,0.0,0.0,0.6,0.3,0.8,1,514.5743753002414,1527.021523437176
16,1,0.8092130792733344,0.6416810414952807,0.6049031353782208,0.058215359297172885,0.055317058010195826,0.04664145401332693,8.440505058951e-05,3.452068488611e-05,0.6,0.3,0.8,3,491.48118715290747,1479.942668151649
16,2,1.3878880021342077,1.3509321394769658,1.3094847503645686,0.8173498982677982,0.9741183958568524,0.06398916852701177,0.6103060114663318,0.7060714077847413,0.6,0.3,0.8,4,197.7084011586638,523.2286903429793
16,3,0.21818152752719938,0.33591970659228393,0.2667732762508534,0.06466319979123929,1.0182946110705395,0.06054399798027421,0.0392383368769429,0.01776698024224942,0.6,0.3,0.8,5,177.810155001098,125.7560570220201
16,4,0.20723474022262625,0.3177972727106069,0.2463895097817358,0.06794486286166836,0.10681708418136608,0.06064540328421234,0.04765304971371878,0.02157713247128166,0.6,0.3,0.8,7,127.28902036894767,84.56440438195803
16,5,0.20510730073230404,0.3257052093058949,0.26515909726256826,0.07687274042151748,0.07324771269964994,0.06064540328421233,0.04765304971371878,0.02157713247128166,0.6,0.3,0.8,9,132.7658364260375,85.55451953780532
16,6,0.20393672762287585,0.33098024094396433,0.2803397774109475,0.08988083790297785,0.11978521664756674,0.06640181735482678,0.0407941981749212,0.029096188373540683,0.6,0.3,0.8,10,137.5682509104393,208.3056440192755
16,7,0.2058026888941507,0.3328149331583369,0.2821622269535751,0.10490667027663281,0.07745014976596647,0.06489824209516758,0.05458341200335669,0.027507352760128067,0.6,0.3,0.8,14,122.07592267319583,113.11502011013584
16,8,0.21235936155647708,0.33208787815662166,0.27969375548151654,0.13635005702158107,0.11533202863113862,0.03763843368056856,0.1875916826974454,0.02003234337657905,0.6,0.3,0.8,17,168.23937964611727,1395.275045442099
16,9,0.19194899240393248,0.3105764225060418,0.2579363846570341,0.12251995772359055,0.0802913513223516,0.03790935619690603,0.11604429964824507,0.022998965841946408,0.6,0.3,0.8,19,174.64523151539842,430.8719848100792
16,10,0.2096013755906591,0.33924690521117895,0.29775425999999056,0.14676022995297086,0.09435386654677146,0.041063498417472935,0.17430590652165104,0.02098571676632395,0.6,0.3,0.8,20,165.9962088408876,1367.478540571592
16,11,0.5809992852419175,0.702199001779837,0.6589341968615456,0.5302074293028671,0.5377822890562047,0.048393353729075,0.27474611591952786,0.4547838449941799,0.6,0.3,0.8,21,193.66506140872653,1147.9744784209734
16,12,0.5828075620132191,0.7028858264783664,0.6593985449841092,0.5385299563767196,0.48223728047050113,0.04902950507357851,0.279883414750113,0.45616158097081516,0.6,0.3,0.8,23,183.83779707648588,1230.5404639476503
16,13,0.5828075620053171,0.7139828786968752,0.6816609584959665,0.5463690162324544,0.47831203976613257,0.04902950507357851,0.27988341475011286,0.4561615809708153,0.6,0.3,0.8,25,183.8377867156184,1230.540495966062
16,14,1.0630683035798267,1.2148080040789253,1.2044976681082282,1.0411537757141422,0.9715443838186828,0.19290038479516897,0.14851201924982288,1.0,0.6,0.3,0.8,26,1257.0351919220882,1033.6247174634375
16,15,1.040179195906489,1.1808473863717182,1.1593723691713023,1.0131616080355093,0.9375611582159901,0.16389172707552,0.1303010813941548,1.0,0.6,0.3,0.8,27,1042.4370663416155,844.1840653226151
16,16,1.0334969334692135,1.1812780640434113,1.1702120534890361,1.0207726326345792,0.9612666597942894,0.13278113369260777,0.18344431101774342,1.0,0.6,0.3,0.8,28,514.9546685236635,1626.614925387349
16,17,0.6144498871718054,0.7564873210418784,0.7443718493554561,0.6208675816725557,0.557961583008442,0.10869918511614066,0.08505815758788392,0.5377496235323618,0.6,0.3,0.8,29,320.2296402086039,343.1039599350641
16,18,1.1846948585179082,1.3306915797033199,1.3285004865134433,1.203798340776991,1.1189396055429377,0.1855096302257152,0.6192515414197202,1.0,0.6,0.3,0.8,31,1331.2295017880674,1170.276720459566
16,19,1.1532774688615925,1.280544686845004,1.2659216731090075,1.1773493191726223,1.0936697657797159,0.17615978914697966,0.5521336743317126,1.0,0.6,0.3,0.8,33,1364.1841435058705,1141.872039181886
16,20,1.1490916225508383,1.2872504506340907,1.2837594671275947,1.182024293686336,1.0678830109290924,0.18033000851211017,0.5303228389480731,1.0,0.6,0.3,0.8,35,1383.5365831472022,1042.8391208740768
16,21,1.2874816181411388,1.4208841879473662,1.4166320599147841,1.3322160747114995,1.2357700263565512,0.18154096840223471,1.0,1.0,0.6,0.3,0.8,36,1359.6601377658444,1107.0650308697684
16,22,1.2831737962135263,1.4272418362281847,1.4340868014127097,1.3466555498182324,1.2055015922902803,0.17483487463359798,1.0,1.0,0.6,0.3,0.8,40,1352.592275128863,1183.6807383753712
16,23,1.1420505107752839,1.3055211365268051,1.3342594741731657,1.2241400780548155,1.0681532603611437,0.1153514769770625,0.6545664610405715,1.0,0.6,0.3,0.8,46,337.0034909910489,845.6036790080624
16,24,1.1416726695084691,1.3156401526489072,1.3554506263530417,1.2333158587453201,1.0672189495256068,0.11535147697706252,0.6545664610405713,1.0,0.6,0.3,0.8,48,345.9495182296582,832.9067321398456
16,25,1.202988793753181,1.3563904425770248,1.3835975628370738,1.3030369166541573,1.1578930027093175,0.17335377288537177,0.761739285218556,1.0,0.6,0.3,0.8,50,1338.6231069562632,920.8633640490796
16,26,1.1299221368128392,1.2793896036672003,1.3060157453588852,1.2450559604112752,1.0821317427469803,0.11821633105014775,0.6356877211994504,1.0,0.6,0.3,0.8,51,415.179251710847,946.6995248096304
16,27,1.1061094352564824,1.2551640604681409,1.2817298477690005,1.2146505659429325,1.040179118287935,0.11989419474544336,0.5536970600956808,1.0,0.6,0.3,0.8,52,421.3026760545974,936.7074770649727
16,28,1.0959858689310555,1.2429005074051722,1.2691530899077657,1.2121209588528137,1.0346425540015698,0.06388249932447441,0.635808723595442,1.0,0.6,0.3,0.8,54,160.09103024435663,897.4939849518446
16,29,1.0978991933994986,1.2421096377090737,1.2679732242005097,1.218384402820033,1.045984589979726,0.06414469541478905,0.646268527338042,1.0,0.6,0.3,0.8,55,149.13657008000047,971.4017651001012
16,30,1.0868149223791717,1.2305751124225943,1.2563742053645397,1.2078240232058763,1.0237926310271956,0.06464591559108743,0.6090815790953152,1.0,0.6,0.3,0.8,56,149.44431567509838,970.1022477704906
16,31,1.10583574141359,1.2598605600303068,1.2967052088487283,1.2467464655568266,1.0430802185776051,0.1193797181492218,0.5644311229146253,1.0,0.6,0.3,0.8,58,409.4419825711039,1154.9461234593475
16,32,1.1301106051358398,1.283404583450211,1.320145279496045,1.2712705407382963,1.0692344615977916,0.1610482946357826,0.5632162842325237,1.0,0.6,0.3,0.8,59,985.9367532402324,957.370328869955
16,33,1.1012261793455507,1.265013311618608,1.312833258533376,1.2628765790304217,1.0400453804820162,0.11519539406297016,0.5596417027842921,1.0,0.6,0.3,0.8,60,369.3127270027943,1059.9479739864016
16,34,1.0546742501812232,1.2176523719449843,1.2653569714599247,1.2271413320733129,0.9916798102813719,0.1278929316033782,0.38041698482676073,1.0,0.6,0.3,0.8,65,550.67867599802,1111.671235996592
16,35,1.1706632384001143,1.3165149609256788,1.352206755745764,1.3484022409730487,1.1395833696902744,0.1210927451353879,0.7902210489773351,1.0,0.6,0.3,0.8,66,504.4828324427162,234.78276864778437
16,36,1.146640281796019,1.3102500049039145,1.3676583922561059,1.343042670231922,1.093141092537814,0.1189797903091303,0.7210871796646064,1.0,0.6,0.3,0.8,70,513.9813197069586,1079.5631625388023
16,37,1.1870684989806548,1.3141672526305042,1.3376400121261334,1.3900456185613017,1.1449998712198015,0.04923501918710816,1.0,1.0,0.6,0.3,0.8,71,227.83471098819737,1245.7010914452728
16,38,1.228605143761384,1.3631925122057642,1.3973420268440786,1.443477785367882,1.1812178350416325,0.12100340961963656,1.0,1.0,0.6,0.3,0.8,73,602.1553999085177,1243.9614157085882
16,39,1.2285970843117384,1.3631650811379634,1.3973120079491896,1.443475020844694,1.1726480351129618,0.12100340961963654,1.0,1.0,0.6,0.3,0.8,75,601.8172185517399,1244.2011484854545
16,40,1.2288917387192357,1.3632836805074615,1.3974067795186884,1.453952324681366,1.1738161485913823,0.12161762107985057,1.0,1.0,0.6,0.3,0.8,76,610.9665637245308,1228.7002622672037
16,41,1.2285771317434464,1.349257648935171,1.3718647095822616,1.4599773814914618,1.1860908420264815,0.12287721790189077,1.0,1.0,0.6,0.3,0.8,77,609.3029747505154,1183.8763201007423
16,42,1.2245290819765704,1.3683889252999073,1.4231568860661485,1.510259611867016,1.1778741263529486,0.12265435965748672,1.0,1.0,0.6,0.3,0.8,88,567.7689925886358,384.8098057960024
16,43,1.218867642977658,1.3756465522610652,1.4515479884596652,1.5111259564464008,1.2134435935457717,0.1187169172418733,1.0,1.0,0.6,0.3,0.8,89,582.8311530983099,418.1395402000708
16,44,1.2189489911172215,1.3855715941013877,1.4724783635726517,1.5185692632904944,1.1745579571984752,0.11956325702430559,1.0,1.0,0.6,0.3,0.8,91,585.2833682886973,420.8188159044457
16,45,1.2184581261103475,1.3849559384955676,1.4718470471702652,1.5181058665833813,1.1715707324061273,0.1188157082154229,1.0,1.0,0.6,0.3,0.8,93,580.8230296201617,422.3201492693394
16,46,1.2164581112170425,1.3591631883322823,1.4235202969230372,1.53189904490793,1.1716188833981265,0.11637737215558004,1.0,1.0,0.6,0.3,0.8,97,545.4030626576978,1140.597336328672
16,47,1.2163501336688722,1.3698277779139802,1.445308910184996,1.5542850384227453,1.1705515017102437,0.11637737215558006,1.0,1.0,0.6,0.3,0.8,99,540.1834986546124,1145.3726316384707
16,48,1.2157338372663307,1.3687495097094364,1.4441720464956385,1.55215126837795,1.1714339828904166,0.11560638361018838,1.0,1.0,0.6,0.3,0.8,100,608.6505102709665,1277.5664158616676
16,49,1.2158663243585517,1.355871978508846,1.4198872659992123,1.5440104022909324,1.1786571459619233,0.11687563577339247,1.0,1.0,0.6,0.3,0.8,101,567.9453665506795,1140.5229694745035
16,50,1.2181654980307677,1.3886388651701516,1.4857944323124948,1.572474134216655,1.1775151347645472,0.12222619314806886,1.0,1.0,0.6,0.3,0.8,104,530.9223575616311,982.5730096006918
16,51,1.2195798117627543,1.5080993560608356,1.7275705331742066,1.7833986784743958,1.1765056316280793,0.12668806355722767,1.0,1.0,0.6,0.3,0.8,140,465.4224312196441,330.78638217273334
16,52,1.2194566757082854,1.518673270723969,1.749259913935449,1.8078403557647253,1.176890240640704,0.12668806355722767,1.0,1.0,0.6,0.3,0.8,142,456.977308707642,323.9707201081109
16,53,1.221595535982694,1.5087140501602272,1.7280108904135254,1.7064457608354004,1.1790864952419906,0.13076468333467628,1.0,1.0,0.6,0.3,0.8,149,428.6067609075814,143.6609327170422
16,54,1.2196087991003155,1.5399249398737456,1.792706201038421,1.8973968764738933,1.1765685888509025,0.1275010470721152,1.0,1.0,0.6,0.3,0.8,155,482.0190215336289,332.0268589369956
16,55,1.2448248009942966,1.5358550017530583,1.7556396233359584,1.8902907883511377,1.2007799435268538,0.16745688518829815,1.0,1.0,0.6,0.3,0.8,158,454.8420358318714,129.33879755802442
16,56,1.2458371285416634,1.5582427755175743,1.8002556704525694,1.913850276650328,1.2022774226935307,0.16957270535627797,1.0,1.0,0.6,0.3,0.8,168,448.0665944029109,127.11841381034172
16,57,1.2387100522857861,1.5395469251224159,1.770335712371792,1.9258941110365766,1.195833383175869,0.16956426279588196,0.9767516610535198,1.0,0.6,0.3,0.8,170,448.0632954817965,127.11996105053812
16,58,1.218991073438393,1.5476385850477905,1.8112420938685387,1.8199944381203883,1.1776474114169273,0.12786385136962725,1.0,1.0,0.6,0.3,0.8,174,406.7196830315249,161.45690211800783
16,59,1.2187637407221859,1.5362335988842435,1.7886619666063344,1.791492366128003,1.1768659299824449,0.12752503553428501,1.0,1.0,0.6,0.3,0.8,175,406.89340103826936,161.86293380313666
16,60,1.2214409810087654,1.5388243274064592,1.791241990814981,1.7987999205180343,1.1795763741292504,0.1320301644857751,1.0,1.0,0.6,0.3,0.8,176,411.47911111274686,145.2394254277955
16,61,1.2190997179595517,1.556957467666407,1.8314935658898104,1.8677697097659112,1.17988292034538,0.12897764347255508,1.0,1.0,0.6,0.3,0.8,179,416.2623316270084,154.80616807748487
17,0,0.9356368811876008,0.652344573156922,0.6192507283835701,0.030380985036422156,0.0,0.0,0.0,0.0,0.6,0.3,0.8,1,311.07434504509285,1382.6765663257484
17,1,0.8932570440192222,0.6597728333121204,0.6251999189163379,0.0553885229941318,0.049048261582521194,0.03817341663191454,8.061260589064001e-05,4.6694646718000005e-05,0.6,0.3,0.8,3,276.2975527813376,1332.0520165352707
17,2,0.38907164537224015,0.49439140099733153,0.4522436414891664,0.07410391785131713,0.7047141551028331,0.05367946565833748,0.01184075853666912,0.00949234475381873,0.6,0.3,0.8,4,65.08363437660304,476.7037981329684
17,3,0.2851009953879674,0.42075367300523514,0.36727195616810204,0.10796324713454895,0.2885118132864597,0.058914325126253664,0.04863045464729736,0.04855380301789495,0.6,0.3,0.8,6,114.22216006271496,109.68766827751368
17,4,0.26129844424240767,0.40795948380233793,0.36545312992856155,0.10041890865186764,0.07371599048344754,0.06260080496547037,0.02451265170326327,0.027464109342564207,0.6,0.3,0.8,7,83.50677707074672,189.54653527687597
17,5,0.27202427082512953,0.40680044419141215,0.3522971833372972,0.10961528723578379,0.11473349256155524,0.059267440454249955,0.04504991005308471,0.04560468885618381,0.6,0.3,0.8,8,99.87453490251808,102.3638922940898
17,6,0.26315447532556396,0.39625384775830913,0.3405327347703424,0.11449807764870998,0.13068347603194852,0.061460447145317766,0.043645483524694675,0.047295068126036524,0.6,0.3,0.8,9,100.961927751816,109.0523206901404
17,7,0.28740413649792085,0.41933388633719393,0.36289558841015374,0.15150684460767117,0.14415745834455704,0.06514838725302273,0.0750579111295926,0.07101707754304803,0.6,0.3,0.8,10,132.49128464883535,544.1258936741393
17,8,0.2552643614791701,0.3971193740812915,0.35125495599007495,0.12314724750411904,0.1123796791197175,0.06917186514786156,0.04018226941110253,0.04720564688235771,0.6,0.3,0.8,11,96.99932298190608,107.89697556764806
17,9,0.26586868750654397,0.4059624070852219,0.3593938128307514,0.14608822305585842,0.1318478319577047,0.06507948383031839,0.0648247060639557,0.0613347894707687,0.6,0.3,0.8,12,94.0921668012874,318.92669746325186
17,10,0.2945019387846153,0.42101681951695236,0.36230817872790266,0.18182586969568004,0.17875805197693156,0.08546667786379042,0.0535860810187456,0.09574598757258078,0.6,0.3,0.8,13,121.71759387403765,428.3688194688503
17,11,0.25592298104279243,0.39107557306547647,0.34272663570040335,0.15769182118874647,0.12544874472708073,0.0740020036145074,0.053350111692310395,0.06371554219440108,0.6,0.3,0.8,15,81.09729587775054,145.73357095231196
17,12,0.32739140531523003,0.45134231828271903,0.39163083751611916,0.231297660723646,0.19427369818703832,0.08675241955331206,0.07272193906728053,0.13868248377150222,0.6,0.3,0.8,16,116.38114322608324,658.1386499329233
17,13,0.2707397516560705,0.41433106944050146,0.3763478025311082,0.18257948389455633,0.15043792687934085,0.08680562441139757,0.06360412115567507,0.07596457312114013,0.6,0.3,0.8,17,98.51611234735915,312.98903073114514
17,14,0.32085877143690905,0.45217828854032976,0.40265548934859047,0.24285465763553388,0.19864339600969633,0.08675241955331206,0.07272193906728053,0.13868248377150222,0.6,0.3,0.8,18,108.48642592803606,630.3643790535593
17,15,0.28972410367695617,0.4358952105272825,0.40682238589789216,0.2165908533567617,0.23179609056766687,0.0975446014610937,0.07816371921439874,0.10514530086844631,0.6,0.3,0.8,19,95.4713449625557,503.1277401457873
17,16,1.252335648020205,1.3907489155214263,1.3596954541367143,1.2026774486204346,1.2178983394237235,0.06958770985333594,1.0,1.0,0.6,0.3,0.8,20,294.9967930001354,350.9839590678825
17,17,1.24498157745661,1.3695685956184316,1.3266979951356557,1.204480038006111,1.1643012823960381,0.07706144557206591,0.9742647362314629,1.0,0.6,0.3,0.8,21,256.2522593726274,330.455822659331
17,18,1.2343259175620886,1.3642080563487058,1.340740388469093,1.2066572565214488,1.235892168824535,0.06952853444278376,1.0,1.0,0.6,0.3,0.8,22,211.47608730594243,180.9566789788963
17,19,0.33502271076907597,0.4557334910658579,0.43063552619325707,0.3603753553880088,0.2563839955512426,0.0730475534988744,0.4714426238485959,0.0813846309763656,0.6,0.3,0.8,32,114.62756298001328,380.6408809589027
17,20,0.3526185882847787,0.47991670410458165,0.47471372750415336,0.39443793382169234,0.31958454357585403,0.07181809773051143,0.522489978703011,0.0976352718634534,0.6,0.3,0.8,34,127.89161567087032,481.7478741094856
17,21,0.26102037206175605,0.3985332828679031,0.40436062469628486,0.3244285053107244,0.18806751275704237,0.08530947536624875,0.20577006135859718,0.09245707063887357,0.6,0.3,0.8,38,94.63638807685786,826.0970155804413
17,22,0.3590309701932062,0.48176394728800187,0.4758637748280903,0.4367628095761116,0.2971507364883985,0.07487432001064487,0.5144392934917537,0.10982607330591973,0.6,0.3,0.8,40,99.97511036671187,453.6635669836281
17,23,0.2702220507583637,0.39167416113911163,0.3951260370033482,0.35913396110938883,0.2687120253320617,0.0835322504377988,0.19964389993691584,0.11870787678163833,0.6,0.3,0.8,41,93.06690439552412,745.3808628979864
17,24,0.6723190204171389,0.7822857341313388,0.7841218901834038,0.7587237880530304,0.6410473149848888,0.08436638219049601,0.3737042361027943,0.5622894880095425,0.6,0.3,0.8,43,129.0434387147347,611.622958604035
17,25,1.1026650976861958,1.2086869890443306,1.2196545972845758,1.2156657498836831,1.1209819832949934,0.06931170065643685,1.0,0.8845589384025805,0.6,0.3,0.8,44,172.67577016587228,358.5118062041513
17,26,1.1944012046119215,1.2961690175271439,1.3065758786732387,1.3181446758856366,1.152493735199232,0.07101099681671848,1.0,1.0,0.6,0.3,0.8,46,192.8483763289,340.4455565665605
17,27,0.9669388717783594,1.0570460295566981,1.056208143920776,1.09058848466855,0.9187230581421968,0.06765377687515738,0.9751036852623294,0.7278629779038355,0.6,0.3,0.8,47,163.44366225507866,424.3974978474485
17,28,0.7719156110418397,0.8543081772887737,0.8524746354534883,0.8814122008766718,0.7577391328314731,0.07274791624587273,0.7062746843432524,0.5845064090372998,0.6,0.3,0.8,48,148.97182687489544,523.8294697077155
17,29,0.6077476174255134,0.6936070685103983,0.7019651463589178,0.7446920292811052,0.5701530958290263,0.07388094931579745,0.597599526436161,0.4224484660144898,0.6,0.3,0.8,52,158.3881966115434,702.4070337015646
17,30,0.6118338685222219,0.6973298337563951,0.7056419527672766,0.7294940394679237,0.5673954793597488,0.07595223824578204,0.5938098255051717,0.4275736698617642,0.6,0.3,0.8,53,153.48165640781374,710.8233303099705
17,31,0.7866631913291515,0.8663590630042055,0.8739415898500587,0.9274969896246386,0.7681993871589988,0.07121144262563768,0.8331779048684007,0.5622331161367768,0.6,0.3,0.8,54,170.10951374388475,640.9724102446758
17,32,0.8571480771596554,0.9345052443295933,0.9417959101373075,1.008620806472639,0.8188262822029411,0.07066989408360175,0.8031887266167315,0.6629006757954814,0.6,0.3,0.8,56,166.78179404963026,729.6357083520479
17,33,0.3539857289381245,0.4310930734437795,0.43835253922230094,0.5143203902352963,0.31114183738014306,0.08268758093417992,0.518674109451181,0.13172357544200547,0.6,0.3,0.8,58,103.90171238980074,739.7981137063452
17,34,0.3777504630787064,0.4807462523872893,0.5205865022903097,0.5643642399949695,0.3688534878045582,0.08297608505701433,0.5646575465340157,0.1467347020327406,0.6,0.3,0.8,59,108.48364715774726,835.569362281845
17,35,0.8048227014695846,0.8628883346097365,0.8579986295418516,0.9760790025721201,0.7651561585222845,0.08482498867960842,0.4116159197792473,0.7368021092803367,0.6,0.3,0.8,61,159.27329833784887,815.3443282312605
17,36,0.5039514093271444,0.5456216106259086,0.548598107430387,0.6800155960343357,0.5862245836177467,0.08376642156603986,0.4836785074668497,0.3434397759227541,0.6,0.3,0.8,62,142.4020898109066,845.7970408831779
17,37,0.7982232426617046,0.8314032966038742,0.8333863529074342,0.9849003290767772,0.8013753840193727,0.0829585948427361,0.42601784384523145,0.7359417689401678,0.6,0.3,0.8,63,158.71119304355335,771.1983846584939
17,38,0.7985638515265874,0.8192899518651449,0.8198345510255004,0.9928855394617631,0.7947009480132242,0.08448432690716903,0.4274321137643232,0.7380148816558365,0.6,0.3,0.8,65,149.6902545629737,815.9781526052408
17,39,0.8206811693295933,0.8511324568890885,0.86268488838539,1.0259437226912036,0.7945223262745902,0.08449919198904987,0.44074900021982505,0.7610081478728444,0.6,0.3,0.8,67,165.14603788836297,884.3263860161902
17,40,0.7086136177388189,0.7515142392909344,0.7842862443439587,0.9532085394603687,0.6894831033232433,0.0681421810046931,1.0,0.425881806984859,0.6,0.3,0.8,72,176.6919679445093,1245.399804847507
17,41,0.6478107027352129,0.6863223017138282,0.7185968617192084,0.8994981543775176,0.6394591201277693,0.06979900823199998,0.9922940501581856,0.35257197127139295,0.6,0.3,0.8,73,155.55588892772894,1120.2734415027337
17,42,0.70390408813953,0.7390871935645009,0.7709868547236626,0.9558202438434097,0.6915955509283018,0.06839746034307954,1.0,0.421612291851738,0.6,0.3,0.8,74,162.4700843603059,1165.8696514352202
17,43,0.6465187382140648,0.6887822927817987,0.7313998596223827,0.9097822207219617,0.6367627443743364,0.06979900823199998,0.992294050158186,0.352571971271393,0.6,0.3,0.8,75,147.06271704820998,1093.6204003119235
17,44,0.7025597321680834,0.7410178666204617,0.7832101962739086,0.96605103909218,0.6933280439012602,0.06839746034307954,1.0,0.421612291851738,0.6,0.3,0.8,76,151.79147678230703,1131.1679398780998
17,45,0.9020583962908502,0.9403068658980526,0.9824758136205399,1.191381737113909,0.8779692200448642,0.08189338363545211,1.0,0.6609087163758909,0.6,0.3,0.8,84,154.79160409272106,687.1593999563788
17,46,0.5394761113209815,0.6188931607430183,0.7053647464348756,0.8735007822828247,0.5284652655425457,0.08850638667445052,0.9640334454281432,0.21689334698644638,0.6,0.3,0.8,85,119.07874972766469,884.9667173580898
17,47,0.4893568207256742,0.5550669333259248,0.6300834065475144,0.8301249516501358,0.47640998956518493,0.07692163724900572,1.0,0.1499887252610142,0.6,0.3,0.8,86,107.45795162129818,779.7215199287399
17,48,0.5417746442684799,0.6115222305035217,0.6969231799574314,0.8864802418678712,0.5334458285740842,0.08910428978455907,1.0,0.20780264445694607,0.6,0.3,0.8,88,121.0019331320522,827.2166372711703
17,49,1.1720529601215608,1.2211415087552466,1.2943266122616526,1.5315258258068343,1.1886026681977102,0.08576171588799787,1.0,1.0,0.6,0.3,0.8,89,161.98715291487855,1293.1142797256737
17,50,1.1718670249773637,1.2196875774980103,1.2927342131916792,1.5313793970036804,1.1562786322836964,0.08576171588799787,1.0,1.0,0.6,0.3,0.8,90,160.5709563727412,1288.5025776291502
17,51,1.1727152854913028,1.2186146772460449,1.2914516696619636,1.5394659564552269,1.1599616082511708,0.08764499403344167,1.0,1.0,0.6,0.3,0.8,91,146.77221409394872,1351.6739862346494
17,52,1.171685863704464,1.2394791159170802,1.334614051562112,1.573002936182697,1.152173785748317,0.0860024815973936,1.0,1.0,0.6,0.3,0.8,93,152.05384778212772,1252.419799113586
17,53,1.1716696862188232,1.2504851598714446,1.3567772146893398,1.5885686327906312,1.1517402622945487,0.08599374185510746,1.0,1.0,0.6,0.3,0.8,95,152.5576855826678,1255.3018578768822
17,54,1.1720108250317633,1.2371257738594101,1.3319687248823082,1.5697562888289833,1.1548198140200066,0.08719125670094649,1.0,1.0,0.6,0.3,0.8,99,169.4780189139827,1312.7069195968998
17,55,1.1732098277192642,1.2601101470472549,1.3772392875167847,1.594655835522904,1.1543592427289355,0.08928741925545569,1.0,1.0,0.6,0.3,0.8,101,152.13316300970186,1611.6857247801925
17,56,1.17172179239693,1.230447363754302,1.3245962693744633,1.5916380367057048,1.1758334139565285,0.08821180247537971,1.0,1.0,0.6,0.3,0.8,102,157.5240878613872,1456.6052449422623
17,57,1.171721792417574,1.2415444159728108,1.346858743653314,1.6036956769401938,1.1529271067784275,0.08821180247537973,1.0,1.0,0.6,0.3,0.8,104,157.52408694144503,1456.6052415427575
17,58,1.171721792443105,1.2748355726537903,1.4136457411463634,1.658800401208415,1.152927098372816,0.08821180251780164,1.0,1.0,0.6,0.3,0.8,110,157.5240880080295,1456.6052455372974
17,59,1.1712952521067925,1.2742000167114067,1.412987643117491,1.662177092623695,1.1533240718371705,0.08754905136136233,1.0,1.0,0.6,0.3,0.8,111,159.89323498599322,1435.7893054345575
17,60,1.1701990227968428,1.2730836441008229,1.411869056858471,1.6686771853188287,1.1514992057682256,0.08572667015531746,1.0,1.0,0.6,0.3,0.8,112,147.41362941502638,1356.458973536967
17,61,1.1692454949252298,1.2024715478438885,1.2839024716039718,1.5581497717446968,1.2062604426445043,0.08726804795526386,1.0,1.0,0.6,0.3,0.8,113,157.88603045764316,2005.861652727956
17,62,1.170545275900197,1.1985413931685946,1.2794121215407916,1.6078115132124997,1.158269513374752,0.0905251024335007,1.0,1.0,0.6,0.3,0.8,118,138.97052574535005,1753.2566647535914
17,63,1.1702168920227054,1.2054447743209689,1.2970680510987513,1.6235607885985104,1.1593113849324124,0.09076283394172044,1.0,1.0,0.6,0.3,0.8,121,145.2451541306154,1760.4019124473195
17,64,1.1703075929484317,1.1936896163121757,1.2740675795782657,1.5880696559734386,1.1555885674308386,0.09106548339849486,1.0,1.0,0.6,0.3,0.8,124,148.74551803095758,1816.0683508068355
18,0,0.6630370542315351,0.578527061722019,0.5384063807287933,0.023217756239324004,0.0,0.0,0.0,0.0,0.6,0.3,0.8,1,892.4116253422462,1500.3703602034475
18,1,0.6589995545934543,0.6095182131566267,0.5677093320492783,0.07377173799789072,0.07849715331461167,0.0810607768654382,7.523437449748e-05,8.351039875141e-05,0.6,0.3,0.8,3,833.9521085442653,1392.108758828805
18,2,0.2687836834079537,0.4021330385147302,0.34656889595452395,0.09679295721424994,0.5315145183160281,0.1056882725702694,0.024094190347450008,0.02674462912661708,0.6,0.3,0.8,5,209.57510519131247,253.401895726324
18,3,0.2653345704390436,0.39773616014448404,0.3416080462929848,0.10121317712462455,0.10350881766578603,0.10166336294174941,0.0293167553588224,0.02971344653638202,0.6,0.3,0.8,7,162.99181330118483,156.4228633312794
18,4,0.26659474559819607,0.3959818597630457,0.33840940095370714,0.12199299275064505,0.15800427010928567,0.10251876538434901,0.03478237814822891,0.043795581147913834,0.6,0.3,0.8,8,173.37170904342028,124.38019387874463
18,5,0.3049428113184762,0.4312300977786102,0.3724802757306508,0.16840077083223265,0.1960502969118048,0.09627275534102167,0.06526951516277389,0.09656774110268083,0.6,0.3,0.8,9,130.0846562850195,242.73479740460152
18,6,0.6797317894435516,0.7962787322389532,0.7346278478695503,0.5660385087977201,0.6524396550006402,0.1520009646464686,0.08383773525040024,0.5422148250530572,0.6,0.3,0.8,10,220.78902842776276,389.6922533732395
18,7,0.6796194579497179,0.7956203936341919,0.7338285642355571,0.5714493499873228,0.5534323482532574,0.15425647945682325,0.08282815654832495,0.5419302431197031,0.6,0.3,0.8,12,239.2580149717049,423.9821648990836
18,8,0.6764812332754476,0.789957931517068,0.7275340191050759,0.5757385784820152,0.5742188875597133,0.14961493319453817,0.08489626969066069,0.5458575856866659,0.6,0.3,0.8,13,208.48705774882288,347.0623743782967
18,9,0.676171818014481,0.8005468316709444,0.7492399284886054,0.5918166998880645,0.5527759790900614,0.14961493319453817,0.08489626969066069,0.545857585686666,0.6,0.3,0.8,15,205.91280869526517,340.947091409999
18,10,1.0344753004037859,1.1551648161458057,1.1117757190934805,0.9678156808908058,1.044842331377199,0.09952849315183197,0.3862019593399544,0.9424780398989083,0.6,0.3,0.8,16,143.10899109390377,483.32831428789297
18,11,1.1613950550310754,1.2911311239929604,1.2585266643901318,1.1034667179473074,1.0647827305095192,0.10414320412315017,0.6531420917606993,1.0,0.6,0.3,0.8,18,117.9392731593428,508.5763233638152
18,12,1.1553859089789738,1.2818408298185315,1.2486086537322238,1.1029675342627647,1.077851508493013,0.1043303798377349,0.6437799416904677,1.0,0.6,0.3,0.8,19,157.5306832700074,531.1091445690003
18,13,1.1273272790114028,1.2502353338880638,1.216342941225515,1.0804761188153553,1.0544063274623965,0.10691108643366513,0.5563857341856082,1.0,0.6,0.3,0.8,20,141.12359651856048,536.6343370754613
18,14,1.153137995353023,1.286717812311593,1.2639144721700744,1.1199503860191906,1.0579055003501865,0.10483979937184766,0.6478133050288405,1.0,0.6,0.3,0.8,24,146.0865494770257,561.2876326178451
18,15,0.3815637451390066,0.48680423397032735,0.44055708167849794,0.3652381163203192,0.331291995661937,0.1399993407378102,0.21284254493528693,0.17921266320795737,0.6,0.3,0.8,25,118.38825618317942,476.0785804340389
18,16,0.38506811187227685,0.4876665394589278,0.4409827423793189,0.37849178236284786,0.3112587269485211,0.11268746615735444,0.2638910053339426,0.18736513349904335,0.6,0.3,0.8,26,133.17742959533652,299.2890094482636
18,17,0.3975637290286352,0.5072536456309542,0.4710592020645131,0.3962678804671765,0.3361086117234837,0.11783845493647471,0.2807747752053458,0.19666067896325204,0.6,0.3,0.8,27,134.83139797766347,318.9577040182067
18,18,0.86085091710674,0.9654941506440542,0.9284698793264188,0.8466644417319358,0.8085391270811868,0.08869717026435464,1.0,0.5325042558049891,0.6,0.3,0.8,28,118.87277249286224,452.44282610319993
18,19,1.1692960107463986,1.2345732505961466,1.1917064736276273,1.1801159125464633,1.3157197117004418,0.10419529730553594,0.8238654220345609,1.0,0.6,0.3,0.8,29,96.35324282404544,633.0019028545985
18,20,1.1282947872757183,1.1868129281016575,1.1430226072070984,1.1411112704694921,1.104173234896191,0.08432356759410661,0.7367451408787078,1.0,0.6,0.3,0.8,30,115.62138500295598,530.6158500378522
18,21,0.6753271816824787,0.743603103541387,0.7204877642419494,0.7141496284765103,0.6382048605013337,0.08764996127616465,0.2582239177693752,0.6169381541118865,0.6,0.3,0.8,34,127.2294887874643,427.0704512857053
18,22,0.6752567236517042,0.7433453023023325,0.7202055015562016,0.7141236486343534,0.6244716818532325,0.08764996127616466,0.2582239177693752,0.6169381541118866,0.6,0.3,0.8,35,129.07878696032338,432.96346883338674
18,23,0.8286058956645642,0.88000443948073,0.8547185729832131,0.8718499436846339,0.8584903667590151,0.1056581204870286,1.0,0.5242684685727569,0.6,0.3,0.8,36,101.65023539298215,596.2432769392859
18,24,0.8268963280776326,0.8849914340068985,0.8703176515749642,0.883193926349026,0.7922722968161826,0.10941969587662366,1.0,0.5210766196281569,0.6,0.3,0.8,38,122.35400640075471,607.3415468927216
18,25,0.8123941279886049,0.8655300708574947,0.8502372701816481,0.8757666145663532,0.7805173129299816,0.10048877999646896,1.0,0.5115754030754237,0.6,0.3,0.8,40,114.18779173292026,564.7783432169003
18,26,0.8276371943798256,0.8628296242523563,0.8355280590264719,0.8921049435262942,0.8016358857587753,0.1004595189529625,1.0,0.5331683994993714,0.6,0.3,0.8,42,118.31048357572092,554.1554995304251
18,27,0.816521370300983,0.8575577778728114,0.8407805632661305,0.8908120945260476,0.7884798845985479,0.09505706538059185,1.0,0.5251768137030034,0.6,0.3,0.8,44,116.71554076698412,573.6013329600768
18,28,0.9059916656464573,0.9498366335826369,0.9432242918742442,1.0061716791039705,0.8806281790580872,0.09202350450052797,1.0,0.6420662014560806,0.6,0.3,0.8,47,127.57068185677618,671.9749653807448
18,29,0.9265474406828489,0.9691529823973772,0.962392007295541,1.026899803001663,0.8923663068913825,0.09224686209828178,1.0,0.6679946671567386,0.6,0.3,0.8,49,124.09559447484446,674.9588921153801
18,30,0.9226273280448416,0.963427977506934,0.9564513873222751,1.0328996132053674,0.8900889740414789,0.0899590120122653,1.0,0.6653874664943747,0.6,0.3,0.8,51,112.29204101627792,620.597721923761
18,31,0.8326357874441659,0.9206334644257621,0.968496328099265,0.9863759067347054,0.8072126492497174,0.0936833684933843,0.2970812629796206,0.8163008223133698,0.6,0.3,0.8,55,127.1596294027302,607.3819368945469
18,32,0.8313469873096659,0.9247994308523364,0.9831677895248028,0.995639089729561,0.8097575560270547,0.09368336849338428,0.29708126297962056,0.8163008223133698,0.6,0.3,0.8,57,131.26851431434756,631.2222652808543
18,33,1.1225549182184122,1.2028894171388678,1.2498561651121334,1.2737466477538235,1.0941952239973234,0.09351626018829412,0.7797808640737638,1.0,0.6,0.3,0.8,59,134.1185265743554,641.5891830301962
18,34,1.1765809791607889,1.2182519091479365,1.2310973715177225,1.3344897172109784,1.150776004744589,0.07544454571282591,1.0,1.0,0.6,0.3,0.8,63,186.8600795228521,577.8536058065114
18,35,1.0748594097654007,1.1538217233681822,1.22040498562997,1.372550963243724,1.0506497682328304,0.07412565740716351,0.6760637724660046,1.0,0.6,0.3,0.8,85,191.684598922037,876.8371354065885
18,36,1.082845526444587,1.1568059852083548,1.2228230106368057,1.3933879473839306,1.0760984184208384,0.07383648385612193,0.7064142497741,1.0,0.6,0.3,0.8,86,201.2062914943827,954.5957077516756
18,37,1.0133703498999747,1.0843484844350688,1.1500289839012874,1.3241262824347153,0.9932853105168058,0.0703204407203665,0.4837070973928915,1.0,0.6,0.3,0.8,88,198.3952482763032,927.2053338200658
18,38,1.0274604888166003,1.0981101187799598,1.1637537714203168,1.3465397172018747,1.0025544607415104,0.07046303425270593,0.5305890985780363,1.0,0.6,0.3,0.8,89,198.6060067718109,936.6299500673118
18,39,1.0730378526132307,1.1357124861933057,1.2004612303331719,1.392627714524541,1.064196952122523,0.07299233915791786,0.6822038064875828,1.0,0.6,0.3,0.8,91,192.4833199668597,738.1177635001117
18,40,1.041131431615967,1.0808750277971824,1.1430867546174546,1.438127158873053,1.0266762135267682,0.08024965300929778,0.57373536512942,1.0,0.6,0.3,0.8,105,164.52157929959975,951.5101040787804
18,41,1.0396510889886006,1.095879153568621,1.1797974875912653,1.4565149905376238,1.026991046736257,0.08054433560299563,0.5710395948412887,1.0,0.6,0.3,0.8,108,165.37437940413696,924.5810833896649
18,42,1.042097657433358,1.1052131792471007,1.1998386497705882,1.4661049119733631,1.030726926124137,0.08379959657191562,0.5746924371177407,1.0,0.6,0.3,0.8,110,173.82688522407267,979.7930860522246
18,43,1.0418041857087195,1.0479407210471818,1.0865772287719495,1.4466626025941496,1.0283366281209594,0.08279518832196435,0.5764279745413879,1.0,0.6,0.3,0.8,111,166.6009644767708,970.6233177098334
18,44,1.0382826503534806,1.0974171293715878,1.1916104254243907,1.478703811392598,1.028938852948143,0.0801021503036911,0.5712333024726315,1.0,0.6,0.3,0.8,112,162.07741714884895,938.0270610284964
18,45,1.0381721261392043,1.1081679409017529,1.2135009309781208,1.4913384191920662,1.0202547533754185,0.08007149432602403,0.5710350928426303,1.0,0.6,0.3,0.8,113,162.3331810741636,938.8923089100666
18,46,1.0384786348501867,1.084788778627279,1.167629547328462,1.4766872551590364,1.0255707779392023,0.0784493336556649,0.5759873024447073,1.0,0.6,0.3,0.8,114,169.0370768403756,957.5750919568786
18,47,1.039336554206308,1.118754168490184,1.2350710251684445,1.5052473046457209,1.0214498840425195,0.08221462037011715,0.5714009560280559,1.0,0.6,0.3,0.8,115,161.37447399132802,937.7199749412904
18,48,1.0396021459507,1.1053479477981252,1.2102211125801627,1.5108245271459686,1.0311826985168,0.07957012076369784,0.5787423267829398,1.0,0.6,0.3,0.8,116,167.07274474661705,990.2250617738024
18,49,1.0389547558296177,1.1034775252784432,1.2082186078250263,1.5102076390761818,1.0232112904034454,0.07872155347323824,0.5788301846650881,1.0,0.6,0.3,0.8,118,170.73333279584267,995.9931587266664
18,50,0.609634412520673,0.7602548139683271,0.9540293846199295,1.2352596934355404,0.5922573207762122,0.11468767996404403,0.3199390556795968,0.5339047690758258,0.6,0.3,0.8,148,186.9484874323286,605.062771277129
18,51,0.6120309935314823,0.761501035215427,0.9551516462680809,1.2299675555524325,0.5966478085591574,0.11658068542464564,0.31931826029049354,0.5359024045255764,0.6,0.3,0.8,150,188.52390492619327,692.3447031524292
18,52,0.5969730316197464,0.6348715756162786,0.7168043819709194,1.1464831578299013,0.5806277274412079,0.1169306070091313,0.3221564778446117,0.5158514552848269,0.6,0.3,0.8,152,192.257774827554,712.3374896895858
18,53,0.6223635490014181,0.6819790177893107,0.7861911630208334,1.1803374128802995,0.6067634726628627,0.11084426168221302,0.3589158605370385,0.5384473591940748,0.6,0.3,0.8,153,194.0526319062043,836.4181561357096
18,54,0.6057801041154842,0.6644770040840736,0.768590396093981,1.1863656325040228,0.5890559099493646,0.11192287215423231,0.3465621087120892,0.5216909078873568,0.6,0.3,0.8,159,193.89196045797263,834.8777135381089
18,55,0.6185392464925541,0.8103161322223373,1.0484040752036998,1.312092167261582,0.601563078113476,0.1159039754517723,0.32579105255999546,0.5424568351393797,0.6,0.3,0.8,160,195.34285266877995,725.6211246403027
18,56,0.6008636714206119,0.7702882095721479,0.9860284855067449,1.2765617368842297,0.5841789572840089,0.1185022130356439,0.3161400055886928,0.5220584333738163,0.6,0.3,0.8,161,192.78240796192225,710.5286097195159
18,57,0.6061480759302389,0.7751908402284571,0.9908900646381651,1.2818542309976666,0.5903731746645604,0.11765145246280866,0.3179878127040979,0.5286707494757762,0.6,0.3,0.8,162,192.29825079813617,710.0343696959177
18,58,0.7050370127396928,0.9178400334409982,1.178133136184923,1.4292781436741868,0.6902944794648549,0.11741682052592699,0.42049516801476294,0.6141189138267549,0.6,0.3,0.8,163,183.52934370393135,755.7928947602871
18,59,0.7114773162061167,0.7880639269311522,0.9140458291573936,1.3349974548338692,0.7062663178124989,0.12093933758476785,0.43064830606168025,0.6162059582529318,0.6,0.3,0.8,164,189.0916817750611,830.4638955230686
18,60,0.6635175436017211,0.858507137310608,1.1069149134439997,1.3308531240231678,0.6541413161414549,0.11319107197053327,0.3866549227229956,0.5791380235420555,0.6,0.3,0.8,166,201.22744654939348,818.6137932425563
18,61,0.6614353531038306,0.7652225197040675,0.9240484740142693,1.3008615397186236,0.6545774196756791,0.11139597050267784,0.3972750910561795,0.5742710793305412,0.6,0.3,0.8,167,189.20372978027976,909.52369556797
18,62,0.6603291695060363,0.8639740196010034,1.1232861232168019,1.3643146673662216,0.6443860740346568,0.11041709399627868,0.394339525808683,0.5747255178466334,0.6,0.3,0.8,168,195.8300679975328,864.5875943563032
18,63,0.6825787205260629,0.7857047287555022,0.9444601651441809,1.318210979010237,0.6674713521916221,0.11477459098809498,0.4058636551962128,0.5950455972449603,0.6,0.3,0.8,171,181.3639938009656,820.7602696771722
18,64,0.6833403024387371,0.8874984492371012,1.156849122769783,1.426124919399648,0.6872610159615862,0.1110070967849014,0.4100216283499356,0.5987310229719134,0.6,0.3,0.8,173,188.8486751824846,756.6076424982098
18,65,0.683408816193637,0.7516473578381953,0.8867224493058732,1.3267467908704391,0.6724027607817211,0.11268339712024422,0.38601264067316493,0.6069531926658411,0.6,0.3,0.8,176,177.83785915399554,674.1144825367096
19,0,0.7402665932441533,0.602116086754985,0.5642408604314627,0.025506363055615728,0.0,0.0,0.0,0.0,0.6,0.3,0.8,1,726.7792874485012,1491.7669722474695
19,1,0.716351124082376,0.6177921050156927,0.5782946961356553,0.06012160813095298,0.06132746548347304,0.0544232621656735,8.08682067577e-05,4.971836190008001e-05,0.6,0.3,0.8,3,673.7428079978322,1337.7178092702704
19,2,0.28756070491353203,0.42232179052484353,0.37223744554743915,0.07729511086074019,0.8218675959690696,0.07217671232533206,0.01240325622499993,0.00954089163948767,0.6,0.3,0.8,4,266.3604196033484,404.0123682194776
19,3,0.23548136511214943,0.36743056971190696,0.3110585447104991,0.0820445394792293,0.17670381267802646,0.07308513107998395,0.02289456377607523,0.01887755534947871,0.6,0.3,0.8,6,175.0881165500608,201.3607942354893
19,4,0.23748888775339325,0.3677394553843775,0.31054769447208624,0.09013000235035029,0.08919763073902331,0.07352783855724909,0.03110877160317723,0.02661482311669333,0.6,0.3,0.8,8,133.50663204433644,124.53268609059884
19,5,0.23914957020399177,0.3683072921336193,0.31056129261510407,0.11289603805611009,0.10159302257398664,0.0784662423279214,0.0288555926753437,0.03174239937199387,0.6,0.3,0.8,9,140.70617504851447,169.65338554135397
19,6,0.22830914767335603,0.37744698020209727,0.34121414003761646,0.11932422157050207,0.10519750425454569,0.07843989155168216,0.025213618364435992,0.027545885848237427,0.6,0.3,0.8,10,150.89781505577756,199.2883516459716
19,7,0.22793518218327669,0.38582805268216097,0.35998808655131015,0.12855736145900784,0.10890498535645492,0.0778748484683319,0.0297758015341432,0.03300723176063946,0.6,0.3,0.8,11,137.31784708644997,156.9904989738877
19,8,0.22180787134299257,0.3453594550454929,0.2857006669256618,0.1172231406202102,0.08107137822232073,0.08515587729549091,0.02659151600334157,0.02400809358807737,0.6,0.3,0.8,15,157.33544891576474,182.45688150006868
19,9,0.2212407307736363,0.3554960917615855,0.3068798135220523,0.12482315184098794,0.08077340688954776,0.08489249054220091,0.027467647665566242,0.02429025672972971,0.6,0.3,0.8,17,158.17784741467543,179.1703857366781
19,10,0.23593554826730634,0.39005385351267674,0.36306659208970393,0.16703234182116145,0.12313859856665366,0.08154500797724709,0.03887236474119762,0.04719030335071605,0.6,0.3,0.8,18,97.91685149899408,127.24492758355284
19,11,0.21346119722390974,0.34092515054712447,0.29039302816336054,0.13599453002533793,0.1269380022650027,0.08514250239654818,0.02990967845362415,0.030130943168463147,0.6,0.3,0.8,19,154.68064528076732,182.6027888481192
19,12,0.2134229774912829,0.3408610962488355,0.2903222270825386,0.13847411685391708,0.08440746427630007,0.08514844174036293,0.03002106176899551,0.030092914045039644,0.6,0.3,0.8,20,155.09787357042012,183.44286168882093
19,13,0.23488305486465938,0.39227241003189334,0.3743940102436689,0.19667682001298076,0.1405284048047044,0.10503227508312238,0.03017189847666325,0.04874271225078037,0.6,0.3,0.8,21,112.78992894386116,238.9808905992228
19,14,0.22822949600634063,0.3923749062694965,0.3846482217462926,0.20949238450633662,0.1196606925088484,0.10478262870940531,0.02982623925802342,0.048627850226934596,0.6,0.3,0.8,25,123.5483259792602,254.34527393578705
19,15,0.22689059892126157,0.39078370664914674,0.38299863421556224,0.20845982468416277,0.11184010179943057,0.1028653901432979,0.030258578389091628,0.048680859746982705,0.6,0.3,0.8,26,131.23117846316163,252.9879393366161
19,16,0.22337694422702678,0.385439934444923,0.3772502673472647,0.2127841015435397,0.12289307389370663,0.10581721703967757,0.028100033610550117,0.04590980472200169,0.6,0.3,0.8,27,130.48938746081268,244.02472218232015
19,17,0.2242276182394101,0.38625676584407975,0.3780598760480278,0.21658530985808935,0.10979178076656265,0.10522648791080691,0.02889356168202059,0.04717135289452288,0.6,0.3,0.8,28,127.24413549097387,244.70541175394
19,18,0.22232861244238128,0.3946652396049694,0.39746276709356226,0.22731928826646633,0.11465503675257696,0.10581721703967759,0.028100033610550117,0.04590980472200169,0.6,0.3,0.8,29,135.9358424986612,241.87723456972392
19,19,0.22352787208305488,0.39512700307461474,0.39776569949222823,0.23227517064711056,0.11638180408397147,0.10499723957094857,0.029962040667743876,0.04848943196870891,0.6,0.3,0.8,30,128.0739389864761,246.73519635739964
19,20,0.22280282671635945,0.3792030912163507,0.36981885012858356,0.23537599572980636,0.14522626419666096,0.1062076081355732,0.03142778930480146,0.05225934423975296,0.6,0.3,0.8,31,120.5793987763452,263.0957275175213
19,21,0.9734165525522096,1.1029445243400677,1.0702968623809166,0.9989174400083966,0.887192914301278,0.062080591335778354,0.11149074710642995,1.0,0.6,0.3,0.8,33,194.21449524880848,912.08063101948
19,22,0.9621242045343207,1.0873530784036347,1.0538766880058021,0.9946088518308546,0.8934518871763055,0.06277379659507716,0.08715277505038418,1.0,0.6,0.3,0.8,34,162.13786279433924,562.1805233397408
19,23,0.9603410948547948,1.075364099987806,1.0400687341273425,1.0088208055296435,0.9347742456389352,0.06177567815139434,0.11288057710024331,1.0,0.6,0.3,0.8,35,180.1029634873743,883.8929923447903
19,24,0.9579554564118742,1.070626744509321,1.0349330200312667,1.0108369469555922,0.8842507455612809,0.06040839998778149,0.11377371888393395,1.0,0.6,0.3,0.8,36,192.4472454931154,919.8434283615712
19,25,0.9511964726040156,1.0528281590067312,1.0153182544675674,1.0132594191226978,0.9358290966645275,0.06256528548435789,0.11372568840051948,1.0,0.6,0.3,0.8,37,168.83990191746173,856.6067185690619
19,26,0.9430247938330384,1.039430004009845,1.0105855695351171,1.0159944841747535,0.9174526234216036,0.06439277172159748,0.11595448160655777,1.0,0.6,0.3,0.8,39,151.93934705166097,811.3680550919909
19,27,0.9421414885483068,1.0480191454555214,1.0301013756986164,1.0252913455062536,0.8776070781785027,0.06439277172159746,0.11595448160655772,1.0,0.6,0.3,0.8,41,155.84114863418085,819.3491913195616
19,28,0.9435593991864452,1.047484970582305,1.029281433126321,1.0274686410703695,0.885971743836325,0.06458956399905165,0.12378870291140495,1.0,0.6,0.3,0.8,42,155.91018895346176,843.0771182140594
19,29,0.9394823459112521,1.0322691117463878,1.0028942760121724,1.0291136951593318,0.8719428855530695,0.06340542258709635,0.11264098309351629,1.0,0.6,0.3,0.8,44,163.141275236189,860.2221695710949
19,30,0.9389672093683082,1.0405185994724149,1.0219702789103025,1.0424488791140296,0.8844917023004958,0.0641249062405956,0.11357040220458066,1.0,0.6,0.3,0.8,45,159.08763596032733,848.3105323274316
19,31,0.9392267528588308,1.029658142751236,0.9999410591710205,1.0297469925731841,0.8729348997209383,0.0643893659461625,0.11394640605547195,1.0,0.6,0.3,0.8,46,157.82812725094084,843.9464894463987
19,32,0.9388553243914055,1.0279834544059503,0.9980785779441459,1.0390089455678697,0.8797478107100762,0.06532678295748924,0.11307188718284895,1.0,0.6,0.3,0.8,47,153.39009089573352,838.0965366292406
19,33,0.9392950560862855,1.0282516939672894,0.998321492317525,1.0364743469199085,0.8745846707743836,0.0647767204305801,0.1159511629207971,1.0,0.6,0.3,0.8,48,151.6702151937905,857.3947741290261
19,34,0.9505412996663122,1.043785157283022,1.0240528113635452,1.069402900015747,0.9223466349716805,0.059599858437129935,0.17497142148305608,1.0,0.6,0.3,0.8,49,152.3088367912598,759.3270227430571
19,35,0.9418855516302661,1.0446414827079098,1.0358523929611072,1.0746190992219962,0.8881575271363851,0.07052188919916046,0.1267643042824368,1.0,0.6,0.3,0.8,50,156.17924583022594,804.1842931766793
19,36,0.9383904004387595,1.0391840931508578,1.0301215302703297,1.0755674178195767,0.8810748756558286,0.0672669823275412,0.12465942294615148,1.0,0.6,0.3,0.8,53,138.4210576244156,790.6000465768783
19,37,0.9374558397419832,1.0377787071120923,1.0286507630440112,1.0812349816109827,0.8781404672134481,0.06669392017151096,0.12341023599731415,1.0,0.6,0.3,0.8,55,132.39095986965734,749.0609779066073
19,38,0.9355732793671568,1.0322475539985057,1.022616249071333,1.0901569985318595,0.8946283720385764,0.06710615507698228,0.12177700117999075,1.0,0.6,0.3,0.8,56,140.9920498898292,797.4437451364411
19,39,0.935695931990635,1.0310876599725434,1.0212806853515477,1.0971167169911737,0.8837001803656248,0.06901115400214201,0.1202523608555128,1.0,0.6,0.3,0.8,57,138.848663145055,797.5070286100214
19,40,0.9346333315952207,1.0283474200296707,1.0183116849926348,1.1029986122150033,0.8851662565081546,0.06823757315428665,0.12067740602217272,1.0,0.6,0.3,0.8,58,134.8297523444889,781.048196312969
19,41,0.9346333317773419,1.028347420549884,1.018311685512848,1.1029986127326565,0.8771458344830252,0.06823757354826568,0.12067740696825835,1.0,0.6,0.3,0.8,61,134.82974920602302,781.0481887613638
19,42,0.9345489887884368,1.0278901001891791,1.017803548172004,1.1030222174250555,0.8790473950507893,0.06924759936007738,0.1189089182335495,1.0,0.6,0.3,0.8,62,137.90558825103207,789.1277111020075
19,43,0.9341230156017384,1.0440833859141865,1.055575486425849,1.1395310711520437,0.9055820211169987,0.07151561950469695,0.12070002301627783,1.0,0.6,0.3,0.8,63,132.58989187600667,759.1601755838868
19,44,0.9388820093143677,1.0487669156266612,1.060249034908607,1.1801876134913891,0.884013359562534,0.06798101278213596,0.14373461459716447,1.0,0.6,0.3,0.8,78,136.86275660639808,845.3725315389416
19,45,1.1824728253000398,1.2472997002073072,1.2237341317412098,1.3435128812432828,1.1453566439564122,0.053389601102476945,1.0,1.0,0.6,0.3,0.8,82,169.31086432520442,664.7155662809465
19,46,1.1837907511024301,1.2923508112494524,1.3133611394886406,1.4085733680729318,1.1346022485443825,0.05598790729626402,1.0,1.0,0.6,0.3,0.8,85,178.9610203559111,786.3247527839757
19,47,1.1816657040516119,1.2568786954219917,1.2443860789613437,1.349096874045816,1.1317145457878761,0.05247644336940692,1.0,1.0,0.6,0.3,0.8,86,173.93908969137337,671.9548256624538
19,48,1.181340950606833,1.2659687147052308,1.2644234853758893,1.3759534878733712,1.1394546916814892,0.05294704436414051,1.0,1.0,0.6,0.3,0.8,87,160.47454716516606,627.5586289494096
19,49,1.183229472611786,1.2673108726468467,1.265695025708782,1.3843070966928699,1.1350968720247154,0.05642006559366336,1.0,1.0,0.6,0.3,0.8,89,170.42051078426636,674.4217970835133
19,50,1.1823231281972009,1.2657150083213282,1.2640102535073194,1.3803852266590304,1.1363297753072077,0.05531824655107866,1.0,1.0,0.6,0.3,0.8,90,159.25846471926224,626.7033107314579
19,51,1.1810236775300869,1.3188235405284359,1.372803938418143,1.4496954821220063,1.1375395097862135,0.05383104877778355,1.0,1.0,0.6,0.3,0.8,91,204.45285464680973,838.9150512981856
19,52,1.1814263400306975,1.2614925937582622,1.2593605806597032,1.3992407456697185,1.1432856047822686,0.05576149917434227,1.0,1.0,0.6,0.3,0.8,92,155.67347324580874,603.3828047324511
19,53,1.1778548252127514,1.2821616392193265,1.3123775939876463,1.4284568868074952,1.1531384746417803,0.054821432005612146,1.0,1.0,0.6,0.3,0.8,94,154.9714243432531,562.1088121492295
19,54,1.1738915813817878,1.2632872579095267,1.2818606405344277,1.429138788715373,1.1469641088135218,0.0502189194295682,1.0,1.0,0.6,0.3,0.8,95,143.92936105906622,553.8815325072004
19,55,1.176169592562803,1.2984940377192882,1.3505180117557196,1.466389415156109,1.1341161973524607,0.05420294890590368,1.0,1.0,0.6,0.3,0.8,96,137.96693270276063,510.34042133625945
19,56,1.1749645116304808,1.2831767350662169,1.3236605663970515,1.4638889728021525,1.1454816606410558,0.05373431063278276,1.0,1.0,0.6,0.3,0.8,97,126.51812234718054,491.3119156827584
19,57,1.175920490466025,1.3036976676434953,1.366187050632476,1.4907719871815757,1.1397057978246332,0.056636508584706646,1.0,1.0,0.6,0.3,0.8,99,122.90127235971238,540.840452335585
19,58,1.1748578872878914,1.301592750950746,1.3639535285460793,1.4831325131608257,1.1377585818054181,0.05537797209035809,1.0,1.0,0.6,0.3,0.8,100,125.88395055720814,521.2974928624673
19,59,1.1748341281924377,1.3014208823375684,1.3637634864262995,1.4797568112458142,1.1335682546542545,0.05541084799449305,1.0,1.0,0.6,0.3,0.8,102,120.57160565409264,544.9100771769704
19,60,1.1745891000150994,1.3007313790070667,1.3630192782250015,1.4829666411079743,1.1350691295001387,0.05522035208686258,1.0,1.0,0.6,0.3,0.8,103,130.57397034619697,549.8038921901043
19,61,1.1734425375046151,1.2939351798081686,1.3555313879292168,1.5232508495321317,1.1397004152929897,0.05600394408601541,1.0,1.0,0.6,0.3,0.8,107,122.07262238292614,503.18244669389856
19,62,1.1753916004917881,1.3066187388502988,1.3793360216192705,1.561790029389852,1.1359654087117088,0.05942180805517977,1.0,1.0,0.6,0.3,0.8,112,134.1197137015192,731.789929151778
19,63,1.1754333240352675,1.3267185386817562,1.4215068280368228,1.578446315802596,1.14543895918019,0.060477181450609874,1.0,1.0,0.6,0.3,0.8,113,119.83568565616912,635.7431284439763
19,64,1.1750991916687348,1.3251993795852877,1.4198440343468262,1.57482532689446,1.1413463554806338,0.060461034128418786,1.0,1.0,0.6,0.3,0.8,114,121.33386060277591,640.3667013598823
19,65,1.169713683258934,1.2465906032676375,1.273438233323979,1.541757738097256,1.1617342326516047,0.054512039007494385,1.0,1.0,0.6,0.3,0.8,115,136.90973919981826,565.1969615196053
19,66,1.1678919029631363,1.2373526832029544,1.2633208934744795,1.5408278252246534,1.1478827861521308,0.05451203900749437,1.0,1.0,0.6,0.3,0.8,117,125.30938319037118,556.6885743486454
19,67,1.1653050954795259,1.2292158998820748,1.2545285263986554,1.551919122586806,1.1391770594157973,0.052429873373257316,1.0,1.0,0.6,0.3,0.8,120,134.62187385039616,540.2013470055726
19,68,1.1653362942186032,1.2257446840861665,1.2506460230997578,1.5493275824707413,1.1395558724431223,0.05384446347956208,1.0,1.0,0.6,0.3,0.8,122,107.24304266464472,507.7351846148864
19,69,1.1653362942186032,1.2257446840861665,1.2506460230997578,1.5493275824707413,1.1323067601449075,0.05384446347956208,1.0,1.0,0.6,0.3,0.8,124,107.24304266464472,507.7351846148864
19,70,1.1655278429423601,1.2237294104915257,1.2483725916594695,1.549762632614942,1.1352811334357935,0.055005591664408424,1.0,1.0,0.6,0.3,0.8,128,114.92583119363364,527.5765137863685
19,71,1.1683111285920922,1.2701176998868708,1.339330827801815,1.7169455494714296,1.136114103523015,0.05993948703427464,1.0,1.0,0.6,0.3,0.8,148,123.58511289397728,589.2877110493486
19,72,1.1614717775736105,1.2616197731294392,1.330639574730033,1.7366796673047944,1.1297767770382774,0.04916085186382216,1.0,1.0,0.6,0.3,0.8,173,142.99111244477274,637.3391310517172
19,73,1.1600571105394555,1.2797999955685735,1.3708479933243622,1.803996812849964,1.13080557448809,0.04776775631200836,1.0,1.0,0.6,0.3,0.8,178,139.78126883206272,666.6368971175649
19,74,1.1597351016447148,1.2780812193981628,1.368967412480486,1.8038030732373525,1.1342831029374685,0.04773287541934247,1.0,1.0,0.6,0.3,0.8,179,133.86108817091116,656.8595572893626
19,75,1.1592748331812253,1.2761807888987449,1.3669002399480328,1.8137496675505715,1.1314290341587874,0.04748413429064956,1.0,1.0,0.6,0.3,0.8,181,137.72970132976357,666.5463800478356
20,0,0.7481438837288703,0.604383721693191,0.5667244074640829,0.0257268174241429,0.0,0.0,0.0,0.0,0.6,0.3,0.8,1,730.4523871914791,1582.3107316995613
20,1,0.740256980886702,0.6253971875374771,0.5866007046767472,0.061097330724116536,0.053145562529340315,0.054815437314154114,8.587232338695e-05,5.52047541544e-05,0.6,0.3,0.8,3,625.4418668169521,1297.2338961373014
20,2,1.5211979635198727,1.5908176394220097,1.5550162962628187,1.0040342241610785,1.1419199878367094,0.11178683114782831,0.41683204282924996,0.9684914235595651,0.6,0.3,0.8,4,431.9560934837415,637.7867122395244
20,3,0.24870362887682487,0.3827825677795122,0.32772142897316375,0.07267112540954895,0.8595895919488621,0.07152537355775909,0.03007035877173601,0.01933133631249168,0.6,0.3,0.8,5,192.7777906261303,235.28263599525872
20,4,0.2536889130238331,0.3865608195936975,0.33070132345678316,0.08749237879549959,0.09365080643691392,0.0768810306858074,0.03363087498893616,0.02918634336709619,0.6,0.3,0.8,7,168.81315741234476,162.59481406043182
20,5,0.25236563863786293,0.38513933281489626,0.3292182464172464,0.09189257552273757,0.0798912773298051,0.0769348881265024,0.032735362893890604,0.028513448038525367,0.6,0.3,0.8,9,158.857345337148,149.34132668275416
20,6,0.2562325174699124,0.3797517476263911,0.32823815019864017,0.1528984101166803,0.37161747571057596,0.11379743837695284,0.03811209074533306,0.06698481662136849,0.6,0.3,0.8,10,160.4533608389445,121.52328887906344
20,7,0.2562325171673904,0.3908487986180583,0.35050044094966865,0.1608726026354667,0.13329999332463605,0.113797438357595,0.038112090033032606,0.0669848153694477,0.6,0.3,0.8,12,160.45336704580345,121.52329250948758
20,8,0.254135121072818,0.38662701939800925,0.34577859608470607,0.16547667816889594,0.14315016204503667,0.115314286556835,0.03818425841583091,0.06710920390624239,0.6,0.3,0.8,14,155.80497219426715,138.74934331405132
20,9,0.5099471012036165,0.641074851900087,0.5999143401744488,0.4395794666833172,0.4030604667816259,0.09930680303303092,0.13581333530926992,0.3646610074349355,0.6,0.3,0.8,15,196.6833560098057,239.09239646172588
20,10,0.4740204133579313,0.5918059762793582,0.5569967543764732,0.43442274726868857,0.46716508410906443,0.10109982180802042,0.15392639534269753,0.3442842526899753,0.6,0.3,0.8,17,199.9478456546009,204.66291566879045
20,11,0.47084329459821195,0.5849205508604376,0.5494675181085178,0.4419318409280702,0.39349600406413177,0.09798928448115564,0.15517166901732551,0.3459968640064764,0.6,0.3,0.8,19,190.18668890719215,193.19591207905623
20,12,0.4569749421823832,0.5612179958154736,0.5241282784432748,0.4473682203528594,0.4334440661925122,0.099143601982175,0.1675290381646861,0.3323603982921298,0.6,0.3,0.8,20,198.49565831665308,259.78494298686627
20,13,1.0250109362504258,1.1301188471091934,1.1025780856778686,1.009152584026971,0.9791132150916899,0.09807558488838299,0.30524162116271386,1.0,0.6,0.3,0.8,22,232.9803489540137,398.9477936865237
20,14,1.011626027008203,1.0933804020459448,1.0624258432309062,1.0133086195022223,1.0095789322612143,0.09466715243133982,0.309134089152867,1.0,0.6,0.3,0.8,24,222.9370798292619,381.5272279860519
20,15,0.9898897540402154,1.0686862728872386,1.0469682142454642,1.0039373310646462,0.9679621844184925,0.09456838819974644,0.2575752730885107,1.0,0.6,0.3,0.8,26,209.7807959764789,344.6375279673469
20,16,0.9897549691822941,1.0793172867639134,1.068719798184037,1.018129368637379,0.9348003684182646,0.09458239140672726,0.2575538769631195,1.0,0.6,0.3,0.8,28,210.16268894552377,346.82541565007386
20,17,0.9710518703402198,1.0493115408869937,1.0371846470671284,1.0146467781036625,0.9390509349206576,0.0926268289444966,0.24628213200136692,0.9882721371140055,0.6,0.3,0.8,31,208.7196082861801,337.3854336982741
20,18,1.0099151638349102,1.0846091332468255,1.0817754082281053,1.0531647681364422,1.0289053570420987,0.11212676942063968,0.32222650954686655,1.0,0.6,0.3,0.8,32,223.94430103701265,374.522395293347
20,19,1.0087537672910245,1.0624196490544873,1.0569769023300826,1.06182988999105,1.0153104766743015,0.12438253613533652,0.3151110062813498,1.0,0.6,0.3,0.8,34,218.5276266889209,367.85978555567954
20,20,1.0082727695570513,1.0619557597064628,1.0565145342668147,1.0644042306259056,0.9687082735505748,0.12300336080425837,0.3162714142051575,1.0,0.6,0.3,0.8,35,217.99888590574173,369.1334169180827
20,21,1.005291833529214,1.0563481547174363,1.0604364888155517,1.0750779886479247,1.0246018444666083,0.12438253613533652,0.3151110062813497,1.0,0.6,0.3,0.8,36,223.02858762518048,382.33363330813086
20,22,1.0006820965550132,1.0398247616001264,1.0326504178042453,1.0705755219263917,0.9664752092869706,0.11521391987896452,0.31876815332582187,1.0,0.6,0.3,0.8,38,222.33740803624832,383.6076955390516
20,23,1.0019300133047087,1.0398488404019477,1.0325288190683382,1.0750928866050073,0.971448322656068,0.11533827961733625,0.3236989965639375,1.0,0.6,0.3,0.8,39,221.0600659245837,382.2130024818627
20,24,1.0018446591872405,1.039670070988125,1.032338984135696,1.0781322077846145,0.966642479823721,0.11514959843122327,0.3238693498965639,1.0,0.6,0.3,0.8,40,220.94039750845,381.2111445854703
20,25,1.0004941097960107,1.0461262336970683,1.04957029400369,1.086532509422116,0.9794727371121248,0.11861927570989517,0.3151245348421393,1.0,0.6,0.3,0.8,41,217.393101142918,407.9028095651244
20,26,1.0021105290439467,1.0321935617787028,1.023947171070711,1.1011275480235594,0.9869104350028246,0.12404944810313512,0.3132008172581689,1.0,0.6,0.3,0.8,42,212.77677691651576,450.0752224394024
20,27,1.005853493667744,1.0321791912079514,1.0234919469131354,1.1084101625043088,0.9885579213650807,0.11533735926097563,0.3460121485053483,1.0,0.6,0.3,0.8,43,216.05643920486213,367.8777644997585
20,28,1.0083048542616133,1.0296336240905974,1.0203635317108135,1.1145036187548005,0.9971343940309874,0.12218359755451254,0.344242936867511,1.0,0.6,0.3,0.8,44,216.71781905490883,408.6349302094297
20,29,1.008158129155142,1.0290793731544703,1.0197618545959082,1.1175114637992418,0.9781974975613323,0.12200069090489285,0.34442009289543696,1.0,0.6,0.3,0.8,45,216.572275739078,407.58353486185865
20,30,0.99895578208952,1.01482781227226,1.0049254163312829,1.099469570139671,0.9890506800252128,0.12178275948550421,0.31783431002729323,1.0,0.6,0.3,0.8,46,215.27683273472024,427.68225069074856
20,31,0.9988843651890578,1.0146842575445574,1.0047735136458698,1.1025178177255528,0.9686580966019033,0.12160064922914893,0.3180118226421686,1.0,0.6,0.3,0.8,47,215.1418003989592,426.6397062359415
20,32,0.937158691546907,0.9714535256895774,0.9834471829013472,1.060283077052456,0.9104244033920024,0.10349526711568649,0.31451192064453165,0.9387081067423309,0.6,0.3,0.8,52,226.81368466299517,475.1095832202368
20,33,0.9438036158020666,0.9780744842684221,0.9900653761254912,1.0733824929046487,0.9141158434025369,0.1050607720071538,0.321962881973355,0.9430522595689924,0.6,0.3,0.8,54,233.6107307943236,507.8052063119971
20,34,0.9985610187900553,1.0523849421987272,1.08640329005372,1.1414167531849586,0.9800631642859938,0.11881730583207059,0.32692803732743536,1.0,0.6,0.3,0.8,55,215.58302379893084,419.0811839367889
20,35,0.9312741150904056,0.9638461833191603,0.9855415232803302,1.078050188816714,0.944937365889335,0.10239733127292217,0.3142818835768032,0.9354569619747938,0.6,0.3,0.8,56,227.5506915286973,474.3570257172709
20,36,0.9359222607196747,0.9537548437482665,0.963872662971798,1.0856600849524396,0.9166881162244673,0.0988049638461248,0.32422414122855947,0.94109174116041,0.6,0.3,0.8,58,223.83611395205784,458.6961777683054
20,37,0.9385508941588055,0.9544183343892625,0.9643145619515306,1.0915938905767884,0.9202235094057739,0.10259407668307759,0.3240350865243113,0.9420610122610862,0.6,0.3,0.8,59,223.9449551233769,492.287456944232
20,38,0.9385017930179922,0.9651990826901662,0.986230603599284,1.1082784170886306,0.9129462658242727,0.1025940766830776,0.3240350865243113,0.9420610122610864,0.6,0.3,0.8,61,224.43183715551783,493.579636471812
20,39,0.9389363491168399,0.9656015881319657,0.9866294737950909,1.1119414354369743,0.9129831679192308,0.10511956170110781,0.3231511714005793,0.9410489101933376,0.6,0.3,0.8,62,226.3047812639261,506.7805141970091
20,40,0.9532031202854416,0.967029196791049,0.9766955386779601,1.1166521668859604,0.9343692801303088,0.10442865178593941,0.314260764216446,0.9631329288760355,0.6,0.3,0.8,63,224.9746813546905,497.1750082508775
20,41,0.9665310932747023,0.9729680700264375,0.9818063307681151,1.1392090146806222,0.9566865620060991,0.10459562364570223,0.3199130222697414,0.9791870760070903,0.6,0.3,0.8,65,224.5144952501352,497.7198178680112
20,42,0.9836298010609006,1.041095762018271,1.1052638416747838,1.1719899532235085,0.9686954277097063,0.10066658142735532,0.3412591676607691,0.9964536376494596,0.6,0.3,0.8,67,226.26223395208183,508.5170915743775
20,43,0.9551603399105569,0.9751670670368968,1.0053765158579082,1.152790416855721,0.9376053422150781,0.10542019591033444,0.33443521615317606,0.9607271233575265,0.6,0.3,0.8,70,227.13113255700296,513.5940911679048
20,44,0.9541048223622003,0.9715211712291691,1.0014438697992079,1.1551438749871112,0.9416464264492174,0.10246194677301138,0.3358033212997401,0.9616406113998315,0.6,0.3,0.8,71,224.7350244717606,497.0416410903
20,45,0.9540626633608712,0.9823137724606039,1.0233726725156385,1.1658289476713148,0.9320399031228848,0.10246194677301138,0.3358033212997401,0.9616406113998315,0.6,0.3,0.8,73,224.53765607344224,496.59573709860143
20,46,0.9525192147435073,1.0014050801904488,1.0646223891195281,1.14133774626944,0.9363247759628578,0.10033402928536536,0.3363724535904568,0.9614071629674695,0.6,0.3,0.8,74,224.4530022120476,497.7824723077185
20,47,1.1890240880730447,1.3253735581777573,1.4777684206510135,1.7602317056731378,1.1670404594529529,0.11158685755525102,1.0,1.0,0.6,0.3,0.8,132,179.7194079923492,506.78643113787217
20,48,1.186381889080467,1.2852401281747114,1.423589763312512,1.7457282060867796,1.2124032393539441,0.1136144144230398,1.0,1.0,0.6,0.3,0.8,134,188.114935589786,525.2697239484861
20,49,1.1861099494903569,1.2932464607477532,1.4424572278350147,1.7594774389460608,1.1737152809294007,0.11378969622456374,1.0,1.0,0.6,0.3,0.8,136,190.2632165198885,523.2090264280345
20,50,1.1861246614025402,1.304339677169413,1.4647138930131955,1.7993598124697487,1.1683008368013705,0.11381829759614606,1.0,1.0,0.6,0.3,0.8,143,190.28768033835496,523.2730659219986
20,51,1.1852218389490765,1.2823911448853704,1.42055850692759,1.782592934730802,1.1688955716064444,0.11206047371897498,1.0,1.0,0.6,0.3,0.8,146,189.85493843971196,507.1019283353962
20,52,1.1858636865556833,1.2856178734683854,1.4340345698645383,1.8079907787976943,1.1785207518306773,0.11498014156227625,1.0,1.0,0.6,0.3,0.8,149,192.27820281883672,506.2345905829168
20,53,1.1830925636765923,1.2675922572192855,1.4043983203117798,1.8034875314615828,1.169935841616089,0.1112276710510239,1.0,1.0,0.6,0.3,0.8,150,196.12507502985665,522.1000601422136
20,54,1.1847740716325965,1.2776499886461257,1.4253306253595381,1.8184825240177245,1.1747953942066147,0.11458771445790361,1.0,1.0,0.6,0.3,0.8,152,192.9170682615396,533.613247626918
20,55,1.1833901641507651,1.2864335344556308,1.4451799544197155,1.8419401895420269,1.1678050478470419,0.11247368680572678,1.0,1.0,0.6,0.3,0.8,155,200.49099368217728,493.77559856824
20,56,1.1887986215136306,1.3398708210018593,1.5336941376925877,1.950577522005735,1.171785691752239,0.11837073172117744,1.0,1.0,0.6,0.3,0.8,168,190.22034772224237,516.0153132217488
20,57,1.1884663815050058,1.3282942382210856,1.510936254933735,1.9689250434776198,1.176324603210014,0.11784949355962344,1.0,1.0,0.6,0.3,0.8,170,193.7278851655041,521.7316133739619
20,58,1.1900923343259395,1.3488343224350086,1.5534540044109117,1.9814442110246093,1.1737393852817912,0.12127522531036994,1.0,1.0,0.6,0.3,0.8,172,183.0002604979368,487.2994134075597
20,59,1.1883387150996563,1.3277911938936326,1.510392906062041,1.9808034877595904,1.1707938863224596,0.11771929894644376,1.0,1.0,0.6,0.3,0.8,173,193.75616252737612,521.5814153754225
20,60,1.187159208984227,1.3390723192179288,1.5429593473358632,2.0555915380246104,1.1707737045018296,0.11783305401600921,1.0,1.0,0.6,0.3,0.8,184,177.85458062231805,549.5642167302386
20,61,1.187401383603894,1.3393608687722298,1.5432528649699069,2.063933959790664,1.1716296402755912,0.11822704844928189,1.0,1.0,0.6,0.3,0.8,185,175.6695724711902,550.4058589626196
20,62,1.1880436708130786,1.3574910594738216,1.5732336808408842,2.0824400174223707,1.1748066578793728,0.11794644269504376,1.0,1.0,0.6,0.3,0.8,187,184.6947887135281,531.9257502719814
20,63,1.1882140459516322,1.3676247649137796,1.5944110343938591,2.0924152834054244,1.1719802318868107,0.11847298116325775,1.0,1.0,0.6,0.3,0.8,189,185.95611155720343,534.6569117512878
20,64,1.1846822750147186,1.328652590298344,1.5316913331202924,2.0997170668599194,1.170535999028336,0.11531630340462995,1.0,1.0,0.6,0.3,0.8,192,170.87081403326206,556.8189393319643
20,65,1.1846195275122096,1.3097942125297088,1.500849554909786,2.093408736337532,1.1992200811935056,0.1167044629428309,1.0,1.0,0.6,0.3,0.8,193,187.92411937952448,544.3872256364724
21,0,0.671633373657123,0.5812835453808493,0.5414252849759319,0.023484614103202232,0.0,0.0,0.0,0.0,0.6,0.3,0.8,1,885.5235748525553,1555.5266782839435
21,1,0.651924037782713,0.5988617041816418,0.5572353433378662,0.06138337812473075,0.0673317486907209,0.06011391093787723,8.319868525153001e-05,7.32051281616e-05,0.6,0.3,0.8,3,833.5798417588012,1446.9499741189322
21,2,1.567753453001064,1.6018794823822586,1.5582097521896907,1.0894906802717457,1.1998055726628463,0.15876300995803494,0.5512600255714901,1.0,0.6,0.3,0.8,4,403.0179671674062,519.854252076093
21,3,0.3403454339225964,0.46625363210126936,0.4203603985162734,0.07216450871852752,0.4630672933262918,0.07725867050927107,0.00817552270788044,0.00719350535178636,0.6,0.3,0.8,5,502.81209572462046,815.9845985685379
21,4,0.275069115489155,0.3905763992535733,0.328645074420076,0.15165800011489727,0.7099396375457409,0.106641923175904,0.030544351615171227,0.09277429529057668,0.6,0.3,0.8,6,184.6653050766776,85.39362248140748
21,5,0.27143015663663045,0.3956856896228556,0.3443497570395369,0.15654051372903455,0.15727840856114828,0.106641923175904,0.0305443516151712,0.09277429529057668,0.6,0.3,0.8,8,185.2361495939145,94.43444848828204
21,6,0.5388662279110676,0.6620305806264464,0.6104320977207983,0.4276174055292594,0.4257345230280687,0.13964583802907116,0.057300890238499005,0.3943664920897175,0.6,0.3,0.8,9,146.17748085456526,190.9803434825476
21,7,0.3068504694436279,0.42879788659244944,0.37691267938263284,0.2007365241524704,0.19635871446740258,0.11119179021936203,0.04052494431788016,0.13422192718472173,0.6,0.3,0.8,10,150.74257970591083,107.65671010758808
21,8,0.5340354258164222,0.6529639182583622,0.6003906681710539,0.4337982401984708,0.44191645797489654,0.1414225149220258,0.05737294202529486,0.39447374371622257,0.6,0.3,0.8,11,146.3202177471139,203.7713335682882
21,9,0.5307074549137709,0.6468433874988607,0.5936603329166255,0.4358264741297782,0.4394347186500932,0.14079862832333154,0.05767425581596981,0.395185715415588,0.6,0.3,0.8,12,137.87782384651703,234.6047023041614
21,10,0.5658084187510627,0.674770037520291,0.620113461098445,0.48483008665631266,0.48732053879510734,0.1402028295899454,0.06467960108123713,0.4472618766749318,0.6,0.3,0.8,14,110.45739130776512,564.042431688811
21,11,0.6822662833255166,0.8015183264050447,0.7578686304874238,0.6019812661255075,0.5842340658008081,0.138550176720633,0.08958534078438017,0.5858057374198032,0.6,0.3,0.8,15,103.5635084430426,530.5824777291822
21,12,0.5825644279867827,0.7017482184621808,0.6580850289794942,0.5091159622978422,0.479498758091479,0.14036914952444096,0.06771465888156383,0.4681069026030496,0.6,0.3,0.8,16,102.972897560341,716.4293690976191
21,13,0.6771800955795576,0.7955975722921028,0.7517852673500869,0.604701890714463,0.5796958311329763,0.1392251971893833,0.08798406687130804,0.5806344395753531,0.6,0.3,0.8,17,97.18868320180955,492.1390033203688
21,14,0.6693272662384766,0.797944494056269,0.7651242090728245,0.6071915921387194,0.5690381589699209,0.1423063184053806,0.08493534738099923,0.5708060263636605,0.6,0.3,0.8,21,106.2470358392098,440.3153669992093
21,15,0.49072910823546256,0.6259462088763419,0.6034432552582847,0.4444907504269503,0.4082776168658436,0.13933156450629258,0.06304868745630074,0.36350934081053354,0.6,0.3,0.8,23,110.706693291305,312.50581798194054
21,16,0.4893269389667276,0.6236559183600392,0.6009895684400763,0.4491038754710706,0.39563264656411085,0.13725739036678256,0.06353890998904474,0.3641655601814281,0.6,0.3,0.8,25,115.53041668758672,338.409482138285
21,17,1.1858727815640238,1.3186090373966852,1.295652142198915,1.16019661048421,1.0941761700024695,0.36223042219639867,0.2447213244347409,1.0,0.6,0.3,0.8,28,153.62135045219406,18914.6680124877
21,18,1.506926481973401,1.6316078760623123,1.6072342191399787,1.4949188730763954,1.4686341672387377,0.7452880111834228,0.5715367364011267,1.0,0.6,0.3,0.8,29,184.1659874138448,1048.2973723072023
21,19,0.6650505110862405,0.7865529193661536,0.7616424599102876,0.6661921624635216,0.5886676117549298,0.13107222692449844,0.07357143483474757,0.5981288142069493,0.6,0.3,0.8,31,109.17628023783796,1268.04408871811
21,20,0.6649866315967232,0.7975004553323897,0.7837412279081037,0.6747590401489487,0.5794664596868118,0.13107222692449844,0.07357143483474757,0.5981288142069493,0.6,0.3,0.8,33,109.09051984149846,1269.055787282394
21,21,0.6710706470267904,0.7855410829623528,0.7594781354867693,0.6963543214359261,0.6304364038693109,0.12933436013192373,0.07926924667478616,0.6111652383692233,0.6,0.3,0.8,34,113.7793928468731,1370.0286887484217
21,22,0.6662922467555807,0.7801467087086762,0.7539842576041647,0.688996709188024,0.5877460545886877,0.1351886407355889,0.07893253601072556,0.6014669404436825,0.6,0.3,0.8,36,110.55901224969844,1282.7477478711974
21,23,0.6652327155061541,0.7553217761865025,0.7065780394766844,0.676743952406706,0.5947931080063393,0.1359773694617281,0.07939164445615024,0.6007045163264403,0.6,0.3,0.8,37,108.9974298622931,1292.3043892099197
21,24,0.6649671493937233,0.7649899633648193,0.7272278038180535,0.6798125653383923,0.5929166355725567,0.13593696511360714,0.0795260234881757,0.6013108408323372,0.6,0.3,0.8,38,107.018660948248,1323.7287410089514
21,25,0.6644297035668459,0.764397395766697,0.726626589873973,0.6854168719031671,0.5862742274648145,0.13597736946172811,0.07939164445615018,0.6007045163264401,0.6,0.3,0.8,39,107.27110859426476,1321.3525059126407
21,26,0.5105423151998325,0.6546823854092474,0.661538580666802,0.5708218533891154,0.43343546941133426,0.12751982832767764,0.050189306052531156,0.4258184547828502,0.6,0.3,0.8,40,144.885022116538,1607.8823718771166
21,27,0.6664462484609922,0.7768512253262824,0.7501416804735277,0.705464646468397,0.5908755712677399,0.14118284020962424,0.07722145887317079,0.6006764664386808,0.6,0.3,0.8,41,115.166310999373,1260.058847366146
21,28,0.4930803595885793,0.6316413474222955,0.6376185667140648,0.5688321427208236,0.4475756369883469,0.10644236430370427,0.12474292250308756,0.3964102868908757,0.6,0.3,0.8,42,226.11428209240813,471.5531664712436
21,29,0.4928432293117657,0.6420878430822174,0.6591684872247601,0.5814506243451927,0.41946624060298626,0.10644236430370427,0.12474292250308752,0.3964102868908751,0.6,0.3,0.8,44,226.2152134137511,470.83038975660446
21,30,0.4900660625576259,0.6344681020264176,0.6508234167465932,0.5806835832751647,0.4434682616053992,0.10644236430370427,0.12474292250308752,0.3964102868908751,0.6,0.3,0.8,45,228.90364119748452,458.48656785786073
21,31,0.4899610408253625,0.645276958705438,0.6727702064931593,0.5967633095289893,0.4193811913995955,0.10644236430370427,0.12474292250308745,0.3964102868908749,0.6,0.3,0.8,46,229.22176329986263,457.46238497299146
21,32,0.49985343737972443,0.6275911601182499,0.6319532918678853,0.5991097326639521,0.4596760807911836,0.10879867536477754,0.12759332289330666,0.4097204393988159,0.6,0.3,0.8,47,206.1051414176057,587.6113205927401
21,33,0.49850667684551475,0.6262079103653336,0.6305661794977642,0.5945815676216,0.4300207268950953,0.11114035281163055,0.12449345095459649,0.40744720524614675,0.6,0.3,0.8,48,224.0932392308743,542.8996276248494
21,34,0.49854495085205763,0.6348979838080246,0.6500645297389451,0.6117209702999437,0.44391525597252546,0.10879867536477757,0.12759332289330677,0.40972043939881564,0.6,0.3,0.8,49,208.3105420202108,573.9637268824971
21,35,0.5007815141068999,0.6251431843647741,0.6290147107131214,0.6076448573888811,0.43862037392540376,0.11070638766086938,0.1275101875600281,0.4117035639570344,0.6,0.3,0.8,50,203.5218821716201,592.8873642913483
21,36,0.498364789432852,0.622595611339177,0.6264480895162614,0.6116184551912817,0.4323587908238672,0.11092657879667404,0.12566328809851207,0.40929534733267214,0.6,0.3,0.8,51,220.29799005176477,554.7596763934913
21,37,0.49629440494534,0.6110373447595946,0.6135382682687684,0.6097099471089265,0.4820052583621812,0.10926979493673714,0.1286024374608808,0.41273715531411215,0.6,0.3,0.8,52,213.5623266833373,670.6386100499952
21,38,1.0495191463085196,1.1787982669019383,1.2025685997727362,1.2082013869864174,0.9972838666670039,0.10126238897708979,0.43429375992820296,1.0,0.6,0.3,0.8,58,201.32616882383047,714.2893487641895
21,39,1.0481973473467279,1.1648216868266181,1.1868887644366088,1.2202243534892112,1.0250213837692204,0.10208081662151296,0.44571733064888025,1.0,0.6,0.3,0.8,60,170.5366504373572,1126.4497411901737
21,40,1.0456619523020165,1.1585907639100133,1.1801708904881352,1.2284485106915595,1.0024357765201668,0.10061683506522164,0.44492486242478135,1.0,0.6,0.3,0.8,62,158.85405624532447,1051.319820497869
21,41,1.041988733852797,1.187982802766097,1.2430296868116923,1.249539842384625,0.9905827720322694,0.10189210578206857,0.43039802474845745,1.0,0.6,0.3,0.8,65,163.47171940708773,970.0422744081242
21,42,1.0399980654350314,1.1587419156551126,1.2005444075856646,1.2578691976733025,1.030615530710317,0.0911708161215246,0.46416382923928345,1.0,0.6,0.3,0.8,67,188.8750122769158,997.46924018121
21,43,1.227368965351211,1.4115626260103802,1.5397977267735532,1.5773331331393787,1.1932237374683132,0.14725708229174378,1.0,1.0,0.6,0.3,0.8,88,190.6560310142389,1579.1301384748783
21,44,1.2221519822108753,1.3980065266789756,1.525236666679985,1.5807760515727076,1.2031022782769913,0.14225897656706946,1.0,1.0,0.6,0.3,0.8,90,181.0623365297312,1490.0620693119552
21,45,1.220858307513896,1.391481911740473,1.5180910758905113,1.5801191243482198,1.2068818758778317,0.14225897656706946,1.0,1.0,0.6,0.3,0.8,91,182.85669531799243,1466.3179748973205
21,46,1.2207801428926404,1.4132818215735374,1.5621839711229881,1.61037364518319,1.1857954537329205,0.14225897656706946,1.0,1.0,0.6,0.3,0.8,94,184.2703143136699,1452.8591504257402
21,47,1.2207513323674304,1.4242335060654594,1.5842871751113448,1.6141363448753951,1.1855994830214773,0.14225897656706946,1.0,1.0,0.6,0.3,0.8,96,183.81231090497425,1456.9178629683238
21,48,1.220132498627521,1.4233454630617475,1.5833670041435148,1.6173888458621033,1.185962028350826,0.14134163688181875,1.0,1.0,0.6,0.3,0.8,97,185.6345026559437,1453.6326840304707
21,49,1.222438430848279,1.4356438714075273,1.6066998987469345,1.6312448162821884,1.1919712826712077,0.14563433481278393,1.0,1.0,0.6,0.3,0.8,98,185.0865034828741,1450.642268207971
21,50,1.2155743555691867,1.3871093431452821,1.533556442540871,1.6337299451766722,1.1983727634224937,0.1416249483529386,1.0,1.0,0.6,0.3,0.8,104,3100.119787303912,1490.0730692305876
21,51,1.2069552417941047,1.402405854362081,1.5812715870268632,1.6739293513309026,1.197283452389575,0.13049484832956812,1.0,1.0,0.6,0.3,0.8,106,205.40243853675324,894.5386473226937
21,52,1.2005995168026058,1.3726704291904817,1.5290701266859454,1.635754219955707,1.1769444298877867,0.12029642543853172,1.0,1.0,0.6,0.3,0.8,107,210.247725482083,901.407473298209
21,53,1.2037424394455787,1.3589240616595497,1.5233401109322087,1.6664216685206266,1.2174428953684986,0.13402420890326489,1.0,1.0,0.6,0.3,0.8,110,214.9654559415036,897.5269510810954
21,54,1.2051302027240833,1.3796610162176763,1.5660923436835255,1.6966241590824784,1.1878251869605838,0.13711782144249718,1.0,1.0,0.6,0.3,0.8,112,211.78406594215912,892.7929899102852
21,55,1.1995302073478216,1.3592315295341655,1.5340847995795222,1.682414147915721,1.191831773819838,0.12878840737225214,1.0,1.0,0.6,0.3,0.8,113,207.08219064094328,915.3157372846284
21,56,1.201992182328695,1.359204988008361,1.533783973745685,1.716176922249906,1.1815112008040487,0.13354813601896115,1.0,1.0,0.6,0.3,0.8,120,191.24727347119028,979.350474286852
21,57,1.1995475422799147,1.3536278873257195,1.5278619056059257,1.738166146684031,1.1842873596736259,0.13029048415075314,1.0,1.0,0.6,0.3,0.8,122,200.4716902432112,1001.7568568104616
21,58,1.1991767197149932,1.3619104611895843,1.5470419133622249,1.7509205595989588,1.1828671598206928,0.13029048415075312,1.0,1.0,0.6,0.3,0.8,124,201.22583652922535,987.9534478089836
21,59,1.1994687709664102,1.3497979302761443,1.5236206030097268,1.7419358899883146,1.1837819098380227,0.1311104176128771,1.0,1.0,0.6,0.3,0.8,125,208.4651056432889,959.5682593843871
21,60,1.1996337797661747,1.3589213236153932,1.5436755294593414,1.7664399846868273,1.1873428636780543,0.1319147625828307,1.0,1.0,0.6,0.3,0.8,126,213.71411120844067,932.745875690032
21,61,1.2001799096572014,1.3554820356438584,1.5398004556679254,1.7596867836915067,1.1854652129323981,0.13381237556783113,1.0,1.0,0.6,0.3,0.8,129,203.88247480328684,992.2244477120048
21,62,1.2021383798154073,1.3545275994492296,1.538529283216254,1.7672627551653752,1.1881872910696232,0.13776599793908822,1.0,1.0,0.6,0.3,0.8,131,200.2073762226389,960.044809393336
21,63,1.1961467514264301,1.3643688876012188,1.570011257976848,1.8216937335475871,1.1810243660432795,0.12925850581608148,1.0,1.0,0.6,0.3,0.8,138,197.13006819815303,975.7905141191682
21,64,1.1958539828513757,1.3745438391314175,1.5912834133347473,1.850087037593338,1.1778290570867451,0.1289141608107973,1.0,1.0,0.6,0.3,0.8,143,196.2230985621964,969.5875835693148
21,65,1.1951436546652108,1.3691587393476474,1.5853934641773106,1.8494917631227754,1.19507905282793,0.12878029293661114,1.0,1.0,0.6,0.3,0.8,144,194.2945448094632,964.3215161566928
21,66,1.195199366617226,1.3678080560689727,1.5838909902250684,1.8533768633395384,1.1828569037847878,0.12918336393992352,1.0,1.0,0.6,0.3,0.8,145,195.9490869631515,958.862437978408
21,67,1.1955232128642543,1.362229017202444,1.5776773501584733,1.853823114541006,1.1898001082153074,0.13099821705261067,1.0,1.0,0.6,0.3,0.8,147,202.53851999811536,925.1304455931948
21,68,1.1969467534762144,1.3598482960917917,1.5748877020007066,1.8515410728898003,1.1834552474745221,0.13418754308730602,1.0,1.0,0.6,0.3,0.8,152,191.3547826444075,1025.12541450987
21,69,1.1964475785209983,1.3626828139662437,1.5880596878009277,1.8646660070555006,1.2098327070389288,0.13491109327779954,1.0,1.0,0.6,0.3,0.8,153,198.69117186551517,998.8850034903415
21,70,1.196722013080214,1.3735738506830697,1.6100649663426982,1.9054727637409956,1.1815791079921207,0.13546361810764831,1.0,1.0,0.6,0.3,0.8,159,197.4153571258756,991.3928785495616
22,0,0.886111421355593,0.6406723151524899,0.6064673582193618,0.029248140570975703,0.0,0.0,0.0,0.0,0.6,0.3,0.8,1,432.0186761983696,1316.1172698020796
22,1,0.8482205416422741,0.65412125349326,0.6182701994898194,0.0618605503263581,0.059770062037531775,0.05113571618470479,8.845751831578e-05,4.1514658105649995e-05,0.6,0.3,0.8,3,405.5760364742245,1227.381380221924
22,2,0.31634288148932777,0.4343223761567382,0.37590976236739077,0.06796832792714452,0.84374541227575,0.06499192154605238,0.014102630869054689,0.0059111408641523,0.6,0.3,0.8,4,186.51777739643725,388.6442833767731
22,3,0.22212739397167547,0.35152765174793277,0.2939684311356351,0.07884128062629582,0.24422204316543683,0.06444389493415928,0.039106094377002285,0.01498923127185551,0.6,0.3,0.8,6,138.9333749879231,106.52355192296592
22,4,0.21767068957721927,0.3464340877446995,0.2886136236970183,0.0822259648453909,0.06464674342336678,0.06423604182763493,0.03565217500946486,0.013503750951960162,0.6,0.3,0.8,8,141.83286088905544,113.96408946366788
22,5,0.2082245211755931,0.33361655913403043,0.27455621570207556,0.07965429826248487,0.08213024633187245,0.06278459924524837,0.03957354317526138,0.013381602423693881,0.6,0.3,0.8,10,145.50282661686697,94.9750912251454
22,6,0.20929447480459773,0.3336872356901456,0.2742965545488495,0.08911119619431104,0.06960749990458157,0.06847941107712803,0.0396577042897375,0.01350481642301358,0.6,0.3,0.8,12,142.7524357965766,111.0789131214439
22,7,0.20820862878947474,0.35433436336525675,0.3171270154871573,0.10399709941449814,0.06637590704509883,0.06847941107712797,0.03965770428973753,0.01350481642301361,0.6,0.3,0.8,14,132.43537120857485,112.5887292838524
22,8,0.19519974373032947,0.3225002965130648,0.2719258935578783,0.1009365000076352,0.1438425233918491,0.054531504367969094,0.06804575357306325,0.016312067117763878,0.6,0.3,0.8,15,131.8229756675689,131.90469843024306
22,9,0.2037174865247755,0.33815241618884007,0.2977606267429064,0.13140192516939872,0.09838661054767679,0.08029868586376393,0.06216746289639076,0.01778742418293368,0.6,0.3,0.8,17,115.56888623009186,220.55901493764247
22,10,0.21757257855393827,0.3618783003165025,0.33236108449148727,0.15482380180367727,0.10702491101897096,0.07597254488515512,0.08576145065702838,0.0317895079378391,0.6,0.3,0.8,18,101.5849258357874,298.6024121654562
22,11,0.17834745737067323,0.3042278057477117,0.2619224226761808,0.10850544568489943,0.12445450179008612,0.0541373401729308,0.06979708570848865,0.017270409549770167,0.6,0.3,0.8,19,131.31476681525865,133.91899777006745
22,12,0.18172016167068766,0.3070001995814488,0.26456890545393574,0.12002439830512565,0.07577280867291694,0.0537669953290031,0.0805577711701459,0.01863209889534821,0.6,0.3,0.8,20,123.68460199478086,169.45549927773456
22,13,0.1765687966381549,0.2978789872955015,0.25463630521481545,0.11861553751851399,0.09935135297170222,0.059759992516756934,0.06988124682296472,0.01739362354908994,0.6,0.3,0.8,21,128.13665439806817,152.67871910280124
22,14,0.17638589434897747,0.29726824548192143,0.2539318062561753,0.12922808713990913,0.07468961740896751,0.057573681234786823,0.07575220389714768,0.01729954399970671,0.6,0.3,0.8,22,104.10504003288791,146.55969904443467
22,15,0.18104810847136732,0.30111482580823457,0.25761202555148194,0.1399583608639293,0.08273328215302107,0.0616227192541516,0.08077055911886043,0.01937385677320912,0.6,0.3,0.8,23,118.98664383796816,168.01157821124283
22,16,0.17220054189584394,0.2936474073062915,0.2594862412483325,0.14135957471066596,0.1413679789026157,0.06766659837611075,0.07295167839841622,0.01851565046129902,0.6,0.3,0.8,24,100.43130489695194,185.07897283959824
22,17,0.2805887537310671,0.39586219553956276,0.3606017878649283,0.2704123144630392,0.23022100493977338,0.09597627610763117,0.09008655214562292,0.13306062927241524,0.6,0.3,0.8,25,79.8924626502765,325.685280810602
22,18,0.4261927507361897,0.529761764282661,0.4832375903249111,0.4079645669984594,0.34028968316321095,0.10881273719969264,0.10224597929341935,0.3014114555623336,0.6,0.3,0.8,26,101.40839556596664,520.202604161812
22,19,0.2799139266293961,0.40539381429005217,0.38114978218345746,0.28725869069786797,0.1929312041036524,0.09597627610763114,0.09008655214562292,0.13306062927241524,0.6,0.3,0.8,27,80.58076498408856,327.1079049112996
22,20,0.29054750674838825,0.38644109609989113,0.3386349178672702,0.2866015918904918,0.25028160777165576,0.0965996725541966,0.0955821965587908,0.1507534619304785,0.6,0.3,0.8,28,81.23153340580758,369.9573825469474
22,21,0.2905649311857163,0.39549442588580846,0.3585174332661597,0.3083936305475511,0.21465251182568104,0.09531030842435775,0.10049918260368444,0.15173590888632904,0.6,0.3,0.8,30,86.18405870460194,374.3912575257256
22,22,0.24211695044790849,0.34412998980977016,0.30668313399909647,0.2697820212858382,0.1664504026707706,0.09156085223878199,0.11218972125929101,0.09212922423296573,0.6,0.3,0.8,34,95.06882087054204,486.8925576996549
22,23,0.23355727905044177,0.3333906004002804,0.295598143485795,0.27060524802921593,0.1673574885226211,0.09017808518489265,0.10000307402289524,0.0888500345928452,0.6,0.3,0.8,35,92.66474881763556,464.2412227978289
22,24,0.23160495482579418,0.3311295268620609,0.2932888653646722,0.2641831669828959,0.1551205606246447,0.08681788881291694,0.11724234769831846,0.08271387908261178,0.6,0.3,0.8,36,92.7090936467264,453.5792263177741
22,25,0.3069756628661384,0.40371976136203597,0.3654437141702226,0.3693255174989156,0.23827856772322908,0.07995075118420489,0.12263235373009045,0.18229706057536682,0.6,0.3,0.8,38,115.79348180633856,508.0347379407138
22,26,1.0245274333949148,1.1178069864796167,1.0789968372419612,1.0955540804847885,0.9597266411486712,0.09294330744380495,0.3150996153315808,1.0,0.6,0.3,0.8,40,128.80212592004418,451.2466870653628
22,27,1.0498258018656998,1.1874709105442849,1.1933173934077523,1.1480764811784718,0.9757505375799268,0.09605845001901364,0.393280882074216,1.0,0.6,0.3,0.8,43,129.50607710628256,395.1757513125372
22,28,1.0361945975173046,1.1596755091643614,1.1538918093635946,1.1322285594450587,0.9720306124859763,0.08538255678650954,0.4126098233729455,0.9859909480065457,0.6,0.3,0.8,45,114.83639193436458,347.98581320743955
22,29,1.0407319689983747,1.1590205484419642,1.1524615311597681,1.148267824836478,0.9987260928907107,0.0939794739645204,0.3830236053703079,1.0,0.6,0.3,0.8,46,114.06839273733954,391.1710056784784
22,30,0.8727632020102937,0.9984135495522759,1.0024722829291097,0.9854800920286204,0.8239990741247265,0.1045366568117481,0.42118613314428677,0.7703319141962912,0.6,0.3,0.8,47,135.64710990698217,445.84519459317113
22,31,0.8727632020102937,0.9984135495522759,1.0024722829291097,0.9854800920286204,0.805343392015726,0.1045366568117481,0.42118613314428677,0.7703319141962912,0.6,0.3,0.8,49,135.64710990698217,445.84519459317113
22,32,0.8417815507689372,0.978055370082765,0.9932105500566097,0.9807971514844123,0.7770542952000625,0.10150868023406148,0.42818634052029775,0.7315635176741667,0.6,0.3,0.8,50,133.35006250955075,430.4891340196596
22,33,0.8024782151095914,0.9275587579840471,0.931534618107011,0.9185826202077831,0.7353784934643979,0.09751347783257533,0.42533731378962064,0.6865624692425212,0.6,0.3,0.8,51,136.021814301887,414.76586477484
22,34,0.8731974906104909,0.985376290723712,0.9779253883871111,1.0090065061420401,0.8165610350926655,0.10114758826446509,0.533144662155508,0.7329857961329094,0.6,0.3,0.8,52,121.21828754608887,424.93385829812905
22,35,1.0662378775567287,1.1746123898412242,1.1666151100168551,1.2148617459095938,1.0086691479794254,0.0995173180776996,0.4742841058480374,1.0,0.6,0.3,0.8,55,101.3394676794469,408.7365500061776
22,36,1.0622900393830506,1.1658800565029992,1.157207629916356,1.2156393735012503,1.0241064774408402,0.09998783199193616,0.46787681680794213,1.0,0.6,0.3,0.8,56,94.82058792352852,401.3928921123991
22,37,0.72458837330903,0.8246662856052314,0.8155042184224233,0.871278642033952,0.6699675156305606,0.09779940120884265,0.41693151075764795,0.6006575440903281,0.6,0.3,0.8,59,60.921307431548406,351.039571625982
22,38,0.8397982724313,0.9469648521553132,0.948415710259215,0.9986241388635082,0.7910370894129324,0.103785561345986,0.3071002380589766,0.7836102201598493,0.6,0.3,0.8,61,61.87697284574061,338.06403026334664
22,39,0.7338647244603731,0.8405967889262757,0.8419884308720715,0.8959271606508674,0.6775676764773477,0.10107149220250322,0.290591636238246,0.6596556430166308,0.6,0.3,0.8,62,61.02668441228966,316.5906450488736
22,40,0.8437884533015333,0.9463305226018481,0.9471522863182893,1.0101818402186118,0.8073737923809898,0.10903620349512466,0.3063659348673185,0.7874171353509449,0.6,0.3,0.8,63,64.48764483200749,376.15555065469454
22,41,0.6276944794655723,0.7406237970438287,0.7525146740453096,0.8517648123540551,0.5726018680879139,0.08321183500638488,0.6821505347498429,0.39612390747220727,0.6,0.3,0.8,66,117.04092761930022,893.2462388555059
22,42,0.6618064256796169,0.7949312267932667,0.828884096006257,0.9028291138660127,0.6158566004163388,0.0797836587582286,0.7355952070063133,0.42232267265203516,0.6,0.3,0.8,67,115.20704384193404,795.1721640255568
22,43,0.37359141932369017,0.47246409508428655,0.47279211319273484,0.5805348083278544,0.3208556211098996,0.07370909938804074,0.4539465659667702,0.17271823460760127,0.6,0.3,0.8,69,72.32069900827823,923.3437399514638
22,44,0.6802000863488349,0.7889463994742811,0.8002753672520966,0.9118737939617124,0.6286323505727791,0.08656545177918562,0.7233166872576648,0.4459521375283065,0.6,0.3,0.8,71,109.6475209867984,936.2302676880488
22,45,0.6793958338666132,0.7860993255606767,0.7971572912712356,0.9180394235382799,0.6304379608146814,0.08656545177918562,0.7233166872576648,0.4459521375283071,0.6,0.3,0.8,73,103.51631324673087,905.8418024843436
22,46,0.6799216759639797,0.774336879148781,0.7740717825276977,0.9045250183018819,0.6322573389456195,0.08592407539495331,0.7263651913073813,0.44653144260170274,0.6,0.3,0.8,74,105.60803036752849,945.6647472666908
22,47,0.5842733825605547,0.7001257130253896,0.7220910856580662,0.8646845735877065,0.5322185208061494,0.08210329284954387,0.660388456870673,0.35494612205613973,0.6,0.3,0.8,78,111.7114703360825,856.9848205619134
22,48,0.6097613458544476,0.747301908010266,0.7915311396775356,0.9213384152038548,0.5593761032412824,0.08575082901417297,0.631290825386102,0.3952269176132544,0.6,0.3,0.8,79,107.11775752186432,843.3090864658478
22,49,0.59092670355721,0.7028596661786666,0.7243099330431553,0.8977888468514938,0.5552944472599914,0.08192644811759067,0.637997187528663,0.3736585122993465,0.6,0.3,0.8,80,108.53212258607844,776.1782408838285
22,50,0.590902393181044,0.7138673980992438,0.746474450928158,0.9067097017057646,0.5395816542380286,0.08192644811759067,0.6379971875286634,0.37365851229934655,0.6,0.3,0.8,83,108.18137683947172,774.6168994747345
22,51,0.5896656480638767,0.7228741973539945,0.7665349833128599,0.9315764574488743,0.5424986270084249,0.08088014893655063,0.6298675160896207,0.37634383665831095,0.6,0.3,0.8,84,108.33944799764258,756.5279100190706
22,52,0.7410859504040584,0.8490681276641967,0.8700037011860042,1.0660065980645113,0.6945746696707007,0.06716473900997835,0.5761700181657126,0.5974319415603577,0.6,0.3,0.8,88,147.99997604477227,1404.0254443159226
22,53,0.7394355984134406,0.8695799143283451,0.9128420863015942,1.090509356781971,0.6894930760126119,0.06716353791584095,0.5747197761052838,0.5959281824222948,0.6,0.3,0.8,92,147.56499831352224,1395.8101247182406
22,54,0.7332744688416156,0.8724910410517668,0.9266565688789223,1.0977366406590296,0.6886395545500906,0.06885422170286251,0.5466234412910722,0.5984027197388762,0.6,0.3,0.8,94,148.07583442447986,1426.820402004092
22,55,1.0019669063981984,1.1621796761066105,1.2385215029495757,1.474502308709604,0.9533473537627946,0.10598189150335527,1.0,0.7369360897549948,0.6,0.3,0.8,120,89.15225905011728,1744.2344448418037
22,56,1.0019667206320921,1.1732764580115578,1.2607835485106798,1.4949270978153715,0.9531379509576544,0.1059818648201289,1.0,0.7369358777051995,0.6,0.3,0.8,122,89.15227549560997,1744.234348729159
22,57,0.8258923106637553,1.028541817263413,1.1492941384357556,1.365183310964234,0.7786318361148223,0.09192232260388457,1.0,0.5282408623867949,0.6,0.3,0.8,132,93.54458707237406,1674.4494056847295
22,58,0.6874132938597495,0.8788964953965704,0.9884674646972255,1.277586099421661,0.6406448695942418,0.07538899920733863,1.0,0.36766484909334746,0.6,0.3,0.8,133,110.97894428276312,2336.4633350213967
22,59,0.6924910934606932,0.8748449319570875,0.9832644845537251,1.2989300604476273,0.6573819672195579,0.07560977688335614,1.0,0.3775562934919522,0.6,0.3,0.8,137,103.36603443609786,2397.614341692104
22,60,1.0252783876043066,1.2264585162267836,1.3567864377149568,1.693338067184403,0.9825050075025813,0.10181963307308697,1.0,0.7752160836099122,0.6,0.3,0.8,149,93.83800799268174,1862.64862998287
22,61,1.0268916819403826,1.2163117932299365,1.335391655648496,1.6771747557241268,0.9860056386427914,0.10349878547001079,1.0,0.7762316080668539,0.6,0.3,0.8,150,85.13517752633415,1945.5033957833411
22,62,1.0295327097444122,1.2172175529677136,1.3360812438238168,1.691225559863319,0.9938875041960302,0.10386551169140454,1.0,0.7799275399352626,0.6,0.3,0.8,151,94.7857040435621,1925.734358077246
23,0,0.9312017229779675,0.651324543820919,0.6181335879713437,0.030281893487817166,0.0,0.0,0.0,0.0,0.6,0.3,0.8,1,316.9849648155138,1422.6965334480765
23,1,0.8842498835849975,0.6565682295249091,0.6218135739430307,0.053907809485560544,0.049246916607256816,0.03604932752486996,8.653476300436e-05,1.888147927248e-05,0.6,0.3,0.8,3,293.29966513750685,1315.2513734512688
23,2,0.3390459309755052,0.44740003816159063,0.391546828097501,0.056764363600797174,0.7783077441720917,0.04614121339710113,0.01383729001728777,0.00288676778000122,0.6,0.3,0.8,4,106.58301936674732,376.4677300420392
23,3,0.27389406827021656,0.40864929167405883,0.35856886735749294,0.051293512580609726,0.2311285140127455,0.046988543422847716,0.02687234270035994,0.0058634190940622406,0.6,0.3,0.8,5,97.07220679317798,267.24715134830745
23,4,0.2516341491552547,0.38747910111403877,0.3343962147103406,0.07090254149832677,0.15727242423687665,0.046098014817231546,0.052652288767721246,0.00982775439043454,0.6,0.3,0.8,6,110.39559726557884,103.42360768170016
23,5,0.2411593185660694,0.38794350794987104,0.3455622211875892,0.0815877350712524,0.062222154800326335,0.0523781879023474,0.02516679424292147,0.008222898036531031,0.6,0.3,0.8,7,104.11651123006348,215.83402920340475
23,6,0.23508490466926557,0.3697835973463407,0.31522435478130384,0.0731231834266202,0.08449223288967536,0.04600605154336709,0.04812726646294323,0.00886054502224693,0.6,0.3,0.8,8,80.80345441991298,100.25481335157365
23,7,0.2273795717932795,0.34989151549220643,0.283332605365499,0.06841725865803414,0.07851623088433618,0.04660578982008105,0.04734009259545074,0.00866975542767684,0.6,0.3,0.8,9,82.96545730488117,100.89885776922095
23,8,0.226275304167458,0.3463563314739731,0.2784215172199115,0.08423156010166388,0.10862739019632313,0.04588833579209522,0.08612288535300328,0.008312994641936319,0.6,0.3,0.8,10,101.04551036802204,350.5634087924797
23,9,0.21679326307169708,0.3471854547901301,0.2900560543426664,0.08610128031856985,0.066157806921896,0.04455635459226874,0.06619921734012976,0.00867289603276363,0.6,0.3,0.8,11,86.91968324309386,137.9499443560036
23,10,0.21714715053538688,0.3337806868731852,0.26438366346632397,0.09202012099036602,0.10178013961045321,0.056565790236644674,0.06673459707497802,0.011057068643993,0.6,0.3,0.8,12,67.60257012032056,2227.0652978138683
23,11,0.21831497636475336,0.35585819252371537,0.30833010745545714,0.11208853453533965,0.07562899322739668,0.058000866644927054,0.07771856866920925,0.01177773917619775,0.6,0.3,0.8,14,59.1695215234775,3180.7202386448826
23,12,0.2128904396331363,0.327217301426081,0.2570048697180084,0.10437501258703,0.07727831803653283,0.055334314438003164,0.07591143874584926,0.011041922538284659,0.6,0.3,0.8,15,57.47289246348934,2374.471584831142
23,13,0.20165174882358222,0.3554652235475688,0.32839333201472376,0.14126750228455928,0.09146035498938357,0.02722305781114781,0.14511046420848278,0.00596875009387293,0.6,0.3,0.8,17,75.84214792127362,492.8459365238061
23,14,0.2085712013030123,0.3288029416635786,0.2681522534510124,0.1324789724813006,0.07506071054018275,0.052192847620701886,0.09805912178112808,0.01425947264710101,0.6,0.3,0.8,18,47.83166429591678,1857.147408551172
23,15,0.19698887907026746,0.3694402718347926,0.3637255169599259,0.16746948394631636,0.07712145298072018,0.03041597610452213,0.14519344270636297,0.00605293314678919,0.6,0.3,0.8,21,69.87096217650645,505.999808199168
23,16,0.1864318219656885,0.3216941425932491,0.2814892488141517,0.14827450703803266,0.09798228718682889,0.03675293474351764,0.12647647359327513,0.00330467155680423,0.6,0.3,0.8,22,83.40637122325316,527.7802098186072
23,17,0.1819715660086602,0.3232456232324172,0.29303682009773263,0.16398958483013076,0.08585552896157149,0.040894931361187194,0.12600190328306754,0.00379795171314109,0.6,0.3,0.8,24,64.20940573585536,577.8650531319169
23,18,0.18165528118252117,0.3103459050612871,0.268643488888336,0.15963542790770738,0.07859894202388104,0.04228343896774807,0.12674944519816916,0.00453335553265145,0.6,0.3,0.8,25,62.995618998356825,604.4555225078029
23,19,0.2506516440447524,0.4014800596947627,0.3909905833384605,0.26536968677102746,0.22947513409874254,0.03985014298529951,0.25069447410041973,0.06216192535920344,0.6,0.3,0.8,26,94.89179751483624,6888.935448373609
23,20,0.30644207157076514,0.4629734632358576,0.46263945415118723,0.3465143540929966,0.22761336093268553,0.04582644411783627,0.20836236985505968,0.14981183706266313,0.6,0.3,0.8,28,42.8990268371233,1108.2056526833524
23,21,0.24347711756409282,0.3887730009564122,0.3772480411490232,0.27755083652796075,0.14746822850402647,0.044235460685269914,0.24195710440586118,0.059861996913452876,0.6,0.3,0.8,30,99.7449722735422,6744.88495464129
23,22,0.207972712169426,0.3407735670007075,0.31782852049925076,0.22799153972998643,0.12179576615886535,0.048763299429281357,0.23847033212246158,0.014993498186879358,0.6,0.3,0.8,31,79.6900472213401,17055.9018615998
23,23,0.2426909936896709,0.37303609984082947,0.34964999422812354,0.25846751097123105,0.16525765991944583,0.0381194931004053,0.2571031618538125,0.062108211036840055,0.6,0.3,0.8,32,89.5324786374147,6844.966867814168
23,24,0.22712661801274053,0.3569362148994544,0.33345564203123834,0.26117225189059795,0.13788061603051135,0.04486341738972409,0.20835505150629938,0.05644479592343836,0.6,0.3,0.8,33,50.69166140539125,1694.9783506351002
23,25,0.22973295993819917,0.36903815376842786,0.3657336070863264,0.2868571658753559,0.2231222709586084,0.04292485433116987,0.24463049794496775,0.05997528061561567,0.6,0.3,0.8,34,103.17618638537976,6740.0366779997785
23,26,0.22719565068200087,0.3541194317945215,0.3394407654560241,0.2816216333449068,0.14917851354279438,0.043442402596758536,0.23954452611228313,0.05945889682320541,0.6,0.3,0.8,36,92.26300086758448,6564.283717756025
23,27,0.22314501944644358,0.3497277452201798,0.33499366390043583,0.28372930289061427,0.1426650070290255,0.04189111052152479,0.2380241012779971,0.05642954394802089,0.6,0.3,0.8,38,83.09993830737338,6422.199210319607
23,28,0.2138975809665528,0.34821101745024746,0.3441031972514457,0.2924157215265399,0.14107280710075754,0.04369362296421039,0.21099697205495827,0.0565258291462493,0.6,0.3,0.8,41,54.66604783500801,1694.142400297602
23,29,0.22284086168824666,0.3886766277777929,0.4177850559714714,0.33726908764733543,0.14649050122814444,0.04319006645208888,0.23523847128883402,0.06045223498023996,0.6,0.3,0.8,47,108.82769097014992,6791.788649383213
23,30,0.19449734772299793,0.3486179324496404,0.3664637933599158,0.3131770755551496,0.12034794408424096,0.047990441602785386,0.16573177294072977,0.04799248819439121,0.6,0.3,0.8,48,48.441123420204455,1527.7163590903956
23,31,0.18466152343711362,0.3378875492259504,0.35559294102285494,0.3103402535925091,0.11263163638432491,0.044835550247962055,0.17111659476247257,0.03677098181166742,0.6,0.3,0.8,49,44.682176285092,2387.7377820210017
23,32,0.19406407234837844,0.33499580928156364,0.34134995261698164,0.3170225337443319,0.12107253190635281,0.0477924337789793,0.16892083255220564,0.048074227386448384,0.6,0.3,0.8,51,48.14948936137907,1538.3697821582343
23,33,0.21799670396906007,0.36967658169153333,0.3871418054717554,0.35096146285410507,0.14388954830268197,0.049818917402084786,0.1989583030741809,0.06548304422984327,0.6,0.3,0.8,52,73.57684215814393,4171.190541247637
23,34,0.17645134065025142,0.3388501302741765,0.36742238410434314,0.3363971787494753,0.10133975436701953,0.04356823144118395,0.16692140304765746,0.03054778225805741,0.6,0.3,0.8,55,44.24704975440133,2396.523447016866
23,35,0.18002732989967524,0.3416484956494343,0.3701002988192893,0.3469928066289779,0.10683437025785253,0.04720937465473366,0.1670537302841231,0.03284275691131709,0.6,0.3,0.8,57,47.982929317964015,2487.3907797961688
23,36,0.17789367250442623,0.3391180326537348,0.3675090212136666,0.34504225397257005,0.10498407028203573,0.04643376934541525,0.1669666960236755,0.03109684438036749,0.6,0.3,0.8,58,46.859978257268686,2459.8373600951622
23,37,0.1782934868446195,0.3380830299479914,0.3662538047506413,0.35275320639975416,0.11187050148338677,0.04683249810454978,0.16605030820631164,0.032738534953129624,0.6,0.3,0.8,59,45.176954101126526,2447.2470186190358
23,38,0.1780658045403357,0.3377863431708329,0.36594656729073044,0.3525565136277075,0.10429055788378151,0.04684923167233902,0.16516803411568542,0.032824404385671455,0.6,0.3,0.8,60,45.20116944476896,2447.514936263364
23,39,1.1978385963479696,1.4213873214649553,1.516120568150161,1.544041944380255,1.126261376933413,0.04222878038766264,1.0,1.0,0.6,0.3,0.8,76,49.44492325367078,1842.9515878128
23,40,1.1973887831186307,1.4312597966320073,1.5370416718100235,1.5595408287770192,1.1273852822671555,0.04222878038766264,1.0,1.0,0.6,0.3,0.8,78,52.63773403204827,1808.351597630759
23,41,1.2035024351086965,1.4807580026420815,1.6310027343111662,1.5960641200596895,1.1424834235271897,0.05422201969092766,1.0,1.0,0.6,0.3,0.8,79,38.969489720235565,814.9008894185409
23,42,1.1847548564845005,1.4333521816244694,1.5699332230262648,1.6027583689815494,1.2076537999636345,0.03744725859973156,1.0,1.0,0.6,0.3,0.8,80,44.11891081044064,5367.104642291893
23,43,1.1872124910989956,1.4472271221917419,1.6046489633867858,1.608579007145195,1.182416777055962,0.04967000337012627,1.0,1.0,0.6,0.3,0.8,81,34.562457523529915,697.2482377548746
23,44,1.1867661337883546,1.445716804850693,1.602994764284217,1.6046613745454539,1.1348144195194867,0.04967000337012628,1.0,1.0,0.6,0.3,0.8,82,35.3170581320953,691.9289567758534
23,45,1.1862464933973245,1.4550556441524707,1.6233315325326363,1.6277484900132786,1.135681210473279,0.04967000337012627,1.0,1.0,0.6,0.3,0.8,83,37.728329823725815,677.943456769328
23,46,1.1855634173605796,1.4538811425328053,1.6220908085042907,1.635342454908875,1.1304966505859073,0.04887479339432529,1.0,1.0,0.6,0.3,0.8,85,39.74101719713635,652.8341165514233
23,47,1.1816703967575672,1.4598765497595785,1.6390885760745937,1.6360054936247193,1.1316885144572388,0.04322451591630267,1.0,1.0,0.6,0.3,0.8,86,29.570527016685315,935.3863205258968
23,48,1.1779645487905417,1.428239681849391,1.5843551174165122,1.6433957276544795,1.1299400265608393,0.040895486670454353,1.0,1.0,0.6,0.3,0.8,91,53.36657347935952,5894.675871841601
23,49,1.1752107854131362,1.4556550868996092,1.644845646252358,1.6955754725541456,1.126210181256614,0.03846930475975829,1.0,1.0,0.6,0.3,0.8,96,47.73489650264043,5824.554907829831
23,50,1.1708239423518219,1.4449351592773052,1.6333080775569795,1.7061594741407322,1.1349640487856314,0.03491912331590586,1.0,1.0,0.6,0.3,0.8,98,33.35248908313318,4943.821194388272
23,51,1.1681222602689287,1.4242306912396,1.6005505610471722,1.7126681695861294,1.1363269841434793,0.034450753158445466,1.0,1.0,0.6,0.3,0.8,100,33.33836562349352,5004.255967001014
23,52,1.1674471211899147,1.4313074713778156,1.618367278890601,1.7179862753864676,1.136120537910693,0.03519760882912329,1.0,1.0,0.6,0.3,0.8,101,34.44561145507079,5185.582140700638
23,53,1.1670417328639031,1.4303971641717554,1.6173930728615373,1.732873277772692,1.121631923676179,0.03480010876861086,1.0,1.0,0.6,0.3,0.8,104,33.6710154215411,5127.600330180726
23,54,1.167673850309594,1.464313041893862,1.6848037958704183,1.7761177113020052,1.1215228136951574,0.03585767887888317,1.0,1.0,0.6,0.3,0.8,108,32.34114063738187,5238.547563477191
23,55,1.1680804125554975,1.4646911793002035,1.685178227013732,1.7945003753922855,1.1219552947566096,0.03655465117684936,1.0,1.0,0.6,0.3,0.8,115,31.8467375267204,4686.646887848726
23,56,1.1668944186870533,1.4840360543034765,1.7266436678665409,1.8067867031874736,1.12498257725576,0.03548260161968048,1.0,1.0,0.6,0.3,0.8,117,36.325259943026346,5001.364048858506
23,57,1.1668351172848395,1.4948975991930264,1.748648297581017,1.819878964971134,1.1216777343399524,0.03547883730491079,1.0,1.0,0.6,0.3,0.8,119,36.04500655826159,4871.376784228434
23,58,1.1676372108972874,1.506550904632746,1.77143600052949,1.918403038923522,1.1222147187613465,0.03694862089768091,1.0,1.0,0.6,0.3,0.8,143,28.04924445006468,4458.312416717632
23,59,1.1660262136256012,1.5263739346530465,1.8134939509972183,2.0048171862988675,1.122481488337063,0.03467303212911244,1.0,1.0,0.6,0.3,0.8,145,35.90183650683594,4584.527972810181
23,60,1.168063610387896,1.5293050436336069,1.8165374924921058,1.9779864670093368,1.1294164381921827,0.037587664062560325,1.0,1.0,0.6,0.3,0.8,146,32.98128573361663,4800.667796289172
23,61,1.1635842426012348,1.5651193077654084,1.8964988396130484,2.0341627446045356,1.1212152566321267,0.03230104464152861,1.0,1.0,0.6,0.3,0.8,150,64.73758681047585,5072.583332976581
23,62,1.164626214828421,1.5768961232557803,1.9193955225515973,2.0612918094240413,1.1211870512334379,0.03422996415566676,1.0,1.0,0.6,0.3,0.8,155,65.62132369521035,5019.582514673763
23,63,1.1640346373444195,1.5537251012177895,1.873845910652461,2.1093831397183944,1.120081827965131,0.03344078630807746,1.0,1.0,0.6,0.3,0.8,157,66.87111448393104,5075.004635731057
23,64,1.1645663784678373,1.6069197084743592,1.9825153889149338,2.121467445093777,1.1230173886384656,0.03577907515629422,1.0,1.0,0.6,0.3,0.8,165,66.43422545952689,5009.253353903056
24,0,0.9112436868765943,0.6466741311907749,0.6130404631611646,0.029830583632392577,0.0,0.0,0.0,0.0,0.6,0.3,0.8,1,367.1148222417406,1358.9421840141774
24,1,0.8760508241610685,0.6620432085177785,0.6268514534056957,0.06352789131500321,0.059212456390703584,0.05280657188629438,8.309962886014e-05,3.426011803378e-05,0.6,0.3,0.8,3,337.8583633413777,1269.089204103889
24,2,0.8693794927228529,0.6576556098006467,0.6223903768113094,0.06226595031372709,0.03073290593132087,0.04642493697134953,0.00053619106390526,0.00013188079850866998,0.6,0.3,0.8,4,306.62161963777385,1387.0956240020405
24,3,0.8174480095426918,0.6500961280912768,0.6133114533448967,0.07209913240200094,0.09009409472335603,0.060522744587418485,0.00033239851544056997,0.00013704047213510998,0.6,0.3,0.8,5,308.3772548984674,1193.246280366433
24,4,0.6099560084414243,0.7019798804410388,0.6489734907700547,0.28104773427402363,0.8311095406908843,0.1066802335281137,0.17569174898849182,0.1776287988186755,0.6,0.3,0.8,6,128.0689751201653,444.125938157345
24,5,0.3757405151792423,0.5038624823592973,0.4718486039680135,0.07933170261116904,0.11153435037480437,0.06924622572630632,0.01749069378406505,0.00721102177896939,0.6,0.3,0.8,7,133.89165915091957,528.0411807212429
24,6,0.5684497810969922,0.673734871406307,0.6185087284822404,0.293065895792035,0.2577298254172541,0.10235793159263726,0.17783487272439896,0.173908853687496,0.6,0.3,0.8,12,112.92515724594118,368.31352742064126
24,7,0.5190658711968082,0.6359127039161663,0.5778717647758952,0.28194054837950644,0.3449097306328681,0.11244348471574706,0.16486040919127193,0.16089513219067383,0.6,0.3,0.8,13,67.39765956084851,300.0918812872646
24,8,0.5019251802717359,0.6212315576651644,0.5623281261267268,0.28194851734235826,0.2552289795890707,0.1071111139054802,0.16644916884128072,0.15727245607899829,0.6,0.3,0.8,15,73.56029040294361,282.5887353895066
24,9,0.5239205381194395,0.6571400931592809,0.6081641120603707,0.32325616481576336,0.29981470694069523,0.10703442387246462,0.2493956241061212,0.17349294962439682,0.6,0.3,0.8,17,73.73651321454528,298.7955260944276
24,10,0.46662251782112596,0.6007223861289004,0.5511417591158205,0.27211446473708356,0.24879017861768582,0.10721525059057031,0.1684893876639498,0.14111543962222076,0.6,0.3,0.8,18,65.15802737399645,232.12862352367245
24,11,0.47283752636989523,0.6070001531526638,0.5573762589162508,0.2908781424718815,0.23526402281546294,0.08969597178794284,0.2541582405380745,0.13054438170370353,0.6,0.3,0.8,20,115.23037665698726,252.58594121463832
24,12,0.433882851487661,0.5807826615713214,0.540598538182042,0.28801521745874725,0.2762132567659908,0.10095571574761479,0.20076044213616676,0.1181399850090095,0.6,0.3,0.8,21,79.6814534488173,474.00143780940607
24,13,0.4247039094411404,0.5717621464261096,0.5311382926593148,0.2883314700337974,0.21867179787148533,0.09709559211432181,0.2010295617402545,0.11543279605491137,0.6,0.3,0.8,23,86.52212751324178,442.6379791654467
24,14,0.4055373996309425,0.5526351823300862,0.5116086682828326,0.27850253486854454,0.21016911077067169,0.09466329023109143,0.1944001388542524,0.10112181624385941,0.6,0.3,0.8,24,101.49402927552282,412.09533827853335
24,15,0.40680815117782937,0.5538915933502622,0.512559300677552,0.2771717272372073,0.2112685543778357,0.09663726257626223,0.19163593806774476,0.10626360627260063,0.6,0.3,0.8,25,93.6171991160926,395.3974675395223
24,16,0.554054125881244,0.6898622783577318,0.6367324375910992,0.4223428049083401,0.37649017200230434,0.11075334245542665,0.21204960784133098,0.2801575879514256,0.6,0.3,0.8,26,96.617951511099,229.26008572818327
24,17,0.5414288588577987,0.6877442724517904,0.6448792916249637,0.43907892553640304,0.3663193278883656,0.1172619157478852,0.2171991213294099,0.2686516825681429,0.6,0.3,0.8,28,94.6908116096352,275.8868358536589
24,18,0.5180019464771424,0.6749730344643002,0.642819917873445,0.4279660090475028,0.3393255762381349,0.11112352966921066,0.21644440124029424,0.2496554171244909,0.6,0.3,0.8,30,96.06945255795358,354.4184774340422
24,19,0.8347608393183175,0.9911861655633112,0.958571767260379,0.7485543636199488,0.6686609812642057,0.12536804070961843,0.25219464267039127,0.6268895896615495,0.6,0.3,0.8,31,78.94049550788404,452.24407415621096
24,20,0.37430608253143177,0.5402313132131433,0.5177304867124661,0.2993534317861977,0.2384866432477072,0.09433640087457455,0.191738559380611,0.10908130902166024,0.6,0.3,0.8,32,121.25466156618911,441.7391317511599
24,21,0.7006073147208062,0.8527370082987242,0.817737058341361,0.6382602415377294,0.5625239479808297,0.1113028438361002,0.3500126938475503,0.4590210853222816,0.6,0.3,0.8,34,94.69437950925747,1565.9430112922098
24,29,0.42969971536734974,0.6423927874582,0.6721719940170081,0.44822638205675264,0.30027470533453987,0.13061681666501568,0.15992260231591635,0.19871931651125302,0.6,0.3,0.8,48,54.818010157265576,685.3909329672734
24,30,0.4022227599858247,0.587909533443014,0.593900698501656,0.3989971720734634,0.32037585558350284,0.13923689515783738,0.1470840718821994,0.1758444609026848,0.6,0.3,0.8,49,72.56064978424263,647.7769264302926
24,31,0.40120629653247897,0.5855795391375388,0.5912451269921487,0.3997332328967078,0.28034216532910217,0.13806452066636093,0.14791458500943883,0.17777553949640593,0.6,0.3,0.8,50,64.1103199807437,688.8232678778578
24,32,0.39645774976854975,0.5787104740577155,0.5838260170817356,0.39807114779952535,0.28767835232681327,0.13923689515783744,0.1470840718821994,0.17584446090268474,0.6,0.3,0.8,51,73.67993964580879,606.6519441885063
24,33,0.3553562467604816,0.5218770274713138,0.5146950516703298,0.3725146528539908,0.25447635735998586,0.117453782445022,0.14147987955593863,0.15197814276174837,0.6,0.3,0.8,53,84.9253434022337,506.45699700016
24,34,0.3555035886627055,0.5102111148434179,0.4916981316018976,0.3703180064540778,0.23859117257104617,0.1168846730428192,0.1392556082917847,0.15470703530820912,0.6,0.3,0.8,55,92.24240378976482,413.2925057467334
24,35,0.36331164245379155,0.5175686032128546,0.49895203455402215,0.3786547560114547,0.2477584383643896,0.1168775890052581,0.15488143563040782,0.15940837736780983,0.6,0.3,0.8,56,92.6713195190878,481.7779445705592
24,36,0.3548150174291214,0.5090344574968234,0.49040926366546805,0.3701994417522558,0.23597168248248973,0.1168846730428192,0.13925560829178474,0.15470703530820912,0.6,0.3,0.8,57,90.17638423068524,419.4989518687565
24,37,0.3536965356862709,0.5181307757829654,0.5104698056557521,0.391885853852768,0.2428788665420627,0.11297606946596994,0.1397127616558697,0.1576072249775855,0.6,0.3,0.8,58,90.3106237554715,458.84858923363055
24,38,0.3494036164213241,0.5531552242833009,0.589032490632048,0.4315900812692012,0.2482275885205264,0.11640373102751231,0.16651717124059714,0.14802517032589918,0.6,0.3,0.8,62,108.7956788458321,422.9437766321209
24,39,0.34540836751139614,0.5456164218102717,0.580776079197693,0.4308310413089188,0.25065513094725433,0.11640373102751231,0.1665171712405972,0.14802517032589918,0.6,0.3,0.8,64,97.31175663290765,437.6161874637999
24,40,0.3463956008853466,0.5465198272086101,0.5816625292125688,0.43189671209090486,0.23959941609256402,0.11881926251221694,0.1652506979255589,0.14804079503878903,0.6,0.3,0.8,66,96.65042619911708,400.7854385278465
24,41,0.4144546678179058,0.5994169912336346,0.6225887047950462,0.4906354758403825,0.3259827002881632,0.111189812772261,0.22557429151079642,0.2217162204449507,0.6,0.3,0.8,68,63.34775507693151,435.8535030485448
24,42,0.3073598081046702,0.5033621408384826,0.5468047015500399,0.41146388235039194,0.2877679902597869,0.12218953745323849,0.12775933925771857,0.1293823230259448,0.6,0.3,0.8,69,98.12019965144034,447.9358079475951
24,43,0.30684331483374766,0.5023425558743752,0.5456964442812343,0.4112849411614711,0.21584066595274215,0.12234567705729278,0.1272853762315118,0.12933260035834446,0.6,0.3,0.8,73,96.24825315295902,447.2701441184465
24,44,0.30514384379738,0.49654930842431266,0.5391932605372958,0.4321277840248382,0.2250702560416568,0.12189092940736324,0.13199851792134393,0.12998679185287607,0.6,0.3,0.8,76,95.06983836706095,465.5034365758696
24,45,0.4181898430480416,0.6423139566996184,0.7183561544325544,0.6164155646286437,0.3307993848508063,0.1248550042336293,0.48688497139035836,0.13655710657492307,0.6,0.3,0.8,82,82.89604751243246,908.2563306539464
24,46,0.5137631552396906,0.7261609274188527,0.7909308204099479,0.7225018861365655,0.4300636709760412,0.11805182228372016,0.646323528361094,0.2019537884755649,0.6,0.3,0.8,83,89.9846120033933,1013.6782812759492
24,47,0.6136285586728233,0.8430564872749777,0.929293359561282,0.8406900407114655,0.5453277059290813,0.1199017161294839,1.0,0.19765522510525205,0.6,0.3,0.8,85,81.9838416966428,520.1062036162675
24,48,0.5947528287666248,0.8189815290816317,0.9043774213841248,0.8176490727081372,0.544416905140662,0.10826677258885715,0.8539889370253952,0.2420845817001608,0.6,0.3,0.8,86,78.52042088439595,370.4345235464704
24,49,0.5620629323688593,0.7749234643398126,0.849110910426605,0.7954969880809948,0.48282591027861677,0.11443267194153468,0.8212646084671806,0.2090986087684496,0.6,0.3,0.8,89,74.85797780364393,353.2554088024588
24,50,0.5888905677605896,0.7998475250793632,0.8737328407600937,0.8128871842330704,0.5210705757677613,0.11518740114396184,0.8375672657536649,0.2375416981444959,0.6,0.3,0.8,90,83.14696918616022,430.99365199584736
24,51,0.5792162655122414,0.790044584964159,0.8733681563572917,0.8385099276131861,0.5381201154620388,0.11307065945323698,1.0,0.174769184672978,0.6,0.3,0.8,92,97.0189325773021,1186.8227203582687
24,52,0.5806441477587665,0.8001380815524226,0.8942642672506145,0.8568406396168071,0.5168570119838649,0.11486548732902709,1.0,0.17693180402609898,0.6,0.3,0.8,94,95.97012915740773,1209.7313907351047
24,53,0.5627205808688772,0.7928756893216384,0.8981026082562988,0.8531293673315503,0.49335451697279753,0.10953773757333107,0.9352630392419872,0.1831038488742837,0.6,0.3,0.8,98,102.64808036387986,1029.9867765512963
24,54,0.5824001829888914,0.8121386895432176,0.9173037451023469,0.8764847815231633,0.5134201434157429,0.11520861001184346,0.9408164066697455,0.20165695284309054,0.6,0.3,0.8,101,89.73423101199377,1144.4294201830596
24,55,0.5758631763813102,0.8021701737686084,0.9068309145869169,0.8748118572594241,0.5258232453515935,0.11038906321384163,0.9892166142518336,0.1812856202496437,0.6,0.3,0.8,102,97.66423744396438,1185.0777322115937
24,56,0.575742941162706,0.8018243221884647,0.9064520931481757,0.8747770041756386,0.5086074090072847,0.11038906321384163,0.9892166142518335,0.18128562024964373,0.6,0.3,0.8,104,100.42443306636578,1175.9458754275329
24,57,0.5765464724822278,0.8022519299079572,0.906824692835255,0.87573051130689,0.5095193371265262,0.10849164255692104,0.9629224753251858,0.19382546795422992,0.6,0.3,0.8,108,106.53742961969024,1074.4521312824677
24,58,0.6330386353780305,0.868958849105997,0.9845687359616226,0.9441627909647075,0.5682433757770433,0.11379311987326027,0.9857336659659722,0.25249071916626786,0.6,0.3,0.8,110,94.52952842931673,1207.970327578478
24,59,0.6719099706271667,0.922389397850585,1.0592360102974356,1.0887072659266908,0.6109851659072766,0.10647315831476452,1.0,0.30604000566597245,0.6,0.3,0.8,127,122.60429754566375,882.7701218505844
24,60,0.7001634726414878,0.9504281363889442,1.0872444255212708,1.129773095086577,0.637226419021582,0.10582606246724735,1.0,0.34197230551367236,0.6,0.3,0.8,134,119.09791818469571,376.4319224731202
24,61,1.2411595507230238,1.5242047343388632,1.6944448578471611,1.7625661166650772,1.1787402245972602,0.17332500064059256,0.9144044168742329,1.0,0.6,0.3,0.8,140,115.81429707885692,926.785183555676
24,62,1.2411595507651714,1.5242047343388632,1.6944448578471611,1.7625661166650772,1.1783163727306465,0.17332500064059256,0.9144044168742329,1.0,0.6,0.3,0.8,142,115.81429644287408,926.7851845799012
24,63,0.9683317880391695,1.1800011686524763,1.2825784226820534,1.4302617152347286,0.9111292250485015,0.12451780241132496,1.0,0.666290391807441,0.6,0.3,0.8,149,51.02207474626406,1235.2063167906476
24,64,0.9976716796188884,1.1814606777350436,1.2609243105162116,1.4597817967597617,0.9488058861225598,0.13008780562965055,1.0,0.7019633818264011,0.6,0.3,0.8,152,42.87314514867088,1537.9822282371508
24,65,0.9819427140813801,1.1758275264136464,1.2663199460888257,1.4699870843567138,0.9291826403553123,0.12847622132794037,1.0,0.6840522830301257,0.6,0.3,0.8,153,46.45320357055681,1376.1814629083694
24,66,0.9969574634479048,1.187494485496258,1.2775332032629874,1.5210506185816328,0.9460946468086457,0.12704518764102823,1.0,0.7056673655055256,0.6,0.3,0.8,156,60.38350007819473,3579.4366383626743
24,67,0.9971286438297218,1.1987583650150793,1.299961697094509,1.5212229601155935,0.9409392554806127,0.12719701040112602,1.0,0.7057697581316356,0.6,0.3,0.8,160,60.57757875252752,3576.811336307493
24,68,0.9828013842698515,1.1950145668417995,1.3073141338437901,1.5238433819292183,0.9292608804954798,0.12670684270761048,1.0,0.688495504181625,0.6,0.3,0.8,161,60.24602769576181,3610.5407569526064
24,69,1.2249843583675113,1.4314347477483698,1.5429636580870407,1.8012681441697593,1.1781419501473334,0.11889373571546051,1.0,1.0,0.6,0.3,0.8,165,48.6025890526026,1492.4499497150234
24,70,1.2245828315691152,1.4300044376884067,1.5413972065233783,1.8011240252607696,1.1737257095547005,0.1188937357154605,1.0,1.0,0.6,0.3,0.8,167,45.91487808134869,1515.009924167448
24,71,1.2239643984100623,1.4494805140592026,1.5829266260363655,1.857995329749354,1.173160882829411,0.11921647624675864,1.0,1.0,0.6,0.3,0.8,173,47.26130163299332,1503.764027149028
24,72,1.2239552803762457,1.4492304202192448,1.582644839177935,1.861904852577015,1.171751164170824,0.11935490653302401,1.0,1.0,0.6,0.3,0.8,181,45.19661656030162,1533.2258493179197
25,0,0.8905343160280357,0.641740772176092,0.6076374266831028,0.02935182484607598,0.0,0.0,0.0,0.0,0.6,0.3,0.8,1,404.467432917605,1468.6822761763294
25,1,0.8644674654880117,0.6642949174420174,0.6286480606707153,0.07009749663895426,0.06599162826667666,0.06445904730626258,8.481896479638e-05,8.63701561811e-05,0.6,0.3,0.8,3,372.4896303316604,1367.4908052157464
25,2,1.4043026427616132,1.4525993176197505,1.4046624574506703,0.9774937352760493,1.394713165183084,0.1369441178966167,0.2467198181649363,1.0,0.6,0.3,0.8,4,241.12001529580667,2484.572593151576
25,3,0.9552376995938106,1.090891940421566,1.0374610815347869,0.768227580185586,1.0496440794225113,0.13660820722458417,0.15366177999628344,0.7879023280473609,0.6,0.3,0.8,6,131.6955568270041,1207.7260322109162
25,4,0.2532176291716145,0.38556254613395663,0.32938011661372335,0.09210656268803252,0.1791766375966518,0.09494060912979581,0.01408436796993196,0.025963297101212878,0.6,0.3,0.8,7,78.72234889228022,401.8061488946568
25,5,0.244183861646317,0.3837029192355401,0.336912107873146,0.10258618146579594,0.1188351810216074,0.09511871389150728,0.01722350909907181,0.031750028458451776,0.6,0.3,0.8,9,103.06540105221094,338.19436814874825
25,6,0.910391628836525,1.043089818984683,0.9939980990511321,0.7909067368586741,0.8524048839883673,0.15064877014994432,0.15646510945573627,0.7923340540603917,0.6,0.3,0.8,10,81.93367370841096,1317.10242436281
25,7,0.890232128764366,1.0185410025178134,0.9682288296499209,0.7826623098509091,0.7809700038720757,0.15329570664542655,0.15180424482339164,0.7774368757179332,0.6,0.3,0.8,12,75.3222019564319,1239.5181092870118
25,8,0.8980956835314791,1.0249916413536648,0.9743134631535033,0.7949470678621099,0.7826623878617105,0.15482579978027028,0.1534905433457324,0.7885276640935253,0.6,0.3,0.8,13,74.80487390582951,1289.1056271097525
25,9,0.8905873664571033,1.0216477235365407,0.9804720221568277,0.8116284715156055,0.8314308237444865,0.15049395483124145,0.15833331376068818,0.7937419710747513,0.6,0.3,0.8,14,81.73474941608599,1310.674003234678
25,10,0.8894830517395402,1.0203242990059054,0.9790991073297788,0.8151745377705804,0.7737320192659372,0.15058159614266775,0.15811884679289412,0.792752179125291,0.6,0.3,0.8,15,81.52762256290478,1307.3708475107533
25,11,0.8708782609764665,0.9957566897289571,0.9532416265094787,0.8037949492392995,0.8064661342629494,0.15314634141933398,0.15360306994670844,0.7787512092559692,0.6,0.3,0.8,16,75.23192347432114,1224.9847521605172
25,12,0.8763771946663103,0.999406508080022,0.9565106083560895,0.8137342601015378,0.7820505348466751,0.15245515850136387,0.15442770190727315,0.7885224524875127,0.6,0.3,0.8,17,72.00566860217147,1187.686529896401
25,13,0.8544140967146594,0.97536715724253,0.9320532041096479,0.7963361820303776,0.7637169082158313,0.1551879102529084,0.14904246406232163,0.7639331877495499,0.6,0.3,0.8,18,70.42450987490389,1146.7247997242623
25,14,0.8598600312340717,0.9787804832216601,0.935066020639753,0.8062238462693014,0.7707179351680357,0.1544514699554591,0.15011813249824793,0.7736081143873693,0.6,0.3,0.8,19,66.25257605649338,1110.7716285478866
25,15,0.8598147583382711,0.9897891464439224,0.95723175386463,0.8138083417703894,0.7567414295843132,0.15445146995545914,0.15011813249824793,0.7736081143873702,0.6,0.3,0.8,21,66.36658380756283,1116.9041319720477
25,16,0.8550872380107116,0.9735487237899076,0.9297449354598291,0.8200338626236249,0.7551522767508086,0.15728314753292635,0.1487575558360955,0.7666276783070571,0.6,0.3,0.8,22,67.54133189437763,1124.2943861991514
25,17,0.8422193664508555,0.9591888135425302,0.915097119655341,0.8033328587580606,0.7511317416415424,0.1556923208573869,0.14565464852576515,0.7548155855853308,0.6,0.3,0.8,23,64.96654754239387,1132.8388016218998
25,18,0.8633758752788321,0.979486204609562,0.9352308153588673,0.8359429184968268,0.7687500619427076,0.15848152094656467,0.15216609088752786,0.7778028237632595,0.6,0.3,0.8,24,64.68251879857533,1195.470543823659
25,19,0.8620443050605573,0.9778487749043667,0.9335355043793245,0.829618479301193,0.7639943504642305,0.1567339600649929,0.14823718427530358,0.7793009630807393,0.6,0.3,0.8,25,64.34412830156542,1163.7280207546526
25,20,0.8529614192929058,0.9681822097710502,0.9237588583141714,0.8262286605986344,0.7573163436757269,0.156542523246211,0.14889253687166043,0.7685605762819893,0.6,0.3,0.8,26,64.22528837897597,1147.4261503753958
25,21,0.8405909980830606,0.9553259192686208,0.9108111950193536,0.8252914593620755,0.7447662549639325,0.15608975939873818,0.1476613356265435,0.7544907490848691,0.6,0.3,0.8,27,64.0383092979092,1139.1655522091976
25,22,0.863600157463805,0.9772749936759504,0.9325623041410107,0.8411194728569376,0.7725629867372903,0.15427031434995103,0.14952280422899883,0.7851938617899925,0.6,0.3,0.8,28,62.723765448459446,1225.021673731443
25,23,0.86024436570371,0.9735336859384651,0.9287495607971187,0.8518873067815704,0.7650959748585328,0.1573239204272628,0.15018486412860857,0.7789161899071355,0.6,0.3,0.8,29,63.62660901635432,1170.1325634645889
25,24,0.9749831934331337,1.0956971591488558,1.0614073685738221,0.9694954409380667,0.9044132931478456,0.15861320813789753,0.2929519369529247,0.8720568285859258,0.6,0.3,0.8,30,64.41374009641063,1339.7944631980265
25,25,0.9707139922668054,1.0831275242121423,1.0473903679565444,0.9763363045261738,0.9088465910098068,0.16090805877441905,0.29282376706792473,0.8736772497729465,0.6,0.3,0.8,32,66.4289452397231,1379.1949915703829
25,26,0.9699688372375723,1.0775112892584078,1.0409609881936337,0.9841150944858058,0.9005930370147864,0.1632739686563731,0.292854458479109,0.8755488115229791,0.6,0.3,0.8,34,70.36488529117202,1422.254312593658
25,27,0.9743767720171193,1.0811452378964632,1.0444680261503945,0.9949140233283856,0.8956981584314572,0.1637905292632431,0.2942401964642545,0.8808512051363966,0.6,0.3,0.8,35,69.57946225077562,1454.5919899274174
25,28,0.9563150274790682,1.062008627056425,1.0251558623771515,0.9771631809903848,0.8801246414222483,0.16540077372830306,0.2889520735312259,0.860010776006819,0.6,0.3,0.8,36,67.07874850268573,1340.3827134558626
25,29,0.9561808926214356,1.072782263599009,1.0470641258497098,0.9861583333922431,0.8744771265129718,0.16540077372830306,0.28895207353122593,0.8600107760068179,0.6,0.3,0.8,38,66.00462892651561,1350.3510453102626
25,30,0.959073154838316,1.074317525181095,1.0483792467415582,0.9985288857591647,0.8855364662382098,0.1641802990083091,0.2885629709594719,0.8658787926895031,0.6,0.3,0.8,39,68.15331314696138,1419.412693835168
25,31,0.9590575507359271,1.0853764786943239,1.0705999740957342,1.0078330451437514,0.877843927790472,0.16418029900830905,0.2885629709594717,0.865878792689502,0.6,0.3,0.8,41,68.45619980221726,1416.3854739565777
25,32,0.9590572379132802,1.0964728536025166,1.092861658403667,1.0202510033208942,0.8777814161871076,0.16418029900830905,0.2885629709594719,0.865878792689502,0.6,0.3,0.8,43,68.53732947003532,1415.5971958037208
25,33,0.9678623911074524,1.0827413736596405,1.0567444095948264,1.0257787314678681,0.8887725826269107,0.1695019204839265,0.29250792904747025,0.8717120665935573,0.6,0.3,0.8,44,68.54549438965465,1417.95841565578
25,34,1.2099994775537057,1.3013004593571678,1.2527505248775603,1.2649546399815825,1.1338274318468244,0.4132542745834086,0.27319160785988517,1.0,0.6,0.3,0.8,46,72.49179639844894,2035.7516504871576
25,35,1.2099674101783477,1.3123182662686963,1.2749261631224105,1.28057398147437,1.1300430142698568,0.4132542745834086,0.2731916078598852,1.0,0.6,0.3,0.8,48,72.48263403616609,2032.585360287382
25,36,1.075520177375091,1.2089201817793391,1.204667642697907,1.157090994249117,0.9990605574376789,0.1630684546514483,0.3493823148421093,0.9928867243430568,0.6,0.3,0.8,54,55.77254832969224,1774.83108596257
25,37,0.891899524971739,0.9893526942748478,0.951187182083944,0.9813974196229884,0.822420845435779,0.16372035350720654,0.2205000242731368,0.8133582412114626,0.6,0.3,0.8,56,65.78118849370071,1637.8357269665423
25,38,0.894505658218629,0.9910147384761551,0.9527022787307744,0.9718276169253561,0.8208656747031522,0.1661118512000236,0.22125890528764153,0.815287080575952,0.6,0.3,0.8,58,72.35704433605908,1668.6345056209273
25,39,1.0745133793545933,1.2026443424726287,1.1975696701542398,1.170819195167779,1.008437618683555,0.16234256169381966,0.33973441187582243,1.0,0.6,0.3,0.8,59,56.36555149883657,1768.487021663096
25,40,0.8218044786604835,0.9381735774637264,0.9218311615344061,0.9352040923015579,0.7506355820703273,0.1612153247335995,0.267389252464022,0.7126009125321568,0.6,0.3,0.8,60,71.45347528688669,1648.4833270198324
25,41,0.7344857760254926,0.8364323821853331,0.8084173780597035,0.8254392086153861,0.6796446934825684,0.16332475086224466,0.24735250977761974,0.6118917528094101,0.6,0.3,0.8,61,70.91299442287507,1600.1733851230035
25,42,0.7868537091886,0.8995049825695901,0.882596371450499,0.8999568806323229,0.7163456831265316,0.1636695279763407,0.2673470182592752,0.669876374941776,0.6,0.3,0.8,62,76.77871187378693,1688.8434319596538
25,43,0.7733087429126052,0.8828951407188357,0.8655264899076035,0.8767501354343956,0.7187556859435522,0.16240566393662423,0.26256867826911556,0.6578950328548369,0.6,0.3,0.8,63,70.68163098835569,1625.1092343448609
25,44,1.0476904279336572,1.1521506728291944,1.1340250835675603,1.163108652306864,1.0064310239340515,0.1848933718569052,0.22933381422664895,1.0,0.6,0.3,0.8,64,82.11146990034946,1635.3773939077366
25,45,1.0418576345772739,1.1431548034218335,1.12455626332943,1.1616238934727723,0.9933108692134296,0.17855467569624253,0.228589445607518,1.0,0.6,0.3,0.8,65,86.22982423015343,1670.8276555412183
25,46,1.040949758794921,1.151448298914545,1.1437481814164947,1.1857849032773258,0.9802148621010441,0.17855467569624248,0.228589445607518,1.0,0.6,0.3,0.8,67,86.19377326429563,1679.824132786183
25,47,1.0437986230224168,1.1581296699254264,1.160572748357099,1.1925201280446047,0.9997971648582502,0.17506271799904258,0.2566443473822523,1.0,0.6,0.3,0.8,69,77.38285754658253,1711.516860372901
25,48,1.0406106812757476,1.141181488386871,1.1320880853057438,1.1932423091110564,0.9931771052803888,0.18355517239698688,0.23315833897898236,1.0,0.6,0.3,0.8,70,77.47147953493358,1624.5646639906663
25,49,1.078114844186722,1.1878029491966435,1.19925870474511,1.2487077382872775,1.044165460197829,0.17021168455812616,0.4036489871588419,1.0,0.6,0.3,0.8,73,78.74081034293114,1960.1339851334808
25,50,1.0698383056851362,1.1414864665113826,1.138285957082916,1.2385706804744698,1.0862509566229932,0.17516013649350448,0.39859664085254554,1.0,0.6,0.3,0.8,75,75.14470919337853,2046.638907186766
25,51,1.0555115101062367,1.1266299611738158,1.1233628913548626,1.2250938670235092,1.0116899536099375,0.1769689479884541,0.3477886919545329,1.0,0.6,0.3,0.8,77,74.77471341776415,1858.745093954784
25,52,1.069193110633246,1.135090111353114,1.131169545793648,1.2481640110697758,1.0489557819632456,0.1774725114978141,0.3978666878377258,1.0,0.6,0.3,0.8,78,71.3995268803737,1985.8044217175868
25,53,1.0643717563143207,1.1402166155282734,1.1473189811450135,1.2610951000706647,1.0263115508748728,0.17775066554514501,0.38238904145607566,1.0,0.6,0.3,0.8,79,71.92275876793644,1917.8349744020952
25,54,1.0679285442455306,1.1523854655178978,1.1703454514221021,1.276490075252197,1.0310944415252863,0.17804161465787757,0.3961577850847756,1.0,0.6,0.3,0.8,81,71.17399742822411,1895.7475449823407
25,55,1.0687397057652883,1.1281993288129368,1.1234828223724058,1.2793267718791306,1.0313829676889747,0.1871293858762469,0.3834507502637864,1.0,0.6,0.3,0.8,84,78.98856366531456,2168.254995186262
25,56,1.0682423333929278,1.1365343616321804,1.1427053249277854,1.303019721380786,1.0323645362198506,0.1871815280181762,0.38387155504045833,1.0,0.6,0.3,0.8,86,79.09125213833997,2132.4195452413624
25,57,1.0771263377440161,1.1435490639902717,1.1494912730198616,1.3122036124286434,1.044952743008693,0.19840873780251916,0.39280726008979233,1.0,0.6,0.3,0.8,87,80.73593673564302,2536.770971592541
25,58,1.0579049046408182,1.145288770565474,1.1734112340919012,1.3153731740816825,1.0186766932108435,0.1841980332803068,0.3583154061240404,1.0,0.6,0.3,0.8,95,76.09407311144645,2026.6675535283168
25,59,1.0950198028098845,1.180202094833725,1.2080566330092473,1.3559987284307766,1.065189617106602,0.18579818001326864,0.4808730436712766,1.0,0.6,0.3,0.8,96,69.10236903749363,2044.128603600368
25,60,1.0831549953671455,1.168056544048477,1.1958770198762656,1.3474015966595776,1.0451557153734377,0.18583236432162936,0.44151326520246836,1.0,0.6,0.3,0.8,97,77.24391599067073,2280.695621441697
25,61,1.10405679311539,1.210068278606422,1.2600877819375071,1.34520875876948,1.0663198021015627,0.1731920979135199,0.5374625084272056,1.0,0.6,0.3,0.8,101,65.93623808758937,2053.284478816681
25,62,1.1298456693055356,1.2316582320348988,1.2811705829067233,1.3815886928492465,1.0980242446910307,0.20432015836447381,0.5649266134009352,1.0,0.6,0.3,0.8,104,64.00223842387742,2008.85321048097
25,63,1.1298452579355258,1.2316562847677401,1.2811686383629248,1.3815884965547807,1.0920765433727824,0.2043201583644739,0.5649266134009353,1.0,0.6,0.3,0.8,105,64.00264315965163,2008.968672462939
25,64,1.1305438132852288,1.2421988607418086,1.3027257176650682,1.3871069602394979,1.0984139084346207,0.2063107824346348,0.564374205112568,1.0,0.6,0.3,0.8,106,63.49145904570249,1977.168182595224
25,65,1.0953907189673067,1.228250420373734,1.3109890513847073,1.4533934164710105,1.0585849519352168,0.1820391060859102,0.49660222265091286,1.0,0.6,0.3,0.8,117,66.02347470983533,1955.2911548889128
25,66,1.1020674623369395,1.2113830202186673,1.2716292482268265,1.3736667847626722,1.0709387499849523,0.17994806189314833,0.5242059749828397,1.0,0.6,0.3,0.8,118,68.95740673736397,1911.7540043608544
25,67,1.0989062555269427,1.2062069817396286,1.266212399211026,1.3830755166661668,1.0710794265418193,0.18442377393562398,0.5064355782245993,1.0,0.6,0.3,0.8,119,66.05173932473984,2104.5053611585977
25,68,1.0989062555269427,1.2062069817396286,1.266212399211026,1.3830755166661668,1.0625850137239539,0.18442377393562398,0.5064355782245993,1.0,0.6,0.3,0.8,121,66.05173932473984,2104.5053611585977
25,69,1.088805783914836,1.194798723549388,1.2546482268853145,1.3779591765943726,1.0583159855960242,0.18363247883941042,0.4754520199648108,1.0,0.6,0.3,0.8,122,67.94273801220668,2100.925821071244
25,70,1.0887522297866297,1.2382178856838006,1.342619681196209,1.4841237321716254,1.0542782286799681,0.180403968111704,0.482495811465175,1.0,0.6,0.3,0.8,125,68.17586018078688,1941.7338480172723
25,71,1.0994145906097388,1.2487365575736329,1.3531211464345705,1.4349235412763988,1.063735776067788,0.17501700368935025,0.5289325284229062,1.0,0.6,0.3,0.8,138,80.46563054867694,1958.2282483870656
25,72,1.099227428158561,1.247795435747076,1.3520904175450132,1.4348287089267335,1.065265989801629,0.17501700374313084,0.5289325311740911,1.0,0.6,0.3,0.8,140,79.70767190515137,1975.037553722342
25,73,1.0967848559610986,1.242375787298137,1.3463176312088585,1.4292910048932579,1.0744299186911646,0.1747317840180049,0.5237992357007386,1.0,0.6,0.3,0.8,141,78.60462641391962,1995.9282450704584
25,74,1.1322848766182096,1.2763548737489006,1.3801170583379332,1.485776848035274,1.101018986991647,0.17883029292210625,0.6351620032082256,1.0,0.6,0.3,0.8,143,87.86071456242064,2017.680218839532
25,75,1.1011140605256502,1.2835185387159393,1.431229991915897,1.6967514542281323,1.0694956681090537,0.18480506025360216,0.524059343917541,1.0,0.6,0.3,0.8,161,95.42474167557071,2497.1723116706867
25,76,1.0951837008177203,1.320259362816169,1.5124311727705613,1.7464754854076223,1.0643349953480046,0.1911011582739354,0.4930100151425528,1.0,0.6,0.3,0.8,165,95.71026051029506,2281.7056222836363
25,77,1.1041828939678386,1.2909932708266882,1.4490897219184098,1.7327894407504996,1.079488490236909,0.18594459646787295,0.5370313914064246,1.0,0.6,0.3,0.8,168,100.71162553336832,2484.903917172853
25,78,1.1030293250451009,1.3548516603021707,1.579757642833095,1.8417499717902064,1.0722677351717254,0.18727461452082922,0.5316710257214401,1.0,0.6,0.3,0.8,184,103.86336913175371,2307.9845853988213
25,79,1.106427304845449,1.369284259424491,1.6053484283439619,1.8590997645144034,1.0754074898353254,0.18406126553125957,0.5494702047484771,1.0,0.6,0.3,0.8,186,100.56371249835176,2308.009921993909
25,80,1.0997695620267154,1.3505040590700004,1.5752840656779319,1.8501760288799634,1.0730277994813506,0.18845988358124074,0.5192211602025854,1.0,0.6,0.3,0.8,187,100.19094154067209,2325.2834803089627
25,81,1.1027818453001845,1.3858275448756978,1.643990250344274,1.879448097278525,1.0760621486850752,0.18601304788723,0.5348585827559851,1.0,0.6,0.3,0.8,188,97.2836453603708,2313.411676579665
25,82,1.2338101431622155,1.4246112307960388,1.5930513448897976,1.7176907633885206,1.206181640339048,0.1730485817340842,1.0,1.0,0.6,0.3,0.8,194,84.37077561867503,2222.0862951316158
26,0,0.8916880774477245,0.6420188080608392,0.6079419908555396,0.029379119712885707,0.0,0.0,0.0,0.0,0.6,0.3,0.8,1,400.9600217403364,1447.204988874205
26,1,0.8516007692210142,0.6500702622321368,0.6144687368018041,0.055444287046230445,0.050957728801642184,0.040031114780981494,8.173052802201999e-05,3.183728291284e-05,0.6,0.3,0.8,3,375.2859559958926,1260.7298273307913
26,2,0.329838728725359,0.4541153725712644,0.4082914797548663,0.06867424760555951,0.7960419024723561,0.054324571549996356,0.01301964534101083,0.00649351513672292,0.6,0.3,0.8,4,142.27789165816148,376.55727132590056
26,3,0.2562998829865123,0.39058775751634633,0.33568683450833625,0.09124667452225763,0.23359656226197079,0.05720293630445378,0.05061513316807966,0.030021042536641063,0.6,0.3,0.8,6,143.00277679936875,109.5437222867322
26,4,0.23991555105976609,0.38464632628720774,0.34043260121740226,0.0932861322858267,0.07838887061328075,0.06297444489315616,0.025873233242696508,0.019952879163342978,0.6,0.3,0.8,7,117.73744313887865,189.83023753382724
26,5,0.24242254261396773,0.3747565933955302,0.31859135755336576,0.09332526695547926,0.09868863912054936,0.05734853520837789,0.04691886545622964,0.028111981041261752,0.6,0.3,0.8,8,131.8232943668051,102.28734146788014
26,6,0.23922979209148754,0.3706175443786559,0.31394842191793954,0.09786720125521466,0.08999856128558095,0.05868935637075615,0.04566040895892579,0.02902222019183632,0.6,0.3,0.8,9,118.22362880404428,108.8888506050106
26,7,0.25311755702501704,0.39422664425666876,0.3480758480431237,0.11888735245348248,0.11434863012740645,0.061509165112545214,0.06559561938984561,0.04356688393760172,0.6,0.3,0.8,10,136.21207909899573,170.20127560157744
26,8,0.22774613819904083,0.35989597794105677,0.3106457990651703,0.12814150688333542,0.1988131551234109,0.06304289692758187,0.06293005338153998,0.04120241632763576,0.6,0.3,0.8,11,112.76035055430889,147.63276543789354
26,9,0.22343105832201848,0.3523399097822373,0.30218781000526007,0.13636477698842595,0.10748262791662563,0.06759022339360601,0.06200996314541768,0.04053548763253684,0.6,0.3,0.8,13,93.39532922267594,167.58688514722732
26,10,0.23874535322439244,0.3767263482391767,0.33721021564805453,0.1472345351396231,0.12910077496492256,0.056555665964590794,0.10715998262703821,0.05544150835856591,0.6,0.3,0.8,14,127.76135047044956,419.04162605489137
26,11,0.21365895989533207,0.3446692288727706,0.3034822066062135,0.1458896854864502,0.15486477290752623,0.06279798054655611,0.07098125148445851,0.0461968650816747,0.6,0.3,0.8,15,112.97964417611244,179.32168079042037
26,12,0.2586311815820653,0.3765416263160294,0.3237433459725049,0.1980668598454593,0.15931841539160127,0.07718726096367887,0.10156033682396134,0.08350660080195324,0.6,0.3,0.8,16,91.11989682504364,875.0440370222377
26,13,0.21366454018295963,0.3527266657230283,0.32203162371693356,0.16460730194919684,0.10798933435886925,0.06695393337538602,0.07267939001398227,0.04748628879642259,0.6,0.3,0.8,17,102.88223372777216,218.53042278099196
26,14,0.26207777549325595,0.3892254171573017,0.3471892185300314,0.2114134669566829,0.15560078749359274,0.07849581097112962,0.10697442334504999,0.08777193256845482,0.6,0.3,0.8,18,90.49178961185744,987.0176075131992
26,15,0.21306000953866755,0.3492883122854268,0.31799121219225046,0.17240392883911593,0.11789094178423895,0.07131426899977343,0.07293192332712586,0.047729511612514944,0.6,0.3,0.8,19,93.39258677397387,243.76057174531763
26,16,0.20973264814862974,0.3342017522125957,0.2916013487727945,0.16713741448345018,0.10274449016205331,0.07177030812604544,0.06983918186729046,0.04537069897652008,0.6,0.3,0.8,21,88.3227752318547,220.0413119147294
26,17,0.2282069392711525,0.387597739105297,0.3877931453015552,0.22404363198562566,0.19476466414638494,0.05901124370806634,0.154869769290957,0.058811352002279806,0.6,0.3,0.8,22,137.05100808410344,443.52028464648487
26,18,0.44920340150953675,0.5927053231137039,0.5808368700137138,0.44622322399189185,0.37071735423631397,0.0604554463157424,0.6134275819408483,0.16782250299504775,0.6,0.3,0.8,24,134.53370420100964,280.42854159838726
26,19,0.21303719515627761,0.3503265439045055,0.34668120851751005,0.23479835830438214,0.1838901928196633,0.06096650362317328,0.15412262065707746,0.061470313213108765,0.6,0.3,0.8,26,119.12540446078974,469.64248828154246
26,20,0.43386730077557356,0.5674693497477317,0.5632458660140837,0.46045772068024626,0.3651301244483587,0.06017399076921539,0.6142412675905107,0.16854009124388683,0.6,0.3,0.8,28,128.92411463128582,281.6527725954029
26,21,0.4454419712465346,0.5760134178132379,0.5713139775495053,0.48877334207820017,0.38555290334907943,0.05992282842402665,0.6358831739288593,0.17754313746827405,0.6,0.3,0.8,29,133.27633371304194,302.8779697796857
26,22,0.44067143415073967,0.5641948605380349,0.5584153456395167,0.4841475750672061,0.4063513282745442,0.057090738623603976,0.6329260398112434,0.1801860231966957,0.6,0.3,0.8,30,144.29011820094306,298.6423963334958
26,23,0.4391198976154672,0.571006570386762,0.575984298858776,0.4927114535420383,0.37540441137181507,0.057090738623603976,0.6329260398112434,0.1801860231966957,0.6,0.3,0.8,32,146.43521591268612,311.71134693709683
26,24,0.4378935309051853,0.5696071757436096,0.5745590901384008,0.5071206963639614,0.36806255207690336,0.05713557573671842,0.6310031918767787,0.17946308685085294,0.6,0.3,0.8,33,143.69252355280307,307.8769911563709
26,25,0.4373928976016689,0.5683371417828623,0.5731744789819176,0.4976008711309571,0.37112882754957394,0.05433089274063359,0.6284902549877731,0.18242588351993247,0.6,0.3,0.8,34,158.73728408610168,311.360215714921
26,26,0.43938427182085127,0.5685145706079706,0.5730833119392283,0.5127756397439281,0.37955889229197753,0.05430201490873959,0.6311594890261264,0.1851958819507436,0.6,0.3,0.8,35,160.95281722367326,338.8469821823527
26,27,1.1927180712569276,1.3532041277999949,1.3908577522221057,1.2835463323600615,1.1315311215225752,0.043006321591179245,1.0,1.0,0.6,0.3,0.8,39,135.31304971677358,288.6003963385333
26,28,1.1824562438113748,1.3296924008068507,1.3752167534120447,1.2894850319726845,1.1796990193988321,0.043006321591179245,1.0,1.0,0.6,0.3,0.8,41,136.71498568205914,308.22513505024267
26,29,1.1787794523098212,1.3065943952240224,1.33983478538628,1.2914502558742473,1.1654257577121747,0.042589019333526414,1.0,1.0,0.6,0.3,0.8,42,132.3920147387118,268.9084901135756
26,30,1.176608736750306,1.309695869195777,1.353340777236905,1.3103085580303548,1.1387631015805058,0.04258645503763369,1.0,1.0,0.6,0.3,0.8,44,132.9986550988982,274.9207559349829
26,31,1.1765251095296898,1.3093859150623848,1.3530012112760956,1.3165874352235776,1.1265900064272705,0.04258645503763368,1.0,1.0,0.6,0.3,0.8,45,134.0619686336357,281.366770199952
26,32,1.1768992710415005,1.3069674253267574,1.3502195505299268,1.3248131318996406,1.1397650041324727,0.044914453828968644,1.0,1.0,0.6,0.3,0.8,46,119.725041563375,311.82127413583174
26,33,1.1761847066092765,1.3049053833244444,1.347983113623908,1.3311621824218642,1.1298038048425891,0.044533092215507566,1.0,1.0,0.6,0.3,0.8,48,125.51247598860388,330.7940595012165
26,34,1.1761942016576232,1.3045303920388824,1.3475584674877212,1.3346338240528506,1.12861153704421,0.04477675721993135,1.0,1.0,0.6,0.3,0.8,49,123.6009414636316,326.7554864034121
26,35,1.1757621970796528,1.3143856111547023,1.3684747161722812,1.351274647975465,1.1303821160159662,0.04453309221550758,1.0,1.0,0.6,0.3,0.8,50,126.18778539331704,337.1361839801129
26,36,1.1756823549319768,1.3127146473536813,1.3665990792232612,1.3378551467776085,1.1308088706391346,0.045331970757050276,1.0,1.0,0.6,0.3,0.8,52,121.5591713909937,323.7744612612681
26,37,1.1661357064162199,1.3051636491220031,1.3690508337547391,1.3327897116702454,1.1622927307977307,0.034605767202920926,1.0,1.0,0.6,0.3,0.8,53,231.21026596389729,354.9639500449036
26,38,1.1732948762327458,1.2972907346553952,1.3495195334206338,1.3412400220812306,1.1378158739750799,0.048611650101081746,1.0,1.0,0.6,0.3,0.8,55,155.05624986400855,182.94405159511493
26,39,1.1726460606868312,1.2904035831602034,1.3418555349592225,1.3486605175696766,1.1442302941243125,0.05073585422983893,1.0,1.0,0.6,0.3,0.8,57,139.3844602456679,215.55947767241676
26,40,1.1647116356744744,1.3101049896674386,1.3943622464877796,1.368319511668224,1.132020162812362,0.04017569536595964,1.0,1.0,0.6,0.3,0.8,60,210.6519618773935,414.7643856684842
26,41,1.1688438064825633,1.2908054809675908,1.352580234074405,1.3700280415722383,1.131307387012079,0.04765931122304974,1.0,1.0,0.6,0.3,0.8,62,151.54750883739456,182.31885362456495
26,42,1.1717086524164486,1.333229602344447,1.4390752382286698,1.4086147221223795,1.1434336524248372,0.05472285744117304,1.0,1.0,0.6,0.3,0.8,64,161.8318002949712,261.6563862171732
26,43,1.1680151878740452,1.3146892884572565,1.4187591252883667,1.414077968457041,1.164069063863121,0.05491426435509846,1.0,1.0,0.6,0.3,0.8,66,151.01290681534906,260.709661707727
26,44,1.1642354638246593,1.3051877961116756,1.4085825380741206,1.4468584975245953,1.134499047070946,0.05089807321983423,1.0,1.0,0.6,0.3,0.8,72,151.5557877827843,227.9684593832613
26,45,1.1632039148252225,1.298008804735223,1.400683756858087,1.4536830582361913,1.1436162873363804,0.05153726814923276,1.0,1.0,0.6,0.3,0.8,74,166.09907081966702,279.41113033236536
26,46,1.163130778840393,1.297741557554404,1.40039388292699,1.4500420668758764,1.1316915554693,0.05148822382241871,1.0,1.0,0.6,0.3,0.8,75,165.2225869543622,276.7092531586985
26,47,1.1579906713113628,1.2867427401699174,1.3986033686625294,1.4502024432390608,1.1983779806513768,0.04892535120465523,1.0,1.0,0.6,0.3,0.8,76,166.04194337102754,234.7987265767036
26,48,1.158283012042608,1.2665619453561399,1.3661911592951532,1.4512792679833035,1.150270842179353,0.05245104146030157,1.0,1.0,0.6,0.3,0.8,78,158.12291981927163,295.3786595356353
26,49,1.1584243689270943,1.2863465765301079,1.408018143882897,1.484601576611334,1.1371717477443308,0.05348149675591355,1.0,1.0,0.6,0.3,0.8,80,154.71409309878746,292.3279836759152
26,50,1.1560585745044627,1.2919371516537743,1.4244192115034975,1.497299689844376,1.1366602156546541,0.050515958273759355,1.0,1.0,0.6,0.3,0.8,82,176.208215042022,273.7634041654925
26,51,1.156983642014793,1.3108209575454208,1.4750878305917565,1.5440897235141395,1.1639678071555533,0.05646424661939923,1.0,1.0,0.6,0.3,0.8,84,163.43765351357803,319.58777957512706
26,52,1.1568076383775747,1.2986102061185143,1.4516079057563291,1.54395770779266,1.1350734731589223,0.05642680057703645,1.0,1.0,0.6,0.3,0.8,87,165.93348978521692,324.05601039364427
26,53,1.1562671231137287,1.304379610940293,1.4680133624277525,1.5549478034577169,1.1434213117545524,0.05681369890458456,1.0,1.0,0.6,0.3,0.8,89,174.0444317777324,362.8799499480997
26,54,1.1520924044504017,1.2919971170996716,1.4547283980297845,1.5589733996455308,1.141796688508081,0.051977012206259374,1.0,1.0,0.6,0.3,0.8,92,181.7881970550588,269.2011027207637
26,55,1.1514779875539345,1.2774363412446155,1.428690337023255,1.5622987405019593,1.1346672745917556,0.05166495390200328,1.0,1.0,0.6,0.3,0.8,95,181.80075856455352,263.14619307054915
26,56,1.1537542492035784,1.401450754506785,1.6754871829279723,1.8850470852889036,1.1333462952612963,0.055540007245851966,1.0,1.0,0.6,0.3,0.8,152,154.37260617567682,542.3709419390357
26,57,1.1489759867155935,1.4622900923934914,1.8032130841100518,2.0408913385491756,1.1288214108984043,0.047814193256217906,1.0,1.0,0.6,0.3,0.8,180,148.68849926586267,290.32731528903133
26,58,1.148783855697393,1.4725107862412552,1.824524386583792,2.04872259408451,1.1299155776128624,0.04766179262587108,1.0,1.0,0.6,0.3,0.8,182,149.2744227989421,284.2510560895722
26,59,1.1472692926920325,1.4804027163758104,1.8433971059305367,2.0454676107246392,1.1338258285980176,0.04554843499255407,1.0,1.0,0.6,0.3,0.8,183,147.63517025089587,275.8332997031928
26,60,1.1465757471213567,1.4891650519481496,1.8631459956190564,2.067089029118793,1.1289756366052304,0.04478810751831014,1.0,1.0,0.6,0.3,0.8,186,157.3647525764254,265.13243377808084
27,0,0.8963702001414188,0.6431424658752012,0.6091726440120023,0.029488017555735938,0.0,0.0,0.0,0.0,0.6,0.3,0.8,1,395.8872667067308,1374.7489345479923
27,1,0.8667449838559131,0.6618720551214061,0.6263813419067956,0.0661935006094441,0.06152712124559282,0.05774443093541644,7.730129223565e-05,4.580501938296e-05,0.6,0.3,0.8,3,370.52987891821374,1240.9865258399752
27,2,0.8558288219879283,0.6536522711931583,0.6180726521526119,0.06124401387266098,0.03056969998034068,0.04532734751815532,0.00043440540373119,0.00011791060648317,0.6,0.3,0.8,4,368.8805860674801,1190.3774567609007
27,3,0.27611884058693137,0.412053551719082,0.35928630635992986,0.08018283609627914,1.072574869002983,0.07627441012719723,0.0346366766828781,0.02052402490225154,0.6,0.3,0.8,5,146.58598523651546,172.06073821654897
27,4,0.2760018331604577,0.42303055068406714,0.3814173416314022,0.08826940538642525,0.07277639194207898,0.07627441012719723,0.0346366766828782,0.02052402490225154,0.6,0.3,0.8,7,144.17821143546308,169.14212630892794
27,5,0.2702127431396781,0.4060860535706701,0.3530894981392217,0.08868845984932523,0.07159126143966058,0.08415422810976789,0.02078716084437198,0.01535984816207964,0.6,0.3,0.8,10,120.23205842344872,237.7143694392008
27,6,0.2584270254148294,0.40404763391085746,0.36050482290748553,0.09545834173441847,0.13418914174488672,0.08594430535700356,0.025669515025904983,0.018242128783179,0.6,0.3,0.8,11,98.69826224347268,170.5411765796214
27,7,0.24466042169951682,0.36598964260288525,0.2987033430361914,0.09351943574142221,0.12272682801698288,0.08689749266017886,0.027421047032154623,0.01559462468563311,0.6,0.3,0.8,12,83.0513616080659,258.8168250572615
27,8,0.2502550589476313,0.38104858562206284,0.32407541544508855,0.10767215886321699,0.11602741932951315,0.09115772414478232,0.0379061962533794,0.02460947335549922,0.6,0.3,0.8,13,86.9080843047094,174.82512158571237
27,9,0.24722394313608795,0.3767270154074685,0.3192076951139387,0.12838914453127698,0.10619848800268472,0.09191197943102995,0.03325489879566964,0.027557501959561893,0.6,0.3,0.8,14,67.17677659991074,242.2890418020311
27,10,0.2856621131625464,0.4016525870996547,0.33200635535472134,0.18346591659795292,0.16741627453125874,0.08663615984923934,0.08288783669679553,0.07055938064291822,0.6,0.3,0.8,15,120.58352872463992,307.92596852176604
27,11,0.2781706197516523,0.39068854929628083,0.31986173898896963,0.191230387668213,0.15561128543041142,0.08909961880092403,0.0824299315112562,0.0706810284570131,0.6,0.3,0.8,17,110.53053844396992,339.4736223371645
27,12,0.27142524000363344,0.3800352146625996,0.30807116198327067,0.1939212727836473,0.17578166229789932,0.08923148629108012,0.0834279851197301,0.07182355365927293,0.6,0.3,0.8,18,97.13202132406678,341.50312295334714
27,13,0.2676854801162447,0.3733128735787744,0.30054303739606925,0.2000077188094664,0.1519797635271335,0.09178483469944484,0.08322060088168069,0.07216487715978073,0.6,0.3,0.8,20,89.68228990595046,379.5527259019195
27,14,0.25388348424875484,0.38052326767865396,0.3297796734707498,0.1818998737231267,0.13671898838776286,0.09115707722075553,0.06037464329753456,0.06647026894414458,0.6,0.3,0.8,21,98.34766228048598,425.9923705761845
27,15,0.2690963064155702,0.4037876416366034,0.3634560447506446,0.20398066620967004,0.1726582575624146,0.09067182740836584,0.06908772611998219,0.08866679962869548,0.6,0.3,0.8,22,96.37166241290808,524.2588902908618
27,16,0.22484177591673377,0.35482324734803283,0.31338212650407354,0.16756141411074127,0.14847471696918194,0.090794870823213,0.0547309248477922,0.0473221929015549,0.6,0.3,0.8,23,56.69503197262422,685.8583820254325
27,17,0.26163745074718364,0.38985062811538085,0.3480435449593756,0.21740172142255187,0.1599349399606144,0.09359708298847716,0.06867869328829046,0.08858007492360305,0.6,0.3,0.8,24,90.03599029100795,560.3579298354748
27,18,0.22308599109998553,0.3576395667511868,0.3259890194591534,0.18291491283676597,0.15070086564066648,0.08966462643955873,0.06291985064561471,0.05280054951395104,0.6,0.3,0.8,25,55.88778691408254,370.03355252278953
27,19,0.2174653641815259,0.35132285669098556,0.31953703778654463,0.18661721673618764,0.1145889130508653,0.09520407088953423,0.08267996748392767,0.0351167044096944,0.6,0.3,0.8,26,47.94202192535851,336.93475289629305
27,20,0.2202685455088828,0.36333422256113357,0.3423347330951815,0.1902887516523023,0.1282600452088164,0.08966462643955873,0.06291985064561471,0.05280054951395104,0.6,0.3,0.8,27,58.8773911410726,387.6755191046088
27,21,0.26003119452514645,0.390631720751734,0.3581965951090463,0.2408301522562607,0.16568629396625772,0.10082793427948292,0.07207722963969496,0.09253719221672192,0.6,0.3,0.8,28,82.17895498673916,645.2241823669275
27,22,0.3080265083772049,0.43521700182839435,0.4021240268887178,0.3149853269751587,0.21228645785091882,0.09944709210459768,0.07655609782794745,0.15626373104512958,0.6,0.3,0.8,33,81.08188691706242,612.1594368597764
27,23,0.3094897929539431,0.4342270654003458,0.40067344921866316,0.3212812473337082,0.21961901819312218,0.098375858868543,0.08031098825489814,0.16047066762793952,0.6,0.3,0.8,35,82.64550001131241,586.7264641198944
27,24,0.3098515381391801,0.4344489287358059,0.40086930797588605,0.33049876280297846,0.21290569564503925,0.09839941981399195,0.08082669682784702,0.1608779187855691,0.6,0.3,0.8,36,82.53575309084366,585.3464585166665
27,25,0.25580514077314276,0.38956107992329103,0.3667892928161821,0.2837460596971284,0.16608471842110925,0.09342782381496571,0.07857273646232885,0.10016660171823943,0.6,0.3,0.8,38,57.91987788597953,925.814315508573
27,26,0.25137400360231205,0.38488308944322597,0.36206651177801846,0.2816093230906892,0.15607756833518147,0.09383445126926389,0.07881741354764607,0.09451037913857936,0.6,0.3,0.8,41,56.99011460980491,609.7187633159766
27,27,0.562644294132391,0.7601986762151673,0.8039138749893481,0.6823009173501954,0.4700805092015766,0.07891078263713559,0.6048608219186038,0.3003944173406102,0.6,0.3,0.8,58,96.58411492266887,184.1100118882143
27,28,0.6706192603343518,0.8374645044128868,0.8573757578223602,0.8021077036241547,0.6359265431113595,0.08080326047814598,0.7228791601865859,0.39838919712450843,0.6,0.3,0.8,59,96.8174019806186,191.3482469952756
27,29,0.572555894828924,0.7390726501999423,0.7589293025258361,0.7075059823394859,0.4881365453745795,0.08257045895705996,0.5982491974534565,0.32152753048067995,0.6,0.3,0.8,60,97.92263668418371,192.09712120517807
27,30,0.5845325888659612,0.7432661422193899,0.7618445122302031,0.7490258887334673,0.5263996303956078,0.088049565690513,0.7976800807372205,0.264659773769415,0.6,0.3,0.8,62,97.19960352646945,286.7508157618128
27,31,0.584532588865961,0.7543631944378986,0.78410692574206,0.7619307535665202,0.5038616279197347,0.088049565690513,0.7976800807372205,0.26465977376941496,0.6,0.3,0.8,64,97.19960352646945,286.7508157618128
27,32,0.5883133916292567,0.7550287423872929,0.7842758002245587,0.7673056567116856,0.5272427935303285,0.08580981154597951,0.832141888439644,0.26076724655885963,0.6,0.3,0.8,65,90.42135386646724,644.1131270838532
27,33,0.6999661373105275,0.8603900026703093,0.898161053633294,0.9239312054050819,0.6421050461492437,0.08861076473900033,0.5265680487312132,0.5257724662403381,0.6,0.3,0.8,74,109.23460753053068,1222.0977507190428
27,34,0.7477323617112268,0.9188315177786777,0.9677061752200646,0.9933144658679869,0.6804806367542447,0.09028569083107651,0.5688717089033781,0.5686432101846437,0.6,0.3,0.8,77,101.96436229673164,1229.164416464114
27,35,0.701930947054168,0.8726686846401932,0.9214906323613925,0.954310186421204,0.6360007547866222,0.0927352293129684,0.5267034454402497,0.5256090101348703,0.6,0.3,0.8,78,107.9115979704018,1253.683171729252
27,36,1.2112265921540055,1.3704164012859805,1.4080072582944303,1.4792268439922482,1.1439081339126282,0.07279181563038394,1.0,1.0,0.6,0.3,0.8,88,113.36968139057076,1942.1145720262475
27,37,1.2095698497144882,1.3767069534442424,1.4250067693499,1.5188831326620484,1.1476872626932177,0.07277197396943522,1.0,1.0,0.6,0.3,0.8,92,112.74668574311734,1927.016291341756
27,38,1.2055163450420996,1.3383257068128438,1.3529804141929418,1.503898694072201,1.141190560656796,0.06689839309424198,1.0,1.0,0.6,0.3,0.8,97,113.22897797044,1498.9577759838196
27,39,1.2057772936927642,1.349550344075948,1.3753512696643,1.5236286653076203,1.1411432481147323,0.06744616233537344,1.0,1.0,0.6,0.3,0.8,98,114.4119649590444,1459.3814152694224
27,40,1.2054114140607755,1.3487046747510538,1.3744367525600876,1.536305249541955,1.1427698981724004,0.06724091475999826,1.0,1.0,0.6,0.3,0.8,99,114.66199978161607,1509.3662795688924
27,41,1.2058374088974126,1.3595466342109392,1.3963465184180668,1.566935791261782,1.1428324977088637,0.06852215883984422,1.0,1.0,0.6,0.3,0.8,101,107.39074824795838,1239.0442893663742
27,42,1.2081949155833627,1.3487922519538977,1.3741400642102624,1.5500271450831784,1.1546039863824835,0.0741166602864834,1.0,1.0,0.6,0.3,0.8,102,109.53900141079896,1519.1369015327823
27,43,1.2079403302170753,1.3706165077976353,1.4182784737359366,1.5858563313430838,1.144364958574715,0.07378598625394275,1.0,1.0,0.6,0.3,0.8,108,108.73344165784712,1885.662144069676
27,44,1.2099055580342397,1.3722811346847181,1.4199005346367508,1.5850684141807285,1.147886661465333,0.07730653459728593,1.0,1.0,0.6,0.3,0.8,109,101.92498187189868,1500.466267607287
27,45,1.2096352571223021,1.3719685356632458,1.4195818334028332,1.5881893616999794,1.146346399904771,0.07689051932715622,1.0,1.0,0.6,0.3,0.8,110,101.96173523150338,1526.897785865502
27,46,1.2097087479570465,1.3720289452741812,1.4196404472375599,1.5882675487938613,1.1462794440960709,0.07702365646469363,1.0,1.0,0.6,0.3,0.8,111,102.1985331457227,1526.558970057322
27,47,1.2091655290341408,1.3651569972342719,1.4022844476460143,1.5760969583014235,1.144630792590685,0.07213975537213685,1.0,1.0,0.6,0.3,0.8,112,114.18062442963762,1944.0465586467017
27,48,1.2041200917105195,1.3757288328682895,1.4342500113958472,1.6338237762121575,1.1437549145755148,0.06917108220237884,1.0,1.0,0.6,0.3,0.8,118,110.29891895937736,1943.8739562906812
27,49,1.2037524241015531,1.374741517284165,1.4331757223193935,1.6305314260450223,1.144522550786438,0.0690493633336819,1.0,1.0,0.6,0.3,0.8,119,106.12484172837858,1641.4395403886235
27,50,1.2035741212944746,1.3852844450003379,1.4548311950981503,1.644003052357839,1.142558284735482,0.06904936333368189,1.0,1.0,0.6,0.3,0.8,121,109.12652897626596,1623.3255825374245
27,51,1.203928302769364,1.3742952608213472,1.43264208951543,1.6409719874614446,1.142042152733158,0.06983420728190225,1.0,1.0,0.6,0.3,0.8,124,107.86930880148977,1634.7577373386566
27,52,1.2041995685776503,1.373435918950165,1.4316245508933136,1.6753295809980517,1.1427155554410677,0.07117372219213644,1.0,1.0,0.6,0.3,0.8,134,113.43187429558424,1904.4471519163933
27,53,1.2044955907545676,1.3727903165860382,1.4308472575458038,1.6928200478792728,1.1443712744451466,0.07240127885814666,1.0,1.0,0.6,0.3,0.8,139,106.77858123111544,2893.006166864098
27,54,1.2034351544972497,1.3715413369078833,1.4295722022723756,1.6903371701891097,1.1429246435094167,0.07077781826878024,1.0,1.0,0.6,0.3,0.8,141,106.07802468995628,1408.189549360878
27,55,1.2042949998118226,1.383496129594403,1.4526919923236334,1.7028052280211552,1.1433295418499947,0.07221133669230898,1.0,1.0,0.6,0.3,0.8,142,111.69512547363333,3699.2101121137607
27,56,1.2032618347912316,1.382035514508572,1.4511719227850908,1.713260225849127,1.144422034950733,0.07081848393319976,1.0,1.0,0.6,0.3,0.8,143,112.16128119309386,2724.363542977859
27,57,1.204645458153101,1.350044598676095,1.3856732969740986,1.6290322327994238,1.1440579058717537,0.07318888617275163,1.0,1.0,0.6,0.3,0.8,147,106.04090252616284,1887.284304904256
27,58,1.2037470173879103,1.3590711261971231,1.4057025986108673,1.6422706771182067,1.145463962238075,0.07258610155602932,1.0,1.0,0.6,0.3,0.8,150,105.6988870787051,1829.5335489442352
27,59,1.2031241577185359,1.4240236963536268,1.53750790118624,1.7962461780949261,1.1438759425148044,0.07230818010297035,1.0,1.0,0.6,0.3,0.8,160,109.56594145546536,1971.2500985812596
27,60,1.2040289492901697,1.4242694300222978,1.5376626102943705,1.8044529021480664,1.1453880487579267,0.07430983877913683,1.0,1.0,0.6,0.3,0.8,164,107.90737673478328,1967.00694706445
27,61,1.204228193121494,1.4574212421953237,1.6042636639717576,1.9247728173759733,1.1450081238965721,0.07489432133109841,1.0,1.0,0.6,0.3,0.8,187,106.52824870653448,1976.314984234184
27,62,1.2046159269967098,1.4680908551339091,1.6259863108532373,1.9083272413561958,1.149645626999638,0.0761455580225689,1.0,1.0,0.6,0.3,0.8,188,107.09225062594518,1933.5957674031376
27,63,1.2053169631894776,1.4685782290735498,1.6264444218706606,1.9443089513168972,1.1470003369680097,0.07747147491165737,1.0,1.0,0.6,0.3,0.8,190,107.52739301856516,1912.5710111071428
27,64,1.2051925748217456,1.4793424939295874,1.6483454426413187,1.969631723581029,1.146576344178436,0.07741747451616778,1.0,1.0,0.6,0.3,0.8,198,107.82043381688472,1960.438204196748
28,0,0.8039968469958055,0.6198143746415016,0.5836238907137218,0.027223921309706207,0.0,0.0,0.0,0.0,0.6,0.3,0.8,1,597.138429967614,1351.2827030377855
28,1,0.7805304955568468,0.638434552981824,0.6007115106339488,0.06393090458716803,0.061747464705860816,0.05775309395052221,7.508225218212999e-05,5.704104367933e-05,0.6,0.3,0.8,3,549.092859822352,1261.7168753294206
28,2,0.6437867140427004,0.7420589452368649,0.6896891218697354,0.3090916119483579,0.8305128713164982,0.08423870643204026,0.19707892268054467,0.22817951740330722,0.6,0.3,0.8,4,312.6886397459672,1761.8721913814516
28,3,0.43377667137638987,0.5919005892015664,0.544827272949574,0.11169551141528926,0.09498385178417029,0.09272956104184035,0.027960028267834593,0.027982983681892747,0.6,0.3,0.8,5,175.5661112551548,552.8654371841318
28,4,0.5502813420474685,0.6795064595794894,0.6322939310747301,0.29789161032373346,0.46399135191711816,0.08421974893622121,0.1884966191632979,0.2182428592962969,0.6,0.3,0.8,6,284.7757004593662,2098.9397714463844
28,5,0.2538890886216743,0.38565517022642437,0.3291874318495541,0.09489186948403619,0.41079687308597085,0.09269467623547362,0.02674243764129005,0.02676439340339079,0.6,0.3,0.8,7,81.6496033075627,330.4544906630974
28,6,0.24591665301495533,0.37547640231022616,0.3179839045926171,0.09992020664210344,0.10371175737572025,0.09345475184237956,0.02682948034268311,0.026895333472904896,0.6,0.3,0.8,9,81.74397046315872,354.9056322733979
28,7,0.4024334824194403,0.5396698992257896,0.4920331787200469,0.26624103794729587,0.2986851617090138,0.08577528769891798,0.1628904502770129,0.1901984743541219,0.6,0.3,0.8,10,193.50128569853544,1446.4794874711763
28,8,0.4200259149061091,0.5386925390089914,0.47759917753659675,0.30020025799586264,0.3676075089517026,0.08709179949952825,0.19084150342320708,0.22146624311322638,0.6,0.3,0.8,11,198.65525311862385,1864.9804137829244
28,9,0.35509216995385706,0.4526178394571263,0.39582059688261845,0.28231809756798776,0.503828535213036,0.08677872466613604,0.16919579336364893,0.19855790035145932,0.6,0.3,0.8,12,152.05742675631737,1656.4808065084424
28,10,0.3465162779338411,0.44071421405526107,0.38333047517639024,0.2809369904050278,0.2662712361458585,0.08657871361930126,0.16457847819118132,0.19326067670818367,0.6,0.3,0.8,14,150.1839707019234,1563.2513243452538
28,11,0.34366384154180163,0.44483806034583784,0.3979119184713088,0.29204180194070484,0.2688678937081237,0.08728179456876572,0.16192877797682736,0.1943021354056797,0.6,0.3,0.8,16,142.7984789669722,1500.714657594288
28,12,0.35294323716418585,0.4507740168184307,0.40328724051035264,0.30597587940685844,0.27810724499143913,0.08823250539711784,0.16843176347685246,0.2059325797888662,0.6,0.3,0.8,18,152.78441669333722,1662.2775934047274
28,13,0.3539959512147721,0.4496654264503973,0.40182248538235293,0.3189473314640284,0.2771241864650272,0.0875974340364878,0.1749520122532554,0.207254668131143,0.6,0.3,0.8,20,154.32319333295857,1736.4582210782055
28,14,0.35207026140876463,0.4458483886789372,0.3976970681849462,0.3229757312136042,0.2811574734509748,0.0872351120753458,0.17308689409908834,0.20750421240717087,0.6,0.3,0.8,21,148.74015228393523,1644.7793643319692
28,15,0.3415592954343324,0.4458416530797391,0.40875994158342766,0.3127757093137329,0.26353687776630674,0.08722768888451445,0.17180104525892556,0.19536907229848127,0.6,0.3,0.8,22,145.3001643103451,1548.015583578043
28,16,0.37334851586070433,0.44192641750893796,0.3804038659089963,0.35107825265401776,0.37507416864685944,0.0864455540301334,0.29769628387334424,0.19930506164525796,0.6,0.3,0.8,23,159.7472630105528,1428.8283474092414
28,17,0.3921891242939923,0.46054836607265126,0.39899216727384323,0.3727843960581131,0.32081040362192403,0.08462139902688277,0.3160901341537937,0.21749380643103647,0.6,0.3,0.8,24,162.03056856338043,1648.0005702050792
28,18,0.36923527973418624,0.43423581140779843,0.37217592059146976,0.35677247807731105,0.3163197945023112,0.0831101017152037,0.29758516559312503,0.19929051950883606,0.6,0.3,0.8,25,159.52121332410815,1380.7163019418203
28,19,0.6032948361640884,0.6843223047857518,0.6532675814015834,0.6066572965938982,0.5854414166821554,0.07564877006395261,0.6942424911195191,0.3598389673272982,0.6,0.3,0.8,27,235.22173076500607,1500.4845350245844
28,20,0.8709612130091858,0.9414835672728812,0.9186635166831411,0.8885833555668188,0.8700570943343043,0.0726238183707045,0.8962451785758532,0.632423613231308,0.6,0.3,0.8,29,233.8136498605297,1461.0769136546576
28,21,0.8670920098742856,0.9253443139936893,0.900930251280516,0.8936724952583227,0.847113805056087,0.07254508679523305,0.8970644012998523,0.63293397959981,0.6,0.3,0.8,31,202.07902055547237,1455.74102634707
28,22,0.8667011329523119,0.9349085283031398,0.9215138550573552,0.9174002041812357,0.8198471873221789,0.07254508679523304,0.8970644012998527,0.63293397959981,0.6,0.3,0.8,37,199.6917878795129,1441.2500264823143
28,23,1.192651549854566,1.2209334201418578,1.1731992467859371,1.2634189652346182,1.1521611407133148,0.10502054769585752,0.9471922675031218,1.0,0.6,0.3,0.8,43,194.37636637899053,1283.0266031129452
28,24,1.107630035103354,1.1551096690544194,1.1293308128029431,1.216287814608109,1.0647288078214623,0.10236246698163479,0.6722570905909498,1.0,0.6,0.3,0.8,51,219.8046787793989,1374.7945554467458
28,25,0.7107109895041479,0.7673753477769681,0.781977037992503,0.8314673698511593,0.7136789601791248,0.07190441038918845,0.7601756035557301,0.5059329312889249,0.6,0.3,0.8,55,177.33214434107637,1724.9653730487964
28,26,0.7106172992298926,0.8001856987718734,0.8482374894596673,0.867313144488149,0.6762100861609227,0.07190441038918846,0.7601756035557299,0.5059329312889249,0.6,0.3,0.8,61,176.2023736213782,1718.1684789130245
28,27,0.7140193088257474,0.7785623490085958,0.8039494100075214,0.8811610119584238,0.6859200263644571,0.07184997826931089,0.7635927870462388,0.5097932441438914,0.6,0.3,0.8,63,180.49097444957945,1657.510444476584
28,28,0.7135695521604349,0.7890400652338581,0.8255725851603396,0.884059822328035,0.6799660787688133,0.07167262252102943,0.7634477227517995,0.5094687361619629,0.6,0.3,0.8,65,179.901502394097,1657.4993230009345
28,29,0.7112674489104995,0.7974178062718127,0.8450663740494894,0.8920066865296314,0.6782720202181649,0.0711409893664334,0.7618358119105023,0.5077177150342875,0.6,0.3,0.8,67,177.8207627292672,1685.7569868161331
28,30,0.7139068315582565,0.7985830470700814,0.8460582735129811,0.8979359068279045,0.6824384354137073,0.07193512201616495,0.7615211362488724,0.5109734908773038,0.6,0.3,0.8,70,179.6198143153776,1777.4814641728217
28,31,0.7437220512192629,0.8480552238836928,0.9175636446083514,0.9419980077059695,0.7212828448098451,0.07239504603934295,0.7827396198293338,0.5406750650872452,0.6,0.3,0.8,71,179.12013670880708,1670.3050020795756
28,32,1.1468164505037532,1.2487709988031181,1.318001200912152,1.3485359733851514,1.1177003983518459,0.07489940883095639,0.8983230910093161,1.0,0.6,0.3,0.8,74,190.4229065929462,1803.261419373268
28,33,0.582759477654867,0.6775853528220546,0.7459874020954678,0.8238640809349281,0.557803387216709,0.08019324846423864,0.8289925869968544,0.3189215655657988,0.6,0.3,0.8,79,203.8604927907896,1428.1791860636256
28,34,0.5897801237933142,0.6818991794910061,0.7499866392387937,0.8276337578350508,0.571000567487947,0.0830058123947011,0.8262516206924175,0.32736345792739086,0.6,0.3,0.8,80,209.7285612224867,1432.342181010411
28,35,0.5792991714813581,0.6701368704020274,0.7380787481992698,0.82788112936011,0.5541451605980612,0.07667495425800161,0.8293819020373883,0.3181475204990708,0.6,0.3,0.8,81,205.70171002243876,1389.0666245935497
28,36,0.59424613252541,0.6793880881513619,0.7466763964676958,0.8539775452783034,0.5769751784218571,0.07929940855448403,0.8525425919295824,0.3276398882773724,0.6,0.3,0.8,83,205.4837753970792,1440.6599562146196
28,37,0.6094455320657053,0.6911625772346806,0.7580598165488357,0.8730113116276894,0.5882332227872191,0.07966303192952903,0.8807971420643461,0.3366243671442041,0.6,0.3,0.8,85,199.54652070557563,1383.7032056308633
28,38,0.6093601426740497,0.701739116604245,0.779752175021726,0.8837784203029706,0.5822081896548992,0.07966303150509867,0.8807971427845047,0.3366243673536628,0.6,0.3,0.8,87,202.41727054073425,1401.3870066215356
28,39,0.609324548711476,0.7126191755302425,0.8017769288212127,0.9054785468692652,0.5817005869592944,0.07966303150509867,0.8807971427845048,0.3366243673536625,0.6,0.3,0.8,89,201.54962654056487,1396.2125516411331
28,40,1.1718586680489782,1.3191011874089424,1.4528699512718524,1.5868882475881099,1.1440452907067193,0.14621163149709918,0.8540996283283047,1.0,0.6,0.3,0.8,110,218.3819943472932,1762.8930447009873
28,41,1.193659704991397,1.3483107028217085,1.4928259504213082,1.6127075246508162,1.1844489435911512,0.15312916466718457,0.9153113918115835,1.0,0.6,0.3,0.8,111,211.86405659872813,1657.613353953553
28,42,1.1958741476292372,1.3495761434206095,1.4939837224378563,1.6187258303118104,1.1721844975709081,0.14930499289671276,0.9309434338269208,1.0,0.6,0.3,0.8,112,211.30958324495728,1761.8815240613465
28,43,1.195103659496095,1.3484255273969314,1.4927901662492575,1.6217158355794767,1.1697204496919853,0.15027154056915798,0.9266822494023261,1.0,0.6,0.3,0.8,113,208.0033647848805,1778.484267620158
28,44,1.1952220383770817,1.3479317100742068,1.492227001334558,1.6247622407756168,1.1712871449304083,0.15028649578480952,0.9274324632233004,1.0,0.6,0.3,0.8,114,211.83584621954847,1742.352048189132
28,45,1.191553041499827,1.3332435809670318,1.4663823088608017,1.621087502755946,1.1648872883383357,0.15228861914811245,0.9111492195820651,1.0,0.6,0.3,0.8,115,210.56522549058383,1663.0377155220378
28,46,0.6852356096706693,0.8417744700682118,0.9964157479162783,1.1113564526028326,0.6651178687125915,0.06606179373371597,1.0,0.40014595686958554,0.6,0.3,0.8,120,249.5666319627415,1284.5283384054712
28,47,0.8704782684930601,1.0305507776467657,1.195511066549161,1.316748000168384,0.8564217249725715,0.06847910462067366,1.0,0.6315464935316766,0.6,0.3,0.8,123,234.89538328616248,1019.9557964103368
28,48,0.6643173646699746,0.8014272027072262,0.9439712260015378,1.1304225041452765,0.6407335006877817,0.07576231561139966,0.859524793123543,0.42122541984225037,0.6,0.3,0.8,128,212.56987903068207,1383.4460982404044
28,49,0.6683911467448289,0.8166538242731063,0.9703692974264575,1.1509668767260395,0.6443749653693601,0.07547435645127136,0.8589378196555275,0.4267419770496642,0.6,0.3,0.8,129,211.90703416324715,1375.3511272598437
28,50,0.9701667378095372,1.1486947004078831,1.3355689408048237,1.4838608717567645,0.9611636123119107,0.07313392961135248,1.0,0.7534622459852771,0.6,0.3,0.8,130,229.96380996485,1227.0691934567026
28,51,0.8802437788946887,1.0551293393349188,1.2415998549590772,1.3851160897994643,0.8631765038555275,0.0713332870241556,1.0,0.6431578847429894,0.6,0.3,0.8,132,232.6013206225777,1174.035176147714
28,52,0.8786486718993488,1.0407569462819866,1.2158762660116187,1.4021012144474443,0.859045215680429,0.06719823940765753,1.0,0.6446079680586125,0.6,0.3,0.8,134,246.01909572723903,1046.3603389153234
28,53,0.8705906634954508,1.0425998160082743,1.2287521676278088,1.4032650422367312,0.8532863248219607,0.06806895059144706,1.0,0.6341228142404265,0.6,0.3,0.8,135,233.19684235307375,1056.4861583001684
28,54,1.0023598084802816,1.1970948159117474,1.4056366153368134,1.5424728703892976,0.9800947398396718,0.07278713197265076,0.9749579781433312,0.8045793452924703,0.6,0.3,0.8,141,218.80083313830323,1287.4762281353624
28,55,0.8134338363644522,1.0144366767205186,1.2336110532034308,1.3704276362593533,0.7943219267657291,0.07189679916269362,0.9578544480796867,0.5764634391469109,0.6,0.3,0.8,146,219.97164911140345,1265.4973326363015
28,56,0.841733927492266,1.0429800584294562,1.2621808935596786,1.402423395316065,0.8208317983864148,0.06918118527885349,1.0,0.598026403232016,0.6,0.3,0.8,147,264.1630105565916,1134.782271852586
28,57,0.8102399970581373,1.0102453379860152,1.2293096069169342,1.3783752632990796,0.7914686531718937,0.07314186685394067,0.9576358510070694,0.5718148981763351,0.6,0.3,0.8,149,217.9717028192089,1297.54877751938
28,58,0.8099441643251679,1.019121659005706,1.2491399430398373,1.3914630058591664,0.7927527134794871,0.07314186685394067,0.9576358510070694,0.5718148981763351,0.6,0.3,0.8,151,215.7818684712503,1281.2656270940972
28,59,0.758057406426269,0.9609958324133823,1.1903305739339376,1.3808764144256218,0.7418561719209721,0.0707741583926936,0.9827591266159548,0.5004869529354233,0.6,0.3,0.8,157,219.99867135005545,1178.830589271885
28,60,1.0118314660812366,1.2452915089251693,1.5078199157815018,1.6985165143123973,0.992563421114053,0.07415248610201997,1.0,0.8092133087150722,0.6,0.3,0.8,166,239.69280408835863,1170.3541045568509
28,61,1.0238346249780128,1.2680633699922752,1.5417212752446452,1.7395696356107326,1.0042807353128995,0.07521410253637736,1.0,0.8234807031412987,0.6,0.3,0.8,173,239.39350650060337,1183.4908272593923
28,62,0.8376249030842498,1.0374691995965497,1.2664663247157453,1.520271455176327,0.8185413244321149,0.07351948985300183,0.9949500967733392,0.5938825271451338,0.6,0.3,0.8,174,209.90213284827,1287.1108425007524
28,63,0.8319782053897122,1.0510414534662569,1.3020451626390923,1.522195879313089,0.8183622511772368,0.07322445395867985,0.9839354450488583,0.5917127164628189,0.6,0.3,0.8,176,213.368101756454,1293.8736958242762
28,64,0.8175129842036943,1.0240591259942249,1.2637428748252209,1.5193630210311875,0.8017886584440832,0.07504236432180574,0.9501287900514477,0.5851987296442323,0.6,0.3,0.8,178,205.8472543395316,1269.2674297543265
28,65,0.8262068402307519,1.0407461053790843,1.291258613750792,1.538948748813191,0.81609723303205,0.07507259059316182,0.9471194465967582,0.597712374974158,0.6,0.3,0.8,179,214.50435537945245,1299.1783677417498
28,66,0.8311062911572268,1.0663968268927453,1.33908362820626,1.549869776342665,0.8149508489649497,0.07336631082140219,0.9706960333286521,0.596524098041491,0.6,0.3,0.8,182,210.50190335777228,1269.9924591792594
29,0,0.8485559812564137,0.6313816495469426,0.5962922289588513,0.02834649351486899,0.0,0.0,0.0,0.0,0.6,0.3,0.8,1,492.8588121237332,1449.2850531501651
29,1,0.8289267924917771,0.6568286497538331,0.6202139931312393,0.07181121718503,0.06836900307275029,0.06898952717255706,7.660966636006e-05,6.700059790129e-05,0.6,0.3,0.8,3,452.66796035712713,1338.9296616295967
29,2,0.3525328973387065,0.47721525568778866,0.43128527224077184,0.09278192166555162,0.788271386051132,0.08934682344912814,0.01219796691158323,0.0108035871538552,0.6,0.3,0.8,4,145.75958553128538,378.2911832401326
29,3,0.29498878262177897,0.43022431655982685,0.37621358251721293,0.12243849181863839,0.24631034420768794,0.09051979308737992,0.04859014972668521,0.04364957310524945,0.6,0.3,0.8,6,130.54270551377027,116.52272365618698
29,4,0.25788755585691936,0.4025245594680382,0.35825012700219133,0.11410200762487493,0.13043005979718147,0.09276031472470239,0.02397936485738858,0.02146857848843804,0.6,0.3,0.8,7,116.06862004989024,179.5294691495505
29,5,0.2695106732284376,0.4130922794700551,0.3681760961727921,0.12129160934553274,0.11996815860648198,0.09043192690446372,0.0422235136017811,0.03800976220628425,0.6,0.3,0.8,8,111.4076270048372,99.91541298151718
29,6,0.2535285942085782,0.3858747004045338,0.32968358561813604,0.11096341398310978,0.08646960487038367,0.09231228827769697,0.02624614404705524,0.02387899564384557,0.6,0.3,0.8,9,111.9293518025372,170.38637906308034
29,7,0.2858056440270636,0.4267032054752785,0.38047487211623326,0.1710378444461361,0.16695332523329223,0.08513228437630424,0.050449575708680396,0.07314415275969437,0.6,0.3,0.8,10,91.57982029976904,397.6904031021122
29,8,0.2787316742019021,0.4063930351632981,0.3481439540505125,0.15348088306685986,0.15462336370348356,0.08890810422505974,0.06853719396209561,0.0632451667059277,0.6,0.3,0.8,11,85.46366651468301,197.62901359178676
29,9,0.2507180775849935,0.37767974107353997,0.3191710566207548,0.13191710216382163,0.10767917069102198,0.09081737883167759,0.04191891337082036,0.03931201252612264,0.6,0.3,0.8,12,86.69152159094543,124.39590121755197
29,10,0.26377778232722604,0.39959329800670146,0.35147561397092514,0.15688364363228535,0.14477653005740296,0.0904206066238736,0.06099536262893305,0.05614552186141173,0.6,0.3,0.8,13,76.13212180731523,218.07320561182064
29,11,0.26180175232330816,0.40613579768163055,0.36837232870730063,0.18005020138877398,0.13573730180290272,0.08168385162183685,0.08643988727896007,0.05811136549623712,0.6,0.3,0.8,15,33.09011218310927,557.2433592557452
29,12,0.30103552345137574,0.43297675507583855,0.3836662627793418,0.21646252657069234,0.17685150492364446,0.08129666398663066,0.14124179985904767,0.09028882225203763,0.6,0.3,0.8,16,41.43824532435615,1342.1231373208718
29,13,0.2586650543394483,0.385206466847525,0.3344377638994796,0.1850005670413109,0.1823469041992975,0.08139034844576087,0.10597352087808862,0.06287907753496122,0.6,0.3,0.8,17,38.762690489600686,1543.613653429896
29,14,0.25887387840935583,0.3949567515664852,0.35496376660718243,0.19746066241525947,0.14742814283548092,0.08175980223489422,0.10155582625241913,0.06768991448700709,0.6,0.3,0.8,18,45.75522287892101,1121.0505046390315
29,15,0.25475034457971346,0.4012070641458134,0.3722034246041963,0.20211705141166578,0.13377245090441278,0.08173794457053446,0.09797407500626257,0.0653025730166767,0.6,0.3,0.8,20,42.191601459179545,1021.9084474511752
29,16,0.23637132326618382,0.3794471750401646,0.34964595247208996,0.2021330206466052,0.13135953931527064,0.08244357807087509,0.08005248908247885,0.05476656867408044,0.6,0.3,0.8,22,31.993660118061616,675.400732028955
29,17,0.23984357312439597,0.3825327970322842,0.3526432312679321,0.21174094986361536,0.1228679587206186,0.08286664692001364,0.08385744715912116,0.058040175802801984,0.6,0.3,0.8,24,37.08729242371997,729.8307998173487
29,18,0.3038937861423315,0.43245727122550104,0.39072595538559096,0.27918576426364716,0.21332364460050485,0.07941874109965139,0.16902544605587627,0.11384688009435111,0.6,0.3,0.8,25,26.665123510032792,894.7707495601885
29,19,0.29218273053964544,0.428682174019776,0.3974403762472441,0.2735688855745079,0.20551961666134,0.07987097541990254,0.15914314249080178,0.1074993214434112,0.6,0.3,0.8,26,26.263845414738352,782.8140570803001
29,20,0.28957241577600046,0.43615087095859917,0.41586402714759885,0.2717605308926884,0.1839342831371602,0.07996232031288872,0.15726784092439047,0.10636118621314383,0.6,0.3,0.8,28,25.87776555400349,741.1795428987435
29,21,0.28984326709641556,0.42361972348191346,0.3918181912139458,0.2765558854426012,0.19480194244491578,0.07991731196651922,0.15984182938533853,0.10822395018346191,0.6,0.3,0.8,29,24.02687404680939,774.7140359884684
29,22,0.2759819255697462,0.40894661129340126,0.37697565835149527,0.26607866711276495,0.17573722923158797,0.07845541685108562,0.1512518482966218,0.09642497692148536,0.6,0.3,0.8,30,19.697286401127883,754.9441769841269
29,23,0.2911270506455429,0.42363979903108107,0.3915816971192417,0.28485254554409506,0.18815948841771118,0.07971331901464476,0.16251192664395825,0.11076973670587723,0.6,0.3,0.8,31,23.564897041262867,816.8282997538892
29,24,0.28781784171166136,0.4199153098811831,0.38777620423207837,0.2877197957586935,0.1837220543931607,0.0800492434221993,0.1605437565745451,0.10766404625404795,0.6,0.3,0.8,33,21.02079744110977,802.024651249234
29,25,0.2822301065869776,0.43621499069204617,0.42634544549117126,0.28824070150112224,0.17922459732334606,0.0793015537479439,0.1553027220834094,0.10362372633839764,0.6,0.3,0.8,34,21.224268732884227,724.8116046942515
29,26,0.2589077002395183,0.39495681040595976,0.3726082994822165,0.29143902967380997,0.18387210387958164,0.08681522290606132,0.13560679443291718,0.08492159109091764,0.6,0.3,0.8,36,22.343956481746662,1012.7442353251126
29,27,0.25506982885374874,0.3876203908894719,0.3646303155353106,0.29616079869145406,0.17142799685032348,0.08633556926055178,0.1346153110501988,0.08490835352988384,0.6,0.3,0.8,38,21.296853719592374,959.7375913869208
29,28,0.25523311923740793,0.38770769134550337,0.36470405823261764,0.2963785028162421,0.16082973675868575,0.08629099649720343,0.13480131480645507,0.08516170279496589,0.6,0.3,0.8,39,21.16905917622069,955.783158906465
29,29,0.25300509344853794,0.4076053212210117,0.4069198341412885,0.3131203677903715,0.1586152985381165,0.08576264355666736,0.14044306627720654,0.08073427197280666,0.6,0.3,0.8,40,24.61939534991161,1091.913564855718
29,30,0.5250931667661612,0.673512003776464,0.671727495627901,0.5921919393539878,0.44866555192072133,0.08463117307923976,1.0,0.10606310914146111,0.6,0.3,0.8,43,129.09235644360382,30059.259019896428
29,31,0.5221783270058469,0.6779009746246045,0.6866431796011288,0.6012506701858855,0.44671559052878007,0.08463117307923977,1.0,0.10606310914146092,0.6,0.3,0.8,45,117.64447629617128,29827.90144405353
29,32,0.5221472324468128,0.6778293490586805,0.6865647294122598,0.5982593377177927,0.43586927352174276,0.0846311730792398,1.0,0.1060631091414617,0.6,0.3,0.8,46,116.6556107397236,29805.22839601658
29,33,0.5222130175569464,0.6881373018483312,0.7078945147389556,0.6242771651556066,0.44140926749773385,0.08585068992859324,1.0,0.1060467131728418,0.6,0.3,0.8,47,123.16778237425714,30055.05822028428
29,34,0.5334790315422853,0.7093262228001045,0.7400529395096153,0.6362308898324396,0.45022819027400873,0.08644605873210132,1.0,0.1207888016878614,0.6,0.3,0.8,51,144.30870459483816,35275.49927829455
29,35,0.5330213687168252,0.697142375348326,0.7165993621696828,0.6424727416408018,0.450344705362644,0.08635442176852076,1.0,0.1208686838237398,0.6,0.3,0.8,53,145.87961596083355,35407.417661034866
29,36,0.5269088531681019,0.7004268915498912,0.7307690586685439,0.657654139104603,0.4535191976005843,0.08600226183103783,1.0,0.11504598706930784,0.6,0.3,0.8,54,130.34998003202344,30498.13391134712
29,37,0.5229912479418807,0.7075785095489809,0.7490813204758952,0.663967017547718,0.4398217942880624,0.08705530998570056,1.0,0.10938451946958785,0.6,0.3,0.8,56,121.11271326720689,29072.634329321023
29,38,0.5257746381881986,0.709633185697422,0.7510167586104911,0.6700527308977329,0.44515056084796073,0.08702780815499421,1.0,0.11353913615566183,0.6,0.3,0.8,58,125.5005921273268,30211.19892025125
29,39,0.5352441033768048,0.7172466682932602,0.7583287772171433,0.6969196015241249,0.45737255251073533,0.08889608498192893,1.0,0.12561344891822102,0.6,0.3,0.8,61,128.9621790544807,30480.53564943171
29,40,0.5348642295409601,0.7055145764685866,0.7353900690998152,0.6933968607310284,0.45508062642382424,0.08851302604463449,1.0,0.1256481568879208,0.6,0.3,0.8,62,126.22282411996812,30400.3687170995
29,41,0.5341753211626318,0.7267184162217887,0.7788760977483895,0.7167996712173115,0.45371800246130745,0.08933178507321173,1.0,0.12443441007514182,0.6,0.3,0.8,65,90.40252430127669,24812.06443203185
29,42,0.5212058023474273,0.7021526051074797,0.7430646009937445,0.7031119166558297,0.4433539790425926,0.08660245407984259,1.0,0.11070015885822533,0.6,0.3,0.8,66,126.30559100722368,30223.989009080036
29,43,0.5806961668695727,0.7713935947967211,0.8232553949371452,0.7859363700358731,0.5034642345699112,0.08275135190320021,1.0,0.18909914113135268,0.6,0.3,0.8,69,134.73405632337955,31015.343534545114
29,44,0.5464901840470686,0.72354521962168,0.7638378210353717,0.7556951298292707,0.4755531226622879,0.0856889924140938,1.0,0.14625946184893227,0.6,0.3,0.8,71,153.32952700385044,31576.743751754697
29,45,0.552412928602009,0.750557757936989,0.8130079174568611,0.7841862267840959,0.47592575744321475,0.08535291824028242,1.0,0.15480651261862616,0.6,0.3,0.8,78,65.18949003427552,14402.751906428452
29,46,0.5604273475547563,0.7575208623386903,0.8198068116589896,0.8031067356966544,0.4866416064192052,0.08689077756127503,1.0,0.16451359700827334,0.6,0.3,0.8,80,74.85116380209443,15203.068343942095
29,47,0.5566944804757856,0.7421231378785529,0.7931555431634203,0.8021812058213182,0.483488604000439,0.08587188172243121,1.0,0.16106203416111595,0.6,0.3,0.8,81,69.42753840009172,14734.953116158697
29,48,0.5609527623715231,0.7568375354326308,0.8189356891479808,0.8250039373124528,0.4867887184334474,0.08647546792033597,1.0,0.1664369651353233,0.6,0.3,0.8,83,74.06591232106737,15312.166687841403
29,49,0.5075279446870399,0.7117398283418195,0.784576980904064,0.7659214015632148,0.4483578216089953,0.0736475994275098,1.0,0.11141323376851556,0.6,0.3,0.8,84,54.61863885799649,1200.526199988782
29,50,0.4994452459267487,0.6948299758724261,0.7663423028055061,0.7685107296248053,0.4536903281220593,0.07699284050713945,1.0,0.10516391449981155,0.6,0.3,0.8,86,55.06448644898168,1265.4911573994416
29,51,0.5006023483045181,0.6938143718639211,0.7650078205819102,0.7774533091537001,0.4382845456917759,0.07454088824931132,1.0,0.10992063305218742,0.6,0.3,0.8,88,62.21098924525895,1330.6049333071096
29,52,0.497243923028172,0.6805356207022631,0.7696062661762569,0.7965587793602181,0.601047082740092,0.07525015593196216,1.0,0.12352774960853834,0.6,0.3,0.8,89,80.15132572485534,1304.465892320261
29,53,0.497243923028172,0.6805356207022631,0.7696062661762569,0.81075641966441,0.4439723315571207,0.07525015593196216,1.0,0.12352774960853836,0.6,0.3,0.8,93,80.15132572485534,1304.465892320261
29,54,0.4885774420564936,0.6692151053435802,0.7579355168924654,0.8063067853492757,0.44868000998654944,0.07855797546454305,1.0,0.1114944369987135,0.6,0.3,0.8,94,72.26106619794648,1307.688459459319
29,55,0.4950460817032374,0.7507998510956391,0.9173414746868191,0.9309344536908755,0.44430472541912175,0.08087712437915355,1.0,0.1190495831298174,0.6,0.3,0.8,116,60.971246320470144,1335.675060406802
29,56,0.5122674818311702,0.7862499090514009,0.9746060576752587,0.98001580657186,0.4660808590519977,0.08433589338365417,1.0,0.13979992722216278,0.6,0.3,0.8,121,61.61516934251957,1357.3068814294338
29,57,0.5130289169546034,0.7757568261342305,0.952927434557487,0.9996410991083686,0.4634034986678738,0.08276166080100912,1.0,0.14200331252014142,0.6,0.3,0.8,126,58.42492654260128,1357.8904848477605
29,58,0.5134159988290299,0.7871384188332678,0.9754611223560194,1.0124698327852812,0.4641521331573272,0.08336356830438105,1.0,0.14208185906992463,0.6,0.3,0.8,127,58.05228241867376,1357.552170328587
29,59,0.5132158881008733,0.7863780433269656,0.9746281989573957,1.0123965468112373,0.4662404852452589,0.08371945757930008,1.0,0.14181609372493748,0.6,0.3,0.8,128,58.602565713679816,1357.428177569189
29,60,0.5070389021547856,0.767031055390663,0.943848558696885,1.0004917036365222,0.46767096511363077,0.08410046971823429,1.0,0.1347286048352172,0.6,0.3,0.8,129,60.14576545916856,1311.0064689383937
29,61,0.5137501318351219,0.7941409667337429,0.9930583735696588,1.0669533597362717,0.46639433576476697,0.08251717715439477,1.0,0.14508851583324964,0.6,0.3,0.8,139,65.51094434200017,1372.04060010368
29,62,0.5133873873916479,0.804585441641878,1.014631063883681,1.0909787006212999,0.46597309392680314,0.08269772810623145,1.0,0.14462493857923928,0.6,0.3,0.8,141,66.85746564093571,1384.548518627142
29,63,0.5104821709694731,0.8337186268901523,1.0770998570722683,1.1269952231717553,0.46473344909761305,0.08397717905586205,1.0,0.14057347455303737,0.6,0.3,0.8,144,72.36674562051718,1429.2398592457678
29,64,0.5143228591263082,0.8270225483410637,1.0593101123042796,1.1489611517219074,0.46801438084143926,0.07622449603307584,1.0,0.1509475309080897,0.6,0.3,0.8,145,55.18093900468254,1164.410486090999
29,65,0.5063664532008415,0.8288363798378983,1.0721197225896737,1.1308806467927854,0.4609466286092044,0.08309622527747847,1.0,0.1364185881612528,0.6,0.3,0.8,146,70.41066191021821,1354.035009464995
29,66,0.6101815845717248,0.9100870474335304,1.1309926333452547,1.2304032174109896,0.5650331269707778,0.07870556825794614,1.0,0.26963569745986643,0.6,0.3,0.8,147,68.58174207733575,1515.936063038431
29,67,0.522228034944773,0.8197328503666695,1.040333350016617,1.1407424488581386,0.48597840600791653,0.08001533795068615,1.0,0.1597164910573486,0.6,0.3,0.8,148,66.50843436750509,1209.9120237014463
29,68,0.5325823063049346,0.8368728564850347,1.0680944197549602,1.1767040810766687,0.49227867244934886,0.0811381976350617,1.0,0.1735762024171223,0.6,0.3,0.8,152,70.86440226487083,1365.3766299303504
29,69,0.5221886655721277,0.8482921279955222,1.1017961710523396,1.1897147698667372,0.4782301953726705,0.07726406145352246,1.0,0.1636422095214284,0.6,0.3,0.8,154,61.94012552098197,1229.9466192179366
29,70,0.5366315778410169,0.8396730065583289,1.0707375167867128,1.200435452824507,0.4955308874074178,0.080360393845257,1.0,0.179719401190371,0.6,0.3,0.8,155,70.85461247460792,1403.753531210774
29,71,0.5365598358050555,0.8504718729101871,1.092673368474413,1.225449473156921,0.4924816052081312,0.080360393845257,1.0,0.179719401190371,0.6,0.3,0.8,157,71.04078144081365,1408.82603222303
29,72,0.6239993892010327,0.9596005673520017,1.224069407666013,1.3482408622315436,0.5799802828503491,0.08004100951601076,1.0,0.28945794037785755,0.6,0.3,0.8,164,74.6020974029862,1515.0963926678498
29,73,0.5705952981777995,0.9707733925934208,1.3019833999799058,1.3618110984163616,0.527307934005018,0.07973866298776848,1.0,0.22371583827994562,0.6,0.3,0.8,179,70.15640831685812,1217.9028316227498
30,0,0.8940303570154507,0.6425814836059153,0.6085582289386766,0.029433404608604347,0.0,0.0,0.0,0.0,0.6,0.3,0.8,1,411.933422149861,1326.4166866933265
30,1,0.8578168454552322,0.6539319037320435,0.6184085736640526,0.058563011425407575,0.053565106071680205,0.04511813800424499,7.80353708504e-05,1.909395491436e-05,0.6,0.3,0.8,3,373.4870934984164,1240.543241001262
30,2,0.8561766685974962,0.6542461458623481,0.6186583304448998,0.06191570224702163,0.030385960674620533,0.04648103682972175,0.00044012260489844,0.00010078934048186,0.6,0.3,0.8,4,332.80820202582106,1345.4070843431043
30,3,0.3484290004478151,0.47332054686017044,0.42733459467563367,0.07886041598595958,0.8231401611952459,0.05978166035485285,0.05392751279614237,0.013195163766792181,0.6,0.3,0.8,5,143.23038084954186,120.08162488941316
30,4,0.2992249656594749,0.4323829514475433,0.38338325520923583,0.06961891528948759,0.15962507022071185,0.07498289146889338,0.01177205242691355,0.00600557391249879,0.6,0.3,0.8,6,52.83546258817682,406.4008787412069
30,5,0.2831643190616739,0.4290681886551994,0.3901101786436843,0.06912355240596517,0.09035076390624978,0.059525468430712415,0.03026387758688116,0.00740506654713754,0.6,0.3,0.8,7,70.93194814301714,191.3919394072772
30,6,0.27076612654351406,0.41795020908177627,0.37774806581671133,0.07323403563849382,0.09747508810461698,0.06943877177081297,0.02037499906118769,0.00611915046236896,0.6,0.3,0.8,8,67.84212941007286,284.369566291356
30,7,0.25564657598550067,0.40279212693434946,0.36139954678783315,0.0715877025587654,0.09131765024537869,0.06998139046623339,0.013845853023163959,0.00484470063727857,0.6,0.3,0.8,9,55.13481176182229,364.0714738848321
30,8,0.2376353473194372,0.3836141125664392,0.3403945681548236,0.07195997881782779,0.11422980708928611,0.061057981747816494,0.03090500831368011,0.00515767571802414,0.6,0.3,0.8,10,50.45430800278007,133.923533968982
30,9,0.23162759505286365,0.3766805937698575,0.3326945127301608,0.07453553180156958,0.06466956769930442,0.059795100782524445,0.03664938802491582,0.0053498968082118,0.6,0.3,0.8,12,46.073102261343,113.27625082444268
30,10,0.23045299110066186,0.3621830321623326,0.30569700079488127,0.09907770995155848,0.08530477450713564,0.06248514105276204,0.05198283180874271,0.01085518794340421,0.6,0.3,0.8,14,51.47795255387199,100.27074310329388
30,11,0.22933738217480565,0.3593982590578716,0.30212253855259996,0.11122309546976684,0.09513578706864359,0.06140420265444148,0.05771358436492332,0.01640636072994384,0.6,0.3,0.8,15,44.70651897792671,102.8216265748066
30,12,0.22870722313450073,0.35748785486231516,0.299674319224796,0.1168930356693832,0.08050480729919453,0.06715855717898223,0.05719910639538126,0.016957748832554707,0.6,0.3,0.8,17,36.013680404137816,120.83541760843508
30,13,0.22031253097294912,0.3600811340433874,0.31338935516742944,0.11292614105440338,0.0645160406871002,0.06194451172013191,0.05368723603383478,0.01212911518939979,0.6,0.3,0.8,18,66.7821199802469,106.36123203078972
30,14,0.2216317013218372,0.35991357698778137,0.31265257332594126,0.1261860915743238,0.08886465471338897,0.06075614640702862,0.05987022904354922,0.01796686313286856,0.6,0.3,0.8,19,76.36585555735734,110.91914183306392
30,15,0.20635338013972135,0.35567284321226544,0.3195493868425731,0.1062901286220261,0.05478595644984982,0.045374419257413166,0.06668752866682767,0.00813701132239154,0.6,0.3,0.8,20,75.15161722482998,124.27638026108976
30,16,0.21529432787004915,0.3518637558778756,0.30399741393818636,0.13191215917291788,0.08741983703649768,0.062030782798423875,0.05829070448522652,0.01549064933672151,0.6,0.3,0.8,21,130.36303314723992,108.9540486560919
30,17,0.2039951646443455,0.35126300986609055,0.31442541522685463,0.11348346897523699,0.061673066079139506,0.05037724245215706,0.06677660346997726,0.00821698383738581,0.6,0.3,0.8,22,74.29612130200984,143.5539380129711
30,18,0.24509567370220553,0.3915905616703414,0.35450195404343915,0.19139942865020054,0.10199954314301841,0.07640873638663429,0.11159797475900508,0.025590961893510678,0.6,0.3,0.8,26,71.46354171917815,46929.25731908533
30,19,0.47945549299441254,0.612830694359132,0.5639425830812569,0.4106015705068373,0.36120554734593263,0.05249244542142699,1.0,0.00912833705752525,0.6,0.3,0.8,27,444.0763302618833,227.65986171710543
30,20,0.24983552746692284,0.39504474096937287,0.36570438496450813,0.21055617791626707,0.22704705550739074,0.08146098980269614,0.11771288342282556,0.05482711003236862,0.6,0.3,0.8,28,34.419460797222925,358.6296224676258
30,21,0.2408925470421498,0.3935354599505808,0.3745513407779272,0.2109627969452248,0.13779581340849295,0.07385830757805352,0.11576661520584342,0.05612614965948435,0.6,0.3,0.8,30,45.97139428989213,377.46799303982885
30,22,0.22644270623882104,0.37010195445021093,0.3492210454546143,0.22280562183462568,0.15386801010061077,0.0783685330713776,0.10663884940007382,0.05178175107681181,0.6,0.3,0.8,32,33.79092918871957,405.7305675579489
30,23,0.23066368039398463,0.3695052118162493,0.3476829356698672,0.23710928988569516,0.14632959912761886,0.08416634355987032,0.11055972087565143,0.057577416404524684,0.6,0.3,0.8,34,35.10354182412958,464.65785005669824
30,24,0.23475864112935735,0.37211192671224064,0.35000758707979956,0.24836347820557175,0.14027277718307907,0.09033614132224047,0.11004528560237674,0.06010499240228064,0.6,0.3,0.8,36,39.849589453493344,514.2765078133428
30,25,0.32297500773698096,0.45738595630581047,0.4347345488719304,0.3537578493484805,0.23596724730991403,0.09763755728515716,0.15785575003855212,0.150474995841476,0.6,0.3,0.8,38,44.40441101153826,645.8887767378096
30,26,0.32271617864812957,0.4679435308575687,0.456406185671012,0.36293974279354674,0.22722299824224498,0.09763755728515716,0.15785575003855212,0.150474995841476,0.6,0.3,0.8,40,45.94883844226285,647.8445136236551
30,27,0.2378202821074769,0.37092353009784296,0.34803363433622225,0.26038993991913434,0.14897420361082006,0.08944382642500133,0.12367963813349998,0.06449276833812077,0.6,0.3,0.8,41,58.00605612891023,562.910671227345
30,28,0.2382822930802127,0.3819257817824549,0.3701002367505562,0.27340676201601305,0.14510847697594764,0.09018382907858577,0.12415741193518175,0.06496487715127097,0.6,0.3,0.8,43,59.039622097378334,574.3083709874769
30,29,0.273092847205594,0.40299860188036446,0.3795323842684723,0.3183595065594145,0.1973824783266595,0.09635881613565747,0.13725534902891662,0.10187799366064614,0.6,0.3,0.8,44,60.86982016828201,724.7786323076631
30,30,0.3019053508367354,0.42828699122514235,0.40420702661069724,0.34070855989393695,0.23376065148365482,0.10386863687143426,0.1490617472175866,0.1314878615923856,0.6,0.3,0.8,45,62.99595927409772,843.0722768783427
30,31,0.24047723140681085,0.366281997160225,0.3421026279307,0.30700762121239616,0.15197050314014318,0.07958744981117852,0.18069473306333367,0.061635655248502605,0.6,0.3,0.8,50,30.222498382159795,440.3027339616767
30,32,0.22242145464146718,0.3807905821772341,0.3899821594025284,0.3130263872295799,0.1382000560396945,0.08425925347336415,0.12962820313597337,0.055442627641369056,0.6,0.3,0.8,51,22.522196860954043,435.0798367037908
30,33,0.2367526262170149,0.3533442220872568,0.32762448316278003,0.3176387838467303,0.20444126839460777,0.0857670106732727,0.1849016209870629,0.05947863205983894,0.6,0.3,0.8,52,24.00521134542616,503.1962432448222
30,34,0.2354047480840069,0.3695896426280866,0.36546136563386744,0.3388879220045287,0.1628445442559793,0.08705288219131073,0.1867940321687348,0.06007309457093103,0.6,0.3,0.8,56,24.298881285347125,511.7821193253967
30,35,0.23697800069159466,0.3594866346462501,0.34410103088981503,0.39778148183576084,0.15845152798290435,0.09425249774483464,0.19323780573963606,0.05470746372935886,0.6,0.3,0.8,76,30.796864253617844,506.04668982010406
30,36,0.23639305306330713,0.35586941102639674,0.340005275886191,0.4048178390977856,0.16820614657911764,0.09201952989498362,0.20093423454403897,0.0552588807260499,0.6,0.3,0.8,78,27.30956453381365,510.922171438273
30,37,0.23500674599631888,0.37581508404318154,0.38214991768928686,0.4237396216315976,0.1633387785384967,0.07603873092759506,0.20328675829372495,0.06527994387351871,0.6,0.3,0.8,79,77.22315754058766,494.0353184781215
30,38,0.23433279269911306,0.3492519311360892,0.33268497861318386,0.4109698906514929,0.1807596964299859,0.09060260944130803,0.2051429217529582,0.05570023987549361,0.6,0.3,0.8,80,26.60797955783988,536.3817256587673
30,39,0.2342075267044552,0.36935100956316147,0.37481799762931156,0.43184752372536706,0.17179293945490395,0.0814389212656117,0.2047686611788206,0.06398974050596642,0.6,0.3,0.8,81,85.58920394143354,544.2853469342449
30,40,0.23418012281568612,0.38037389630206087,0.39699922643758195,0.45487118441919144,0.16160961240161392,0.08143892126561171,0.2047686611788206,0.06398974050596645,0.6,0.3,0.8,83,80.62353321692557,541.1611280538465
30,41,0.23276540279922736,0.3671390688179708,0.37248985256640316,0.44342003644841116,0.16241856300388186,0.08137592733952685,0.2046457126530806,0.06284423052209143,0.6,0.3,0.8,85,79.39223987861746,553.7192066065542
30,42,0.25254400641762575,0.3939093398697597,0.40981178570257887,0.4734447399256118,0.20426326639801862,0.08764103388457592,0.21632968298512295,0.08141479306321354,0.6,0.3,0.8,86,76.37391370193313,543.9900567192079
30,43,0.27187468135604986,0.41688799734160276,0.4428671674774643,0.5400962461532837,0.21141794987998186,0.08002376203960157,0.2275477443410136,0.11206750889609671,0.6,0.3,0.8,93,3125.433949640501,491.6450936412493
30,44,0.26923835395495904,0.41096852286990193,0.43647716749788,0.5484783146557654,0.20910737068118534,0.07852698184229094,0.2311502114465523,0.1106183774887615,0.6,0.3,0.8,97,3127.059650540572,512.4706029217949
30,45,0.27285923764894715,0.4028678555427764,0.41712253826309525,0.5561046098501947,0.2119987986738755,0.07341695448012878,0.23343429609912186,0.11850429197485632,0.6,0.3,0.8,98,3120.5437774443803,529.2772661453092
30,46,0.26883292901064304,0.4208360028733732,0.457392862895303,0.5829642810884473,0.20595517804980268,0.07852698184229094,0.2311502114465523,0.1106183774887615,0.6,0.3,0.8,99,3157.584298473626,513.7670933041207
30,47,0.277335275220306,0.4278957355657975,0.4642475373376823,0.5919782989918918,0.22145089236560433,0.0784818398669642,0.23549321814786794,0.1205414274670713,0.6,0.3,0.8,100,3147.647472781065,509.3883786130896
30,48,0.27675435990532443,0.4260965453749443,0.4622769852658987,0.586100310519799,0.22016725571533163,0.0784818398669642,0.23549321814786803,0.12054142746707135,0.6,0.3,0.8,101,3097.8942500659223,504.56420898924415
30,49,0.2765305137690678,0.4254033182664455,0.4615177016795862,0.6018573869504341,0.2164938447016647,0.07848183986696422,0.23549321814786794,0.12054142746707142,0.6,0.3,0.8,102,3113.106536030718,505.84000726187656
30,50,0.2746675976529055,0.4214185632850348,0.4572357911952334,0.6074468682881052,0.2185515463443405,0.07698684110802437,0.23929634399805616,0.1191593021202102,0.6,0.3,0.8,104,3149.8231235397643,529.9037884060878
30,51,0.2739758942865096,0.42072095478220833,0.45653739951491296,0.6033794396104528,0.21264816934177036,0.07700067293657474,0.2376352255254126,0.1189106316806681,0.6,0.3,0.8,105,3157.927713563746,533.9111006688462
30,52,0.27459994936479537,0.4323028554005077,0.479265224053235,0.6267991086667729,0.21399344683641136,0.07698684110802437,0.23929634399805613,0.1191593021202102,0.6,0.3,0.8,106,3156.403162272346,530.2504763694359
30,53,0.2743596608732687,0.4305168605243119,0.4772640551898878,0.6270544419154287,0.2175784877084773,0.07755313834601088,0.237260401258854,0.12009153558774596,0.6,0.3,0.8,108,3173.06857388633,587.6574701164665
30,54,0.6318181589104577,0.8836660028131439,1.030323597813746,1.0291947762750888,0.5799102009687579,0.058771979869012184,0.40174151074334574,0.5216721628447789,0.6,0.3,0.8,111,2868.437722671696,735.3247578287397
30,55,0.6301072017791681,0.8767154261082234,1.0226594625423593,1.0402155808510911,0.5820645672566347,0.06133999103432506,0.33224860915199683,0.5464870899524004,0.6,0.3,0.8,114,2869.312229206836,833.4174464597877
30,56,0.6299271462264375,0.8871984965252138,1.044249550035892,1.0520591332670515,0.5746925839222348,0.06133999103432507,0.332248609151997,0.5464870899524004,0.6,0.3,0.8,116,2873.859432857956,831.2704497858053
30,57,0.5467293021054493,0.8229794676848877,1.0019290665882175,1.0803825656347052,0.4924018096367784,0.0611160455495273,0.3650380708548876,0.4320149523980937,0.6,0.3,0.8,141,2978.9907284787896,816.6076224014037
30,58,0.542558618097346,0.839768869810489,1.0408843297074781,1.1019507403276287,0.49005870549808167,0.062364531695858115,0.35916075684906346,0.42869144991926483,0.6,0.3,0.8,144,2990.867429651737,803.3306139496757
30,59,1.1354323501694776,1.4016110392924075,1.5792298837817234,1.5842966796438183,1.1255502168978702,0.05295555306626444,0.8421036817456835,1.0,0.6,0.3,0.8,145,2717.8474091581493,610.2899558296593
30,60,1.0532631866079765,1.326551572506317,1.5148179932065386,1.671790676949724,1.004131539355821,0.06811413909670418,0.5427271702503448,1.0,0.6,0.3,0.8,186,3078.294001641039,1320.3247001231357
30,61,1.0484356229817413,1.317562942973415,1.505293935617421,1.6766808396746495,1.0040980710829308,0.06640086864127431,0.5349454887323108,1.0,0.6,0.3,0.8,191,3078.291353077628,1291.8945576053814
30,62,1.0484345866116453,1.317558963775308,1.505289438859887,1.6766804384841945,1.0003277262995218,0.0664008686412743,0.5349454887323107,1.0,0.6,0.3,0.8,195,3067.7538676555114,1295.1830327216574
30,63,1.051618421115876,1.3428877723922763,1.5529425974596711,1.7124966394007002,1.0035744657925825,0.06769637168394267,0.5430239046454981,1.0,0.6,0.3,0.8,200,3077.2026681485745,1303.1641633675108
