Run,Equation_Index,Hybrid_MSE_Train,Hybrid_AIC_Train,Hybrid_BIC_Train,Hybrid_MDL_Train,Hybrid_PSM_Train,Extrapolation_Divergence,Sensitivity_Interpolation,Sensitivity_Extrapolation,Lambda1,Lambda2,Lambda3,Complexity,MSE_Test_Interpolation,MSE_Test_Extrapolation
1,0,0.9247386028625311,0.77506053461956,0.41520898417400737,0.01461642450503556,0.0,0.0,0.0,0.0,0.6,0.5,0.6,1,8.254756039999998,74.86008270666667
1,1,0.7472884457901126,0.7613267680371109,0.4446281742200228,0.10843546673273491,0.44613180736591707,0.16158373998939216,7.787360501567e-05,0.00017039608298117002,0.6,0.5,0.6,3,5.1301537644895205,54.07005489459284
1,2,0.6156416157861125,0.7170859229262369,0.4333483095417701,0.12640166187038193,0.36757440229675026,0.18935627093597965,0.00049908300361175,0.00109204895395309,0.6,0.5,0.6,5,2.6808943802982093,29.28141695602769
1,3,0.615647945749839,0.7171165334591658,0.4333931166720777,0.12646649071515156,0.11481991812606442,0.18945425192035298,0.0005037150370907899,0.00110218435683967,0.6,0.5,0.6,6,2.6704687294168634,29.158326351945323
1,4,0.5748650356174765,0.6686711591542737,0.39047508942452164,0.11595921754134994,0.2198249671302392,0.17159803200544627,0.00019246354557218,0.00043793553572338,0.6,0.5,0.6,7,2.6895359054694783,21.56336611761561
1,5,0.5414977706490676,0.6443610405167893,0.37305892541642616,0.11204952821929008,0.20825263347534975,0.16061722673149328,0.00018338795668842,0.00041752893956733,0.6,0.5,0.6,8,3.3213859261301293,32.932431692789514
1,6,0.5231779669957394,0.6307797972095711,0.3635949923745668,0.11871628879601226,0.16029853915288458,0.1548258891728605,0.0003546616691599,0.00105419829726649,0.6,0.5,0.6,9,3.356735313687687,33.20332610875848
1,7,0.5323764717119006,0.6430620589879583,0.3788107389817289,0.1315785783840785,0.16096816775229655,0.18874896380812428,0.0001818459275575,0.00030168612008621,0.6,0.5,0.6,10,3.508453755030589,35.48490625392245
1,8,0.49677172661605296,0.6127241356318004,0.3540980469207378,0.12593260562970426,0.18867616840474238,0.16174189878923995,0.00028899274877495,0.00073453561246527,0.6,0.5,0.6,11,2.995776680338783,18.10988602326549
1,9,0.5079064708223126,0.6259205432434368,0.3698011650686178,0.13786364896748865,0.15776851655493887,0.19444312073119469,0.00037295139362303,0.00068635559041065,0.6,0.5,0.6,12,2.8092071520486632,24.489584586571095
1,10,0.4809185548132216,0.6189129461830907,0.3664434649825839,0.1313701015243757,0.12753704936092902,0.16003414232219254,0.00021367629622878002,0.00086827299182985,0.6,0.5,0.6,13,3.0016122041626017,19.985908233458343
1,11,0.49376571376186157,0.6324891405497919,0.3810091065466172,0.14479423007381487,0.12879516820645717,0.18683133581136155,0.00031579101975495,0.00084785008220705,0.6,0.5,0.6,14,2.852006824412917,15.666460024522983
1,12,0.47488760375258227,0.635312617449607,0.3904234164670941,0.14579966430199826,0.18797092700618115,0.18124195161444628,0.00037856418244842,0.0009979079254200701,0.6,0.5,0.6,15,2.612121441419302,11.396338973229303
1,13,0.4732645806032852,0.5989695663043385,0.3548053466091829,0.14938249294801062,0.15503662652639338,0.20061600977185948,0.00046198318562243004,0.00069299966416772,0.6,0.5,0.6,17,3.8902288283243394,23.564604683716208
1,14,0.46302026757338566,0.5889332080669216,0.3450120247623251,0.1539996541184662,0.11600057357188076,0.18420093929128858,0.00048016657258298,0.0014061907410669598,0.6,0.5,0.6,18,4.207387089985426,26.381682278267064
1,15,0.4562560367909835,0.6021665600474264,0.3634769441988911,0.15471530275531464,0.17129291338353,0.19103360376015432,0.00043743333008273,0.00075375532221347,0.6,0.5,0.6,19,3.5857802281780087,25.79225075670773
1,16,0.44741865292984095,0.6124542869765935,0.37707692498820883,0.16140857882302853,0.13650676000153378,0.1838837253659469,0.00045353153377146997,0.0009106078067508501,0.6,0.5,0.6,20,3.4812598755680084,10.583496241426282
1,17,0.44208217569456737,0.5893942872700143,0.35452464231340475,0.17294010430487947,0.12445808805142848,0.18519620085127825,0.00057071197776494,0.00154383233130228,0.6,0.5,0.6,23,3.415784143277559,7.298462834382707
1,18,0.43881409210114947,0.6057529749133254,0.3766117236797133,0.18937050515089218,0.1849113482043855,0.1993352002323572,0.00060064079544572,0.00085990229262327,0.6,0.5,0.6,24,2.397207300474492,22.88213397699654
1,19,0.43881409241867336,0.6242626268074006,0.3968628253371344,0.19816315384223576,0.12041746942147523,0.1993352002323572,0.00060064079544572,0.00085990229262327,0.6,0.5,0.6,26,2.397207245721112,22.882133786415935
1,20,0.4335067508472934,0.6008146427870724,0.37336220006291293,0.19723015701193666,0.14713416989174063,0.19853311289220643,0.00064686632960655,0.00062136468251575,0.6,0.5,0.6,27,3.010627294570609,25.15735804593922
1,21,0.4143103400910463,0.6195876253269265,0.4065723910989436,0.23623086556264358,0.30690722011945304,0.1995008632136159,0.00549804600810579,0.01208814871387117,0.6,0.5,0.6,28,3.950255850760251,13.368064223451029
1,22,0.4021626249833502,0.6254567126644172,0.42020129109515325,0.24763595420808648,0.18119656214551594,0.2049318089070316,0.00552978249981841,0.01132356247079577,0.6,0.5,0.6,30,3.531798130030265,14.491303375376525
1,23,0.40232622144323954,0.644127098679439,0.44063480288207907,0.2575718206088652,0.13291022306664257,0.2053068429082724,0.00553140286161277,0.01130780115322523,0.6,0.5,0.6,32,3.446406970848866,14.509993234267888
1,24,0.4041786766518341,0.6260787282542253,0.427756887660326,0.28136521489081345,0.1789228574483561,0.2204756345193797,0.00844033112392029,0.02406899350545112,0.6,0.5,0.6,36,3.35855995903268,21.153025295436887
1,25,0.40408436264710373,0.6432332287890233,0.45080082771940694,0.30007538626443453,0.17700541268188963,0.21738286462798995,0.014098231936685801,0.03794282271285266,0.6,0.5,0.6,40,3.694641243651013,19.48710045730922
1,26,0.3392084916895526,0.6145639586254424,0.42818690123279257,0.28935966406809865,0.10965186515885254,0.13300748648459315,0.01062809910322584,0.02673927446435679,0.6,0.5,0.6,45,4.5412112200348425,28.41284894555191
1,39,0.3330444256848474,0.6770827454707311,0.5354428454829699,0.4621220060073542,0.19838959651745516,0.20619408842290043,0.017137343197327702,0.05229756631093555,0.6,0.5,0.6,69,4.902237206631565,13.260695637864918
1,40,0.31748234099325523,0.655575080591386,0.5201855443429854,0.4596819683634872,0.20876354827115118,0.2026793874917189,0.01683853432649545,0.04696880992976065,0.6,0.5,0.6,71,4.639574970628947,14.192019403994593
1,41,0.30271929463733654,0.6570243764938684,0.5440412794784919,0.5375391042756366,0.1967486818394072,0.18537532338039134,0.018312984282623828,0.08475937529637176,0.6,0.5,0.6,83,3.8462810981941535,17.783675690058534
1,42,0.3133649877696763,0.6293319261093371,0.5301187276896955,0.5609086540079279,0.26483897123255556,0.22466427728927474,0.031067500982345807,0.08593060665814858,0.6,0.5,0.6,87,6.54706365449518,13.900086981023833
1,43,0.3093677654227225,0.6195388705977786,0.5244868706379279,0.5808812017181371,0.23600346170424125,0.22618806556967608,0.03098774309448507,0.0859630440567096,0.6,0.5,0.6,89,6.065539144484567,13.67588279066202
1,44,0.3092801184554013,0.6193978911984221,0.5243841912380595,0.553455946196723,0.2033609926350303,0.22616188012533944,0.031010724401888852,0.08589868961040002,0.6,0.5,0.6,90,6.031570784914133,13.717156118094536
1,45,0.3096898799254714,0.6194479236674896,0.5246917955171477,0.5861808649127275,0.2076215508107578,0.22279512110748365,0.03265820021171871,0.08907837702619043,0.6,0.5,0.6,91,5.441573991753526,15.633191983488205
1,46,0.30733879599716535,0.6289474859715724,0.5406233745800986,0.5767290123349456,0.2823641396130811,0.2219361264810233,0.028023958573465003,0.09885954207279396,0.6,0.5,0.6,92,5.640835051340168,12.918269864366744
1,47,0.33602215509169614,0.6351501279471681,0.5478194396023128,0.6116856715908181,0.28246890861949303,0.23455881807631623,0.02931317369705335,0.13805588042543884,0.6,0.5,0.6,93,20.249426484985683,13.976188444158636
1,48,0.33453033551635314,0.6500653220608306,0.5659076588761291,0.6240533738745061,0.24989724596901716,0.23651293179729183,0.03099179573612726,0.13483957662653318,0.6,0.5,0.6,95,20.09586131476251,12.39174765051206
1,49,0.3250662125152311,0.6573259971067221,0.5761144384494207,0.624139105349536,0.24962748378748295,0.2337006066326772,0.03027044109166388,0.12466105526188412,0.6,0.5,0.6,96,18.70324800551117,12.16109187558284
1,50,0.3213801048398353,0.6282552268638235,0.5498722549548839,0.624203966333817,0.25598244431075107,0.23511099714963685,0.029196932691771038,0.12610494820903514,0.6,0.5,0.6,99,17.070946441804114,12.693176471946945
1,51,0.28659615863496707,0.5904702288639312,0.527474085008875,0.6419346142211169,0.23214758606963007,0.24877208758480393,0.02750576057241554,0.07843487112574483,0.6,0.5,0.6,109,7.148407376941489,29.71689192145791
1,52,0.2859968563393861,0.6083289205811463,0.5471079118462884,0.6542944703034618,0.21010838546797087,0.2480066258041488,0.02751763190014256,0.07824943060967093,0.6,0.5,0.6,110,7.058291555522894,29.97924883091912
1,53,0.28220225486705336,0.5955117077512907,0.5397650733757988,0.6463404495199411,0.2992583071598303,0.2492898163956139,0.02780685486567045,0.0787954088079638,0.6,0.5,0.6,111,6.983584840410134,31.162041656600493
1,54,0.2813883433955991,0.611683575585609,0.5585887405436697,0.6590352481835342,0.21808582503662488,0.2492898163956139,0.02780685486567045,0.0787954088079638,0.6,0.5,0.6,113,7.247689530305033,31.36823162191652
1,60,0.2913763538651897,0.947921595163757,0.930286935590235,1.089005802497928,0.22735811817740975,0.2190322634133552,0.04137729697453602,0.12045686268910152,0.6,0.5,0.6,185,7.149456700648092,17.731501879328256
1,61,0.29004403179694827,0.9455032662641105,0.9285016276026428,1.0881021384759308,0.22672697907786482,0.21877133845466273,0.04141439915239705,0.11936593057137497,0.6,0.5,0.6,187,7.259334609288063,17.628295451055646
1,62,0.2587914917432425,0.8233730948214085,0.8211313306276102,1.0898443257983335,0.21064426372693815,0.2285392205084674,0.030296381540782992,0.09340091036409323,0.6,0.5,0.6,196,7.141470247923687,16.58385483232655
1,63,0.24810672645728926,0.8268923298270652,0.8287387242925981,1.0704366074089888,0.21819547093791689,0.22904859587761553,0.034788818693573045,0.07420813478472367,0.6,0.5,0.6,198,7.338006421504502,15.900578959780267
2,0,1.0,0.7999519437062109,0.43040809006507524,0.016251427132192683,0.0,0.0,0.0,0.0,0.6,0.5,0.6,1,4.680188621840999,75.94703875517432
2,1,0.7801609141385834,0.7661276323178035,0.4400496825773667,0.09073068499043103,0.42937521210646623,0.12949947088418118,7.699987460815e-05,0.00011036398054596001,0.6,0.5,0.6,3,2.6448593974932955,54.34305918608999
2,2,0.7800024506382749,0.7694845188043964,0.4444934170200125,0.0994423812112582,0.10172580305739529,0.13848083711908493,0.00065984091685776,0.00089028078555009,0.6,0.5,0.6,4,3.5701725979529604,66.600712519732
2,3,0.6050068801608219,0.7008104976092003,0.4139182364938976,0.10252794998126559,0.6780986815471569,0.1493780121406726,0.00037842931483003,0.0005424030331538301,0.6,0.5,0.6,5,1.900320193633147,35.73350967149428
2,4,0.5829860836358989,0.6765625611844004,0.39820505044407045,0.12346193015854254,0.1939138520625553,0.18420197035617725,0.00018577920561806,0.00030088019375858,0.6,0.5,0.6,7,2.6071086818994607,22.332998337926696
2,5,0.5265882361286943,0.6334993749202444,0.3656802366740872,0.11755150974740301,0.2653176415030515,0.15635723823269096,0.00041624095620355005,0.00128925745759406,0.6,0.5,0.6,8,1.1032847054638115,15.16580357857726
2,6,0.5104206022003789,0.6226582163796329,0.35996629790794893,0.12822071733633789,0.12476875064808206,0.16013077137371762,0.00048024465760135,0.00133992148048385,0.6,0.5,0.6,11,1.0868557219051336,10.38510885776678
2,7,0.486656680818558,0.6035235606998197,0.34599151717052945,0.11698521400516727,0.1746693282889969,0.15123166930438092,0.00028216250995484,0.00059870025610929,0.6,0.5,0.6,12,1.1137954452099212,12.838296421825524
2,8,0.4883466152235255,0.6245960973188985,0.3698749091553014,0.13164665608212456,0.10519796336475394,0.16005981946238856,0.00028770651762207003,0.00061473248927058,0.6,0.5,0.6,14,1.3385571122031104,10.2471115190454
2,9,0.4645209568702074,0.623119830690806,0.3753577416456942,0.12671106522298853,0.17437604737372264,0.14817052810472567,0.0005153860073786,0.00133749366182844,0.6,0.5,0.6,15,1.2776284707353187,4.768361342207267
2,10,0.4543146451630037,0.5819626752715689,0.34213492475317947,0.15755569524122467,0.20750459643143365,0.1903110023803389,0.00042237445379483005,0.00124805121752467,0.6,0.5,0.6,17,2.6955379700129045,14.476920284351484
2,11,0.4246574617540905,0.5529320013906452,0.31475681976008374,0.14007568160674738,0.11710372875877778,0.14873099074555074,0.00051702609395137,0.00143831143343389,0.6,0.5,0.6,18,2.417840373116488,14.831118816230456
2,12,0.4284625769112017,0.6131588255902448,0.38286406508894255,0.18012276600176508,0.11623284461057731,0.16740165218099107,0.0010738601603565601,0.0015011707825648602,0.6,0.5,0.6,21,1.8986411337210984,8.64819834888192
2,13,0.45976652909287963,0.6270942112307418,0.3997409755266045,0.22666371805649205,0.18416211653094433,0.21254088847576222,0.00542003159937173,0.02686053196117703,0.6,0.5,0.6,23,3.4520356364830405,14.901566230689417
2,14,0.4239518082263342,0.5918494165073049,0.36803927488285615,0.20866605690449797,0.17751982589633608,0.16821015235751668,0.00558618697951943,0.027476585913733243,0.6,0.5,0.6,24,3.0829006717677223,14.881500021244824
2,15,0.43938127321854337,0.6075145970516299,0.38607837213945967,0.22711243106335494,0.18036912098933672,0.2052199142067748,0.00558013233182356,0.026741569157098362,0.6,0.5,0.6,25,3.2523194927631343,17.90888920894505
2,16,0.4320861144916584,0.6003290338271106,0.38090091486713784,0.2334910330555227,0.17242479730672,0.19386376481539527,0.00581796739602174,0.0345192539780134,0.6,0.5,0.6,26,3.446404761122124,12.942332600097354
2,17,0.39452824901119427,0.5813034373281322,0.3666194581288902,0.20715735752862774,0.15874668967329608,0.16630823480540205,0.00797618968491247,0.010569717027720001,0.6,0.5,0.6,27,2.515366638413436,4.062048682854287
2,18,0.3847967727288122,0.5715139703257451,0.3587196130006531,0.22422277580547265,0.12054172519803859,0.1598029562551289,0.007817245126882021,0.0089798997395494,0.6,0.5,0.6,29,1.7491526205001815,8.744309033491833
2,19,0.38162087522745886,0.5864201163696141,0.37931675596103576,0.23970860067056393,0.1753919881493528,0.17104825922245642,0.007582736516618239,0.00882931690603966,0.6,0.5,0.6,30,2.4309697781348225,4.805946944363311
2,20,0.3779339014710343,0.5819910343416781,0.37912233940995776,0.24905253713735998,0.152431815578078,0.15553499896602344,0.01634485110874459,0.02778474037799942,0.6,0.5,0.6,32,2.471856668348342,6.702956547963161
2,21,0.3950324100192714,0.617208703096756,0.41777901593299854,0.259956846210066,0.1529664236070465,0.15517917224815644,0.05718836841374651,0.02921663457372637,0.6,0.5,0.6,34,4.1541393714437,13.108445783983733
2,22,0.3976216112192552,0.6195128625705358,0.4211770793711136,0.27146532990443517,0.16200279429832132,0.15445686064551092,0.06487351214625448,0.03205722500625604,0.6,0.5,0.6,35,4.583130939366836,13.238063787054353
2,23,0.36413115082276654,0.5800661961176447,0.3968394570284485,0.2682760284865646,0.3881324442347868,0.16231544607578657,0.05711499328308833,0.02959132993061563,0.6,0.5,0.6,36,4.272722414516302,7.244211134950526
2,24,0.3748085366753454,0.5903386904481698,0.4078861626712717,0.28699191319160733,0.16222695996531683,0.16324696358220162,0.0734477056962465,0.0354837097884806,0.6,0.5,0.6,38,5.650090209135145,7.002119933479005
2,25,0.3351336083254958,0.5472038787909543,0.37074275996028544,0.28127635525079053,0.22511648242279936,0.1197044029209539,0.07373945759782866,0.032537113013023276,0.6,0.5,0.6,39,5.271727667572829,4.491997566449587
2,26,0.3055694032857781,0.490759942738146,0.32437005816747055,0.2706170512493043,0.16839076762609753,0.10365137832746034,0.07343930893343084,0.036178416407648364,0.6,0.5,0.6,43,5.548502432268675,14.826203272945634
2,27,0.3004814846446951,0.5021665632589616,0.3400094285690142,0.28702314779375465,0.14006348576062413,0.10230978217730714,0.07349269396540879,0.03630070343448591,0.6,0.5,0.6,45,5.672290794127463,12.9368203321168
2,28,0.2951689308678276,0.4964655112833149,0.33477695063357,0.2902117188431235,0.1229938467071342,0.09531373024766383,0.07393077313613002,0.03543569442506468,0.6,0.5,0.6,46,5.941516118430421,13.53774892327196
2,29,0.30288449713635746,0.5401682504144321,0.3831913474575422,0.31782346819741897,0.14513309827077703,0.11298382732942669,0.07285050007265466,0.03506382115263887,0.6,0.5,0.6,47,5.9930267608673,9.163437496447168
2,30,0.2871723021889965,0.49791168661821555,0.3480677631356695,0.327734302632484,0.1961016045170736,0.10533850760689886,0.08062438854796038,0.03463855697452961,0.6,0.5,0.6,49,5.56529203214299,12.935250311525508
2,31,0.26323223837484777,0.45762733555928187,0.3232812976204001,0.3246316054236332,0.24914755541133307,0.10751366438235693,0.0746382001949498,0.03664725494613047,0.6,0.5,0.6,51,5.511524120709838,13.61715905033258
2,32,0.2504427307409893,0.4528103200281587,0.32905698944893147,0.330852211162166,0.19481192271746658,0.10646333622569189,0.07455992663575507,0.03677084600798356,0.6,0.5,0.6,53,5.919322147747392,8.384780949770485
2,33,0.2505370885244781,0.47138954316515164,0.3493977578947785,0.3496820065629785,0.12350301927885837,0.10652580493805743,0.07460806901683698,0.03686988262798704,0.6,0.5,0.6,55,5.878855961425454,8.27643116145183
2,34,0.25026731233452354,0.47085889289098093,0.3490778276653292,0.3496567605615042,0.1250566727651014,0.10671267220274226,0.07456693498297573,0.03673478529846655,0.6,0.5,0.6,57,6.089435473458858,8.350421863154095
2,35,0.25291231108875384,0.5386122997738806,0.4308044769280426,0.4093469153938345,0.17284869513972076,0.10852246820061576,0.08987536003378822,0.0416858053667501,0.6,0.5,0.6,60,7.437652446056731,8.135077798046837
2,36,0.24216890932347263,0.4721480641077519,0.3592620918499284,0.36859027470069383,0.1268782148853026,0.10658454163623157,0.07680904247812155,0.03691339794955812,0.6,0.5,0.6,61,6.95229637939223,7.628757140460248
2,37,0.2373964648882314,0.48433835377293766,0.3743724354110805,0.37706479554570704,0.13077101023999338,0.10193691831245556,0.07673259448105745,0.03613697976582034,0.6,0.5,0.6,63,7.65779232376844,13.1708581401204
2,38,0.23869352854173131,0.44150440353771003,0.3333323075699299,0.4348984307925621,0.1459757886182411,0.11111441954981957,0.08000049180583632,0.037131705571951,0.6,0.5,0.6,68,6.148596548897314,10.409798853180702
2,39,0.2358601822962335,0.4540807923531501,0.3498932166404739,0.4561998104813712,0.16515267462929223,0.11209823908231309,0.07861510004848596,0.03701451018534621,0.6,0.5,0.6,69,5.97126400925759,10.712790279794191
2,40,0.2095566142322638,0.4595596920983476,0.3768301639792734,0.4656605278635538,0.1641956148032,0.11682142202742993,0.06326813250130806,0.03114845231901679,0.6,0.5,0.6,75,6.581138206784248,13.451835665871654
2,41,0.2094920108433268,0.4779090622015006,0.3969834435098719,0.4901520555762691,0.12091945180603383,0.11682142202742993,0.06326813250130804,0.03114845231901679,0.6,0.5,0.6,77,6.695774519098931,13.786082098730123
2,42,0.1901579388264203,0.45551874639321416,0.3765791484638366,0.4499789821632496,0.1352540446643203,0.09599315487905306,0.0566774879763005,0.02865266688437747,0.6,0.5,0.6,78,7.4473517754240275,11.577064710340416
2,43,0.20530335947357253,0.48844490500709725,0.41171754657337045,0.5090503423730298,0.12256002428971954,0.11469746467292907,0.06341502709840907,0.03037607213657496,0.6,0.5,0.6,80,7.129704700942659,20.595284036890263
2,44,0.2050903007189668,0.5064160208262758,0.4316398585236005,0.5224328592035896,0.11959906385029603,0.11469745992112604,0.06341502628556529,0.030376071933845377,0.6,0.5,0.6,84,7.082335659000362,20.41188307497281
2,45,0.18046160822249194,0.5183504104115034,0.44735100148227863,0.5301188827186971,0.09471788126846284,0.0823756133218259,0.05616783936862144,0.0281862388580499,0.6,0.5,0.6,100,6.333151144056432,11.354753146519258
2,46,0.2446612325821655,0.5803674680221792,0.5107672756041046,0.6930553205972091,0.16145106376275667,0.10581962240869162,0.11950611105251836,0.061311483929777554,0.6,0.5,0.6,113,5.857169750073182,13.58028141104876
2,47,0.2531842688433461,0.7146612847669824,0.6596630061817126,0.8617135775867227,0.1811221726141281,0.12449058345873874,0.11452949549902,0.06498613875469635,0.6,0.5,0.6,117,7.272591737883877,10.314640771818311
2,48,0.23544376480460427,0.7197827911582713,0.6770299617958222,0.8657484364067132,0.2106515646736129,0.11296258967260119,0.11188869421448125,0.06305797905474014,0.6,0.5,0.6,120,6.457883978913697,9.179313553901345
2,49,0.21041947525154317,0.7089281319629457,0.6705326047937363,0.8896090654541309,0.14675476156480943,0.09962501455081216,0.09402957785926254,0.05353429250674211,0.6,0.5,0.6,125,6.221897880418053,9.654587011092126
3,0,0.7207282113025143,0.6964100479878034,0.3671832929527437,0.00945233130758236,0.0,0.0,0.0,0.0,0.6,0.5,0.6,1,17.91905396,75.10080729333332
3,1,0.5561345548936398,0.6484465849358481,0.36920851514939484,0.08544192828425216,0.4847446005551246,0.13385773739232978,6.273981191222e-05,0.00011835681722365001,0.6,0.5,0.6,3,13.423023165244762,54.95291816032344
3,2,0.4029725960846204,0.5521301308545218,0.3249348892356919,0.09709308606758119,0.5016380308848212,0.15686400930792413,0.00040205587714484006,0.00075846663409676,0.6,0.5,0.6,5,11.01872857209125,31.497931850349413
3,3,0.40224302968940756,0.533035426173325,0.30508358131794133,0.09843609927169442,0.10468272151734155,0.15966248580074724,0.00056465830721003,0.00106521135501291,0.6,0.5,0.6,7,11.476339456963093,28.0536743400182
3,4,0.39847977936879064,0.529343206533707,0.3019315681559805,0.10017303651263317,0.10315111772865229,0.1565134813206746,0.00036543028421698,0.00053873995564845,0.6,0.5,0.6,8,10.967363386967538,31.30858414396836
3,5,0.3699251579243788,0.5194641570784878,0.30480461247601826,0.11000290334295301,0.1833617593755559,0.1563616630834959,0.00025135472403826003,0.00059984950186457,0.6,0.5,0.6,10,9.416193129726953,32.792511082679034
3,6,0.359240815245093,0.4900167752531272,0.27584832369150275,0.10989862873675127,0.1252262500125408,0.147504518603469,0.00036460433634486,0.00068948873934791,0.6,0.5,0.6,11,13.38426902660502,46.830179811121575
3,7,0.35881000492567644,0.5079579546523276,0.2965123844628853,0.109321565356375,0.10695332522245758,0.1510629574840998,0.00025817910295491,0.00047279605674506003,0.6,0.5,0.6,12,11.40896093156156,39.45899991773761
3,8,0.34566005601392,0.49364202332548734,0.2878464934216789,0.11809181817416976,0.18260909032820014,0.1507738368908691,0.00040722619106547996,0.0009617819985630299,0.6,0.5,0.6,13,11.27832748338152,42.152453449109125
3,9,0.3000184604466761,0.43981656481241227,0.25366214038103696,0.10889309190201714,0.4066033454466397,0.14500742099143138,0.0009555525504655099,0.00063219702490459,0.6,0.5,0.6,14,9.98142103519693,36.986090296971255
3,10,0.29535696261387123,0.4336258431382137,0.24982639705846826,0.11085994999241552,0.12485552560935784,0.14513799078435352,0.0006279329905009301,0.00053711008584188,0.6,0.5,0.6,15,10.439474351813676,47.24723895708498
3,11,0.299058357384622,0.434638102771852,0.27905496487568454,0.16172565430603783,0.5671825612800485,0.1355354650338653,0.0240018288653563,0.07481947183397168,0.6,0.5,0.6,16,22.90239431198534,41.6422396728588
3,12,0.23997860039607685,0.3555924237923135,0.21835112988092242,0.1399145257245215,0.1802660764856036,0.11208179434012187,0.017140200698430818,0.050757260315911504,0.6,0.5,0.6,20,17.79750915986489,42.34988641046586
3,13,0.25031444397396,0.3577671456796706,0.22720462677513756,0.1609147398104347,0.23364388466444344,0.11706460283157338,0.02416226075903363,0.07213509415714843,0.6,0.5,0.6,21,20.13721572917508,39.06238499692208
3,14,0.25004405846745714,0.3759262251435889,0.24716913986704855,0.16606605207257238,0.12644743509790377,0.11675965050238779,0.024122051718810468,0.07216252237672942,0.6,0.5,0.6,22,20.13626727571459,39.04570896883805
3,15,0.2207399292302715,0.3375968165598159,0.2158424609153344,0.15896581166303436,0.14291791945699145,0.11160217201508175,0.01783126361050629,0.04865408372485116,0.6,0.5,0.6,25,19.398744269190832,41.46601771861265
3,16,0.21351637922087155,0.3046281131860891,0.18648602478259185,0.15158933383819637,0.1909481056621266,0.1260471023085605,0.01336479229931622,0.03674838257861124,0.6,0.5,0.6,26,15.694253955952243,29.16238277817009
3,17,0.20878062175975715,0.29089382940892744,0.17914378903194333,0.15910708744612334,0.21020019254879013,0.11037247353919691,0.01996686078748991,0.05139075160266432,0.6,0.5,0.6,27,20.756379388562447,33.70596854834351
3,18,0.20012646182009325,0.2814128782950296,0.17034011391551307,0.1600373008681994,0.10365037126710559,0.1176591770395781,0.01313052302804471,0.03689872270681794,0.6,0.5,0.6,30,17.816394033073102,35.97406841503843
3,19,0.1828726423243954,0.2327409486482069,0.14218929851312856,0.1634871003933546,0.4332511196910981,0.12282893184313252,0.013114054077918469,0.038459466651868716,0.6,0.5,0.6,31,15.398124311062656,33.98833620314138
3,20,0.18133585323081344,0.23116536452571637,0.14063612418115848,0.16487499157778923,0.10212819273594004,0.12043101863568767,0.013105353404821048,0.03833468473986041,0.6,0.5,0.6,32,16.013052156226735,31.684486828052357
3,21,0.17699731719311454,0.2285961478200779,0.15000650416049996,0.18100221437900693,0.2718945157051382,0.12764417501907377,0.013303377130876051,0.03947619444387171,0.6,0.5,0.6,33,15.53585768684631,28.28140968192908
3,22,0.176997317997709,0.24710579971415322,0.17025766232983708,0.19048260099646383,0.10692453025362443,0.12764417501907377,0.01330337713087606,0.039476194443871696,0.6,0.5,0.6,35,15.535858073382144,28.28141115273178
3,23,0.17483518123780062,0.22517185680403806,0.14733370416246627,0.18561994335921128,0.11759221855779413,0.12602100337949615,0.0128580566746021,0.03897977725889033,0.6,0.5,0.6,36,14.952908321918695,34.44735001639017
3,24,0.1913555437108054,0.19932130660786118,0.1335492147462008,0.22388239496389506,0.35690793416929817,0.12470959971466204,0.02347092190189006,0.07831332327743089,0.6,0.5,0.6,37,16.34243812293446,34.738041664211885
3,25,0.19131054403842204,0.23619543887084157,0.17396286388846582,0.2440011897779675,0.1337777824688225,0.12470959971466207,0.023470921901890072,0.07831332327743089,0.6,0.5,0.6,41,16.322415549310225,34.701701077717736
3,26,0.2050294167334795,0.2268332077993999,0.16543555010562044,0.26416494984541283,0.15771148311406735,0.12360268034739817,0.04104380175146891,0.09104978248716228,0.6,0.5,0.6,46,18.116001106909447,43.05420612544078
3,27,0.2033464484404996,0.23970574204586415,0.18224462397534105,0.2745212312769443,0.16691127015243004,0.12360268034739816,0.04104380175146893,0.09104978248716228,0.6,0.5,0.6,48,17.92024471330862,42.30063148176715
3,28,0.20181597938299656,0.23787273610818416,0.1805796210449055,0.2763017290172751,0.15063516806684096,0.12150983782283567,0.04111846211335042,0.0907447833073486,0.6,0.5,0.6,49,17.447828267707695,45.23643847440847
3,29,0.20089695991331846,0.2311255484113351,0.17704978063804577,0.2804827035888026,0.2014730085711533,0.10565392452301371,0.03651637561320102,0.11296139190655805,0.6,0.5,0.6,50,15.88883607039548,36.41903915229067
3,30,0.2682305598828212,0.2774398875041716,0.22299771259256596,0.3449021520321008,0.22519683081671904,0.19144553216903154,0.08347151010277755,0.10196666863130051,0.6,0.5,0.6,53,11.50760436752268,17.82070000523263
3,31,0.22514500971084778,0.26134347871680963,0.21582359430623288,0.33265644510305814,0.22263215015054016,0.1692347091893739,0.05243422290143003,0.08479740504548257,0.6,0.5,0.6,55,9.952784936981406,21.82035283073206
3,32,0.25571381000065263,0.2667782202544655,0.22306176369205938,0.3518988670301973,0.26903076353713057,0.1850478048769872,0.0811989216900982,0.1000946276565761,0.6,0.5,0.6,56,11.587292423207645,29.468759206602225
3,33,0.12647917628198507,0.16737578783509702,0.1309569607017041,0.2742380265562442,0.09393011590375298,0.11429284188621128,0.00871040437749576,0.020214805801726198,0.6,0.5,0.6,63,13.951789957936144,34.43803881256606
3,34,0.11985504437830306,0.16643647861093297,0.1384472185568471,0.2824344180353142,0.13669103375339803,0.11028126496479664,0.00850055348430652,0.02061345136127586,0.6,0.5,0.6,65,13.23338755301146,32.99267905685681
3,35,0.11985504436065189,0.18494620111372667,0.15869837672618423,0.2940638977675118,0.08278749227356394,0.11028126496479664,0.00850055348430652,0.020613451361275868,0.6,0.5,0.6,67,13.233387668339684,32.99268101140533
3,36,0.11465098959895126,0.17068403030690427,0.14909782932130203,0.30628021609863043,0.15590718943859033,0.10688502442842623,0.00826729714329865,0.02038675221206164,0.6,0.5,0.6,68,12.624624970292915,20.490056334438297
3,37,0.1162672913316242,0.10801712928234111,0.08566385222007236,0.2934120186534946,0.1088751376512144,0.1192637258992542,0.01154031444679888,0.01246337793072145,0.6,0.5,0.6,71,11.433644220251116,33.42410003992322
3,38,0.1110232503796264,0.11069533067996473,0.09540997866192877,0.31303221760662764,0.16872654262622205,0.11500492199552725,0.01147298115807791,0.01319139118709523,0.6,0.5,0.6,72,10.91071680403044,36.29030889760542
3,39,0.10669930807183169,0.09914228906409146,0.08745917430009145,0.3135647798230697,0.13861798257299882,0.11172273505636805,0.01125708554215714,0.01281712995039283,0.6,0.5,0.6,73,10.567552280950054,27.105950266987804
3,40,0.10903829486920447,0.11919064353689977,0.10964613196514857,0.3286436544986034,0.08612311268612581,0.11471718731668122,0.01198988485183514,0.01347618543129182,0.6,0.5,0.6,75,10.419609644707128,27.74798811049975
3,41,0.1091794308684146,0.11605789938779698,0.1081344023336032,0.33291503071274353,0.11016405642332337,0.10850409673684176,0.01200808622141147,0.02139135135610179,0.6,0.5,0.6,76,10.894378446167725,24.957459910836324
3,42,0.10759826146171747,0.10905547203593473,0.1038043317403959,0.3393526360698238,0.12703223683288103,0.10664173847113739,0.01286256130568616,0.02230954719028945,0.6,0.5,0.6,77,11.127957557935426,25.68531907559262
3,43,0.12153811705290689,0.17024268835587258,0.17427080458825261,0.3829954998318357,0.1217396118077338,0.13539312269398604,0.01108842883209665,0.02182289945344746,0.6,0.5,0.6,80,10.25250251752835,28.19711938563182
3,44,0.12055686232388811,0.1634939833136707,0.1703270666208268,0.4017658603841706,0.11167159319843965,0.13486211137872828,0.0126473784802278,0.02181289776963277,0.6,0.5,0.6,84,10.34721369468521,48.74986701883154
3,45,0.12071346865763469,0.19941631822947406,0.21034023104886213,0.41958974810996363,0.11063226119574329,0.13635299500617334,0.01136319162845557,0.02216546663003886,0.6,0.5,0.6,85,10.594252443510095,30.76698869200536
3,46,0.12305423805800368,0.11928773414017838,0.12731466918186346,0.39149854974445436,0.1709707074585893,0.1311568141834795,0.01112818776037084,0.03482434037658609,0.6,0.5,0.6,86,10.24018384771438,42.21737353322158
3,47,0.1219509803299308,0.11705743089929997,0.12562606830087827,0.39421031075343294,0.11307550712440645,0.13038270114162387,0.011006747132686361,0.034301036825475875,0.6,0.5,0.6,87,10.025355864404665,36.9883879580563
3,48,0.1218008802636005,0.13483366051544382,0.14542392688555517,0.4144119062180793,0.10656599254295632,0.13033362096293988,0.01100400784240769,0.03432920068482115,0.6,0.5,0.6,89,10.06987493824248,37.12542023751424
3,49,0.12169700332329868,0.1346206797789376,0.1452632874316763,0.4291304494216009,0.10464396732756047,0.13020186468304476,0.01102351720150053,0.03431391395243112,0.6,0.5,0.6,91,10.113674866455652,37.29549752579968
3,50,0.11890716017249787,0.12951239697918931,0.1412680868519654,0.42670038384417297,0.12005043691407531,0.136739338380185,0.01161849711798219,0.02353090690820901,0.6,0.5,0.6,92,10.77867027313262,36.21746340073821
3,51,0.1222950501783338,0.12721663998377372,0.14168806682592547,0.42590549299416924,0.12857977702465379,0.1352100631836491,0.01100302333381139,0.03337112858724791,0.6,0.5,0.6,94,11.327107775535987,33.99496644582366
3,52,0.12439576824265737,0.12910558324672522,0.14367806603472744,0.4307553957219318,0.10961588903879782,0.12331842142969683,0.013533134790859968,0.04673482593680063,0.6,0.5,0.6,96,10.5043043547845,32.17727078005095
3,53,0.12316797668894308,0.11546265533881152,0.13592487024435587,0.43488715969419617,0.20556116488789056,0.12239802953294819,0.01763454760285395,0.04670941516671024,0.6,0.5,0.6,97,11.057874551345538,37.595356893717145
3,54,0.12042634977230324,0.10844073418803457,0.1309203267461611,0.4363482085406218,0.1410741361583183,0.12083573491235426,0.01579059360622377,0.04673999406251689,0.6,0.5,0.6,98,11.1712602304065,33.945678680406864
3,55,0.11508165277934926,0.16137889787725185,0.1981954266854939,0.511752913367086,0.12330450797764186,0.11830774592713829,0.0250886621928679,0.03790204439105066,0.6,0.5,0.6,105,10.305323166402369,40.670638334154425
3,56,0.11506438191505214,0.17921804422738322,0.21807986778186128,0.5173432684162275,0.11129625518339907,0.11835866074893286,0.025294751393131882,0.03786237424211264,0.6,0.5,0.6,106,10.322230545042531,40.67485217511042
3,57,0.11435035475606001,0.15133062599586788,0.19246735290883188,0.5238106843161668,0.1398020772627358,0.12019425008571415,0.023292860307516712,0.03925699232447109,0.6,0.5,0.6,108,10.037423877082931,36.289534616554086
3,58,0.10925644103117897,0.1353572323771862,0.18150498103798385,0.5237745886204235,0.1447452486416373,0.11727819264190573,0.02360487641314379,0.03673952405814529,0.6,0.5,0.6,110,10.126984354273494,41.08799930125328
3,59,0.10925076390490547,0.1538531745583353,0.20174607033530795,0.5374140171351381,0.10423859864774553,0.1172790534547142,0.023590805089126952,0.036743309107598085,0.6,0.5,0.6,112,10.12824001619354,41.09077532025426
3,60,0.1092431895391061,0.1723128354797353,0.2219667685818505,0.5590364750209097,0.10436521081459195,0.11727905345471422,0.02359080508912696,0.036743309107598085,0.6,0.5,0.6,114,10.128693463274306,41.04889110290693
3,61,0.10703743779771602,0.14125088519470952,0.1938967511193883,0.5698635015247339,0.14210066202949143,0.11467489432549079,0.025207701060974967,0.037340494010695106,0.6,0.5,0.6,116,10.675724678067608,41.10280380531777
3,62,0.10727858354750422,0.15761020716694946,0.21308747559933106,0.5962883338066333,0.11327727181319677,0.11714063805262637,0.02530333258151446,0.03587605681350346,0.6,0.5,0.6,118,10.541931790924092,41.06484133554289
3,63,0.10727858326703411,0.17611985885730636,0.23333863356494988,0.6101929932059943,0.10446173245250036,0.11714063814078295,0.025303331858075227,0.03587605698868216,0.6,0.5,0.6,120,10.541931843096725,41.06484146299577
3,64,0.10727312104296145,0.23163490379103419,0.2940819792581064,0.6488746462773876,0.10446648250398842,0.11714233891976424,0.02528909400747918,0.03587951187200972,0.6,0.5,0.6,127,10.54294546189342,41.06733399874806
3,65,0.10639772871375294,0.24809102924130433,0.3128160072093407,0.666375615183047,0.1066763515551947,0.1177059394489334,0.02574907030819652,0.033806013848085056,0.6,0.5,0.6,130,10.914382303657217,40.9829251262229
3,66,0.11475507779563028,0.22248222967570838,0.2924683182261231,0.6817531130163202,0.22830941267920615,0.12928136441796664,0.02251449489123214,0.043067321234592386,0.6,0.5,0.6,131,10.991443784053962,30.54986709468849
3,67,0.11475507462103292,0.24099174545334834,0.3127193119607135,0.6901802487908019,0.11466705797621067,0.12928136950843508,0.02251449693724112,0.04306732294078568,0.6,0.5,0.6,133,10.991445190272426,30.549866285887727
3,68,0.11470946535199719,0.3149668386303893,0.3936685870447342,0.7712073127246285,0.11462754426058067,0.12921836707434978,0.02252729810706176,0.043048398673302415,0.6,0.5,0.6,146,10.995293726737914,30.554716687586676
3,69,0.11467208995641387,0.1477996530087638,0.21107265952871412,0.5631958399924949,0.11602052471932633,0.12928137076997173,0.02252574732983928,0.04306732304918532,0.6,0.5,0.6,149,10.993605262138914,30.66474637175453
4,0,0.8558136834543296,0.7505088946861782,0.4002171074793917,0.013003775907940466,0.0,0.0,0.0,0.0,0.6,0.5,0.6,1,11.629054045209,74.155787445209
4,1,0.6545037371312963,0.7070070068307681,0.40577505456613866,0.09122814077424651,0.4793102915151503,0.13729195180920015,7.831699059561e-05,0.00013137850448699,0.6,0.5,0.6,3,9.006812360425295,53.024659016718
4,2,0.6480285775350996,0.7051859992886402,0.406116481716001,0.09733044334489864,0.12120778974926363,0.1413666715536946,0.00076834383135487,0.0017022500016605799,0.6,0.5,0.6,4,9.625467293194744,60.53883882318036
4,3,0.5139534333496851,0.6243874810850037,0.35988807254588034,0.09941956561532066,0.653445304242699,0.15622936591722528,0.00031326796238244,0.00052551401794796,0.6,0.5,0.6,5,7.560304096724339,36.91703304714937
4,4,0.4567486803841216,0.579038079984087,0.32887725798293016,0.09359561969824651,0.20166177738366053,0.14233518911319448,0.00018789777810071,0.00031610571171231,0.6,0.5,0.6,7,7.625008577317489,20.90489639786384
4,5,0.3890577342366165,0.5203078359325464,0.29966641835918056,0.11755729326609818,0.580296320220495,0.1699583508672826,0.00036167508830199,0.0010165728834871201,0.6,0.5,0.6,8,8.013079139455924,15.161468399217126
4,6,0.35851779965550484,0.4877098257858244,0.2812261357137988,0.12366360546098203,0.22104370933088785,0.17597842225307322,0.00040442370690412,0.00123079336281886,0.6,0.5,0.6,10,9.376363121651776,7.051839716963983
4,7,0.35006230290986,0.47896412030010793,0.2735021091904378,0.12184577826398693,0.11693386669216674,0.16624430027946568,0.00035361560098541003,0.0008038775498877699,0.6,0.5,0.6,11,8.586947327889437,10.689586257515098
4,8,0.34906210836453566,0.49637838520775374,0.29297974630237156,0.12872719348903658,0.10274039559560155,0.1657681293926647,0.00036490154185785,0.00082280996828478,0.6,0.5,0.6,13,8.620030054689419,10.265521760110042
4,9,0.33565515560068254,0.4606903812458874,0.265444030020276,0.13796965887699386,0.2685701071644783,0.17864236459125482,0.00060978259140576,0.00146220543712058,0.6,0.5,0.6,14,12.54268965973868,9.244415899185851
4,10,0.32511793492589613,0.4489220194769869,0.25620538114266456,0.1371198537800624,0.14400594747875586,0.1703203743671111,0.0005598376068714701,0.00103996253967141,0.6,0.5,0.6,15,11.410899830143226,11.254813007507256
4,11,0.32136811337283494,0.46318805037415345,0.27314032912651565,0.15163930922002866,0.10618945125262473,0.16728995216366235,0.00064959820961505,0.00089274009398503,0.6,0.5,0.6,18,10.755480104856996,14.475614658427226
4,12,0.29385282724227907,0.4158034699341142,0.22653009740250135,0.13327266001145355,0.0889954690471904,0.11834793141727189,0.008220568527684489,0.00616927365226577,0.6,0.5,0.6,22,11.76411944115178,14.714016424850591
4,13,0.30864239154919626,0.4284003663352524,0.24287084473610968,0.16195724561907848,0.16169290117121815,0.1511426000343848,0.00733001581367153,0.01113644365076815,0.6,0.5,0.6,23,9.927802563219272,10.47928092216951
4,14,0.2855624020510681,0.42017669181147665,0.2419342880751239,0.15563599172781942,0.17823536389045772,0.1267506318988819,0.00845624808608637,0.01377157983741233,0.6,0.5,0.6,24,10.531728594697295,13.524999769443111
4,15,0.3043299671677193,0.41925894729590857,0.24091592154910857,0.1718142645801177,0.13675695176639352,0.15918194748700865,0.01052794434673145,0.01595691019321056,0.6,0.5,0.6,25,9.040554245206328,13.84574791988075
4,16,0.2539110596999634,0.38175183031733656,0.21239610518672758,0.13156372474287287,0.19022790084729388,0.11187801913617416,0.0035992397583432096,0.006687886442235421,0.6,0.5,0.6,26,9.377323087091348,12.611095427879308
4,17,0.2687530793815863,0.41300426496086234,0.24789119639100543,0.183641747178021,0.10019757779922213,0.13728788357579427,0.00669002843879603,0.010646029912106721,0.6,0.5,0.6,31,9.16864265468008,11.085879104798794
4,18,0.24234689881452337,0.4092779156441693,0.26271755957454695,0.1907232398407685,0.33386211531473314,0.12406353566071117,0.01283248095743178,0.01534542813565914,0.6,0.5,0.6,32,10.247699416279437,20.43336953043558
4,19,0.24398220927238384,0.4271051466540408,0.2844763344525492,0.21562221734090378,0.11269675268574847,0.12403910648806978,0.01689790689344712,0.02021888304748785,0.6,0.5,0.6,34,11.460509998433798,20.21014549851261
4,20,0.24246300108692304,0.4210771613267251,0.2826336226688224,0.23322716441845354,0.11683698753450694,0.12522960817208173,0.01977462440701267,0.02449884788155632,0.6,0.5,0.6,38,8.868377331506853,17.593807507239507
4,21,0.24622688825030742,0.4798095609474393,0.34703227423021255,0.2687328412450219,0.10619818880053868,0.12603054433283917,0.01956067869545782,0.031105939162752873,0.6,0.5,0.6,41,10.178969866230812,13.97457630359303
4,22,0.23668415436705276,0.4633214640433933,0.3365587863567946,0.2804555868567244,0.13545416949165123,0.11904136273891329,0.02272609030407503,0.03372176108337196,0.6,0.5,0.6,44,9.528307428925189,15.432548952459122
4,23,0.24983934549146236,0.45638400990914885,0.3292184034018555,0.2897157292740243,0.12167057791033789,0.1259971639406866,0.02506584493661341,0.04983258739975649,0.6,0.5,0.6,50,8.975006137367934,12.816086429889255
4,24,0.24756974598357953,0.4890795324586577,0.3670804972643592,0.32251004515602333,0.14506985737941894,0.12599717633621493,0.025065849878208653,0.0498325946286732,0.6,0.5,0.6,51,9.346622239630724,12.009597129026304
4,25,0.24756973208384492,0.4705698663191178,0.34682938136147345,0.31217634432612307,0.11803204682165287,0.1259971639406866,0.02506584493661341,0.0498325873997565,0.6,0.5,0.6,52,9.346622737056247,12.009596534675376
4,26,0.24748988934397476,0.48892756825105,0.3669877469645238,0.33411421593040674,0.11850955514867134,0.1259971639406866,0.02506584493661341,0.04983258739975651,0.6,0.5,0.6,54,9.316957460975384,12.063881921737671
4,27,0.23084319923610433,0.43728185386801366,0.3264399413095485,0.3270606677694956,0.18710206038645166,0.13858140242882477,0.0166544701226187,0.04398770559114906,0.6,0.5,0.6,57,8.436191135289144,17.941085595698507
4,28,0.20679844970573752,0.41668667765180495,0.3183729863875239,0.3501910056960713,0.13139427866484246,0.13721607345436967,0.01383346000056942,0.02869996846066859,0.6,0.5,0.6,64,6.861918766612587,19.400352249328296
4,29,0.20642116349955744,0.4155641853158479,0.317765665865213,0.3573328013067232,0.1108340819304944,0.13756007722920094,0.01382605982944588,0.028696421212934246,0.6,0.5,0.6,66,6.871851026833895,19.40041635642596
4,30,0.20744956300915154,0.4309288452334276,0.3377286324317465,0.3857303628867325,0.15707322241609342,0.12696509205714238,0.02375482410827952,0.03800356536036534,0.6,0.5,0.6,67,6.745288175677468,25.37353795777436
4,31,0.2064879707083038,0.44833985351224304,0.3569740319042324,0.3971810549607744,0.11075064427569435,0.12681913308016526,0.02300196309535387,0.03734383363244525,0.6,0.5,0.6,69,6.729601541032052,25.32085095840704
4,32,0.21674380207885433,0.4573214049886403,0.36681867187944234,0.40683687294730214,0.13517014787503223,0.14107187936019758,0.0279380947772764,0.03764114489505205,0.6,0.5,0.6,70,6.9852173542287375,19.51279016247289
4,33,0.18936885759755515,0.38554225339926695,0.3100225408348556,0.3973369021470705,0.38141858850925703,0.12702883478976942,0.024961930283986182,0.03696800554505058,0.6,0.5,0.6,71,6.228395214319643,25.27178388097703
4,34,0.18887960747993687,0.42119535200296776,0.34970203361434615,0.4118454795136529,0.1138406519505282,0.13924158246369797,0.01962033686549276,0.029255545946649957,0.6,0.5,0.6,74,6.761093386129471,19.73189336163699
4,35,0.1899012953010097,0.3999577786660967,0.3290304878993117,0.4110130449936151,0.13277401790352075,0.12087756267936642,0.02683289746458591,0.04693978109117142,0.6,0.5,0.6,76,8.196606911403302,18.84291761502036
4,36,0.1827323175644202,0.44799374508887435,0.3824889783806511,0.47455007428076235,0.10738825656505058,0.12153574886327932,0.023529034998536168,0.03739368513697102,0.6,0.5,0.6,88,9.945251915306908,16.583231307645658
4,37,0.18209868506602203,0.4652410544248261,0.40186197836755383,0.4875623939599571,0.10995426889630656,0.12105605411323331,0.02352008872133289,0.03742164326999523,0.6,0.5,0.6,90,9.732908978065389,17.256331717090056
4,38,0.17959676897737217,0.45951726471621823,0.39809735439908267,0.49035161536998745,0.13784430415738624,0.12106920347724531,0.022089369597800453,0.03744683709556827,0.6,0.5,0.6,91,7.953189331535773,17.256546852074216
4,39,0.18198115315312385,0.4801388312131544,0.4206253538332391,0.5023631128865007,0.11135792896497354,0.12108784752669506,0.027167347480653758,0.0374223719853249,0.6,0.5,0.6,92,7.594391694512784,17.25553411633148
4,40,0.1965295793349629,0.5488721073588121,0.4953973816722484,0.5665017910680195,0.12545613591533514,0.12731290335820736,0.050662034059202145,0.037110622425260545,0.6,0.5,0.6,101,6.267127047428156,24.97255486811872
4,41,0.19740138136892468,0.5848033953872653,0.5359901027512953,0.6469226928907801,0.12728556955772505,0.1286547395298662,0.03490841338652214,0.052127848409890654,0.6,0.5,0.6,115,7.323266513845198,18.13724820233961
4,42,0.17837303784770944,0.6760279345945175,0.6381442205835013,0.7226817850045084,0.10792844910223959,0.12287493764262931,0.02196805120120364,0.037692732520927356,0.6,0.5,0.6,127,9.212543304961027,16.619990906720687
4,43,0.17854215390763523,0.6572689423779573,0.617894153187897,0.7458707049099365,0.10886046596850492,0.12287485151140126,0.02275595562125264,0.0376927401400459,0.6,0.5,0.6,131,9.2125189380165,16.605669743515865
4,44,0.1918619233706386,0.6700466983531624,0.6309960613929494,0.7847077033763546,0.12305741273796027,0.13662741180476098,0.03368952921067836,0.03751211907394642,0.6,0.5,0.6,134,6.512150530391418,17.771545206832034
4,45,0.1870331183617966,0.6820841706836048,0.6457548627014217,0.7890148095282411,0.12529964898103255,0.13070745325989389,0.03287781392978686,0.037515698957167234,0.6,0.5,0.6,136,7.02776402135274,17.027039801772297
4,46,0.1869888256974933,0.7189261959499486,0.6861590122422166,0.8141981708267528,0.11803886119845247,0.1308276729378056,0.032785161407086025,0.03751591199807943,0.6,0.5,0.6,138,7.015931490225311,17.0953585258244
4,47,0.19895074690331518,0.7492629105647559,0.7183175584282823,0.8480855975152327,0.13008502686396958,0.13103521958802955,0.032060160948386665,0.057968403419325853,0.6,0.5,0.6,140,7.01294595731694,14.163274778776431
4,48,0.18878884742621274,0.7373502876361474,0.7074440850093398,0.8518377818914692,0.12858783879364794,0.13520894010218618,0.03134210899762572,0.03898656652181657,0.6,0.5,0.6,142,7.17564042103413,12.042950519363703
4,49,0.18346099524105144,0.7869249871017194,0.7626134322964446,0.9113542174999478,0.11617860357386535,0.12515694973611557,0.03156453065501172,0.04051343406327423,0.6,0.5,0.6,148,7.857189463273322,11.647956812271095
5,0,0.7240207898043103,0.6978378974926635,0.36805510228289495,0.009544182837241745,0.0,0.0,0.0,0.0,0.6,0.5,0.6,1,18.2253301225,73.04763845583334
5,1,0.6083274153212537,0.6831532284734563,0.3931284718616853,0.09426580911774789,0.40900119578004634,0.14551000302634495,7.079247648903e-05,0.00013321624397259,0.6,0.5,0.6,3,11.580861737827084,52.54547286376339
5,2,0.5196942783878855,0.6291060881578389,0.3636160188493147,0.10350989991778703,0.2948310865746682,0.16045921841432365,7.254752135709e-05,0.00012031810336456,0.6,0.5,0.6,5,8.890776992274462,32.64310541147238
5,3,0.4873364451879437,0.607513145147266,0.3542514986080406,0.11808125078350752,0.20510552283013142,0.17600472519392346,0.00033158331867277,0.0007124820839186699,0.6,0.5,0.6,7,11.153334379487085,25.68839913836037
5,4,0.4226581870925105,0.5530454059898127,0.3226119137052149,0.12274782618910814,0.2950015716406796,0.18264848465947758,0.00043777203340631,0.0009123064498775801,0.6,0.5,0.6,9,6.7337372719852535,15.200024663234103
5,5,0.42124285124732697,0.5703633310901945,0.3426224075731819,0.13027045267691606,0.11945529174330685,0.18428817981375545,0.00058547028090936,0.00123438144432815,0.6,0.5,0.6,11,7.011393901029225,14.38110296413513
5,6,0.4203914502062443,0.569486943772626,0.34185075933278397,0.133950794531777,0.112441700155316,0.1835082460677578,0.00050838024431221,0.00106627672048091,0.6,0.5,0.6,12,6.869475906891966,14.547104450460616
5,7,0.4089265141774519,0.5585056280769766,0.33476536520218103,0.13484090219382908,0.1729883065938423,0.1821274018215351,0.00042352772620961,0.0008915349753558001,0.6,0.5,0.6,13,6.215781908632318,14.947479225529865
5,8,0.4122479157986216,0.5618944491297193,0.33902884660233107,0.14753221563008656,0.12980437568796693,0.19096085211762012,0.00065506663538178,0.00125684492937196,0.6,0.5,0.6,14,6.175036994737452,13.423397255134809
5,9,0.4158149375477741,0.565500466866907,0.3432658954824283,0.16297179801008582,0.13109206499983259,0.1955314795337969,0.00312430078549435,0.0033395707938768102,0.6,0.5,0.6,15,5.828436648089534,11.352721129947389
5,10,0.3999827008175133,0.549674471551806,0.3329396760816854,0.15536668261815614,0.20815900060026873,0.19642150196900937,0.0009699309301946299,0.00140914445014349,0.6,0.5,0.6,16,6.4352194955272335,14.433046734529045
5,11,0.37964457491427767,0.5476448003362036,0.3352203423948979,0.1487656108555518,0.12601574670756413,0.17328412160878653,0.00089203978699382,0.0013748892781972198,0.6,0.5,0.6,18,5.7610349712637134,19.63194667431341
5,12,0.4012801037478501,0.5684331173555593,0.3615110320084978,0.211137636840187,0.2291710442753352,0.11911712181870714,0.13454730144299593,0.00236147279459747,0.6,0.5,0.6,19,8.504037857284478,12.48013303855298
5,13,0.3950361779857226,0.562170246028032,0.3553400297566636,0.20460346590050305,0.13561795081161,0.10950016079962344,0.13443531360574637,0.00202645796925398,0.6,0.5,0.6,20,8.773811361549788,18.34367263462804
5,14,0.3975563347865033,0.5830757229652748,0.37857404289381336,0.22400487540548109,0.1475348191356493,0.11562367086729736,0.13452853672139312,0.00233126800076301,0.6,0.5,0.6,21,8.94583154396618,14.417229137668643
5,15,0.9100424128082247,1.0911001566000325,0.8999520472534108,0.7344482788790617,0.8963764820045279,0.12685656919797078,0.00848447427995716,1.0,0.6,0.5,0.6,22,29.718256792643224,11.402236081955168
5,16,0.7439029893025609,0.9206672618093467,0.737872765179908,0.5895144572314273,0.6665126084148892,0.1279828884606386,0.00622529122564702,0.7524577636636427,0.6,0.5,0.6,23,23.11484681416566,11.818134506544718
5,17,0.31719135473958343,0.49238818477282614,0.31220906078317484,0.1705313201784977,0.15212298762908957,0.13844839807558745,0.00454193631918923,0.04079112966485264,0.6,0.5,0.6,24,13.839082665367611,14.175817432515084
5,18,0.7312377044067104,0.9032674168942527,0.7279253422130492,0.6081252025499514,0.5526805101134606,0.1334423649036198,0.0063419629037723,0.7497999846769604,0.6,0.5,0.6,28,22.42699189575694,11.260672101608774
5,19,0.8686267666790239,1.054891578723369,0.8871288527488443,0.7644020225376447,0.7756539427594878,0.1299436404415726,0.00651497942990587,1.0,0.6,0.5,0.6,29,32.78569378200842,12.911288665863486
5,20,0.8693651346825155,1.054887908219982,0.888077373853742,0.7605484657905183,0.699069740818611,0.13495002452231236,0.00539033736733771,1.0,0.6,0.5,0.6,30,27.399088521378207,12.932904230022194
5,21,0.8611367839347901,1.0445209772183426,0.8803688570052346,0.7689309445542016,0.7231263548120805,0.12698812775772347,0.00786534789378112,1.0,0.6,0.5,0.6,31,29.51973067787271,13.043443557069963
5,22,0.7125534297178318,0.912236174827493,0.7524613393293008,0.6307376539065745,0.5787676546979604,0.13041817594813593,0.006626455693025531,0.7575606032636161,0.6,0.5,0.6,32,32.18939914013561,12.968520455414833
5,23,0.5939776599628774,0.7700838103950319,0.6142317055045903,0.5206496851903663,0.5186195285913326,0.1191559532385356,0.00933742344016945,0.5847374142803106,0.6,0.5,0.6,33,18.509355288048425,12.60916367758134
5,24,0.5528362414787094,0.7466248437477554,0.5934007031268284,0.49047102010148314,0.39449502569600714,0.13499370572171335,0.00911199541741922,0.5029338627195186,0.6,0.5,0.6,35,17.757754350388304,9.99359204198401
5,25,0.615143906811096,0.8072543252574791,0.6557880570971781,0.5683778592345694,0.4808585293912061,0.1181947544524658,0.009539045858476609,0.6279503748731029,0.6,0.5,0.6,36,18.778053611124232,7.295289028538227
5,26,0.3823861220835637,0.572518961163068,0.4230787212234838,0.331856935244063,0.25569880190907796,0.131876850123408,0.0089397571711206,0.23221424241984528,0.6,0.5,0.6,37,16.414354770311732,10.35048689901062
5,27,0.38805174339565296,0.5775594167336602,0.4287492483567723,0.3416171781515579,0.2397751736876295,0.1322360137360903,0.00900426456289452,0.24289886425235946,0.6,0.5,0.6,38,16.427054079836076,9.945079549387469
5,28,0.2448434032334591,0.4326251607685356,0.28553021842351484,0.2174089685938082,0.10292936860462146,0.13230345555017822,0.00835455062507648,0.00915765199088148,0.6,0.5,0.6,40,13.307074649776244,9.944672337873898
5,29,0.31412433492120356,0.5275724798788493,0.39449505593936063,0.31089160889994294,0.21665108431605812,0.12313801209428771,0.009821309770286241,0.15873845133876172,0.6,0.5,0.6,44,17.177003064419214,11.085559990336307
5,30,0.316613062108984,0.5267497455053747,0.3965397340832527,0.32031466198176395,0.20374760055595284,0.12067937725951383,0.01002546082471803,0.1719291791455542,0.6,0.5,0.6,46,17.2622510803528,9.60861845360244
5,31,0.9553157988337364,1.2206225234195904,1.0959435993572513,1.0566951957171986,0.8200398176916283,0.3267022085581333,0.047375579561729345,1.0,0.6,0.5,0.6,61,18.23091051269367,24.61245939800716
5,32,0.45141504398134,0.6704504290736384,0.5499185276893097,0.5454496500034726,0.346723253048976,0.17498960984022432,0.07986314228255055,0.30204410013201616,0.6,0.5,0.6,67,30.391018300107504,9.248886873238192
5,33,0.47962677171847884,0.7166495233279144,0.5982756573833925,0.5775096943078253,0.3616482737377914,0.175682275666667,0.08022598780501787,0.34898076841610753,0.6,0.5,0.6,68,30.137812477365756,8.52474349235697
5,34,0.8816607292884266,1.1370691368257912,1.020535306906507,1.0006515357673673,0.7576053692070802,0.17424442066560608,0.10505466484207544,1.0,0.6,0.5,0.6,71,38.92711422963204,9.1903980994057
5,35,1.0783504576736762,1.4355876775018792,1.3366424446156886,1.2622014340707932,0.9859705925425449,0.11781031656573929,0.5843684748436015,1.0,0.6,0.5,0.6,76,8.314577801278926,15.274367689436238
5,36,0.7688960519731938,1.1409745250541081,1.0465075623446718,0.9720888499286903,0.6791066068968639,0.1152624669151702,0.12770168434940077,0.8729461542198333,0.6,0.5,0.6,78,4.755693122558124,10.29537735710988
5,37,0.7787006394982321,1.1478774167959291,1.0555411084852548,1.0080641214168458,0.6864646329986066,0.1344199017077226,0.12690646657096424,0.8750762779187351,0.6,0.5,0.6,80,6.353126655405197,12.753263935321364
5,38,1.2694399748695648,1.6715649871767826,1.5856456560355134,1.5140021137713986,1.210274003575431,0.10559024406108927,1.0,1.0,0.6,0.5,0.6,81,10.133979759136428,22.29580121633758
5,39,1.2703569408674855,1.6467009944146134,1.5641515713938152,1.519561022143408,1.2114738761043748,0.11687802272730367,1.0,1.0,0.6,0.5,0.6,83,8.362455568525977,17.3148381661476
5,40,0.7604825918614675,1.132092513802613,1.0527881115814017,1.0251129522709275,0.6903870446342939,0.12671373904359629,0.12780659566652006,0.8732009959805088,0.6,0.5,0.6,85,7.196842391770095,16.882389285857695
5,41,0.6268474136881923,1.0152764129121714,0.9388575466457887,0.921427704268432,0.5410391787191792,0.12598106789933103,0.15558134362899081,0.6301420725033375,0.6,0.5,0.6,87,7.015161987226998,14.32619611554815
5,42,0.2514338151687063,0.6736729103596633,0.6028960902652278,0.5561844081960321,0.16515763920407564,0.13020796486937436,0.14945759915270354,0.009221672116724899,0.6,0.5,0.6,92,6.856800498545828,16.768269191673255
5,43,0.260104492050598,0.6794301740372726,0.6106242043059873,0.5748762348561474,0.18560587575303433,0.12961151515755884,0.1682134779256816,0.01221975663390262,0.6,0.5,0.6,94,6.077274952092262,15.157902247799573
5,44,0.256972704508411,0.7057100620478174,0.6452965062981182,0.6178891509305129,0.18414043917139256,0.11851408505027416,0.1975477026985063,0.0019867161565541,0.6,0.5,0.6,100,7.088608459977546,19.392734278987188
5,45,0.25947752084991144,0.7067151131246505,0.6472639377240138,0.6166595196758771,0.179745154108363,0.12113044045469176,0.20050449205429524,0.00270076738579073,0.6,0.5,0.6,103,7.542409998159071,16.985428080548207
5,46,0.25666463581184523,0.7199446219993416,0.6638047973905586,0.6322091831902436,0.185965923918324,0.12045698953182898,0.19961185211124594,0.00203720757403065,0.6,0.5,0.6,105,6.5705598711393,16.539960990902845
5,47,0.25843356351481056,0.6616077204557536,0.603129657290482,0.5489627824268071,0.22460980133005115,0.12350358544372635,0.20375548830511878,0.0032117261583896302,0.6,0.5,0.6,106,7.158044178336892,16.78015938086109
5,48,0.2852668475837234,0.8888082446399662,0.8515049606147355,0.901582096200012,0.20773767798306403,0.11455204861168654,0.2744335002340262,0.00122781866987295,0.6,0.5,0.6,137,6.823882028474921,11.761690187419312
6,0,0.975088445533911,0.7919169539794262,0.4255017820185074,0.015723789591245083,0.0,0.0,0.0,0.0,0.6,0.5,0.6,1,5.850135536163998,75.07754686949734
6,1,0.745907001016067,0.7466823727753678,0.4253949874690607,0.08278051467672519,0.43567595204704024,0.11761315420171702,6.77605015674e-05,0.00010085680438130998,0.6,0.5,0.6,3,3.999931045647827,55.32995261487063
6,2,0.5089090629743975,0.6364104562606584,0.3722620726345952,0.09270226085587326,0.5322313675012779,0.13906424339775694,0.00051219323872882,0.00076236409248719,0.6,0.5,0.6,5,5.532889015812971,30.806034264793315
6,3,0.4832525799201166,0.6003861686069417,0.3431769787804954,0.09803116478521272,0.1591450373738775,0.14783330980441148,0.00016389262289197,0.00024891451904311,0.6,0.5,0.6,7,6.770942547451845,24.320457367637857
6,4,0.468398656801618,0.6078181470507545,0.3573346161284873,0.10672030421487685,0.13096735627941605,0.15053368347622553,0.00023630456920955997,0.00035889131038714997,0.6,0.5,0.6,9,9.074766780088158,19.204696218138974
6,5,0.4488778649325912,0.5943660567335828,0.35467928860299175,0.12559347061798293,0.19225844447969642,0.1734454665603626,0.0005284307853411901,0.00099716078388808,0.6,0.5,0.6,11,3.0242720372250216,4.89543557907177
6,6,0.4364860554082294,0.5824419606958577,0.3438562936306146,0.11868145006325036,0.11366953621104586,0.1584161013511773,0.0005163624646976,0.0008762214884737299,0.6,0.5,0.6,12,6.708000503856885,6.747612391984988
6,7,0.46185453568413276,0.6279739291677946,0.39374821736288673,0.16843687130594978,0.17561980333092012,0.1683219069869395,0.01805403660370345,0.03260083894479627,0.6,0.5,0.6,13,4.868790779915328,227.0127941862308
6,8,0.43661236942159276,0.6034753466181331,0.3728790377178538,0.1573990126541304,0.17107427135427947,0.17111607210005927,0.0052133676391402,0.015210884536188022,0.6,0.5,0.6,14,4.8581995115286825,312.390106073331
6,9,0.4406589595552294,0.6266569353509295,0.40189282773950297,0.17476733362768337,0.19409464971894672,0.1683219069869395,0.01805403660370345,0.03260083894479627,0.6,0.5,0.6,15,6.088477962259156,232.74628111559
6,10,0.4434002325120853,0.6301859938079458,0.4142566608946287,0.1974130069358834,0.203446065973543,0.25137209907399893,0.0059074958862761606,0.0033702042047985097,0.6,0.5,0.6,18,6.512836656665755,41.87482862132358
6,11,0.387458223355191,0.5924334688763254,0.3839077905498145,0.1626497362445633,0.15986548681654203,0.18453643952121065,0.0044622143619503,0.00187594220771653,0.6,0.5,0.6,20,7.411482637028627,36.349635698564136
6,12,0.3711551809052332,0.5933205485507294,0.39391420256410065,0.1730299974345579,0.17507921148846123,0.1865290154938929,0.003931140610692959,0.00253425260498642,0.6,0.5,0.6,22,7.386203517080981,35.21629737518426
6,13,0.37085407186265723,0.6114811273391416,0.4140087185129957,0.1793790569624933,0.11710463946630488,0.18664693613859,0.00403041091134856,0.00257558658243119,0.6,0.5,0.6,24,7.78674427707481,35.8506030700031
6,14,0.4066520533249904,0.5904639113540694,0.3922212880052168,0.22828719073947995,0.23356408609994644,0.2568958981151848,0.0083179265471059,0.0053390272320242,0.6,0.5,0.6,25,5.472385039970288,42.85896908498941
6,15,0.38823710214784324,0.5708168788701588,0.37601944060914855,0.21992683507417504,0.20642598203263693,0.23903040532585104,0.007917770946104439,0.0055393243719881104,0.6,0.5,0.6,26,6.262325813739819,43.62564834788116
6,16,0.3628911050667376,0.5778296855620513,0.39646897317802066,0.22528061087936588,0.3072765881251267,0.2121825135653769,0.01480925108689396,0.01923855288257038,0.6,0.5,0.6,27,6.771603907417402,37.35837246096921
6,17,0.3649780396589693,0.5786316380989383,0.3995438288964495,0.2411614885240184,0.16515209804442,0.22395776745808443,0.01433246776025188,0.01892591058312533,0.6,0.5,0.6,30,5.112070033450165,43.78432120060695
6,18,0.3603348719074914,0.5717729457177346,0.3963150190852745,0.24622141664059252,0.21408071035326184,0.2278399219776463,0.014507387719691931,0.019004048598512728,0.6,0.5,0.6,31,5.456201431451386,40.68049575303115
6,19,0.360756449349513,0.5906560058588017,0.4170152256709524,0.2561292106186872,0.15654046524369172,0.22876829506800306,0.014524230734327079,0.01900784539631931,0.6,0.5,0.6,33,5.57866846944485,40.16912364538489
6,20,0.34425772126916976,0.5679911667651947,0.40312710467724844,0.2547967632911412,0.2977692049944111,0.2262604566445008,0.01650753917805602,0.01965509289681176,0.6,0.5,0.6,34,6.695502751671467,38.91149537049365
6,21,0.34144068562572416,0.5821413410324079,0.4209998526419627,0.2647962608611227,0.1725558407399884,0.2239575430523035,0.0182726709826267,0.021701138999375362,0.6,0.5,0.6,36,6.956546386405838,38.58299672295225
6,22,0.37211327842448605,0.6111149675992888,0.45215823898583357,0.30561748041219433,0.22706935261372072,0.23421263215392232,0.0340919708844792,0.05590409626491646,0.6,0.5,0.6,37,21.2425364925178,58.397907592356944
6,23,0.37814463653595176,0.6117285839617206,0.4596940620796813,0.33276870121961816,0.2683950983742253,0.27311551696281583,0.03606672949848203,0.04600757438340516,0.6,0.5,0.6,39,4.261724330621054,40.52797586320116
6,24,0.36827791355026634,0.5975102362153799,0.4500339110325025,0.33285647384938266,0.2803456471087921,0.2651856489463818,0.03551858443745401,0.05020734943147772,0.6,0.5,0.6,40,4.366113670679653,41.06600828220684
6,25,0.3623096972804197,0.6036252449954591,0.4636948231821678,0.3545364906677104,0.2973959210096075,0.2731155169628159,0.03606672949848204,0.04600757438340516,0.6,0.5,0.6,41,5.270696257627256,40.94068452432809
6,26,0.28591330658303876,0.5146062517669663,0.3861042165774931,0.3244635575363551,0.1762619030140308,0.21179721235255278,0.028585117873689392,0.01411281606334811,0.6,0.5,0.6,48,7.836395892166689,33.96566820863901
6,27,0.2847111854738105,0.549399545096695,0.4252473083093871,0.3209437936200627,0.15448593007794942,0.2117972123525529,0.028585117873689496,0.01411281606334798,0.6,0.5,0.6,51,8.12337130592517,34.00967901814008
6,28,0.28434060804568645,0.5487132283531858,0.42482821593936054,0.34555376513062436,0.15415360660750213,0.21179721235255275,0.0285851178736894,0.01411281606334805,0.6,0.5,0.6,52,8.560408902704836,34.092145817571286
6,29,0.2796911801377233,0.5577108361303905,0.43961196353399706,0.3720529773934183,0.21614530454980949,0.20484151682186674,0.01736867998765198,0.03187468798544959,0.6,0.5,0.6,53,7.73226427868249,42.49279020304325
6,30,0.2783561619970675,0.5507969712501236,0.43723190976532217,0.39107662409251404,0.22969974371972401,0.22037258576817298,0.0198606856711852,0.02215017504856081,0.6,0.5,0.6,54,5.010760746086782,34.33604947656927
6,31,0.26754221839410486,0.5497197319677554,0.44457565747813793,0.39884472619222605,0.20658271166653028,0.21629768984538866,0.021123405371485347,0.02111839748429508,0.6,0.5,0.6,56,5.572536941887712,34.0574946101713
6,32,0.2517312662466544,0.508612457356265,0.40672381464096624,0.380642929203852,0.18366534832005096,0.20327127017122437,0.01633750868174889,0.02185868214441822,0.6,0.5,0.6,58,6.226369440818816,39.88008322053392
6,33,0.24775103455554706,0.5033756158235474,0.40245377049529996,0.39654403424389234,0.15727608470426077,0.20108446992192194,0.01688477414865865,0.01899961792497836,0.6,0.5,0.6,59,5.331931836006713,33.91533514021293
6,34,0.2384455325887999,0.5051692182162976,0.41117295618543187,0.3962905342190613,0.21980461834313975,0.19821767326211073,0.02062372634662208,0.0130796814064395,0.6,0.5,0.6,60,6.2853186667982985,34.25312815439984
6,35,0.24854655199769385,0.5106337740306081,0.4198413539344946,0.4210619386139368,0.2027532351999631,0.21501373439218777,0.022580483026308378,0.01747444339705771,0.6,0.5,0.6,61,7.509186317648222,33.92217665156021
6,36,0.24773172542179273,0.5272258343492111,0.4389216417141975,0.40932244902087417,0.15477396629750514,0.21501373440611274,0.02258048302211754,0.01747444338776128,0.6,0.5,0.6,64,8.27844334171712,34.58149873674832
6,37,0.2470056291171183,0.5255171033622854,0.4378782056947567,0.4092055613553081,0.156146125280939,0.21501373440611266,0.02258048302211756,0.01747444338776128,0.6,0.5,0.6,66,7.817695629401092,34.18434108961271
6,38,0.26049320103478546,0.6099824217903541,0.531374907633009,0.5073512765233017,0.16890639546362787,0.17975091760324358,0.049715503555664994,0.05634268836994917,0.6,0.5,0.6,80,50.64063172802709,43.11683871460559
6,39,0.26077137579465093,0.6100896895304913,0.5315963553123295,0.4996299472599881,0.1687578461377006,0.1793589284043162,0.05047848279960212,0.05676660647454831,0.6,0.5,0.6,81,57.06195094106352,43.1135108317307
6,40,0.25929917962490395,0.6256149802330139,0.5498692233536688,0.507154475277724,0.18271873526472907,0.17975091760324358,0.04971550355566489,0.05634268836994917,0.6,0.5,0.6,82,51.31362354674415,43.24550721750935
6,41,0.26362776923994524,0.6171817375504622,0.5497693567500618,0.5553726023945755,0.24718386722879349,0.17480228845559187,0.08062277960207812,0.05714972670793963,0.6,0.5,0.6,84,6.652501373662605,45.17136856399018
6,42,0.39550235526946714,0.7638884852998562,0.7005347691663797,0.7097428595047426,0.32291667134074403,0.1773147413439283,0.3497320832909653,0.05395928312947185,0.6,0.5,0.6,88,11.555858855368296,43.47546998510099
6,43,0.4182391005645356,0.7830278083762885,0.7219217349620919,0.7384023844631027,0.37468176523372054,0.17029535180319547,0.34700097347689207,0.1047741425629793,0.6,0.5,0.6,89,7.840076149996166,42.800844129225794
6,44,0.41532059104420277,0.7605819398129328,0.6983680160151677,0.7235812888768132,0.3464824782359961,0.16987259534106838,0.3476012943487666,0.10084882211755604,0.6,0.5,0.6,90,7.329627917387386,45.08239947190481
6,45,0.41742198009850684,0.7993483781717003,0.7408361602672688,0.7632734686497906,0.3420396909789035,0.17029535180319547,0.34700097347689207,0.10477414256297932,0.6,0.5,0.6,91,7.88248831715819,42.91998941333611
6,46,0.24418921164975435,0.7555934644367506,0.709327490397232,0.7358430790804464,0.1653900934867919,0.16860866734538738,0.06471783247971952,0.05306452264986004,0.6,0.5,0.6,124,3.486830585510305,39.15851827238313
6,47,0.24478599095085013,0.7740566039804321,0.7299313923133488,0.7458719349940794,0.17280011291229108,0.16900092966767455,0.06595424399492064,0.05327312780117469,0.6,0.5,0.6,125,3.508265493420383,39.19687933629729
6,48,0.2434650078605696,0.7726516284873371,0.7285784194055045,0.7489486847705711,0.1659113983908386,0.16698985069173597,0.06796304895547389,0.05149134732826037,0.6,0.5,0.6,126,3.45481460146844,38.680698130653376
6,49,0.24344429188737024,0.7911055701025412,0.748795557401331,0.762421897687207,0.1652456943828984,0.16698985069173597,0.06796304895547389,0.05149134732826037,0.6,0.5,0.6,128,3.437202635890383,38.68522052495824
6,50,0.26232498358709655,0.7720427710682485,0.7268218453618187,0.6638123594870908,0.19375267106142835,0.16445212911191476,0.10519793513866815,0.055376215368319784,0.6,0.5,0.6,129,3.547030306355623,39.17122807873711
6,51,0.590195448410023,1.11793931146371,1.0747585719739718,1.1138055614419429,0.5174824056630571,0.1710140213596607,0.7568570903171988,0.0526884475177001,0.6,0.5,0.6,130,3.609738777574663,38.79074450463452
6,52,0.5902306822148706,1.1363957615720277,1.0950110852075745,1.1231036263249468,0.5136207369702153,0.1711400368799701,0.7568431109444084,0.05271912668991583,0.6,0.5,0.6,131,3.6119226682437215,38.75600573369564
6,53,0.5902306823428829,1.1363957617090754,1.0950110853446222,1.1274937057893217,0.5127371832179266,0.17114003727845323,0.756843110644202,0.052719126770017374,0.6,0.5,0.6,132,3.611922667249429,38.75600609116717
6,54,0.583396165823509,1.128678395021102,1.0878379470877093,1.1254718292637262,0.515217659848974,0.17084410856331197,0.7448165930630058,0.05250413959726145,0.6,0.5,0.6,133,3.5900357280271686,38.74672981595679
6,55,0.5896959183644647,1.1718763421453167,1.1345934320373443,1.2118111488121734,0.5128737186231086,0.1754249557161327,0.7597717354977686,0.046077681730917794,0.6,0.5,0.6,147,4.235940152757086,43.50188083498665
6,56,0.5406417312963946,1.1399889457659764,1.1052725987706622,1.1678150212698024,0.4778566618240938,0.16821624701554397,0.6647286029993433,0.05202494472055612,0.6,0.5,0.6,148,5.394776443499391,39.5854280351389
6,57,0.5878954115088647,1.184922162721979,1.1516242103688104,1.2258485146233935,0.5360281130565906,0.173950112265947,0.7613172259772665,0.046760898949618004,0.6,0.5,0.6,149,4.341074754526948,38.307001303532765
6,58,0.3033669883880512,1.046610647875866,1.0283759619147974,1.0877760832834753,0.2304728896519796,0.17735722271320262,0.17817227924087675,0.056834765247783435,0.6,0.5,0.6,170,3.874738742854673,36.96801562635223
6,59,0.258216739646096,1.0751674924367598,1.0640994755303945,1.155646263165413,0.1847703972270759,0.17686766369355628,0.09418869165752955,0.052367016998295726,0.6,0.5,0.6,194,3.924906213853143,40.39856993697328
6,60,0.2755305118636455,1.2025163078369607,1.2025163078369607,1.1911059222742175,0.2075281411072657,0.1769727107655804,0.1200002081415948,0.060554295511358436,0.6,0.5,0.6,196,3.5850618555513494,36.8199085641664
7,0,0.6853609497286501,0.6806640213345649,0.3575684685660661,0.008416112357754125,0.0,0.0,0.0,0.0,0.6,0.5,0.6,1,21.297518305936,80.50043683926934
7,1,0.5688880268303353,0.6603000846787883,0.3804451521531996,0.09581530122023221,0.44043611722979087,0.1509288223674192,6.942319749216e-05,0.00015723991313778,0.6,0.5,0.6,3,14.678243715918647,58.74968442184214
7,2,0.48965315858984115,0.6277615591659941,0.3754489467485433,0.11245478778511957,0.3145905665511681,0.17547993425961622,0.00032904906652328,0.00074527893423567,0.6,0.5,0.6,5,9.809835077502733,40.382996407025615
7,3,0.4266983121142314,0.5563271781858595,0.3225371805199942,0.12202627699098309,0.21428520035355747,0.1739694794454394,0.00033903920318252,0.00077621804010159,0.6,0.5,0.6,8,6.979980632764435,16.628987161412393
7,4,0.4258779337782575,0.5741340438098043,0.34254266750993406,0.12910064520372702,0.10918618568139539,0.17463877593767557,0.000376171556703,0.0008614704208573101,0.6,0.5,0.6,10,6.506216078647876,15.403491051520872
7,5,0.4234306735177956,0.5724409696215425,0.34437219664655994,0.1536061407978414,0.1270882273580582,0.1834091845558406,0.00063446485863995,0.00413204817469306,0.6,0.5,0.6,14,6.497626327291764,14.025085547712846
7,6,0.41443479968111896,0.5453871575926967,0.31871109183040414,0.15181722395688665,0.1630596693935753,0.1554362262061977,0.0063245327987854,0.02653867285851768,0.6,0.5,0.6,15,8.612669629613462,42.02842660081646
7,7,0.38882438481467024,0.5385195084656887,0.321723918624746,0.15427228598205697,0.17370287351074004,0.14957568001947336,0.0058258705670090295,0.025356434083386708,0.6,0.5,0.6,17,9.310940048638718,36.7920028961269
7,8,0.4064221111940711,0.5745357046061098,0.3608608974450168,0.18665420969728355,0.14007306002711664,0.18527354848852645,0.00560502967948327,0.02492376838229074,0.6,0.5,0.6,19,10.134922940699871,36.39526227229376
7,9,0.3763575326055936,0.5810766280047698,0.3745368153756843,0.18335411051675213,0.12259042294030632,0.17458111957475508,0.00084873146556719,0.00441407194868159,0.6,0.5,0.6,23,5.334007199604897,15.124714498290558
7,10,0.3733585033961016,0.577882673610583,0.37257071582995044,0.18639948336601989,0.12764681469070244,0.17494310117190093,0.0007977527595294401,0.00402695756089067,0.6,0.5,0.6,24,5.700447212816634,19.576569785466912
7,11,0.3729788212511142,0.5773853682285424,0.3727391006246872,0.1907917992281721,0.11976069968649218,0.1785610860208642,0.00087310490648383,0.00236663410530966,0.6,0.5,0.6,25,5.479228437122802,16.049978932991852
7,12,0.364868413675894,0.5687113176976033,0.3668175628620646,0.18872802549385798,0.15197495803149774,0.17431620781213003,0.0012375763899417302,0.0036328059565011103,0.6,0.5,0.6,26,5.701975865470038,15.877158086940344
7,13,0.3793598863596431,0.5821933668738704,0.3840566717943625,0.21780295436039082,0.19123501903718537,0.1969580288295401,0.004474849262554001,0.016844710499174402,0.6,0.5,0.6,27,8.84058987553124,22.077637060645458
7,14,0.3801756502054541,0.5434477230524778,0.34918312106806776,0.2335781879792467,0.20764509442063797,0.1257954445326803,0.02362383102232371,0.10065512127321168,0.6,0.5,0.6,29,9.907225845050013,33.32815067566629
7,15,0.3279177917904469,0.5253311907992588,0.3403847908544006,0.232026741906534,0.13868596041020795,0.1576460827059057,0.0047324191436545395,0.01763045288455176,0.6,0.5,0.6,32,8.012844168047868,37.5578659918078
7,16,0.29249169081719084,0.5053261161585356,0.3276187969327039,0.2097232408428274,0.12759936477498657,0.13285490959639512,0.00230243351771898,0.00378693536577972,0.6,0.5,0.6,34,6.970049394538907,44.718994236278526
7,17,0.2902104119854031,0.5028237799261167,0.325484162302481,0.21155135434766661,0.08754434335585867,0.12922630451574563,0.00265209402251699,0.00452770000211263,0.6,0.5,0.6,35,6.325566907345905,44.43870612499936
7,18,0.2898429954875031,0.5207783349417368,0.3454853528817473,0.22550522265842718,0.08426927923811336,0.12987662597820676,0.0025985722919523,0.004302373722169879,0.6,0.5,0.6,37,6.499548552602202,44.43561135551456
7,19,0.29139425725478346,0.5033662708003929,0.32706264163561694,0.2249101077807855,0.0906895002205347,0.13321260782788877,0.0031322444649220897,0.00547965029821616,0.6,0.5,0.6,39,8.521565269637547,50.59462566654096
7,20,0.28656630349045753,0.49778343523630175,0.322670744028308,0.23572249705947868,0.10152206561388391,0.13145064492478659,0.0023140327812405303,0.00371620907950067,0.6,0.5,0.6,40,7.466913749898263,44.33609526872565
7,21,0.4268398963158568,0.6536607092622365,0.484600337959423,0.37334342743338705,0.2655686205821844,0.17102239812147402,0.07978793676674847,0.1469808471495033,0.6,0.5,0.6,42,9.70741788075246,42.61224803984897
7,22,0.31671672972875375,0.5612259649381597,0.3950609233710732,0.29999293379108316,0.127386770172201,0.15177502419088737,0.02778212853419722,0.02959767670900896,0.6,0.5,0.6,46,12.642673340306372,34.885635919790616
7,23,0.4440134889472976,0.7065644140337991,0.5427991460194885,0.4212820405797355,0.25660433340889244,0.1789959309522445,0.0898006901822279,0.16489348713950144,0.6,0.5,0.6,48,10.129705371800874,43.3058015977422
7,24,0.3174727652052458,0.5943936173889725,0.4377693236219029,0.32862048375693254,0.178158251431285,0.15088819606794512,0.04472075204549934,0.03587873530185025,0.6,0.5,0.6,50,14.154462988415212,34.60736276275608
7,25,0.2808937146929393,0.5362658161405464,0.38158660060165056,0.3050135252915965,0.16415446662558203,0.12388170447321285,0.027598512254643347,0.02690338289733481,0.6,0.5,0.6,51,8.530637832448672,26.46213094213231
7,26,0.2874559699269785,0.5368383364909282,0.3888028984770593,0.3210286702824663,0.22922869563553522,0.14983816679510242,0.0275321727785162,0.030393594694384428,0.6,0.5,0.6,52,9.487865566997248,21.26078602284846
7,27,0.2665145858631716,0.5270993746512186,0.3881993283478276,0.3221031917715482,0.23215175637675178,0.1391420991058875,0.02941067519868083,0.02409146060221418,0.6,0.5,0.6,53,8.720600916704296,23.103893292912755
7,28,0.2857931771862733,0.5631383187668838,0.4277561661571321,0.35505299101056076,0.16455583829737322,0.15254589374877608,0.04327008110894729,0.035957030237115925,0.6,0.5,0.6,54,8.479999978708612,21.59475473780193
7,29,0.2842048457969627,0.5553687601297623,0.42557181725990967,0.3680576987546404,0.18582410910839953,0.16173912066263088,0.04419091317504422,0.036954114134268176,0.6,0.5,0.6,56,10.424562869709444,20.817177985349915
7,30,0.29497535680842973,0.544885486184489,0.4157761034156146,0.37375889461319006,0.19487244686625324,0.20169681541954276,0.027130193588328987,0.03498788071297344,0.6,0.5,0.6,57,10.719342648361735,18.270188708261827
7,31,0.2802771479131655,0.5291373100143288,0.4009424397370882,0.36736447678399886,0.14957246531519358,0.17956664994665192,0.02857026992606787,0.033585569639347765,0.6,0.5,0.6,59,9.597249165417145,19.08895246839629
7,32,0.2844195314896204,0.5327234508518118,0.4050098836482279,0.37568538717225575,0.1547847370186509,0.18642376153919057,0.02758303029086756,0.03558818618111561,0.6,0.5,0.6,60,10.086472391085044,18.70576053619652
7,33,0.25344575000542513,0.49959781366683265,0.3740445360718548,0.3885874737534665,0.12470366313381412,0.12623893496783412,0.04291022057080039,0.03703764128573711,0.6,0.5,0.6,67,8.52054809741787,19.029320055226243
7,34,0.23813594482105427,0.4897185511904019,0.3762233403863558,0.3970639993072855,0.19893528479134054,0.12353800594351948,0.042874312579934196,0.03661162279429926,0.6,0.5,0.6,69,9.105982914272236,19.056158441733466
7,35,0.28962002728803427,0.5469084739680198,0.4447313965639848,0.47086747454589223,0.2567787250518286,0.1838664694809858,0.06531815684880078,0.06303837693929175,0.6,0.5,0.6,71,12.594153534203722,19.291304565543527
7,36,0.25803724604023937,0.5152553023257518,0.4131224095231184,0.4543425398071219,0.1497386059614166,0.12279978210260017,0.0700464236387735,0.06759866960655019,0.6,0.5,0.6,74,10.986208814984115,22.626581918272556
7,37,0.278181630320571,0.5375212091267685,0.4485889732996071,0.4979760987735363,0.36768410043700506,0.18674987637061857,0.06542027593238162,0.06281317564307462,0.6,0.5,0.6,75,9.46493392389882,13.196070735420768
7,38,0.2629492548478742,0.5188365408966842,0.43222487850384705,0.4837594592227503,0.21200662015650296,0.2105904533567381,0.04210271053727943,0.03719555322535497,0.6,0.5,0.6,78,8.455751193344822,18.63180300136434
7,39,0.2618841110262446,0.53618562905676,0.4513790050826232,0.5029173915639105,0.17012782765368056,0.2098584375574871,0.042160562367720464,0.03621692984200771,0.6,0.5,0.6,80,8.572083138855207,18.394206423656573
7,40,0.26437319585275215,0.5566722257150204,0.4739493799944515,0.5260874166485704,0.1734882870928207,0.21178803255417153,0.041976013953131816,0.03920069331454354,0.6,0.5,0.6,83,8.246814399265908,18.71133562116884
7,41,0.261472218102113,0.5898043558193471,0.5112199391303673,0.5532133306898743,0.17160993065289926,0.21055474339345498,0.04216188951317676,0.036606453840767425,0.6,0.5,0.6,88,8.550491086436343,17.805785316375655
7,42,0.26025075205679926,0.6066856335594057,0.5301116128124476,0.5690219909488826,0.17005858858661368,0.21037077504559823,0.04229809534118364,0.0351136471572243,0.6,0.5,0.6,90,8.745141023521523,17.663135582647758
7,43,0.2714651586239082,0.5604337556920584,0.47991140451850073,0.5737616166519194,0.1841785810915174,0.22108959891914895,0.03571206246362182,0.050807388514988026,0.6,0.5,0.6,93,7.657178345239027,16.73109335425954
7,44,0.23944009905354027,0.5278124177825109,0.4612167847291275,0.5651056591369203,0.39836782126787873,0.19480503723781314,0.04570955904263485,0.0356993995033221,0.6,0.5,0.6,94,9.241903144006844,19.56873156416888
7,45,0.205525283561498,0.473464763312498,0.41919220216712977,0.534816819324047,0.13906976678269345,0.16870689957470886,0.037386879757904515,0.03090015703390442,0.6,0.5,0.6,96,7.739930762783802,10.118266498039588
7,46,0.2397947944966054,0.5658365182144682,0.5023216781682747,0.5862855684483322,0.16567463178381156,0.1947610973364322,0.04570854235669177,0.03569717179735528,0.6,0.5,0.6,98,8.683232019712188,19.52882474217913
7,47,0.23018812785814127,0.5050624105370964,0.4466784661433968,0.5758678831465259,0.15989741785752207,0.19965596157049592,0.03579699117141341,0.03634070130168287,0.6,0.5,0.6,100,9.146102674610892,8.648108702176861
7,48,0.2515538973217467,0.5741762784302819,0.5127778538950647,0.6210143346976028,0.18533307893226103,0.21280279400260804,0.04668850539481926,0.03979718516161474,0.6,0.5,0.6,102,7.907292627770542,15.988300960615083
7,49,0.23642385645872485,0.5855833352814591,0.534018693780828,0.6496299434892282,0.18963831457581828,0.20545558418261656,0.04072993754237788,0.03660608744308771,0.6,0.5,0.6,105,7.839241897982935,20.01900007673527
7,50,0.24762987608019144,0.572613207782556,0.5226728510604112,0.6700210001473315,0.20579572712308458,0.2110763490535901,0.04509943879858409,0.05098337973771179,0.6,0.5,0.6,106,8.161434340313141,20.806417937868492
7,51,0.24908109322856137,0.5541442626913121,0.5157035581394589,0.7215244411827032,0.201817757342717,0.21755720375923396,0.041507334087173046,0.06593641420406494,0.6,0.5,0.6,120,8.610248437371272,11.195192868411732
7,52,0.24949415984409773,0.5739808642315566,0.5367649841622809,0.7440544411557222,0.1918762667771507,0.21755720375923396,0.04150733408717306,0.06593641420406494,0.6,0.5,0.6,122,8.361562441383416,11.16395834782545
7,53,0.2587521633663263,0.6313837693981562,0.6035442644300603,0.7969967861197387,0.20900702625200202,0.23781287040965937,0.044102672528326795,0.06441295837357297,0.6,0.5,0.6,128,7.92004388612272,12.541117214177204
7,54,0.25885392416380615,0.6129406102443963,0.5833793699459726,0.7949395105287316,0.20383186782399346,0.23788446780761555,0.04409879629444638,0.06453978982294556,0.6,0.5,0.6,129,7.912285195519331,12.509878646177413
7,55,0.2652047559329813,0.8721000376650595,0.8582951634552528,1.1215480497941033,0.2045635167015094,0.23606754400354488,0.06869789760211897,0.04728554304239667,0.6,0.5,0.6,182,8.1765021250956,16.935510290901473
7,56,0.264929479102301,0.8903345114906878,0.8782711718744547,1.1480444019940417,0.2040856726446602,0.23606755580344768,0.06814719128260001,0.04728558769895348,0.6,0.5,0.6,187,8.176502169076377,16.936000212830812
7,57,0.24955651467934986,0.8554279373922433,0.8422078494707883,1.137300017225368,0.19913583558048478,0.2148347983932451,0.07035821029120078,0.04185058698319999,0.6,0.5,0.6,188,8.265940384080922,17.312428437068412
7,58,0.2624569459636632,0.9019693892801061,0.894153673661439,1.1726781112223577,0.236883933899425,0.2354188532046604,0.0690989425727169,0.04641008389120632,0.6,0.5,0.6,189,8.192031220334346,16.91942227877154
8,0,0.9307532021516927,0.7771193436326506,0.41646603523642295,0.014751640304616077,0.0,0.0,0.0,0.0,0.6,0.5,0.6,1,8.847191870224997,72.18961903689167
8,1,0.7500141654275568,0.7634346174711314,0.44651531234848396,0.11001408357032587,0.45237216188309626,0.16418353037259006,7.059034482758e-05,0.00014501282020574,0.6,0.5,0.6,3,5.776172613505169,51.69887511444086
8,2,0.5659799033480408,0.6862724688422603,0.41581783803091266,0.12743989045450257,0.47959923863433696,0.19472802728224053,0.0005665532376882999,0.00116386289080382,0.6,0.5,0.6,5,4.925507939097502,26.74029181199421
8,3,0.9893538697452803,1.1000634442186477,0.8358356629941934,0.5856304895580543,0.6349951415622787,0.09906620900646176,0.0022308851705518202,0.8500466187087501,0.6,0.5,0.6,7,4.493949362377395,81.45321796724829
8,4,0.4668801273536333,0.5898457271491956,0.34075927818720025,0.11261056992855695,0.34419185416288817,0.16155741118338726,0.0012961804386926999,0.00278157050429995,0.6,0.5,0.6,8,4.435817963735976,89.00617646391981
8,5,0.9098448366620402,1.037799378931909,0.7987753620365364,0.5885736913890867,0.7358237132703106,0.10291419578785854,0.00239281006353349,0.8501704889704891,0.6,0.5,0.6,9,4.604420789176709,90.76193766707752
8,6,0.5571566175255832,0.6859764788733033,0.4493833346154721,0.2449566519254453,0.2668577981561259,0.11268711903496324,0.00119458471036382,0.265429487506794,0.6,0.5,0.6,10,4.405882504835377,17.3874406706133
8,7,0.8266551319268132,0.9752050340148578,0.7448298278157204,0.5435700193982334,0.5820517345265976,0.10953596134749563,0.00139748589701232,0.7387705855194528,0.6,0.5,0.6,11,4.319299493485706,10.078087071729824
8,8,0.8222359140381965,0.9711867643766604,0.7427796990863685,0.5471883572543548,0.5425473679661045,0.10440400818626328,0.00133975292343249,0.7456778596287563,0.6,0.5,0.6,12,4.414280999850021,10.193017122595707
8,9,1.114471415457348,1.2640812600187357,1.0406114390801453,0.8548490553243668,0.8962086537611212,0.32175806862570816,0.046476848124849666,1.0,0.6,0.5,0.6,13,6.188767972359083,16.284871870063444
8,10,0.9617054340282858,1.111455791653154,0.8908680879377264,0.7120495150884274,0.7176409751376349,0.289353511644583,0.02950948616740161,0.8045045292356345,0.6,0.5,0.6,14,5.052181641799001,11.4395830414828
8,11,0.4051221643867769,0.5365188523674598,0.315420601888821,0.1520188547537333,0.12474199778534838,0.19506417599469214,0.00054163514883552,0.0008237509870483,0.6,0.5,0.6,17,5.614286304741126,28.18565173043149
8,12,0.40127415942491657,0.5326239197002874,0.312305017132389,0.15251850202469766,0.1282732251817728,0.19199580208315056,0.00050718304083024,0.00076554249091979,0.6,0.5,0.6,18,5.487778887172891,24.965225411702903
8,13,0.3955754690369395,0.5451876259512131,0.3296626784802122,0.15912317260988793,0.1665218229125348,0.1950641759946921,0.00054163514883553,0.0008237509870483099,0.6,0.5,0.6,19,4.857486659945105,29.149137843191927
8,14,0.39572374084405226,0.5444567355567325,0.33534830628062823,0.18462210910160282,0.23735359555993357,0.21665955917936047,0.00224959402818487,0.0040515913012855705,0.6,0.5,0.6,20,7.412035786077344,19.527805733851483
8,15,0.34455778864868103,0.5281357635394335,0.330590723435005,0.16763145988905348,0.1271060633133838,0.16537616478871636,0.00119478680681065,0.00190027132596207,0.6,0.5,0.6,25,5.116050508351006,5.360056979898231
8,16,0.3492016803270055,0.5116100977065031,0.31903108666882274,0.18873023216449628,0.2286794264008154,0.19679195026064197,0.00130019523869807,0.0024137353080403703,0.6,0.5,0.6,26,5.24240949462327,15.463213691505135
8,17,0.4036104731248407,0.5987323997430755,0.4179522504003431,0.3056272084193165,0.2589240583615956,0.15812267929887744,0.058357350477598845,0.1126346996892654,0.6,0.5,0.6,28,7.3562151006448415,35.352773643025124
8,18,0.38570596317071537,0.5485269605689549,0.3851205698294503,0.3133279979245457,0.5185095890132861,0.17517401001117852,0.06146260209596912,0.12198908258553456,0.6,0.5,0.6,29,7.633262117380551,27.880883973192383
8,19,0.41967106018798206,0.5627978029120465,0.3989822740246527,0.3169484363825935,0.2664739109867066,0.16162220931109353,0.05595984220267245,0.2004637397826386,0.6,0.5,0.6,30,8.376385600389497,28.58695555984997
8,20,0.38251376979585133,0.5621661642805446,0.40239778841239937,0.32935196744923634,0.2181611655921079,0.17517401001117852,0.06146260209596912,0.12198908258553445,0.6,0.5,0.6,31,8.481014722853741,26.341083744148808
8,21,0.5623386043454216,0.7013730394515973,0.5420941723475372,0.47201103706889813,0.45972446431784086,0.18264902850809497,0.10110890426519263,0.39218976879440126,0.6,0.5,0.6,32,10.108201021705732,33.171160265755155
8,22,0.2321166597743283,0.4022288022823764,0.25256663377616073,0.2475265986524528,0.08497264264569068,0.11954532237560184,0.00252555526700903,0.0034274311971996,0.6,0.5,0.6,42,8.705089296636544,4.7210286149518135
8,23,0.23796332376075052,0.4260698518091727,0.278654680510092,0.26515598863412554,0.08574099275542192,0.13038089155038513,0.00263081033160055,0.00355373404844102,0.6,0.5,0.6,44,8.874690343914228,4.488185294018888
8,24,0.2421273615608896,0.3991190644914927,0.2616258791732593,0.29046611584521376,0.2918698116236587,0.13938201323649252,0.00745601450126686,0.02638623815388521,0.6,0.5,0.6,45,8.97113044460126,12.500250450697848
8,25,0.23411215822461878,0.3910571403661795,0.2536089157217168,0.2858881963905808,0.09602750353577598,0.12635316337655578,0.00738934259875385,0.026226869525145042,0.6,0.5,0.6,46,8.285914891366385,23.041919124892217
8,26,0.26005784462686193,0.44923782714377863,0.319359838633559,0.3223578020239432,0.1929584691836903,0.1554879751287867,0.021457394754398777,0.03813213943804556,0.6,0.5,0.6,47,9.276854525024357,17.394043513802178
8,27,0.8225562912378725,1.0084414670463364,0.8812969119757611,0.8986644634256161,0.7373524537477828,0.21008192823065502,1.0,0.11179194645258683,0.6,0.5,0.6,48,22.58509624070865,19.77016472332641
8,28,0.8225562903250095,1.0084414669876403,0.8812969119170649,0.8986644633639042,0.6931247798689271,0.21008192856231406,1.0,0.11179194602310075,0.6,0.5,0.6,49,22.585095901868662,19.77016491492792
8,29,0.8145846892351813,1.015351557513857,0.892945751364301,0.9057134952010353,0.7386246185931629,0.20390363963935096,1.0,0.11146700144954007,0.6,0.5,0.6,50,25.392010426564223,19.8510134326412
8,30,0.2435925603480681,0.44412158716817773,0.32192641635782226,0.3446452606821615,0.1189062083543939,0.15972554519202828,0.01954501979778872,0.02154263549074316,0.6,0.5,0.6,60,9.174601358608223,7.1351186846006165
8,31,0.2404876769274675,0.433765190087537,0.3172941474627193,0.3562823361220245,0.21660630490103613,0.16585175793623905,0.01922785896936086,0.02292105158182212,0.6,0.5,0.6,61,9.01352611346889,5.0911773987694895
8,32,0.234457461500846,0.41348637766190144,0.3075580822788386,0.363606690955079,0.21562893978988396,0.16968880557847582,0.02041940097972838,0.02941929889018009,0.6,0.5,0.6,63,8.798644784325313,4.761962126523092
8,33,0.2203070969204597,0.41540835911802043,0.31275597929586735,0.37341481533684917,0.13813222037997516,0.1546052213004432,0.0189585532410411,0.02464204419788735,0.6,0.5,0.6,64,8.008299954507422,3.932572926048167
8,34,0.264153209466619,0.5102477396124113,0.4159789997720787,0.4569308339806257,0.1717494052734038,0.1600907688722634,0.02746237089123148,0.09110951459712596,0.6,0.5,0.6,71,7.942317530423265,11.460937322111596
8,35,0.20794200989681047,0.44997664764906514,0.3584933015432205,0.4117594854545725,0.13393330022106867,0.14021841950210262,0.01475707472059597,0.03304007295056111,0.6,0.5,0.6,73,5.021798754245427,5.069400178977641
8,36,0.2201193788476052,0.4588005188909198,0.36957398827771004,0.42980422272637875,0.16234261425330648,0.12444800246020064,0.014502546116030171,0.07338902800629928,0.6,0.5,0.6,74,4.908185168835637,5.303376834539502
8,37,0.207873589813794,0.43632564877191055,0.35384232862670784,0.43114414550606434,0.17546011061147515,0.14846329910391626,0.0164224183734294,0.03917868216029484,0.6,0.5,0.6,76,4.283060656408,6.095968657692304
8,38,0.24616161084012775,0.4547701477122335,0.3713981927314925,0.49915016560329317,0.1614529426683264,0.1757921590494077,0.043720597497385924,0.05434206174696571,0.6,0.5,0.6,85,5.032662105457105,20.60295216763573
8,39,0.22950908079543456,0.4311946821148245,0.35222938937798465,0.49524954879490507,0.2188902275315687,0.16453304769348506,0.04141530110047819,0.047091753098048,0.6,0.5,0.6,86,5.092354445143728,13.682089890668152
8,40,0.23756827078125523,0.43550013893825207,0.3588871573891444,0.5090114481810901,0.19608357743960175,0.16784935254060654,0.04920672241065293,0.05452727946622783,0.6,0.5,0.6,87,4.85173774707118,11.71421312849362
8,41,0.2377074275787275,0.435442089727415,0.3589520235158528,0.5130605502348129,0.16027627648661014,0.1679759664631983,0.04925984362377523,0.05478568413389225,0.6,0.5,0.6,88,4.8519707709275846,14.496308858222449
8,42,0.20138517624089852,0.4161946507510665,0.34233798181443087,0.528148516707844,0.1276532712585107,0.14015773572114815,0.02434353230904737,0.04425671858054318,0.6,0.5,0.6,91,4.816360707200926,9.18393099459838
8,43,0.2357544903525854,0.46637599879488517,0.39592798273120827,0.5507483513142216,0.1722226168048649,0.16892546511288564,0.04901282587769409,0.05485323956741254,0.6,0.5,0.6,93,4.980988172230239,14.275994417601035
8,44,0.18661500207682657,0.39635925764238705,0.32562284561608446,0.5356066245613024,0.13448799119077354,0.12795747478160288,0.02293329952302162,0.03792847104860738,0.6,0.5,0.6,94,4.721625877756391,9.350879491301166
8,45,0.18623147356563963,0.414255688708249,0.34540115474526234,0.5606408363023078,0.11187745711072382,0.12751171326063557,0.02294811848070591,0.0379408465998423,0.6,0.5,0.6,96,4.815767613368001,9.199610205324438
8,46,0.18646788127349168,0.4514829194453274,0.3861287415842472,0.5864525271883816,0.11105531545898999,0.1279574750317189,0.02293329950818227,0.03792847108539196,0.6,0.5,0.6,101,4.780328911225705,9.272694849228506
8,47,0.19648600035330638,0.47994369833710526,0.416371965596361,0.6141164610453921,0.12167824543851948,0.15289025427489134,0.01485033484790591,0.03649193469161876,0.6,0.5,0.6,102,4.815845154168941,9.824968589787172
8,48,0.18576190315285984,0.48762533571531447,0.42585864139327045,0.6252569215981674,0.11074350589756922,0.12701289947147526,0.0227914259230764,0.037976866305384285,0.6,0.5,0.6,105,4.824915321583722,9.295150724026636
8,49,0.2016977549007022,0.5031723115183074,0.44164326287181777,0.72753323876802,0.12666661701363763,0.12401341120893689,0.03020838430453864,0.06172441852575479,0.6,0.5,0.6,137,5.747479040691926,6.603977333010505
8,50,0.21765285195205247,0.5173377594635317,0.45689987700876117,0.7686285530455953,0.16122852012806133,0.15408813403902694,0.01887161387741548,0.0693768510202992,0.6,0.5,0.6,138,5.68833336905895,8.536971764524823
8,51,0.20325634057485284,0.5197991185689449,0.4621025054481802,0.7455092200196406,0.14613450814937456,0.12609793896985594,0.0310502699164872,0.06475001742949846,0.6,0.5,0.6,139,5.388915323920775,6.967743691759021
8,52,0.20326203709137797,0.5198025821158604,0.4621072813694876,0.7618914683700235,0.1300462306146243,0.12610266070581103,0.03105161870172075,0.06475571066271602,0.6,0.5,0.6,143,5.3881159679549,6.96861419934406
8,53,0.20990948150771666,0.562267502538402,0.5087811062009204,0.8239638058657799,0.13930840807253014,0.13645814468648826,0.031826839249925035,0.06593725625750699,0.6,0.5,0.6,149,5.68664436753923,6.8030137821328855
8,54,0.20428172420371335,0.5518219007771096,0.501223238176047,0.8329720318234654,0.18107168570886104,0.1374326021524026,0.02846886380640658,0.06271230228498391,0.6,0.5,0.6,150,5.535969209796694,7.626363454129812
9,0,0.5474622261445281,0.6109980704755504,0.3150289541627892,0.00384059142655284,0.0,0.0,0.0,0.0,0.6,0.5,0.6,1,27.83493636056901,80.49042239390235
9,1,0.4730619095987444,0.5922852129103832,0.337729215933106,0.08850629284652713,0.42261231273346533,0.14588458275472446,6.0131661442e-05,0.00013851640021625,0.6,0.5,0.6,3,18.92277891030926,58.48030408132008
9,2,0.4221746180129181,0.5518492997449047,0.3182354759890183,0.10099152031990392,0.2703805402617039,0.16756469606083488,0.00024052664576801997,0.00055406560086498,0.6,0.5,0.6,5,12.460768301451218,40.68024421959059
9,3,0.42216517441091117,0.5703504785927639,0.3384813785501555,0.10800963882522827,0.10101844222879011,0.167564696060835,0.00024052664576801997,0.00055406560086499,0.6,0.5,0.6,7,12.496708870524646,40.770635390084266
9,4,0.39241604530135654,0.5236682585241552,0.3027803610745498,0.12032632678490898,0.31130749833230087,0.17466468962008327,0.00021905539807823,0.00097512930037054,0.6,0.5,0.6,8,7.791748804747873,15.721063173559251
9,5,0.39035785356214175,0.5401068528695382,0.32184031527766727,0.12704611271267827,0.11279744314237526,0.17487963670837656,0.00025064362745849,0.0010478944247331499,0.6,0.5,0.6,10,7.156487576820763,13.868426005232076
9,6,0.3713274869394552,0.501901209489973,0.2890877617691993,0.1271416634463554,0.22084922661299758,0.1730067055869812,0.00015509054915831,0.00096885174580088,0.6,0.5,0.6,11,10.236465688787586,25.038859206515635
9,7,0.3707079039244607,0.5012675222725664,0.288572925520821,0.12932661600856277,0.10609328388294262,0.17242965231161655,0.00015351467908623,0.00100016174403539,0.6,0.5,0.6,12,9.70464197587447,22.9844245935114
9,8,0.3582029695575646,0.5066383263392646,0.29900965069646235,0.13076558316218742,0.15337224834388954,0.1646111682287835,0.00018030332083232,0.0011275465545178402,0.6,0.5,0.6,13,9.8486516578046,25.256184837158685
9,9,0.33618717653740315,0.46418865036987217,0.2615581508533205,0.12397623639847855,0.1473684289717404,0.15374037879203345,0.00014559738751807998,0.0009753508565154299,0.6,0.5,0.6,15,9.657805555041076,18.227860945332907
9,10,0.3500262875202074,0.47654370459797696,0.277861707948859,0.15338975054572151,0.17927060390738958,0.19064635863798418,0.00022442442491157002,0.00149610634968361,0.6,0.5,0.6,16,8.010891008576785,14.121250358298928
9,11,0.3533785412836065,0.47600383316538203,0.28550418637307295,0.17534836919723518,0.2682368729851891,0.21545674600392203,0.0016835091309040401,0.00959289515080123,0.6,0.5,0.6,17,8.710223776922664,14.941690564312449
9,12,0.333698340509022,0.4734579162848878,0.2871575175242984,0.16553473567938512,0.16089798193049992,0.2000899163122472,0.00053006638523292,0.00134854083319503,0.6,0.5,0.6,18,9.461135268769372,17.71941525951394
9,13,0.30670910196833334,0.4235187314499691,0.24250388512183016,0.14829589190997747,0.2214272444878018,0.17717157749770823,0.00113245517280346,0.0014604713454130802,0.6,0.5,0.6,19,7.757785100079784,15.576111294036377
9,14,0.30539147596311417,0.4218237324878294,0.24135688242759218,0.15058686707136126,0.11631905261852413,0.17698436104018248,0.00115752164767601,0.0011474224311524299,0.6,0.5,0.6,20,7.288184563449474,15.892285638966785
9,15,0.30174697378045195,0.43412169883441776,0.25899138110566333,0.1671214575994025,0.16874761915317396,0.18142061161327813,0.00116890195023195,0.00173663704251303,0.6,0.5,0.6,21,8.041418084965503,15.594892405849397
9,16,0.2988203688119758,0.4301244265134539,0.25641992645081507,0.16946184505765255,0.1332382910466762,0.18117590269980952,0.00120639682252064,0.00139092659371868,0.6,0.5,0.6,22,7.531355558418452,16.122673796664454
9,17,0.29379538884753165,0.442614334119414,0.2719266678286261,0.17226992267396776,0.12793918461046216,0.1765948193509582,0.00119471788176716,0.00140783063349518,0.6,0.5,0.6,23,8.165560202525594,16.677122617731406
9,18,0.2912981582040441,0.43969375879064304,0.26954553700194545,0.17366458801936116,0.11458625466123852,0.17430342320785155,0.00122433393159366,0.00111559091863687,0.6,0.5,0.6,24,7.957220212660147,16.53013066345582
9,19,0.307298657173945,0.5288051512819927,0.3668019820051536,0.24526052200846038,0.12716068920123308,0.17591330288935852,0.010569733447516879,0.02188582697024398,0.6,0.5,0.6,30,9.850560216165954,15.562587258233847
9,20,0.304702192600945,0.5504303074837384,0.40614749796640204,0.2807968713228764,0.2602131006499718,0.15755003934802295,0.04673465316154759,0.045395717507906906,0.6,0.5,0.6,32,7.872713888762772,13.15035047711081
9,21,0.304702192600945,0.5689399593778138,0.4263987126476553,0.3014101657295939,0.14513547951017503,0.15755003934802295,0.04673465316154759,0.04539571750790692,0.6,0.5,0.6,34,7.872713888762772,13.15035047711081
9,22,0.27087623181502285,0.5322760619476643,0.39255941201977884,0.2750679356230321,0.13856879720416637,0.14441609470024988,0.01077667786584085,0.039478241352733714,0.6,0.5,0.6,36,11.75613300050471,27.61267712836313
9,23,0.24542261138452953,0.4636640412984137,0.35946113999710405,0.29846316062944683,0.32982233619175066,0.14730504935485322,0.04600183967242024,0.04489183236012491,0.6,0.5,0.6,39,7.171866142309403,11.42889942779136
9,24,0.24259406304492342,0.4675795111102667,0.3733587482127781,0.32497257694149884,0.17824257723442194,0.15810507193169723,0.04622522272753679,0.04485507646912562,0.6,0.5,0.6,43,8.548619778290284,14.675488622385894
9,25,0.23462914116755001,0.474406116392492,0.38444257366882195,0.3231959038905593,0.1802488015817078,0.14207168689776922,0.0506993928052917,0.048456071651544544,0.6,0.5,0.6,44,8.333880117650482,15.072461388762562
9,26,0.24112632776966794,0.4792985116891326,0.3904119103661985,0.3378309338794917,0.1647511801576431,0.1547803995524767,0.050462525790509485,0.048708312840875914,0.6,0.5,0.6,45,8.490990304552884,14.416828001992023
9,27,0.241126325763409,0.47929858436785594,0.39041202546003556,0.33783094071477765,0.14732489248074804,0.15478043509038128,0.05046251971758371,0.04870828581375072,0.6,0.5,0.6,47,8.490991250111799,14.416832530389998
9,28,0.23733814882509024,0.470142362038635,0.3848127690826011,0.3443698731782393,0.20484578477850007,0.15429684673688138,0.05144889926680609,0.0483347609429211,0.6,0.5,0.6,48,8.15766807240264,14.43755437496221
9,29,0.21999365834580323,0.47328901875063983,0.40200367222632444,0.4434446065795865,0.150604372376137,0.125135211293045,0.0408693981280502,0.07506382000451688,0.6,0.5,0.6,65,7.704446178727066,28.486725372676396
9,30,0.22212772009032444,0.4889272443286315,0.42247954349099925,0.4606080622265312,0.19571808867814075,0.1326568580548081,0.040684232115149974,0.07616331809595678,0.6,0.5,0.6,66,8.024406811349717,27.467523380084103
9,31,0.22248314808859804,0.4887721511408054,0.4226378914623158,0.4612049716588805,0.14797417022353476,0.13382342583262324,0.0407011944683364,0.07606557434713744,0.6,0.5,0.6,69,7.766704192185936,25.97026504066597
9,32,0.22013484890716783,0.4932997233253045,0.435935580899234,0.516322737846157,0.1693025472743154,0.1398929660529156,0.05154794399261955,0.06773857277216064,0.6,0.5,0.6,75,8.564771674591867,24.96079847394331
9,33,0.22013484890716684,0.5118093752193792,0.4561867955804868,0.5292615684621231,0.15035551974852202,0.13989296605291618,0.051547943992619104,0.0677385727721593,0.6,0.5,0.6,77,8.564771674591883,24.9607984739433
9,34,0.22401441231715857,0.49202775614347444,0.4377121534847616,0.5339601074849855,0.20623004444768855,0.13375609283780773,0.04827074689396872,0.08753510712051135,0.6,0.5,0.6,78,8.869965269447606,19.784882265807514
9,35,0.22444632163733189,0.5294233716039568,0.47862342244217926,0.5605745730858901,0.15750263307899406,0.1341942732003204,0.0485277873647489,0.08764983542999857,0.6,0.5,0.6,82,8.867059675633987,19.81733784451764
9,36,0.2212303473979745,0.5176497194651057,0.47183348543254555,0.5766012627456385,0.19869990693618206,0.1351685478357819,0.04847339021805847,0.08842985580292566,0.6,0.5,0.6,84,9.12903988657025,19.714212553763225
9,37,0.2087937838226815,0.502202211626547,0.45811767242725127,0.5692699895300849,0.17540283418738295,0.12071561462380384,0.048453557768213015,0.08456538451762696,0.6,0.5,0.6,85,8.894427215422422,20.37701374180744
9,38,0.23521006415104764,0.5599031559731092,0.5225762286971452,0.6111126383615123,0.19422131582084368,0.17811526603007252,0.04853981232621525,0.07558002730918668,0.6,0.5,0.6,88,8.505099250148838,25.96171848272024
9,39,0.23490749941115507,0.5774311348543241,0.5422279649720819,0.6364748097723568,0.17953687921478495,0.17811526603007255,0.04853981232621527,0.0755800273091867,0.6,0.5,0.6,90,7.873536731711279,24.7953148211814
9,40,0.231877793951557,0.5709982556920146,0.537713496212679,0.6427461279137577,0.1904815643385327,0.17557270902308778,0.04850732261544858,0.0756392816752716,0.6,0.5,0.6,92,9.04218754507374,28.179749325880408
9,41,0.24382572465854846,0.6426527791357531,0.6242813735627968,0.6997465565723436,0.32145334419784194,0.1542707340189046,0.06285184569922361,0.11503164690982245,0.6,0.5,0.6,93,7.020676756486782,20.371001618211345
9,42,0.22405015078247356,0.6007119581590101,0.5942704224098507,0.718134196000084,0.27835084625763956,0.1609651602904984,0.07102994539008123,0.08268452373921012,0.6,0.5,0.6,95,6.981858219520037,25.68641128681513
9,43,0.22405011170323288,0.6192214423636505,0.6145214975952736,0.7368083580836248,0.18170974182582794,0.1609651608665221,0.07102986020186369,0.08268455003337072,0.6,0.5,0.6,97,6.98186350643026,25.686411228365667
9,44,0.23170185384111686,0.6451190953787913,0.6422936340927784,0.7805643662759497,0.18980365314634862,0.1515288955319394,0.07847005851830843,0.09880297389567992,0.6,0.5,0.6,102,8.23935058849116,18.60782306699143
9,45,0.22730229092704993,0.6379628993267394,0.6365917054135155,0.7716862745530395,0.197776427230949,0.1550841783772164,0.07721537604504555,0.09059113097817452,0.6,0.5,0.6,104,6.939029895500651,22.76525525341006
9,46,0.22476772373625453,0.6534140249898441,0.6540600148135591,0.7799517862200482,0.18589166541139385,0.1511885467227522,0.07720943525042848,0.09057415894333289,0.6,0.5,0.6,106,7.462718127497476,24.911336215588623
9,47,0.23243284615014015,0.6763687416974049,0.6804485178604127,0.8386082265670427,0.19588779190545297,0.1575437509399174,0.08179434102716396,0.09504991897087256,0.6,0.5,0.6,114,7.996607304947896,23.83467612983849
9,48,0.2324328138886552,0.6948783610261573,0.7006995869525109,0.866006347596358,0.19245371249158397,0.15754372625125287,0.08179425497165635,0.09504996109692213,0.6,0.5,0.6,116,7.996613925894304,23.83467642719086
9,49,0.2330241201134594,0.7118244317341693,0.7205131585724135,0.8966373082840905,0.19741254892945392,0.15337223335008127,0.08201595517071744,0.10125025094900128,0.6,0.5,0.6,121,7.848373027022902,20.629702882252197
9,50,0.21959015925254927,0.7077915358649128,0.7229478274673878,0.8877631815120829,0.22155891040389503,0.15545712500793832,0.07698671731717757,0.08601499341915377,0.6,0.5,0.6,123,8.65379527502297,23.91182946996408
9,51,0.2347806090055557,0.7226944261368051,0.737999091143734,0.9265222687606447,0.19925915551750845,0.15067743705248227,0.08527013773530837,0.10936475385834839,0.6,0.5,0.6,127,8.850168974041777,23.31575630224752
9,52,0.24014011614951178,0.8353364450368128,0.8630338325325767,1.0860515967447908,0.20689791944548086,0.14892921314020544,0.08628764934211866,0.12122493827342988,0.6,0.5,0.6,146,6.664269197939655,22.246934729016743
9,53,0.2351785757534809,0.8487380789405754,0.8782524152763042,1.0950552913997629,0.2005688073836841,0.14877366041312437,0.08635538643965263,0.11313383267023351,0.6,0.5,0.6,151,6.670269031384478,21.49588599852184
9,54,0.2527203133526277,0.8813407012630754,0.9143605409563654,1.1262345547908494,0.24744205594772498,0.15852365940553545,0.08827812332805228,0.1328202626130416,0.6,0.5,0.6,152,6.479914656272703,23.863310371167056
9,55,0.2496546142283017,0.896460736712498,0.9313876162537496,1.143997753595565,0.21727754109089242,0.1506010049250918,0.08645544757432272,0.13732065826007273,0.6,0.5,0.6,154,7.047366082032025,25.02314807466432
9,56,0.24755222781446184,0.9128506634413127,0.9495278268218882,1.1669982466253996,0.21391903288276276,0.1519777132068036,0.08673555609800646,0.13221554427876733,0.6,0.5,0.6,158,6.985032223572863,26.00102812418307
9,57,0.22194257586638813,0.88535156693766,0.9229925359408155,1.14616904308874,0.20442588498858452,0.14400898420018782,0.09540731825239487,0.09125152705619352,0.6,0.5,0.6,159,6.829370785138806,21.576079936652818
9,58,0.21494623145639488,0.8968176566938187,0.9362241646409202,1.1653237699428038,0.18200998611205838,0.1464380012946682,0.0958039706091514,0.07685566714898785,0.6,0.5,0.6,162,6.859002415277891,21.06888266267385
9,59,0.2343227919384906,0.9340787487084694,0.9755451856235916,1.201447275451204,0.20667674941176228,0.15756368537554158,0.09262012157918266,0.10099833906047917,0.6,0.5,0.6,163,6.372531978887296,22.39093864213738
10,0,0.9642999563390569,0.7883762091831296,0.4233398056430878,0.015491088206490462,0.0,0.0,0.0,0.0,0.6,0.5,0.6,1,6.532475325129002,73.92979409179566
10,1,0.7412432071909499,0.7560658501551204,0.4396485927280792,0.10384955511108027,0.4858061735756115,0.15402823468489754,7.55197492163e-05,0.00016378047626569,0.6,0.5,0.6,3,5.334604364392133,53.16018849389082
10,2,0.5660907317156333,0.6637879948865271,0.3884243400676038,0.11275154000741956,0.4377679380704344,0.17527417391234554,0.0003020789968652,0.00065512190506279,0.6,0.5,0.6,5,5.416305272555218,37.99606309147622
10,3,0.5681832643630729,0.6860963586393909,0.4122376650931187,0.13304079935708418,0.11346368233716284,0.17940859233248638,0.00073777368095056,0.0014765173523953999,0.6,0.5,0.6,6,7.984120971128919,24.757393965391245
10,4,0.49104244235159694,0.6095318961289193,0.3540177805263297,0.11124410674309004,0.4189719541255204,0.1701835979225386,0.00018644202326703,0.00037799562221487,0.6,0.5,0.6,7,6.574530105844097,22.070978713186136
10,5,0.45615984321038605,0.604030880540566,0.37099830447403065,0.16565355587682304,0.299441074987158,0.21545135210170693,0.0008822542817191401,0.0032866068628225804,0.6,0.5,0.6,9,7.349541254892125,14.942759824494068
10,6,0.44579982351118885,0.5941911983376676,0.36302676574137055,0.1723313393251995,0.1367707086750979,0.19698623221613468,0.00688077454333462,0.0083496915296576,0.6,0.5,0.6,12,7.164725316634096,21.146033160267123
10,7,0.4448272368197366,0.6119268003342822,0.38348685789152864,0.18265044333194322,0.1441215806845439,0.19990787402548527,0.00688257287852141,0.008343806116329799,0.6,0.5,0.6,13,7.162357185924113,22.618202705532223
10,8,0.4100407059465113,0.5967609196350411,0.37830266412431324,0.17399090873767598,0.24918113175156664,0.1894607264959689,0.0017353297779796498,0.00222513765230028,0.6,0.5,0.6,14,7.741953560050703,14.888472734613933
10,9,0.4447227982647135,0.6312347150265561,0.42053533709893576,0.22922326627565898,0.29579589259042594,0.22104669376477193,0.03016310378774955,0.03761625973024308,0.6,0.5,0.6,15,8.491915539574896,15.869542440017511
10,10,0.4066284487357092,0.5746260553613319,0.3622271967043715,0.2068156719339654,0.13245740738453451,0.20812743783300833,0.0037428398184337795,0.00923363752515848,0.6,0.5,0.6,19,5.950487829465197,7.270404724163616
10,11,0.4471184169840862,0.6891453761418351,0.4838020124616686,0.26106934508426255,0.17372245626116137,0.22211347194310718,0.03180599451953348,0.03971266648336595,0.6,0.5,0.6,21,8.538323752215613,15.43704301066784
10,12,0.40440260521838345,0.6086260611586086,0.40740149624803035,0.23800062529956748,0.2758212733710427,0.20888082832320287,0.01210198538751902,0.02940344406164125,0.6,0.5,0.6,22,7.771165058901881,18.177729450209707
10,13,0.3926910064811864,0.5950511568697658,0.3985135745010062,0.2390755256387677,0.21967915311292532,0.20886370915659502,0.01141419354280741,0.027430702433355346,0.6,0.5,0.6,23,7.371850278892543,17.208302372187898
10,14,0.39167470779242236,0.6104552067705867,0.42116867205403413,0.258290692513384,0.24745528133282035,0.20604086149676792,0.01730776422207887,0.043749079115220954,0.6,0.5,0.6,24,7.224966982951519,14.695841539467075
10,15,0.38781358686952366,0.6052158234908864,0.41903742343724704,0.264030056246795,0.1864404077754768,0.21134328908807354,0.0171309086689169,0.04316534969433381,0.6,0.5,0.6,26,10.61015814106364,16.305354404684206
10,16,0.3862999678062256,0.6218573099117354,0.43814783206756597,0.28039064067368197,0.1671257677962607,0.21134328908807354,0.0171309086689169,0.04316534969433381,0.6,0.5,0.6,28,10.291334738595705,15.242268501974024
10,17,0.38363702801958566,0.6186910659843273,0.4360052426501491,0.28325918449483145,0.16901173412799742,0.21046042114340194,0.017120892441080247,0.04316123298891837,0.6,0.5,0.6,30,9.690415167063474,15.25813660737376
10,18,0.39289771219695596,0.626936151392596,0.44622371871424454,0.30340058746897897,0.2059746773000274,0.21448412507661974,0.022474644789766803,0.05686432804444651,0.6,0.5,0.6,31,10.782096560458236,14.516694141539569
10,19,0.3760095055817366,0.6279671539298691,0.45009320783640094,0.2910499964220019,0.17714148581639094,0.20774001904001832,0.01733202517426108,0.043458583306482716,0.6,0.5,0.6,32,7.090128075202675,15.500577408263371
10,20,0.33628138756478704,0.5512153586464861,0.37003835597082335,0.26108951736138303,0.12378333940171389,0.1822280087724045,0.0086927424090661,0.010719282475795799,0.6,0.5,0.6,33,7.64629505152093,6.647550523506154
10,21,0.32231208439621023,0.5513704427765971,0.3790268918921459,0.2839392778452745,0.23392650540863977,0.1817865737931307,0.00833400557515496,0.01122481878715088,0.6,0.5,0.6,34,8.848219815098997,8.769610242348703
10,22,0.3201674172457892,0.5299892120163815,0.3569958009632012,0.2663646658896973,0.12873493630783014,0.18170956387334009,0.00830124957092494,0.01121557486365533,0.6,0.5,0.6,36,8.48121858352245,9.009175774423742
10,23,0.3156353039537847,0.5397891744239999,0.37437920463961993,0.28900081787064175,0.22074682427433093,0.1925856596254219,0.00883574685310101,0.01038305176152758,0.6,0.5,0.6,37,6.576670060185769,9.220521990799192
10,24,0.3144211662950093,0.5383900454185663,0.3732207976550265,0.2916919308412601,0.12929330537355802,0.19132933809597555,0.00879460974400007,0.0103724244667401,0.6,0.5,0.6,38,6.480663192208317,9.302610291545475
10,25,0.30212730522537795,0.5209580406481349,0.36217626855887963,0.3036434634107791,0.22772705058980883,0.1898769272090064,0.00865122845745853,0.01023161571549727,0.6,0.5,0.6,39,8.368376907221307,6.635832289423655
10,26,0.3021273052001132,0.5024483913944534,0.3419251695418524,0.28252910208407583,0.1243914558831991,0.1898769288383611,0.00865122922325821,0.010231617848632529,0.6,0.5,0.6,40,8.36837704533742,6.635832919265353
10,27,0.30199202553340926,0.5018875718653224,0.3418632930447304,0.2900539249086899,0.1291417013120998,0.19001820878974576,0.00883788169734007,0.01113577332489011,0.6,0.5,0.6,42,8.582895014779918,7.906598036852909
10,28,0.295651585482911,0.4942465018144999,0.33576898032522673,0.299915382435549,0.14681130653787078,0.18440636023003437,0.0084125824587249,0.01098742997136464,0.6,0.5,0.6,43,8.438683123748165,7.050879952574153
10,29,0.31418161538718703,0.5365981516639382,0.3953048478250277,0.36758683513447915,0.383294764284562,0.1999748892920551,0.032811721064262264,0.04261924750057024,0.6,0.5,0.6,44,6.728062770269534,9.283231613956245
10,30,0.31705584597030495,0.5366686077439555,0.3980190698642966,0.37764139037576244,0.2115652404406903,0.20756568472102557,0.03279197733033492,0.04647832056731136,0.6,0.5,0.6,45,6.8138533859613775,7.458787353876128
10,31,0.31705584404469034,0.5181589576053951,0.3777678569385582,0.35939347645314956,0.16882272234951573,0.20756568509483744,0.032791975656947206,0.04647832451384737,0.6,0.5,0.6,46,6.813853463381241,7.458787370376167
10,32,0.31409787934332806,0.532367301899185,0.39495662622094635,0.3690238657396945,0.17770720275550636,0.20038133087870635,0.03431711428576844,0.05052559862909869,0.6,0.5,0.6,48,6.953862418943902,11.49117890688938
10,33,1.5153068400874878,1.8043356151426027,1.6768567939336285,1.626237369970807,1.377612070813509,0.9934203947222674,0.35439433958955424,1.0,0.6,0.5,0.6,59,11.85746165467869,23.24904802588636
10,34,0.30066953860667356,0.6227814623381996,0.5022329273390594,0.45843076703437224,0.18211462809427129,0.20312362716860474,0.026400411552289012,0.04742461919111312,0.6,0.5,0.6,62,9.90286696985785,18.76750613897975
10,35,0.26259620500053743,0.5810774920587923,0.46361327063062335,0.4275078430584559,0.15469361685149374,0.1746048960177717,0.014592920313509412,0.02947825669627402,0.6,0.5,0.6,64,9.303426952629406,17.370904509036183
10,36,0.29055317658939234,0.6035277999418183,0.4905875677754448,0.47715672258436337,0.23700027015570854,0.20319085419039035,0.02663849179509701,0.04763547240910132,0.6,0.5,0.6,65,10.000640956561606,18.549918827577027
10,37,1.4830596482434109,1.7941242213121953,1.6827138684943552,1.6949045942595031,1.3624653534273676,0.9626609908202847,0.36148792296664045,1.0,0.6,0.5,0.6,71,11.645036937270474,18.045851056797733
10,38,1.419193666676426,1.7204826572315977,1.6166284211534299,1.6477413922860094,1.4263363415445354,0.8634124178804127,0.3721141529612861,1.0,0.6,0.5,0.6,72,12.505017438593915,17.79517533385484
10,39,1.464262133768338,1.7629484483418705,1.661037290314932,1.694350128887013,1.3829995687998835,0.9523414270830244,0.36031132527671217,1.0,0.6,0.5,0.6,73,11.945882341852894,18.380925320257944
10,40,0.28490349475585164,0.5604845502638643,0.46019948340142025,0.47151306143520866,0.18230728262887688,0.20919067707068442,0.05260065187822436,0.04073353335498121,0.6,0.5,0.6,82,9.52345941126463,13.657925246888334
10,41,1.0441761352163874,1.3906557757401838,1.2995950876440645,1.3952416519877187,0.945494367581152,0.5196936076426483,0.05274263494011503,1.0,0.6,0.5,0.6,87,554.492825926575,150399014.8727459
10,42,1.0449012745601922,1.3912618932368621,1.3002861733976863,1.400145185652292,0.9403857523400003,0.520141837051159,0.053853215305954064,1.0,0.6,0.5,0.6,88,556.1017501005124,150398935.52973205
10,43,1.0372812478479423,1.382035787114514,1.292201923677916,1.3895655723374718,0.9511911063804435,0.5087746506797144,0.05490695173269109,1.0,0.6,0.5,0.6,89,555.3595980687805,150399011.19627067
10,44,1.1772544675713423,1.5399137098283537,1.4522493124627203,1.5389591956089579,1.080108295039751,0.7288467043015757,0.07175521964933237,1.0,0.6,0.5,0.6,90,1384.050993559519,1111268203.9127276
10,45,1.0345729410325295,1.3752526933846896,1.288280146162096,1.410119222641961,0.9529670501659216,0.5064080575324826,0.05887717471165005,1.0,0.6,0.5,0.6,92,579.4571005418463,150390711.21529537
10,46,1.0805856508891953,1.4375105357680642,1.3538549558505801,1.4627261676325238,1.0067083579258351,0.5787125542460095,0.06770048364019698,1.0,0.6,0.5,0.6,93,853.3907839434681,353195825.1912979
10,47,1.0794721923795314,1.4347587511260014,1.3522223214136058,1.4750576488849387,0.9991685562285569,0.5789167738661122,0.06770067145217554,1.0,0.6,0.5,0.6,94,854.6584318399916,353196938.67245734
10,48,1.1582649947457098,1.5296386009111202,1.4504943694917949,1.5562338300535892,1.0885008171288115,0.700572386422457,0.08293288586284928,1.0,0.6,0.5,0.6,95,1302.1555124890024,706365521.2371538
10,49,1.1543314525749957,1.5239396761683812,1.4459890216761313,1.5575737124806013,1.0784837526713444,0.6955571299610448,0.08368373428589468,1.0,0.6,0.5,0.6,96,1300.5549189017936,706365592.7684273
10,50,1.1819103133164428,1.5319786413583287,1.4529793362934802,1.5141605545230383,1.0931084671817004,0.7515466923195655,0.07315231425193951,1.0,0.6,0.5,0.6,98,1100.0564995050022,970313372.190916
10,51,1.1771687774898387,1.5242181084544075,1.447234586357582,1.5153338289283882,1.1175470309608502,0.7466115520569223,0.0739071968005423,1.0,0.6,0.5,0.6,99,1098.5965054073206,970313456.1941084
10,52,1.1066243759939258,1.4515636783372676,1.3759747582336639,1.520935097262811,1.0383893151630679,0.6362931328043705,0.06814355294046667,1.0,0.6,0.5,0.6,100,889.0415580110384,522325583.3334241
10,53,1.0861648790102478,1.4485496743226451,1.3754020593061234,1.5271081704363296,1.0017818439539328,0.599444377047608,0.07290915545351809,1.0,0.6,0.5,0.6,102,867.9761085910332,261627824.1654514
10,54,1.0833858427933232,1.4638479090287224,1.3927255497248447,1.4572111023981633,0.994149301375538,0.6050344330416804,0.06123604148612542,1.0,0.6,0.5,0.6,111,1496.009825638877,393151045.70022416
10,55,1.2580240538334626,1.6355044978204347,1.5663267971555437,1.6341042909291779,1.1807787263894474,0.8942547861042737,0.06747310470892161,1.0,0.6,0.5,0.6,114,1552.6010546999291,827622977.0704794
10,56,1.011952344563769,1.4047381482255585,1.3393693584014197,1.5376016823249694,0.9344874853257803,0.4776146419830898,0.07950826106427858,1.0,0.6,0.5,0.6,118,1470.894316585851,77959281.11296892
10,57,1.0744297371526308,1.5001530175098785,1.440872720292829,1.643469395400881,1.0057315311076964,0.5934095774375879,0.07072850479220667,1.0,0.6,0.5,0.6,121,1615.110291222721,288245937.422568
10,58,1.0082479151638113,1.4339219786298099,1.3746715281993462,1.5987433794225385,0.9254055629515706,0.4780469471301551,0.07685508675493806,1.0,0.6,0.5,0.6,124,663.5505330145634,501458579.4589626
10,59,1.255112069142717,1.6797204701102117,1.6211440077551882,1.8444388048937443,1.1836769931795454,0.9010627527234699,0.06429462481793918,1.0,0.6,0.5,0.6,125,779.9860037581655,443633445.85553616
10,60,1.2118620480263642,1.704267339837425,1.6565635916064099,1.825592899891523,1.196524275896569,0.835444426334267,0.06411943248822802,1.0,0.6,0.5,0.6,126,612.7206919460898,241563374.0737312
10,61,1.2286656668935163,1.7166141617608095,1.6716576625790331,1.8530332627815453,1.1749497587845554,0.8668136102439182,0.06528092559437107,1.0,0.6,0.5,0.6,128,715.9695519577187,80512901.62138441
10,62,0.9780887446499926,1.3733959050566988,1.3197889151293971,1.6087063232168952,0.9023895833629164,0.4384882792807124,0.07822421324695575,1.0,0.6,0.5,0.6,133,484.523976150871,269691549.98900944
10,63,1.2262608893759044,1.732051763667617,1.6892452560188405,1.8978270454406139,1.1514166467594786,0.8638502336930792,0.06479108615883698,1.0,0.6,0.5,0.6,141,722.0336256547092,467775263.5111547
10,64,1.2298161593856753,1.7161692659972605,1.672188059581138,2.034324960223114,1.1552022878866186,0.8562300123745893,0.08210114008577273,1.0,0.6,0.5,0.6,163,488.0816628962938,785980428.5223073
10,65,0.9360754982096138,1.4213156884410671,1.3780123649331535,1.7831797682682584,0.8637349945192161,0.37961329437803637,0.06781590369434362,1.0,0.6,0.5,0.6,169,893.2581442552124,930344192.5050228
10,66,1.006624343689912,1.4899475919734186,1.4478074482071692,1.8941147428348892,0.9367939811234669,0.4951192778929483,0.07244673421072925,1.0,0.6,0.5,0.6,174,1127.727541034888,119124220.22700094
11,0,0.998769322197255,0.7995595004489655,0.4301685360525963,0.01622580240691394,0.0,0.0,0.0,0.0,0.6,0.5,0.6,1,4.987857957688997,73.60173049102234
11,1,0.7752220067501198,0.7767551452692498,0.45572191673030105,0.11346290001214535,0.4925261279601505,0.16870675386899234,7.656300940438e-05,0.00020881883051378,0.6,0.5,0.6,3,4.216158932331417,52.87571067302967
11,2,0.5931156918179491,0.6848643071651587,0.4052390893074427,0.12360236853285253,0.45076746309182325,0.19197737985060734,0.00030625203761755,0.0008352753220551301,0.6,0.5,0.6,5,4.916494269635278,36.67182750996802
11,3,0.53094812208688,0.6444113119866393,0.3830177801279195,0.1295673374733439,0.2696756605459653,0.2012296055412158,0.00068906708463949,0.0018793694746240398,0.6,0.5,0.6,7,7.079611308143328,25.295232225516603
11,4,0.4647050794639983,0.5877751725982568,0.33885905523473386,0.11717918574077134,0.29946351873502486,0.1612259276846826,0.00044943200283508,0.0010966707849727,0.6,0.5,0.6,8,4.126632743769712,15.206981426121878
11,5,0.4298462247115643,0.5777658322046895,0.3449078212667718,0.12969376151699263,0.22166769558935037,0.1744339593551561,0.00060114439158209,0.0015104528951464902,0.6,0.5,0.6,10,5.408580560297432,10.308239207679769
11,6,0.4201169746529719,0.5495879418963725,0.31520924901258435,0.12308264787723312,0.10033564886469971,0.15980535000585727,0.00050707875011272,0.001048464241702,0.6,0.5,0.6,11,5.305803987806728,10.416228915724751
11,7,0.44177032471687466,0.5724817124219825,0.34394602688636516,0.16025568481362923,0.18193592861685265,0.203945078305074,0.00493373614502538,0.0163864531579585,0.6,0.5,0.6,13,6.551891661960019,17.62890591483881
11,8,0.4381204460868534,0.5691039002539076,0.3420366224259551,0.1651480663819056,0.1471600776084718,0.20441633181284993,0.00314762470119897,0.01805882093741621,0.6,0.5,0.6,15,5.586719875562855,15.750449012234188
11,9,0.42917428412104147,0.5604790719665286,0.3374764102024222,0.17140325323040118,0.20268503365238003,0.20600527672329197,0.002674745621004,0.01988745170774856,0.6,0.5,0.6,16,7.24235452071883,11.849531356768631
11,10,0.42177596535561396,0.5715269357103425,0.3531712386217902,0.19205149294403487,0.16011103972219456,0.20600527672329189,0.00267474562100399,0.01988745170774856,0.6,0.5,0.6,18,6.451909278059259,12.720817000639002
11,11,0.4070888915984175,0.5565679423902099,0.3425130112835284,0.19324270632357643,0.16774588863646017,0.19927269324025715,0.00270317430621316,0.02007332344040827,0.6,0.5,0.6,20,6.473368079493288,15.806928906194068
11,12,0.389178665890749,0.5563642383745797,0.34928153062913064,0.1929109788290995,0.16998698917495877,0.20761116247226089,0.00068928670174779,0.00461301517684483,0.6,0.5,0.6,22,6.481469032662257,15.626055364163514
11,13,0.370525493735616,0.5352537818489687,0.3369431068273619,0.19284931807104363,0.2710027908326156,0.1929605890220129,0.00338437371538671,0.019381186792770018,0.6,0.5,0.6,23,6.923089564062489,16.376922543495784
11,14,0.35777040274836225,0.5202594548424202,0.3275029151052549,0.2180583481301595,0.17329388546157545,0.19150590046743488,0.00272393645425744,0.02016917950409399,0.6,0.5,0.6,25,6.393659781704457,21.145320120842356
11,15,0.35945646742270543,0.5215986139509985,0.32960220170317167,0.22719627831468578,0.14394986667556856,0.19675435972162,0.0027181321931565297,0.02041113872879579,0.6,0.5,0.6,26,6.6292993532916284,20.558801031185585
11,16,0.35171451010592936,0.5136247568785167,0.3221332711916423,0.22093369806381472,0.12702932513242118,0.18554366421479912,0.00301602422644554,0.02024492659698317,0.6,0.5,0.6,30,6.821511712547202,18.55317208235205
11,17,0.3526087788658591,0.5325882201931488,0.34375453146557305,0.2331524215494821,0.13518702243263153,0.18667705759424677,0.0034831884738073297,0.02340042563176977,0.6,0.5,0.6,32,6.450152556248552,18.77224129711152
11,18,0.3498354703752282,0.5111224340175079,0.320925468179727,0.21185577026338423,0.13193403969178918,0.1860795798889625,0.0029698646206208,0.02111784065990464,0.6,0.5,0.6,33,7.175596526097732,18.63929920481813
11,19,0.3161288543754964,0.5270694934502439,0.3523865966175648,0.2222209191101006,0.2790964305837307,0.16402862293986692,0.01308585147498174,0.012811404988025979,0.6,0.5,0.6,34,7.011172660083071,24.620921902255663
11,20,0.3835702959589534,0.5900348364308804,0.4217825414913513,0.3075883329073661,0.2441215692859293,0.16795392806424272,0.08045145027393757,0.08521550052356665,0.6,0.5,0.6,36,4.784857434721554,19.65483881094069
11,21,0.38290440891002087,0.5872241562474196,0.4217883578161472,0.3245125429181125,0.21933196136048927,0.17178987374100738,0.08301101859872079,0.08661761149921274,0.6,0.5,0.6,38,4.222802789487597,19.65483881094069
11,22,0.3803420777609175,0.583163568689307,0.4196154164598422,0.3353163014684372,0.22788987129319244,0.17287736258541883,0.08312665275821349,0.08674587057932956,0.6,0.5,0.6,39,4.464305015492599,20.579097591864613
11,23,0.36071302233646324,0.615499480120352,0.4614507312287384,0.34637099601297966,0.20244793303156292,0.15348893137885297,0.08589047207410723,0.08347429466166464,0.6,0.5,0.6,43,4.274465359584809,22.451125115121872
11,24,0.32946263496056377,0.5651059099896701,0.4304739990048309,0.3533001377955535,0.49863212902283954,0.15516288026133326,0.08726439190319264,0.0797763564722972,0.6,0.5,0.6,44,3.9217679503774767,22.03912991464552
11,25,0.3352643950725706,0.5891550906213274,0.4565026420910758,0.3882110469009418,0.19169945787389478,0.18424374879240538,0.08320948622845106,0.06432553698218284,0.6,0.5,0.6,48,4.148092590061627,22.676793441478097
11,26,0.33517368915560597,0.5890431998656022,0.4564099718814597,0.38450306639308207,0.1909941163063722,0.1842311751788484,0.08323143737411962,0.06421547485729188,0.6,0.5,0.6,49,4.148922735978802,22.684348516303164
11,27,0.33347557126783856,0.6049516862145923,0.47487490296163537,0.3982105768764972,0.20343318542370992,0.2005703984235218,0.07846608171137004,0.05100017611542036,0.6,0.5,0.6,50,4.9494674658887465,21.015805412806014
11,28,0.3372395853004092,0.5704832508528105,0.4381394840573326,0.3570430168045263,0.2171829399461628,0.15110389562767698,0.09572885505989795,0.0955375211945061,0.6,0.5,0.6,51,4.416321101524741,19.2004878944456
11,29,0.3120756093417905,0.5606315061793167,0.43270021943464515,0.3856781426556735,0.21587123097355618,0.1487405885119504,0.07702263239242765,0.0776530812524529,0.6,0.5,0.6,52,3.418926040833264,20.84898196752572
11,30,0.3839694737524273,0.6179307307880467,0.5020804249195353,0.43912836418463286,0.45981867271785337,0.20110698529100612,0.11753481939061414,0.13873576665522658,0.6,0.5,0.6,53,5.0277396988474985,30.842555610707155
11,31,0.38706235871649075,0.614538612484908,0.5035815780681451,0.45110403976857927,0.34976198484133836,0.2047336580367011,0.12099493018134715,0.14751680190451907,0.6,0.5,0.6,54,5.7848775532472745,23.437033929392936
11,32,0.37502206750170836,0.5897518546091348,0.4880769163250228,0.44858858142733055,0.4210086884657515,0.2049205404304619,0.11921274401527326,0.14723416059283348,0.6,0.5,0.6,55,5.766802926826413,23.56656775560492
11,33,0.341883884741685,0.5526651148908366,0.4537340810973133,0.41807177619210184,0.28479523548917174,0.19831942594097882,0.07336458059359872,0.14197566393745362,0.6,0.5,0.6,56,5.8005323079894335,23.433198043431407
11,34,0.33999044855321553,0.6018897266363765,0.5112201371722879,0.44762923626695894,0.25873045836668035,0.2157132650469136,0.09377974081924476,0.1100612518480242,0.6,0.5,0.6,59,5.799669004861401,24.545984201521037
11,35,0.3630822232832004,0.6223462823179534,0.5334652166164643,0.5064410797866412,0.2746270415033414,0.20620501344240563,0.12318755804791108,0.1368124104585106,0.6,0.5,0.6,63,5.941760518637177,29.58440550068479
11,36,0.3571995861939517,0.589242475900225,0.5044377215428077,0.5205353644341555,0.2835355297362038,0.1784934236389834,0.15881008611430697,0.13541689911954952,0.6,0.5,0.6,69,4.721613506813691,24.8221935131908
11,37,0.353518004987759,0.5972649313736634,0.5185805306836683,0.5323483247241093,0.30362527274249557,0.1782692147808795,0.16056138844230522,0.13544646603084964,0.6,0.5,0.6,71,4.636961351806013,26.32250465039688
11,38,0.32969283853835135,0.596624908366741,0.530095852044181,0.5273792741286947,0.39346736878520466,0.18133863388486285,0.1442153506973352,0.12035326281862409,0.6,0.5,0.6,72,5.734760443127902,30.16885722270415
11,39,0.31486127898008737,0.5771245220559978,0.5134464095741137,0.5186810179533711,0.28698772579864246,0.15634896694059716,0.14126916407287834,0.12750039320126386,0.6,0.5,0.6,73,7.0475130162251975,31.76060018210526
11,40,0.30095771346579525,0.5353304197704816,0.47555830113099956,0.5091641134836381,0.32425498754941506,0.14079920229891835,0.14074739764873614,0.128850676007241,0.6,0.5,0.6,74,6.414951395903316,25.7869674663495
11,41,0.32802691489030095,0.6911986630863582,0.6440513984646293,0.6408378317861588,0.25988506543719675,0.20634050730731887,0.12447940981553648,0.12255985720841309,0.6,0.5,0.6,95,6.039487142623467,30.500397380495237
11,42,0.3848934882307254,0.6308754777159926,0.5768808059106942,0.7515122515867464,0.34887876787517463,0.21581594020467837,0.1614255366992119,0.18226986340125292,0.6,0.5,0.6,97,5.918409137365218,16.074075891628127
11,43,0.46669109845837364,0.7440174324575134,0.6967973071949547,0.9054867675719084,0.407167186533109,0.20271405332346773,0.2223694467956992,0.28554456569119946,0.6,0.5,0.6,115,6.233987535265104,29.289271112194186
11,44,0.3755390671480136,0.7247104263941112,0.6857178804100008,0.8998026918820676,0.31671862441201887,0.21141765743095112,0.12470191411667493,0.20805470420516303,0.6,0.5,0.6,122,5.351124393106874,27.08497137724451
11,45,0.36453435335190376,0.7452941967495545,0.7128812260055799,0.9024883917899427,0.3305691618147321,0.2036499843231068,0.13293506823962675,0.19482352845351486,0.6,0.5,0.6,124,5.344751115965019,34.146998794659616
11,46,0.37002142716126857,0.7482123007843848,0.7172521439460768,0.8939316407298354,0.3180695015434898,0.23195393529350192,0.13159343791929357,0.17871950162906056,0.6,0.5,0.6,128,5.573469730414473,18.371203372818893
11,47,0.3699615669260701,0.766531711403046,0.7373865983410784,0.9063231713270029,0.31259618850862864,0.23194001230695463,0.13148030112755843,0.17882543368619977,0.6,0.5,0.6,131,5.57239531318171,18.4371794520391
11,48,0.36910439527735733,0.7457226736460394,0.7156486218830987,0.9101087199832072,0.3251199970564161,0.2314664193647772,0.12996774471000275,0.18020536600985534,0.6,0.5,0.6,132,5.513741891948654,30.39474746887143
11,49,0.36975895200960857,0.7832033566134468,0.7567213748385732,0.9984252075299731,0.3128489051080837,0.20213375537856393,0.14028621857714385,0.20217475533889062,0.6,0.5,0.6,145,5.132711361382499,27.011629984523854
11,50,0.382354046252501,0.7012810266413649,0.667196565900215,0.9093328947363493,0.33527825699097724,0.2201839540617757,0.12916496386870435,0.21583222946004127,0.6,0.5,0.6,147,6.22562880464277,14.405454149247484
11,51,0.36291164711345936,0.8088608200234136,0.7884098104347396,1.10878886753127,0.3104412536869662,0.18142360992630543,0.1389643475026803,0.21595639972532726,0.6,0.5,0.6,156,6.322766866328275,22.18838369400936
11,52,0.3571058548200089,0.7837213564984125,0.761968061775002,1.0679165713291707,0.30622643939186645,0.2172673005045403,0.1289415389047566,0.17929543840422707,0.6,0.5,0.6,158,5.562948183055712,18.74853409458036
11,53,0.3567999850192178,0.8006734460598517,0.7813578296794123,1.0793884288367386,0.31383813106463593,0.2202086048472443,0.12743432540229896,0.17799389601186041,0.6,0.5,0.6,159,6.1470215251581175,26.522071712056064
11,54,0.3536502503268009,0.79382563247142,0.7765578755097879,1.074524640069589,0.33426285053376603,0.21643142597949827,0.12941006621775292,0.1774773209068853,0.6,0.5,0.6,160,5.704712578705857,18.60547914240272
12,0,0.9390492818260251,0.7799388909785147,0.41818772727326675,0.014936837162537166,0.0,0.0,0.0,0.0,0.6,0.5,0.6,1,7.849576809535999,77.45147867620265
12,1,0.7353918810302071,0.7495383343085182,0.4328785766682339,0.09674042791390979,0.4501214887143148,0.14214127634577478,7.576752351097e-05,0.00013339109765937,0.6,0.5,0.6,3,5.184735081686418,55.23371138798873
12,2,0.5838472505510874,0.6909337000717367,0.4109101895107706,0.10914185258299143,0.38020248600377193,0.16234515265777796,0.0003199164501231,0.00056322292802711,0.6,0.5,0.6,5,4.400365657462251,39.99616287373794
12,3,0.5499063532148538,0.6704847608398247,0.40027700498930224,0.11615053419178377,0.18200558392516475,0.1693748059858785,0.00066807919509302,0.00117617434261196,0.6,0.5,0.6,7,4.640048886343632,27.85133199595132
12,4,0.4788383027945392,0.6204137994950943,0.3732278423564894,0.13433957975195307,0.48415274821009724,0.18390394020455608,0.0006353957044499001,0.00176349553167576,0.6,0.5,0.6,8,3.9306491615765777,10.115252203418668
12,5,0.46034021719291707,0.6209738348214514,0.3764459850212098,0.12660028808975177,0.10353033781094907,0.1577769256714821,0.00075235895313723,0.0018005042008515202,0.6,0.5,0.6,10,5.060876252234371,15.735199624275424
12,6,0.43969696429939303,0.5854773083991883,0.34647401149645723,0.12518902338816465,0.21534412844994735,0.1566739690711921,0.00141270748373568,0.00514273503559653,0.6,0.5,0.6,11,5.588488603435474,13.612305799595733
12,7,0.4742593017770205,0.6237804213884957,0.39940401884124616,0.19859028503575876,0.4102884772225337,0.19722313099035885,0.02661128709689368,0.07004108763697289,0.6,0.5,0.6,12,6.962919214349907,15.09177435135257
12,8,0.47317359025935696,0.6412412513784473,0.41901472746507196,0.21521298152418644,0.1769613071602111,0.19722313099035885,0.02661128709689369,0.07004108763697289,0.6,0.5,0.6,14,6.9308321156679416,14.331607878982766
12,9,0.43709159330635583,0.6053625711527146,0.38804083415247304,0.1911029192017643,0.19005304133830092,0.17390615213353436,0.04117005456228348,0.04242157943371857,0.6,0.5,0.6,16,8.674591721965626,29.96185954453132
12,10,0.4368125927727991,0.6235930096560177,0.40804594195796307,0.19874404194938528,0.15036738668287564,0.1739044828400451,0.04099426824037278,0.04224677592642357,0.6,0.5,0.6,19,8.652020255813587,30.158058299889092
12,11,0.43954620388285437,0.6077452633798268,0.392822421119252,0.20007535030198603,0.19721294141393092,0.186938355124966,0.03867983140871669,0.04570434204224769,0.6,0.5,0.6,20,8.160491424004325,35.636132197168045
12,12,0.43774529991744315,0.6057530177286488,0.3932545565929601,0.21472860066075553,0.1827696001025393,0.15689798584299666,0.03880423958037387,0.08269775642005277,0.6,0.5,0.6,22,8.911869083531988,39.18037276426813
12,13,0.44586652215234135,0.6130138018278967,0.4061190937081699,0.24369978917577245,0.2754448528559608,0.20248942958509197,0.03885486998076203,0.07315120917329333,0.6,0.5,0.6,23,8.577014767704643,35.529521525742794
12,14,0.3834369582389253,0.5445263434368258,0.35479134722746697,0.24046759289175532,0.2530082455161626,0.11887520194232624,0.04493865542317533,0.11099892347850245,0.6,0.5,0.6,26,7.475588617744935,60.07742408840715
12,15,0.37557971762985903,0.5356884512261955,0.3478484395370938,0.23929312492510438,0.17171772655070106,0.11212299991469798,0.04506787141400931,0.11102444865313783,0.6,0.5,0.6,28,7.510374857300991,60.91743955901632
12,16,0.3637635756386597,0.5381896000441678,0.3592372584236309,0.2656722876800336,0.27416678081345713,0.14657267277260272,0.07058997843741358,0.05921344701829014,0.6,0.5,0.6,29,8.230222121089785,8.170821481062399
12,17,0.39044675019846425,0.5757055370760957,0.40922925885025285,0.33008611976125646,0.2921752301656646,0.1398671175630123,0.12005617915329514,0.10232199228787145,0.6,0.5,0.6,31,12.34970674138465,4.713767748096585
12,18,0.3408726950420721,0.5197842725912218,0.3608513821963036,0.2955571299285496,0.19929675719545262,0.15890462865587981,0.07616749636225822,0.058943995464730226,0.6,0.5,0.6,35,8.20251171407757,5.165439202961417
12,19,0.3402394458700104,0.5374649424474797,0.380492689045626,0.30544826348509324,0.1702994345152321,0.1584437977578799,0.07611950027047883,0.05900134088222868,0.6,0.5,0.6,37,8.243039298353818,5.371596732043018
12,20,0.34028225024081077,0.5374439300069955,0.3805522842113051,0.3227972251732042,0.17009185040595548,0.15877076241886975,0.07618459549734938,0.0589301507356201,0.6,0.5,0.6,38,7.890001166341227,5.438697733730493
12,21,0.338780069801088,0.5123752018745633,0.3591793096666603,0.32559859512272477,0.26405714468255864,0.16960273263107362,0.07553130954574225,0.06098413144673156,0.6,0.5,0.6,39,8.030250705506536,9.281122535696754
12,22,0.3669335632040583,0.5400203694672059,0.3873452375173067,0.36123093883450574,0.2135472543274518,0.19278142093571346,0.07163073665423868,0.08935984638999388,0.6,0.5,0.6,40,6.2223742635831005,3.4510725756722747
12,23,0.2996683917475946,0.4537552164805046,0.3187694471621652,0.32078596151744015,0.45039356519305024,0.14266738091561307,0.08085881176899962,0.06372465127380979,0.6,0.5,0.6,41,11.592629946467127,4.701881996143444
12,24,0.3177470646580446,0.46811137678370807,0.33624853141489286,0.3527420302509937,0.23711376329752823,0.13487676691524345,0.07564670885870564,0.1131527900603356,0.6,0.5,0.6,42,12.224208602071814,4.248404250229972
12,25,0.29998742200394035,0.46559357767512005,0.33817270634951835,0.3526720758956032,0.19456845303338763,0.1326872425193789,0.07710971183148349,0.09063651157911425,0.6,0.5,0.6,44,10.50610628045726,4.615856669770077
12,26,0.28762877007551374,0.44341407788255016,0.3236798873316805,0.3565341681007759,0.29409902748109934,0.14007368117336894,0.07759340036664354,0.07878247534034667,0.6,0.5,0.6,45,10.593033602546456,7.090311287605783
12,27,0.2876287686799251,0.4619237297766255,0.3439309889891015,0.37479734890825883,0.1701104917672834,0.14007368117336888,0.07759340036664353,0.07878247534034674,0.6,0.5,0.6,47,10.593034548312952,7.090310871361878
12,28,0.28762706255902815,0.4804299924522144,0.36418011272945794,0.3933568390258606,0.17012108963925446,0.1400736811733689,0.07759340036664357,0.0787824753403467,0.6,0.5,0.6,49,10.594207525380916,7.089795089925555
12,29,0.8192042131528348,0.9643334098187932,0.8524971844582975,0.9210033606113162,0.7751845115428426,0.10923908828283824,0.09153979678991317,1.0,0.6,0.5,0.6,51,12.261505476664116,14.778296296446657
12,30,0.8125207999734297,0.9755249063310072,0.8658874717475484,0.9263458504999595,0.7088695251928259,0.10973572406536575,0.07865625149827728,1.0,0.6,0.5,0.6,53,12.156585758881466,14.867134756900128
12,31,0.8096175234190296,0.9904211745127677,0.8830352812950677,0.9501120970940935,0.7045163386570432,0.10996958398220512,0.0737684356286029,1.0,0.6,0.5,0.6,58,12.417995540575989,15.540246675548143
12,32,0.8153842666586377,0.9950861218328113,0.8884881849282861,0.9639520351903923,0.7222898301692189,0.11108660879190642,0.0858051922396342,1.0,0.6,0.5,0.6,59,12.47040350992799,14.612003621093455
12,33,0.8108740270360885,1.045990241992657,0.9446985605113354,1.006915885994048,0.7054047935600356,0.10984595902928943,0.07846399913258793,1.0,0.6,0.5,0.6,64,12.708245810968808,15.30786494220191
12,34,0.8110906227385447,1.0461634350966702,0.9449026446876686,1.0033512179894504,0.7058903752003385,0.1098544752399187,0.07895903550441218,1.0,0.6,0.5,0.6,65,12.70381123149796,15.30604756676878
12,35,0.8060917462478117,0.9923707950867237,0.8958101744435859,0.9715556144188489,0.7595880271705441,0.11446577325945727,0.08191118701931584,1.0,0.6,0.5,0.6,67,12.53041313947848,19.031904222004705
12,36,0.8004050627721274,0.9872143880730062,0.8902937710371028,1.005597770905537,0.7514589729876963,0.10787956236759426,0.07765216007312879,1.0,0.6,0.5,0.6,68,12.783310750755948,17.329132584998433
12,37,0.8004009160818836,1.00571443718137,0.9105389954552461,1.0181468334153188,0.7037140592216644,0.10787956236759419,0.07765216007312878,1.0,0.6,0.5,0.6,70,12.7880972742909,17.336947186664897
12,38,0.8056362855086723,1.0310932998555407,0.9365461128983066,1.0524130267424736,0.7105420484312585,0.11084089470457081,0.08211894758997232,1.0,0.6,0.5,0.6,76,12.076086185888638,12.470203800763068
12,40,0.2975390064649819,0.6145258127172317,0.5433180649080128,0.6748494117407668,0.22056011437370382,0.11688581514412812,0.08603239101868723,0.16649339499837357,0.6,0.5,0.6,104,11.318639812884228,11.671189142704526
12,41,0.2753833540716772,0.6103047280200933,0.54120531321364,0.680727133091714,0.1922439971373876,0.10917896333574581,0.09442678245835348,0.13089046215801114,0.6,0.5,0.6,110,11.092813912124544,11.600445361829562
12,42,0.24932189432346613,0.5838533132154573,0.5150022974456698,0.6648890970639061,0.1694647859916495,0.12163343106875439,0.08782254018191306,0.08091697025204285,0.6,0.5,0.6,111,11.280245102122048,11.618347374875643
12,43,0.7958994215175905,1.2048564297249431,1.142724930986359,1.487129425209651,0.7119171814843547,0.11420751240842557,0.08649715163843391,1.0,0.6,0.5,0.6,152,10.48931525668396,11.809404805950924
12,44,0.7933142058041602,1.200685109785951,1.1395619964806405,1.48959147474068,0.7183763961330013,0.11411558992219976,0.08344410946098499,1.0,0.6,0.5,0.6,153,10.722758682490433,11.777484055110545
13,0,0.8613597075825092,0.7525527346509535,0.4014652296590585,0.013138301163168107,0.0,0.0,0.0,0.0,0.6,0.5,0.6,1,11.250381186575998,75.01736385324266
13,1,0.7123534263032725,0.7381783669670392,0.42583676127512265,0.09574200581361775,0.3985268202025802,0.14169865201242365,6.355485893416e-05,0.00013592261999961,0.6,0.5,0.6,3,6.213831816250575,54.2030754690544
13,2,0.5902682851459926,0.6953762846251436,0.4140921794669895,0.110550952192995,0.3362306793176145,0.16432086945476576,0.00029020614785213,0.0006206540399518,0.6,0.5,0.6,5,3.320600260970114,36.599472635690205
13,3,0.5527610212492722,0.65195400706896,0.37772845491257606,0.10876804439340189,0.1679764191287046,0.16083161136112106,0.00016112668806701001,0.00036336253384282996,0.6,0.5,0.6,7,3.3803653766186352,22.42176435627645
13,4,0.49041100220223705,0.6039939567418068,0.34272602148133274,0.09967201065247551,0.15199071273058654,0.136358594508171,0.00014559054718273,0.0003785865907652,0.6,0.5,0.6,10,4.130841003153669,36.23816907904671
13,5,0.5107440301235969,0.6458149923328609,0.3896582492341658,0.1408846818355062,0.1685805483416399,0.17418846891041734,0.0033738310111655805,0.01313453160974597,0.6,0.5,0.6,11,3.5298410182139635,41.83382066919882
13,6,0.45326830966885645,0.594003350366911,0.34544700741161266,0.11585622306630435,0.14332385856447286,0.13041727504031717,0.00103013185230725,0.00503809708686302,0.6,0.5,0.6,13,4.960137840613661,35.53970979710151
13,7,0.43150925627314896,0.5785500948601684,0.342843299261761,0.13337968304305126,0.30712343954105586,0.14866036611651665,0.00343679883579555,0.01403421487237758,0.6,0.5,0.6,14,3.406303060904672,33.44083710923571
13,8,0.42747385473185684,0.5751977906068383,0.34162057692785414,0.14545827194893346,0.13592203250848095,0.15221162144003195,0.00379297212029997,0.01371432491471562,0.6,0.5,0.6,15,3.302359397411595,34.23428842323501
13,9,0.4122277281880495,0.5609804138991022,0.33129398506201546,0.1356085415961558,0.16042743480220295,0.1445104367557443,0.00357961130489717,0.01455145477014122,0.6,0.5,0.6,16,3.7144575209156594,37.53625689597521
13,10,0.39680156536660127,0.5647236944808677,0.34111447912024195,0.14623903129564222,0.12850282114197106,0.15290707823439945,0.00075556138395711,0.00245589420909223,0.6,0.5,0.6,18,6.071397920454394,29.211439077341577
13,11,0.3750792921934384,0.5436806038964755,0.32944953076242295,0.1485453308065246,0.2512422585384521,0.1531548765436546,0.00125601613966034,0.00686075980327846,0.6,0.5,0.6,19,8.270514753076887,22.19412981377268
13,12,0.3642313814227634,0.5312417768243587,0.3249945826210344,0.1604596964515263,0.2309626912480316,0.166652877989454,0.00162807078750609,0.00649501265301201,0.6,0.5,0.6,20,11.346932767167168,34.55525058920245
13,13,0.3594697916504933,0.5258378833712382,0.3223212437422117,0.16220554000630638,0.15060577592167929,0.1670917137905473,0.00133538578651894,0.00898121773648676,0.6,0.5,0.6,21,13.532808335696526,28.65736841071858
13,14,0.3448650659315746,0.5082774826993908,0.3134033281006897,0.1712108358609183,0.18082358018210143,0.16115561785057997,0.00337361935034683,0.02094359422129856,0.6,0.5,0.6,23,11.560704972684707,27.57389617509288
13,15,0.363448508523722,0.5267463980868177,0.33238033109987586,0.19091649048455478,0.13967788054527772,0.148569822153464,0.01153258702451261,0.05968652436446893,0.6,0.5,0.6,24,10.920934622257592,30.944473517232467
13,16,0.3187579313328525,0.4964089010794944,0.31217580136327644,0.17088743298534617,0.23891991438281482,0.1582323492101407,0.0029559177578921798,0.01167772658325493,0.6,0.5,0.6,25,12.817152770625569,26.631730519872274
13,17,0.3194123148200434,0.4945045326193104,0.3145363544726315,0.20639889618974108,0.12620385879050444,0.1661546571592412,0.0033220561731341,0.01853153392719607,0.6,0.5,0.6,30,9.662960282481592,11.644028035161794
13,18,0.3290156910885538,0.4834459989916199,0.30503815020179836,0.21270439635405558,0.18168094571117865,0.17105407142673074,0.0091094385779108,0.03536063715919396,0.6,0.5,0.6,31,12.700816046105915,34.98500033149414
13,19,0.3003651783448132,0.4726733454540085,0.2969247893810146,0.19194659068930436,0.1162434013656975,0.1446018335450899,0.00430083951984195,0.0209448676319738,0.6,0.5,0.6,32,9.722894370580237,23.247858968679317
13,20,0.27693236831136303,0.43089210266756806,0.27711033403087615,0.209115164042405,0.4714852861577627,0.16296036201598862,0.00784223861768464,0.02402445637568138,0.6,0.5,0.6,33,11.47677152537517,25.76204891274817
13,21,0.2662071818946009,0.43394820987622174,0.286645620267469,0.2082879427605788,0.18989783955851436,0.16379127134182966,0.0043674242099274,0.02061214185794481,0.6,0.5,0.6,34,10.98147342406266,23.9158371700773
13,22,0.2536143362031541,0.38941149976571654,0.25249777669113127,0.21123135933962223,0.31380149435574706,0.16670347414152464,0.010556713697391081,0.02108565322102907,0.6,0.5,0.6,35,13.05602137550468,20.70228254536052
13,23,0.2414744086557809,0.4139141005236463,0.2809745996285585,0.2362359798197265,0.10875209603406427,0.15431641853839878,0.00382179904091236,0.02032669362349607,0.6,0.5,0.6,40,10.249402835068464,24.23859272701844
13,24,0.23632472763890702,0.398069426300531,0.2737343362345316,0.23089554936887544,0.2500842016023022,0.1537680007782574,0.01180029588924288,0.024648081191078492,0.6,0.5,0.6,41,11.598502617017134,22.62941280094256
13,25,0.23321392180865314,0.3840342525977694,0.2680342039039921,0.25707319091037806,0.254816301322955,0.1638873234764029,0.00882904879420337,0.02928954411025126,0.6,0.5,0.6,42,10.822691426767696,23.692256264402715
13,26,0.22456577823815532,0.3927865304216806,0.2793939271737194,0.2393050430042305,0.12760891966829863,0.1588654698054031,0.007397175927701361,0.02294858668544765,0.6,0.5,0.6,43,10.201554916212077,24.76584930656928
13,27,0.2149275913838882,0.375730570317329,0.2676734513014065,0.262464088680372,0.19502864406521478,0.15731686786847754,0.00443938781513845,0.02137333113927441,0.6,0.5,0.6,44,10.355279153940394,21.70031230691832
13,28,0.2134920883115769,0.39104178848224086,0.2859716141611763,0.27288700745920236,0.11945850948426387,0.15731686786847754,0.00443938781513845,0.02137333113927441,0.6,0.5,0.6,46,10.419520256771207,21.4489859589237
13,29,0.21229477848237788,0.3890503050040211,0.284540249198278,0.27926761370733,0.1134113689937194,0.15640026998841167,0.0043008118486804695,0.02148355353420828,0.6,0.5,0.6,48,10.383897543814369,21.243926882957386
13,30,0.21243367677076005,0.4059657691406903,0.3044126982193866,0.28427120920915805,0.1300690419510238,0.15737106201243115,0.00613813806556027,0.021527480154093278,0.6,0.5,0.6,49,9.582188405967164,23.4686501029995
13,31,0.21013109686746176,0.3843327602533513,0.2816118348715353,0.31398805690055537,0.11108456460926763,0.14937897349124246,0.00546709352631498,0.02732871333513575,0.6,0.5,0.6,53,10.430519047058617,23.546087097206776
13,32,0.20479892947052344,0.4470024324367834,0.355398118472131,0.31384072276029074,0.17515503219885573,0.15172660004533087,0.00928318180669705,0.020618647213013718,0.6,0.5,0.6,54,11.345978438627922,20.340430765492933
13,33,0.21472091275886873,0.4535277139722096,0.36421603171891936,0.3396785556670108,0.12664902962805197,0.16341033586692538,0.01412875206269241,0.025585605096482673,0.6,0.5,0.6,60,10.467124654322893,22.31686511611284
13,34,0.21576892462734418,0.4353871693702426,0.34478866866357943,0.3527258746206625,0.1256693728817973,0.1649560592917571,0.015845768436007428,0.02517066051983689,0.6,0.5,0.6,62,10.58621929881551,22.28972027637838
13,35,0.21539601185969967,0.43379474794969786,0.34401028250595456,0.36765555641623465,0.12688590277775627,0.1658205088644941,0.01613692592824937,0.02489384889665789,0.6,0.5,0.6,65,9.778603424447535,23.562378638894533
13,36,0.21606994670453866,0.4528950249405148,0.36490758232697634,0.4033768084027907,0.12345681030657453,0.16739176689824686,0.015799577181348782,0.024825570636339,0.6,0.5,0.6,69,10.352146613714776,22.29779154238525
13,37,0.21278981007402695,0.44356203161883423,0.35956187153761726,0.4063784078962942,0.15639523891225257,0.16733140071229,0.01600542706637484,0.026226239722873378,0.6,0.5,0.6,71,10.872627222050015,21.969193933065355
13,38,0.21214444764086446,0.45895566013724576,0.37830050788642355,0.41937621948854603,0.13810931805175877,0.16746288249637134,0.016141645168871722,0.027651391039286884,0.6,0.5,0.6,73,11.091251351552666,22.19994208485871
13,39,0.2118205033172783,0.43914222895371585,0.35737777285220307,0.4184255665511068,0.1356785319153327,0.16839658573099062,0.0162548121569015,0.027156495634171267,0.6,0.5,0.6,74,10.987499936895848,21.924314512525356
13,40,0.20303356347834728,0.4994095097080716,0.427797421901443,0.4150878367293845,0.1373427208473568,0.12112858702868808,0.0630185810787762,0.02614102022855281,0.6,0.5,0.6,77,6.677706929578858,29.466287289651703
13,41,0.3240949255837227,0.8310211008811099,0.7090669050312891,0.6095573316537618,0.18154414239617744,0.1342796613859249,0.11000709212035087,0.04291360641546932,0.6,0.5,0.6,101,6.288173058162579,33.38044946051556
14,0,0.9752609396480816,0.7919731585193267,0.4255360847515988,0.015727517808782957,0.0,0.0,0.0,0.0,0.6,0.5,0.6,1,5.887452429156001,76.27125196248933
14,1,0.7761873141382849,0.7679112160606388,0.4436573803785709,0.0968914710925119,0.4254698447852375,0.14024210945051813,6.607172413793e-05,0.0001573838658505,0.6,0.5,0.6,3,3.1502266968923798,54.07514495414201
14,2,0.5654862870671207,0.6799598419852407,0.4050541244335371,0.11043897517954931,0.4851369542107139,0.16528102299718145,0.00046957113685936,0.00111852568969543,0.6,0.5,0.6,5,3.4768428018020345,30.119522402939168
14,3,0.5585538282765745,0.675896673330547,0.4031360890851508,0.11543668552782987,0.11887199155483912,0.16728671632801156,0.0005953169553379901,0.0014180541685555798,0.6,0.5,0.6,7,4.31528583929657,26.605313822432706
14,4,0.4985268710871885,0.6124708217795122,0.3515963283736029,0.11318151279969946,0.3120549631713516,0.15150645048272793,0.00039028475802904,0.0008391804678686899,0.6,0.5,0.6,8,2.1614323836366,15.290691704762096
14,5,0.4719907213024156,0.5929241790305395,0.34073317998404146,0.11920159304709946,0.16459203109339848,0.1555655621546253,0.00055546406837387,0.00123264013249496,0.6,0.5,0.6,10,3.293801114107197,9.75466127113866
14,6,0.4709295320566865,0.6128886197042216,0.3663412577005197,0.13196863169313813,0.16895915226643912,0.1752457881881048,0.00036545265439537003,0.0008381326260089699,0.6,0.5,0.6,11,2.908630467815057,10.170534339059945
14,7,0.4770511981228748,0.6268654904334103,0.40789580947106857,0.2146619745241034,0.6370947752065461,0.18972393699661114,0.02186390183531066,0.10978069595957432,0.6,0.5,0.6,12,9.314235758423806,10.858523613020228
14,8,0.47124438189438345,0.6394403383228134,0.4245230279946801,0.23386589394715748,0.20915571397718874,0.18972393699661114,0.02186390183531067,0.10978069595957445,0.6,0.5,0.6,14,8.785395796734852,11.735087071933828
14,9,0.43901941517472615,0.6069660178893538,0.39506706184461554,0.20863754310187013,0.1903358161742095,0.13932627230351005,0.037157403763369665,0.1062291855416168,0.6,0.5,0.6,16,12.589778748340422,9.329194635884347
14,10,0.4376849874584549,0.6240742279392762,0.4144624035560664,0.21648802362371933,0.17471991697722483,0.13932627230351005,0.03715740376336963,0.10622918554161678,0.6,0.5,0.6,17,12.3548192265113,9.748832434625362
14,11,0.36734248116449697,0.5534984784285434,0.34557489805915875,0.15814802744089365,0.12698582908425446,0.1508305591557891,0.00269044355250751,0.013047212595183249,0.6,0.5,0.6,18,6.325861091456279,25.93387368496809
14,12,0.4089704275019204,0.5927722238038654,0.3945570341942633,0.21253212700276822,0.32092573771023397,0.2056936325590702,0.01215468200657496,0.05730839446089793,0.6,0.5,0.6,19,7.677134695520263,13.1245226675258
14,13,0.38800706748645086,0.5872368783619794,0.3985752466023659,0.21541579029569458,0.20202119289971204,0.15360827784794867,0.04463163191685127,0.07569256412934926,0.6,0.5,0.6,22,10.595416366268516,10.881057884221113
14,14,0.3355145989672736,0.5342077426805347,0.346696857911394,0.1745064928642957,0.1284577625675084,0.1645564863107068,0.00359749947918305,0.01548323742923475,0.6,0.5,0.6,23,5.1138128410461805,28.081581185062745
14,15,0.3298036599728314,0.5455541707081424,0.3626789327578165,0.19509705446034442,0.13349310756574934,0.15953811510504767,0.00468583170583265,0.02004402296138868,0.6,0.5,0.6,25,5.0952701465223935,28.38096580596606
14,16,0.4085887076847128,0.6242435643538702,0.44155387069152463,0.2775260176295487,0.19227339510189634,0.18223964911570306,0.0216219014934145,0.11517219959099845,0.6,0.5,0.6,26,11.162667181283272,18.77987514090938
14,17,0.3271548059829436,0.542109597493505,0.3607207457818662,0.2023290262830288,0.12098200442059649,0.15365278519697634,0.00595140254797929,0.02549607140203235,0.6,0.5,0.6,28,4.707156984547614,23.361022428942217
14,18,0.32355520770795926,0.5372388035321596,0.35809962672405915,0.20299987339882014,0.14775750491854953,0.14207918010380075,0.01099717385192607,0.034376023439552324,0.6,0.5,0.6,29,4.2530057488561495,14.953380986253848
14,19,0.3233306293546166,0.5554578299410207,0.37817322445291307,0.21246037589966316,0.11228666874614898,0.14207918010380075,0.01099717385192608,0.03437602343955233,0.6,0.5,0.6,31,4.269719866469819,14.771551167680618
14,20,0.3225048195696552,0.554179423181777,0.3776624811061036,0.21933591063447605,0.12448172220842717,0.14312594446348015,0.01131681432767838,0.034217637754989635,0.6,0.5,0.6,32,3.830648697280488,17.264395328597555
14,21,0.31817969852997147,0.5288244597056558,0.35459356943416565,0.2158437868381745,0.1481405617817392,0.15518301449830982,0.00816053038391002,0.030621305679580917,0.6,0.5,0.6,34,6.089180159326853,16.708187071549617
14,22,0.313514834301562,0.5414386185505647,0.3707897466806774,0.2404330134419602,0.11935849131179219,0.16959207592715816,0.00196072459712216,0.0194312127687093,0.6,0.5,0.6,40,3.3969893935898403,18.410174267900448
14,23,0.3315967619407564,0.5756099740702918,0.4101679454962264,0.29503765558110584,0.1530393702133648,0.15444306156125434,0.06047017672026621,0.026757727867590418,0.6,0.5,0.6,44,7.4727666225141345,16.457504066179954
14,24,0.32194678217347306,0.5613308389247104,0.40183029118628927,0.2950431215835773,0.2357763802646079,0.15752841021145958,0.05317246243853505,0.031386626702539985,0.6,0.5,0.6,45,9.211165677398029,10.81409673445208
14,25,0.30228404978177714,0.5218833855375065,0.36218481490521,0.2767825538989266,0.1479140924960056,0.13252473531106332,0.04333668865959363,0.03629683099243406,0.6,0.5,0.6,46,7.574367243449298,18.32623595924984
14,26,0.30299518492208505,0.5400105535176257,0.38334902497710704,0.30464340895852343,0.1363860030659056,0.1451022602969769,0.02968121609173251,0.040007002038287956,0.6,0.5,0.6,48,9.497764624402372,21.28506980250316
14,27,0.2830867323210793,0.5252258583697864,0.3845003113359126,0.3023435815983522,0.35869388800357477,0.14380469431409124,0.04679658377227734,0.03230786719768845,0.6,0.5,0.6,49,5.871221056000434,21.12131181816697
14,28,0.27652403453216656,0.5158631788751695,0.3778136577591754,0.31280071681859273,0.1410018040613077,0.13451886350182216,0.0490902426281206,0.03553199611560568,0.6,0.5,0.6,52,6.600284372303619,19.71876034409991
14,29,0.2794332891878258,0.515498789665502,0.38048627875867763,0.33350786609497535,0.15859980405895194,0.1377769976703089,0.05388918279588863,0.04066696558594812,0.6,0.5,0.6,54,7.391797146561944,26.86403861366752
14,30,0.2791251260515643,0.5521622036023001,0.4206724728094118,0.35621501486922535,0.13390646468583017,0.13732905835417045,0.05386624161050996,0.04071103981582226,0.6,0.5,0.6,58,6.756494636863273,19.89653484474884
14,31,0.3781339413069954,0.6588318709316605,0.4972905694511277,0.4978385533444591,0.189614140509818,0.15400815147027092,0.06390525746127754,0.10312220521470442,0.6,0.5,0.6,74,3.532304309461452,27.884332570276356
14,32,0.3385397350490343,0.5888168168153161,0.4593859350083968,0.4920941515290114,0.20114791062048343,0.15523078033059942,0.08114637703312719,0.10828315005968905,0.6,0.5,0.6,77,3.0017301494582718,34.52145999984416
14,33,0.2421584634139173,0.49159011456148044,0.3629150420082334,0.38397091785871224,0.1095919152372948,0.13683531418435696,0.01949292267724135,0.01924704719725247,0.6,0.5,0.6,79,6.764703000804703,12.311830938710848
14,34,0.3208841354550667,0.5872762288847144,0.4616750589277063,0.5062786021043946,0.20643133744218378,0.15405275758473164,0.07143665115149589,0.09307390233665189,0.6,0.5,0.6,80,3.5446803275225363,34.72964016578833
14,35,0.2528335098198264,0.4503849847353032,0.3304773089131609,0.41832263738182235,0.30638769027861523,0.14381599469138462,0.04341181824827818,0.03779325885541734,0.6,0.5,0.6,81,6.5065294741344175,21.40042356129229
14,36,0.249094806409573,0.46210142486348055,0.34629627370908966,0.42261091175640425,0.16795389904737698,0.1572222067301241,0.03257132073745101,0.03220453028207229,0.6,0.5,0.6,82,7.976676938800653,19.67843803093061
14,37,0.25668567705484086,0.4683270638189901,0.35356783587238055,0.4386283929671833,0.15575788693091414,0.15542799865732077,0.04755885774861696,0.03636225258041411,0.6,0.5,0.6,83,7.83127892371895,19.671512596025973
14,38,0.2541175887291378,0.46559545155003285,0.35096119931883224,0.430646818341546,0.13846433554960333,0.15542334991391893,0.04274148774582104,0.036363432572414825,0.6,0.5,0.6,84,7.8343236207155,19.68145473146044
14,39,0.25260521703325517,0.45957357785074754,0.3483387314214289,0.44926050422470787,0.19414809642059472,0.16897919266086048,0.03060324050183938,0.03743691367374487,0.6,0.5,0.6,85,5.567327612225008,18.885200264508125
14,40,0.24307855197027695,0.457807207061554,0.3561073470125564,0.46424464184906167,0.18091617626594286,0.15262441359868043,0.03254842734782511,0.05173618623663353,0.6,0.5,0.6,88,10.383852199488125,31.282633503314884
14,41,0.23822903409191964,0.4283174676513955,0.32915719516639613,0.4724772833711426,0.17357064705283826,0.14855165694638406,0.029569008882657538,0.05831625572897451,0.6,0.5,0.6,90,8.265564785047632,27.77589033489881
14,42,0.24419114991385005,0.45278182528234057,0.35537056667738715,0.5139362690375902,0.14490042559519767,0.148833858890155,0.03158658423653697,0.06630925983745913,0.6,0.5,0.6,98,8.453164941219747,22.853090555119756
14,43,0.23998833201997727,0.4610439150872435,0.36948732407357954,0.5346421473733087,0.17846740959158283,0.14905464017835093,0.03238844615912758,0.06594680335702287,0.6,0.5,0.6,100,8.46255660624212,22.91212825721297
14,44,0.2939200032414059,0.6256497217664532,0.5447966920626997,0.7446587830459419,0.19956344890159944,0.17277121978557095,0.06418072254617649,0.1060724094487578,0.6,0.5,0.6,124,5.561715084083797,33.51357196124676
14,45,0.2929250659071283,0.660283863044755,0.5838424702750165,0.7814825599065086,0.20314233215681954,0.17277121978557095,0.06418072254617649,0.10607240944875784,0.6,0.5,0.6,128,5.571018776299804,33.09547130659987
14,46,0.28683790632467776,0.6163187752481651,0.5369672033798762,0.7429315387265399,0.20201048750770312,0.17056070687585545,0.0718819704798547,0.09274044377155212,0.6,0.5,0.6,129,7.580798422907674,14.797106098652009
14,47,0.28859279414645306,0.6333397264607534,0.557877658942578,0.7610673412922826,0.23389675492971448,0.168853519599188,0.07915046663080808,0.09510346203286246,0.6,0.5,0.6,130,8.370889765029945,14.296990644124264
14,48,0.2841131680826567,0.6652959988719062,0.5937004367883881,0.8105206284626134,0.19464148115801888,0.16906983435533193,0.07255132368705493,0.09358981782042795,0.6,0.5,0.6,138,8.329281067755325,14.477427706915812
14,49,0.29420862641908724,0.6750819224710086,0.6036897422384695,0.8307414475428349,0.2050114477296595,0.17413950786405613,0.0822479667121367,0.09761985125895524,0.6,0.5,0.6,142,8.095222354103942,14.449958653204666
14,50,0.29123923009789454,0.6527975997269222,0.5801916305583775,0.8295086969116463,0.2046026033576548,0.167530738503854,0.07403164359285237,0.10704332905353128,0.6,0.5,0.6,145,7.903256458875186,14.447220686666578
14,51,0.2879178912678372,0.648509292214987,0.5765352855759603,0.8307891175794812,0.2093615082145976,0.16947780032121446,0.07427710689883076,0.1004495552991392,0.6,0.5,0.6,146,8.060234830065408,14.442623045477552
14,52,0.28123038357865715,0.6956208243083314,0.6299964138419129,0.8483993664011099,0.19720407002593424,0.16866648759504704,0.07272580319889346,0.09334021407450012,0.6,0.5,0.6,151,8.476822891914196,14.44375770281142
14,53,0.2874250437645454,0.6639766207591703,0.5954000338418841,0.8600774037290695,0.2031706125371388,0.16907646334309068,0.07948832588132806,0.09852549171637705,0.6,0.5,0.6,154,8.320216088058036,14.595733440218948
14,54,0.25403009546470473,0.6853966961553869,0.6225172946662104,0.9024283814080227,0.1681231389731982,0.15457206208756913,0.06838923713500249,0.06745393956792886,0.6,0.5,0.6,165,5.711390958697224,19.489249300338823
14,55,0.2519636957355196,0.7171185314796322,0.6597848336615112,0.9457330052101135,0.17568383484543998,0.15457209869027058,0.06838923568375492,0.06745393958772514,0.6,0.5,0.6,169,5.652346184934288,19.12217938640409
15,0,0.8337084175677467,0.7422355299258461,0.3951652247368706,0.012460375067035893,0.0,0.0,0.0,0.0,0.6,0.5,0.6,1,13.151939167715998,78.34549476771599
15,1,0.6907530339455111,0.7316687035473964,0.4253674189448717,0.10372631458337778,0.4238931300174578,0.15670333936472275,7.179661442006e-05,0.00012948718442359,0.6,0.5,0.6,3,7.858671749721121,55.97333114977926
15,2,0.5890689142406368,0.6796001371982786,0.3991466310930546,0.11635380979527983,0.31752471548699585,0.1799912433277141,0.00028718645768024,0.00051794873769438,0.6,0.5,0.6,5,5.1055966944626965,41.17856920712445
15,3,0.5198496830610333,0.6340685273953544,0.3734944779017687,0.13076803094447556,0.43554635840187783,0.18880601524117244,0.000303692849772,0.0008942071474675499,0.6,0.5,0.6,6,10.044052947868236,26.85470336455244
15,4,0.4463702738880383,0.5939545646319865,0.35994995565292714,0.13950679993896703,0.31993041802351335,0.19698836393575966,0.00044891329764187003,0.001156116250944,0.6,0.5,0.6,8,5.466045604944654,14.3270546105004
15,5,0.44538343899112853,0.5930431118330369,0.3592881436563171,0.1445367285999175,0.12086045769612551,0.19658226376083662,0.00043214821704249,0.00112587996332816,0.6,0.5,0.6,10,5.73401446658434,15.0696114922559
15,6,0.4330305339159276,0.5634106384782449,0.33279182770391796,0.14593847615541258,0.199318880455097,0.19837053085519935,0.00058938603799794,0.00154613146025937,0.6,0.5,0.6,11,7.354580839097595,15.916934827006653
15,7,0.41672069952620044,0.5477441027905037,0.3217046001035623,0.14578703284415628,0.1902861603686547,0.1919081172213577,0.00056864371652945,0.00151615315820104,0.6,0.5,0.6,12,7.379207416956812,17.67301117086338
15,8,0.40846083375462905,0.5579995702791288,0.3433409852568725,0.15865240582551887,0.21078957964813894,0.20415249973157237,0.007429250759719929,0.01105735801489642,0.6,0.5,0.6,14,6.826259740780188,13.19934225207328
15,9,0.3801205928102151,0.5111300985622539,0.2950914432772348,0.13875299540544667,0.10838205199830579,0.17023184840284464,0.0026753550340632903,0.0032200244029113,0.6,0.5,0.6,16,6.28572355412176,14.598057721080483
15,10,0.41406902725998873,0.5637270864741415,0.3507054907592242,0.17790276379106926,0.15402323838380838,0.2198598751764858,0.007540454718061031,0.01180991142569444,0.6,0.5,0.6,18,7.813950981092349,10.797156290273875
15,11,0.4019603440067425,0.5507270925996134,0.34153088680993815,0.17966528442452726,0.1996276305083625,0.21608110568442165,0.0071710219143617995,0.01060381158029558,0.6,0.5,0.6,19,7.125399400885433,17.935045508963842
15,12,0.3977488707588499,0.5830688841151228,0.3799372511629785,0.18662352366851634,0.18397494419352237,0.16617373063519963,0.04164189250405878,0.035039636428215046,0.6,0.5,0.6,20,6.8680403418963065,16.45793513699923
15,13,0.3725264470416613,0.5567392913341076,0.3572274933039443,0.17175421539856417,0.18229186921126295,0.18868705308406533,0.007636105676591021,0.01247572148970856,0.6,0.5,0.6,21,7.557857042951859,10.800574561001616
15,14,0.3794359539251174,0.5635900206403744,0.3642694681169679,0.18441261098948322,0.13495156064930727,0.20119491199159203,0.00776201063121299,0.01209941437321383,0.6,0.5,0.6,22,7.944912850398468,13.34955200269546
15,15,0.4964407846230664,0.6946761066570732,0.5082031295072185,0.3320248725420269,0.4528101742438305,0.12959107167527362,0.19181776803767156,0.16548840212616509,0.6,0.5,0.6,23,5.646723471393052,17.07914681948023
15,16,0.36491448182444547,0.541374009551533,0.3591412825091842,0.20906008326864983,0.25036155875291366,0.18732145776108114,0.04169470771349826,0.033810389086531736,0.6,0.5,0.6,24,7.074659694449163,13.228299494274138
15,17,0.5025732224755297,0.6875557423251037,0.5223967607545625,0.38516631611443186,0.44811724450944246,0.14109564791858176,0.2335738658706925,0.1985505045858208,0.6,0.5,0.6,26,7.553680223098387,18.463853026706392
15,18,0.4634308216338324,0.6564462401859534,0.5040630886523838,0.3619658186212732,0.4704640289559794,0.15016224029152686,0.20212323733537554,0.18022482177829852,0.6,0.5,0.6,27,7.40211771420536,13.826128826308649
15,19,0.5058421739544345,0.6975207035811462,0.5465013052588849,0.4274008894530027,0.3660366418513715,0.14496408036783287,0.2525047899193853,0.21773301629638842,0.6,0.5,0.6,28,9.661056869264012,17.122217791078782
15,20,0.3306230372091409,0.50365100571179,0.3510374301082802,0.23718536014707872,0.17127580208994647,0.1944108499164212,0.05021581067347921,0.04522442404556809,0.6,0.5,0.6,29,8.49772625360929,11.568115420138646
15,21,0.4607374946010041,0.6580947612881136,0.5077571690251415,0.3838209915390428,0.3433185848853392,0.1651696969288609,0.20181209401103656,0.1769796675048792,0.6,0.5,0.6,31,9.18726959964495,17.172711990197048
15,22,0.4767170937909664,0.6436499597818272,0.5311596479757568,0.4593364722103408,0.6251429370865179,0.15911425760683612,0.26340562934698586,0.23132766889744957,0.6,0.5,0.6,33,11.126464432537748,15.116940603397504
15,23,0.4320999481664586,0.599003964908722,0.48653651448967383,0.4082970724542748,0.3217798260155993,0.16561429992913598,0.21634991020392919,0.18972864516213075,0.6,0.5,0.6,34,10.233811175957907,15.588465126853174
15,24,0.4756495658645751,0.660084855341675,0.550072991437315,0.47530386333031505,0.3715588886947575,0.15974024621438157,0.26333770629125175,0.23045432938540497,0.6,0.5,0.6,36,11.611708577249214,17.275256103045734
15,25,0.3537573601123559,0.6109289745391998,0.5088307407704343,0.42321189734879705,0.24599523528246986,0.11933482921327739,0.16981214880653278,0.1475299168539364,0.6,0.5,0.6,52,8.057350448803438,23.454404474083976
15,26,0.41394099908174864,0.7114459756464095,0.6104083771692285,0.5240866288413565,0.3038620609920547,0.13719353679169605,0.2602426288569641,0.14977355184968738,0.6,0.5,0.6,62,7.385273391772644,14.700834254348196
15,27,0.2913616067341659,0.6218873741556794,0.527249507974137,0.4356940916994442,0.2457968878517114,0.1585260696809352,0.10827431692503815,0.05660266631364038,0.6,0.5,0.6,63,6.167472345694758,12.72732199253108
15,28,0.40237002818939377,0.7347424933636073,0.6534547300413295,0.5803426719566512,0.34888146519498703,0.15316841407065884,0.25073144011316484,0.1501770301214715,0.6,0.5,0.6,67,5.549895235592404,15.772572485085384
15,29,0.40326632310136445,0.7537193403681159,0.6744617579048893,0.6015573290357497,0.3089028274111794,0.15192995431719067,0.2529505157362314,0.15158057127962957,0.6,0.5,0.6,70,5.720845968314817,15.555723723003425
15,30,0.3878683644837744,0.7346937200765182,0.6578585853562426,0.5960736805440028,0.31113133396248793,0.13462978844808762,0.24987340057466464,0.15010464061893206,0.6,0.5,0.6,72,6.038276980014925,15.31866271118566
15,31,0.38747514219231777,0.678199844400515,0.5965185189465405,0.5268933834484192,0.2998715437514385,0.13462655986956454,0.24986999863546067,0.1501214443904368,0.6,0.5,0.6,76,6.123726611643666,14.935259110963033
15,32,0.3874938903368604,0.6954694880717367,0.6163610054169197,0.5275656895268729,0.299390935419337,0.13605580717910792,0.24997262893558814,0.1500984355077568,0.6,0.5,0.6,80,5.93311024169156,14.645989967793588
15,33,0.39449436737415605,0.8546862683907641,0.800500162295197,0.6979981918456961,0.32010772658379855,0.12677745455536116,0.2005300659317657,0.227883400909663,0.6,0.5,0.6,95,5.444944964737784,20.00767152123267
15,34,0.3649369914050016,0.7836427857434665,0.7287649878488913,0.6796875732408327,0.331324076970105,0.11095911976577642,0.1924752283662165,0.2056548368239306,0.6,0.5,0.6,96,5.791522673570216,20.915229702474797
15,35,0.37659765247321175,0.8490534270236919,0.8005040572768781,0.6856722469115595,0.3168130925576518,0.11784626316377025,0.1968502231299284,0.2163165935739188,0.6,0.5,0.6,97,5.610021605124446,21.27309545363522
15,36,0.447607151246442,0.9933688837687719,0.9092316387693677,0.7759896705741247,0.3330652165000127,0.13729255474054397,0.22562783774825484,0.222784005110595,0.6,0.5,0.6,104,7.384258264113204,13.651472947445544
15,37,0.4492577497952913,0.9949009268790965,0.9108547606615071,0.7854677010022509,0.3632452519389504,0.13921886031915204,0.2257101538784953,0.22373203270420933,0.6,0.5,0.6,105,7.348801673019539,13.65042603566981
15,38,0.5345530101389823,1.1301232347002506,1.097711260551228,1.0655926495812604,0.46123489691220076,0.2457234611769124,0.3496923844029791,0.23046862819180416,0.6,0.5,0.6,129,7.189128679843512,49.68647787159012
15,39,0.5264913195590466,1.1407772259578706,1.1099817118846886,1.071588716533719,0.4574689107576143,0.2342419935337663,0.30837771112473367,0.2627508907388767,0.6,0.5,0.6,131,7.364533765988744,51.40470326819592
15,40,0.521815213833592,1.227384959095227,1.2060634681550064,1.1312520895751204,0.4493475918444054,0.2310440889096625,0.30942255168589006,0.2584589932268459,0.6,0.5,0.6,142,7.68161722463382,51.14539543717441
16,0,0.8341547306163274,0.7424045671978584,0.3952685285195579,0.01247145485383884,0.0,0.0,0.0,0.0,0.6,0.5,0.6,1,12.671642400920996,74.08643546758768
16,1,0.615489213746794,0.6851062682321168,0.392259229187792,0.08944681580852923,0.5212396608282865,0.13667954857745854,7.257253918494999e-05,0.00013704329141834,0.6,0.5,0.6,3,10.849318411485743,52.99226639622975
16,2,0.6260380631444751,0.706041100935732,0.4189490952460671,0.1269376835340447,0.21112496345565687,0.1919291350027711,0.00080724279097072,0.00380011846996895,0.6,0.5,0.6,4,13.297929612495851,57.65658879136191
16,3,0.4494732194248705,0.5747565916436395,0.3297612894164438,0.09658957374058663,0.7754786249365581,0.15699168879017303,0.00029029015673979997,0.00054817316567336,0.6,0.5,0.6,5,10.552014918579264,37.23231710081544
16,4,0.38086137648130286,0.5121105463017945,0.2915549295696575,0.09770592150138517,0.2924675973646178,0.15745104486333114,0.00017907685265246,0.00038106003526055,0.6,0.5,0.6,7,11.527095032255229,21.37218324708194
16,5,0.3637105804169744,0.49406897588748927,0.2825108448233173,0.11311592646116243,0.2454131576754877,0.16447685772554793,0.00042113891052254,0.00159682880643407,0.6,0.5,0.6,8,9.2721579995124,15.0375380673643
16,6,0.3404063688509879,0.46748250633052546,0.2673946181497585,0.11878214704793601,0.19549897814770395,0.1687681635996582,0.0006025702584849201,0.00193943703497991,0.6,0.5,0.6,10,10.220793218813178,9.561370332396498
16,7,0.32924904115210485,0.45470583779271584,0.2584960618076015,0.1197895297805211,0.1626534011769372,0.16451717576737482,0.00047688336844515996,0.00160059072871226,0.6,0.5,0.6,11,10.02328636796022,10.290429585030934
16,8,0.3289574010795483,0.47286089270264503,0.2785307228262413,0.13448982607091334,0.10102310827774774,0.16451717576737493,0.00047688336844515996,0.00160059072871226,0.6,0.5,0.6,13,9.67263040979073,10.511713053701689
16,9,0.34161969903277306,0.5223462133717479,0.3319291044130382,0.16988106306285106,0.11521822157296449,0.15940598177062507,0.00925634751885677,0.02201302869216697,0.6,0.5,0.6,17,12.57141454154256,24.122348618561706
16,10,0.3119512922807984,0.44211886940884637,0.26986197592000677,0.18162723327422028,0.4759751161241522,0.1862190158276509,0.014615086311139,0.01136079412564472,0.6,0.5,0.6,18,11.961637454387551,11.917688204514326
16,11,0.3119512890069002,0.4606285213029217,0.29011307757742777,0.1901996005003107,0.12585560100576854,0.18621901582765085,0.014615086311139011,0.01136079412564472,0.6,0.5,0.6,20,11.961635806347775,11.91768897665296
16,12,0.2911795255374856,0.43315242066350407,0.27064614452460506,0.18506094473953777,0.24851250119715484,0.15933389008918974,0.01582755981659363,0.02572396920111427,0.6,0.5,0.6,21,10.10200764815637,11.611403932413245
16,13,0.3271970950406231,0.5216398677363752,0.36771388202256694,0.31410151712684076,0.16371965686380494,0.16559811986638287,0.05979176050717618,0.05211742073506105,0.6,0.5,0.6,38,9.80663472969183,22.766870953000197
16,14,0.3071814264718087,0.49698512915810145,0.34787725451679935,0.318230802748471,0.1740893824525369,0.15950709546957154,0.0567428274458384,0.04028091548454134,0.6,0.5,0.6,41,10.855415853884711,20.46456405324266
16,15,0.3071218316919607,0.49688797156148945,0.34781791700486187,0.31477959323841964,0.14866211819524658,0.15950709546957154,0.0567428274458384,0.04028091548454132,0.6,0.5,0.6,42,10.802310430571096,20.772412778408796
16,16,0.3055920498863811,0.5318131066495954,0.38679251935722847,0.3529380882461805,0.15064400657010957,0.1589847086676319,0.05671159796510087,0.039763749079212055,0.6,0.5,0.6,45,10.77428317340169,20.993682966520936
16,17,0.3615192855603283,0.549712150814311,0.379396483670494,0.3622998293058835,0.19776936776654908,0.19166509647808783,0.02443953633049503,0.07044805939872803,0.6,0.5,0.6,48,10.554157883052197,4.89713862167395
16,18,0.3053421876473516,0.502696454756237,0.36573244774709524,0.36233350179894597,0.22936182183009,0.14629485021911268,0.0896088810137355,0.04929939071392221,0.6,0.5,0.6,49,10.44493302763494,23.11886035320372
16,19,0.29280651082313486,0.4829365387923185,0.35225859871743215,0.36116722284572333,0.26162981642424155,0.14038969978263624,0.08997616397183746,0.0488721430920502,0.6,0.5,0.6,50,10.21968305882972,24.208886724000823
16,20,0.2960978892536095,0.5215866793433521,0.3957866361223779,0.3882484220918591,0.17448871414806377,0.1473217500778914,0.09109684192462027,0.04969445828314517,0.6,0.5,0.6,54,11.04872759694287,21.526564009111866
16,21,0.2871781600647585,0.4869007403167456,0.3652703308579519,0.41490042326910526,0.20397879422824858,0.1372175071061091,0.06832331951354352,0.07711785085670105,0.6,0.5,0.6,56,9.001553724702505,15.151395792332709
16,22,0.29268176959687575,0.528316342714968,0.41104256174366444,0.45666662096967164,0.17164711791788514,0.1372175107933796,0.06832332815680081,0.08818467740929566,0.6,0.5,0.6,62,8.820395195276411,15.095032941503646
16,23,0.25200706867884376,0.4658997478776263,0.3494098552866839,0.45871542516289454,0.1359183813931045,0.13938682658010815,0.03117150090599442,0.05460646813639476,0.6,0.5,0.6,72,8.247470886063711,13.454399219561362
16,24,0.24817295090083322,0.45938170398929806,0.3449525269712518,0.4607222466685256,0.16396636740972004,0.13801134235254717,0.031021883624697537,0.054063432699783795,0.6,0.5,0.6,73,8.151770183098128,17.53978275590288
16,26,0.28555361171721216,0.5580957533000762,0.44439321298936946,0.5466070295413835,0.16498878264593742,0.17357325502636006,0.04758233634761553,0.057424125626974507,0.6,0.5,0.6,78,11.285705213811458,13.91749295352941
16,27,0.28521702140738586,0.5575228092679804,0.44400643412809054,0.5502923965639742,0.16473279282371772,0.17338828513638127,0.047606790229891185,0.05743074763067264,0.6,0.5,0.6,79,11.31786549176523,13.930341016276458
16,28,0.24946190216748812,0.506943994754789,0.4046195177480224,0.5282936744499942,0.1919000179933097,0.1412935365901122,0.03306694202257116,0.06524896793046049,0.6,0.5,0.6,80,9.146227575808926,17.667674560663773
16,29,0.25148526235376806,0.4895116306096452,0.3861514155715783,0.5197618272240645,0.14736256425713815,0.15761501553537868,0.03315143590605258,0.05367319797323963,0.6,0.5,0.6,83,10.196954819969235,20.5075457230994
16,30,0.21653349496834523,0.42055548748344745,0.32626011104124486,0.5039904642643357,0.20786127546373584,0.1217029654292804,0.03614929780815016,0.049264021415934126,0.6,0.5,0.6,85,9.47892768965336,22.193051054775367
16,31,0.21662976085509789,0.4555483023391178,0.36616162899291993,0.5367140159022862,0.12798012838630768,0.12235322645439507,0.03684530976906182,0.050759098087645706,0.6,0.5,0.6,89,9.21265289660666,22.21975820910309
16,32,0.23243283418496044,0.5578776552097032,0.4811949120335749,0.5805884783807445,0.14549853931753123,0.12986301265714179,0.05697489875475468,0.059882615591350254,0.6,0.5,0.6,110,10.554539418186115,19.51363276280386
17,0,0.8988624073280056,0.7660539689266564,0.4097093575199814,0.01402491016549367,0.0,0.0,0.0,0.0,0.6,0.5,0.6,1,9.481453367201002,75.97167416720102
17,1,0.7211110724745703,0.7448347371280003,0.43169524024928074,0.10048387906453149,0.43920128203702885,0.14937794594489803,7.093592476489e-05,0.0001293197176997,0.6,0.5,0.6,3,6.054838916153282,55.12739648003734
17,2,0.5852767327186119,0.6939129011376596,0.41493164474995664,0.11461384997042248,0.3657632254965939,0.17183234482925275,0.00028949956609841,0.00052777210258579,0.6,0.5,0.6,5,4.35379970056548,38.986417735898016
17,3,0.5727137621549302,0.6634897217248324,0.3832034424297767,0.11288948131030299,0.09982876890809306,0.1535506671267028,0.00031690583898312996,0.0007992740995368,0.6,0.5,0.6,6,6.278713975943841,26.400353607110333
17,4,0.5211687485379356,0.6276682128219716,0.35948924746938354,0.09899092694739035,0.28389750399830993,0.14625825104278306,0.00017670042292933,0.00032881138686555,0.6,0.5,0.6,7,4.459457607182454,22.251891414211727
17,5,0.4638448221496744,0.5869575449626446,0.33811108436423404,0.11652872587885035,0.409718941021633,0.16028636942340416,0.00042330972613046004,0.00099325367608636,0.6,0.5,0.6,8,4.027704400888683,15.796715925635036
17,6,0.4638290583413853,0.5869448353933204,0.3381032857198079,0.11247534008687346,0.09705935571677521,0.16028636942340416,0.00042330972613046004,0.00099325367608636,0.6,0.5,0.6,9,4.024524307890976,15.78790272508776
17,7,0.42224056559591855,0.5501581023200749,0.3110366563476698,0.1172592237322561,0.24239560042290467,0.13876830050994396,0.00125428235339575,0.00211263415671074,0.6,0.5,0.6,10,5.706463654407504,40.88900310034155
17,8,0.4333953424561263,0.5806195387224066,0.34531078552439715,0.1342660187730257,0.1108828298314164,0.16961183739877567,0.00041895597095441,0.00075047412451593,0.6,0.5,0.6,14,3.865882912173532,10.828379097092752
17,9,0.41678184333570506,0.5457483202450648,0.3096523691451511,0.13534730506038614,0.10363684946616356,0.14393395260094527,0.0013653824266939899,0.00245487157143154,0.6,0.5,0.6,15,4.947376980941267,43.303214202302506
17,10,0.4184566864426208,0.603785647690439,0.4001754776308587,0.19974623488430893,0.6021121664847892,0.14196310735081707,0.03447891013837946,0.0976989920534337,0.6,0.5,0.6,16,9.486214186148931,43.81778959934667
17,11,0.370914643633525,0.5351665605868945,0.33815294558235093,0.1732669898430921,0.199748935015059,0.14646095702193226,0.02964049501121157,0.049407077113616936,0.6,0.5,0.6,18,9.356578471766197,23.936809293645897
17,12,0.3746037976307154,0.5374189340544774,0.34426000548764357,0.18759593961410892,0.20796710392591888,0.16707318791315245,0.02995106348729627,0.048789134182715146,0.6,0.5,0.6,19,8.29989718510686,37.22668215536192
17,13,0.3510776916793542,0.5129676060719168,0.3215374792514922,0.17833549299722531,0.1514180870785259,0.1138750348225235,0.0209326792340193,0.07615042323798189,0.6,0.5,0.6,20,6.819681087587028,38.72683163128618
17,14,0.3851494008803855,0.555842575183441,0.3823972065782748,0.2387529234360623,0.4532377182343271,0.17670140530849424,0.043896969470508654,0.10432229306457022,0.6,0.5,0.6,21,9.540546625664597,34.80394220838529
17,15,0.3348626363176178,0.48630260455361973,0.31233034750447913,0.19941356640844,0.15308746762129838,0.14381736278922902,0.03810796065979759,0.06217889830731689,0.6,0.5,0.6,23,9.345941220472364,16.323090815716238
17,16,0.3254922870016065,0.4912348836023004,0.3242772140329836,0.1984603973818354,0.22670176877284376,0.1650548078467865,0.02977677288881798,0.04782546720394235,0.6,0.5,0.6,24,7.573603921892189,26.6038218637372
17,17,0.3211514641356112,0.4581822063908107,0.32020534342828233,0.24369111927451365,0.6528057209226733,0.15721131345517786,0.06210669162368774,0.09768684680108461,0.6,0.5,0.6,25,8.237870039561438,17.714372419682764
17,18,0.3203429699730986,0.4520563977064646,0.3185689496773848,0.2541682934776397,0.22570770064182177,0.16781345755755633,0.061710026397521454,0.09642150328193903,0.6,0.5,0.6,27,9.161919362863287,11.38718480539598
17,19,0.31011936255887373,0.43485527452015177,0.30700680291182236,0.25669263403076287,0.27789910184444216,0.16226892902738743,0.06194785765850265,0.09723618477187006,0.6,0.5,0.6,28,8.657775683036082,12.560917361844195
17,20,0.2736868220914568,0.42560252749116684,0.30878841534086493,0.23156535352716676,0.2819766088775455,0.15117494723414446,0.05777797431312996,0.067007066986004,0.6,0.5,0.6,29,7.667016311240133,11.177987030183102
17,21,0.27332490512758584,0.44335200592221563,0.3285753281191869,0.24086423468331566,0.16218379024579546,0.1511749472341444,0.05777797431312996,0.067007066986004,0.6,0.5,0.6,31,7.615939251461287,11.155606384691684
17,22,0.32082313448824096,0.42031162909208264,0.3110926035729804,0.2989355511623841,0.30718537009057906,0.1594115803244744,0.11180335680856457,0.11404771307656451,0.6,0.5,0.6,33,7.7237211534407235,9.392487068792086
17,23,0.30639036660217733,0.4210865184400709,0.31588602300879226,0.3124745848826803,0.22650808151230478,0.154778591697014,0.11667289251639501,0.09481140983894884,0.6,0.5,0.6,35,7.346370782669784,14.455269456450958
17,24,0.3001995110402205,0.4105472643270599,0.308300010447981,0.30902142919555275,0.25290941396896927,0.14758658944006534,0.11711737335855019,0.09670843137734751,0.6,0.5,0.6,36,6.942649888825026,15.47685030311546
17,25,0.3024347284874557,0.42720104260425673,0.32942968802029726,0.3237506462915254,0.25453711414346236,0.1525011811529997,0.1174680429499241,0.10011259348339303,0.6,0.5,0.6,37,7.159515224813164,15.002144967716909
17,26,0.29490085517229564,0.43504874265809496,0.3410824886629329,0.34501046836079935,0.21050375735123208,0.1499701226433976,0.11258154259213375,0.0977787312087106,0.6,0.5,0.6,43,7.134584280217609,15.018357917761842
17,27,0.3054413856615173,0.38409875683003164,0.2887802540179369,0.34625839573513395,0.25078395607567144,0.17172231003387972,0.11667225400515283,0.09682345391270554,0.6,0.5,0.6,45,6.567004896850013,16.63146479036904
17,28,0.2534794186540638,0.3768992670544528,0.2936152431176049,0.352944095127685,0.2017656446083022,0.13244547548280539,0.08344406507977252,0.08839196332560995,0.6,0.5,0.6,49,5.988160441936563,14.479973996433506
17,29,0.25750973269001526,0.36180502332391046,0.2901246849214604,0.369070013742459,0.2515236437872863,0.15039857800582782,0.08621843270590776,0.0926376350037261,0.6,0.5,0.6,52,6.111115440208656,10.561575224854527
17,30,0.24593322943650275,0.3389882846895006,0.27387821450460353,0.372131695922618,0.28928393398427754,0.14622046846979603,0.08996177212254122,0.08379102609930253,0.6,0.5,0.6,53,5.666513119029198,14.633156873588248
17,31,0.24167213971677545,0.33172527209239855,0.268340433421716,0.37237322706331527,0.20799213805256025,0.14428630665121048,0.08438869904242972,0.08564877194805849,0.6,0.5,0.6,54,5.709769847099312,16.410375687994925
17,32,0.23957814095331695,0.3094714505063762,0.2452898741447466,0.38247728552346066,0.1800130869477492,0.1590424281000185,0.05772415484626462,0.0909168178452005,0.6,0.5,0.6,67,7.095669196816388,13.291574788754176
17,33,0.23292882146101151,0.3396338903878109,0.27905416344893075,0.37106737355567904,0.17267257757050242,0.1672435957502224,0.051274951083953954,0.07717085133135201,0.6,0.5,0.6,72,7.096432861038385,12.767465291586609
17,34,0.21952572262270448,0.3602340048384937,0.30485539547205753,0.38236644105231987,0.1880700584478146,0.15047211793475287,0.06518922221189771,0.06233545031046929,0.6,0.5,0.6,73,7.958724031615098,13.470335556632127
17,35,0.21660048303065038,0.3354191755227398,0.28021176894046523,0.3873901672207861,0.17435284230573006,0.14846388107657774,0.06518149773248552,0.062028576105054925,0.6,0.5,0.6,75,7.416174711746213,12.14719566923875
17,36,0.21699361996480077,0.3540499829471128,0.3007374374534637,0.407406760638421,0.1602281233142016,0.1489448365933249,0.06516327239953432,0.0624212776501515,0.6,0.5,0.6,78,7.389825798296914,12.289681062505217
17,37,0.24203937749998855,0.5283522719192928,0.5003293813088994,0.5392642651189413,0.21126511521192487,0.1721426029236983,0.08904847531174372,0.07333815235865786,0.6,0.5,0.6,86,7.052800830675172,16.20100203751894
17,38,0.24371703763653185,0.5484827317230314,0.5222323936497524,0.5621506086941146,0.19376331959068346,0.17254891972252964,0.09180784600449172,0.07346692161415161,0.6,0.5,0.6,88,7.081454399890335,16.60693427690679
17,39,0.24592749008637568,0.5495064759506183,0.5239033696082812,0.5687330513793591,0.20142353149186343,0.1732808370503126,0.09607787045661273,0.07365310634347388,0.6,0.5,0.6,90,7.084228659882248,17.016450225236564
17,40,0.24254882023724117,0.6014247802428226,0.5811719868044561,0.6070329765533923,0.19331462891181722,0.17238950794540683,0.09084196172301315,0.07342868493158712,0.6,0.5,0.6,95,6.994559225829045,16.548083404195804
17,41,0.24277772697435518,0.5823912046692227,0.5608072813048607,0.6034026293844084,0.20009001753400957,0.17246920032060128,0.09178185883165116,0.0734488130240141,0.6,0.5,0.6,96,7.105384374767697,16.76118849369389
17,42,0.24251344179756484,0.5999690333056759,0.5804894209906757,0.6161017242224996,0.1963683687127979,0.17246920032060126,0.09178185883165116,0.07344881302401408,0.6,0.5,0.6,98,7.034781057940831,16.817345253836645
17,43,0.24145280339043554,0.5978978121311803,0.5789673956840554,0.6318903133750317,0.19722802877109888,0.17223478761275327,0.09087435481551445,0.07333789034441934,0.6,0.5,0.6,100,7.09592131258034,16.6617924577312
17,44,0.24022486222299327,0.5946825526484552,0.5768289928965453,0.6499712919895466,0.1966843640125342,0.1748472628268999,0.08829855845559959,0.07212248343391743,0.6,0.5,0.6,104,7.214378995655723,17.145534497256804
17,45,0.24390112190207835,0.5982515411474495,0.5804559534129318,0.653678702103939,0.19636048864340439,0.17193503431380783,0.09329968977748831,0.07706348864131035,0.6,0.5,0.6,107,7.219051222902381,17.046139341622794
17,46,0.24002992174274285,0.6095490224715242,0.5952970967519122,0.6651589720953027,0.22261781210462428,0.17107803475826036,0.093394177997574,0.07353570158514253,0.6,0.5,0.6,108,7.082916527139467,17.33094856915825
17,47,0.2515164200801699,0.80544118183944,0.8089868380795646,0.932292306165208,0.2053925360391708,0.14885502671187703,0.145227328955496,0.07219456739313448,0.6,0.5,0.6,153,8.582775732595993,14.611067834016836
17,48,0.22919209283962372,0.7930189173186818,0.8028905670597166,0.920694402916783,0.2229493013681652,0.1507728454185209,0.10928164869682325,0.06830151020369608,0.6,0.5,0.6,155,8.41162276751361,14.31191775311499
17,49,0.2312235233459811,0.7949867126667559,0.8048921041518523,0.9352678564263565,0.1882720316952116,0.15131991026388422,0.112544687127119,0.06845930040914351,0.6,0.5,0.6,159,8.443127577171623,14.543931849898064
17,50,0.23058661086429974,0.812703575949989,0.8244331557911764,0.9503573866383204,0.18823107025486577,0.15123979865978485,0.11151860761634924,0.0684270312815361,0.6,0.5,0.6,161,8.440336379510411,14.514989348402452
17,51,0.22482064404417554,0.8621352029049694,0.8792650661758263,1.0415988128254323,0.18239631969911194,0.14934776804026761,0.10385648879806116,0.06729451762855548,0.6,0.5,0.6,167,8.774653445360794,12.307039139300713
17,52,0.22575371467838298,0.8226169294416626,0.8380779030842339,1.011985160625269,0.18899127245222733,0.15016373581779552,0.10613709261649955,0.06817770261793318,0.6,0.5,0.6,173,7.956948281878885,14.490432590650604
17,53,0.22652135767685294,0.8590622253220772,0.8787129392146398,1.0345432301791333,0.18816674819921753,0.14915914856723503,0.10764120040148295,0.06999753509207222,0.6,0.5,0.6,177,8.470626855220624,14.441861581998577
17,54,0.22466960325340501,0.8544539687499088,0.8755527267159703,1.0376972992508853,0.20771355985832363,0.15125495251564758,0.1043325271416246,0.06917644686585153,0.6,0.5,0.6,178,8.140536837518713,14.472163665640592
17,55,0.22417025170264882,0.8539352634738608,0.8750440831847721,1.0457774490827527,0.18401519987514975,0.15112708792735685,0.10356405572110564,0.06912361987301943,0.6,0.5,0.6,180,8.149538102270302,14.474444253894177
17,56,0.22872341965134863,0.8761956229387282,0.8994664435309333,1.0752273301973456,0.19102650569186366,0.1511477315000348,0.11318908659967324,0.06913299507207385,0.6,0.5,0.6,183,8.205166748951067,14.467510499354717
18,0,0.790289892628148,0.7253618820386742,0.38486191567597045,0.011352073669318598,0.0,0.0,0.0,0.0,0.6,0.5,0.6,1,14.927390209881002,77.51652254321435
18,1,0.6404143823454794,0.7046970177124094,0.4091020098089785,0.10244402744666001,0.4578714931727042,0.15755732376681925,7.385705329153e-05,0.00014768184745208,0.6,0.5,0.6,3,10.132512659922792,55.24513652402309
18,2,0.5287797566292534,0.6392277666218001,0.3747421877890743,0.11429330922722578,0.36071158012656634,0.18097213955455238,0.00029542821316614,0.00059072738980834,0.6,0.5,0.6,5,7.334005906667213,38.2058820817008
18,3,0.4828988469063005,0.6031076205280427,0.34989053957800226,0.11746056033018039,0.2841953271390478,0.16861544133310483,0.00032594352537979,0.00095480364270106,0.6,0.5,0.6,6,11.183379733828634,26.7993232272428
18,4,0.39080897303552087,0.5220442176058658,0.3022418981530355,0.12130915042622473,0.3769334675781507,0.1762216519243159,0.00043672910531708997,0.0011763264138791901,0.6,0.5,0.6,8,7.936778039627578,15.758968577410895
18,5,0.3803351386681357,0.5296871348161912,0.3167379335142954,0.1293858739581464,0.15026065563449917,0.17890841729174906,0.00071536798306676,0.0020256611004170503,0.6,0.5,0.6,10,8.318146376689977,14.905875684418248
18,6,0.37357321278801325,0.5226837532928715,0.31145189491262243,0.13089543906143197,0.1341173405496931,0.17581120921472815,0.00039993204338418,0.00106403287655436,0.6,0.5,0.6,11,8.168119322137105,10.98040853636342
18,7,0.33695678651062677,0.48111223664170494,0.2862322359177871,0.13862696612203235,0.23902773445520817,0.15274728125577824,0.00837599876494528,0.01818674038845363,0.6,0.5,0.6,13,7.821489113255934,19.753175621239503
18,8,0.3297340120417675,0.49171382725252377,0.3000670533703503,0.1536385269940447,0.11471361789459686,0.1462235769673901,0.00616719012350306,0.01975616281701073,0.6,0.5,0.6,15,8.224108829643628,23.37372006687408
18,9,0.3319215025267515,0.511990487317092,0.3229712824951406,0.17447339508792314,0.11388052416433775,0.15495369614638668,0.008284976370280351,0.015998865014498938,0.6,0.5,0.6,17,7.8531759528114495,16.950546674670754
18,10,0.2755458727811682,0.39134104274317033,0.21178427416448198,0.12495588514731777,0.3168990778233527,0.12756712179668347,0.00249688420758618,0.00253905557338423,0.6,0.5,0.6,18,7.33859077778023,16.417851562452228
18,11,0.2663107818422571,0.37985704270319465,0.20339376034412546,0.1266417516637003,0.12582011787914005,0.12204962480396377,0.0017208401499216202,0.00280497957995879,0.6,0.5,0.6,19,7.362501321239971,15.756148310752968
18,12,0.2671814119462916,0.3963978923904163,0.2253432827839959,0.14499976483388632,0.10299722608541195,0.13168367178285503,0.00198541722265968,0.00536566817352755,0.6,0.5,0.6,22,7.4115509236919666,15.895310496806234
18,13,0.27487397071180186,0.39847132835502774,0.23407246320681502,0.17788117999193243,0.21005370129459655,0.15343274964649864,0.00439375622077396,0.013553867392758259,0.6,0.5,0.6,23,7.795551352559696,11.999345792313088
18,14,0.24899270183649755,0.36252302143127846,0.20867085486950557,0.17035802796805213,0.26413963178418837,0.14479914582819417,0.00292484693973791,0.00864093083340322,0.6,0.5,0.6,24,7.834679574189662,12.603565457293255
18,15,0.24899157355327464,0.3810308374986736,0.2289208828005202,0.1859850147647961,0.09352944062677691,0.1447991458281942,0.00292484693973791,0.008640930833403209,0.6,0.5,0.6,28,7.834702995881561,12.603202478040544
18,16,0.23643166026574786,0.34558555766372373,0.19592549485557112,0.16952588141655545,0.15515908006363363,0.13492158638506432,0.00284819679477311,0.00829681737995722,0.6,0.5,0.6,29,8.239998063060225,13.61914142632756
18,17,0.2557826010086303,0.38287827931373547,0.23549016367120798,0.20224831938152266,0.11608832602163403,0.16081713066975295,0.00444805086893067,0.01464395401262883,0.6,0.5,0.6,30,9.375633266073956,14.957118308568257
18,18,0.2298297048295272,0.3654910814265566,0.22869186289172894,0.1973143801547915,0.23749576510134743,0.14364167956734208,0.00261026116075206,0.01139238754570715,0.6,0.5,0.6,31,7.533434844814812,13.222120389429032
18,19,0.23836376891749014,0.37339697878553363,0.2371280036611299,0.20524029445015138,0.1057242573952976,0.15743962722417043,0.0104468362342941,0.00651005583317846,0.6,0.5,0.6,35,10.259606525167316,12.113593916521404
18,20,0.23654328089776802,0.3293789187785393,0.19393904313582674,0.2146359516329385,0.17746443369833434,0.15808051246564933,0.01002756054049459,0.01301109231266163,0.6,0.5,0.6,36,10.877655975745563,14.800226820598326
18,21,0.23726062884251864,0.3768469049394426,0.2535998728372688,0.24930821869654332,0.13159298810724557,0.18003010587034363,0.00789208054160541,0.00923265122675622,0.6,0.5,0.6,44,10.779661824780856,13.635269736555408
18,22,0.23120663744705425,0.36852702755566963,0.2470172361912977,0.24827059895736212,0.1417201173787008,0.16999239226935547,0.00802436188558046,0.012729707572403581,0.6,0.5,0.6,45,10.757496295894343,16.519403650310483
18,23,0.20189270286678634,0.33117241904690276,0.21566301179746858,0.24402564452519485,0.14023631417571358,0.13754464447119508,0.012051273709910321,0.0052479360117457805,0.6,0.5,0.6,47,10.768250918860804,12.86676551474043
18,24,0.20767439904747614,0.3554259298905788,0.24173383849679714,0.2647376789555901,0.09869706755023072,0.14766634871029127,0.01094866225267,0.00594250228318077,0.6,0.5,0.6,49,8.559234311744543,12.130062401566304
18,25,0.19909648440845723,0.3369073549960798,0.2302641536328079,0.2663161657756597,0.21036315013837564,0.14767685383511078,0.01089417771499673,0.00528433253149782,0.6,0.5,0.6,50,8.782505802531585,12.29541973237462
18,26,0.22566023102593905,0.41553208260897134,0.31651798205783244,0.3500508497646986,0.1342807896441248,0.17633504468527958,0.017189392902618388,0.0201655974526363,0.6,0.5,0.6,55,8.621455766866926,19.41083438365617
18,27,0.22512001922229327,0.43269702546252903,0.33597637879923864,0.36167821181242593,0.1310249682006184,0.1764021725325119,0.017207315302691838,0.02020492025775256,0.6,0.5,0.6,57,8.658155147490532,18.95530993700669
18,28,0.22495438602646436,0.45000471239093126,0.35573517856771686,0.373853938763322,0.1329309143407055,0.17698490427194197,0.01773455219408385,0.02021713656786735,0.6,0.5,0.6,59,8.483540992819265,19.002911213514206
18,29,0.22189630835916582,0.40868162149971443,0.3117778400314827,0.37690112576245416,0.13192850155748082,0.1738128850378794,0.017190972697199918,0.02030186109487079,0.6,0.5,0.6,61,8.975647947201924,19.440138178628075
18,30,0.20955254044671032,0.3578158362640163,0.2584469955364755,0.3427970330187836,0.13027637090422586,0.16273678792792348,0.02293780303453734,0.00786872786112677,0.6,0.5,0.6,62,8.562955476327925,11.969003066419653
18,31,0.20708109051967585,0.3502914702043019,0.25431555786279053,0.3574838436311959,0.17014704455213175,0.14686568051470197,0.04377247275125073,0.0083599193065921,0.6,0.5,0.6,63,7.333391834731749,11.098283774941908
18,32,0.20096102575876548,0.33943526546472946,0.24656765707246622,0.3470525744113738,0.16227968573811005,0.15058262479656864,0.03395718656645272,0.00803327107129996,0.6,0.5,0.6,64,7.708119896741783,11.03733196460915
18,33,0.18806959099751114,0.35934103384426896,0.2726884319471472,0.38251881263420134,0.11308539921521876,0.15186786035666042,0.01510694053517209,0.00562799544653192,0.6,0.5,0.6,68,7.576022574715244,13.076801131049862
18,34,0.18806959163255837,0.3593410343480409,0.27268843245091917,0.3807978883990664,0.10205134747497933,0.15186786119307574,0.015106940509781069,0.005627995470895699,0.6,0.5,0.6,69,7.5760225012912175,13.07680124445079
18,35,0.19379934725205256,0.34587258880026706,0.25792022796428316,0.38689504819209447,0.11535058071302298,0.1568453099641,0.016011335420056942,0.010189207926396571,0.6,0.5,0.6,70,7.715720664983467,9.63017633832092
18,36,0.18757470193490292,0.37659130913952094,0.2921706329774631,0.39335910697054094,0.10283908792754995,0.15186786119307571,0.01510694050978106,0.005627995470895699,0.6,0.5,0.6,71,7.523906663276444,13.041310893399384
18,37,0.18750022440483485,0.3545655311099501,0.27059984958454963,0.40603945365385524,0.1219417990566676,0.15085258588421463,0.01622609303668335,0.00925221967458811,0.6,0.5,0.6,73,7.045892154685386,16.38185912519207
18,38,0.18610129516228605,0.3487882636873392,0.26758359043356406,0.4250981084091855,0.15015363568693318,0.15179419045376671,0.016444210798346858,0.010317852475953949,0.6,0.5,0.6,74,8.246675448525165,8.892156463005694
18,39,0.17822350826139316,0.33142378971652986,0.25608286855758167,0.4015876903887384,0.19803904177329335,0.14842125445170126,0.01630683634038177,0.00996305230827664,0.6,0.5,0.6,75,8.037443041404611,15.098439202710445
18,40,0.17766164458288883,0.31158940377886224,0.2349718812256301,0.40702677493348455,0.11057534558995813,0.1483364550775058,0.01730129553264939,0.00900147002748002,0.6,0.5,0.6,76,7.882588826361967,15.033225474684718
18,41,0.17337648359744653,0.30303053235136845,0.22900052542048258,0.40831771120754823,0.1430003607172403,0.14791373854399903,0.01569549550796058,0.0075727803898385,0.6,0.5,0.6,77,8.127607935630403,15.083131429552742
18,42,0.17329238482749962,0.321448179579471,0.24916442056241025,0.4211565655975482,0.1010973989043786,0.14793971892700164,0.01570760777892641,0.0074036065037039606,0.6,0.5,0.6,79,8.116461167921576,15.080597520239182
18,43,0.1740808142445215,0.3353503912198973,0.2680353921986981,0.444700014517663,0.11779311623771065,0.14635073174624816,0.019710680861421907,0.01179163972190626,0.6,0.5,0.6,83,8.333542555793297,15.10870207656189
18,44,0.2820697334190872,0.45421518273441736,0.3931368484311121,0.5859062725031322,0.22391302202096572,0.29349603662937435,0.038505646651594214,0.03548318748237692,0.6,0.5,0.6,93,7.886142817004985,14.35638604606055
18,45,0.278616071300818,0.44768882184866843,0.38839950519487165,0.6062251407018783,0.2243771312719667,0.28582732862051924,0.04188676897661539,0.0371144232474567,0.6,0.5,0.6,96,7.873542943115217,13.75420840001083
18,46,0.2737293295852218,0.4593609616950288,0.4029397809327616,0.612003093110046,0.21984293495716173,0.2827964208941006,0.037713272619120206,0.03704984898242995,0.6,0.5,0.6,98,8.57451374117042,13.052157922787831
18,47,0.2737290627334684,0.47786983689320117,0.42319048700676987,0.633357001583527,0.21076682064082036,0.2827964208941007,0.03771327261912023,0.03704984898242998,0.6,0.5,0.6,100,8.574768763441405,13.051926177305456
18,48,0.27369232703743,0.4583784871821127,0.40250259323344256,0.6504496498971173,0.21294545398166365,0.28364647236920393,0.03782973657870423,0.03679914019390867,0.6,0.5,0.6,105,8.616226508457935,12.286178681332215
18,50,0.27479396558987446,0.5087256773183731,0.461670894617957,0.7238786892064735,0.22296523151311598,0.28908894003703284,0.03804934576294995,0.0379320901689795,0.6,0.5,0.6,114,8.490320100140087,12.952223544332776
18,51,0.27429681900468283,0.507739438478197,0.4609625910972609,0.743365143876351,0.2158643888646047,0.28860811231941963,0.03804310929322649,0.03796425813178529,0.6,0.5,0.6,119,8.502961530229593,12.900434219739653
18,52,0.2751494649714079,0.5426183279294647,0.5010194826173883,0.7730167477963146,0.2217466534802206,0.28921657935107586,0.042379270523469646,0.03743001200270865,0.6,0.5,0.6,125,7.245519232189461,13.829036775113828
18,53,0.2751494649714079,0.5426183279294647,0.5010194826173883,0.7690556214001254,0.21717789787002112,0.28921657935107586,0.042379270523469646,0.03743001200270865,0.6,0.5,0.6,126,7.245519232189461,13.829036775113828
18,54,0.2623047209565668,0.5226359932722966,0.48504051818144844,0.7943295252003987,0.22366695199209446,0.2730727330879312,0.041936141342783326,0.03777480064802064,0.6,0.5,0.6,130,7.257821175022189,14.760026872196784
18,55,0.25954580521568715,0.5554906562829078,0.5221757180384057,0.903474557961565,0.20604508500756938,0.26262685112405315,0.04779934969197932,0.039807068504807516,0.6,0.5,0.6,157,7.756307115244645,14.483968273390056
18,56,0.26024292810100425,0.51625454316456,0.4810617731900402,0.7941006268515288,0.2152074731557516,0.2635487428005788,0.05083824957175474,0.03952901243892817,0.6,0.5,0.6,160,7.608702257757632,14.038813249621905
18,57,0.28110720008542744,0.5715027387341077,0.5412571553629245,0.946898926401314,0.23447380724068137,0.27439209222101485,0.05255499040902774,0.0639035264452512,0.6,0.5,0.6,164,7.844450027448488,14.255584198105351
18,58,0.27741789147559914,0.567799080079094,0.5375449166237879,1.0811045621532844,0.22601762607982445,0.28915200102327193,0.046510177072452856,0.04797148113151376,0.6,0.5,0.6,187,8.317913274800869,13.77405756076056
18,59,0.41968335797957157,0.7753173607345483,0.7568265321942229,1.2652246684401907,0.3823517941901998,0.2780099473887229,0.15313873968498043,0.2132571839214698,0.6,0.5,0.6,193,7.653147257455207,13.874747791226843
19,0,0.9638635234327632,0.7882321673974548,0.42325181658967204,0.015482092157185007,0.0,0.0,0.0,0.0,0.6,0.5,0.6,1,6.692556181024999,77.52241851435832
19,1,0.749284784975037,0.7686492435923058,0.45388418803740455,0.12039765712092698,0.5155436044757766,0.18203281928294232,7.43460815047e-05,0.0002049009341057,0.6,0.5,0.6,3,5.7627826494354,55.79428224731449
19,2,0.8195289305866444,0.8399197314570848,0.5254726753167522,0.19518547222430402,0.1871168638156538,0.2937119559799884,0.00062669636476184,0.0082102487805221,0.6,0.5,0.6,4,7.519262172277324,69.5460138968602
19,3,0.5129558441162769,0.6521137247016419,0.4012561699508582,0.1402970431665176,1.133988713801421,0.22007435131642675,0.0009027118236917301,0.0024879118328650003,0.6,0.5,0.6,5,10.248328863192512,25.44788737799188
19,4,0.44677937688231195,0.5745496789889795,0.33504560078562384,0.11467814293631495,0.2144834895347367,0.18030868189518828,0.00018061510726989,0.00048218707680586,0.6,0.5,0.6,7,9.14225009043771,23.493152788734324
19,5,0.44674048112554704,0.5930255799156271,0.35527618861748933,0.13321554191688356,0.10867139213625951,0.1803086818951882,0.00018061510726989,0.00048218707680586,0.6,0.5,0.6,9,9.184620826961696,23.63421963678828
19,6,0.41482844119935375,0.5457822117170661,0.3190605643981658,0.12435737896176506,0.3192406199494196,0.1869561478215588,0.00021510468244684,0.00057277873056455,0.6,0.5,0.6,10,8.967489222325245,18.82945032322498
19,7,0.38865853223044816,0.5383385314051172,0.3218020374500357,0.12511636480467916,0.24490265864218802,0.17960655303081954,0.00027507604161296,0.00075862234698872,0.6,0.5,0.6,11,7.968833411874593,9.23213850234926
19,8,0.3914763033876827,0.5218545391189084,0.3101830890181498,0.15009051986534916,0.23421921101362572,0.20857847002533766,0.00082764597523209,0.00298018005108673,0.6,0.5,0.6,12,10.07250400981728,4.359658670479865
19,9,0.3882036575851768,0.5366019054170055,0.3290782793551455,0.15943238852349312,0.14923108492122777,0.21222365670673876,0.0009528600825058,0.00326010141231572,0.6,0.5,0.6,14,10.064217247793206,3.1840749756018902
19,10,0.3687377978916153,0.5166230794715777,0.31120064200967684,0.14945899687364347,0.1491786200032015,0.18891838665383787,0.00077408425227427,0.00241021127742206,0.6,0.5,0.6,15,9.328371645330222,2.2636133691062432
19,11,0.3494744963758033,0.4742302466477121,0.27953539143818545,0.16350718801448422,0.19055913461933519,0.18295071672925164,0.00147344942599314,0.02136125809412218,0.6,0.5,0.6,18,12.118729124247364,4.376005353993516
19,12,0.3362087630038796,0.45443322901557126,0.27129896143988874,0.17946388193935345,0.19555466104370747,0.21504722672704232,0.0016748714423006302,0.00558492765633809,0.6,0.5,0.6,21,9.461471551851613,3.736807580185381
19,13,0.33168876702967437,0.44922394460895276,0.2671330882666863,0.17942986936895888,0.1475679994421913,0.21061248886917577,0.0017531839038104498,0.00573873661980628,0.6,0.5,0.6,22,9.01194134807904,3.7515972629607126
19,14,0.336644619492676,0.47210651930080016,0.29262130201834213,0.20339274131397997,0.15125691695918353,0.22191580888004084,0.00164816136832007,0.0055098600872188,0.6,0.5,0.6,23,8.560025709502929,3.5463666872149333
19,15,0.3249043865077283,0.46024861509086745,0.28093753965883667,0.19189613559918003,0.12728158379059254,0.18917494875283028,0.00244678537746899,0.018567183865816288,0.6,0.5,0.6,25,9.61552686202285,4.816015414775274
19,16,0.30145443187545484,0.4064400686190134,0.2404145969445891,0.19226659287962466,0.37224558965264753,0.19113952791723807,0.0018984214000264399,0.022548860445675688,0.6,0.5,0.6,26,11.33735601497605,3.781513960788937
19,17,0.3013501649921742,0.4247901448093511,0.2605682720586005,0.20774718978120943,0.12949721231010713,0.19113952791723807,0.0018984214000264399,0.0225488604456757,0.6,0.5,0.6,29,11.245052491942928,3.759347654982747
19,18,0.2998857296183808,0.4404876632937761,0.2795047467971508,0.22099807980046296,0.1544214483835205,0.19209021261270126,0.0018420695650610702,0.02336810605912475,0.6,0.5,0.6,30,11.435505858537558,3.830559279230542
19,19,0.2868006128950013,0.38121579957380297,0.22621482981129187,0.21029417522571364,0.18329027332401404,0.20501758242511406,0.00290727776607302,0.01297792116769754,0.6,0.5,0.6,33,6.630180201473242,4.675649317400174
19,20,0.28346329103539264,0.3921401073973769,0.24293749837733403,0.23531527831333784,0.1679661215349487,0.20341069064269438,0.00798022969642081,0.0150801503858886,0.6,0.5,0.6,35,6.42339277303005,4.673517109646457
19,21,0.30132004310105875,0.4013539221369555,0.25988811960687597,0.2792706398906039,0.22676526346387682,0.22227339122687084,0.0134319847904965,0.040146638142228255,0.6,0.5,0.6,37,6.505578936529679,5.126067589714601
19,22,0.30131982313692307,0.4013536852454196,0.25988799561446546,0.2734400439398892,0.1641683170874233,0.22227339155601933,0.0134320943683304,0.04014662240378143,0.6,0.5,0.6,38,6.5055728090804665,5.12606761010126
19,23,0.266961233873281,0.35902059079905996,0.22421078671904354,0.24685116800696433,0.1926764252923216,0.20197675868461967,0.00271609436463044,0.027307303595133482,0.6,0.5,0.6,40,9.166479098480448,2.598659880312672
19,24,0.28710187944302423,0.41437079421763895,0.28450594695205433,0.31596294321493146,0.16316490890473173,0.2290273317744231,0.015590144374191432,0.0263376702368338,0.6,0.5,0.6,51,10.506379429165516,2.7551064835017827
19,25,0.2830823487514178,0.41865854089875343,0.29848453282912313,0.3328041280952557,0.23160782543337985,0.23856612806456326,0.017201035287197068,0.025778689477737086,0.6,0.5,0.6,53,9.881239345981625,2.4891724579430057
19,26,0.2961075717430359,0.4312220007799791,0.31138560763090556,0.3555246191871335,0.1859147111647537,0.2588947336726568,0.01773849827594057,0.027386422952378482,0.6,0.5,0.6,54,10.485399389278218,2.6440725177448448
19,27,0.2808797704262862,0.43255574886762516,0.3159191936104129,0.3444017366916997,0.19077153593279797,0.23856612806456326,0.017201035287197082,0.025778689477737083,0.6,0.5,0.6,55,10.373049366557598,2.510262712801986
19,28,0.2589485024190733,0.36586693939899007,0.25140497586888144,0.32254288060164565,0.19782818367195126,0.20438174635875503,0.01479325011352393,0.03673681950470721,0.6,0.5,0.6,57,11.629558805053447,3.878532599686929
19,29,0.25719232979015927,0.376858336672987,0.26821858317089325,0.33737842390072453,0.1880374703774191,0.20665501613298232,0.01655075734419351,0.03793548541701012,0.6,0.5,0.6,59,11.342001319028588,3.72292275697728
19,30,0.257190518241213,0.3953639638701097,0.28846736783975296,0.3654967016708865,0.15504283557735338,0.20665501613298232,0.0165507573441935,0.03793548541701014,0.6,0.5,0.6,61,11.399594806713102,3.724054695920626
19,31,0.25718603126699935,0.3953537962146502,0.28846115152897844,0.3753731804441072,0.15504214569109956,0.20665501613298232,0.01655075734419352,0.0379354854170101,0.6,0.5,0.6,66,11.35926269303704,3.723187666566775
19,32,0.30662028080436393,0.4879521525974475,0.3947214787204325,0.5186887698146118,0.22515162447337417,0.2306982609210607,0.033314841333960336,0.0978195701416214,0.6,0.5,0.6,78,9.119453221815805,7.522576415378076
19,33,0.2721749834018878,0.4682873887798121,0.37926042238761987,0.4873313098339554,0.18759475756469196,0.2566312681407902,0.018243142109551448,0.03136134340791511,0.6,0.5,0.6,85,12.111335581099349,3.614963401813742
19,34,0.25666397968402144,0.4692064338123453,0.38328189033178395,0.4835461533054075,0.17882227448747018,0.23218783754017366,0.01844780911232689,0.03214187702512257,0.6,0.5,0.6,87,12.266409908121476,3.233682384317317
19,35,0.25259013409152764,0.49997599318324426,0.4189490608649064,0.5078138234832518,0.17092785315430714,0.23081803694106026,0.01692651166945934,0.030418235450096094,0.6,0.5,0.6,91,12.411800962090464,2.601451223951098
19,36,0.25653006765913594,0.48087782205764157,0.40102068430054727,0.5544143570982915,0.17881925144292948,0.17649771802265615,0.04305874014585444,0.07444185855419133,0.6,0.5,0.6,98,7.698395551612043,9.99470429096352
19,37,0.25435987132645993,0.5087862779464618,0.43679530439562186,0.5652727409678941,0.24514302465558002,0.17942115915628848,0.04344778776440506,0.074770907157015,0.6,0.5,0.6,99,7.950205335794459,11.41541727757992
19,38,0.2608858933086871,0.529764646332246,0.4620406582931047,0.5883786082910684,0.2027784466947944,0.17533963331300262,0.04738775102924014,0.09049385256323707,0.6,0.5,0.6,101,7.562999466500395,8.15525057544986
19,39,0.2924755203738419,0.5607516703789979,0.506281202927883,0.7210616172664726,0.23776401727069998,0.1816616600910635,0.0638527200984003,0.14052140338968705,0.6,0.5,0.6,116,8.46433054019341,5.085699475487353
19,40,0.3186796324335759,0.5675143978924782,0.5118502934380755,0.7301518147569535,0.26109365134960155,0.1846279508134942,0.07900457690862274,0.16939423089285008,0.6,0.5,0.6,117,11.65278237770982,7.144679887348645
19,41,0.3186796285387508,0.586023979177835,0.5321013950954964,0.7633030909385923,0.25191566840992347,0.1846279508134942,0.07900457690862273,0.16939423089285,0.6,0.5,0.6,119,11.65278142475352,7.144680669461336
19,42,0.3218282132237513,0.6808906606117703,0.6361624992990486,0.7892619032045358,0.2633483869744274,0.1897816786799801,0.07897418636592406,0.17021399909132445,0.6,0.5,0.6,120,12.240175960157432,9.903295596586224
19,43,0.31968095111696776,0.5853022387567117,0.5323892254861112,0.7619664979196632,0.256602171808383,0.18733969543193313,0.07898767305956009,0.16981492568366613,0.6,0.5,0.6,123,11.827800302225928,8.606742059503764
19,44,0.32340175483870687,0.6253060111320599,0.5763063127710091,0.7994132620286984,0.26453047853763906,0.1742163261039075,0.08651140341524328,0.18348458012972016,0.6,0.5,0.6,124,8.796961983625163,5.070552366654699
19,45,0.31916902539882813,0.6011992487585668,0.5512560057930692,0.7893558775512449,0.2608247387514986,0.1749235655178526,0.08020263471656543,0.18212182725486642,0.6,0.5,0.6,126,9.142715485714502,4.349605187996794
19,46,0.3188086932564235,0.6167396446108157,0.570049879222103,0.8110573666499507,0.2799430264143467,0.18190267738493823,0.08171862703900942,0.17540227047388465,0.6,0.5,0.6,127,9.904282330489725,6.550211121936104
19,47,0.25670697518719293,0.4979504556360131,0.4467059258421026,0.7503829764793982,0.19899583185262892,0.20339459301189033,0.08059107033236607,0.05228297725130848,0.6,0.5,0.6,128,8.118581938694131,5.988367901243573
19,48,0.25720421713986263,0.5184331413291766,0.4680766536815724,0.7664171148407939,0.19814215303857366,0.20304726453512928,0.08059906434257166,0.05225897398690575,0.6,0.5,0.6,130,7.90724048552247,6.0240296367265564
19,49,0.2606943721185418,0.5603526758579307,0.5126611859596404,0.8494079317332865,0.19777252446561455,0.18670223485697715,0.09951722175023692,0.057504437377514185,0.6,0.5,0.6,148,8.372541039334935,5.843989320076613
19,50,0.2661895472005561,0.5425526938273881,0.4958864918497587,0.8567605171548636,0.22908248791783614,0.1887289243612342,0.08981787721983912,0.07658581234926301,0.6,0.5,0.6,149,8.495990723621654,5.597758761306469
19,51,0.22484772703016737,0.5838171887528733,0.5391436126084859,0.9513225717583825,0.15887811880876956,0.14811150099098092,0.0824211794982451,0.047456042234295295,0.6,0.5,0.6,171,9.363857967911349,5.940040571095355
19,52,0.23068231589004298,0.6070851639568239,0.5647828268283113,0.99505847373238,0.17099618550681392,0.1484466013849903,0.08594545341549908,0.05481042663014117,0.6,0.5,0.6,173,9.41234279911601,6.19834658967125
19,53,0.23889254769726762,0.5956435997051477,0.5522664484734778,0.9662577923807155,0.18477128059396503,0.17250211326455087,0.07295207263731046,0.05621629413089245,0.6,0.5,0.6,174,9.501581751749567,5.977045689184274
19,54,0.24630515511042272,0.6023825814337999,0.559397841867763,1.0140084753794634,0.18424862156297772,0.1642418993952627,0.07553517092198897,0.0752354614042533,0.6,0.5,0.6,176,9.359363739028844,6.218978981474926
19,55,0.2451363881572695,0.6185967067162904,0.5780088054504737,1.0566161125194817,0.186011490562751,0.16272460438845723,0.07753337378591481,0.07406652333175655,0.6,0.5,0.6,178,8.496146680128653,5.9628815812932325
20,0,0.9919659513887616,0.7973816451365385,0.42883869764220417,0.016082640258914628,0.0,0.0,0.0,0.0,0.6,0.5,0.6,1,5.164268176099999,76.71427750943333
20,1,0.7587165160400433,0.7645896563683758,0.445029859236409,0.10483346290058146,0.489204568234119,0.15479040815549416,7.135322884012e-05,0.00016069728898228,0.6,0.5,0.6,3,4.501581276380498,55.61694129167987
20,2,0.5048253161170976,0.6403361229168006,0.3847076475561869,0.11707187065716175,0.6129770242528509,0.18179611877853147,0.00047580583993954006,0.00107158021862671,0.6,0.5,0.6,5,7.022510876587799,32.75496795119407
20,3,0.46536285597610005,0.6095705041055046,0.3671310256019509,0.12342001695951586,0.21974681919054673,0.18759294428860193,0.00026848066555476,0.0006245769245852701,0.6,0.5,0.6,7,9.7627217622254,19.176007086980945
20,4,0.4696425998007369,0.6173766017372316,0.3838721211686454,0.1587075308097523,0.21608422767826035,0.2372919162740785,0.00046774524428179,0.00201445547645021,0.6,0.5,0.6,9,4.648543420368977,6.0512429387810345
20,5,0.42894970591345283,0.578706074224732,0.36007677414916783,0.16046172148606835,0.2636669541278486,0.2357632951339298,0.0006732740090880801,0.00259139388736687,0.6,0.5,0.6,11,6.587906531241376,3.04757994043014
20,6,0.42180636921364717,0.5715210200165357,0.354293998825312,0.16534578386205998,0.162451058847571,0.23021734313376627,0.00061274062131248,0.00221491182491931,0.6,0.5,0.6,12,7.214251508628858,4.1551463344064885
20,7,0.41992163511059066,0.5881027879533284,0.37345425439282937,0.168097537628701,0.15352746256793565,0.2306785913911047,0.00058639281221801,0.00214493115902653,0.6,0.5,0.6,13,6.881498040523361,4.318068526458778
20,8,0.4173453365292862,0.6039981618978427,0.3916652662174617,0.16953093941871467,0.14349010748073754,0.2290256786211854,0.00053664059916788,0.0019398283180291302,0.6,0.5,0.6,15,6.480778048649976,5.108089092769819
20,9,0.4037156686575895,0.5713309860848406,0.3618601649050275,0.185137763055586,0.1737491133778062,0.2255060584291613,0.00043419675379638,0.00165372024584941,0.6,0.5,0.6,17,5.8477942346685,6.297066360237459
20,10,0.4056514347614441,0.5916836652865937,0.3845221598852852,0.2024378094595007,0.14440640029719415,0.23066000136286594,0.00048799710758350997,0.00195700795312028,0.6,0.5,0.6,19,5.5627765979455965,4.462448447689605
20,11,0.40565143570353995,0.610193317180669,0.40477337456653845,0.21112467166295565,0.1398144342793904,0.2306600013628659,0.00048799710758350997,0.00195700795312028,0.6,0.5,0.6,21,5.562777106648953,4.46244902021407
20,12,0.3698959501718063,0.5547615904673998,0.3529676317768188,0.17270017272102575,0.1600933898178726,0.18917767472113525,0.00080704642768858,0.00461156897361957,0.6,0.5,0.6,23,6.533445280129499,9.22442804859384
20,13,0.45415306970646974,0.6188870879861568,0.42064220309049793,0.2764398520695358,0.24149849128264192,0.14897548975419056,0.06895000795971451,0.14839835914753025,0.6,0.5,0.6,26,9.33903086922609,35.946254698903495
20,14,0.37038520532717395,0.5690763188086612,0.3815653211403951,0.21539538421285984,0.20323340393619044,0.20798011243920086,0.01104276547731556,0.02396904579105136,0.6,0.5,0.6,28,6.398808269008619,13.027462431536112
20,15,0.4072562304862854,0.5589460225561422,0.3844785480214269,0.28195170963535454,0.48159903193118536,0.15108448240246436,0.06887734462491277,0.14822331499894714,0.6,0.5,0.6,29,12.04591921327611,28.191204818020395
20,16,0.3413617446908753,0.5479942775828948,0.37951551360711355,0.22659995735089633,0.16543129160674444,0.227160853342435,0.01674500163302178,0.00806046202399072,0.6,0.5,0.6,30,7.472635756709041,7.801855160518293
20,17,0.33681930296169815,0.5608360608432749,0.39560051509478267,0.24350691117498968,0.15367705011978922,0.22422889457844283,0.01663685350423169,0.008063608147958,0.6,0.5,0.6,34,8.185706641895212,5.95207964408961
20,18,0.3309366348544052,0.5378547858847994,0.36898760387847707,0.24006011540041658,0.16302142699773717,0.20893924412380527,0.01529108745439835,0.008931913603787759,0.6,0.5,0.6,36,8.802067743308044,10.613311426810652
20,19,0.3285971116945874,0.5533097574671134,0.38715055464723713,0.2493567744573934,0.1482546383143889,0.20800029030358994,0.01528403842307258,0.00892210185408932,0.6,0.5,0.6,38,9.488724953860386,8.219226075875014
20,20,0.3234752500334936,0.5613306244940285,0.4036762055199109,0.26199834930333216,0.15663144895825937,0.21408808015871655,0.016091258225376208,0.01362965992792759,0.6,0.5,0.6,40,9.754721829269684,8.73604360593559
20,21,0.3012536844228406,0.5169214768776613,0.36176628533960464,0.26657715102787244,0.1624182064880901,0.17547614124235955,0.015447916729369241,0.027763273810372878,0.6,0.5,0.6,42,9.094906034047623,10.845907189145777
20,22,0.306796984332127,0.5507675132377247,0.4082542610534412,0.32008792467771285,0.18708007018617756,0.18002278780828704,0.02969326860806573,0.04525985893746052,0.6,0.5,0.6,46,8.345020323763867,9.592801608761205
20,23,0.3196214964590395,0.5619783691592576,0.42104069090394736,0.3485412224134924,0.17033977335414674,0.18493937959710258,0.05128289276986932,0.047780747612970534,0.6,0.5,0.6,51,10.614125605146178,9.6792088485455
20,24,0.315746070429777,0.5558186604755431,0.41709484078033715,0.3500998648524658,0.17679179584894208,0.1789764768776912,0.0518388844035218,0.052490538937070876,0.6,0.5,0.6,54,11.02382700189175,8.556430451378205
20,25,0.3133834023173247,0.5260803865339979,0.3936574478136732,0.35336976306673645,0.2395304255064938,0.19815632269091238,0.05570575251164996,0.04579780146933038,0.6,0.5,0.6,56,12.61084251851873,11.929030662371249
20,26,0.29893892612685863,0.5049308529110896,0.37821423300690854,0.3776719655297875,0.18299730327124164,0.19233786767430008,0.05159182283555549,0.04422027640362489,0.6,0.5,0.6,62,11.445980528020833,7.8912103624634895
20,27,0.2989385905079951,0.5234401701567181,0.3984649718222779,0.3844132110667212,0.16782745618947084,0.19233784266723017,0.0515908968290041,0.04422027997301448,0.6,0.5,0.6,64,11.445979271504877,7.891212281583269
20,28,0.3215035269467641,0.6168499087061391,0.5014556001288227,0.45480929946009513,0.23712458299510203,0.1937673791565029,0.045343121134472905,0.09147462948208004,0.6,0.5,0.6,65,10.807861998586436,9.650051349455044
20,29,0.2719866476360841,0.6199315199630081,0.5121148175962852,0.4829639109693646,0.14877154492957775,0.13833270683734383,0.052544379106787074,0.06356811110911413,0.6,0.5,0.6,92,8.760190956381676,12.920519459525702
20,30,0.26413349825272586,0.604454075720373,0.502562089105634,0.5002096948974325,0.17111167847746894,0.13765626276401052,0.05243427369099045,0.0639003966161862,0.6,0.5,0.6,96,8.736917986791092,12.991933180236089
20,31,0.26940267529744166,0.6465982565281354,0.5482988760787796,0.5321272093110849,0.15299771788269345,0.13767995212366743,0.05238196395504376,0.07293083765552678,0.6,0.5,0.6,100,8.7353735606992,12.982329421438015
20,32,0.2961765989119848,0.6173473640545059,0.5141995207921393,0.6050516918562819,0.1806926349792422,0.19559203134529415,0.05414675587271994,0.058954278573111155,0.6,0.5,0.6,107,9.674417397231988,2.191528953984488
20,33,0.31828721307598795,0.6722275683728933,0.5757446495953892,0.6610466564935309,0.21151067836831766,0.2115553536589671,0.06182325153635646,0.07998199515782342,0.6,0.5,0.6,116,8.086370863917836,5.331870180250241
20,34,0.318287246046061,0.6537179516381632,0.5554935830973132,0.6686708297030435,0.20583457413607387,0.21155536483253232,0.0618232977407787,0.07998200407948157,0.6,0.5,0.6,118,8.086326833081904,5.331870260172833
20,35,0.3326442165478113,0.6828355313577692,0.5891019642977746,0.6939903479368339,0.23828620068964984,0.2212051129880457,0.05562178816312278,0.10494818002589931,0.6,0.5,0.6,121,7.555679174494482,5.000331222930487
20,36,0.4092769229400227,0.8635104419351044,0.7852433412063553,0.969576255876811,0.3078498232537629,0.20533297574810802,0.13518220166547126,0.19202418178645544,0.6,0.5,0.6,165,8.83191299421118,8.991344622019561
21,0,0.8372936744951173,0.7435913585378685,0.39599323733202046,0.012549430328113672,0.0,0.0,0.0,0.0,0.6,0.5,0.6,1,12.388085524964,75.74605665829733
21,1,0.6207720645976698,0.6842036995428568,0.38818270764077245,0.08092834895691936,0.49025083916883583,0.12161288461122356,7.592401253918001e-05,0.00011104505639157,0.6,0.5,0.6,3,9.990287422978556,54.13570356025301
21,2,0.46896098126194824,0.5881632367296653,0.33357949550936555,0.08698842575263332,0.41861537075063543,0.13838760101961756,0.00030369605015673,0.00044418022556628995,0.6,0.5,0.6,5,8.989197308220268,37.8028612679585
21,3,0.43854721214253173,0.5645212173990665,0.3209049656535011,0.09233418080712055,0.17668498888698103,0.1450571019702595,0.0006833161128526699,0.00099940550752416,0.6,0.5,0.6,7,9.349002454490387,26.70139938695954
21,4,0.3825875556366908,0.5122493174594782,0.2785856218555093,0.0782517426673941,0.22226574455051892,0.10121101151658018,0.00035827409033334,0.0005966538315594499,0.6,0.5,0.6,8,6.165541630686639,15.391202545691598
21,5,0.3517792805961442,0.5015420603832745,0.2820741137836768,0.08559893206424325,0.16476654348452138,0.10557176023631047,0.00046818143490346,0.0007574022807979301,0.6,0.5,0.6,10,6.737192427397341,11.331085718342214
21,6,0.37647497979211964,0.5261726707635918,0.31095310644812396,0.13552176474202082,0.11693315142968852,0.15259747355343214,0.00662554804985916,0.00783613677265715,0.6,0.5,0.6,14,8.898065874779679,22.040287826120416
21,7,0.34977597455760445,0.49905365308638283,0.286730684901624,0.11533597030752406,0.1260896692212577,0.13245443054308786,0.00041355100540140996,0.00035566606716415,0.6,0.5,0.6,15,7.909109701743728,11.1058015662076
21,8,0.3221754046088015,0.47024157847943204,0.26411193340325,0.10939270854427847,0.1671236075719686,0.11046303088214274,0.00058501988038356,0.00069362327806018,0.6,0.5,0.6,16,7.1487187633641565,6.78210227759473
21,9,0.31938684503913783,0.46690957644949804,0.2628037299298345,0.1134786268921821,0.10159009784031212,0.10745267552065503,0.0035436883338141505,0.0043475978225148,0.6,0.5,0.6,17,7.650153478225204,6.554122102553351
21,10,0.5663483710821084,0.7496690832297219,0.5528678007402645,0.3765381385449017,0.3862306856428176,0.15857763871631392,0.02310568818626414,0.3628454241526282,0.6,0.5,0.6,18,8.454539108625674,15.912058278775165
21,11,0.33217373321844257,0.49555950234331014,0.3007276553512846,0.1556730720425227,0.1283518809752292,0.16286171872828362,0.00049875206675381,0.00061804655958412,0.6,0.5,0.6,20,9.023454110913868,10.947811088227615
21,12,0.3140134472684272,0.45803630240425,0.2636631192081065,0.1387779278645995,0.12133003262016284,0.1345443162632095,0.00319908408614855,0.00441324574465992,0.6,0.5,0.6,21,9.892551521555983,11.679152229530755
21,13,0.3043499604558741,0.4840893585035287,0.2957477825979305,0.1456694808040408,0.12101840312967539,0.13323351834112596,0.0005646128091376099,0.0005511685570438001,0.6,0.5,0.6,22,9.719841637832909,17.07499744729451
21,14,0.3037217810007259,0.4834338604250367,0.29514689788137766,0.15391023783688088,0.08091764542645519,0.13229822137086453,0.0005770398794707301,0.00061732769600331,0.6,0.5,0.6,23,9.638172583328336,18.392204052635996
21,15,0.5289609620117902,0.7086673561503237,0.5224457377942918,0.3874953026698238,0.3523012132912901,0.16156955764762565,0.02175472399851277,0.337927527776774,0.6,0.5,0.6,24,10.616486438333292,14.552537848557748
21,16,0.5038452777455009,0.6596002583819265,0.479158958347418,0.3571581036461827,0.4127028815192608,0.15610565891005238,0.019734939478119322,0.32634143190878245,0.6,0.5,0.6,25,8.563043800358479,13.977826921662324
21,17,0.5068038887674778,0.6966357717408136,0.5240478506166028,0.394567182070782,0.38127324044866995,0.16156955764762565,0.02175472399851278,0.3379275277767742,0.6,0.5,0.6,26,10.193924384243369,15.900484432354446
21,18,0.4625929810947207,0.6500071722142434,0.48073804928575115,0.365259369283624,0.3261630272650484,0.15473957033078872,0.02951164687362896,0.2747846128595794,0.6,0.5,0.6,27,10.823635709559522,18.70517145735779
21,19,0.49036412842477195,0.6589529364025988,0.4883596547261655,0.39059590499513663,0.3077449725674041,0.13594675771967887,0.01905622501947682,0.3498359397595024,0.6,0.5,0.6,28,9.699082129086804,12.410356141916672
21,20,0.5065502424419028,0.7061214026717426,0.5464733491502602,0.4377355897981148,0.45102571591187457,0.14319297571489747,0.02121383501622015,0.389647779483899,0.6,0.5,0.6,29,9.593166942182023,15.626304006892092
21,21,0.28215765186002284,0.4697347907885707,0.3228405772274335,0.25178863431356374,0.19545205397917073,0.13829330175044605,0.03920081740160316,0.04017103958492732,0.6,0.5,0.6,32,9.700242455387285,10.873157239458804
21,22,0.2821576484429985,0.4697347873711534,0.3228405738100162,0.2517886308959809,0.12667908931047472,0.13829330097008477,0.03920081462686888,0.040171036981871674,0.6,0.5,0.6,33,9.700242467251408,10.873157244416232
21,23,0.2796501132670739,0.484462999401022,0.3405522024682482,0.26104769166991254,0.14618759216417213,0.13742453584786785,0.03914464855545557,0.04010010244098272,0.6,0.5,0.6,34,9.62446989936172,11.2617800348481
21,24,0.41087334770063855,0.5964896506305473,0.45149829596072555,0.3999629570157102,0.2618811034970178,0.1353099031265134,0.03730928146345242,0.2641337689316251,0.6,0.5,0.6,37,11.002428443694075,10.69517695502944
21,25,0.47591840075619135,0.6725456426380534,0.5362300808072158,0.4845798695507907,0.44588060141377617,0.1509046314097698,0.052128171406853906,0.36178161344646076,0.6,0.5,0.6,38,10.475269999941297,11.272341680373776
21,26,0.47591840282045894,0.6910552945321287,0.5564812954884689,0.5056247414924726,0.33367600224092464,0.1509046314097698,0.05212817140685387,0.36178161344646054,0.6,0.5,0.6,40,10.47527002047013,11.272341471575109
21,27,0.4680178113111567,0.6789700750342228,0.5480600530988319,0.495202588193264,0.39024270003858086,0.1466449547259353,0.052176306119534166,0.36154228319454074,0.6,0.5,0.6,41,10.36135187604941,11.317438725445314
21,28,0.37881366952455353,0.5800278169315735,0.4572423139283296,0.443984921128729,0.29693150070733265,0.1269623994126072,0.03782426937179701,0.2630566055592422,0.6,0.5,0.6,44,10.341811386350594,9.20759997902094
21,29,0.3739637063126878,0.57474564330672,0.4522709424923256,0.447022978119896,0.25068287456725136,0.11834497025090078,0.03882219954411374,0.263369071791866,0.6,0.5,0.6,46,11.095466335065986,9.376697274610365
21,30,0.3784255505394949,0.5226122686744927,0.39576422698715424,0.3753803900400972,0.260914315801661,0.12892591960018354,0.03775851035402682,0.2629772417239357,0.6,0.5,0.6,48,10.285095829302431,9.416057946286363
21,31,0.378605855368394,0.5349596447011244,0.4148120296493074,0.40159979266858203,0.2874266357055157,0.13915737146757406,0.03750427136480482,0.2639128827604895,0.6,0.5,0.6,51,10.848222339582026,11.139052025518149
21,32,0.4968806042713557,0.6985040385485536,0.5911945935798866,0.6401410246739783,0.44952651379084196,0.14489930432993847,0.08417505447883852,0.431893226514687,0.6,0.5,0.6,53,12.14121149841122,16.366912571946184
21,33,0.46952913525784523,0.6892934738252938,0.5839924067111921,0.6248185221154829,0.36328545109282284,0.14310837143502877,0.07858033885257379,0.393288392786207,0.6,0.5,0.6,55,12.164497483443924,16.37935358087864
21,34,0.49079090472899944,0.7072757218891046,0.6043339796806102,0.6447108617334247,0.4196746004383701,0.14136283648438058,0.0783717207075415,0.43527688390842145,0.6,0.5,0.6,56,10.628807912723286,14.096088616828956
21,35,0.37407000999873385,0.5706957860931355,0.4669663942615281,0.5357273329021144,0.28863818281080544,0.13457730428800616,0.07165067239102023,0.2549625500253504,0.6,0.5,0.6,57,12.369312929920468,16.11686301829047
21,36,0.469669731336079,0.6509697563964953,0.557755918087152,0.6486395137592349,0.547016711371677,0.13108951832656424,0.08349945070954415,0.4273759498289126,0.6,0.5,0.6,58,11.633581641126142,13.564486578718892
21,37,0.4823111013149094,0.7005860189641726,0.61092175940367,0.6818132874014413,0.39025628397535944,0.14331695874991107,0.08486628814781799,0.43528931568523344,0.6,0.5,0.6,61,10.973857203785425,13.994375558575255
21,38,0.4732570702893183,0.6940742699740835,0.6164582834236143,0.7051643773446691,0.4739858841363427,0.14732497392632898,0.08424493781088364,0.4342130849481265,0.6,0.5,0.6,63,10.847136889039271,14.295749532620311
21,39,0.4688269262061134,0.7433395818122427,0.6721024173381309,0.7665050772517417,0.3898171939231785,0.13252919886244263,0.099696569311576,0.43063382141492523,0.6,0.5,0.6,72,11.02041307963574,16.14898987020378
21,40,0.2454470697033621,0.5196357079323879,0.46166913938432064,0.5868999976494662,0.19589064689863628,0.11975469218401105,0.04497336959014906,0.13467021824194755,0.6,0.5,0.6,81,12.710375885691551,17.53544894141827
21,41,0.2431264680459101,0.5059032317849573,0.45464909553170246,0.5917495101161594,0.2870233125461036,0.10906588791416907,0.04677473827966584,0.14970146227969602,0.6,0.5,0.6,82,11.507171641356878,15.612687874166662
21,42,0.24312646684939343,0.505903232639864,0.4546490963866092,0.5917495109599257,0.17864828688089318,0.1090658870213845,0.04677473895708392,0.14970146403281007,0.6,0.5,0.6,84,11.5071717815053,15.612683156944376
21,43,0.24213495195661816,0.5156818638664656,0.4706297332972368,0.6110386925840904,0.25351180753784114,0.10497367574273225,0.05315019934340787,0.15302157033628586,0.6,0.5,0.6,85,11.702998842691503,19.419473791252607
21,44,0.2446194417422946,0.4387862205488967,0.3898105787019207,0.5809253293729514,0.23573207019152564,0.12115049221565928,0.04739220884001588,0.14990466044403888,0.6,0.5,0.6,86,13.185706473664926,11.412072236206267
21,45,0.23908056803119976,0.5164504971664733,0.4814161801270626,0.6092011756440286,0.2694128220268629,0.11743401431697793,0.04771699867772145,0.15094610552736917,0.6,0.5,0.6,87,13.153376234357715,15.021933553199682
21,46,0.2423898158863417,0.5155289680915862,0.4828355175119474,0.6257774992309477,0.19943698764342616,0.11935694651318463,0.04676847919324031,0.15829733695642242,0.6,0.5,0.6,91,13.108450669798644,16.999011046405254
21,47,0.21856215396307277,0.39629171219810716,0.3564642157243713,0.5835538935412904,0.19278040823362502,0.1233669929893828,0.04924878368199312,0.11447336893523748,0.6,0.5,0.6,92,13.15570364280029,11.424142586035684
21,48,0.24291785982489394,0.5114496764054892,0.4812861645153906,0.6356895962358204,0.20785646663476007,0.12116167569901187,0.04735936932544822,0.16003040363930263,0.6,0.5,0.6,93,13.168542329028838,17.156488749973864
21,49,0.21086439070947677,0.3858824426626154,0.34753901805784765,0.5844322296309443,0.16927323277031148,0.12381794708228083,0.04936423514219548,0.10292985377118909,0.6,0.5,0.6,94,13.148003564770798,11.26579497478251
21,50,0.24202953864724178,0.5280099053639173,0.5001677890846291,0.6509761725465337,0.1927833513016606,0.1212297966387462,0.04794437197255379,0.1587078740841133,0.6,0.5,0.6,95,13.201928345587206,18.36911702818362
21,51,0.2037520722967401,0.39457939520441954,0.3594487915168228,0.5918832029989661,0.1776482166930575,0.12233285230639647,0.0483233665079189,0.09522566711774091,0.6,0.5,0.6,96,13.161478520500586,11.344329836138591
21,52,0.20589154509736957,0.3892014854955338,0.3581326614215505,0.6040788735349034,0.1926186712126494,0.12339990502080016,0.04983634488781049,0.10132048330579616,0.6,0.5,0.6,98,13.24391130964779,11.001308900173578
21,53,0.23623170256080234,0.5063065871846256,0.4870375249688017,0.695647713306666,0.208910986321466,0.1153017589345044,0.05421140886716941,0.15993629970278056,0.6,0.5,0.6,101,12.613706678320598,16.06739568050345
21,54,0.23705165580191967,0.5058221434534569,0.48724662830714477,0.700834145216301,0.2047681965374962,0.11814508995512767,0.05405452192258159,0.15938539819561195,0.6,0.5,0.6,102,12.698305664854232,12.871848383586205
21,55,0.23318563689393482,0.5010698553750599,0.4829649888683227,0.7356342265736826,0.1918994731924579,0.12456439885398589,0.04739997595175123,0.15260517783608374,0.6,0.5,0.6,106,12.695347257846,12.699556221978511
21,56,0.2323328410477415,0.5172562405025828,0.5016721858914409,0.749512359810828,0.20230460539254652,0.12042010557994029,0.04933275077595299,0.1546026230497278,0.6,0.5,0.6,107,11.999680137907678,10.53245331547775
21,57,0.2226874796652208,0.4866475924435932,0.47061880938879247,0.734295725650612,0.20188692988113255,0.10966287479016519,0.04827587104510716,0.15162590933672515,0.6,0.5,0.6,108,11.799189290045648,11.923257282633797
21,58,0.229215229881237,0.4922484945532466,0.47670829625392885,0.7386220542416553,0.19567015523261672,0.12466111357138324,0.05066463518555443,0.14606353622464047,0.6,0.5,0.6,109,11.876897071355302,10.587512343249363
21,59,0.2242864374791213,0.5140695700577451,0.5073840235818005,0.7368010528391405,0.2732662580251801,0.12435922656431622,0.053222604496923766,0.14189548329848592,0.6,0.5,0.6,110,11.454503635047432,10.63069971451767
21,60,0.21551287128820304,0.4936319473685438,0.4929589072549567,0.7368007043266602,0.21379017619892962,0.11400497386581963,0.05392410589198062,0.14333803040751372,0.6,0.5,0.6,113,11.694093606496995,9.77074830762938
21,61,0.21580011341343874,0.49365836653455264,0.49311872690625813,0.75740339881257,0.18216740984671653,0.114146224710951,0.054958713180562536,0.14294974561645407,0.6,0.5,0.6,118,11.867886060227276,9.764463321584628
21,62,0.2168443820286563,0.49211463188798577,0.4928966635378683,0.7763525477477783,0.1889337518313458,0.11185730090884458,0.05272874257433648,0.1501812577031269,0.6,0.5,0.6,122,11.96979421118498,9.227974537200048
21,63,0.37141112457924175,0.8633567592170468,0.8878017692744653,1.2618513943246892,0.3406673359552653,0.13058092573545288,0.0895591336592919,0.3611442086084054,0.6,0.5,0.6,175,10.270788556427735,10.400895106577266
22,0,0.9704115061179132,0.7903865806153507,0.424567357485283,0.015623380795630274,0.0,0.0,0.0,0.0,0.6,0.5,0.6,1,6.081325220801001,74.93451655413433
22,1,0.7662532469499947,0.7647431723600641,0.4426950104879775,0.09901550847210457,0.4408084119497279,0.14444885054036,6.093366771158999e-05,0.00011547267697324001,0.6,0.5,0.6,3,3.7389816287522977,54.74995529480744
22,2,0.587188311054651,0.6749163256493332,0.39261621086499227,0.10723654946538677,0.42052426096009593,0.1643734540153886,0.00024373467084639,0.00046189070789295005,0.6,0.5,0.6,5,4.5332358374419925,40.670491817983866
22,3,0.4831886366273283,0.6026802379333225,0.3484827132729703,0.10755166965753139,0.3262661928267489,0.16452070554655662,0.000151960809485,0.00028570920034646,0.6,0.5,0.6,7,7.344942352817837,24.53359700166869
22,4,0.4553987756926012,0.5808855698999019,0.33628616498972025,0.11216004947236147,0.17944972102168308,0.16886360874411133,0.000304294978764,0.00057439089277955,0.6,0.5,0.6,9,12.79828345804279,18.334136844987643
22,5,0.4512419442139002,0.57680902810237,0.3323691168487347,0.11286385712222091,0.10072464783070657,0.16308556553237225,0.0002111567159903,0.00031812857707233,0.6,0.5,0.6,10,11.027038027915047,19.95172198868079
22,6,0.4528740193624304,0.5971967517400704,0.35499215294585007,0.12032164099688537,0.10928324930405836,0.1681005762471485,0.00026590468490568,0.00050163915850694,0.6,0.5,0.6,11,11.449090324516192,19.377734959454155
22,7,0.4382262712695777,0.5846103911349595,0.34709647223538714,0.12342318948833372,0.17667812872106328,0.16707555870434967,0.00031357147030958,0.00058725580132684,0.6,0.5,0.6,12,9.696507195064004,13.333310811365592
22,8,0.4087060620027819,0.5383020162733612,0.3043816803706868,0.11551984330244021,0.17292540078980445,0.143306655125562,0.00041571539487769,0.00077540013683852,0.6,0.5,0.6,13,5.562698274950048,18.496948838945425
22,9,0.40977074447561734,0.5406971750777613,0.31373184216715405,0.13460745053582765,0.21946820986999,0.17158052155384615,0.00130482677575635,0.00552211605417746,0.6,0.5,0.6,14,6.130170670795705,25.75137773486709
22,10,0.398468073600918,0.5481843026256327,0.3309261786606403,0.1451292795365748,0.24516136648476244,0.19149783362514,0.00043523415120382003,0.00205459929162154,0.6,0.5,0.6,15,6.045344041649518,23.56925612734793
22,11,0.37054098035614325,0.5185913152290205,0.31252556918725805,0.14744823486940573,0.2060287197876708,0.18954573569384472,0.00061256853745147,0.00244434693764847,0.6,0.5,0.6,17,11.197860893540582,18.161594007789947
22,12,0.36722675474419053,0.5151637940863203,0.3095402327559502,0.15018668400476684,0.12035938311768063,0.18616544528427892,0.00046892750020984,0.00212435199108584,0.6,0.5,0.6,18,9.153477655360572,18.69296730070801
22,13,0.36607032457587185,0.513795229176814,0.30896738575625854,0.15874106421026507,0.12031839058303226,0.16462638802689167,0.010605465721562669,0.01634128176466993,0.6,0.5,0.6,20,14.866085458933236,15.116889425844311
22,14,0.34551516931470405,0.5099924349958236,0.31238654044436054,0.15492663224792594,0.1499910595662881,0.17291952832683893,0.0008175695362534201,0.0024751753058715,0.6,0.5,0.6,22,6.971932077173437,31.745164477017763
22,15,0.3496492631565073,0.5328946128758935,0.337849198981115,0.1698807576805852,0.12086244225949652,0.18217929446303946,0.00070186919689369,0.004138425634397791,0.6,0.5,0.6,24,9.487496694469485,31.267925898932813
22,16,0.34024211364462764,0.5033810177660715,0.3091373298146524,0.1677238182706608,0.1445877496678805,0.17661387003007065,0.0005899361058012899,0.00234296840991051,0.6,0.5,0.6,25,9.423574021380716,20.318779773308258
22,17,0.32822176062355884,0.48869248369203866,0.30012234648971714,0.16866531605333618,0.19936806510523203,0.1766263830730407,0.00079731037359964,0.00196168062120954,0.6,0.5,0.6,26,14.278634912630965,14.865519100494124
22,18,0.3281616151464306,0.5068950194445191,0.3205353577669545,0.17586743265045235,0.11601141747096122,0.1717319974146234,0.0035942204348506203,0.00602061816290992,0.6,0.5,0.6,27,9.60636729771985,17.94565988539787
22,19,0.33124937394042164,0.5077498055307582,0.32541177491561124,0.19264822263082304,0.18469292811597732,0.1939883211141085,0.00224216971550118,0.0035295817109897098,0.6,0.5,0.6,28,8.163912671966674,20.01983328315833
22,20,0.337216355266877,0.5125313680746558,0.3321619017712516,0.20427398511699227,0.14684983664451406,0.16268505941767492,0.02314790352572088,0.03380664320925082,0.6,0.5,0.6,30,6.094144156378459,27.35892170055624
22,21,0.33856749860431157,0.5100480889088816,0.3354936318434767,0.22236648231034725,0.22768159113745853,0.18818035374259173,0.02262572938841359,0.02949797473628793,0.6,0.5,0.6,31,6.6026183984629885,22.83473039751213
22,22,0.3235996448179453,0.49349649432775416,0.3211494891400263,0.21008781680355149,0.17535420061580528,0.1638574915860157,0.02357267033360707,0.03489411645058797,0.6,0.5,0.6,32,10.905742012174644,20.213824627779516
22,23,0.32499050769950966,0.49165453450711305,0.3235460332418028,0.22527253093392366,0.19939203445231435,0.18386012143558916,0.023006860782826398,0.03043526564876452,0.6,0.5,0.6,33,11.189752705879496,16.45037204141734
22,24,0.31796791894385157,0.48194543111977445,0.3171339109488945,0.22638893025962936,0.19203120647962113,0.18265199747548916,0.02281302729429078,0.02973517237248921,0.6,0.5,0.6,34,9.591589677217302,17.965730547956152
22,25,0.3084916958950556,0.4713759191501127,0.3078574229460903,0.2218370894001305,0.15867247528671738,0.1692717455715325,0.02281128960725263,0.03103556578212473,0.6,0.5,0.6,35,13.265295774730893,16.119725375379733
22,26,0.2956863126443436,0.4573363586094514,0.29524675641683035,0.21414013451648012,0.14581712953211745,0.13092014704875482,0.02951754166261516,0.04651571591375782,0.6,0.5,0.6,36,13.24979457991721,20.68114405768265
22,27,0.2622221311499632,0.48180340730334137,0.34318220623123025,0.31477334875729895,0.1266726922572936,0.15915448936293072,0.013906994581605539,0.01930644781075535,0.6,0.5,0.6,57,9.371969345915536,12.601016935630994
22,28,0.25699534066018287,0.49403714875538185,0.35812776519056944,0.3257060563685999,0.11809229537792293,0.1536210221444916,0.014724400597849671,0.01785233279494893,0.6,0.5,0.6,59,9.771872675034825,12.429444131751865
22,29,0.2535007522372751,0.5060487685914149,0.37460537776640473,0.3448774298219642,0.12175981562038951,0.15373643165703266,0.01387917190491433,0.01927272767623015,0.6,0.5,0.6,63,8.25052076052253,21.31351712605053
22,30,0.2805805396661622,0.5093346323614502,0.38077386305431105,0.37653208221486784,0.21921952298930686,0.21141433537599338,0.014012247096228081,0.01760258800324701,0.6,0.5,0.6,64,9.097693283503748,10.35207785994331
22,31,0.27880916694192864,0.5259763667708145,0.3992397435293592,0.39385852690910306,0.14342813522001982,0.20874619493096006,0.013854806177430252,0.01764224772322328,0.6,0.5,0.6,66,8.751109597365144,10.792507406813074
22,32,0.2426675120314886,0.4871277037476017,0.36268306301636066,0.35686888398933114,0.14687893595423676,0.1545287041941127,0.013529159112311121,0.0171939500153209,0.6,0.5,0.6,67,11.167097669985816,12.18680041262744
22,33,0.24469430356670138,0.48826364100236935,0.3645628425916199,0.367072993628856,0.1248732359533749,0.16008100402721998,0.013336672665160629,0.01687903142850721,0.6,0.5,0.6,68,9.856784835137288,13.340887573755664
22,34,0.2425173206251295,0.461084967888743,0.340927118651242,0.3735068065844955,0.20324594336208032,0.16305061713174884,0.01344520520089359,0.02198963808138303,0.6,0.5,0.6,69,9.260664401956806,15.578596507343727
22,35,0.24189816111705137,0.4783784551794426,0.36043565369422026,0.40512340386855455,0.11965806746398565,0.1630506170948156,0.013445205207136521,0.02198963805230898,0.6,0.5,0.6,73,8.898454581465447,15.253829166018155
22,36,0.24189986694386037,0.4968829787474269,0.3806871307643872,0.4286723484923934,0.1177996746164374,0.163059527298114,0.01344366621377428,0.02199676401042182,0.6,0.5,0.6,75,8.913143112830536,15.278916017220064
22,37,0.2471847598415492,0.5551982484080941,0.44619345137832395,0.43435564004172117,0.1574059911892025,0.18310465672250006,0.0127194584509089,0.01561649837679048,0.6,0.5,0.6,76,14.056477380269596,25.44091910977373
22,38,0.22965015651835113,0.45954612945715995,0.3467230401416267,0.40597873466353834,0.1375239676053572,0.1577732554324139,0.01450529869880246,0.0169105007982464,0.6,0.5,0.6,78,13.092957389061493,17.462888158297954
22,39,0.24813286552284283,0.5581183698739921,0.46326633672245804,0.44822375307828616,0.2174520322729593,0.14302518771406486,0.045208039697864535,0.05576371584196458,0.6,0.5,0.6,80,11.588825312815516,18.15199952090615
22,40,0.2413537195372185,0.5487653705120509,0.4558506435842514,0.4839029067468613,0.14307898515983128,0.16774790699212933,0.025716320134017517,0.03998816950861648,0.6,0.5,0.6,86,6.575462309690485,17.08012516543621
22,41,0.24223640615500086,0.5493299589966587,0.45657084486473276,0.496406870205593,0.1388919568438602,0.1712618569138155,0.0222043836328218,0.0410077720419571,0.6,0.5,0.6,90,8.95356920634294,16.706673841871577
22,42,0.23704503513053665,0.5608359443512636,0.4711588331095929,0.5010887785985946,0.14641858649928113,0.16644283166964308,0.02235966051801096,0.039762522141125675,0.6,0.5,0.6,92,9.173407905747997,16.451958812448325
22,43,0.24304061905310376,0.5458554892701226,0.45600242622772075,0.5117649298839141,0.16466748799051625,0.17430778148665182,0.02574318401580763,0.04166096684251843,0.6,0.5,0.6,93,8.85423653395166,18.140837579193654
22,44,0.23058421423281114,0.5618227018593572,0.48129673131969525,0.525884105543244,0.23041962523198714,0.16771942368181952,0.02223371298869381,0.041101615863410566,0.6,0.5,0.6,94,7.5800357731381025,14.629558408915496
22,45,0.2050886474768521,0.5174588822139614,0.43543161943616615,0.545116298790062,0.11161679302457303,0.14017973466400402,0.02231171964103576,0.026514318055362467,0.6,0.5,0.6,102,12.116814661074804,17.848959343733785
22,46,0.21593838164537038,0.564496240844331,0.4865081153725822,0.5620971859011371,0.13162038336301857,0.15653594099656634,0.025302856872445018,0.02674271069560863,0.6,0.5,0.6,103,10.764516250221128,20.81795873071545
22,47,0.24388047719633377,0.5654076731989758,0.4912818508551362,0.5723339361489317,0.24788627573871022,0.17497007507810866,0.04685726797996227,0.046701293494037836,0.6,0.5,0.6,104,6.7514729786462535,21.2611710353924
22,48,0.1971277522519574,0.5368695417146493,0.46467435438775573,0.5778250120310906,0.11024419846385405,0.14119792474067294,0.02350537153041164,0.02232979651813435,0.6,0.5,0.6,110,10.102394843272654,20.663664453570945
22,49,0.2030681295104993,0.5580175730666544,0.4896898048999278,0.5910481860655366,0.15236123907189442,0.1476725486233468,0.0229168555037559,0.029842247303194243,0.6,0.5,0.6,111,13.16543403775997,21.657078381653047
22,50,0.21699451868214922,0.5858538690264878,0.5221918908721316,0.6438516301064708,0.1391045330508206,0.14804045612792843,0.03127934445697582,0.050567048665743575,0.6,0.5,0.6,122,6.008279823961621,18.35016920787524
22,51,0.21699451838328698,0.6413828244639246,0.5829453651353539,0.6937095191409995,0.13480429956397358,0.14804045601237503,0.0312793444682007,0.05056704836396077,0.6,0.5,0.6,128,6.008279731141127,18.35016901666929
22,52,0.21560073084458803,0.637376915208061,0.5805820335064803,0.6978198881052097,0.16158730752085718,0.14844193902714733,0.03147161773054123,0.05035956766438554,0.6,0.5,0.6,129,5.909639949528211,18.37265883215392
22,53,0.22394483830465461,0.6434289201713457,0.5880649787622273,0.7254274998222949,0.16785709112862862,0.14233676819503444,0.03721456442654262,0.06789057780547829,0.6,0.5,0.6,130,8.766516292427625,15.350587227795202
22,54,0.19434585102062807,0.630739633967885,0.578110470255411,0.7596663994624286,0.1170602156975677,0.14299702899299954,0.029107818078001467,0.026239412784621618,0.6,0.5,0.6,147,15.250692507414636,19.380172113912128
22,55,0.18421388001246117,0.6558052575408333,0.6077846353222073,0.781961400731224,0.11151081201691568,0.13416152491789093,0.022285387767812432,0.02565499027275795,0.6,0.5,0.6,151,13.3764803855961,19.894399256970136
22,56,0.20333674638878602,0.6885699601964812,0.6452708561219105,0.8098906712920476,0.17715518978517064,0.1458651362497235,0.030147772070000363,0.04391362799322624,0.6,0.5,0.6,152,6.217378361071329,17.016132702130317
22,57,0.20331583614550078,0.6885452652857502,0.6452485179960121,0.8289469471058853,0.1289411697667008,0.1458328971140811,0.030650309769886357,0.04349569506713327,0.6,0.5,0.6,154,6.407834825670534,16.879206150090223
22,58,0.20304923069273506,0.6880057718583198,0.6448749673226696,0.8373075033783096,0.13015069899490456,0.14581284171681522,0.03004998310197965,0.04382707300186155,0.6,0.5,0.6,156,6.368471789431008,15.41589369751631
22,59,0.2023409959819987,0.7232640666917909,0.6842551520270275,0.8991293775128157,0.12972213120111808,0.14586129764658154,0.029618819541372188,0.04393781614346254,0.6,0.5,0.6,166,6.255941558478202,16.374808595319653
22,60,0.20217567330597971,0.7415678815219366,0.7043250561999443,0.9032697554600728,0.12874597806819058,0.1457538091228729,0.029757301598802372,0.043692048169947366,0.6,0.5,0.6,168,6.299492185330767,16.389867089600077
23,0,0.9096766008496484,0.7698476341525051,0.4120258374741027,0.0142740060053936,0.0,0.0,0.0,0.0,0.6,0.5,0.6,1,9.007926268009,74.527825568009
23,1,0.6909343726015599,0.7316795742972808,0.42530668545090583,0.10356497713173372,0.5101051012835209,0.15638877559860884,7.683686520376e-05,0.0001517621822685,0.6,0.5,0.6,3,7.680552619557952,53.78678794661628
23,2,0.7049273295609717,0.7552537559965404,0.45303670321326334,0.13984590943580358,0.19543632297202299,0.2092852776140756,0.00073434191284321,0.0037856258447219898,0.6,0.5,0.6,4,8.660303949894004,62.49724951130753
23,3,0.4725569715672707,0.6153966842853116,0.370372794823009,0.11757803760484398,1.0092897919846011,0.18537696772045706,0.00060978542363524,0.0012044006006882,0.6,0.5,0.6,5,8.526833378851451,28.76310855690577
23,4,0.4326951176244272,0.560813187927217,0.32222675519740374,0.10314328699732636,0.16333929658590474,0.16146505862198526,0.00018378514045167,0.00035650916967166997,0.6,0.5,0.6,7,9.123781274015082,21.708409160232176
23,5,0.38514007301319814,0.5349009353713224,0.3159006314253185,0.11340011401399652,0.19481547819658385,0.16291718585055842,0.00050255014096381,0.0009832182268137801,0.6,0.5,0.6,10,8.664610203809179,15.94762865538508
23,6,0.38223314857489005,0.5134830661666416,0.2928736262417367,0.1179074174914062,0.09816594781712422,0.15939726793196052,0.00026253827037087,0.00042286983346657,0.6,0.5,0.6,11,8.23448693424527,16.25506255823208
23,7,0.33273434716297573,0.4784694783358641,0.2797320817199319,0.11032120168588891,0.4198470859213381,0.15557045915730186,0.00056305026889366,0.00095884835974279,0.6,0.5,0.6,12,8.127806347892504,20.38417553151883
23,8,0.33171489074191346,0.495866671077985,0.2991146921272727,0.12681732149354857,0.0946994651650218,0.15485046045354348,0.0005278311685418,0.0008981653109504699,0.6,0.5,0.6,16,7.706842492976994,21.413194070719573
23,9,0.3315579067830887,0.4952687186069282,0.29964056101585596,0.14229092528092366,0.10206173482024934,0.15883349313134434,0.0004681048314766,0.00077865375577265,0.6,0.5,0.6,19,9.816741692724168,8.766619213838622
23,10,0.34101255906230304,0.4822729624120814,0.29328524819518487,0.1622234944982043,0.190845209196795,0.19175483350141032,0.00445629556746924,0.00960087857426395,0.6,0.5,0.6,21,8.066458638421837,7.896496770296189
23,11,0.34031819901587107,0.49990113506480227,0.31299807385145917,0.1705130344421137,0.12581082508785005,0.19175483350141034,0.00445629556746924,0.00960087857426397,0.6,0.5,0.6,23,8.014745862404496,8.452035897385725
23,12,0.3281091662437777,0.4664708898191532,0.2825101156279555,0.1660646643792303,0.19591619907134103,0.18700949708297898,0.00471480779935628,0.00931106598145243,0.6,0.5,0.6,24,8.557447755941544,5.07690152193766
23,13,0.3134881416400599,0.45175566587018995,0.2679702471014882,0.1568359471378072,0.10736126469349765,0.15182736490211307,0.009699817569166,0.01656422078318632,0.6,0.5,0.6,26,10.809030871008778,11.606713882448908
23,14,0.3007907809970226,0.4529665821901121,0.2778413484863007,0.1691265633267438,0.21875819762008183,0.15758566811863198,0.00628896433803554,0.01443107191501806,0.6,0.5,0.6,27,7.649684863268577,13.347155646459498
23,15,0.298159914734284,0.4489072430436603,0.27569164205398633,0.17547058163942844,0.12255432497669458,0.15967720144548286,0.00672920691432603,0.01338076978036096,0.6,0.5,0.6,29,7.388895425482735,8.156685463774183
23,16,0.2961510684400395,0.4433288101210795,0.27469835965500466,0.18697935748032365,0.18716320279676674,0.17270195588047313,0.00692482421808296,0.0105215413818474,0.6,0.5,0.6,30,8.44139906669609,8.67512481753315
23,17,0.28771121263771826,0.43283147256212556,0.2666917575930989,0.1854773033569551,0.1495823860809911,0.170275452238175,0.00360158970831915,0.00888352564363192,0.6,0.5,0.6,31,8.431276548306274,10.57988061462926
23,18,0.285141795539764,0.40509502572670303,0.24468739445549684,0.19011539227980917,0.24048099953972707,0.17112878720843808,0.010899513695735991,0.01855964032114186,0.6,0.5,0.6,32,7.088852967478886,8.554126163649824
23,19,0.2685942038241083,0.4412488057713143,0.2890234507184058,0.19740277186986804,0.12371525287632135,0.15487206497101894,0.01227147396071982,0.014041246163028908,0.6,0.5,0.6,35,12.451189009901888,7.199849550976694
23,20,0.249118647408324,0.40553291890506804,0.26854189418156627,0.20447172944414188,0.23388170854662654,0.15952290729452548,0.012785022281127009,0.01464359102542687,0.6,0.5,0.6,37,11.854350486161447,4.518559909706707
23,21,0.25609195726706,0.41030007416399816,0.275206827995872,0.22675170496787828,0.1518642847277682,0.16882258106424508,0.014686128752566061,0.01982821832507342,0.6,0.5,0.6,38,11.526078058241968,8.923536220499441
23,22,0.24762385769777687,0.41885275235484964,0.28676335693326466,0.21661582141518446,0.13290770326504342,0.17048234778298113,0.0107123889882263,0.01028839509987519,0.6,0.5,0.6,39,12.662530830243591,6.741203936467012
23,23,0.24206643276895348,0.380986123923268,0.2582516669548544,0.23596477447564257,0.15904401624998363,0.1752688562951579,0.0139213520688613,0.01806248977652833,0.6,0.5,0.6,44,11.39041505499803,4.972216864871505
23,24,0.24168901906685702,0.3987296712219656,0.2780350759943761,0.2600293975751891,0.12539795811279217,0.17526885629515782,0.01392135206886132,0.01806248977652836,0.6,0.5,0.6,46,11.27400226787977,5.077796588412455
23,25,0.23881070868053936,0.33447857898015904,0.21298416233833017,0.24562109689865327,0.1608694612821578,0.15353342682000073,0.02548473657406697,0.034563777061261805,0.6,0.5,0.6,48,10.96638880867107,5.780578887480178
23,26,0.23208404606959995,0.34260027570581375,0.22553475127956554,0.2635001719658197,0.1656871335709593,0.1530143076224555,0.02323763553784433,0.03114544121083903,0.6,0.5,0.6,49,10.58842395098714,5.639442639419605
23,27,0.23924874190203474,0.3483465957794488,0.23231371525340952,0.26392399925253285,0.13926735464862222,0.1626971008918401,0.02465976167501947,0.03427473104476621,0.6,0.5,0.6,51,11.363887986683029,5.1553251515833445
23,28,0.2194353091135936,0.32468481755463474,0.21143422609948626,0.25318841661751657,0.15871618345899863,0.154117224998898,0.01317532141586657,0.02489777859818666,0.6,0.5,0.6,52,10.59095823260809,9.036953414448504
23,29,0.2289802158660678,0.31548592449948903,0.20064204485929332,0.25768170702460225,0.1257452339192323,0.14930879579807033,0.025862696440369308,0.0352857460122464,0.6,0.5,0.6,53,10.537995062047187,3.900754947806807
23,30,0.22088992141177669,0.31340616320487746,0.20896759795994155,0.2661671895109976,0.2657877315538896,0.15654929732702355,0.02360610807692248,0.03269386275894504,0.6,0.5,0.6,54,10.558791018192329,6.00557214088968
23,31,0.21872664447201934,0.30470910089324105,0.2046216531436586,0.2710178235637905,0.1982729009983833,0.1553368405814617,0.025589318791567377,0.036382766364151456,0.6,0.5,0.6,55,10.035114397730531,7.574706980254216
23,32,0.21651246136724783,0.3178408352755938,0.2215691144799926,0.28198936539641867,0.14461268180475922,0.15522146151830937,0.0256119528190119,0.03639431046386456,0.6,0.5,0.6,57,10.310639193479531,7.337697985099166
23,33,0.21222772820535177,0.2852216927238057,0.19351509382601062,0.3059491592177277,0.1411570404518875,0.16388629753795697,0.025121710501589824,0.03161672878457924,0.6,0.5,0.6,66,12.256741828129025,9.00897935284442
23,34,0.19642875499588747,0.30395476092475554,0.21729718064851655,0.33911990029673084,0.11838715975521333,0.15867554486798358,0.0238074587146058,0.01414851760920519,0.6,0.5,0.6,75,11.819674755673638,2.417419921228748
23,35,0.196109668879804,0.3018934000577761,0.21632345803146852,0.3429541365445978,0.1338658770181271,0.16002103432387332,0.02357514370312363,0.01421649072224147,0.6,0.5,0.6,76,12.030059575283692,2.477896449278248
23,36,0.19191100114973977,0.312998287618678,0.23116124937279256,0.3599319119685077,0.12477650056959641,0.15693405794091553,0.02354384994002495,0.01351192048355459,0.6,0.5,0.6,79,12.078896760002078,2.478658566615895
23,37,0.18845271654908835,0.29068763310532325,0.22022222303793257,0.3649070649427842,0.30571793394563934,0.14332732420915442,0.029686044109299446,0.03349032568603445,0.6,0.5,0.6,80,12.298988538875063,2.980808848662276
23,38,0.18538208765187347,0.2815394326002625,0.21463024060589359,0.3710337486923203,0.14968810345863745,0.1428060620751817,0.03003800198372706,0.03369311627688087,0.6,0.5,0.6,82,11.848941624252358,2.524543431957764
23,39,0.1884665820294737,0.27967098175015276,0.21562491235579578,0.38277673759706143,0.17274075008427525,0.15024171288543922,0.03345711834398118,0.03254873089780669,0.6,0.5,0.6,83,9.5925474529565,2.875085460798806
23,40,0.18606528396117591,0.2748265299625688,0.21218161046129755,0.3812948783688883,0.13649290119666768,0.14969289404062047,0.03354309603529872,0.03094931990055943,0.6,0.5,0.6,85,9.4683214687337,2.5921837025826315
23,41,0.19078311211384252,0.27734930415485115,0.2159572035573255,0.39356577353792604,0.1508506056237656,0.1597364608728666,0.03363821815677672,0.03039372277399932,0.6,0.5,0.6,86,8.186831142980731,6.549974826129813
23,42,0.18479289814946182,0.24866785965658306,0.1879060668278039,0.38547534513474985,0.16536160770200956,0.15469657311671747,0.03315554908496108,0.029034850943138662,0.6,0.5,0.6,87,9.792062499130346,2.885771296810509
23,43,0.18639556252210826,0.2835791355538785,0.2283928790859383,0.42605209590664084,0.13499282056136008,0.15078019409346288,0.042064981799466876,0.03097027418627349,0.6,0.5,0.6,94,10.164519429589452,3.0355740735511163
23,44,0.1781270823541718,0.22812879025063937,0.17509968315609684,0.41641208965988136,0.1713334510578597,0.1383547137189264,0.051653243268296165,0.028828725713970337,0.6,0.5,0.6,96,9.695844949502993,6.480284658880762
23,45,0.1780729985781054,0.22802442800806114,0.17502300864462508,0.4229588124518238,0.12655120561751707,0.13846175635221306,0.05165047226522675,0.02866844246357588,0.6,0.5,0.6,97,9.6939767763507,6.494261461123906
23,46,0.17385936067904284,0.22100710391209316,0.16954516007344247,0.4163450721870315,0.1480289841794331,0.1292567259385842,0.05313110058988113,0.03153351674987455,0.6,0.5,0.6,98,9.897303534229891,8.89295556679805
23,47,0.17452886944876383,0.2370678116279939,0.1890505484577712,0.43256955481025544,0.1387186633441643,0.1327194142965594,0.0526894872954744,0.03164761602210179,0.6,0.5,0.6,100,9.859327580193384,8.60285128979966
23,48,0.17446175127815716,0.25534191283726,0.20915788380055517,0.45040515428284034,0.12571617135329619,0.1327194142965594,0.05268948729547442,0.03164761602210177,0.6,0.5,0.6,102,9.866584079903369,8.593118192795691
23,49,0.1744300706923186,0.2737404266084667,0.2293411146467031,0.48249520193916984,0.12532793740836748,0.13271941429655942,0.05268948729547442,0.03164761602210176,0.6,0.5,0.6,104,9.87715996187321,8.580752182645758
23,50,0.17514329161923847,0.2541888145769808,0.2090232751335132,0.4689440723750962,0.13060535460302525,0.13122550159813462,0.05488660623598438,0.033748148114517165,0.6,0.5,0.6,108,10.0033373172466,8.565580828611392
23,51,0.16124455892614387,0.32545672461002156,0.2929624320998049,0.5280741471687481,0.1789876511719023,0.1341271313035098,0.03138745936684559,0.03192775461135547,0.6,0.5,0.6,109,10.259119854069478,6.385381589520534
23,52,0.15427129370611278,0.308655660689403,0.28139510509852633,0.5505136919096195,0.1260170644038747,0.12911231800727854,0.03036781760872189,0.03219275964239599,0.6,0.5,0.6,115,10.256394005550444,6.047274271574814
23,53,0.1542712962870267,0.32716531258347825,0.30164626326786353,0.5581378302560916,0.11196749963844585,0.1291123180072785,0.03036781760872189,0.032192759642396,0.6,0.5,0.6,117,10.256393095710468,6.047274303158543
23,54,0.16026387367234188,0.3306588501362504,0.30645904482996833,0.5906908638462224,0.12593082542485154,0.14034776202944188,0.029746366119336398,0.0329445690276216,0.6,0.5,0.6,120,9.170543408896004,8.209425229692405
23,55,0.1627096735980847,0.2730043138874097,0.24597988661504255,0.6160518012669626,0.12473422469771844,0.13978270586966537,0.03672948919159309,0.034419995726748406,0.6,0.5,0.6,141,9.834642427684834,8.795440568297531
23,56,0.15383784933195482,0.2615072520817786,0.23585435371416197,0.6276101833072941,0.13695621510585254,0.1310772468374155,0.0363596748507063,0.030142390234979048,0.6,0.5,0.6,142,9.804172724921983,8.712470154412799
23,57,0.15066790339304104,0.2578988536804374,0.2324744705054272,0.6282511965848045,0.11563506942144565,0.12593922744388217,0.03612372834764159,0.030441318173205202,0.6,0.5,0.6,143,10.084441385019629,8.87220541204376
23,58,0.1538924294463851,0.277986604695936,0.2551609739834934,0.6441287883459111,0.12984366647206663,0.1313417310105495,0.03659973343529443,0.03094137327652475,0.6,0.5,0.6,144,9.895138911438178,8.853783694570081
23,59,0.15054493911448838,0.2736316361208788,0.2513294608992358,0.7139205741667419,0.11304354387755641,0.12909376943617923,0.034590622056609524,0.02984608105528566,0.6,0.5,0.6,166,10.618673309249685,7.771362127378626
23,60,0.14939561672045967,0.29084969460225824,0.27036290185433226,0.6720900498665837,0.1121527967163344,0.1272547635199747,0.034524536356037624,0.029903712078346228,0.6,0.5,0.6,168,10.712209310520532,8.995456782582927
23,61,0.15264697960125398,0.2938476022561865,0.27349241782905453,0.7371783818478861,0.1169639489254127,0.13134449653412716,0.03560197308391999,0.0304758500918186,0.6,0.5,0.6,169,9.949569975342234,8.063941985318147
23,62,0.14843721287380335,0.2860951138982876,0.2675744157781461,0.7547758988628454,0.14156272368556874,0.12503984971739104,0.03552676434920208,0.03177487018634516,0.6,0.5,0.6,170,10.517374278584075,8.849488594980293
23,63,0.14432031449186858,0.24310838518877997,0.22205966028622517,0.717041986520981,0.11609502018670477,0.12502898120154635,0.03499749033176366,0.0263683955308446,0.6,0.5,0.6,172,9.995033382481749,8.632507051893235
23,64,0.14939430803144496,0.26465386839021376,0.24639570582790418,0.7405566724777114,0.1310257278919027,0.13001919419112645,0.03616491984345896,0.02995552259261907,0.6,0.5,0.6,173,9.36161340698608,8.345829383316932
24,0,0.949593231547686,0.7834881088210272,0.4203550157688026,0.01516996846784117,0.0,0.0,0.0,0.0,0.6,0.5,0.6,1,7.052739789649,75.570702789649
24,1,0.7473914026959865,0.7571175187921915,0.4388929968465482,0.10056494633906045,0.4522044496708368,0.1480556613263562,6.696501567398e-05,0.00016107873304122,0.6,0.5,0.6,3,4.737986444874375,54.74677553077504
24,2,0.5817647622246348,0.6724630661941315,0.3921244880315625,0.10948906057296483,0.4080448083959134,0.16847777152747914,0.00026786006269592,0.00064431493216491,0.6,0.5,0.6,5,4.48254413119828,38.89423916820336
24,3,0.5108432381017978,0.6254627137657935,0.36533158289026924,0.11609618392816774,0.2699498181618492,0.1769757048764833,0.00016652109095061,0.00039117796131575,0.6,0.5,0.6,7,5.847379303866268,22.658988136281312
24,4,0.5108325115406392,0.6439644574834004,0.38557782452290307,0.12390310333896906,0.1065282906785143,0.17697570487648326,0.00016652109095061,0.00039117796131575,0.6,0.5,0.6,9,5.841129486033847,22.58502230205494
24,5,0.46385219554388296,0.5893767684427748,0.3448528344156072,0.1252298598292694,0.3629286148088647,0.1835354245841022,0.00019853094528729,0.00046562652460074,0.6,0.5,0.6,10,5.8411423847797685,16.697843409890915
24,6,0.43777325317702825,0.5847254101378813,0.34878528709958584,0.12672926856306432,0.2155973759339357,0.1728606311779228,0.00040685542509782003,0.00165245214120858,0.6,0.5,0.6,11,5.711056593158387,28.310593338626703
24,7,0.4142990352274475,0.5626559647756472,0.33106170961043063,0.11763649598674822,0.1648874936649405,0.15344304592198554,0.0008266707604039801,0.0025394138653336102,0.6,0.5,0.6,12,6.8238004345655225,21.87821822950185
24,8,0.3759927145549536,0.5257102511006424,0.3041281892629849,0.10722289376845165,0.24415530555478487,0.1258179267840375,0.00096105909774118,0.01133184421318863,0.6,0.5,0.6,13,6.114210877868848,24.74023379451202
24,9,0.40002011000896665,0.5497567023946283,0.3286859457314526,0.14237102063842494,0.11088684561393047,0.17804889318930248,0.00038957787678499,0.00184293052974824,0.6,0.5,0.6,16,6.116575683859359,16.70687632952551
24,10,0.36285257813354294,0.5145687804640582,0.29329260989035205,0.10702180890440942,0.08146519267436775,0.10759967329357234,0.00086232141762806,0.01237234701650427,0.6,0.5,0.6,17,7.027568469416783,30.83831012109162
24,11,0.35868152293075817,0.5082919916529927,0.2929029707384517,0.1198889718155194,0.16417692006990547,0.12403708052704485,0.0010530140458937499,0.01051378938362244,0.6,0.5,0.6,18,6.412787473637242,18.0161847042753
24,12,0.34287478874047755,0.5072760737085341,0.30991502180893093,0.14211812229273169,0.36711034529887865,0.11878419176852777,0.017812781837090362,0.03896910560391921,0.6,0.5,0.6,19,5.896487355579007,23.288877907448263
24,13,0.34426189586650197,0.5084605192618129,0.31168573531128785,0.14471360365737332,0.11587208855232593,0.11910612051512595,0.019190315339400348,0.04198274204854672,0.6,0.5,0.6,20,6.148797008156529,22.740264366742945
24,14,0.31422492539196595,0.47635233542956307,0.28440675461003195,0.1295280406783022,0.16444623598912725,0.10199927964997416,0.00951357354769989,0.03431012629308289,0.6,0.5,0.6,21,6.111764963850194,21.09186984724871
24,15,0.3293873124959058,0.46777154373126884,0.28377410664025604,0.1881717306232341,0.17358283200132818,0.18750977987410355,0.01022428080363616,0.0062303254895601495,0.6,0.5,0.6,24,6.953866458797687,12.450800266760591
24,16,0.26585081959910645,0.3967995131172399,0.22353795974156043,0.14900554110177716,0.16479897895400789,0.1101652779013488,0.01036880245711621,0.01112077048958712,0.6,0.5,0.6,26,7.774143026622833,20.477376238509056
24,17,0.25021523008050706,0.3928966060574397,0.22958941889836754,0.15535573289444826,0.14305833040087282,0.10914960130184184,0.01014250051890409,0.010124259053351719,0.6,0.5,0.6,28,7.695190305559729,16.04764887945134
24,18,0.264036857191095,0.3956216888488371,0.2439563743245252,0.18601977954434884,0.2975909716831696,0.1372599116334025,0.014209249675487121,0.03299772199045042,0.6,0.5,0.6,29,5.603460193434443,16.913992475083447
24,19,0.261688112128178,0.38952873274727884,0.24144427575070715,0.20098956824539538,0.13167267681359537,0.1416786683933331,0.01458186178188961,0.03344103354855926,0.6,0.5,0.6,32,5.827862156563393,13.574939450534046
24,20,0.22206641171235406,0.338443941362921,0.20055725017549336,0.1806102561036983,0.16995125524924784,0.0891157004576665,0.0149026289821766,0.0442452155421846,0.6,0.5,0.6,34,7.562907856031691,17.557883170407973
24,21,0.21972704416277347,0.3544601701978273,0.21844712990847823,0.18818859084593523,0.08639313628165085,0.09819357980549802,0.01534476408851066,0.03120852564632673,0.6,0.5,0.6,36,7.287352276741332,12.572614486109222
24,22,0.2038158151424912,0.3319328586124505,0.20138995915232213,0.19193900710034364,0.16537988224792943,0.07140054273923836,0.01456501050180696,0.0445196891032002,0.6,0.5,0.6,37,7.191974512181238,22.005779083161684
24,23,0.23885440931146573,0.36515384155576625,0.23606439098094395,0.21509615423154632,0.13722254137019102,0.10426298784745422,0.02174968726567969,0.06725965244816559,0.6,0.5,0.6,38,15.294659187665951,29.405175755883857
24,24,0.24446057117565048,0.4069600893768887,0.28201070493332836,0.27584834763361976,0.12145348492021726,0.14373037885569873,0.02152268696456914,0.0387722490314414,0.6,0.5,0.6,47,6.633758219166916,12.631889381057732
24,25,0.23844241026866325,0.41738030846324714,0.29580380296432507,0.2928560730740081,0.12954734049478522,0.13783769560916503,0.01799826753436565,0.041102527351040107,0.6,0.5,0.6,49,6.757652221536705,13.63349296342067
24,26,0.2593452098437894,0.4170561883320078,0.2958459696942702,0.3155764032587555,0.1739963231406087,0.1498684344325838,0.02251978813551541,0.06463475025671292,0.6,0.5,0.6,50,5.57557763140907,21.77591801587187
24,27,0.2667437378348467,0.4224889899357831,0.3027853376630546,0.3315128159461582,0.1736340426822055,0.18546349255174543,0.01984793139149226,0.04676960302154519,0.6,0.5,0.6,51,7.027310524688245,23.7177283531443
24,28,0.22307648877913008,0.3563547607786512,0.23789501916067496,0.2967467293570446,0.15762947190692672,0.12711511000296638,0.01405423643983105,0.043350064401829744,0.6,0.5,0.6,52,5.374189149797813,14.340425201262097
24,29,0.23214851320508503,0.3788578669666258,0.26587749902743774,0.3212390262481953,0.1833450625299233,0.12888254384839604,0.019786427076079572,0.059461027062750714,0.6,0.5,0.6,53,5.692082421963852,20.78542934424259
24,30,0.2493291034228312,0.3720320078414064,0.2612547133433101,0.322617475004202,0.17661542943615446,0.1573257681977121,0.029444029384879288,0.0593267454975962,0.6,0.5,0.6,55,6.6856763628250375,18.341909368062
24,31,0.22912751915450025,0.3405830323521602,0.23758846459801145,0.32482322326328855,0.25915894184804456,0.14789831810637782,0.02093170806649562,0.05674579554964739,0.6,0.5,0.6,56,6.180820040686946,20.104800638198736
24,32,0.22596901752925203,0.3517601930251648,0.25330776628858526,0.34622250844088953,0.15576099214975953,0.14156768727714286,0.02061399797815599,0.06310760821835976,0.6,0.5,0.6,58,5.944457842037071,20.440880213162902
24,33,0.21589628624461257,0.35829637898649347,0.262885961778506,0.3246898389715728,0.14643292479978,0.13407201017478776,0.0174970145180601,0.0588117863469008,0.6,0.5,0.6,59,7.006152040142334,19.01692977913305
24,34,0.2184462469480134,0.39394932467997185,0.30455490698843596,0.34796726642557874,0.16968232352170176,0.14054830136424076,0.01714107701681686,0.061196579609063106,0.6,0.5,0.6,60,7.035314407967851,16.02820548855181
24,35,0.20833354134039667,0.36332549022570665,0.27350707449095246,0.3426111097027656,0.14259525762560205,0.12839426081390345,0.01726104390423503,0.05869974414907719,0.6,0.5,0.6,61,7.004696823468896,18.9355981252268
24,36,0.21481668828529554,0.3859709594733007,0.2993943929548205,0.3431752999077074,0.15278674396252423,0.1401212724465348,0.01729177643436059,0.06026236698546257,0.6,0.5,0.6,62,6.973679869741302,20.98983581577048
24,37,0.20916372963052784,0.3591205421411505,0.27252257823527604,0.35685877828020274,0.13885385127697675,0.13184448108944322,0.017713290672112768,0.06164899182229442,0.6,0.5,0.6,64,7.152036676624682,20.363987413640263
24,44,0.1940219589692033,0.3923665426053544,0.32850417304607005,0.41661181202154296,0.1865089097619307,0.11430849901585775,0.01830295819651034,0.0782050162787219,0.6,0.5,0.6,73,7.622564270518117,21.81021018955764
24,45,0.1974503990397123,0.3732328704895839,0.31002311968724305,0.42465010641194684,0.14951344287683982,0.11891024044148822,0.0181071531646985,0.08297409068376507,0.6,0.5,0.6,75,6.634262833893918,19.383427854620496
24,46,0.23289994877296916,0.4162663537299809,0.34855213061892276,0.49445189763158104,0.3205936847692499,0.16301580214358616,0.03369207937934921,0.07832279282832195,0.6,0.5,0.6,76,5.6740775966793695,24.46288482151256
24,47,0.18053148509668293,0.40761059273809574,0.3644259207416391,0.4854860537844211,0.13153243376387852,0.11534869232279361,0.01866063979697221,0.07587008100871281,0.6,0.5,0.6,83,8.27736143141527,19.002144947171043
24,48,0.16186266463096344,0.34780908540409067,0.31532127387402303,0.47709840498039835,0.21531942021122324,0.09405145973107948,0.02081359366165514,0.07979345916895714,0.6,0.5,0.6,85,7.679657889370378,17.165006522776835
24,49,0.16186267304841898,0.36631881210104955,0.3355724362375252,0.48988440729689675,0.11471443987777716,0.09405146517688516,0.02081359458101493,0.07979345994729334,0.6,0.5,0.6,87,7.679657818279688,17.165009979902536
24,50,0.16931201502934418,0.31695712118877145,0.28167703604577093,0.4593345806491283,0.1338282355182166,0.10578629903433923,0.01869934161029219,0.0830559005866716,0.6,0.5,0.6,88,7.965300440439968,16.531361629189288
24,51,0.1725138301646138,0.3583126781687711,0.3374867538024543,0.5096467714436285,0.28151249649585186,0.11191703233525456,0.0226005888394298,0.08955749242180756,0.6,0.5,0.6,89,8.458462960168672,15.973139676511336
24,52,0.17035488988527275,0.3888570807653966,0.373770462237018,0.5504524109039322,0.13671671711450392,0.11022648026531004,0.02262086900019496,0.09009762056515624,0.6,0.5,0.6,96,8.410557609627123,16.137290357567178
24,53,0.16693330166384762,0.3474325057855684,0.32937602855756265,0.5885966239806182,0.12897265114697815,0.12875809002279218,0.02792777988031092,0.061997750609395365,0.6,0.5,0.6,111,10.141396189139826,19.85413762349344
24,54,0.16487270985908448,0.36139733734502993,0.34637675924545175,0.612981200230737,0.13422681027077307,0.12885373022493563,0.02762108944366385,0.06012329830802654,0.6,0.5,0.6,114,9.656835047566748,18.294355964985076
24,55,0.1584214021439305,0.3454167564575098,0.33531898609249433,0.6008091831665058,0.13987724557411002,0.1317646475394287,0.02563003288133795,0.05330870012508422,0.6,0.5,0.6,119,8.53080641369932,23.32165902374321
24,56,0.15353056245114993,0.3558673841444151,0.3491289029126938,0.62258932899609,0.1329667203275718,0.13113636073018076,0.023311078507546452,0.049362456601895935,0.6,0.5,0.6,121,8.033766005116226,22.07241139122896
24,57,0.17767697987489078,0.39440632415412635,0.39149687750227025,0.6737956569843243,0.17862613052804227,0.13918765941872074,0.026441819158529962,0.0810194168275985,0.6,0.5,0.6,122,8.97919800668458,19.777387509583644
24,58,0.16977624574910882,0.377610698344534,0.37919669244547705,0.7128188734830685,0.15463898822900893,0.14322146897217994,0.02430691343991739,0.0700136852412412,0.6,0.5,0.6,127,8.928815895740398,21.544735722444734
24,59,0.16449291563851023,0.3717683024896529,0.3736355058600082,0.7035603074827952,0.1372561481546389,0.13612796752313752,0.02434044995779373,0.06854590949832846,0.6,0.5,0.6,129,9.216930192167151,21.552710948571782
24,60,0.17016483556712478,0.41200398293944757,0.4185861179525901,0.7468605445017967,0.14799445374394135,0.13750586128459819,0.026712363981508707,0.07582510758170219,0.6,0.5,0.6,132,9.133317822406024,21.37873405870562
24,61,0.1597732812409198,0.41590179511785075,0.40398659678197474,0.7042260973890483,0.12522012134057114,0.14158225052250703,0.02300727550668224,0.0404614951054703,0.6,0.5,0.6,138,8.081227137933963,24.60952965735744
24,62,0.15045489589742606,0.35151862646775617,0.3564968997535806,0.731716877209355,0.12446353363640532,0.13793090075151204,0.02177076642866903,0.04845125275267158,0.6,0.5,0.6,140,9.26824671884306,24.99174060842789
24,63,0.1420651367690912,0.37924807815509126,0.3881576450061941,0.7507276535258988,0.1163570974977645,0.12636769505836465,0.02414247978692476,0.0444738534181452,0.6,0.5,0.6,144,8.537081057625446,21.600158223889792
24,64,0.1553239370687976,0.4286073444192498,0.4414580268101342,0.8758165260495078,0.12843132795372508,0.14413541363649102,0.020390414027021662,0.05236026454514083,0.6,0.5,0.6,166,8.630503271766624,25.225080536882214
24,65,0.14946755396599065,0.4032852726923278,0.41487047394102083,0.8663687656602933,0.13022780497507164,0.142874212775799,0.02058769531076817,0.04414079889628611,0.6,0.5,0.6,167,8.168133123283035,24.434105026023136
24,66,0.15352025815476572,0.4257966238561921,0.43914876125345065,0.8907500183692612,0.1266990326375949,0.13953285861942996,0.01921695713408445,0.05540243571358562,0.6,0.5,0.6,170,8.62943834317354,24.74813915198965
24,67,0.14645046147737306,0.470540224478163,0.49096145707135863,0.8828331824303824,0.1264982983177137,0.1354270570926122,0.026882416159025167,0.043040465214014265,0.6,0.5,0.6,175,9.044092609980678,23.595402127162966
25,0,0.9937052076502046,0.7979397364473096,0.42917946449647354,0.016119282690620528,0.0,0.0,0.0,0.0,0.6,0.5,0.6,1,5.014985909635999,76.29294590963599
25,1,0.7530343176065544,0.7558627771208445,0.43526606026811643,0.09361783952109463,0.4711841869086896,0.13584827511604056,8.543724137931e-05,0.00010759550014095,0.6,0.5,0.6,3,4.173996709624814,55.27818092186859
25,2,0.5772386289967276,0.6872218189466529,0.40913382244492286,0.11007370969042998,0.42895536569903825,0.16335610269324288,0.00091601109361916,0.00115357975235947,0.6,0.5,0.6,5,4.388928736251063,23.938063232463133
25,3,0.5577893539427483,0.673706208236887,0.3998339671696775,0.10667706654728401,0.16475792798792213,0.1595934991786562,0.0005726004165658,0.00072110507322912,0.6,0.5,0.6,6,3.9288697747625614,29.84408587251352
25,4,0.5202806458590024,0.6293026585237425,0.36344113362357006,0.10618706588597968,0.2532090205318212,0.1589100605794513,0.00020594070792418,0.00029652997322222,0.6,0.5,0.6,7,4.980604799272592,23.25339706488728
25,5,0.3428738827617808,0.49245885410264123,0.27727287634170267,0.07774430886037782,0.4617434272906707,0.10819782185437303,0.0006612582591263799,0.00115990658996103,0.6,0.5,0.6,9,6.092589850461628,3.798615856195533
25,6,0.3375418114644045,0.5052767148242805,0.29501370367644036,0.10038726651809514,0.078718462258598,0.1122887692389102,0.00067965893214983,0.00118537485903895,0.6,0.5,0.6,14,5.896566794675588,3.705966521728559
25,7,0.31618291474526655,0.4822615654341741,0.27973479628067016,0.09593399542764088,0.19042454436375406,0.10736900314789956,0.00052384301228016,0.00099001129542981,0.6,0.5,0.6,15,232.76124883580937,3.7635877607481554
25,8,0.3133922724853962,0.4786616958130983,0.2787742049721381,0.11206741785351891,0.08268722954856189,0.11278289854964196,0.00060502959874084,0.0008056019332674501,0.6,0.5,0.6,18,6.170025843095012,3.7274806322407
25,9,0.30293165641827885,0.4990858217041687,0.3165670768341288,0.13890302004415966,0.16252437784936657,0.12871714554030864,0.0110280864532122,0.00796196853490786,0.6,0.5,0.6,21,4.866458115263733,3.754178920166512
25,10,0.3019531662865987,0.47942623540923757,0.29546752897390977,0.13945363697059912,0.09200254547832529,0.12690417023928574,0.01117479850772961,0.00902685382933492,0.6,0.5,0.6,22,4.869573614859845,2.7965320236568085
25,11,0.3039329040214926,0.5172491074700615,0.3387564284862343,0.17073044435092416,0.12486153437297806,0.13068499681559875,0.01655591179588318,0.01058915604344922,0.6,0.5,0.6,23,5.020271051728002,3.8519316880741656
25,12,0.2903611558606936,0.48388896784125357,0.3057389239130035,0.14352750215085933,0.11716029191434127,0.12523887594811067,0.011393625000187339,0.004507310536438229,0.6,0.5,0.6,24,5.320671373215283,2.1699985705086657
25,13,0.28405565567807434,0.490230766311597,0.32236725629359003,0.18151835097512248,0.16243780797438606,0.12110245954648098,0.034328772069378434,0.00582666484061273,0.6,0.5,0.6,26,6.46098091485414,6.936624906577215
25,14,0.25845228341986265,0.4387174914744518,0.27825300005051334,0.18118911742816776,0.12076789415757415,0.11450987280513684,0.02153397368334134,0.00719960087259511,0.6,0.5,0.6,30,6.066678689241995,4.138179741472225
25,15,0.2910378618899588,0.5060558099968744,0.3516236596454435,0.2499789655086177,0.14126405825377597,0.12474765307911681,0.0393820519010237,0.043532220022105925,0.6,0.5,0.6,32,4.4533275427227,7.560360607015045
25,16,0.29084591050893693,0.5242786468225364,0.37169308052091443,0.2527053773874032,0.12234470965752878,0.12477901294172707,0.03965100160855306,0.04324848782584022,0.6,0.5,0.6,33,4.451661605433028,7.677953627776088
25,17,0.25830355804000305,0.43421870277750757,0.2785713909147599,0.20141598448360276,0.12665192314346582,0.12367168505735032,0.02314403268997009,0.009817484949370769,0.6,0.5,0.6,34,6.082559499468103,1.698930742625924
25,18,0.2633408954478431,0.43681550820480425,0.28374013225920697,0.2167701287345973,0.12167454917664762,0.13695040422228938,0.02533964869904138,0.010045935481107559,0.6,0.5,0.6,36,6.051187229012411,1.0345554357138178
25,19,0.2682554605371126,0.511099575153437,0.3696867184461438,0.2644748057380633,0.15115340517375647,0.12517410472631615,0.038909130519244675,0.03102549919957483,0.6,0.5,0.6,38,5.769427922575179,4.335781276409481
25,20,0.24985335051332835,0.48697729744201157,0.35099122954682294,0.26794335288205295,0.14688387459611166,0.11750758862447691,0.03715437027341677,0.02317890479737457,0.6,0.5,0.6,40,5.961301132277319,3.909130204803161
25,21,0.2697626853764341,0.5227837919549955,0.39091602578798657,0.2877616554002498,0.1456144883868922,0.14058433636625706,0.04011578965871123,0.03663615348102242,0.6,0.5,0.6,42,5.913407458742541,9.31686655694594
25,22,0.27761052068613107,0.5084790282473995,0.3781083416039768,0.2893695084563358,0.19149274946031605,0.13521986741248293,0.04199743230790813,0.061302637480902755,0.6,0.5,0.6,43,4.020751273031847,6.188099892653653
25,23,0.26270754912556826,0.5283969911827444,0.40340788581439263,0.2976700275043035,0.15743816506832403,0.1413554322130333,0.03995716985316907,0.03649212013362525,0.6,0.5,0.6,44,5.790137139803054,9.005915063072186
25,24,0.28914302700485045,0.5099011475864762,0.37017723666765573,0.3014054271773052,0.16568605281389928,0.12883795068300655,0.04843742673690589,0.06295723603262979,0.6,0.5,0.6,45,4.563490530872351,1.911742892002952
25,25,0.3097785351862111,0.5272865138978696,0.39058925503639996,0.3122797388457982,0.1762443479392491,0.13306193010043768,0.0703860698473317,0.08237338351094653,0.6,0.5,0.6,47,4.439568832752554,1.5731522670666864
25,26,0.290916684248056,0.4771538403601376,0.34971990499270855,0.3139397697036261,0.35852309425111667,0.12859109879600975,0.06551330097973675,0.0853040723675862,0.6,0.5,0.6,48,3.887432826212883,1.364100509153874
25,27,0.31106603794434196,0.5139349278795611,0.38977661179077927,0.34295344224335333,0.24312612927526064,0.13219193515259764,0.09058711160808483,0.097827161984751,0.6,0.5,0.6,49,3.6956193427257,1.4457671187598082
25,28,0.29249311874429657,0.46740525997017685,0.3489417154782523,0.33949576753358657,0.2186978613920241,0.1295829261509926,0.07638941727397225,0.09739702507506308,0.6,0.5,0.6,52,4.234477829650513,2.44341488382744
25,29,0.2752624270760447,0.48100949452287695,0.37068018541648345,0.3955328255876463,0.16349024035330764,0.1256516265251144,0.06373912768233427,0.09275371619839762,0.6,0.5,0.6,68,3.418988068951916,2.0213529500931653
25,30,0.2909204171414692,0.5342436861196782,0.4269861664087476,0.4461470749121129,0.1846820771955406,0.12647294629921899,0.07493237397076384,0.10786993493413029,0.6,0.5,0.6,71,3.457802853932836,2.190565733824717
25,31,0.2809041365916297,0.5089344935875592,0.3975270048790527,0.4208846017912287,0.16508995016285744,0.13165047967973328,0.06681528127678663,0.08781473411407299,0.6,0.5,0.6,72,3.4366845926408773,1.3039128759602236
25,32,0.29013701532815406,0.5510970977017642,0.4462258323409836,0.4616846979603344,0.17978619657575706,0.12647512468710775,0.07493014795875015,0.10786859975399994,0.6,0.5,0.6,74,3.3477097406997465,2.168004224291727
25,33,0.27365545692248183,0.4782451717309228,0.368769919442717,0.4270377935924329,0.16716941462893145,0.13187127439163251,0.06785369682681855,0.08215370477570223,0.6,0.5,0.6,77,3.3821268298021274,1.5378928375317866
25,34,0.293034393608238,0.5571158448086858,0.44992008286250074,0.4964351987596233,0.20192601062798754,0.13317182320427703,0.07682438303625833,0.09967514266445064,0.6,0.5,0.6,78,3.472537308973571,1.456587486880914
25,35,0.27432054318443666,0.5191126355234668,0.4107596031915461,0.4484814009257178,0.1604789816487267,0.12624303742637163,0.06924457872005782,0.08293165980396366,0.6,0.5,0.6,83,3.9816593169837047,2.0836335675242044
25,36,0.2705047566193952,0.5915866202741031,0.517747383942585,0.6272456877748389,0.19974944937876424,0.15931015508250032,0.06726091523110131,0.09021646137442677,0.6,0.5,0.6,92,4.347953594184104,2.3899440940253363
25,37,0.25742211751361527,0.573580842347879,0.5029016445869087,0.620830239068023,0.2233523761476206,0.14552897881434837,0.06718137497243101,0.08757986206176553,0.6,0.5,0.6,93,4.482007453915687,2.023099145824826
25,38,0.255906680260416,0.5697197126337766,0.5005283263850108,0.5516987349159083,0.19829070550560465,0.15050267328167752,0.062353706772565874,0.08656256159970813,0.6,0.5,0.6,94,4.383643535711242,2.4671534143247027
25,39,0.2536032955449441,0.585755701445175,0.5184135664101156,0.6195331180528286,0.17210552925949252,0.14528181719950534,0.0673115935917116,0.08399026614092385,0.6,0.5,0.6,95,4.484766605066857,2.0280365046156628
25,40,0.24394611052055143,0.5833663958561351,0.5247539755304436,0.6449986482584246,0.2247837140215525,0.14073069514921938,0.0652387666537717,0.08534900189103585,0.6,0.5,0.6,97,4.450511104954376,2.2882294480176726
25,41,0.2439461106422052,0.5648567439620599,0.5045028173611066,0.639708398938502,0.16826726728125438,0.14073069514921938,0.06523876665377168,0.0853490018910359,0.6,0.5,0.6,99,4.450511062042574,2.288229507766438
25,42,0.24391319994049535,0.6017854567644161,0.5449498085338887,0.6914543886835381,0.16841813983992263,0.14073069514921938,0.06523876665377168,0.0853490018910359,0.6,0.5,0.6,103,4.514584918742599,2.203536885059024
25,43,0.22553858315810807,0.6553951659958301,0.6067792508662971,0.7340153880367439,0.15244975064051874,0.12375707024157548,0.0703864566369127,0.06935098384148478,0.6,0.5,0.6,117,4.542578166657994,1.058508290978093
26,0,0.9493562252816818,0.7834087446214691,0.42030652854476214,0.015164752925943641,0.0,0.0,0.0,0.0,0.6,0.5,0.6,1,7.102250939849002,74.70493167318233
26,1,0.747001738134465,0.7540643387456563,0.43491407115716113,0.09529043226466191,0.4390364767425397,0.13903689333556518,7.059686520376e-05,0.00012562549124122002,0.6,0.5,0.6,3,4.562423498954797,53.51699605793432
26,2,0.5499516682493754,0.669376886625342,0.3982416069395647,0.10890335274802551,0.4734553906323281,0.16396478949990698,0.00050773260628166,0.00090349844712265,0.6,0.5,0.6,5,4.185873100318575,29.81513966239687
26,3,0.54890642744754,0.650597024222418,0.3783415604536175,0.10968998687838989,0.10552433310544311,0.16584006603148896,0.00063537178683386,0.00113062942117108,0.6,0.5,0.6,7,4.677468518257642,26.912821211288147
26,4,0.5411334737464019,0.6439913238154689,0.3726886159011671,0.10950425569249832,0.11175671783378417,0.15963467839121595,0.00039284813644957,0.00060721436628905,0.6,0.5,0.6,8,4.3258957331886325,30.17143504997639
26,5,0.4979769472549442,0.6131342515703915,0.3536054198209364,0.11027121535915804,0.19095576087875354,0.15796100408390837,0.00063057198560859,0.00104989235633391,0.6,0.5,0.6,10,4.757359613399812,21.738088325152187
26,6,0.4642458993042955,0.587734268675896,0.33950004207718276,0.11860216067624009,0.19069850312803605,0.1646620052665814,0.00032383324983218997,0.00061557932331862,0.6,0.5,0.6,12,4.058333330084692,24.703281600602924
26,7,0.45634571102879334,0.6361700876937691,0.3945674850245593,0.15786400124591446,0.11857876823233217,0.15621653575015632,0.00131691173322873,0.0024347480440404497,0.6,0.5,0.6,13,6.9410975771301695,10.256756050085864
26,8,0.42140044861894743,0.605004450981905,0.37152591564834037,0.15223488491389778,0.15125887107640903,0.1360921175694767,0.002786787908655,0.00416515859227368,0.6,0.5,0.6,15,6.854392313290553,5.583918936761315
26,9,0.4206549195577324,0.6059525201693094,0.3779321022198687,0.17173376032281504,0.1888104937592908,0.16073718741380685,0.00199208977755424,0.00512499454477,0.6,0.5,0.6,16,7.374378564525801,12.237551768852311
26,10,0.4046570162581042,0.5722585569659987,0.3463354009011404,0.15729215311782363,0.1573551894730036,0.15547520351933405,0.00091658514586818,0.00240693093348723,0.6,0.5,0.6,17,6.945368247739476,10.09490378975228
26,11,0.3942993943321308,0.5806586623064988,0.3582136887590767,0.17229169605143685,0.10355049879653493,0.14202057297599194,0.00255446357819125,0.0050811044075789995,0.6,0.5,0.6,19,8.035064336452317,6.912425099314219
26,12,0.3854138633412799,0.5535371793988477,0.33152521397575324,0.1626735284166517,0.12191052575563713,0.1404937616684936,0.00130435527622056,0.00260449757494016,0.6,0.5,0.6,20,8.083306402053527,4.321157444946571
26,13,0.37203018783390024,0.5402599171648391,0.3246772553573048,0.17427003999861304,0.19353999328431717,0.14195975551467996,0.0019711001682568,0.00597362525588389,0.6,0.5,0.6,21,8.433899970733513,7.384693833153221
26,14,0.36747641402069664,0.5355231609920978,0.322659256112016,0.18210047303020205,0.11398802234339164,0.14528210123546872,0.0021338531606859,0.006258316673274721,0.6,0.5,0.6,23,8.73345369456625,8.527741685273531
26,15,0.3453353856372763,0.5309236769651932,0.32611260588159724,0.1867366490072989,0.18718407163713935,0.1353678374079955,0.00182376248402061,0.0049301878240691705,0.6,0.5,0.6,24,8.164125748646999,8.713571986243657
26,16,0.3382062806313954,0.5417104817638189,0.3411687671982636,0.19149505447347864,0.10430047234297012,0.11139687443853152,0.01094213681396681,0.0192507029860752,0.6,0.5,0.6,26,7.999274595853509,20.723135117926677
26,17,0.3391526426580425,0.542327500230529,0.3430210632879835,0.1981814447611644,0.10764604211451262,0.11464524558245273,0.01234136475566701,0.02115255959465603,0.6,0.5,0.6,27,8.77373219324431,22.596499479660554
26,18,0.34205851326120457,0.5635249166456493,0.3667131704832537,0.20894698211841117,0.09835207908712028,0.12168550251236254,0.01158494640611278,0.02244578218490856,0.6,0.5,0.6,29,8.490144275713863,23.55990476992545
26,19,0.36409540727902207,0.5482542971193018,0.3489278739660772,0.22016380487930748,0.13219304491609435,0.15591440622306102,0.006827907350646379,0.03257385192657075,0.6,0.5,0.6,30,6.711946417648319,15.002515920925154
26,20,0.3465804407175688,0.5446810565729078,0.3584588210230424,0.26518264798101043,0.30770451202593413,0.18005789061726535,0.00620001516960385,0.020784546288000718,0.6,0.5,0.6,31,8.004995107311451,21.517153652132148
26,21,0.3424805688200686,0.5578638506689508,0.37571012982941027,0.2860471674354714,0.1429845511475832,0.18077786482946206,0.0063028549358585305,0.02106131249242377,0.6,0.5,0.6,33,7.670931139838508,20.25876309824402
26,22,0.3899926330538337,0.6040758351412369,0.42424370382815013,0.317153407682214,0.21386603041527427,0.1260520754838725,0.03681137752620027,0.13732030744560203,0.6,0.5,0.6,34,8.585160178297333,23.161930003532277
26,23,0.3942116017328285,0.6073913970883642,0.42913066256131466,0.32424806853397287,0.20931223543121058,0.12303178090104683,0.040765399713249,0.14929770663902767,0.6,0.5,0.6,35,9.33974026985036,20.18218935752733
26,24,0.31148140355045806,0.5047101060581756,0.32703715986704135,0.24571082545098744,0.14315686923984966,0.15671914202885345,0.0047054655392606195,0.015344411839432128,0.6,0.5,0.6,36,7.966645845586304,15.595049258211905
26,25,0.31487202537292464,0.5074417462877039,0.3308023330929801,0.25429486087281183,0.12770099947986308,0.1728212888022827,0.00442088974447969,0.00845578148955438,0.6,0.5,0.6,37,8.117491877734787,16.43914692129421
26,26,0.32623931737185546,0.5372842960146443,0.3624386033818819,0.28299352610635314,0.12328358721342844,0.19298042497619664,0.00534716566543211,0.006636506044770769,0.6,0.5,0.6,38,7.623779316926327,15.34052315147043
26,27,0.29596864673599477,0.4867691605082273,0.3127872864672364,0.24673901736378875,0.13927539663213212,0.14173619643138402,0.00421546923497772,0.01663304789350015,0.6,0.5,0.6,39,8.077636240042384,15.469377736510218
26,28,0.2954913118791307,0.4859081764791393,0.31248335870498634,0.2505852957339667,0.10670898997980466,0.14256288524006308,0.00424555286985809,0.01673030170514872,0.6,0.5,0.6,40,8.028099596049609,15.137183815194936
26,29,0.34788498018295755,0.5430008341071533,0.38835231519043056,0.3371774536520165,0.4556276867270242,0.13271873721339747,0.035956442549542625,0.1373685171018063,0.6,0.5,0.6,41,9.989644928077684,21.85000825737852
26,30,0.34693871481921246,0.5600257258692836,0.4076968526892798,0.35467619071735446,0.18469526237947426,0.13271873721339747,0.03595644254954261,0.1373685171018063,0.6,0.5,0.6,43,10.13871405783324,21.277812100010514
26,31,0.34621754055572007,0.5773465108241058,0.42725994972458975,0.36546513011068843,0.18417939001520026,0.13255578273205737,0.03583037745769848,0.13779876162028315,0.6,0.5,0.6,45,10.31199927764042,20.28494744747184
26,32,0.3465446064546053,0.577149056802401,0.4276199470543088,0.3701845460941336,0.1903766950625128,0.13586529849386844,0.03580368957154661,0.13656826432445768,0.6,0.5,0.6,46,10.75164940610266,19.380609192070192
26,33,0.32192999375244896,0.5294618069515691,0.38287916124385146,0.3449283760854068,0.2400609206652633,0.12055781432898556,0.03177469874176683,0.12667020262098364,0.6,0.5,0.6,47,10.259003368209916,23.550114604645376
26,34,0.3425700571674028,0.564531599484635,0.4236748920374659,0.3998621025633873,0.20392345120642996,0.15468613798216577,0.03510692209584422,0.13441961970502753,0.6,0.5,0.6,52,10.881852882559144,22.200517907910136
26,35,0.33387101901166855,0.5556668474865376,0.41496173088183835,0.39851535685367845,0.18373347454845915,0.13972681965935904,0.036136922734055485,0.13439491162188336,0.6,0.5,0.6,54,9.557505739174312,18.48627612576222
26,36,0.3292925916399905,0.5485985786008066,0.410231901187035,0.4006377127385116,0.20039233929544042,0.13691581036112385,0.03733641413040108,0.13443515318124102,0.6,0.5,0.6,56,9.76864868248771,17.989487560018006
26,37,0.3273593363421924,0.5644342443879721,0.4284959878382958,0.418361823335053,0.19170911582415356,0.13740221388503226,0.03652570211376325,0.13310784653002178,0.6,0.5,0.6,57,9.93484073246493,19.4251248015224
26,38,0.3208905538056572,0.5577308516456619,0.42200562951042603,0.4077379713958488,0.17782669974127763,0.12452513734796582,0.03760191048505243,0.1348275554383138,0.6,0.5,0.6,58,10.063129810405616,19.199205045375876
26,39,0.33078403619333085,0.564491734884642,0.4316023707717953,0.42846289911738966,0.23433728443430835,0.14947701465243984,0.03790268884767396,0.1330319837465789,0.6,0.5,0.6,59,11.122204462053062,22.033099635782225
26,40,0.3247109430048,0.5748350700102514,0.4455382801801798,0.4365739619979895,0.21498152895034064,0.1456205341060134,0.035735966230415625,0.13300654282590493,0.6,0.5,0.6,60,10.68736307622767,22.6767003444078
26,41,0.32081138312198443,0.5692164216830011,0.441415811872515,0.4352941344712799,0.19537124687347113,0.13488997498908076,0.04173798076485457,0.13577498468804072,0.6,0.5,0.6,62,10.52043621945401,16.562635375628272
26,42,0.3113372827020046,0.5568279230982084,0.4315163554225951,0.4449323492626498,0.18532517155614775,0.13508862417818923,0.03825919882446555,0.1284819723375717,0.6,0.5,0.6,67,9.574322914670317,17.6887305018176
26,43,0.27523660656990795,0.5084405674893682,0.3930712259971369,0.4160503529935931,0.23483361664088082,0.11399289468933531,0.1539353333519517,0.015091204992783661,0.6,0.5,0.6,69,8.028050909274599,16.433175383518726
26,44,0.27259550680494377,0.5012287225975591,0.38936615085787113,0.4172532218384631,0.17512196445627096,0.11667286480823376,0.15415160892496305,0.01522126511528819,0.6,0.5,0.6,72,8.184120892895205,14.19004821643523
26,45,0.2590136866177729,0.45953497078579925,0.35302204811762744,0.43738752112691565,0.1894745287465743,0.1023002108867474,0.15635290885161962,0.019471670347197233,0.6,0.5,0.6,75,8.7120699963918,16.94098128086905
26,46,0.25897488963039195,0.4594505227585115,0.3529705092501161,0.43738174326026547,0.15150572187484945,0.1023002108867474,0.15635290885161962,0.01947167034719722,0.6,0.5,0.6,77,8.764657393521,16.764578534197067
26,47,0.2578535472387729,0.4567240974536734,0.3514097190246846,0.44122423554134665,0.17061348394107875,0.10374354087889386,0.156129190240682,0.01866029544664318,0.6,0.5,0.6,78,8.65536497247827,19.79488735047693
26,48,0.2544576277426084,0.4509287080508609,0.34730899453963365,0.46804505165580806,0.15685515030545455,0.10657943370739956,0.15485433264402979,0.01448155294007511,0.6,0.5,0.6,82,8.647627255410567,13.010387563431689
26,49,0.25661176943873015,0.4511647551327884,0.348896729097366,0.45671707720241106,0.17574651312775927,0.11065176035946503,0.15624064525419532,0.015432938292821479,0.6,0.5,0.6,83,8.270790202206218,12.776115593650507
26,50,0.2516770409864327,0.48151671128013895,0.3839435214667022,0.5068477673473664,0.1567162075400735,0.10604246373565983,0.154761516616886,0.01534951250504341,0.6,0.5,0.6,86,8.661650374913489,11.64804585044704
26,51,0.2765208415217973,0.4936987121167514,0.4047255583848208,0.575672283787744,0.23085704903246354,0.1225544527591464,0.16845183728904806,0.0445431715728214,0.6,0.5,0.6,89,8.807720642891379,30.82576089624062
26,52,0.23511783018938523,0.4705711437470447,0.38349471387695666,0.6373340161073907,0.14373072329897787,0.09863497338759313,0.15681628740893724,0.00942812112681144,0.6,0.5,0.6,118,9.827394672126823,13.406063764946971
26,53,0.23463977918381923,0.4681204095271733,0.38234634580833937,0.6380078775875255,0.14912666316894785,0.09861587668541172,0.15672207064123603,0.01101549772961201,0.6,0.5,0.6,120,9.46605161130678,13.413191768578208
26,54,0.22446815255719546,0.4947523169373053,0.41260314753608734,0.7749064307954443,0.13423563720020237,0.07712026370845704,0.1608168974071665,0.01239389811281305,0.6,0.5,0.6,146,9.59374922001606,19.88348946302849
26,55,0.23171503769004556,0.5010967733393188,0.4195403633998339,0.7826757139551134,0.14948516471912235,0.08662851480485581,0.1662335754368,0.011483049278692311,0.6,0.5,0.6,147,8.437581190504577,19.1428645593232
27,0,0.727009373557522,0.699129330953443,0.36884378258441763,0.00962915032468541,0.0,0.0,0.0,0.0,0.6,0.5,0.6,1,17.650607859249003,76.12326855924901
27,1,0.5692469363478545,0.6620441634925479,0.383142043333374,0.09984594614032517,0.5104899418349865,0.1578963692130123,7.482858934169e-05,0.00017058153837609002,0.6,0.5,0.6,3,13.46749840551819,54.64966827839992
27,2,0.450324649319904,0.5961982316700335,0.35742165779541013,0.11337026317884864,0.41956742778422407,0.1808099225714147,0.00032851083895099,0.0007488833449150699,0.6,0.5,0.6,5,10.624090716903776,37.55165864425246
27,3,0.4420560756380815,0.589258173910743,0.354051026932702,0.11890950849601793,0.1401995927245749,0.18416892479090594,0.00044176282757846995,0.00100705603818891,0.6,0.5,0.6,7,10.097758861626009,33.519275375771045
27,4,0.4198657757256529,0.5693089864951244,0.343095035267694,0.1242933456059517,0.2607987674160248,0.1886634207892277,0.00059138314682085,0.00163298579500054,0.6,0.5,0.6,8,10.158844818382,19.795462140221403
27,5,0.4049904056682465,0.55509681931945,0.3379043442629689,0.14034311961886092,0.27104577494281384,0.202008648391999,0.00066890831665919,0.00315093990941472,0.6,0.5,0.6,9,10.168196987478751,16.940066058384918
27,6,0.46510739387645145,0.6124851414591442,0.40890976414815555,0.23036921760911216,0.4336155296941568,0.23623579256160712,0.03583845501268784,0.09354865792211446,0.6,0.5,0.6,10,11.09869687571786,15.22391110577901
27,7,0.3677785643590566,0.5145941230451765,0.3127953589508161,0.14146638193045405,0.1511344821977969,0.19744663551128583,0.0011479974527634,0.005699155865701621,0.6,0.5,0.6,11,10.07346998134082,13.884705983714468
27,8,0.4005814996855898,0.5410436785313821,0.3535107679892972,0.20214948089322013,0.41633966673346506,0.22534884038111383,0.023393517773107,0.06440402960372318,0.6,0.5,0.6,12,10.746102124994412,15.516842391947884
27,9,0.39994719208843627,0.5587389294666477,0.37326456478476644,0.21892880387139324,0.18810658402867786,0.2253488403811139,0.023393517773107,0.0644040296037232,0.6,0.5,0.6,14,10.8985132149388,14.663493284129537
27,10,0.3661099813947681,0.4977306144232787,0.3235933847327695,0.19571338740428215,0.38825073665904536,0.19124798362521223,0.03454533958611121,0.0743610711672214,0.6,0.5,0.6,15,10.61178315003251,12.780346042209104
27,11,0.3817692988991522,0.5090395196382327,0.3403926390968711,0.24350332967838634,0.23169873043798683,0.1641548496249368,0.04181832701965059,0.1377420220697802,0.6,0.5,0.6,18,12.327295036320296,26.824935581618547
27,12,0.30995232117219745,0.45202506914751944,0.2894064052339354,0.1806883189405486,0.20670026120753984,0.12443891866187433,0.026994221259565538,0.08228672283081673,0.6,0.5,0.6,19,8.1260799980634,28.653021940244937
27,13,0.3064098534254922,0.42874557801019336,0.2657535357802382,0.1996091925665039,0.1418097088314266,0.12343185751488837,0.02687426350182095,0.0812998330887847,0.6,0.5,0.6,23,8.081572391572731,21.73415668388419
27,14,0.3482849477203803,0.49650400539209455,0.348674866036744,0.26722639545500365,0.26104512931281104,0.17997043907710555,0.05941036371290424,0.09887326900193676,0.6,0.5,0.6,26,12.579136366182594,31.530260643753213
27,15,0.3313854689920044,0.4894222904509514,0.3510138023472059,0.2786696704152224,0.25167614865038357,0.1713655757361123,0.05497223203672613,0.1013933618817529,0.6,0.5,0.6,28,12.559790081422095,30.399959071540213
27,16,0.3310657620693335,0.5073739066743624,0.3709200438411331,0.281479523477492,0.1928789498998012,0.17741076250108198,0.06111511990143419,0.09021154245008732,0.6,0.5,0.6,30,12.57353733583842,27.33486719470083
27,17,0.26514059966492426,0.4513773528622316,0.32394468770349427,0.2771664004196582,0.14839998605711632,0.14686855643348554,0.0456881610879869,0.04059169475368476,0.6,0.5,0.6,39,13.11017788763994,26.45831904408505
27,18,0.26485193863228107,0.4508267460756181,0.3236083852905994,0.2771287337031721,0.13877893337643804,0.1468685564334855,0.045688161087986914,0.04059169475368477,0.6,0.5,0.6,40,13.04000393357237,27.363509527129363
27,19,0.364119261873773,0.5439527539082574,0.42172481146655927,0.4037323169702679,0.3228739328052905,0.18760177237934428,0.0975069562711576,0.13324647669146011,0.6,0.5,0.6,41,10.964068468738182,16.661211145760348
27,20,0.25736957591067394,0.4351688154988837,0.31448579580889213,0.2914798813768724,0.16068395414049208,0.1484195894127998,0.0454603751933107,0.041106988387510715,0.6,0.5,0.6,42,11.70065354467138,24.978956624404105
27,21,0.41156369222078715,0.5998721996471419,0.48701546001186347,0.4911570273213134,0.39672929614177654,0.1918827352672657,0.0931084054201752,0.22763833835746378,0.6,0.5,0.6,43,11.258512365533983,14.256304424376694
27,22,0.409691769828231,0.6144057333868471,0.5048387532403853,0.5056999418936872,0.31071142233270505,0.19188273526726563,0.0931084054201752,0.22763833835746383,0.6,0.5,0.6,45,11.135822135519843,14.74710707521644
27,23,0.2781032042150712,0.4382804296040558,0.3306655798803398,0.37248199181640196,0.21711045488726666,0.17907391179836324,0.04393026104820215,0.07285024676423545,0.6,0.5,0.6,47,13.237500364958745,20.40044044799428
27,24,0.27986532612514786,0.43009263822037147,0.3293935885456444,0.3773084829809096,0.24089007482187957,0.1779718023574084,0.04374502176706585,0.0900616963433363,0.6,0.5,0.6,49,8.845862112804634,18.191719374473767
27,25,0.3186618805196268,0.47802851710136,0.3853394147746004,0.46115313379451756,0.32507653322467206,0.19271078617104453,0.07689821984264425,0.12357018981061088,0.6,0.5,0.6,50,11.042900517762751,12.900978285848218
27,26,0.30203109420090274,0.4390385034100152,0.34712682626927316,0.4324022191431434,0.23462221593153387,0.1750649170546635,0.07710871041552816,0.11768819437274673,0.6,0.5,0.6,52,11.280459033376813,16.52512092025101
27,27,0.3030561257889802,0.45584107279273345,0.3674313286526514,0.46712768470092303,0.24537430514081346,0.16925868989247256,0.07585599898873971,0.129228454958707,0.6,0.5,0.6,53,11.44087598200959,15.041615174392549
27,28,0.30368067835172663,0.4534586433290737,0.36697413967722287,0.4657858255854758,0.2507286542742127,0.17332194322753897,0.07641745963018229,0.12896734551540584,0.6,0.5,0.6,54,11.347411816689938,14.54502071953579
27,29,0.2858974510516792,0.4264914732749997,0.3457784857513017,0.4634069216353718,0.3008045350102245,0.1339288917497064,0.07977399217149679,0.14532211081148022,0.6,0.5,0.6,55,11.233008909948822,16.15425119785202
27,30,0.2971912897487881,0.451924875224139,0.37564656596502577,0.4902284745277631,0.227501947965149,0.18559934474775325,0.07898941812098839,0.11737251464318521,0.6,0.5,0.6,62,12.013897116279988,12.290633942012256
27,31,0.2956758389692871,0.4641759226888731,0.39252638774813636,0.5029947195334419,0.26913993531069075,0.19215409582120865,0.0778351381333062,0.11370718248948611,0.6,0.5,0.6,63,11.0300954169666,16.631293315145296
27,32,0.2940768808973697,0.45733284350221304,0.38883485162871523,0.5323343422039588,0.24917909344042238,0.18446118053763633,0.07699461007760068,0.12418496614262944,0.6,0.5,0.6,65,12.255036442109263,13.75333009670682
27,33,0.2812437801271939,0.4622159538571957,0.3959325016275585,0.5363191696633582,0.21382325995786716,0.1430304726010447,0.07773324160050211,0.1443143032906444,0.6,0.5,0.6,68,12.916139750451654,8.013351180272627
27,34,0.2951059742665424,0.49149739428778066,0.4287900617610305,0.5718750439855639,0.2366424589321363,0.19288642262390265,0.0782971602509076,0.11979403289651906,0.6,0.5,0.6,71,11.017256895138136,16.146122774034094
27,35,0.26513312450543425,0.4387274923498251,0.37680181853923783,0.5817901241824558,0.2071454915007422,0.17712833854510232,0.06801230260756119,0.09782225379038303,0.6,0.5,0.6,76,15.612790238219148,16.682822058502655
27,36,0.2651331245054343,0.4572371442439005,0.39705297670857503,0.6067491826228353,0.1989767919342454,0.17712833854510232,0.06801230260756119,0.09782225379038316,0.6,0.5,0.6,78,15.612790238219144,16.682822058502666
27,37,0.22966927618505187,0.43952363423477014,0.3815252603543693,0.5909106373736611,0.1674834202656408,0.16201331931591353,0.06407410159747964,0.05774878115883773,0.6,0.5,0.6,80,10.910966087886342,18.151892108863787
27,38,0.3007125132296639,0.5432184866556071,0.49125088748146617,0.6970129244901726,0.24229245035611174,0.2209829660366375,0.08325520567267855,0.10482595895371558,0.6,0.5,0.6,88,12.560098012639862,15.238719601863243
27,39,0.2903729600882641,0.5296551213526093,0.4795444465942907,0.6893761598286775,0.24329169019364222,0.18169582895740052,0.07783270779481692,0.13397454118291932,0.6,0.5,0.6,90,9.204125103789863,12.314235610214569
27,40,0.23104794770892614,0.5250669220760685,0.480632081213169,0.673328665709058,0.17055824113021575,0.1842593475663571,0.06734150502490618,0.04189040550275891,0.6,0.5,0.6,96,10.94995715434067,20.81472885472068
27,41,0.24176327640254133,0.4938971349195291,0.4487583248206693,0.6531658092899246,0.19732736856773517,0.16568941036249457,0.06526217174275527,0.08383753026567511,0.6,0.5,0.6,99,13.504497971493896,19.863863051081434
27,42,0.24881977479667006,0.5163046035874519,0.4746967265947505,0.711491475833457,0.20049461812161576,0.17479923418790103,0.05560208914855804,0.09693353497552576,0.6,0.5,0.6,102,13.509530860754555,20.21538687739716
27,43,0.24881918029666433,0.5163037242634363,0.4746961013872973,0.7195934432121645,0.19084027604845416,0.17479932696992992,0.05560129130664824,0.09693334760891374,0.6,0.5,0.6,108,13.50949944181654,20.207783407325437
27,44,0.24881386290069385,0.5347962888476423,0.4949368048521502,0.7337102500081113,0.1908813390203975,0.17479932696992986,0.055601291306648225,0.0969333476089137,0.6,0.5,0.6,110,13.509930155630846,20.14953201799611
27,45,0.22989494193055687,0.44125602918045304,0.39475944202122193,0.6817290428815701,0.1726699049486612,0.17198025701495692,0.05249332096793498,0.07124757720758639,0.6,0.5,0.6,121,10.827097721076644,22.163732784828284
27,46,0.23052080376659922,0.44108096491906396,0.3950357916317897,0.6787234234674532,0.17559944855093496,0.17187070279556813,0.04938780891743564,0.07558560962881712,0.6,0.5,0.6,124,10.82701583043361,21.592286246453927
27,47,0.2316906656624507,0.4598846052784612,0.4160738272855023,0.7003971745504861,0.17554160302743582,0.1742969397814684,0.05493179154755985,0.07113903871997619,0.6,0.5,0.6,134,11.237198502312244,23.42013033077475
28,0,0.7775417546343293,0.7202407729056272,0.38173488530878374,0.011016494794866471,0.0,0.0,0.0,0.0,0.6,0.5,0.6,1,16.64497566232101,71.41802612898765
28,1,0.6267534516489712,0.6988910596621802,0.4073913192492755,0.10646443623416542,0.4795777860258112,0.1653867938953151,7.19465830721e-05,0.00017182138677119,0.6,0.5,0.6,3,12.253660914885511,50.81085043690892
28,2,0.5003967276483186,0.6388969708083215,0.3871095214653549,0.12485382498467136,0.425526602913637,0.19555393723777642,0.0005439832146748,0.0012991298034544401,0.6,0.5,0.6,5,8.637478421827717,26.597194117160058
28,3,0.4675539896726539,0.591225491935424,0.34331186105704514,0.11117522288969824,0.14904548186459063,0.17219048155734643,0.00017571297850623,0.00040211087395141,0.6,0.5,0.6,7,8.153839012012824,20.44956598525069
28,4,0.4131031182322398,0.5443147823297263,0.3210848331665916,0.1353528060604758,0.5194276160060133,0.19875612798341522,0.00040699811456689996,0.00111268380543507,0.6,0.5,0.6,8,8.40506291096953,14.845153539287969
28,5,0.4076398118792936,0.5573997868743104,0.3374122655198794,0.14021002283094466,0.13069569788928337,0.1960716881647639,0.00042795869301908004,0.00116326485296057,0.6,0.5,0.6,10,7.961395503009397,12.337647783536
28,6,0.3908664185451739,0.5402195414696097,0.3272620987809678,0.14695996458711363,0.17629214185769954,0.19763492156279636,0.00039166194004356997,0.00108761859501954,0.6,0.5,0.6,12,8.646949150174125,13.815872197936054
28,7,0.37645780769247295,0.5249162720422501,0.3171302196326805,0.1514599909974999,0.20107593413674776,0.19135295054054244,0.00243996912355014,0.00229234507128509,0.6,0.5,0.6,13,10.757934573061736,16.29967862632859
28,8,0.35954259713110276,0.5227921246886735,0.3282868852642373,0.1661980971242443,0.21973663283336142,0.18378868844392154,0.01051312121830115,0.01813152575226203,0.6,0.5,0.6,15,10.588793864521572,14.534934515117754
28,9,0.3909193455006549,0.5703014280753456,0.38267620436377897,0.233598665601641,0.18938631906332795,0.2680682548993671,0.00282709022459603,0.010583882690557569,0.6,0.5,0.6,19,10.682308993124396,47.39272669567069
28,10,0.3385338977382927,0.5337756206751663,0.3527782597750577,0.1865816112873881,0.16563906710025433,0.18334336580197047,0.0104988441346327,0.01810512189896699,0.6,0.5,0.6,21,11.146574247128113,13.597573762378364
28,11,0.33853050014626657,0.5522807413898667,0.3730268624373627,0.20721928412491078,0.1261303339908434,0.1833434308302739,0.01049986587951749,0.0181051264971844,0.6,0.5,0.6,23,11.14658015807523,13.597573006921138
28,12,0.32272990967329884,0.5123891551382976,0.3400453428839844,0.21402497275277346,0.15495035308676408,0.20470876047744105,0.00466513634225471,0.00299719805203519,0.6,0.5,0.6,28,8.433285701350977,12.705353265662575
28,13,0.31769980701718536,0.5058984778365343,0.3355750209024726,0.21856377806556204,0.15833435672266816,0.1999276319218235,0.00519023073662813,0.00517040219351196,0.6,0.5,0.6,29,7.924527572131396,11.013286151551013
28,14,0.3144988068089356,0.5200230759334331,0.3530247429857067,0.22741824485105944,0.13815091247877176,0.19931800720285378,0.0054250233997659904,0.005054615699895531,0.6,0.5,0.6,31,8.052106931242491,10.645653054777044
28,15,0.3157384360741474,0.5197307364139758,0.35471245492106596,0.2717792010322964,0.1408030728858436,0.2064503542782948,0.00837482406083034,0.00345203335218607,0.6,0.5,0.6,34,9.374828196910588,13.165764794160015
28,16,0.31573842943119346,0.5382403883080512,0.3749635565784869,0.27868795267482394,0.1301289135046574,0.20645035427829478,0.00837482406083035,0.00345203335218608,0.6,0.5,0.6,36,9.374824764463964,13.165764690510068
28,17,0.301972860061687,0.4859249142946266,0.3210783718879009,0.2438177438924491,0.15069480911773678,0.19126080384610875,0.00640356441398596,0.00297988228253793,0.6,0.5,0.6,37,8.15664761588631,15.560820978980136
28,18,0.3006833822480503,0.5204347224536777,0.36055368387868697,0.2793633584932935,0.1290391891236416,0.1931046063454984,0.0045602527903225295,0.00483552097881591,0.6,0.5,0.6,40,9.726390160412404,11.2137421894028
28,19,0.2943406393083252,0.5308065267871226,0.37478695203696005,0.29040054319450787,0.15264828220629015,0.177746180493886,0.00586124307387469,0.014620870765801569,0.6,0.5,0.6,41,10.732577277256151,11.976408865796744
28,20,0.29434064534550475,0.549316178681198,0.39503816671821335,0.2974286514750892,0.11835099606970884,0.177746180493886,0.00586124307387468,0.014620870765801569,0.6,0.5,0.6,43,10.732579572289984,11.976408873253089
28,21,0.2905085028549241,0.48878947006512236,0.33062644811752795,0.25728663729155565,0.13845762480814544,0.18029697893886143,0.00653379060626882,0.008913455760350079,0.6,0.5,0.6,44,10.789611157429176,10.357209896049444
28,22,0.2841021320590166,0.4735803516044942,0.32479976192553434,0.254276892147905,0.2774571614803396,0.19174307868752005,0.00638218971597215,0.012405044759874261,0.6,0.5,0.6,45,8.248641295862534,13.17746785855146
28,23,0.2956596640489852,0.5163293394104259,0.3766886891648642,0.34763480027951765,0.15898322318701663,0.2110965106326519,0.01196498069653289,0.02216237282241337,0.6,0.5,0.6,52,11.740794964205298,10.586533617231952
28,24,0.29312896991476245,0.5317737775832903,0.3943759475266344,0.3604959875177545,0.14686741013872692,0.20798850098419436,0.012000209677878671,0.02227789904291199,0.6,0.5,0.6,55,11.713879778537914,8.518829955648473
28,25,0.2842043977704235,0.5374440616156742,0.40537960271498774,0.3636523863297355,0.19866894277899444,0.2022193209829549,0.0119397272790583,0.02207311232863307,0.6,0.5,0.6,56,11.333433072355897,9.481721197587625
28,26,0.28556843942835697,0.5066805985726212,0.38447888355140475,0.3962969159218885,0.17254615550470306,0.22463776650878647,0.01810666262790014,0.023762238436784912,0.6,0.5,0.6,69,5.852586314926263,28.34772457925464
28,27,0.28860781250251405,0.5007721983183211,0.3856139682663938,0.41803170116507454,0.2842341230750414,0.24176754900373404,0.01833867117300973,0.026740527704274247,0.6,0.5,0.6,70,5.350253361067728,31.891303467276646
28,28,0.2879451320177666,0.517928281079365,0.4050386396623168,0.42996286133596495,0.17452718003683781,0.24176754900373404,0.01833867117300975,0.02674052770427422,0.6,0.5,0.6,72,5.542621140278657,31.624844592405704
28,29,0.2831823037597808,0.5106901653947916,0.39967784022133646,0.43087589580720576,0.19825249431000866,0.24044202234617432,0.01800009165303812,0.02432018534490798,0.6,0.5,0.6,73,5.72755175333872,29.41626729329913
28,30,0.28380971264600385,0.5285739847749378,0.4202419227385109,0.4408874776448485,0.18480728522405962,0.24308044238824697,0.01799481186499842,0.024661453104333812,0.6,0.5,0.6,74,5.524080882857448,29.001581359294985
28,31,1.3215876475475468,1.5550623295995427,1.4549518769996257,1.5685492333032356,1.2234752523941914,1.0,0.03449059114202467,1.0,0.6,0.5,0.6,95,6.921415521697897,923218.985863056
28,32,0.494135104372302,0.7181044972258934,0.6245711711224587,0.7510602332514584,0.5037608279075627,0.4590379778757242,0.031694735521298104,0.17651470100703956,0.6,0.5,0.6,96,7.3006965153661,494.15283526499934
28,33,0.4941351032277623,0.7366141491199686,0.6448223858037118,0.7777004751468545,0.39717942177471927,0.459037977875724,0.03169473552129809,0.17651470100703956,0.6,0.5,0.6,98,7.300697208786465,494.152831474374
28,34,1.2805408426807128,1.4283247405237662,1.3292795296961453,1.423854535742542,1.209388309496864,0.9478104670416515,0.032972222935962955,1.0,0.6,0.5,0.6,99,7.191290478713944,1231597.794313791
28,35,1.3014726640577416,1.540066939793483,1.4508977885084333,1.5950706895632123,1.2264203891482683,0.9832466880688149,0.034838378371827114,1.0,0.6,0.5,0.6,100,7.787018017843074,393078.5464956349
28,36,1.3014726668446133,1.5585765916875582,1.4711489466777703,1.6084383117662733,1.207367544019534,0.9832466880688148,0.034838378371827086,1.0,0.6,0.5,0.6,102,7.78701943232497,393078.5462801327
28,37,1.243029501030338,1.403579118388897,1.3101089605677125,1.4128432826407278,1.1733384893083971,0.8903922691602907,0.03505374200256781,1.0,0.6,0.5,0.6,104,8.39239686507997,141846.37749357682
28,38,1.2931658720726975,1.46496999003862,1.3779737333047886,1.4623760527316496,1.2827886827808164,0.9823972855079833,0.03471791931642505,1.0,0.6,0.5,0.6,105,8.22471938041935,393342.880691512
28,39,0.6010536335889622,0.8387843382230655,0.7639151105239301,0.9511570425039009,0.5340211637997601,0.49204047515017396,0.03101469300809928,0.34849280825915807,0.6,0.5,0.6,111,6.188303040031111,3757.181445117336
28,40,0.4783716141313552,0.7577352183166634,0.696662434390816,0.8800609907897546,0.4204472280937983,0.4194729784958653,0.05443252467128044,0.21060619831541852,0.6,0.5,0.6,120,6.591964125138714,491.9397790958078
28,41,0.46919828160718224,0.7172812049029055,0.6620700102026954,0.8763623906665856,0.46444522352428885,0.41756289061632923,0.054197506242229465,0.20868187504279137,0.6,0.5,0.6,122,6.012848231948343,499.8166608051113
28,42,0.4268295897091323,0.7287865314359867,0.6797568874860266,0.8711372605634661,0.3659811655674666,0.4146298827096192,0.04965720227219057,0.1461221191445468,0.6,0.5,0.6,126,7.492875589178621,485.9395390030987
28,43,0.29364310377118047,0.5855236009291283,0.5423209473718569,0.7616713117869504,0.2630023010210999,0.2661421949529722,0.05295545358682916,0.07803094859987997,0.6,0.5,0.6,129,5.900710662508273,3243.492573790338
28,44,0.1848127012774008,0.52898082208128,0.4928561684046429,0.7325145043926719,0.1284348910382017,0.12042784843542081,0.020307881383311948,0.07209909435850063,0.6,0.5,0.6,141,11.227628209080944,17.207536236085694
28,45,0.23526346318637695,0.5965049949967577,0.5629217708417377,0.5719202898134207,0.18088693952088747,0.15724305293742685,0.051784828544065575,0.09416802104577844,0.6,0.5,0.6,144,11.71422165624468,10.704128402183514
28,46,0.17954857736905377,0.5385079719019367,0.506214271965591,0.755584541305189,0.1429244441447804,0.13561136917132585,0.020856654153266797,0.050430961835487065,0.6,0.5,0.6,145,9.430832323955435,16.824578763167924
28,47,0.17682848534089549,0.5407857601923567,0.5177519760853958,0.7762058999070086,0.16566250548074232,0.13886730721430673,0.02112943776270761,0.052075698365645275,0.6,0.5,0.6,148,9.93557187445582,22.670889429896157
28,48,0.18405053609679464,0.5657154866283208,0.5566384829432791,0.8187719189996417,0.15415585328598702,0.1329888430446629,0.02739220426895112,0.07741701775187262,0.6,0.5,0.6,160,10.198327303230013,31.53629647144136
28,49,0.16875009395456708,0.5275885931487506,0.5304559380703445,0.8219332710918146,0.22869630176316294,0.12211385116972825,0.02758331738631421,0.0757140517356352,0.6,0.5,0.6,162,10.018209901276308,24.85028912965804
28,50,0.18036441095435635,0.5598918735545071,0.574576609225603,0.860678062954621,0.2164170863452638,0.13877258145506605,0.02790737019483755,0.08659876362292793,0.6,0.5,0.6,164,8.286028396281218,20.132058573739133
28,51,0.17973370082833928,0.5573219719664447,0.5729865727554228,0.8754589149297256,0.15705257948828388,0.13634947263740083,0.02803647781315712,0.08882515364102453,0.6,0.5,0.6,166,8.181226047896894,20.11824460282609
28,52,0.16973558791184887,0.5603870486037217,0.5805326854109683,0.8660311736236713,0.1554796745992575,0.13177482703713053,0.026451835040492373,0.0807056013622273,0.6,0.5,0.6,169,8.307025065060827,20.00822582245988
28,53,0.17084093640124498,0.5786099745485104,0.601194785580964,0.8997333538455949,0.14786199961480975,0.13403535723401755,0.027235618006038,0.08030008481591944,0.6,0.5,0.6,171,8.558703160585091,20.03062796281873
28,54,0.16778460259692868,0.5005098978966253,0.5166317052006533,0.628404941421338,0.14148391471331356,0.12954111646386593,0.02718093365758937,0.08022399362015371,0.6,0.5,0.6,175,8.629731346042703,19.833470243409156
28,55,0.13237305382026893,0.668245148541802,0.7037532113479782,0.9955230134776856,0.10438732068991143,0.09150820622193769,0.026976109081984216,0.05962606811153045,0.6,0.5,0.6,192,9.234107041853555,20.413553989490406
28,56,0.11163912870583971,0.658875342840649,0.6996836278726716,0.9917541418948145,0.14299571950989953,0.07099047237096565,0.026422216699380042,0.04937191744319634,0.6,0.5,0.6,193,9.302230197998297,20.661337004977423
29,0,0.7567885184066827,0.7117317162430482,0.376538953692045,0.010456777902492907,0.0,0.0,0.0,0.0,0.6,0.5,0.6,1,16.5105572961,73.47649196276667
29,1,0.6007260757593785,0.679692240356321,0.3920223210034498,0.0964553585104223,0.4743927095461975,0.1498263230764804,6.496978056426e-05,0.00013306483558437,0.6,0.5,0.6,3,11.914594166999557,53.02744507946935
29,2,0.47687521966944607,0.5985418779761525,0.3474295700797752,0.10569663899461026,0.39843973370467467,0.17049267013464733,0.00025987912225705,0.0005322593423374999,0.6,0.5,0.6,5,9.592604170156116,37.418298555030646
29,3,0.41918275398359917,0.5491307358371101,0.3166277504155541,0.10605807273614523,0.2516455782420207,0.16805153925342825,0.00016262926863404,0.00035598814452752,0.6,0.5,0.6,7,9.988191559562903,21.477367122412925
29,4,0.41856963718453394,0.5678762744117444,0.35556572475666787,0.16244131773199733,0.4474837661776843,0.24494785512960132,0.00061083884054911,0.0024553957282093903,0.6,0.5,0.6,8,12.030506357719457,22.36523711264164
29,5,0.3847577188443131,0.5302952028812412,0.33207362728010337,0.16533282425448642,0.26117901830339174,0.24413643607430502,0.00030137992318121003,0.0011948369038945902,0.6,0.5,0.6,10,11.949538868356118,14.175034179870137
29,6,0.38451687849479493,0.5300124584580775,0.33189841609393594,0.17289208948299112,0.1482126034587823,0.2441243258111443,0.00030166797186172,0.00119583526562706,0.6,0.5,0.6,12,11.834504823810768,14.284958924954012
29,7,0.3526384310917396,0.477035918585488,0.28308933683124465,0.1551344436925764,0.22364902863132963,0.2118715486259413,0.00033287467027742,0.0012698365265306599,0.6,0.5,0.6,13,11.115423029304818,10.127931204897576
29,8,0.35077185748851675,0.47203169982731413,0.284009833825055,0.16885597661002047,0.23428298961158275,0.2268689253136618,0.00154882748925228,0.00227862855100831,0.6,0.5,0.6,14,13.475724747466694,9.19292111403058
29,9,0.35058249064643005,0.4677273341291169,0.2862490504839245,0.18333761390312095,0.2566193043208766,0.23299474835194833,0.00508919209630912,0.014037389922670122,0.6,0.5,0.6,15,13.3715668696783,10.681883649914232
29,10,0.3478933764931062,0.4825358182185367,0.3042402406152714,0.19114794144366506,0.16233083139293855,0.2329947483519484,0.00508919209630912,0.014037389922670122,0.6,0.5,0.6,17,13.050432652652702,10.852714386616222
29,11,0.326939224833302,0.46024745292944713,0.2838261150997823,0.17869766820026714,0.14844627225538834,0.18168675841064716,0.01700493675867665,0.02629087975585005,0.6,0.5,0.6,19,12.062436415267545,13.976867323082123
29,12,0.31753764907730847,0.4440076429268685,0.2762950034069607,0.18068646178503078,0.20986187801889902,0.2206733210050359,0.00481182868382349,0.00767488056889597,0.6,0.5,0.6,21,11.692017110313822,8.91991127857863
29,13,0.3212538892739831,0.4842115235112517,0.32062661629844447,0.20520493578588,0.15504380837458537,0.2312464153839268,0.00431582429786044,0.0055823752521527,0.6,0.5,0.6,22,11.839846889745594,16.350417779255395
29,14,0.3034209317053145,0.44109373961535014,0.2833666537913392,0.19028503927381418,0.2630158675556759,0.22242773536426375,0.00430018080920277,0.00592785651264036,0.6,0.5,0.6,23,12.072722214092382,11.884497347625446
29,15,0.307935397570096,0.44001592165434567,0.28786602998173816,0.22623269405883745,0.19687706507927172,0.23403438232129636,0.01335886373985179,0.00884851619669525,0.6,0.5,0.6,25,12.493946223038956,12.87069280236855
29,16,0.27910117466412876,0.4621647908034714,0.31959386591385114,0.22836463241482446,0.14792719973930404,0.1968812656902601,0.009791063420235049,0.01197967025718129,0.6,0.5,0.6,29,12.037969807883892,13.261785518212486
29,17,0.24170474676330142,0.40181392548007666,0.26156500983080394,0.20910276120739438,0.12057590195677917,0.15632533148837277,0.00774845472649185,0.0018952329128164198,0.6,0.5,0.6,32,10.609656063688409,9.489117727758613
29,18,0.25865098819485843,0.4161070520493793,0.2782379801294127,0.22912373251463056,0.1386569091261353,0.16601550281703975,0.01553500958217231,0.01972462793757024,0.6,0.5,0.6,34,10.264521123363156,11.277954577822433
29,19,0.2396013991500716,0.4120141544024657,0.27892213127829957,0.2339273753969186,0.15311995845252377,0.16114009066727808,0.00932248714058543,0.0050996425928207,0.6,0.5,0.6,35,10.540265994049518,9.901276464370712
29,20,0.2504086193050334,0.4193026903717824,0.2891645861945689,0.25167465624509483,0.14317199254385332,0.16659061860342242,0.015216330559305699,0.01952880627694056,0.6,0.5,0.6,37,11.164702278655698,10.777615694969215
29,21,0.23668082413693395,0.38679495468552005,0.25514028919345627,0.24833229580249797,0.10951397583627584,0.16369599266372528,0.00931235096614843,0.0049759077524041,0.6,0.5,0.6,38,9.804945111635924,11.145618439018357
29,22,0.23517715922161025,0.4009655353251637,0.2733731470226256,0.25293103132345934,0.1450133550626249,0.16618978586479305,0.009346487153042581,0.00515582290613469,0.6,0.5,0.6,39,10.545658189291776,10.676326755633012
29,23,0.2331713747646724,0.3969942424234213,0.27099117317543975,0.2599101091749123,0.13339145026401067,0.1664775098823809,0.00936356251244062,0.00503772721907977,0.6,0.5,0.6,40,10.528310390416092,11.036049911786684
29,24,0.24866961740820942,0.3924201285084509,0.26595576321309006,0.28892520644386366,0.14606096128217355,0.17406421741237768,0.0068166356398263505,0.02827929802173789,0.6,0.5,0.6,41,11.251164447243234,11.013205884342788
29,25,0.22125400543819237,0.38173942072864625,0.2586747472343377,0.26822370376946664,0.11540030685389879,0.15521654641912147,0.00920225133242813,0.00358570949936771,0.6,0.5,0.6,43,9.926095204824309,9.449618164188282
29,26,0.24619723718552747,0.4227896086547412,0.3030403783897016,0.2944897688177121,0.13682722367569344,0.18068776740302273,0.01497139545978636,0.01761144165412741,0.6,0.5,0.6,45,8.989626663436217,14.029060862636785
29,27,0.23397920388555615,0.3811281322701203,0.26782787407424874,0.2977256243606001,0.2567439098741885,0.16676808240338092,0.01624189658351026,0.026943701010575073,0.6,0.5,0.6,46,7.7449847865212815,13.304557777178976
29,28,0.22134893476088335,0.3299748778223539,0.22888359248712453,0.30529655461685434,0.3531682288665306,0.172989501131119,0.013452294501418698,0.02835332746244628,0.6,0.5,0.6,47,8.084615073752705,13.29877066590941
29,29,0.20586089509112154,0.30671267184644124,0.2107514003208038,0.30445613307916874,0.20044891522043676,0.15513242512679426,0.01354292355120138,0.02932314132179422,0.6,0.5,0.6,48,9.2814574543087,11.829277385448714
29,30,0.20586089537906865,0.3252223237405165,0.23100261500205727,0.32295157619836184,0.11744498000188912,0.15513242512679426,0.01354292355120138,0.02932314132179419,0.6,0.5,0.6,50,9.281457638331528,11.829277197368262
29,31,0.2075331874114275,0.31995613342160123,0.2302024419275454,0.32840147749974136,0.19592267884329334,0.15916084004391515,0.01561430041910219,0.03390749350073864,0.6,0.5,0.6,51,9.329962858975591,12.320597205312003
29,32,0.20505792926911606,0.4090808240978503,0.328641422434569,0.3957331379521159,0.12228184771175642,0.13956659189983672,0.0314127337724727,0.03722789191683853,0.6,0.5,0.6,71,14.704123946055995,26.126938440011983
29,33,0.18118592808023162,0.4180309874104556,0.3437175880598733,0.4087005804584879,0.11116812923326662,0.12804427869894464,0.025634155873566312,0.01809659709932237,0.6,0.5,0.6,75,12.454465178068617,15.769307964409968
29,34,0.20647286791024733,0.4192370854032445,0.3466456258311389,0.4262959493968234,0.1851408501010136,0.12927402821484066,0.04777411745325809,0.04610076318748011,0.6,0.5,0.6,76,10.78414261943399,26.135709583472984
29,35,0.2045280790445307,0.4345191001157856,0.36445923399399166,0.4326354347960076,0.14070778886155036,0.1499019580554435,0.03113121109423909,0.037344566610255855,0.6,0.5,0.6,77,12.94776853916422,24.669264129682745
29,36,0.188082094326254,0.4054235791929374,0.3430568570402189,0.42965451631788704,0.18152074491734194,0.1353691293785405,0.03092866140070826,0.036482969134152186,0.6,0.5,0.6,79,14.810957528316472,27.71673732761631
29,37,0.199173474851383,0.4152475954770245,0.3536606588594529,0.4498787404330121,0.1438606377062162,0.14816611610087058,0.03153110541913385,0.04289486264406409,0.6,0.5,0.6,80,13.885671790058922,23.845708949246056
29,38,0.1853952082476842,0.4184580995778641,0.3594430602760391,0.4288121810235402,0.1285066156486507,0.1309584393241719,0.0309408771289368,0.03865014188034923,0.6,0.5,0.6,81,13.664615430525885,26.706905177001925
29,39,0.18986794185512917,0.4189392495498653,0.3622791181156585,0.45502169025570527,0.16208609260717627,0.13537856745848997,0.031538285076498404,0.044613838014630966,0.6,0.5,0.6,82,12.816081845050697,23.363843589243174
29,40,0.19328842607492244,0.4765824961216087,0.4258999972846504,0.6115519941532633,0.12825360872553299,0.1427140557223987,0.03705094333928373,0.03943216241831493,0.6,0.5,0.6,109,13.09853362809549,29.933923373834613
29,41,0.20312828298870872,0.4797028414673981,0.4329188043634561,0.6263700661878118,0.17248404407240658,0.16848734114852168,0.05374907893599441,0.02163106264439613,0.6,0.5,0.6,111,12.766240606355392,7.756904422326259
29,42,0.20200127634673617,0.47106602126157665,0.42856446098000517,0.6398821124671863,0.17786798683133953,0.17107272939134738,0.04940371117731621,0.026602607896515702,0.6,0.5,0.6,113,13.530584468804951,9.851658030158276
29,43,0.20176113169165893,0.48915627550714297,0.4484978560391134,0.6658898662736127,0.1436967533767312,0.17065847233223178,0.049439472415194766,0.02672278218658557,0.6,0.5,0.6,116,13.502034587437384,9.830759835738162
29,44,0.19809276916122462,0.4838687669967883,0.444126835692735,0.6948626503260027,0.14269072360409185,0.17528057274811804,0.04261193229734915,0.0229008047497283,0.6,0.5,0.6,122,12.221921771911322,8.039000363610073
29,45,0.19902278125742884,0.48369764925623376,0.4445787476033966,0.700197517563051,0.15180948143834266,0.1748447870582276,0.04606974284812691,0.0228366590283852,0.6,0.5,0.6,123,12.46161274561956,7.097758690554709
29,46,0.2211517553532127,0.5569632985723888,0.5255300726691643,0.7398622679681733,0.17369192873720793,0.19213452648547752,0.059590387360838715,0.03437545733012115,0.6,0.5,0.6,128,12.10472269501421,8.75855205490812
29,47,0.22115175387301897,0.575472948880647,0.5457812857646004,0.7546854015741253,0.1657012612638008,0.1921345253380489,0.05959038683718334,0.03437545627090065,0.6,0.5,0.6,130,12.104722874128605,8.758551868471741
29,48,0.21351437435448908,0.5253812168175722,0.4952268568852303,0.7276378904690081,0.18481003886305197,0.1809474877009237,0.06260105563738134,0.03419432609088577,0.6,0.5,0.6,132,11.577747946297904,9.263096943912018
29,49,0.21402176003696832,0.5248614945568131,0.4952746477207447,0.7358233722042957,0.17050917772674123,0.1809739408208882,0.0643932108661308,0.03423749947125655,0.6,0.5,0.6,133,11.733975008099636,8.894794892243167
29,50,0.2156503116333659,0.4299279477410331,0.3938417128978877,0.5823592240407817,0.20033424832483088,0.18197878414291935,0.06406003960549797,0.03898614996794788,0.6,0.5,0.6,134,11.96773932751784,9.573038962526494
29,51,0.21581369415303275,0.5584336822639864,0.5352089311467259,0.7936723173136938,0.16797786386370137,0.1891218220870712,0.06054650910095881,0.035873231494110244,0.6,0.5,0.6,138,11.724671643702662,9.82167239502595
29,52,0.2181688170177464,0.5596473125966556,0.5370463955212922,0.8085361459189517,0.1731448052081637,0.189227578752919,0.06418466756409603,0.0374285797001617,0.6,0.5,0.6,140,11.679125991777784,10.315494335937563
29,53,0.2181688169136298,0.5781569644600706,0.5572975536599689,0.8320364716981676,0.16808669531357842,0.18922757882562113,0.0641846677877637,0.03742857938996916,0.6,0.5,0.6,142,11.67912596622141,10.315494319931911
29,54,0.21797534691481885,0.5777547739820648,0.5570093315444048,0.8360016234110363,0.16981676146643446,0.1892328691017163,0.063959798778324,0.03742803337394982,0.6,0.5,0.6,143,11.665251717522136,10.300824175746412
29,55,0.21311958844332748,0.5913076793441552,0.5723587939186889,0.8424014474689901,0.16368882089032566,0.18175695306505252,0.06427686550068253,0.03661443372288723,0.6,0.5,0.6,144,11.077251587077502,10.027022476644404
29,56,0.20991137127057397,0.6131714562463046,0.6041617985209526,0.8942347710037706,0.17412023465964066,0.182717209976834,0.06652104511364469,0.03615953820977671,0.6,0.5,0.6,155,11.109551339978994,10.83836494764513
29,57,0.19876317528541582,0.6185126609556612,0.6123241603606119,0.8884963692494294,0.15759899500309493,0.1707986201400365,0.06304840028297251,0.033645927388000305,0.6,0.5,0.6,160,12.53927490235614,10.003322711144202
29,58,0.2085805221666773,0.6399770965735019,0.6391732783528241,0.9276678945037947,0.22587360276136587,0.18482795561670487,0.0666328356839911,0.03714813742374979,0.6,0.5,0.6,161,10.98948314962119,10.971145496160709
29,59,0.19428296636847128,0.6005138241289317,0.6014684673691088,0.9047926967873062,0.17341278501553206,0.17128062342450615,0.059525974738083964,0.03667620461740209,0.6,0.5,0.6,164,12.569644169242697,12.305921888251309
29,60,0.1947276210195654,0.6116414623186741,0.6184101025184312,0.9309526392094523,0.2234849732273724,0.17211728598838277,0.06553122442953958,0.03596322082734741,0.6,0.5,0.6,165,12.340073622650117,12.482160150156425
29,61,0.19561722972719,0.6119752463001241,0.6190315592130503,0.944943055228188,0.1602401006223336,0.1720270678315682,0.06635467333998557,0.03715460120102996,0.6,0.5,0.6,168,12.519964118077224,12.608841686671568
29,62,0.1955197063216035,0.6118385671622981,0.6189151024919536,0.9535001074089559,0.1589298116153039,0.17208258581158395,0.06633837288578617,0.03697159941232186,0.6,0.5,0.6,169,12.527069068508048,12.824750101959705
29,63,0.1937689725997137,0.6282195064741906,0.6372330554343214,0.9664746231942114,0.15854073820672265,0.17210307659196,0.0652334528905164,0.035160734304878385,0.6,0.5,0.6,171,12.241258449268624,11.568222435539148
29,64,0.1950353192267849,0.6474534896206874,0.6584887239365607,0.9926186132452319,0.1595547881641765,0.17295023322866082,0.06638667242945336,0.03575942226653706,0.6,0.5,0.6,175,11.896566244076917,12.71988059235431
29,65,0.19456080758553018,0.682890020745179,0.6979805082496103,0.9962545963685444,0.16757361222105205,0.1718318413808629,0.06781051996654139,0.03550273650431833,0.6,0.5,0.6,176,11.897622787872784,12.080368043639806
29,66,0.19332647362654473,0.6609883273563306,0.6754489372137087,0.9981237318581894,0.16673224326268704,0.17148854414743744,0.06663782977988011,0.0359279592438365,0.6,0.5,0.6,178,11.76630124668672,12.12033176418744
29,67,0.19605493593154846,0.7188902387134448,0.7387582586174931,1.0296149988690388,0.1620870456198432,0.1761128302344304,0.06662454650174497,0.03605248400551843,0.6,0.5,0.6,180,11.579866478298593,12.414678677749208
29,68,0.1952602287893299,0.7180217585882758,0.7379277255729265,1.0883360895737189,0.1598830865172687,0.17333988693474722,0.068723759354021,0.03579113412003032,0.6,0.5,0.6,196,11.297691266109728,11.714866868803083
30,0,0.8281062008904974,0.7401058297594142,0.39386488554669885,0.012320553202723742,0.0,0.0,0.0,0.0,0.6,0.5,0.6,1,12.940921527524,74.17000319419067
30,1,0.6238910803089369,0.6922904848431867,0.3988041732692058,0.0950971008520327,0.5143713619816588,0.14591415359951793,7.308764890282e-05,0.00013938016001390998,0.6,0.5,0.6,3,10.621131961144368,53.40002934269714
30,2,0.4684672884074626,0.5912911611631324,0.34197429182019995,0.1027558392970744,0.4573702682235399,0.1660408741721576,0.00029235059561128,0.00055752064005567,0.6,0.5,0.6,5,9.767031159406232,38.29355710013305
30,3,0.390882955970541,0.5218746999665062,0.29557878277911037,0.09369700331987628,0.2760124652197785,0.14920014668152837,0.00017973490045464002,0.00033457743258622,0.6,0.5,0.6,7,10.728060663670249,22.362515514402254
30,4,0.3697573928639278,0.5008812010992552,0.2833257905837426,0.10553547366221895,0.23265753216609827,0.15105921865103303,0.00041718587531343,0.00070072971461208,0.6,0.5,0.6,8,8.234699961016085,15.321495450677231
30,5,0.35045075950397664,0.4797558442934556,0.272863838374734,0.1147321342245595,0.183783830127492,0.16161622368521425,0.00033272846494986996,0.00064806563815223,0.6,0.5,0.6,10,11.03674266247638,14.358237680487088
30,6,0.3330495836038395,0.4605427405172784,0.2593499410192087,0.10428463807073213,0.18513728753425002,0.15259751363144686,0.00088524912665772,0.00157887296131545,0.6,0.5,0.6,11,11.094640585175451,15.426182892519584
30,7,0.31827493233134224,0.4781242395683638,0.29072689238076116,0.12617809907490427,0.2668074096633822,0.15765276409232903,0.0031888295903680897,0.00634820051104627,0.6,0.5,0.6,12,12.523958224239834,3.747934589553753
30,8,0.3125589968356879,0.4511610976082498,0.2668079822354308,0.13952948717827054,0.12963997782752962,0.1370613499058667,0.01628411528916708,0.022422492544652832,0.6,0.5,0.6,15,9.503610688007251,7.024752867690032
30,9,0.31067201387446836,0.4486584647393076,0.26530385643805,0.13942133413573377,0.12004225667177444,0.1371296405160064,0.016069723862234007,0.02263551704186015,0.6,0.5,0.6,16,9.166274558842316,9.41832407148301
30,10,0.30665037579611043,0.4622167706953836,0.282070298059943,0.14590823977145265,0.12644618007371275,0.13513748903125755,0.01627693927022323,0.0224808023113372,0.6,0.5,0.6,17,9.373167642117862,8.590305442387384
30,11,0.29657294379412924,0.44934783744289997,0.27335138675265497,0.15418348796990444,0.16775127518365018,0.13122413213003464,0.016337503332303542,0.02265850237834842,0.6,0.5,0.6,18,8.832690537933466,8.706163037457811
30,12,0.2653966805153969,0.40222586310592184,0.24527789939440048,0.14206339963825443,0.2563075602947023,0.16794746799496105,0.00132619689897907,0.0014419701227823,0.6,0.5,0.6,20,7.9710050339223475,7.995682886496437
30,13,0.26568612210543296,0.42061592829755445,0.26583424141258605,0.15122672091522313,0.10670276285537073,0.1695533213608328,0.00133213386404642,0.00144979725343944,0.6,0.5,0.6,22,7.863409529086522,9.194440274910631
30,14,0.25992001033062323,0.4305147495761897,0.28037045950883444,0.1852332142595858,0.10730282506886538,0.16813709407161878,0.00115961091568608,0.00105353447188258,0.6,0.5,0.6,31,7.165871339390646,4.934893256329663
30,15,0.2504857082881398,0.4358817408886225,0.2911016707591496,0.19677585321315746,0.15682510726436857,0.16144637534133477,0.0015028566855362102,0.00106039678303971,0.6,0.5,0.6,32,7.1885757325639,6.231717390143934
30,16,0.24603002392319268,0.42954799276549666,0.28654981366853155,0.19792926068600475,0.11091733789016743,0.155624325062337,0.00235439125701086,0.00324374181617873,0.6,0.5,0.6,34,13.080947798477592,10.259107809708842
30,17,0.2255857669045162,0.3964082913193859,0.2646626072464267,0.19499954855519022,0.2742967865123619,0.14982565069556178,0.00202854744236913,0.00224520671781922,0.6,0.5,0.6,35,12.682715957403436,5.630217354655677
30,18,0.21640895763879792,0.38597989746991884,0.25527962862102976,0.20351624977114666,0.09295779378077308,0.13685113341862498,0.00172125722761842,0.00256985260964867,0.6,0.5,0.6,37,12.377004589061968,7.207200324836262
30,19,0.21168936280731115,0.3593282901493722,0.2297073862810602,0.1915514812802933,0.12933084774865675,0.13475379944222865,0.00190304718535872,0.0030198601018372,0.6,0.5,0.6,38,9.492047209708772,6.854272323275743
30,20,0.23978948481015444,0.4749241462205567,0.35806113668310524,0.24796962588683247,0.18277307482374594,0.17945323462191295,0.00937479925535081,0.00784389059780509,0.6,0.5,0.6,39,15.721415801176724,8.691843202914837
30,21,0.22674114937408588,0.4376072409597876,0.32344630440735284,0.253876317246366,0.14554094593670713,0.1718661628055293,0.00666936803955723,0.00535970128085742,0.6,0.5,0.6,41,13.333901498174905,10.691010974481806
30,22,0.2345585172102552,0.4426136478857931,0.33071610304416904,0.26434844641622374,0.15960651233007558,0.18604209821648424,0.00910685211144539,0.00718452758527089,0.6,0.5,0.6,42,15.408427705647336,16.84410830741513
30,23,0.22988927074157495,0.4537964894021633,0.34548073716389116,0.2717216097519297,0.14527950332267117,0.1811445990044538,0.009265911999007139,0.00761547025617626,0.6,0.5,0.6,43,15.093616037335432,9.180510467960069
30,24,0.22817237979375204,0.4471090225557768,0.34240977477763745,0.2808655933872097,0.17882559548279559,0.18604209821648424,0.0091068521114454,0.007184527585270881,0.6,0.5,0.6,44,15.04092797890046,17.764803626216814
30,25,0.22613402217337492,0.4199373591867784,0.31826453397873566,0.27673709922288103,0.20254377106928045,0.18984988653919296,0.00908104898574018,0.009369829336978951,0.6,0.5,0.6,45,15.658458785934284,9.804061948693407
30,26,0.2223864950072959,0.403027267279519,0.3102975262036578,0.27084834602913477,0.20228639527135886,0.19803353510143873,0.01007832712888212,0.010450851367603339,0.6,0.5,0.6,47,16.51795028689898,26.544302837764217
30,27,0.2167215338379081,0.4084267349295485,0.3222738136601078,0.30084984298949197,0.20660685986099311,0.19693200728967641,0.010049379448168309,0.0104229050493602,0.6,0.5,0.6,48,15.995142978088458,27.03661747612976
30,28,0.21633191137315513,0.42595506685435564,0.3419257759827092,0.31144813851414704,0.13252164288411172,0.19693200728967644,0.010049379448168309,0.0104229050493602,0.6,0.5,0.6,50,15.907034041576887,27.321770959176398
30,29,0.19920051475683742,0.37934953858265114,0.30054795512199095,0.3003097759295059,0.17569532061146115,0.18276465237857006,0.008537344557265129,0.00885448210400044,0.6,0.5,0.6,52,15.684499883614222,10.169670560588322
30,30,0.19521230947153284,0.3674098117436406,0.29351271878914476,0.3072863170249531,0.15948078352127096,0.18417731219108127,0.00852321094818239,0.00854661597389755,0.6,0.5,0.6,54,15.597602307983315,8.498039714622056
30,31,0.1877266705233227,0.37201299768136475,0.30374729265102424,0.3210898223259547,0.13696013299954737,0.17989208673148638,0.007320179821885151,0.00730693065103234,0.6,0.5,0.6,57,14.892272107832412,8.419466238986162
30,32,0.19000983828146195,0.3921609569933228,0.32602345458829834,0.3537345189720249,0.11985993583770578,0.18411392402029475,0.00599971053885271,0.008571300517840299,0.6,0.5,0.6,62,14.450984116365726,10.342255855546163
30,33,0.19279142647456574,0.43146775101047885,0.3691151727569328,0.39131396022486536,0.12293837054316512,0.18692248511481904,0.00862828921665551,0.008677115817181811,0.6,0.5,0.6,66,15.381906218639912,10.524289452025196
30,34,0.19992273994081017,0.4385624624629571,0.37623205410487814,0.3984621665444358,0.12900892746616105,0.18761937344765273,0.011403406145427961,0.01758711785750773,0.6,0.5,0.6,68,17.06301928458832,10.887467467075384
30,35,0.19937182335277492,0.4546584931859144,0.39517666160058645,0.4103911449966697,0.14697754481691108,0.1880041409980141,0.01173453774773741,0.01764213876854857,0.6,0.5,0.6,69,17.44669499151421,10.16417494496972
30,36,0.1889418761059406,0.421393143434981,0.3627386086343397,0.3856162516128883,0.1419413661380927,0.1785745274843058,0.01348712762427196,0.01201385595927965,0.6,0.5,0.6,71,17.170337978765215,9.88066292048569
30,37,0.18823364053571578,0.4378009856064194,0.38170638118834427,0.4092848912395346,0.12766769753626958,0.1785745274843058,0.01348712762427196,0.01201385595927965,0.6,0.5,0.6,73,17.571001992481534,9.265715288796342
30,38,0.18364033390780496,0.4289199457563551,0.37533816227468814,0.41055899633533705,0.15938952560963268,0.17700461449944,0.013628283743834471,0.00941987880170758,0.6,0.5,0.6,74,16.380012684172566,9.583467428549142
30,39,0.18371108379236253,0.4271225362150377,0.37462410094124077,0.430923452682605,0.12837445454461296,0.17758591669928955,0.011342318609835141,0.012384974882183571,0.6,0.5,0.6,76,16.173414415094236,9.718253847479597
30,40,0.18135958350782558,0.4543269096568673,0.4096059024955404,0.4356361279902737,0.1903119252626507,0.1741685700279361,0.01531507618904637,0.01451504067243357,0.6,0.5,0.6,77,15.84180983640303,9.502770995795547
30,41,0.17659081502738,0.4448157211099372,0.40279012957422694,0.4446174440161109,0.1328216827104799,0.17224794287095455,0.013489820699081589,0.013642433119568451,0.6,0.5,0.6,80,12.662197805471184,8.725610425653313
30,42,0.17616946104236822,0.461361076376142,0.42194812352131306,0.4568239068818174,0.1255920932647784,0.17251379675631132,0.013555646954660569,0.01377627200561681,0.6,0.5,0.6,82,12.509530534763378,8.655791172309327
30,43,0.16405570444620282,0.5363911705047961,0.5087170015047537,0.5412766725423488,0.11127010249868607,0.14438170616538257,0.02124914184743838,0.01927523272203957,0.6,0.5,0.6,102,12.160510900678196,10.117418090393608
30,44,0.16044175417336765,0.4941311393858262,0.4638807793389724,0.579419876069596,0.10800397463944515,0.14214629791448224,0.026455094074002188,0.01231928083482135,0.6,0.5,0.6,109,8.850999565944948,8.290903066060709
30,45,0.1613554800982126,0.5124078020294689,0.48453611811926234,0.5981428044039487,0.11245979193195878,0.14421885754700445,0.02867028322005949,0.01073967658068993,0.6,0.5,0.6,111,8.854735092725141,8.423654785369097
30,46,0.16135548009821263,0.49389815013539345,0.46428495994992514,0.6096602124209223,0.10731034207094095,0.14421885754700445,0.02867028322005949,0.01073967658068991,0.6,0.5,0.6,113,8.854735092725141,8.423654785369097
30,47,0.1923688234453553,0.5409574299425438,0.5144536481929769,0.6474867328577731,0.14678656733592174,0.1786547072945969,0.02994704994732903,0.02867744268419773,0.6,0.5,0.6,116,12.64030695895858,8.97372264631822
30,48,0.1588623804323987,0.5255687358517596,0.5010199886788038,0.6122395045062764,0.10936069103272149,0.15076901770685425,0.02040661489011471,0.00893028137208784,0.6,0.5,0.6,117,14.156465762556886,9.881313189251038
30,49,0.14434436416695504,0.48291752037298435,0.4618990074366254,0.6140667583285963,0.13806057056235396,0.13379901541545838,0.017121429086021482,0.0109667803968061,0.6,0.5,0.6,119,12.93118866595484,9.150659366573706
30,50,0.14501407829538301,0.48337206635408014,0.462470386424,0.6229042132695203,0.09712049835574119,0.13475556981471704,0.0164475672385793,0.01182961694258796,0.6,0.5,0.6,121,12.922306743973904,9.11345417377546
30,51,0.14625470045901534,0.4844938320360993,0.4636567285351916,0.6322833280178912,0.09798441971392331,0.13629693221194564,0.01541583031000807,0.01329396024080542,0.6,0.5,0.6,123,12.892058600527424,9.189162665870713
30,52,0.14619138340050603,0.5028551317920754,0.48380576544889214,0.6505430164455548,0.09768203549858367,0.1362715390397496,0.015270423304125872,0.01339097676611492,0.6,0.5,0.6,126,12.87171968842586,8.989262289831837
30,53,0.14587297104608768,0.5020937359218931,0.48328479531728713,0.6544522376544631,0.10117790318126003,0.13569984839837407,0.01551805054363976,0.013516440329262792,0.6,0.5,0.6,127,13.102676399979572,9.117164843647975
30,54,0.1417200563975534,0.6273585595168539,0.6208213913280808,0.8045264620591556,0.09327689290003068,0.132758295132827,0.01673491295311978,0.00862057443395121,0.6,0.5,0.6,143,13.135734599136176,9.17509638227016
30,55,0.9745528706528404,1.4747608332642663,1.4720955858544635,1.7621079345094888,0.9310535335425889,0.528340027758162,0.02110956480086709,1.0,0.6,0.5,0.6,152,11.757228250037585,1928638.3092675132
30,56,0.9745528708965373,1.4932704851583416,1.4923466875118845,1.781394858643719,0.929620498655747,0.528340027758162,0.021109564800867082,1.0,0.6,0.5,0.6,154,11.757228669419138,1928638.308933676
