Run,Equation_Index,Hybrid_MSE_Train,Hybrid_AIC_Train,Hybrid_BIC_Train,Hybrid_MDL_Train,Hybrid_PSM_Train,Extrapolation_Divergence,Sensitivity_Interpolation,Sensitivity_Extrapolation,Lambda1,Lambda2,Lambda3,Complexity,MSE_Test_Interpolation,MSE_Test_Extrapolation
1,0,0.9025545358848537,0.9189369707767026,0.7123951096813712,0.041309086525047126,0.0,0.0,0.0,0.0,0.9,0.9,1.0,1,0.694210762,1.159800744
1,1,0.902554026834873,0.9274790593243181,0.7378360771433612,0.0452796695152175,4.34545354862979e-07,0.0,0.0,0.0,0.9,0.9,1.0,4,0.693878042,1.158853465
1,2,0.7366882236391897,0.7813978298997407,0.5892542613679619,0.08677413464524604,0.9077464583917533,0.07038154020000001,1.09993e-05,1.5330199999999998e-05,0.9,0.9,1.0,5,0.578370448,1.154612537
1,3,0.7259411382210803,0.7708049581538529,0.578563552228948,0.09269290612138514,0.09404781278664877,0.0677321321,9.36e-06,1.2101500000000001e-05,0.9,0.9,1.0,6,0.564784559,1.059362763
1,4,0.7245968232086162,0.7780209843429402,0.6026645911452594,0.10382404613051004,0.06312705767899075,0.0675386667,9.270000000000001e-06,1.20105e-05,0.9,0.9,1.0,8,0.568614951,1.079466682
1,5,0.7245806354192287,0.7865479524707246,0.6280903441135766,0.11625493634614566,0.06083744998219453,0.0675386667,9.270000000000001e-06,1.20105e-05,0.9,0.9,1.0,10,0.569060969,1.081842379
1,6,0.7026871303659076,0.7562833138829298,0.5807242991939953,0.1057175263865492,0.12446071445935811,0.0621857561,3.60989e-05,4.8493100000000005e-05,0.9,0.9,1.0,11,0.628210332,1.256698637
1,7,0.6488086773872187,0.7016645885515077,0.5254459115181427,0.10894744378284557,0.2794525193282244,0.06289125770000001,2.57226e-05,5.39965e-05,0.9,0.9,1.0,12,0.552442989,1.145366308
1,8,0.6422177333005248,0.6948993549018978,0.5186006684845993,0.11282357195675989,0.08383670495416813,0.0628360221,2.1336599999999998e-05,4.3970899999999996e-05,0.9,0.9,1.0,13,0.551636171,1.13685119
1,9,0.6214624976797991,0.6731398855636879,0.496574642071861,0.11516357135562842,0.1469774213249259,0.0633485478,5.156610000000001e-05,0.0001286069,0.9,0.9,1.0,14,0.528699834,1.023097205
1,10,0.6150469060670335,0.6836436088423387,0.5408353143617025,0.12696915766304703,0.058625395273465275,0.059973464899999995,1.9841e-05,3.04897e-05,0.9,0.9,1.0,17,0.527592227,0.935193258
1,11,0.5927402717265249,0.6426569331760752,0.46573300918126187,0.11665762806062631,0.1639985712849463,0.06296137469999999,2.90664e-05,4.74951e-05,0.9,0.9,1.0,18,0.524779592,1.042993033
1,12,0.5367138111747626,0.5905326032118593,0.4298499808520742,0.13420873810003375,0.27322559159992993,0.05644138480000001,0.0001431304,0.00023279239999999998,0.9,0.9,1.0,19,0.490188418,1.098043286
1,13,0.5190014080869896,0.5703714961456081,0.40941609069497353,0.1429484198702584,0.14598224157740544,0.0590836889,0.0003208039,0.0003871689,0.9,0.9,1.0,20,0.487092882,1.052776662
1,14,0.5145379006035279,0.5565876641124456,0.37865304011248146,0.14298939955103976,0.0643617179215016,0.0612187079,9.825039999999999e-05,0.00014530739999999998,0.9,0.9,1.0,23,0.551247766,0.925971744
1,15,0.5033563657360364,0.5438634432512506,0.36577698310749107,0.14709611564646205,0.10660007234707843,0.0612284738,9.07433e-05,0.00013807400000000002,0.9,0.9,1.0,24,0.548172488,0.944397447
1,16,0.48945892080090053,0.527911077685527,0.34963496459493915,0.15068102909926132,0.08726463916007735,0.0612216502,6.50213e-05,9.552579999999999e-05,0.9,0.9,1.0,26,0.559093528,0.893141668
1,17,0.4700076783336964,0.513855809426313,0.3522079280751825,0.14074051533645535,0.14690238463161973,0.0612426118,7.98229e-05,0.0001408661,0.9,0.9,1.0,27,0.533430408,0.831366976
1,18,0.46673796409101315,0.5099883308056243,0.34829496710461644,0.1640415383561827,0.07052740832762325,0.061255214700000005,5.62965e-05,0.00010377369999999999,0.9,0.9,1.0,28,0.534088807,0.813380772
1,19,0.45602254243185275,0.4973397409269499,0.33549471590112623,0.17374554920018545,0.08094398894476862,0.0612674636,0.00010021229999999999,0.0001074925,0.9,0.9,1.0,30,0.482665044,0.787527997
1,20,0.4436901721668063,0.4997544457187942,0.3715322514955753,0.16994222193082562,0.11441114260033522,0.0612306082,6.62985e-05,0.0001551249,0.9,0.9,1.0,31,0.551488918,1.027502138
1,21,0.44303539360315936,0.4903834316691438,0.34524973766900585,0.20134658379411277,0.05762932228636974,0.0612387967,0.0001375455,0.0002972463,0.9,0.9,1.0,33,0.576139722,1.030027778
1,22,0.4342876281006214,0.47992252495078724,0.3346665691565627,0.15863631438436443,0.07600165935634065,0.0612224513,7.91802e-05,0.0001587259,0.9,0.9,1.0,35,0.536562152,1.024343002
1,23,0.4142470798374016,0.45549553728609943,0.3099423665912819,0.1822330392765846,0.15615028089869976,0.061249272,0.0002528098,0.00043825449999999996,0.9,0.9,1.0,36,0.50585035,0.88177509
1,24,0.4063626735351128,0.4458111040118761,0.30014124626379873,0.18450215481209056,0.09541466886310715,0.061253957000000005,0.00025823809999999997,0.0005279995,0.9,0.9,1.0,37,0.534223579,0.900507511
1,25,0.4050696969641021,0.44423230071303166,0.29854575715896453,0.19475355659686916,0.05707146419674357,0.060917278,0.0003441771,0.0005646526,0.9,0.9,1.0,41,0.524780075,0.969613709
1,26,0.39786170529545145,0.4352743554581065,0.2894782721779066,0.19721847293906536,0.09288393847218614,0.0612162903,0.0002535841,0.0005848124,0.9,0.9,1.0,42,0.532474947,0.89159892
1,27,0.39642234001333265,0.43349272564177643,0.2876758673786158,0.19339100715338212,0.06291289793031393,0.0612017559,0.000230054,0.000586215,0.9,0.9,1.0,43,0.530448463,0.885154493
1,28,0.3919561162374781,0.42792347839312167,0.2820394632674769,0.1993408295491877,0.07853520239224149,0.061205907999999996,0.0002240287,0.0006309981,0.9,0.9,1.0,44,0.527061735,0.900286095
1,29,0.3916487853576323,0.4356742770368343,0.3066601986125553,0.18620431601604023,0.06738083193329235,0.0612504822,0.000491342,0.0019949881,0.9,0.9,1.0,45,0.501911729,0.940216502
1,30,0.3857853268722966,0.45431994474836546,0.37593568893018936,0.26380386820402313,0.07865540459260556,0.061222752899999996,0.0003724394,0.0007250728,0.9,0.9,1.0,46,0.52897689,0.946639489
1,31,0.36877583466183306,0.4156423029810239,0.30319681478215443,0.22030008389148287,0.10114945791549274,0.0612622323,0.0002901865,0.0012487679,0.9,0.9,1.0,48,0.495518214,0.903910525
1,32,0.3666054816742236,0.4128972194822948,0.3004195472327072,0.21613619320548458,0.06199447126878723,0.0611916323,0.0002832318,0.0012576485999999999,0.9,0.9,1.0,50,0.494848391,0.90759665
1,33,0.3423544399499119,0.40705640093662354,0.3448888341356755,0.2902882348273626,0.07615893374043478,0.0612661466,0.0012657753000000001,0.0012277693,0.9,0.9,1.0,57,0.490459765,0.933945395
1,34,0.3197626088989396,0.4005803604941251,0.38863797937311034,0.3740182585825465,0.07247644632190013,0.069100924,0.0012134150999999998,0.0016118281,0.9,0.9,1.0,78,0.497361586,1.050622958
1,35,0.2952945851809164,0.3849508706583485,0.40642470645707773,0.40179726598238136,0.1286124285297858,0.0687326481,0.0010313828,0.0013554907,0.9,0.9,1.0,80,0.544340863,1.055270131
1,36,0.294667940611312,0.3841146758324725,0.40557907391960435,0.40564371360496415,0.06489789710572595,0.0687154017,0.0010091619,0.0013463008,0.9,0.9,1.0,84,0.544475043,1.054597564
1,37,0.29354806014932705,0.356209754506734,0.3269261300786378,0.414963626518374,0.07472615707857627,0.070402623,0.0012361607,0.0016403977,0.9,0.9,1.0,86,0.504198518,1.154020403
1,38,0.2893742814429495,0.36749866654283075,0.3719411632873837,0.4596893023609889,0.07117923715903145,0.0693508139,0.001493505,0.0025726692999999998,0.9,0.9,1.0,91,0.526025764,1.048210847
1,39,0.2892983004060576,0.36739438647452766,0.3718355695145379,0.4596745347863467,0.06654270021199507,0.0693508139,0.001493505,0.0025726692999999998,0.9,0.9,1.0,93,0.523370302,1.045119967
1,40,0.2823743823376229,0.3498438859169617,0.3372950469290078,0.4242909030822421,0.0711103211333735,0.0684597656,0.0011889531,0.0022720227,0.9,0.9,1.0,98,0.515252264,1.098955566
1,41,0.2835965564086198,0.39364790690057244,0.46558798716038063,0.5519311076786544,0.0667167074535412,0.0690519023,0.001702381,0.0028450656,0.9,0.9,1.0,108,0.488005196,1.089661754
1,42,0.2846576783376308,0.3770603767065985,0.41517642389271475,0.566522368228423,0.06984981662440667,0.0714464432,0.0027738292000000003,0.0024075083,0.9,0.9,1.0,122,0.454024942,1.093268442
1,43,0.28296545268996404,0.3833872306421616,0.43837955396665973,0.5743747213724605,0.07056034642762146,0.0714401128,0.0025752891,0.0022886291,0.9,0.9,1.0,126,0.4629969,1.071444396
1,44,0.2758582664614134,0.37285946040218504,0.42770613582892075,0.6080170831594777,0.12110270458362184,0.07129870740000001,0.0028005143,0.0038762638000000003,0.9,0.9,1.0,127,0.518537766,1.202259883
1,45,0.2685470264970748,0.3810441245969413,0.46962140530015745,0.6183671815835571,0.06868958821602786,0.0664102036,0.0023900768,0.0053672669,0.9,0.9,1.0,143,0.461359761,1.04440013
1,46,0.25534744442813107,0.3649090514418003,0.4533663082167021,0.6805073973750176,0.08142034224128811,0.060895619199999994,0.0022872456,0.0043425365,0.9,0.9,1.0,145,0.466194576,1.110086045
1,47,0.2628232413017623,0.38007091883811794,0.4853915735069753,0.7014267619488354,0.08283864527051002,0.07028369920000001,0.0028565819,0.0049804389,0.9,0.9,1.0,146,0.456318246,1.059397818
1,48,0.2575232316704277,0.35628551187973134,0.42774973740035505,0.6860990734439815,0.08902522498399629,0.0692622982,0.0023979124,0.0045228564,0.9,0.9,1.0,147,0.448841935,1.058089875
1,49,0.2513018170514392,0.3566802565908588,0.4449647468069628,0.7106212701901449,0.0939756149795345,0.06651169030000001,0.002782152,0.0050850455000000004,0.9,0.9,1.0,148,0.450103997,1.030575153
1,50,0.24868856045826604,0.3513897750422409,0.4395692000811825,0.7128899384618215,0.10613271919480154,0.0707794375,0.0028064072,0.0047376786,0.9,0.9,1.0,149,0.459119464,1.087155473
1,51,0.2401561918411618,0.33911550370215626,0.4271478100278892,0.7112004974867997,0.12072419198082107,0.0711006213,0.0027803394,0.004520820300000001,0.9,0.9,1.0,150,0.442151355,1.095170153
1,52,0.2333887836548294,0.3406224799393312,0.4455438320046079,0.7190222413297457,0.0682359532133053,0.0648756957,0.0026052845,0.0040773225,0.9,0.9,1.0,151,0.461733712,1.075726738
1,53,0.2383575890444125,0.336393068818253,0.4243896798955214,0.711043749762231,0.07986630493570346,0.07128059070000001,0.0028215090000000003,0.0045877618,0.9,0.9,1.0,152,0.443377726,1.10099274
1,54,0.22798692194133383,0.33021849475488785,0.4349472746587928,0.7398705566978824,0.1269356774867658,0.07064392929999999,0.0027665724,0.004461048699999999,0.9,0.9,1.0,153,0.46153201,1.079099334
1,55,0.2258134190508606,0.3265722074328339,0.43124518128238126,0.7358879976846393,0.0809827571096663,0.07127946809999999,0.0029488997,0.004752768,0.9,0.9,1.0,155,0.465997102,1.095561286
1,56,0.22300900579981842,0.33096668323185763,0.4524875001498623,0.7614914211269008,0.07288251911673356,0.07115672440000001,0.0030054501000000003,0.0049115285,0.9,0.9,1.0,169,0.4750777,1.113529797
2,0,0.8515379649052045,0.8747290677636909,0.6676595276401098,0.03507452403674696,0.0,0.0,0.0,0.0,0.9,0.9,1.0,1,0.7770980474826699,1.1400505214690813
2,1,0.7676661846364784,0.8011177625621473,0.5928306579319246,0.05741206048183668,0.13114852424238382,0.03149774028413739,6.559085048472779e-06,1.4318722255139999e-05,0.9,0.9,1.0,5,0.7731281800128796,1.029592310465668
2,2,0.7626693477391218,0.8069703988150622,0.6150374857764956,0.10559987673919453,0.2554655471747883,0.07909155511327162,3.928512530017e-05,7.144713548075e-05,0.9,0.9,1.0,6,0.6032261710672752,1.1554714403357882
2,3,0.6848377181148214,0.72981783214191,0.5370906662505275,0.0946621489788974,0.14996699129359536,0.06727959745877723,5.523198111305e-05,6.430736907786e-05,0.9,0.9,1.0,9,0.737187071461794,1.0339448402311822
2,4,0.6707704290558009,0.7155345325336072,0.5226299666900907,0.09580567303411933,0.12126122018537397,0.06795031902405324,5.103025232461e-05,5.614740305449e-05,0.9,0.9,1.0,10,0.6979795121405244,1.126757757370702
2,5,0.6580532147665513,0.7110681169881361,0.5349200041303132,0.08882700994380474,0.10819761525418661,0.06676373435475495,4.481110360839e-05,4.3488515811070005e-05,0.9,0.9,1.0,11,0.6710150830049841,0.9604083788609128
2,6,0.6331677271088384,0.6775353254863781,0.4844434960531153,0.07834867307345494,0.05411786955091719,0.04316651945075028,4.133049677431e-05,5.530933399599e-05,0.9,0.9,1.0,12,0.7268458960424949,0.986884236910237
2,7,0.618934521237688,0.6627916207339043,0.4695239893028985,0.08074165133728375,0.09823464359454613,0.04314955923197577,3.9008746839809996e-05,4.650318720328e-05,0.9,0.9,1.0,13,0.7212692976152559,0.9901269267407647
2,8,0.6237263451596651,0.6753700160188334,0.49879462646523454,0.10831196807334319,0.13007522278386077,0.06688159457698359,3.568358610981e-05,3.117858685531e-05,0.9,0.9,1.0,14,0.7126283611937764,0.972871026852105
2,9,0.6055637636678175,0.6648783731774105,0.5050143259234713,0.10466025301781075,0.08858772090914831,0.06319766633140153,3.234515313963e-05,3.070853703989e-05,0.9,0.9,1.0,16,0.6741701757622287,0.943464677202809
2,10,0.5956882723550254,0.653998610018704,0.49394818122262363,0.12438471803343275,0.12465292586378775,0.06827733678347436,8.19855915589e-05,0.00015595651444497,0.9,0.9,1.0,17,0.6599906847283444,0.960230700399951
2,11,0.5901723797347516,0.6480679397494826,0.4879474298474641,0.13508218279845802,0.08525006688647796,0.06827695805565079,6.189033110848001e-05,0.00010711136901622999,0.9,0.9,1.0,18,0.6594769998238431,0.939053957796609
2,12,0.5893480303189739,0.6641259336806662,0.5377694271033568,0.12059242490534672,0.07485289172943532,0.06990097096998779,0.00018441140750622998,0.00033946476610108,0.9,0.9,1.0,19,0.681385035350472,1.0206464504495445
2,13,0.5672933206281348,0.6399574324574667,0.5132936383887924,0.12680135555475772,0.09956552173248441,0.06978818402102295,0.00089682109468161,0.0013701914025513301,0.9,0.9,1.0,22,0.6374204772741343,1.0162451878381311
2,14,0.5659154182229872,0.6384420063633283,0.511760104523647,0.14712878406078264,0.068062932855353,0.06980733199839059,0.0008924662642871299,0.00136445953436692,0.9,0.9,1.0,24,0.6375384425094395,1.0132115556794208
2,15,0.5252746125808664,0.5932527577334203,0.4660456243787987,0.12897821979903173,0.24114257832653577,0.06999350118146089,0.00048444207906274,0.00036457755147454,0.9,0.9,1.0,25,0.663559042232349,0.9622516809792332
2,16,0.5233698228177068,0.6082043593102494,0.5147713320678937,0.16431153698158102,0.06520226005358674,0.06977835438491828,0.00050344085362122,0.00036795447300104,0.9,0.9,1.0,30,0.6670919045860004,0.9631229177170396
2,17,0.5010849625188384,0.5926077982779742,0.5158915508059652,0.16037505238950056,0.06704479533732524,0.05968825109256688,0.00033232362571848,0.0007223786922581699,0.9,0.9,1.0,35,0.6996275360038782,1.105869548418346
2,18,0.495836113906027,0.5872137975783281,0.5104831943408424,0.15955957923243733,0.05540815407349804,0.05526042860018261,0.00029033526952122,0.00054990530028318,0.9,0.9,1.0,36,0.7079647488207405,1.0992979158762748
2,19,0.4983020189677338,0.5889567785437357,0.5121590731030355,0.1767739635289443,0.06546489693658561,0.06330251716879108,0.00024351780731142,0.0007199149162693699,0.9,0.9,1.0,39,0.7026308036254582,1.0792077760142182
2,20,0.4724448992597499,0.5677168099657599,0.5074785671163518,0.18831415164636894,0.11383633407776074,0.06036625496854048,0.00056825805659722,0.0017136268769648501,0.9,0.9,1.0,41,0.6839789988700228,1.1503199075442496
2,21,0.46223898718177936,0.5560084343908523,0.4956494857203939,0.18891126017151866,0.06857562085470893,0.06023923398266602,0.00021188989786471998,0.00056301291409492,0.9,0.9,1.0,44,0.680705306671441,1.1796555566051048
2,22,0.4620351175429342,0.5642878123200435,0.5208230661679101,0.2246290009319681,0.055592724592329626,0.06022955454143673,0.00021942429818409001,0.00068129017173547,0.9,0.9,1.0,47,0.6821775253637585,1.2812728549112506
2,23,0.4617578321747397,0.5639930665780462,0.5205266890782283,0.21405909033152737,0.055479840836058315,0.06016481057632238,0.00025759930010562,0.0005449775780985301,0.9,0.9,1.0,48,0.6893541851001661,1.1609108012374263
2,24,0.4529207426577558,0.5720375192409354,0.562352854058089,0.2520721194718296,0.04835309557139857,0.05105131519890628,0.0008451663601717599,0.00054204817655492,0.9,0.9,1.0,53,0.66407355403774,1.1515296818468337
2,25,0.45352552059881635,0.5710860765932967,0.5612817601161562,0.29374941206465327,0.06208486897351871,0.06088662087321889,0.0008128554776498801,0.00078634169006646,0.9,0.9,1.0,60,0.7059701010756833,1.15173522665323
2,26,0.4562187827556952,0.6247587776474838,0.7163273128576407,0.3480639139045863,0.06089624703094891,0.06438917108983193,0.0010094763190168399,0.00160282852532357,0.9,0.9,1.0,76,0.747938324147068,1.1407112045675003
2,27,0.4544996309540004,0.6314165571911381,0.7398714621761856,0.40142705952137975,0.06033290332911642,0.06410415574098846,0.0008118471017591999,0.0012003911812087501,0.9,0.9,1.0,82,0.7727501053886158,1.0697217915416597
2,28,0.4520970288681538,0.6285559086928472,0.7369769665273533,0.4179352159036842,0.06339914407232289,0.064104473705102,0.0007863735692469501,0.00119983899467784,0.9,0.9,1.0,85,0.7660304420374586,1.1253459110947723
2,29,0.45172296159212116,0.636050016825909,0.7613200779750563,0.4737236401887648,0.06399946392826612,0.06673263686519344,0.0011923969798492,0.00157560207957061,0.9,0.9,1.0,98,0.725497265092753,1.12886913010598
2,30,0.44582489497482275,0.6375228663654207,0.7796072902066082,0.4811621038383317,0.0920549712759494,0.0664783246206969,0.00123749165695613,0.0017995095959395398,0.9,0.9,1.0,99,0.7484295936074511,1.1442989525891771
2,31,0.43716095278567946,0.627112894769651,0.769074296031303,0.5004252374676376,0.0836131041032271,0.06630405700366647,0.00109150318946313,0.00195272852400118,0.9,0.9,1.0,101,0.6075547601553477,1.1266414678179997
2,32,0.4298922414217394,0.6268284955786512,0.785582701194084,0.511787295275098,0.07129561921773929,0.0664286985251558,0.0012976234996723,0.00172258837440947,0.9,0.9,1.0,105,0.7486877471715333,1.1353680080208088
2,33,0.42712531706072876,0.7007919999532702,1.0116261016908406,0.6517020003955524,0.060717853553642884,0.0646399960247627,0.00139282641532309,0.00118653955217864,0.9,0.9,1.0,132,0.6633432488831592,1.1383300127172529
2,34,0.4177198306528964,0.7065551619202808,1.0510603007653991,0.7163421627812219,0.06511722861358403,0.06348926792150902,0.00143840296024075,0.00146151673305704,0.9,0.9,1.0,140,0.6751140124466861,1.146806210283005
2,35,0.40388292435363615,0.6740390292980517,0.9846443719903111,0.8213416634136446,0.054097551272404,0.057053135938086266,0.0008659111269687201,0.00091173834063322,0.9,0.9,1.0,174,0.6651578463294074,1.0585897008654297
2,36,0.39718380223216304,0.6914787317803165,1.05268712735572,0.9779136824932044,0.053943151253251845,0.05630706819745599,0.00107745409555727,0.00104105729200806,0.9,0.9,1.0,200,0.6738549689576278,1.0368365015389482
3,0,0.7271023905602256,0.7612495861391146,0.5528251110377085,0.019070713317653323,0.0,0.0,0.0,0.0,0.9,0.9,1.0,1,0.9874395979043148,1.1382322021093307
3,1,0.5875605782432355,0.6281100046004945,0.43414928270684927,0.06229452268393411,0.2678728151528382,0.06919055626782353,1.17196631427e-05,1.24743460645e-05,0.9,0.9,1.0,5,0.8288013559528219,1.0758424476683626
3,2,0.5781650136921531,0.6269572330758142,0.4498482960528766,0.08070251904807715,0.05919060328547098,0.0628048701292911,9.360308992157309e-06,9.15701721099318e-06,0.9,0.9,1.0,11,0.8386341132615796,1.0922705928234753
3,3,0.5373646673684405,0.580501009042163,0.40263779831828667,0.08853544627143395,0.20150521276545932,0.08126759163752435,4.493099615829e-05,8.193094835720999e-05,0.9,0.9,1.0,13,0.88356428590208,1.150101454293566
3,4,0.4964372445351862,0.5339638711341238,0.35560476112214,0.09041469015847438,0.23406370123455444,0.07573640797239983,3.779109529112e-05,7.492104800446001e-05,0.9,0.9,1.0,14,0.8244782820908928,1.037705682404188
3,5,0.4711500905935538,0.5129516525716207,0.3511432971689395,0.09363408086662225,0.1266216942684017,0.07530643461312395,3.257634154963e-05,7.024892462928e-05,0.9,0.9,1.0,16,0.8252324028342048,0.986841933799496
3,6,0.4685553059339698,0.5096640541207066,0.34780309349570526,0.09413134681678499,0.0867332788935314,0.07655385113068638,3.2464014180050003e-05,6.981331756367e-05,0.9,0.9,1.0,17,0.8359671049400501,0.9660916352344324
3,7,0.45918203069758945,0.5001393888735994,0.33826680193548164,0.08543914645679955,0.06434756537054906,0.0670949843595282,2.023733262623e-05,3.73711248788e-05,0.9,0.9,1.0,18,0.8233667556403584,0.9462721847177094
3,8,0.44505260271660374,0.4831125905607838,0.32102627918371796,0.09688189268220367,0.13347515306908075,0.06801421736095951,3.575826075579e-05,6.946190541073e-05,0.9,0.9,1.0,19,0.8454842665776084,0.9471568081180952
3,9,0.4612148821452667,0.5057457142045688,0.3604127578389413,0.1297671734153901,0.11216886975582833,0.09717672971290639,3.431051467189e-05,0.00010533859028545,0.9,0.9,1.0,21,0.8699638403353904,0.9473614171072656
3,10,0.41246517612588945,0.44175809017165985,0.27908960541494204,0.12295622468943805,0.11786220707503389,0.07624924268352805,3.095022742019e-05,6.852959774436e-05,0.9,0.9,1.0,24,0.7919593204975363,0.886817675203115
3,11,0.4065116767900221,0.43530073215072385,0.2726012430230854,0.12207556860383563,0.07536342721707971,0.07197703719212875,2.8107579953580003e-05,6.258420777877e-05,0.9,0.9,1.0,25,0.7907823126720244,0.8729232843038759
3,12,0.39121608441386096,0.41668182865629133,0.2537814361381117,0.13849308482597106,0.0970156977180731,0.06997446767570989,2.9501199710929998e-05,6.613100069534e-05,0.9,0.9,1.0,27,0.809834342967317,0.8233963465368289
3,13,0.39521808295359523,0.4199383794211354,0.2569951122157942,0.18770545258123106,0.07196228107839642,0.07758144562859248,2.806935236519e-05,6.100861365265e-05,0.9,0.9,1.0,34,0.7963588626977602,0.858393987161658
3,14,0.3929615227422547,0.4165383566206423,0.25352872360391865,0.1925938522453388,0.09452947272437935,0.07999130421484076,2.61676301901e-05,5.8982632589610006e-05,0.9,0.9,1.0,35,0.8029329061909817,0.8266668619179484
3,15,0.37889614259306864,0.40083310722584753,0.23773017215350867,0.18701339825335037,0.09567563578379372,0.07121796328328797,2.843836504055e-05,6.191133050353999e-05,0.9,0.9,1.0,36,0.7915076664697341,0.8425141020292393
3,16,0.4160173707636694,0.47128155539479266,0.37572474220388596,0.21212190261900232,0.11018745883362516,0.11565287573248431,6.961590763179e-05,0.00043622997705619994,0.9,0.9,1.0,39,0.8724555826703757,0.96946419600727
3,17,0.4181074186910867,0.48157548408325396,0.4029003929960028,0.22497455328320795,0.1105752903045566,0.11920168834760472,6.794555405658e-05,0.00042766579409392005,0.9,0.9,1.0,41,0.8638024646297472,0.9609847576996507
3,18,0.40654756082823884,0.4697920531471873,0.39110014500287577,0.21441425462941963,0.10351484473341882,0.10755107492590484,8.190893256941999e-05,0.00053151615090064,0.9,0.9,1.0,42,0.8788996829576021,0.9890515888650576
3,19,0.36342215412526585,0.42670660033155355,0.36446625401909716,0.20758141518282772,0.15857271543388343,0.0910456777765442,0.00024096607837608,0.0010902298489678399,0.9,0.9,1.0,44,0.9046836530381112,1.0652768641432258
3,20,0.3315265286989377,0.38603461784019244,0.32336302161914926,0.21655039922158129,0.12722629029182808,0.08619327797409208,0.00047836220958434,0.0006870112441815,0.9,0.9,1.0,47,0.9247282044883256,1.031535682795466
3,21,0.3193774783514114,0.3728377725173697,0.3101168541965252,0.20319020109225333,0.07518755765008342,0.07633110865968103,0.0005143653556203,0.00047832042149948995,0.9,0.9,1.0,50,0.9565145618329112,1.0083996173505323
3,22,0.33227734082789584,0.38510908344419204,0.3223584980649439,0.2213162647294883,0.08941639899730656,0.09231409403418664,0.0004773516487743,0.00087751166320466,0.9,0.9,1.0,52,0.9260547107130372,1.0473575815737042
3,23,0.3262529941705655,0.3873452928239469,0.3414805443315083,0.2225110231922445,0.0835767693827637,0.0867400397377388,0.00047553588813043,0.00068433305574025,0.9,0.9,1.0,53,0.9175260130109388,1.0380992836227372
3,24,0.32624436528347356,0.38716416364379175,0.3412913557533989,0.22290942229953944,0.08240238611187542,0.08729418405518474,0.00047643626535298996,0.0006783546559806901,0.9,0.9,1.0,54,0.9104189697581292,1.0427667464227155
3,25,0.3286720047206507,0.3891501347610024,0.34325676390721593,0.24057914843245506,0.09032878115031084,0.09120773695192765,0.00052421811824299,0.0008223499803600501,0.9,0.9,1.0,55,0.9064203931504448,1.060548217447385
3,26,0.3121348291106085,0.3640360987355524,0.301242124491475,0.19963175775579098,0.06755717377021779,0.07307224959105343,0.00051224019248299,0.00071633896993608,0.9,0.9,1.0,56,0.9374407963463534,0.993893486720444
3,27,0.3213492339290944,0.37473465612087253,0.3285193428827637,0.24166157606162567,0.12293606851402904,0.10505519853885684,0.00034102764104147,0.0010638193943034399,0.9,0.9,1.0,60,0.8735331466751799,1.0487096098173925
3,28,0.3200513065530266,0.36407487541563344,0.3009245882812809,0.23181179813336003,0.10897561512586615,0.1061810258085252,0.00028819869888016997,0.00099985360861473,0.9,0.9,1.0,61,0.8759294668537624,1.034606864763984
3,29,0.30465193471416435,0.347466456630916,0.2842633226977095,0.2265786996682799,0.10258993950309388,0.09297658060609436,0.00033208878327989,0.00068216901299262,0.9,0.9,1.0,62,0.8430363309879811,1.0032896668393023
3,30,0.2838561473754332,0.3337388473163129,0.28737025547883943,0.23374796472196982,0.08949232747422536,0.07309158080264969,0.0011488440308173998,0.0009565592821554299,0.9,0.9,1.0,63,0.823413672870259,1.0306883239184303
3,31,0.2837140171541353,0.33284937968647904,0.30298314592613607,0.2702409294684991,0.22618384229725594,0.10016175610116955,0.00030510001819097,0.00113619045820408,0.9,0.9,1.0,64,0.8594847036437462,1.0173681608879237
3,32,0.2834724436760417,0.29485726629773,0.21381750026538549,0.29804569751071425,0.279342245045486,0.130221747233423,0.00033732221832994,0.0016166493158497601,0.9,0.9,1.0,65,0.8596616276597672,1.2931177674226129
3,33,0.23467957488754734,0.26271122396373725,0.21545256453239586,0.23739893462986722,0.0741513314687229,0.07754063508389417,0.0004929043726465599,0.0010723993838616399,0.9,0.9,1.0,67,0.8657408719781009,1.001285215976471
3,34,0.23771692499211206,0.26555297430868635,0.21828679790014233,0.2407813585560556,0.07519672897155513,0.08130997487584275,0.0005095718453057699,0.0011363331359949698,0.9,0.9,1.0,73,0.8707668565396707,1.012994194234926
3,35,0.2311835259602696,0.2469686820770713,0.18266962390661612,0.24137144119517445,0.1211746501653397,0.08274338048113417,0.00049111507816419,0.0010385867414852402,0.9,0.9,1.0,74,0.8766032062498083,1.1080494525080584
3,36,0.23512029265644316,0.2507269363369199,0.18642122961876723,0.24561395852059711,0.08140773406081477,0.0874256911453686,0.0005138100266767599,0.0011264902528415799,0.9,0.9,1.0,76,0.8834008815270186,1.1247005025465775
3,37,0.21919516568021705,0.2591366059222759,0.2454763262148603,0.2606346194680426,0.07325992695326676,0.07310859072070791,0.0005473384004283401,0.00106144087568743,0.9,0.9,1.0,79,0.8423392913380497,1.0238386025846753
3,38,0.21607702521375724,0.25044707512953446,0.23658209236269737,0.3425103044897736,0.08152343139478727,0.0824313815531835,0.00053337847254047,0.00113054027149189,0.9,0.9,1.0,91,0.8351400664009774,1.0044890748297373
3,39,0.20994246916970905,0.2580425308308084,0.27785303685790713,0.41889889979835765,0.0780345020860618,0.08062117001127843,0.00235048109725083,0.00188111762311493,0.9,0.9,1.0,111,0.9696349876859494,1.2109150218086997
3,40,0.18757929546758811,0.2764086748647235,0.38064209992505,0.521773161780283,0.0611612832451109,0.060130321559170495,0.0017536562909788102,0.0025094726369802,0.9,0.9,1.0,117,0.7823853342253593,1.0705646640705266
3,41,0.18637036528468012,0.28294458111685644,0.40404808698781175,0.543412479598492,0.06500259335619968,0.060409926742918604,0.00179859673422452,0.0026085942382938097,0.9,0.9,1.0,120,0.7745972296094393,0.9779688343884952
3,42,0.19693873109528617,0.2880954760040512,0.40900701756133157,0.5710200918777543,0.11134746527270681,0.08402741830174257,0.00162336624875348,0.00275314748268916,0.9,0.9,1.0,122,0.7907053100445456,0.8852812824882254
3,43,0.17636835324758585,0.2898479311529816,0.4613406620284687,0.6523180227139236,0.0684344412810975,0.06829606891503956,0.0015858718494852601,0.00272787620828681,0.9,0.9,1.0,134,0.7954784176477773,0.9627275331836294
3,44,0.18863458991954232,0.2995262520756454,0.4709295707408873,0.6684334347442505,0.09217053338547453,0.0868526327176344,0.0016314559345895,0.00315573263203765,0.9,0.9,1.0,137,0.8285560278954726,1.010024470872641
3,45,0.1823764514992457,0.285122470417233,0.4396409533726975,0.6566323919486643,0.07663039698420043,0.0789402819381396,0.00181418645168363,0.0030997083982274498,0.9,0.9,1.0,140,0.7934397545734149,0.9429567645130136
3,46,0.1786971502988055,0.3021708230988925,0.5072185588065029,0.7276860535316162,0.09183238412563899,0.08459689535415861,0.00197996073738738,0.0032856556875443697,0.9,0.9,1.0,145,0.832516614483198,1.0794690575341488
3,47,0.17301952902479134,0.3015182471631244,0.5233465875239444,0.7364136226815998,0.09104701033160001,0.08582805726011755,0.00160020564305558,0.00323444461642894,0.9,0.9,1.0,149,0.8078391539350389,1.0363525520946009
3,48,0.16863245430595009,0.30549418019929364,0.5442154180944347,0.7413407629253697,0.08064691768731644,0.08121122895022169,0.00166332195042969,0.00326821613855035,0.9,0.9,1.0,150,0.8023377811949536,1.087559923284543
3,49,0.1664350521465602,0.302546043810184,0.5412422936397868,0.7719167119242764,0.07886773483475494,0.07993803608759663,0.00177701779156459,0.00346434581804862,0.9,0.9,1.0,154,0.8238728067053556,1.0267226368708795
3,50,0.1659237713137308,0.29298378118502433,0.5147641935996526,0.7266859082995252,0.07882595415543621,0.08025910519346918,0.00192438628478249,0.0034428703768497903,0.9,0.9,1.0,158,0.8279228883962529,1.140691356459546
3,51,0.16406789462226984,0.29777931981986505,0.5363959666044344,0.7594352425879182,0.08231022801026631,0.0818062967575863,0.00224265986166757,0.00326893788376535,0.9,0.9,1.0,164,0.8057367182109194,0.9483014698861152
4,0,0.8838894368353737,0.9029101915361213,0.6961769781024533,0.03904885789266851,0.0,0.0,0.0,0.0,0.9,0.9,1.0,1,0.7254091755234989,1.158849888203613
4,1,0.8838893083762464,0.9114522802105407,0.7216179887874365,0.04874362919397213,3.295507915462903e-07,0.0,0.0,0.0,0.9,0.9,1.0,4,0.725461178891666,1.1590000676462129
4,2,0.7159991594587025,0.7608910926842333,0.5686312527447707,0.07269482062855678,0.8716413172606338,0.05842574524085571,8.3841057650707e-06,9.862876216812782e-06,0.9,0.9,1.0,5,0.5877855593994142,1.0566122815992107
4,3,0.7141458544756693,0.7590500349336023,0.5667842487930247,0.07454104001799758,0.05329298288202333,0.056939668248991236,6.945588130997837e-06,7.591243615029252e-06,0.9,0.9,1.0,6,0.5903347507033514,1.0416059480728412
4,4,0.6568295178168304,0.7015373371694128,0.5086032682787534,0.06856646922892858,0.275358246391907,0.05521404690864914,1.2253317073879999e-05,1.7502016303500003e-05,0.9,0.9,1.0,7,0.5683437113326245,1.0449017054297842
4,5,0.6533048233835826,0.6978820558721315,0.5048738700773591,0.07388436266781008,0.07740374829681865,0.05806918151723409,8.473645946151136e-06,1.212659890418e-05,0.9,0.9,1.0,8,0.5584241264161898,0.9255432804778492
4,6,0.6114564772043204,0.6625841244423231,0.4858891203633,0.08265425116817839,0.1563946435194739,0.06380979270279094,2.344331814437e-05,4.639530584787e-05,0.9,0.9,1.0,10,0.5629016983039036,0.99506757367149
4,7,0.5737265607900311,0.6219118480938702,0.44470193992821716,0.08607219057096574,0.14697239215470492,0.06645411947371155,4.724312907274e-05,0.00010141083742926,0.9,0.9,1.0,12,0.5472869401889148,0.995894181727466
4,8,0.5607124008727955,0.607761002781777,0.43040127232828135,0.08705932905979052,0.10873171070288357,0.06476232928172634,2.559714990305e-05,5.1087415399109994e-05,0.9,0.9,1.0,13,0.5267074362453196,0.8949035844665978
4,9,0.5193900684712229,0.5620616538307299,0.38419095164911404,0.07953337959486213,0.2279171287591054,0.061519933436773575,3.097176660877e-05,5.42322725114e-05,0.9,0.9,1.0,14,0.5281441355816228,1.156369297102372
4,10,0.5248803688733347,0.5667196398441244,0.3887620622953532,0.09622121058353256,0.08208059526831753,0.07473514278647031,4.1379547002820004e-05,8.294716062029e-05,0.9,0.9,1.0,16,0.5147001289181249,1.1758272206450924
4,11,0.5146882348295372,0.5632772644182588,0.402044715568513,0.10451368322896147,0.09930469197878725,0.07763811100662278,3.9544303735129997e-05,4.9109752328130004e-05,0.9,0.9,1.0,18,0.5682407673675769,1.1277334753116532
4,12,0.5077212861840895,0.5638285425038023,0.41940157482636736,0.12584425874314076,0.08553195965785883,0.07745185395122758,3.973661001419e-05,4.909684529416e-05,0.9,0.9,1.0,20,0.5645523847490365,1.095057874852288
4,13,0.5069673284513367,0.5630177515843945,0.41858554686147614,0.10579833176151968,0.07118415125431905,0.07706037670951824,2.3564998458229998e-05,4.23834086577e-05,0.9,0.9,1.0,21,0.5762927257033366,1.0423560785040642
4,14,0.4778410321936146,0.5307935736429589,0.3860935372251415,0.11779694322585733,0.15007420509539537,0.06614397344318028,3.926642630402e-05,6.492005567589e-05,0.9,0.9,1.0,22,0.5076458971671273,0.9645778641321076
4,15,0.4414214866143276,0.49570482512260733,0.3673540937722963,0.12023539088956786,0.12391228441491073,0.06875617453017098,6.578069112656999e-05,9.125819006365e-05,0.9,0.9,1.0,25,0.5024193974094422,1.1720113723557013
4,16,0.439107876530231,0.5013214224903031,0.38982752725596337,0.14161866698641956,0.06968932544569818,0.06941645678774234,6.59691304673e-05,9.052945571565e-05,0.9,0.9,1.0,27,0.4872061005014943,1.0837374684064514
4,17,0.38444394334280574,0.42331834072933056,0.29400504225569707,0.1486304111921217,0.10912787460891658,0.07745313098977649,0.00022427564144993003,0.00036278899465212,0.9,0.9,1.0,35,0.5439773552913821,0.908136879955888
4,18,0.3841539892248992,0.4313424150382304,0.31891512018628704,0.15848052191487763,0.0730022398987312,0.07804070741458821,0.00023613489854785002,0.00038197256684953,0.9,0.9,1.0,37,0.5447245962178848,0.9115457256732616
4,19,0.3753335001698493,0.42878041737138045,0.3331251178350375,0.1660612684950764,0.0917289811102282,0.0773702364631921,0.00028419653788572003,0.00044957805767986,0.9,0.9,1.0,39,0.569106475328075,0.9326848650355886
4,20,0.371033323287851,0.42292800606733133,0.3271883360333362,0.1946578484918465,0.07562272202103171,0.07861191513205751,0.00021636147115359,0.00060723548609969,0.9,0.9,1.0,46,0.5467683284295843,0.9337776678951814
4,21,0.3709107036120144,0.4227742713935433,0.3270329485778306,0.19817053173339733,0.07209492885109096,0.0785961954561195,0.00021592482329847,0.0006067337815376099,0.9,0.9,1.0,47,0.5467136314192637,0.9338839281670352
4,22,0.32889930485381724,0.3690294956866142,0.27268994570729493,0.19410901894851712,0.2699372375914304,0.07443649022544957,0.00028875991671357,0.00065445804742469,0.9,0.9,1.0,48,0.5389082410714578,0.9469843356794344
4,23,0.3297287637518632,0.37780566315182923,0.2983360919052852,0.2030210117631333,0.07541336864709462,0.07538648544148965,0.00036310287570887,0.00237758395663975,0.9,0.9,1.0,50,0.5283359040849018,1.02421737005982
4,24,0.3251759080840381,0.3808928710480426,0.3182788993209958,0.2184383987871218,0.076044534514889,0.07460308536072505,0.00035568435525714997,0.00126442352151243,0.9,0.9,1.0,52,0.5403630643086219,0.942947849857322
4,25,0.3137662051191023,0.3654438452139372,0.3026395898430894,0.2234056376857953,0.13348944089387854,0.07604251906036028,0.00039727254016425,0.00042426894660101003,0.9,0.9,1.0,53,0.5078816265841836,1.014606976194684
4,26,0.30155867496787014,0.3419112532159095,0.26208019976918007,0.22951294091425858,0.07573547549151911,0.0696583784347413,0.00037143341511503,0.00191385816210602,0.9,0.9,1.0,57,0.5527427969581915,1.0132178381862196
4,27,0.2922402088452913,0.3290729070570026,0.2490836312907386,0.2317884557106061,0.11881974395128782,0.06990925907320135,0.00038722814183084003,0.0020944337934238303,0.9,0.9,1.0,58,0.5538082240227862,0.9948869992714264
4,28,0.283316549031843,0.31753040957892853,0.23742568812997167,0.38808408917452636,0.06469193400268408,0.06987002732676684,0.00031778828142757997,0.00030658165382691004,0.9,0.9,1.0,90,0.5465879331013755,1.084292408701679
4,29,0.29437643604424296,0.36214330659278954,0.34960739923018674,0.41412824649961705,0.07747067461960522,0.08124193770353556,0.00105407501321127,0.00210645328767666,0.9,0.9,1.0,97,0.5996941994581118,0.9845977159425312
4,30,0.29045331797635077,0.3565293498743136,0.34392034579207426,0.4216304715146909,0.08904451909931185,0.0818639915963792,0.00109328159729781,0.0020274565393504198,0.9,0.9,1.0,99,0.6032484969286565,0.9910298378909724
4,31,0.28846930598719905,0.35418689369452555,0.34156233295442584,0.4243225288587452,0.08084630090652327,0.0807274407130193,0.00108065391909272,0.00201076772715345,0.9,0.9,1.0,100,0.603196320959424,0.9965182583116102
4,32,0.28403178024363973,0.3563416240799711,0.36053270514152547,0.44458500922288113,0.08326528499348217,0.08130035481881756,0.0010771273253244401,0.00208832933029042,0.9,0.9,1.0,104,0.6003885570119434,0.9909805340192848
4,33,0.28100334102785707,0.34909198382115875,0.3531059170466662,0.4580172128419871,0.1436017123833682,0.0881115668644866,0.0016833601115639,0.00299524145554568,0.9,0.9,1.0,105,0.58961894611129,1.0271288513509755
4,34,0.2435832872828618,0.3181186219172372,0.33894518506120425,0.44563949752644577,0.0661121266188563,0.05274150165164745,0.00161648581286195,0.0026095406622310803,0.9,0.9,1.0,107,0.5911264059274407,0.9657671387852524
4,35,0.21734013358751414,0.26834491496099844,0.28826129398979894,0.46937677122287236,0.38532018188865946,0.08143875167203073,0.00170895616456856,0.00315865150933962,0.9,0.9,1.0,108,0.602485657112359,1.0262009962218053
4,36,0.21530366424689532,0.2738318710269641,0.310609799506881,0.4820632977076119,0.08435300143111507,0.08148859001962754,0.0017148204077628002,0.0031757877183380802,0.9,0.9,1.0,110,0.6044543506439898,1.025754510650915
4,37,0.213103815040997,0.2702043347028997,0.30693035657657475,0.4862315217115987,0.09633479798567057,0.08232728779246411,0.00164846447891235,0.00320630849954802,0.9,0.9,1.0,111,0.6066582046410305,1.0055254707069805
4,38,0.21194266284640662,0.2684584030687373,0.3051632266581577,0.48601061261885137,0.08597257822877426,0.08239752638260882,0.00163492559122657,0.00318471256907564,0.9,0.9,1.0,112,0.6099193466537721,1.0052100776544095
5,0,1.0,1.0,0.7944259109051353,0.052741261723602724,0.0,0.0,0.0,0.0,0.9,0.9,1.0,1,0.5263507445136105,1.1388659540164472
5,1,0.77686256004481,0.8197071220009509,0.6281483917776356,0.08300390071387091,0.2961123696369324,0.058523336440992516,1.065169674138e-05,1.026761831979e-05,0.9,0.9,1.0,5,0.482144252452533,1.0945007656935517
5,2,0.734890829356423,0.779368889720274,0.5873367287799026,0.08236604319324954,0.13194723035601358,0.05775983770162709,1.375827946911e-05,1.4037340227989998e-05,0.9,0.9,1.0,7,0.4352500625686759,1.0894342817408291
5,3,0.6818896270019935,0.7269598576888421,0.5343990426123314,0.07828131942397253,0.13314812736748222,0.04870304557160113,1.7213706018989998e-05,3.077873320905e-05,0.9,0.9,1.0,9,0.4249195941585943,1.0227484185122224
5,4,0.6557396410809762,0.7005429294406565,0.5076690372219195,0.08389934678092834,0.14942744787693013,0.048501926503577195,1.696528389157e-05,3.086331243559e-05,0.9,0.9,1.0,10,0.4220154411544137,0.96524086938365
5,5,0.6331478432128489,0.6769188446936664,0.4836253594912369,0.08780923775279305,0.19685744964294916,0.06129311140909287,2.3936876939109998e-05,2.477066162925e-05,0.9,0.9,1.0,11,0.4404644493953197,1.0046862113468555
5,6,0.6039574800474514,0.6461831540728434,0.4525207098374724,0.08891313389403974,0.11767037755204339,0.06147175741009545,2.796896180594e-05,2.828123744201e-05,0.9,0.9,1.0,13,0.4514093401894731,0.9784061938776368
5,7,0.5921585581519135,0.6336251076571051,0.43981900747750796,0.09691177214919243,0.10333081392974976,0.060883268103366625,2.5965450121290003e-05,2.775876329903e-05,0.9,0.9,1.0,14,0.4564814454880848,0.9921709534519452
5,8,0.5665485208925266,0.6055587078228465,0.41136792693430363,0.09652563079934458,0.12397208249282911,0.06549116281942918,2.976527056825e-05,3.228265908551e-05,0.9,0.9,1.0,16,0.4338856088526169,0.9059210534620716
5,9,0.5472721787907227,0.5843517115493517,0.3899127387303676,0.10390891954362366,0.1423638855282527,0.0650325646710664,2.813245798625e-05,3.21258321326e-05,0.9,0.9,1.0,17,0.4421460773903081,0.8519847301258475
5,10,0.5254711709953066,0.5595506835563393,0.36477591148828353,0.09808922121277262,0.1753380136573308,0.06872731564357921,3.1481464697510004e-05,3.596287250898e-05,0.9,0.9,1.0,18,0.4171395794875056,0.8308516487395174
5,11,0.5088618079219207,0.5502084583138479,0.37220334922893683,0.10817168711624557,0.09842466367282494,0.06079508378585374,4.289106144247e-05,9.082636648471e-05,0.9,0.9,1.0,19,0.4382318597763536,0.9422286101132435
5,12,0.5096661406150255,0.5424313265833314,0.3475216620323222,0.10452840199239057,0.05677744810268934,0.062212394652561176,5.1022088790479994e-05,5.83085780806e-05,0.9,0.9,1.0,22,0.4097734379848232,0.8310944103533942
5,13,0.5058684722613056,0.537718870973889,0.34272068099762665,0.1233742159005292,0.0886805034219045,0.06525422247038076,3.410123167989e-05,3.6434673148979995e-05,0.9,0.9,1.0,23,0.4009603406489726,0.8267746544412503
5,14,0.5140562212060034,0.5536225580291758,0.37544758704844,0.14317631641397782,0.09793801624250675,0.08042942063099998,3.2251951396250003e-05,7.650208103424e-05,0.9,0.9,1.0,24,0.4458946464137384,0.9672062788445428
5,15,0.48681560084738434,0.5327511913045313,0.37128103859452877,0.12772359976719802,0.12485555524628625,0.06580816153041866,4.1861505685850003e-05,6.659775468086e-05,0.9,0.9,1.0,25,0.4258834807391847,0.8893842714122989
5,16,0.48041479601712805,0.5255814916074806,0.3640443531000704,0.13767835519300817,0.08056683513136555,0.06409753342209702,4.022869310386e-05,6.644092772795e-05,0.9,0.9,1.0,26,0.4414477047185038,0.843288871561206
5,17,0.4686192037109694,0.5030478827843637,0.32443316694947305,0.13994351129378235,0.11896858883892465,0.0651537941309315,3.55162097159e-05,8.591599866972e-05,0.9,0.9,1.0,27,0.4381946603518843,0.9554641361051875
5,18,0.46680237649042,0.5239820472584491,0.39584236773581916,0.15689402433325,0.09136521960552677,0.08055728226434528,4.56770824896e-05,9.847457763874001e-05,0.9,0.9,1.0,31,0.4307973433309414,0.9324624597268224
5,19,0.4582201447740273,0.5144776136210427,0.3862688908804804,0.16515028840742363,0.09227797500900534,0.07642167051770496,4.40442699076e-05,9.831775068582999e-05,0.9,0.9,1.0,32,0.4461640719719778,0.8840703421695505
5,20,0.43678403051857395,0.48084876527331905,0.335483173189087,0.165717224394381,0.1525370190817831,0.0725601469217086,4.104880936336e-05,9.564009336951e-05,0.9,0.9,1.0,33,0.4348486582374177,0.8557340065543788
5,21,0.6464128922227149,0.7154312821122903,0.6207171755023916,0.4411741876783519,0.27953754070615855,0.14208442824283513,9.042982737843001e-05,0.15020374928410968,0.9,0.9,1.0,44,1.120101316665664,0.9353443814423748
5,22,0.4119832975767381,0.4872138616511006,0.40924398215490354,0.23388707247928414,0.10662533612726144,0.05937324168236978,0.00016496218482408,0.00077505031537707,0.9,0.9,1.0,45,0.4890923079695893,0.9020260201967384
5,23,0.40679878562058636,0.4815960212553901,0.40359799816845315,0.24104126212801413,0.06055902544867236,0.055943485822195084,7.32102170968e-05,0.00067547189539307,0.9,0.9,1.0,46,0.4908631269968974,0.9250544692046476
5,24,0.40476772187310645,0.48760094334731563,0.4264695441075285,0.24454819881734396,0.06213583208788993,0.05581681496166957,0.00016562961677873,0.0008728489456830401,0.9,0.9,1.0,47,0.4961149794750892,0.8958160330685508
5,25,1.6753665329633636,1.7545194000428577,1.6931582855204572,1.53066648084484,1.4150003717831148,0.3746369236352744,0.00027024559867523,1.0,0.9,0.9,1.0,48,2.004996592569712,0.9651312266675084
5,26,0.39751157587511043,0.47483712013095203,0.4133665878355742,0.26269046404433155,0.10386882018458188,0.07349856444038527,7.526316546901e-05,0.0006901882724422599,0.9,0.9,1.0,49,0.482327789846994,1.010061562823829
5,27,0.3895538099618886,0.4639865599080426,0.40234710283090636,0.2754656061701001,0.12717082418974654,0.07691670360381274,8.446975111365e-05,0.0008859872259830801,0.9,0.9,1.0,50,0.5194854089103228,0.9829931915458692
5,28,0.364261431420263,0.43363723263656195,0.371716736590696,0.24236964797778177,0.15830268786254303,0.06864742974423069,8.6360581484e-05,0.00152579353457422,0.9,0.9,1.0,51,0.4429349856712045,1.11081264346655
5,29,0.3572184494069321,0.4489714666581067,0.4375745409415876,0.267546215709065,0.07248550129452286,0.07476622351535826,0.00013820999408489,0.00019333888141310002,0.9,0.9,1.0,63,0.4646735583352511,2.2761069145117943
5,30,0.6471359697517778,0.7439190826052398,0.7657212908323068,0.6235418268685586,0.4461177354519661,0.4112772711996763,0.00011421851442653,0.02534786433147837,0.9,0.9,1.0,67,0.4251831930279765,2.193799822373642
5,31,0.31505374835957295,0.4251035262373675,0.4805257715259264,0.3308843302785058,0.08961068567454258,0.08238900577031345,0.00019807409267903,0.00026848435705057003,0.9,0.9,1.0,71,0.4278425680672481,2.0357125816301083
5,32,0.31619283406143783,0.42426670709679326,0.47959881059232473,0.3417260933886288,0.09653028249310905,0.08990962410718463,0.00015767890213785998,0.00024985113288857,0.9,0.9,1.0,73,0.4246710532813464,2.008176041777168
5,33,0.30699606756208075,0.4235943412524866,0.49582455653197943,0.3439255962883795,0.0723028870706506,0.07975873040113976,0.00015784847931789,0.00023935166996516002,0.9,0.9,1.0,75,0.4230898895851183,2.0065435509452896
5,34,0.3141998754324937,0.42180430604623476,0.4771151843762378,0.3480096691140048,0.08751871012805683,0.08918283858221848,0.00014615640804771,0.00023042113262767002,0.9,0.9,1.0,76,0.4281689310160467,2.0218230364930245
5,35,0.31818037542483013,0.43418851485969645,0.5063919664320029,0.35230896819686036,0.08571578565778068,0.09105699221316951,0.0021400907173976798,0.00112178615800694,0.9,0.9,1.0,79,0.4279427940833509,2.0835228078301835
5,36,0.29753656349561686,0.42475832289551607,0.530499858093368,0.42625410827176813,0.091202705223088,0.08882059467521979,0.00010116065832360001,0.00021060751580441998,0.9,0.9,1.0,87,0.403137811567839,1.4013175799001607
5,37,0.2926205095661328,0.4172083307081738,0.5228364167173348,0.4352901215494412,0.0917665662580111,0.09100120814337208,9.200785581859e-05,0.00020750385881972,0.9,0.9,1.0,91,0.3968899936294177,1.3519595965735598
5,38,0.28511705827891287,0.44044776263424645,0.6135261826650609,0.5042122250405273,0.08717895555201961,0.09175740421969777,0.00040534959778069,0.00046382424851797003,0.9,0.9,1.0,104,0.4400922416640119,1.9436562028946829
5,39,0.2765175375984514,0.4381124381463798,0.6279950152360751,0.5176840506582547,0.08847453018185418,0.08848618295091643,0.00040840572835074,0.00046737121582399004,0.9,0.9,1.0,108,0.433578832077843,1.931501191254621
5,40,0.2789270686312987,0.4488859743190899,0.6556601031048027,0.5379741544562475,0.08456317605882334,0.09166121617260152,0.00039202417925237996,0.00047232646583089997,0.9,0.9,1.0,110,0.4478507071150132,2.090393962884662
5,41,0.2775186354541628,0.46156237562627006,0.7020110176062463,0.5906500238769365,0.09341606316476334,0.09727901827359545,0.0007218757921957,0.00104345467931849,0.9,0.9,1.0,120,0.4586696332948951,2.16056064593269
5,42,0.2629945040674739,0.47178053002725095,0.7628899327518073,0.6881485720243541,0.07739031185535121,0.08411379291849362,0.0005542172568851099,0.00063846061230797,0.9,0.9,1.0,142,0.4573661813103458,2.141170859401996
5,43,0.26464029191952426,0.463973729859521,0.7381476873782323,0.700453137631372,0.08676518175760993,0.08839100336112818,0.00053492586477007,0.00059493768355916,0.9,0.9,1.0,144,0.4515485512306009,1.9480020600007235
5,44,0.2528150732190921,0.4660754603265787,0.7739214493208205,0.698995081446984,0.09742260424160115,0.08337053757706492,0.00057391897341108,0.00063929702085059,0.9,0.9,1.0,146,0.4173972597430214,1.95746322996003
5,45,0.24872480545805106,0.47832131966613867,0.8199355329315269,0.745965614903618,0.07466454210544102,0.08069563664847977,0.00056983841545143,0.00069209926454858,0.9,0.9,1.0,158,0.4316996257844276,2.1106305364525983
5,46,0.26418299491646,0.5106772192518726,0.8860816050825944,0.8256081916231994,0.09042502076769171,0.09786942929579048,0.00069913660855744,0.0010407035727137699,0.9,0.9,1.0,162,0.4766782627155497,2.164739134241084
5,47,0.26353944324723766,0.5099459101701541,0.8853466208507665,0.8388024591434816,0.08989159172934398,0.097350442293166,0.00070947693548659,0.00105655324418014,0.9,0.9,1.0,164,0.4757622333863317,2.1677611883188583
5,48,0.2495365982179714,0.5027564219091889,0.8949883361416291,0.841993721296645,0.09070332672668259,0.0868311945418134,0.0005317159994359,0.00063084652464459,0.9,0.9,1.0,166,0.4718544424931412,2.145498310083076
5,49,0.24357129900351598,0.47769028393409124,0.8360459788161312,0.8529380451945419,0.103984512969431,0.0842885747156947,0.00078158874381233,0.00125514040776376,0.9,0.9,1.0,167,0.4618223538009849,2.148028440149827
5,50,0.23829423484481316,0.5125459392010363,0.9552970132277656,0.9560449292900438,0.0801424066494606,0.08555843194981466,0.0005949580765136099,0.0007347321719912601,0.9,0.9,1.0,185,0.4302131247126322,2.0199718781049474
5,51,0.2241889548966011,0.48283310249328965,0.908418441637223,0.9397077484083507,0.08589759996339469,0.08559455875151903,0.0011771313703183401,0.00135730536254026,0.9,0.9,1.0,199,0.4815779554097794,2.16118690889989
6,0,0.8731946781702331,0.8936514391930821,0.6868077459407772,0.037743118817558007,0.0,0.0,0.0,0.0,0.9,0.9,1.0,1,0.7404844056483032,1.1408143752505042
6,1,0.8731885415073455,0.8936459644979052,0.6868021269516368,0.039412480295200475,1.0236349980702928e-05,0.0,0.0,0.0,0.9,0.9,1.0,3,0.7404858244511513,1.1412464855027955
6,2,0.8790241198577106,0.9055753912079683,0.698191938493126,0.09517781792948246,0.23934630153692182,0.06329875952081711,7.524584532055001e-05,9.242665968778999e-05,0.9,0.9,1.0,4,0.792814736489577,1.070641659413756
6,3,0.8403850085285225,0.8680706149623687,0.6605828294101348,0.06686773346038782,0.06409961050243514,0.03150704206209505,7.192384898717312e-06,8.964334751959104e-06,0.9,0.9,1.0,5,0.6911016098465036,0.9834044263268252
6,4,0.668221583301972,0.713027071062806,0.5201316732614737,0.07382037053585006,0.8364685011532182,0.06439471205044602,7.99340545247048e-06,1.058005512091e-05,0.9,0.9,1.0,6,0.6809857992566574,1.137703252627103
6,5,0.6578117526319529,0.7022455152611183,0.5091809320361529,0.07735910590558327,0.11831790566236039,0.06814812630773334,9.160181899213792e-06,1.371984474834e-05,0.9,0.9,1.0,7,0.6846900904257075,1.0992349987773633
6,6,0.6586015630592332,0.7029790069281154,0.5098915699135576,0.07973593181859234,0.07171387689094903,0.07108410782400273,1.0921708405679999e-05,1.677908742165e-05,0.9,0.9,1.0,8,0.6904180075163548,1.1040873752616485
6,7,0.655973733681438,0.7088173155894335,0.5325995728630497,0.08512894761227827,0.07364840855488766,0.07080914473175208,1.065379596538e-05,1.649881498912e-05,0.9,0.9,1.0,9,0.6927482639769595,1.0689617096862971
6,8,0.593717869991076,0.6433843650758266,0.4664173069936573,0.08162642618572245,0.1875929033036418,0.06783782345428332,1.1883914029280001e-05,1.801445206715e-05,0.9,0.9,1.0,11,0.6381175341515327,1.071042066497815
6,9,0.5826679316488067,0.6403879552736551,0.48023891081808584,0.08724194619993825,0.06544880921832608,0.06255207571120266,1.36093183789e-05,2.115110185456e-05,0.9,0.9,1.0,14,0.646283551254278,0.871482129874257
6,10,0.5825710053143268,0.6402470112611273,0.4800908561260028,0.0920702723460123,0.0591640071883406,0.06305006655693594,1.449546091787e-05,2.274557874566e-05,0.9,0.9,1.0,15,0.6491289929962848,0.8724681861886322
6,11,0.5539691537884905,0.6174238377615421,0.4737742303283555,0.0919243832171591,0.19074949204635613,0.06469570583767956,1.947005222757e-05,3.05299714668e-05,0.9,0.9,1.0,16,0.6232858289047319,0.8583055921132732
6,12,0.5461390519148952,0.5991063661729918,0.4383249748021408,0.10489152867115557,0.10732283809273539,0.07552111619710403,1.458707839348e-05,2.4054124301870003e-05,0.9,0.9,1.0,18,0.6209541187777267,0.841459818889365
6,13,0.511925915117261,0.5593733376464122,0.39803644607167865,0.11110669235379564,0.16856906142734196,0.08302788842305267,2.6793153054830002e-05,4.321214369896e-05,0.9,0.9,1.0,20,0.6058685584079855,0.7574940800935859
6,14,0.48502097072232087,0.5389478408816935,0.39432937268128165,0.1168199000513835,0.08127334841130913,0.06767837708947402,2.06826666384e-05,2.14870167256e-05,0.9,0.9,1.0,23,0.5324227114465225,0.8774097770019479
6,15,0.47610864789514445,0.5276025817956603,0.38278377305260786,0.1198895492326546,0.1340463061815424,0.07370849784827738,2.381226660184e-05,2.6504024444819997e-05,0.9,0.9,1.0,24,0.529482694786452,0.8657908036940327
6,16,0.4783983014987311,0.5289817648974156,0.38409160103112466,0.1492439135498319,0.08579999668893261,0.08183600625744498,4.177962767764e-05,5.834006144613e-05,0.9,0.9,1.0,26,0.5667359610483201,0.8343643730626121
6,17,0.4831254009611189,0.5235420288395924,0.3616286147472417,0.1678167307926164,0.12924773410387863,0.09617919546048001,0.00031655993678907,0.00041843314245362996,0.9,0.9,1.0,27,0.5808228893168614,0.9079792898871124
6,18,0.46534152353791763,0.5129785705141672,0.3678659197545385,0.13703869093814963,0.09291321926700595,0.08478993512133222,3.08228240346e-05,2.877681772626e-05,0.9,0.9,1.0,29,0.5379374695764834,0.7855170686679303
6,19,0.4357879846214082,0.47977806397840417,0.33440667608621705,0.14717122025048604,0.15233858333978814,0.07194194938342294,5.9204838162509996e-05,4.414233484708e-05,0.9,0.9,1.0,30,0.5303110882917803,0.7966747125476593
6,20,0.43069554022989015,0.4743771060586728,0.3289860273631012,0.1491536973715671,0.06765536781626368,0.06778703872689093,5.405072506494e-05,3.747225393003e-05,0.9,0.9,1.0,31,0.5284563116486588,0.8017325836708672
6,21,0.4244330779787972,0.46572923435240426,0.32017952431603086,0.1276096874774812,0.11935044485765328,0.07296012423964102,4.962687846379e-05,3.427543393701e-05,0.9,0.9,1.0,32,0.5281092969742596,0.7897784229009066
6,22,0.42678708485575517,0.4761032406751976,0.34741853095422265,0.15619016468238042,0.07420810323593899,0.07814239374105915,5.661236654271e-05,2.732379724673e-05,0.9,0.9,1.0,35,0.5080058476064602,0.7550309928955334
6,23,0.41515807781295616,0.4421689566309542,0.27935829652960764,0.17368343105375508,0.19205852974331394,0.08969477769587697,0.00022236152377243,0.00011021729171939001,0.9,0.9,1.0,36,0.6110812957950639,1.1031666064643575
6,24,0.41297543121659047,0.4482376900110118,0.30231136748646414,0.1988213044890097,0.08134469160754841,0.08853578221140433,5.278760111317999e-05,5.3692187971120006e-05,0.9,0.9,1.0,39,0.5208846667760602,0.7507263446686925
6,25,0.4050037860428093,0.4383214686569037,0.2922799407222835,0.20427098691744394,0.11846873618109194,0.08819028788786198,6.922754326125e-05,8.681087265647e-05,0.9,0.9,1.0,40,0.5314823669427663,0.8019782428647986
6,26,0.3652388675703244,0.387418059228945,0.24076487464272323,0.20762568120703095,0.14874853937747504,0.08828328590778048,0.00035018146124793,8.894875628953e-05,0.9,0.9,1.0,43,0.6157031553354596,0.9744469373402602
6,27,0.35770785464741106,0.3773266203704112,0.23054363196732575,0.21027299250925668,0.12429287938762941,0.08911458162889693,0.00036987746866036,9.497677145999e-05,0.9,0.9,1.0,44,0.617306924970962,0.9354809052300602
6,28,0.3613056545355486,0.38946665488696597,0.2595825548041203,0.20359348398187743,0.08424088152521052,0.09324796475463104,0.00025132616287356003,8.139887403455e-05,0.9,0.9,1.0,45,0.601090404039042,0.8653740798375505
6,29,0.35150665354033067,0.38503052319348424,0.2718863768192696,0.21585731738355043,0.11130615583506029,0.09358474930213988,0.00025140675540565,8.161037899729e-05,0.9,0.9,1.0,47,0.597868073769926,0.9083550557246336
6,30,0.34608836514418306,0.387297061442297,0.29100982436686706,0.2338692642642364,0.08533751987789961,0.09052379524808296,0.0002489981666325,8.800792648135e-05,0.9,0.9,1.0,51,0.6008344965616398,1.284359105925612
6,31,0.34749420506305106,0.3960877671834428,0.31664300435930937,0.24179453175413254,0.10587422697294359,0.09473191238783102,0.0015828585115636898,8.211028698947e-05,0.9,0.9,1.0,52,0.5918392932779165,1.183603028813592
6,32,0.3503318375504343,0.3979110805019432,0.3184175815187836,0.2612233372703308,0.10906301634476648,0.09525412806895604,0.00761052614625853,8.526603140832e-05,0.9,0.9,1.0,53,0.5827335870684608,1.232104957190944
6,33,1.2325530843088712,1.261255353590382,1.14787839532111,1.1444553398002713,0.9947438645767103,0.08909405628289294,1.0,8.301578593081e-05,0.9,0.9,1.0,55,0.5824615563943466,1.2845057466800065
6,34,1.231081473552845,1.2680827556520877,1.1715934459702892,1.1582215427221545,0.9813895450378238,0.08824470895495906,1.0,7.751773600925e-05,0.9,0.9,1.0,57,0.577539703163741,1.3152984342374294
6,35,1.226706246557058,1.2615765134880252,1.164987318866824,1.1662120702200822,1.0150834346705335,0.0903013232410289,1.0,8.643904393552001e-05,0.9,0.9,1.0,58,0.5730147083672635,1.3023010538821602
6,36,0.7027003010485909,0.7455605541949749,0.6658445043713037,0.6887844099238413,0.45953637746935305,0.08852116838600321,0.42053016548606675,0.00080989000864456,0.9,0.9,1.0,73,0.6146576908495892,1.2941133536285985
6,37,0.32896072029466716,0.3885210002252415,0.342584895899711,0.35347047060807435,0.08753816107435115,0.08995342701032025,0.00525039285015454,0.00063751698905415,0.9,0.9,1.0,78,0.598671083519927,1.5307201544834257
6,38,0.31482894039966275,0.3795707964245099,0.35038024770238135,0.34985632528525873,0.133509767261348,0.08720844928661946,0.00279789327398577,0.00067102086463844,0.9,0.9,1.0,79,0.6422449548984093,2.1993519960060777
6,39,0.3153812383450036,0.38713778420302897,0.374777713535376,0.42553074753156356,0.0883574902606388,0.09548693122186962,0.00027855305443573,0.00025095506919817,0.9,0.9,1.0,91,0.5434722187747012,0.805607901965169
6,40,0.30341665925331185,0.4011939641038661,0.4560749305476528,0.43092648824118124,0.15588486274049676,0.10598998681301726,0.00021727831580203,0.00043696694310276006,0.9,0.9,1.0,93,0.5591603846131654,1.185171700347886
6,41,0.2885172607974017,0.3917839773451667,0.4634354323335365,0.43885330642192544,0.10327570264574643,0.09804183036248086,0.00019919960554148002,0.00040784728100449,0.9,0.9,1.0,96,0.513576581945912,161.12349592715017
6,42,0.2864268084371759,0.4150518338330036,0.5373888825009447,0.47153006801074515,0.0883541160440849,0.09649752697491684,0.00019585146732177002,0.00038162539126266996,0.9,0.9,1.0,100,0.5144721069705153,68.7428636254883
6,45,0.39415488619827693,0.5272108506305117,0.6662774984004705,0.6765676471810553,0.20968908275587841,0.09378771686006496,0.13393496011613243,0.00024278154949228,0.9,0.9,1.0,116,0.5216845025907413,1.8531804812258025e+163
6,46,1.1779893688036733,1.3024025783199527,1.4245660841397936,1.4687091085273196,0.9899589729612126,0.0985066372853015,1.0,0.00061333243359424,0.9,0.9,1.0,118,0.521286216111313,inf
6,48,0.2744276047865678,0.40670346470864693,0.5457385915613236,0.6062598003696881,0.09013469990297009,0.09460791375953292,0.0021799037609687997,0.00023069279964695,0.9,0.9,1.0,123,0.5159177611472024,inf
6,49,1.171901966618399,1.3205319782444889,1.4933350482413916,1.539789657812606,0.9890564666241524,0.09576211334583393,1.0,0.00037402846261231,0.9,0.9,1.0,127,0.5136717999521992,4.7412099019920793e+101
7,0,0.910267386854583,0.9255112974245465,0.719047906377613,0.042236251767556125,0.0,0.0,0.0,0.0,0.9,0.9,1.0,1,0.6778492748119088,1.1429159107897362
7,1,0.6885726283897571,0.733623216693135,0.5410158113378766,0.0704347414844571,0.31132756370590675,0.06047606523615019,1.043755404885e-05,1.084393470813e-05,0.9,0.9,1.0,5,0.6341785548675296,1.103166989128788
7,2,0.5798779412958928,0.6209430953506433,0.42706717440995107,0.05875475317602759,0.15510484060511215,0.05330607588284071,1.967329447553e-05,2.6199236857600002e-05,0.9,0.9,1.0,9,0.6088258016200082,0.9922223204495328
7,3,0.572210882497185,0.6125973143333503,0.4186031658568684,0.0695486942606817,0.08965816524037676,0.05503226165557571,1.915707526185e-05,2.113260494261e-05,0.9,0.9,1.0,10,0.6025288878882502,0.9394612470291184
7,4,0.5687322670267625,0.6174101927028647,0.44028134674780867,0.06824111218391772,0.059901870837408146,0.05401899596525052,2.075537023713e-05,2.554076868519e-05,0.9,0.9,1.0,11,0.6156063458808717,0.9937037965936324
7,5,0.5531731946139339,0.6002740889719518,0.4229108358331704,0.07952356720982691,0.13062160875977663,0.05679564585269633,2.128149791202e-05,2.3539026997020003e-05,0.9,0.9,1.0,12,0.6147330776203959,0.9463895932260544
7,6,0.5509384687731819,0.5978393119170674,0.4204608754376035,0.08278288668553352,0.0547449952190219,0.05550867230135106,2.24095785208e-05,1.797707518395e-05,0.9,0.9,1.0,13,0.5990775734207794,0.9735409164195596
7,7,0.5432532435900724,0.5885976133399276,0.4109762971720861,0.08972200535826819,0.14494316990776107,0.06781456416908474,2.5125420448629997e-05,4.354163539481e-05,0.9,0.9,1.0,14,0.6176414792128768,1.0082976060649371
7,8,0.522090278377435,0.5735155199006179,0.4125658707454262,0.08541911408155851,0.1314167885462731,0.06274027696649587,1.9694833759990002e-05,2.4535063563600003e-05,0.9,0.9,1.0,15,0.5936698702207608,0.9772701435490432
7,9,0.5205135337534347,0.5708264240270897,0.4097622139604307,0.09560621959970225,0.10210682826461787,0.07038690996413312,2.3594144468239998e-05,4.4493759740249996e-05,0.9,0.9,1.0,16,0.5827556026210848,0.8750189100821634
7,10,0.48025104389321954,0.516132808824136,0.33763589344531103,0.08921430002682483,0.2422167297365117,0.06879706961610599,2.5460900857650003e-05,3.29361734721e-05,0.9,0.9,1.0,17,0.5698556836127652,0.983766534010574
7,11,0.47674826497895056,0.5205216498212731,0.35887054522388373,0.09989074606246567,0.07124428310781475,0.06913187318916834,2.5095719965910003e-05,3.222811967223e-05,0.9,0.9,1.0,19,0.57049638455335,0.9601739408554856
7,12,0.4624141650128557,0.4949031994587738,0.31613723550587347,0.0963212954684714,0.13617106659414208,0.07022457053748841,3.573692033932e-05,4.3433608784750004e-05,0.9,0.9,1.0,20,0.5771033010064202,0.8794503629382127
7,13,0.4016597425532004,0.43175044688515735,0.2691008025607749,0.09225754805134204,0.14605808421627756,0.06338458759982599,4.629472690113e-05,5.220342290884e-05,0.9,0.9,1.0,23,0.6392432062894697,0.790748886823722
7,14,0.39660179342976665,0.42513263934091533,0.26241718589595886,0.09652465287199735,0.06589188916736208,0.0621680685206348,4.019203348853e-05,4.099532301286e-05,0.9,0.9,1.0,25,0.6209494999340351,0.9270687864549124
7,15,0.3768195910449336,0.4005944561946112,0.237596346703298,0.09849863215094744,0.1028704700592666,0.06118232826288432,4.494413976574e-05,5.489436047582e-05,0.9,0.9,1.0,27,0.6734690926763099,0.9343576806414702
7,16,0.37546599878501824,0.41564695366930093,0.2864078129540798,0.11766827983396108,0.058587100906054325,0.06254605837825611,4.9624279307449996e-05,5.6649180435259994e-05,0.9,0.9,1.0,33,0.6296666945246646,0.9884841038693614
7,17,0.3482121283213958,0.3733390628608678,0.2268418298402041,0.12553311685077603,0.09312721101860941,0.058138185818364066,0.00016020904341715,0.00023846696209246,0.9,0.9,1.0,36,0.6198855911165683,0.890833113188776
7,18,0.34803767190814544,0.3816566890330392,0.2520557901409222,0.13171838071660819,0.053160624357887626,0.058138185818364066,0.00016020904341715,0.00023846696209246,0.9,0.9,1.0,38,0.6142364771763145,0.8595981531800047
7,19,0.34237874440763644,0.38137076520538693,0.26850251406735165,0.1817336164145693,0.06403218668658753,0.06342588119682396,0.00020950016071445,0.0005256666516403,0.9,0.9,1.0,47,0.6109197460498245,0.934930637268966
7,20,0.3452259293714693,0.38397051602364396,0.27108945437675563,0.19911054787515486,0.06363213724720486,0.06583422817483668,0.00082102654967325,0.00148005029473387,0.9,0.9,1.0,49,0.5791459303950861,0.88251977391311
7,21,0.336326228068163,0.38116858203099174,0.2850616394360963,0.19672580285134553,0.10260941572728287,0.06658811019490525,0.0001886384101249,0.00045728094583687005,0.9,0.9,1.0,50,0.5634057321511818,0.8395756727841708
7,22,0.3355271470226432,0.3933192371648144,0.33080539402536757,0.26438182999159177,0.08140820630925726,0.07971687998269404,0.00046982363847449,0.0005999803113906699,0.9,0.9,1.0,58,0.5342435618418896,7.955703433081427
7,23,0.33121334087143445,0.3875047667954778,0.32491833531189596,0.2747791190592656,0.08528425758658666,0.0799709768163478,0.00044623059085487006,0.00065653237948613,0.9,0.9,1.0,60,0.5456470498550537,7.9403142009238366
7,24,0.32289518722657773,0.37056016903950223,0.29107082634575326,0.27432302041564455,0.06632046145211717,0.07101773546563468,0.00037949232408523,0.0007088290569228701,0.9,0.9,1.0,61,0.5525731284802783,1.6570660587671933
7,25,0.3257955058000891,0.3801880300762007,0.31751096133233664,0.2889088753276785,0.10253824201505737,0.0802200363317678,0.00038467177635216,0.00075897254441935,0.9,0.9,1.0,62,0.53474651027939,7.981804379577929
7,26,0.3166153082655192,0.35843842665031656,0.27867463977298823,0.2896080445649873,0.13928841935901592,0.0830564757172724,0.00036883443275133,0.0007524038887528199,0.9,0.9,1.0,63,0.5544053773489966,7.990870652823171
7,27,2.1422841259419787,2.182106643637418,2.1022513313530053,2.1351098667482793,1.9174793769220102,1.0,0.0079661527300095,1.0,0.9,0.9,1.0,66,0.6309969703319063,0.9595318610218626
7,28,2.1419444325334904,2.1816454147046933,2.101784561155003,2.1388227675326856,1.9090315354447622,1.0,0.00796667535280773,1.0,0.9,0.9,1.0,67,0.6311184574925682,0.960282554422126
7,29,2.1380646560449392,2.1849229100926184,2.121898578790943,2.149650407101827,1.9176545046810336,1.0,0.00792146280974935,1.0,0.9,0.9,1.0,69,0.5956503959721711,0.960081860440868
7,30,2.1367886445914746,2.183219387798604,2.120175515079821,2.1415272712509346,1.9137131232147317,1.0,0.00784805499129088,1.0,0.9,0.9,1.0,70,0.6014901568979354,0.970923329020727
7,31,2.129784165648796,2.1735182219912987,2.11035522577399,2.1714982374360567,1.9475168304638457,1.0,0.008156543103921821,1.0,0.9,0.9,1.0,71,0.6014320207682963,0.960504154325356
7,32,0.27126067426655265,0.33164229439714976,0.3022579505953413,0.3018516364884514,0.05645732210348479,0.05267772759591509,0.00068337350157501,0.00196092134868128,0.9,0.9,1.0,72,0.6004059996755258,1.18189637105292
7,33,0.27393483771611277,0.3333406014920405,0.3039135946776809,0.3341684480709004,0.06271788911332772,0.05585400288818004,0.0014522449471818,0.0036827902306226104,0.9,0.9,1.0,74,0.6088139941623147,1.1578747700707543
7,34,0.27565705357062237,0.334486163037179,0.3050340789876746,0.3373793624413188,0.06248323670388503,0.0610752622864866,0.00094992847710666,0.0026815004900789903,0.9,0.9,1.0,76,0.604878225595189,1.20144151859302
7,35,0.272194832793647,0.3303590965836406,0.3008781665968145,0.3392502982196435,0.06651966511642658,0.05905648887501898,0.00093036337785084,0.0028019757703060403,0.9,0.9,1.0,77,0.6034370747314844,1.2014043337627671
7,36,2.116517437613833,2.180921887582181,2.1682410185814955,2.208259928045294,1.9404308834567838,1.0,0.00787041137101678,1.0,0.9,0.9,1.0,78,0.6342038862899725,0.966388931072289
7,37,0.27308241444742426,0.337332376591338,0.3246442383470764,0.3612283795525277,0.0649555083017164,0.06694802657374349,0.00114921434662165,0.00281716197661107,0.9,0.9,1.0,81,0.6297099656493488,0.7966029217082631
7,38,0.32668896842516354,0.3846150441373911,0.37166306647638114,0.41943635123661127,0.22255602990225384,0.14331795621796697,0.00083974984114782,0.0037535335205335398,0.9,0.9,1.0,82,0.6056610512668589,0.8854236885067596
7,39,0.32913204023740383,0.3752315746741573,0.34524581757176387,0.43615110092706416,0.18963720064145684,0.15357834455545555,0.0009598108936964301,0.004864044430411199,0.9,0.9,1.0,83,0.6515930367662125,0.8476502247250416
7,40,0.32913203890764586,0.38377418425815857,0.3706873464427087,0.4482754359638557,0.14394858717370043,0.15357834403656517,0.0009598109067412401,0.00486404439571292,0.9,0.9,1.0,85,0.6515930378853,0.8476502174674614
7,41,0.326374785846134,0.38040385703014046,0.3672923656257965,0.458583775149184,0.1509085214814761,0.15178129375102684,0.0009885711785614201,0.00514236006766397,0.9,0.9,1.0,86,0.6515059061328383,0.8505835670504294
7,42,0.24297118198695555,0.3118694252263809,0.3324683052858267,0.42006409518935095,0.06925174559250584,0.06746698866258972,0.0011708260254057802,0.00257581997192788,0.9,0.9,1.0,92,0.6107558199179803,0.7423583520332797
7,43,0.2411297360644723,0.30924998306685586,0.3298179189720511,0.4399539002097433,0.06693317677849876,0.06746648744779651,0.0011708253266329099,0.00254740315231701,0.9,0.9,1.0,96,0.6106977348497141,0.7423757616514005
7,44,0.2405700601793634,0.3169893771484497,0.35444668316529365,0.4566256386327015,0.065935785788502,0.06746648744779651,0.0011708253266329099,0.00254740315231701,0.9,0.9,1.0,98,0.6186218011637377,0.7766772521750523
7,45,0.22922690040965585,0.29841548237854326,0.3355913141760731,0.4793140359350487,0.08832815765453954,0.07079809047075392,0.0017928950732592499,0.00398793682220661,0.9,0.9,1.0,103,0.6018808093962443,2.010106952256596
7,46,0.21466043356531675,0.28671226504487046,0.3405726672640139,0.4956668560217862,0.08525945796877073,0.06812931523932944,0.0017969838308091,0.0040947204232399895,0.9,0.9,1.0,107,0.598345439482615,2.3742846880043205
7,47,0.21295122491378352,0.291349574808374,0.36202746522704254,0.510528281989317,0.0836762711185091,0.07160168482054355,0.00174623989722027,0.0039282988229611395,0.9,0.9,1.0,109,0.6010714984679738,2.078775478537989
7,48,0.21456495189671398,0.35239414239097916,0.5413508300312236,0.6949986364351975,0.0724330273483241,0.07516688288193145,0.0020880407786311303,0.00277930585171483,0.9,0.9,1.0,141,0.6001009424424237,1.5013356443228612
7,49,0.21161388182774937,0.365596885544527,0.5883170892130859,0.7250484604596437,0.07418997037546361,0.07412352093909672,0.0019163417965702301,0.00286094886077976,0.9,0.9,1.0,145,0.6035830607567249,1.508449097161736
7,50,0.21123687801280536,0.36454729461442337,0.5872428991664882,0.7301576605742002,0.07509400879668027,0.0751671242382661,0.0020604993774538502,0.00280998301706412,0.9,0.9,1.0,148,0.6103784983851954,1.4977441807254084
7,51,0.21113058052305478,0.3643521934821272,0.5870444652345567,0.7442810794287799,0.07348971681114211,0.07516712447304934,0.0020422418905291,0.00290348397191317,0.9,0.9,1.0,149,0.6023772919400189,1.4974036797888062
7,52,0.21086525484042898,0.36407085099165565,0.5867626007504838,0.748455666606463,0.07235588229398718,0.07470044354669154,0.0020439153059673,0.00308965979809002,0.9,0.9,1.0,150,0.6093508138569944,1.4970072391691596
7,53,0.20797391980395288,0.3683187739301167,0.6078581199417283,0.7655014980918587,0.0894546183448736,0.07489371889834208,0.00193515382963193,0.00301002839433166,0.9,0.9,1.0,151,0.5994602411630522,1.4971279516653475
7,54,0.20082198755378075,0.3767884244186013,0.6500724531901686,0.8460449437674004,0.06890623108756729,0.06924445104925037,0.00170767024524936,0.00413680850168811,0.9,0.9,1.0,170,0.6368716251621824,1.329820496942964
8,0,0.8702570804550549,0.8910978849427639,0.6842236592810961,0.0373829888313267,0.0,0.0,0.0,0.0,0.9,0.9,1.0,1,0.745810241344115,1.13623854805464
8,1,0.7417806396971426,0.7860683374988571,0.594112102439643,0.07796147884810885,0.21956122933050698,0.05814757587456326,5.505488814755117e-06,5.659883457650658e-06,0.9,0.9,1.0,5,0.5639537083078034,1.068258379669846
8,2,0.6594763233731514,0.704355968460102,0.5115361133930486,0.06402840479367093,0.18880717621750556,0.047740833254295664,5.40227190602062e-06,6.506060406745643e-06,0.9,0.9,1.0,7,0.630547456668749,1.057197362734669
8,3,0.6905502038826467,0.7441120170199671,0.5680897313327244,0.11533233800561545,0.09445565110911242,0.09174480913720644,1.6829192293670002e-05,8.064945724889e-05,0.9,0.9,1.0,10,0.6420195827145583,0.8997934645978198
8,4,0.6253522314470777,0.6779556232378187,0.5016422985240999,0.0771108247747508,0.1381388221232044,0.04541888491406456,1.081668081797e-05,1.250504910108e-05,0.9,0.9,1.0,11,0.5438717276020237,1.0009175581466858
8,5,0.6316567277835694,0.691259129073921,0.5314510736044835,0.12513081993725955,0.21149268843271166,0.08725158805275726,2.102298823108e-05,8.496086302039999e-05,0.9,0.9,1.0,12,0.5677483980736574,0.907661001927721
8,6,0.5939082994472688,0.653329322778432,0.4934868654814121,0.10353303235306961,0.045504709298162124,0.04840127153944462,8.487038313376792e-06,1.193284697276e-05,0.9,0.9,1.0,18,0.5559926576098795,0.8775147867327092
8,7,0.5449957464134306,0.5919117279804157,0.41453512735926984,0.09116898690046996,0.2584273900541903,0.048770404433142914,1.049475966535e-05,1.2266091939239998e-05,0.9,0.9,1.0,19,0.5696582209039048,0.8295626182942228
8,8,0.5249691056918712,0.5697353672839587,0.3920939226934551,0.09093409031325259,0.08862918602424599,0.04877884010983707,1.0746338680149999e-05,8.684024238053471e-06,0.9,0.9,1.0,21,0.5877321823223828,0.8083590937813784
8,9,0.5224817308378024,0.5669446201785276,0.38926866759715745,0.09892089355632876,0.05567600619130786,0.04888953042698698,1.18805933022e-05,1.028015549207e-05,0.9,0.9,1.0,22,0.5967082042577643,0.8266678578815853
8,10,0.5235841953122357,0.5680371554125663,0.39035990222965283,0.09710472015243747,0.04561251886514123,0.050170394199854675,1.590382580812e-05,4.4961597876710005e-05,0.9,0.9,1.0,23,0.5968013607314232,4.004098388484636
8,11,0.5360241292646849,0.5782120561346847,0.40029145775595987,0.13542255850369248,0.15796655833796397,0.08230878662730043,9.223491606153e-05,0.0016148973919860002,0.9,0.9,1.0,24,0.5348598688823397,0.8657080264511418
8,12,0.5336901237635613,0.5843178258420159,0.42328563251482,0.14561042819679507,0.07600464761645412,0.0806823105296998,9.016323204738e-05,0.00152700085066582,0.9,0.9,1.0,26,0.5424663199853842,0.8700570098341277
8,13,1.0184718524984453,1.0633842196820167,0.9018271736042984,0.6591838622187046,0.7745220495958395,0.5287594040800107,0.00014071000311114,0.12124970586281333,0.9,0.9,1.0,27,0.5412385476998569,0.7621569010941173
8,14,0.5457295939607133,0.590557314115064,0.4289927789482994,0.19900991615688685,0.12588744237654345,0.13152266462299558,8.369795985905e-05,0.00660555650130831,0.9,0.9,1.0,30,0.5645447465353266,0.7394330194157344
8,15,0.9863597987634168,1.0392830705866516,0.8945805279375214,0.6530689386218321,0.5807763132711814,0.5036421559576721,0.00014560627195939001,0.11491734249287304,0.9,0.9,1.0,31,0.5456008766620785,0.7691547026515927
8,16,0.9475991580651895,1.0089614545341992,0.8811492885630936,0.6239972767688704,0.5316167114864228,0.47587960543966823,0.00014262646531822,0.10175667172909739,0.9,0.9,1.0,33,0.5455295081867244,0.7682432760028987
8,17,0.9851410403138432,1.0549232669553128,0.9439998568541009,0.6750682985187046,0.5701368237869878,0.5037566477702514,0.00014379004636165,0.11492833111324244,0.9,0.9,1.0,35,0.5465432958336535,0.7586716189302066
8,18,0.4848823998155228,0.5545400284519449,0.4436059132227849,0.16728625291821772,0.07018666102671904,0.07609049722483213,0.00011886279714633,0.00037169082806806,0.9,0.9,1.0,38,0.4737127009330824,0.8180284746786133
8,19,0.4761611024061653,0.553393861833327,0.45927685296072857,0.1729068961141428,0.0799592682859693,0.07295188920420202,0.00011211792613039001,0.00034171942251405,0.9,0.9,1.0,40,0.4761475100972991,0.8152638305229253
8,20,0.4348286858928795,0.5097137284695317,0.4154181051343161,0.17045250250445476,0.05741956966724888,0.04117711263650273,0.00014760811012967998,0.00019215341969909002,0.9,0.9,1.0,43,0.5216886021412469,0.7875772297648905
8,21,0.5001927496931797,0.6000075545825935,0.5563562805805884,0.2627830262168456,0.1123591056470881,0.11765086172814818,0.00012731243398926,0.00044778566251179995,0.9,0.9,1.0,46,0.5042004433524913,0.8505758756371438
8,22,0.4932590001897016,0.6077965973832373,0.5977712576186799,0.2695126829822586,0.16954088613527163,0.12299881787820266,0.00022564939353059,0.00063796484075259,0.9,0.9,1.0,47,0.5201350284325997,0.9367496723874404
8,23,0.6122981576013502,0.7137877381039804,0.6865559734323808,0.42025613492384817,0.3037439565868825,0.2616000614291216,0.00014098032795236,0.016261850308448948,0.9,0.9,1.0,49,0.5087230825740303,0.9914996469742064
8,24,0.7135653176768953,0.8188540295684781,0.8082203948469947,0.5564794387469904,0.4243513454897761,0.3521343795900626,0.00023154090639181,0.05641873083622895,0.9,0.9,1.0,51,0.5397455542421754,1.086138729186114
8,25,0.4336226351965195,0.5330284647249154,0.5220301147127713,0.29610903344529743,0.24306868593660064,0.12637662066995653,0.00031647082894319,0.00424803257651402,0.9,0.9,1.0,52,0.5336252437199895,1.2076466375528463
8,26,0.48089018626131114,0.5700982844585515,0.542126429314444,0.34408957170441085,0.19361571677487877,0.18267883998494705,0.00025336692931534,0.00548745381091022,0.9,0.9,1.0,53,0.5267500377221984,1.279252612024207
8,27,0.4401774993216047,0.5358493265650236,0.5246619744452821,0.317097009086547,0.1756231159183837,0.14713689402002555,0.00026162449002551,0.0042736067519015,0.9,0.9,1.0,54,0.5273613395669439,1.0854245681155563
8,28,0.46287061473931124,0.5568934613042658,0.5456167942568492,0.3445485004638124,0.19550955343977952,0.17759707904094763,0.00024884146252244,0.00537552502441418,0.9,0.9,1.0,55,0.5251546465756932,1.2571118486518218
8,29,0.3396335172584057,0.4165534953917642,0.3714779750332247,0.24741903058066878,0.04245587322891996,0.0454420303464759,0.0006975853145592,0.00074352734131311,0.9,0.9,1.0,57,0.5683788185365627,0.7949527956180978
8,30,0.4296171349899034,0.5394152134079759,0.5618666352845018,0.3481787804698737,0.14444806562242485,0.14692394280365134,0.00025329122782641,0.00425798155633836,0.9,0.9,1.0,60,0.5335361578300186,1.0960244213781138
8,31,0.3302331264780174,0.4128076186437988,0.38447809423155893,0.26490010910634726,0.07140745699701256,0.046741989005501514,0.00041975344793214,0.00035216991441321,0.9,0.9,1.0,61,0.5303608869759573,0.792993391868737
8,32,0.31315090145061975,0.3903077801610754,0.3617037686971894,0.2660305868048702,0.13587781698254564,0.04657258178691643,0.00070300008823761,0.00074880969008091,0.9,0.9,1.0,62,0.5543717789816357,0.807374201711463
8,33,0.3091045615450456,0.3935258888790984,0.38175773337566227,0.28075223004385313,0.05034799741976356,0.046278791862223376,0.00080603117894448,0.0008749009340115301,0.9,0.9,1.0,65,0.5568460013990204,0.7789436075247166
8,34,0.29771943960984043,0.3796516552171725,0.36776206496186103,0.2794905122916329,0.08050783576784948,0.04239162949930359,0.00071706058958656,0.00074439237358951,0.9,0.9,1.0,66,0.539700286277226,0.8050216990241449
8,35,0.2997717342137301,0.3802337292183549,0.3682739598646815,0.29287691345961536,0.06974668935380958,0.04955829061472047,0.00071128457058043,0.00075940680971598,0.9,0.9,1.0,67,0.533860336555974,0.7902185930288224
8,36,0.2924452803695452,0.37069997155511486,0.3586363239770048,0.3063292905989385,0.05393739432004879,0.048634144842659585,0.00071002484319838,0.0007606724293731201,0.9,0.9,1.0,71,0.5240965571179305,0.7926720531057413
8,37,0.2838660229622128,0.3503106419391092,0.3211968664485363,0.3131264063964456,0.07195386548404104,0.04919161505446219,0.0007937871258984,0.00101050227678232,0.9,0.9,1.0,73,0.5215055695882367,0.8423385816469807
8,38,0.30060793212814596,0.39478454941476077,0.43297945429778345,0.35553565676761223,0.10433228824393911,0.08815940145218397,0.00027090759050858997,0.0007432939102915,0.9,0.9,1.0,77,0.5667999950609743,0.8807244617364403
8,39,0.3182614489950772,0.4202250525341224,0.47528590307536617,0.4270411341908729,0.1011083236138756,0.1097970201090727,0.00031002826353202,0.0008968426230524,0.9,0.9,1.0,87,0.5480587409471595,0.9467589185963352
8,40,0.3572803453156372,0.46472592788303174,0.53655387294567,0.48433784910836714,0.19152863324686986,0.15833841105897314,0.00030612806968517,0.00421877968478174,0.9,0.9,1.0,88,0.5724247702273197,1.277017117705637
8,41,0.2829614244827963,0.36957367823066123,0.4074453626266314,0.3977391429345579,0.1356589647643221,0.09030657294749056,0.00026865928685272997,0.0006761844013427199,0.9,0.9,1.0,89,0.5706821199904369,0.9698618622290412
8,42,0.3397449718811294,0.4379924203814305,0.5094374678377778,0.4895141641316648,0.2281634160456254,0.1634584338514373,0.00031776025369458004,0.00493311515391545,0.9,0.9,1.0,90,0.5640949006183086,1.2067556307222176
8,43,0.306210738922751,0.3811724112648799,0.43514222616468756,0.4827098883987918,0.34689059743806117,0.1635931244498597,0.00027584161676207,0.00484130522092147,0.9,0.9,1.0,91,0.5633361115381248,1.2229759320073574
8,44,0.3033713424972639,0.39422208567063816,0.48194469649090205,0.5105845526003493,0.15510169379742275,0.16331759403368268,0.00029591693464593,0.00480799474380367,0.9,0.9,1.0,96,0.5569992588148993,1.2500602929090614
8,45,0.30120907940550196,0.3910867311090493,0.47877286740426556,0.5100724766239785,0.16429110232124033,0.16332969598175176,0.00022520060656904998,0.004779751633332,0.9,0.9,1.0,97,0.5594665415724216,1.2289501331043873
8,46,0.2955145525491977,0.37410087707189466,0.4447858495721084,0.525580382783292,0.1635981828835857,0.16324993649072753,0.00030884438102191,0.00489282807385401,0.9,0.9,1.0,100,0.5518428170365498,1.268389276036729
8,47,0.2165145464960723,0.2887850173871881,0.35923971655217074,0.46925342612736315,0.12498078263440629,0.09452730488685393,0.00029659927901284,0.00073796142149071,0.9,0.9,1.0,102,0.5342564161785508,0.9645379130085884
8,48,0.28061847961330416,0.3606580009844222,0.4479838141106524,0.5594089362116249,0.153306921071189,0.1629218520759344,0.00032881325126386,0.00481516654602831,0.9,0.9,1.0,108,0.5431456389886077,1.26175852285083
8,49,0.27741375085672754,0.36429598357727916,0.46845981417610494,0.592623284157042,0.15535815062444405,0.1630661079518415,0.00032577527822635996,0.0048803841619369705,0.9,0.9,1.0,114,0.5449861953761128,1.2725344720446936
8,50,0.27495095553433035,0.360656558784238,0.464778461045608,0.613480718341067,0.15887310193703494,0.1629240327448771,0.00032130171019470997,0.0048808293758653195,0.9,0.9,1.0,116,0.5438854928643979,1.2672482809451746
9,0,0.8659467707244898,0.8873443296496456,0.6804252658451819,0.036853640074542074,0.0,0.0,0.0,0.0,0.9,0.9,1.0,1,0.7594169635172104,1.1676272072219671
9,1,0.8659305141148657,0.8958728619360081,0.7058526612872481,0.046546491499843044,1.8476239782253187e-05,0.0,0.0,0.0,0.9,0.9,1.0,4,0.7603723915566143,1.1694436357767883
9,2,0.8038230234147671,0.8347064094751913,0.6268212534934255,0.06207560460029501,0.35445249705598136,0.031400376804251666,7.470763074431854e-06,1.622572336729e-05,0.9,0.9,1.0,5,0.7239370837080851,1.048464110279316
9,3,0.7787080272572868,0.8114559084530851,0.6032918984625358,0.0677971450882459,0.12249641528864604,0.03150621355987672,6.885776539489049e-06,1.718394109039e-05,0.9,0.9,1.0,6,0.7211154555470013,1.031777530146898
9,4,0.713385876205992,0.7580669404495369,0.5659470939154081,0.07392944479263996,0.326774516529869,0.04226089042836884,5.68995990837033e-06,1.048973464893e-05,0.9,0.9,1.0,7,0.7386413113412522,1.1176124560042526
9,5,0.7078704135465412,0.7611929924235072,0.5859074732898505,0.08817497304403689,0.04530891513036723,0.04226089157045091,5.68995993246518e-06,1.048973477461e-05,0.9,0.9,1.0,10,0.7271243799760115,1.0887968709858336
9,6,0.6867831101728132,0.7319012510977394,0.5394125411543993,0.09381631983532715,0.14574333867725914,0.04745265005780787,3.909323260563e-05,3.924775058895e-05,0.9,0.9,1.0,11,0.7034897461715036,1.2152968511347146
9,7,0.663426577800882,0.6998212775428171,0.4900487926978477,0.10664068364700818,0.11661477324900464,0.05718101248086623,7.846207974050358e-06,1.2092609706680001e-05,0.9,0.9,1.0,13,0.6266672491656328,1.096705797691598
9,8,0.6309136761802322,0.6749434838036769,0.481677463293205,0.09567679748167496,0.18358655017377293,0.05655266791690915,1.326374290782e-05,2.030736603275e-05,0.9,0.9,1.0,14,0.6486192662428905,1.090604419907404
9,9,0.5927141628475322,0.6345078224618519,0.44075883940763294,0.09864885018223504,0.21340704978991767,0.05657468867988171,1.2678756372870001e-05,2.126558375585e-05,0.9,0.9,1.0,15,0.6249941099847707,1.0224190149116463
9,10,0.569071793221958,0.6005647562637157,0.3896225062540957,0.10020704260344493,0.14962655708252423,0.055702022346089716,3.484328896832e-05,4.428815693518e-05,0.9,0.9,1.0,16,0.6203795863311558,1.2021723308924492
9,11,0.548293833745238,0.5778313326866996,0.3666186232527474,0.09612799122491375,0.1413308781349667,0.05559371312857828,3.724889606409e-05,5.082057936288e-05,0.9,0.9,1.0,17,0.594696232015225,1.1469673893485868
9,12,0.5485359905578939,0.578070523424939,0.36685739407523915,0.11377727513987777,0.050537397006171915,0.05564228888747351,0.000160156888295,0.00017113111035272,0.9,0.9,1.0,18,0.6561779114064288,1.1455195097473618
9,13,0.5203530429117021,0.5552132434556818,0.36052122687931426,0.10862387734804972,0.1782805104077106,0.056172255430086915,4.070600158474e-05,6.089638513789e-05,0.9,0.9,1.0,19,0.5877042834024364,1.054092069110587
9,14,0.4944984632797215,0.5346163518947151,0.35649302178603354,0.11278154040276475,0.07704950813699274,0.05453858896801635,4.153087332699e-05,5.067641328919e-05,0.9,0.9,1.0,23,0.6039784598119772,1.2530601612521837
9,15,0.4943996039422757,0.534474126150427,0.3563466530155078,0.12246992207821951,0.050742822021691454,0.05475860579151844,4.130658784173e-05,5.111128482833e-05,0.9,0.9,1.0,24,0.6017864061119755,1.2531892758003271
9,16,0.4782519438090194,0.5155280139799188,0.33714865813258255,0.12413982275959302,0.13658019963848736,0.05660683176239016,0.00020760499531455,0.0003874918886176,0.9,0.9,1.0,25,0.6367968691548526,1.1107762657847904
9,17,0.4559472256395425,0.48947823992184164,0.31079258953141664,0.13915311448646997,0.1544989960158494,0.05615118500750484,0.00020735900389927,0.00039566470663715,0.9,0.9,1.0,26,0.6136694837177102,1.0555287836094174
9,18,0.4545119553093492,0.48767301337463154,0.30895877330629906,0.14609303627956124,0.06140738504083149,0.05682231380869227,0.00020625894461566001,0.00039158557363695,0.9,0.9,1.0,27,0.6227387037602286,1.0276599847227303
9,19,0.4444669005432996,0.4672770358646014,0.27152674187040593,0.14744781639058213,0.07450809872785097,0.05640571782110267,0.00020904306106736,0.00039786280135597997,0.9,0.9,1.0,29,0.613296756452478,1.064067789300052
9,20,0.4390593239170124,0.46918354864411616,0.29024199572989345,0.15413096130139486,0.062414406788473285,0.05736789620375683,0.00024310570689880002,0.00041683882823402997,0.9,0.9,1.0,32,0.6320073864548729,1.0598081709317686
9,21,0.4380641703983871,0.4595402637762535,0.26369209252816733,0.16662655982849123,0.054363942613586486,0.056806834469358636,0.00025207957393001,0.00044915055455150004,0.9,0.9,1.0,33,0.646849405461762,1.093365321698993
9,22,0.4070077027614921,0.43103048954939654,0.25167069256833113,0.15927724193873966,0.18780307336479138,0.05387612087884665,0.00024912606793824,0.00043144803913734,0.9,0.9,1.0,34,0.6572101386730231,1.0575693114484923
9,23,0.40156884747224697,0.42464650917117197,0.24522568277844128,0.1639667729965257,0.06849337182823248,0.05240073000781801,0.00027567068959984,0.00046531598000901,0.9,0.9,1.0,35,0.6602091432101608,1.090077389409022
9,24,0.3936843196177237,0.4232967553332656,0.2606481175752594,0.19045245063260285,0.0547109006914711,0.05385605121506807,4.799062515051e-05,8.403038696479e-05,0.9,0.9,1.0,42,0.57314442658804,0.8755737395300262
9,25,0.3902473558403841,0.4185185471950125,0.25578713215635845,0.20226432264567037,0.0786602285216048,0.056245425615976084,5.0636142227809995e-05,7.771162185778e-05,0.9,0.9,1.0,43,0.567480172365585,0.8820615768284789
9,26,0.37966338867367516,0.40505486124733175,0.2421510988636165,0.25146996545095807,0.06338470190299099,0.056683598698866265,0.00021114739474888998,0.00052736223996061,0.9,0.9,1.0,48,0.5824342077717847,1.0359383443378525
9,27,0.3717358275569901,0.39465016399170544,0.23160291820081064,0.24799075251880404,0.10179559308383151,0.05716410937882529,0.00048599411876699,0.00146058133312759,0.9,0.9,1.0,49,0.6292630455091979,1.0661548759759685
9,28,0.36553193849173726,0.3960068821873518,0.24980205244485046,0.2654137539187092,0.05408077642157595,0.056020672728374535,0.00023814158048811,0.00025776845673076,0.9,0.9,1.0,55,0.6662663249455962,1.0175469394786911
9,29,0.3594524421791734,0.3881529299842469,0.24184876180852413,0.2682559704384204,0.08493055655965831,0.056645214551945246,0.00022539580747165,0.00017499717662349,0.9,0.9,1.0,56,0.650646231078829,1.011636314175494
9,30,0.3490398787579466,0.3669348868140079,0.20360900514306332,0.3056882384681726,0.053094943787967364,0.0530391601811396,0.00035307925810766996,0.0009074042541908601,0.9,0.9,1.0,66,0.6378850509030719,1.0132141217747508
9,31,0.33969742591560037,0.3549961310220839,0.19153177568296637,0.3003045067147396,0.07202152883403867,0.05347637518436131,0.00019867271703212,0.00031734622389376,0.9,0.9,1.0,68,0.6189994869152768,1.0610012662813268
9,32,0.3260522196342966,0.33737577854277284,0.17370596640379865,0.31396474280479403,0.11755525422123364,0.05299615517223597,0.00019619997903856998,0.00033056316724213,0.9,0.9,1.0,69,0.6440475341252507,1.056145743467403
9,33,0.3257091894443078,0.3614462636319761,0.24841176955908928,0.4133118239070247,0.05318401253507649,0.05691122660130952,0.00034065932941967,0.00027080709487664,0.9,0.9,1.0,84,0.596052606572094,1.0998318171663286
9,34,0.30663629944657,0.34510298152313423,0.24868323841467999,0.40899627215536083,0.14648013953789163,0.05556889067286012,0.00039726335823126,0.00031893547433295996,0.9,0.9,1.0,85,0.6096063338314671,1.0682882706769137
9,35,0.30826196982312887,0.3548902738367277,0.2753513231788699,0.4517580189492652,0.05432693731289898,0.058368724893717916,0.00043174771397895003,0.00053208925646649,0.9,0.9,1.0,92,0.6022436118011767,1.0733169724936458
9,36,0.3024180319878351,0.355888255477929,0.29316770567897876,0.46338643452980594,0.06624929437476798,0.05749304611448588,0.00042337711538717996,0.00052792972155823,0.9,0.9,1.0,94,0.6031919295496819,1.0592309624112834
9,37,0.2980092561251299,0.3497632660098522,0.2869626071590608,0.4669547293671955,0.08031349340967812,0.05825690652050654,0.00041046102759731,0.00044271645060718997,0.9,0.9,1.0,95,0.6016307871254132,1.0788671763215691
9,38,0.2972232155644014,0.3402223079202362,0.2605127562511019,0.4687553950376751,0.05474963948064897,0.05806189044254455,0.00038902786943717,0.00046871941663099005,0.9,0.9,1.0,97,0.6167052676199699,1.0482763590257032
9,39,0.29299406834478364,0.35089969090762274,0.3048800858757552,0.6328939939782263,0.05690529309874479,0.06129763473291093,0.0002925579075835,0.0002698252012257,0.9,0.9,1.0,128,0.598639257997599,1.19623101471636
9,40,0.2812966122186131,0.35213736918048844,0.3397289829794098,0.687094768769941,0.06180429345048878,0.06114286111953998,0.00022730769121104,0.00026229099234961,0.9,0.9,1.0,138,0.5883320611852201,1.1790083141709105
9,41,0.27492652646724697,0.33475287697876904,0.30533666582377444,0.6872921469125333,0.06495655618048304,0.06144315395795793,0.00025554129685596003,0.00023801693613272997,0.9,0.9,1.0,142,0.577884795461015,1.0639551337120872
9,42,0.26144546241499883,0.3079148593677538,0.2613850581371618,0.709330530856946,0.09219314645697112,0.060910266401975235,0.00031241954514367,0.00034652763957937,0.9,0.9,1.0,144,0.586003522808272,1.0884585910975706
9,43,0.2554320725546829,0.2994986258174971,0.2528699884299884,0.7080297854490287,0.08845043300568069,0.06083992271719868,0.00030393595161996,0.00028679874021444,0.9,0.9,1.0,145,0.5887159420902245,1.10787253823108
9,44,0.23044831854780962,0.28026329163980734,0.26698534497404464,0.7276501965952831,0.13106657010803163,0.06195309135621262,0.00035882461239176,0.00036399345222692004,0.9,0.9,1.0,147,0.5443063371207119,0.9977673002420492
10,0,0.7896897654913465,0.8193731213322796,0.6116425282097028,0.02726777257055638,0.0,0.0,0.0,0.0,0.9,0.9,1.0,1,0.8817595585175261,1.146339513235203
10,1,0.6529120445637592,0.6974814096392596,0.5044786126449414,0.06273917028658767,0.23470790242094938,0.057123764906752014,6.527256787418422e-06,6.318269020963171e-06,0.9,0.9,1.0,5,0.701899264950232,1.081606517035385
10,2,0.6559225109991959,0.7003906170243978,0.5073417354032131,0.07221607886380405,0.07372548645695316,0.06463156289381404,7.924936185304437e-06,1.143495880782e-05,0.9,0.9,1.0,6,0.6844568344518248,1.0737049339404638
10,3,0.5786032787446769,0.6189994098228184,0.4250143991316698,0.07028197781637005,0.13424295567605307,0.06114063242984431,4.5924726222399995e-05,0.00014374927937418,0.9,0.9,1.0,10,0.6338864447781823,0.8652791752076422
10,4,0.5519055014378413,0.5991653686511961,0.42183488735412294,0.07049871872415679,0.08856497696891441,0.05248937289159805,1.754927886764e-05,4.839408709293e-05,0.9,0.9,1.0,12,0.6473479026582734,0.9284502656565888
10,5,0.5390367016074666,0.5848795822727665,0.4073664714390824,0.0824014612100736,0.10998592679272935,0.053627170086627506,1.439323447434e-05,3.85110963629e-05,0.9,0.9,1.0,13,0.6349849410175677,0.9393397134060142
10,6,0.524422657365205,0.5686822077102527,0.390983246505773,0.07957401429145469,0.11043405953998915,0.05290268525489089,1.818205842873e-05,5.562482732892001e-05,0.9,0.9,1.0,14,0.622125872905627,0.9154832017162274
10,7,0.4885796548928807,0.5274006896927944,0.3491560071927941,0.08833159387200612,0.14432225830519804,0.05785311393684953,1.770544498955e-05,3.780797006534e-05,0.9,0.9,1.0,16,0.6298175357467066,0.8975939616842119
10,8,0.42971927311185876,0.46789664398805647,0.3058186771633989,0.10528252663540599,0.12776827879166203,0.050323220116729725,2.786554531905e-05,7.966971559111e-05,0.9,0.9,1.0,19,0.63160569012834,0.9277445790993324
10,9,0.4328376375418797,0.47089995215963537,0.30881390213429655,0.1152339952966822,0.051851305510082726,0.054416458464596876,2.9944005918559998e-05,8.387595458209999e-05,0.9,0.9,1.0,20,0.6158301206112359,0.9236940840919086
10,10,0.4159363238533925,0.4521491236886145,0.28993153233544405,0.10852220312051901,0.0858259276774164,0.04584052958489776,2.4540167722669997e-05,6.690172927987e-05,0.9,0.9,1.0,21,0.6523525331407622,0.9654702082314884
10,11,0.4194428331019238,0.46397009205662787,0.3186369553380202,0.11751035960543085,0.05062485850358984,0.05079872641126558,3.079205230569e-05,8.82066166296e-05,0.9,0.9,1.0,22,0.6316759284833856,0.8708104531180364
10,12,0.41385006869235946,0.45652429474613165,0.31106552684179106,0.11349677937328184,0.07011438681455366,0.05427483533436328,2.252790913257e-05,4.1627535835859996e-05,0.9,0.9,1.0,24,0.6365571440033315,0.902983450060736
10,13,0.4110566881034571,0.45342680939632923,0.307947939298643,0.1385782485544642,0.050926200839553896,0.052240252739411484,0.00021973999464666,0.00029336695071143003,0.9,0.9,1.0,26,0.61572483184694,0.9078725632090568
10,14,0.40729180520619607,0.44772037586931795,0.30211444739392207,0.12529906120908949,0.09527019602738976,0.05781492888923432,0.0001868406854636,0.0002270211041323,0.9,0.9,1.0,27,0.615029777664067,0.8939649145185545
10,15,0.3989947035259013,0.4374068170188584,0.29167305297751717,0.13754728985073855,0.0744166311151821,0.05836655061932202,0.00012950928639398,0.00017919031972725002,0.9,0.9,1.0,29,0.6222644357656288,0.8719243680384838
10,16,0.38292551813323567,0.4176335080148817,0.2716742264865948,0.13328509573793162,0.12807388573381234,0.05741296538055124,0.00020372366490785003,8.344925129749e-05,0.9,0.9,1.0,30,0.6166163861228924,0.8723130031069257
10,17,0.3833387271939419,0.4177800993445674,0.2718050141346462,0.1319428593477325,0.056087652011332124,0.05900874412191139,0.00018889086909986,0.00013415106093289,0.9,0.9,1.0,32,0.6317929616182407,0.8870808630168806
10,18,0.37206052246377913,0.4128117473238454,0.2836053246877858,0.15774569693690535,0.061821836330751154,0.05624572431008623,0.00016688698589739,4.703457361255e-05,0.9,0.9,1.0,36,0.6194038381605484,0.8773674205928852
10,19,0.366811651817596,0.406611194621811,0.2773500208831527,0.17254543304469488,0.05843184540686957,0.054459546246168965,0.00015523204889651,4.268023905549e-05,0.9,0.9,1.0,38,0.6180378263475128,0.8825140165617369
10,20,0.36642516723727336,0.40605882137162,0.27678838769755143,0.17603258512738967,0.05253273379565923,0.054717845790945005,0.00014732691451616,4.079453599122e-05,0.9,0.9,1.0,39,0.6158998741807894,0.8778215684909242
10,21,0.36455214468997,0.4035663749790578,0.27426082895996434,0.17269417453373276,0.06173924024803111,0.05519730540422586,0.00016412207429597998,4.449785508598e-05,0.9,0.9,1.0,40,0.6119092485166416,0.8369264389733698
10,22,0.3451883789317568,0.40411720061889145,0.32519564593442346,0.2257167162965213,0.15646800181546455,0.05559811067978514,0.00051758537842721,0.00045978009455244,0.9,0.9,1.0,41,0.6361970084328412,0.9022080794634462
10,23,0.3257221358881663,0.38905473376792077,0.32681685182559367,0.21679495646726046,0.08173020101950583,0.049501041699542093,0.0005518610674508601,0.00034199534660305,0.9,0.9,1.0,43,0.6761922106396749,0.9133016588866538
10,24,0.3166206165747696,0.36772990909773196,0.2884083518718385,0.22984705622451673,0.11048092575687074,0.05287173887244754,0.00036681677266531,0.00017017782440285,0.9,0.9,1.0,44,0.6116784514028644,0.8699389391607056
10,25,0.30651607703900463,0.34545208853791814,0.24905481944775545,0.20648181871630109,0.10883837166729432,0.05160578312980272,0.0016815066639453101,0.00119207536512444,0.9,0.9,1.0,45,0.6918585380095421,0.8198338082538126
10,26,0.30077024753002357,0.3443458373659123,0.26466310725194103,0.23959974073012247,0.08608512639692394,0.06007273344841685,0.00071000976264673,0.00024741723202612,0.9,0.9,1.0,47,0.6117954331058444,0.8850537538846379
10,27,0.25219658964524583,0.27726373294084256,0.1967703807209001,0.23461568006405206,0.1470050090426899,0.060852810265226195,0.00053764647864596,0.00051501881048162,0.9,0.9,1.0,50,0.637652238251405,0.865919886130624
10,28,0.2518624518279544,0.2852703875717716,0.22166759374464384,0.2533285984057711,0.056870817811146585,0.06104138789847331,0.00053101953568839,0.00051502592973779,0.9,0.9,1.0,53,0.6413644084898716,0.8647432445626403
10,29,0.2491924230746897,0.28178202569940375,0.21814543303704165,0.25227218618171376,0.06668826309394747,0.05991094819269638,0.0005873910621043,0.00082348212542682,0.9,0.9,1.0,54,0.6261782219429253,0.8308519657585329
10,30,0.2469266504566879,0.28647931908690655,0.23967700787840332,0.2952512414821035,0.06048044974491406,0.06227055084718354,0.0005865554064711099,0.00027131286847126,0.9,0.9,1.0,60,0.6391989784697524,0.90945362433862
10,31,0.23760673955672473,0.2655056623714042,0.20167853016075424,0.2918757833794218,0.09745733913809479,0.06019111851208242,0.00059675997485372,0.0002455306286289,0.9,0.9,1.0,61,0.6277958161676266,0.8885007473568747
10,32,0.2350264248970018,0.3045795192316717,0.3252045491114751,0.37010469456280837,0.056299256870673234,0.05997826973739713,0.00066594789184483,0.00028740556190595,0.9,0.9,1.0,71,0.6819746560730142,0.89673664296922
10,33,0.23061277887987452,0.2984808066417407,0.3190389146713108,0.3725351210964403,0.07697996200838567,0.05947972423203777,0.0006497457643314601,0.00025961790121891,0.9,0.9,1.0,72,0.6784169975923493,0.8819459563274392
10,34,0.22670893852509091,0.3027078291054592,0.34014834459158955,0.4149173023096647,0.051949630745206116,0.05437405978381279,0.00142416834314762,0.0012238567561594,0.9,0.9,1.0,83,0.6751494789342191,0.8392017661220831
10,35,0.22824101783497322,0.3109818247619779,0.36525070102031515,0.4486958432538465,0.0689990614733848,0.061661644485943454,0.0010476362804022,0.00064796575420784,0.9,0.9,1.0,85,0.6345072043600565,0.8304230198193511
10,36,0.2308523529709818,0.32207496913525735,0.39324039457232846,0.510603507781864,0.0614671602964926,0.06457101152730439,0.00108958576299941,0.00074227190580261,0.9,0.9,1.0,95,0.6200813198188798,0.8540990285415053
10,37,0.22189706354974484,0.30321582833646865,0.3574290986808017,0.5159988519292834,0.054313175914944445,0.0583574088503403,0.0010504945250043199,0.00049940028730504,0.9,0.9,1.0,102,0.6750205091427444,0.8919545202168888
10,38,0.21725130294472855,0.295543952785808,0.3496404619238913,0.5551772857857467,0.06584850259270146,0.06065624994284263,0.00100979512146939,0.00058082379543667,0.9,0.9,1.0,106,0.6231895535361768,0.8618095784959712
10,39,0.21446118430754896,0.35950976073629315,0.5487368036513527,0.6487344847453863,0.058669198436869546,0.06155842316500507,0.00109808539432024,0.00038546594105843,0.9,0.9,1.0,117,0.6268540756298502,0.8547016730709786
10,40,0.21292433662718208,0.33967796113692317,0.4950615464165605,0.6638700480314977,0.06309790279970033,0.0624795752058224,0.00129327029364774,0.00047820135689919004,0.9,0.9,1.0,120,0.6539231147510206,0.8425262765346038
10,41,0.2054082028297302,0.3456968094926209,0.5347446199728053,0.6654714591609405,0.10282300966056776,0.062441418276283675,0.00128191282703276,0.00062477068187304,0.9,0.9,1.0,121,0.6452701900920543,0.8160389272930576
10,42,0.20529765403454855,0.34557737850080905,0.5346248551563059,0.6653753172774287,0.05793850716329487,0.06244140501082222,0.00128807397749753,0.00052691936967185,0.9,0.9,1.0,123,0.6452679659156069,0.8160686496668477
10,43,0.20463507399804112,0.39584704137953286,0.6862759269562292,0.7691534227687801,0.058244595220172495,0.062441556628010764,0.0013049743074021,0.00053422246363041,0.9,0.9,1.0,135,0.6452233731615057,0.8155004480533364
10,44,0.20436908218204553,0.40398068040946106,0.71130320399774,0.7695565901596649,0.05883990839345219,0.06244138584635278,0.001329463598477,0.00054863996883535,0.9,0.9,1.0,137,0.6447492703222395,0.8153181585234806
10,45,0.2014779666858609,0.3995926022018059,0.7068595739935541,0.8008802856298679,0.06444945544423136,0.06279550206553122,0.00129468322881775,0.00052143640148098,0.9,0.9,1.0,140,0.6310017662301127,0.811592740672197
11,0,0.8854365284256317,0.9042449743601776,0.6975276966458177,0.03923710427345608,0.0,0.0,0.0,0.0,0.9,0.9,1.0,1,0.7215666991554128,1.1548371388468552
11,1,0.885428595781807,0.9127805455403394,0.7229620509898194,0.04320676436976665,9.164558171458212e-06,0.0,0.0,0.0,0.9,0.9,1.0,4,0.7213467920208047,1.1539389108806144
11,2,0.6825746368368607,0.7275023274695613,0.5347223773646886,0.07672367504377714,1.0627752670941015,0.06972281779495196,1.016363144386e-05,1.55838103453e-05,0.9,0.9,1.0,5,0.6571013838840072,1.111247062496321
11,3,0.6961752530037671,0.7410681620054642,0.5482532826321672,0.10565947285294368,0.08222710599938801,0.08800984740372902,2.06275507395e-05,4.1853991256289996e-05,0.9,0.9,1.0,9,0.6213201909713946,1.0425329104588363
11,4,0.6818364780617212,0.7265387918756003,0.5336034094751504,0.1090185810351299,0.11551039911308714,0.08310107696290756,1.57842722434e-05,3.007411478547e-05,0.9,0.9,1.0,10,0.6204991360287967,1.0441108328183195
11,5,0.6604127217385111,0.7135050773095549,0.5373906530382528,0.09180196441132907,0.08612569478534504,0.06628916450909131,3.105049357463e-05,0.00010178173016052001,0.9,0.9,1.0,11,0.6824390029769171,0.9008188537178454
11,6,0.6576781706830845,0.7186327257310747,0.5591665290390849,0.10919139995794522,0.1619852211397565,0.08584920129549015,2.83150420275e-05,7.783718188292e-05,0.9,0.9,1.0,12,0.6720711026544239,1.4823373379818925
11,7,0.6242321826802332,0.6834935731787996,0.5236190845173327,0.10620743310215992,0.21432626016442655,0.08485182290228524,2.245734750859e-05,4.6710473854189995e-05,0.9,0.9,1.0,13,0.6573756304680188,1.5073907040151735
11,8,0.6202488922027528,0.6709558426240582,0.4941799808450719,0.10602859776322864,0.07304380752304489,0.08059219482766175,3.065550985215e-05,7.835503750417e-05,0.9,0.9,1.0,15,0.6771106892072765,1.6502899676877916
11,9,0.6185059539869502,0.6688974429395931,0.4920605422162718,0.11487655536219483,0.09630102411684842,0.08402336204480965,3.269414913202e-05,4.21318785276e-05,0.9,0.9,1.0,16,0.6636486462273727,1.3884952108295965
11,10,0.6225050258311055,0.6727280013890623,0.49585971107627924,0.13162401046079486,0.09275265424794958,0.09118548320869743,4.157076126762e-05,4.8210213058700003e-05,0.9,0.9,1.0,17,0.6646462110014811,1.428627734777129
11,11,0.6225577418577665,0.6811906077249431,0.5211970693997212,0.15674744879141586,0.08682158519686925,0.09333715806349871,2.6260660141590002e-05,7.163681162553e-05,0.9,0.9,1.0,20,0.6897769586390664,1.648158529639385
11,12,0.620955627277166,0.6793200284488486,0.5192788915617662,0.1498064551098134,0.1022846599686929,0.09559450726454438,5.099624130938e-05,0.0001335414195556,0.9,0.9,1.0,21,0.6506375761786019,1.4498976679948268
11,13,0.6115639004221273,0.6686868262312115,0.5084443017357392,0.14536998991326136,0.16045767406928996,0.10259242113038151,3.7087862425e-05,8.409500175411e-05,0.9,0.9,1.0,22,0.6358591991131599,1.588257819636372
11,14,0.5805622132948949,0.637671879962364,0.47742733925559355,0.1287806405156948,0.06228336638023345,0.06834581816184335,3.177088543421e-05,6.428873551171e-05,0.9,0.9,1.0,23,0.651683376217336,1.5319652882025871
11,15,0.6028393385479545,0.6599137728060691,0.49966389670646455,0.15140322553513616,0.08607429032334801,0.09352071370704396,3.499246306998e-05,8.906577821396e-05,0.9,0.9,1.0,24,0.6368332434170365,1.5210074321352436
11,16,0.561845882265509,0.6268463669282361,0.48340479156570687,0.13426520289917107,0.06554814566481475,0.05564999056102569,4.087676101832e-05,0.00014063970885352998,0.9,0.9,1.0,26,0.6263672398059182,1.8161539690717137
11,17,0.5664376644196223,0.6310504876267699,0.48755437591479855,0.18021954936811665,0.06365936752010899,0.06537296446410895,4.884858021428e-05,0.00016479722421668,0.9,0.9,1.0,30,0.6327806920725263,1.825650969070611
11,18,0.5505489835234267,0.6059078907161212,0.44541603805485175,0.1574904248767077,0.08327696133808545,0.0557438690958323,8.365265541172999e-05,0.00030821750767174997,0.9,0.9,1.0,31,0.6214145984108606,1.900969986032373
11,19,0.5578561492080754,0.6121848452971855,0.45156365639815027,0.18234416026312933,0.11131937945359255,0.07423652018053653,0.00012380548464483002,0.00074267731877008,0.9,0.9,1.0,32,0.6309901181153493,1.965418228681442
11,20,0.5641080769787292,0.6263239127658672,0.48252302251746476,0.21388888267449085,0.10640145733131252,0.08607563226229763,0.00014928273209427,0.00224784471419536,0.9,0.9,1.0,33,0.6386532721688439,1.9270961731198608
11,21,0.5574678844850719,0.6192651528254719,0.47541545122146256,0.22751567078797788,0.08017065982497924,0.08328734592709268,0.00013011050157626,0.0018009628839200798,0.9,0.9,1.0,38,0.6332122225377135,1.9290136860802216
11,22,0.5343441729671385,0.6129152025856547,0.5028273679587457,0.24485610051174514,0.058461979076577866,0.06166026516964581,9.604271245031e-05,0.00086252334360215,0.9,0.9,1.0,44,0.6244954991069287,1.920332486673053
11,23,0.5130434939680891,0.5881878681508494,0.4777412110267753,0.2462250423941423,0.1830050926964079,0.0672597481861347,0.00013407005635339002,0.0011253270981504,0.9,0.9,1.0,45,0.6276777857670078,2.006020084462385
11,24,0.4828011884657625,0.5732559021652847,0.4964397551288899,0.2662609593341295,0.050031295490383064,0.04735332317463084,0.00062333557189068,0.00058159797878452,0.9,0.9,1.0,54,0.6462483818142615,1.094638590729521
11,25,0.4856675870154432,0.5841556462191252,0.5241928776253688,0.2942629715996841,0.05503457521517106,0.05482568814126659,0.00025458746545543,0.000354821828451,0.9,0.9,1.0,57,0.6433186931905596,1.0997426085373
11,26,0.4450191338122289,0.5309443557775322,0.4537418776191675,0.26274150152242065,0.1488758864820452,0.03639880837315687,0.00054412288679198,0.0005527264265536,0.9,0.9,1.0,58,0.6568545396722887,1.122726024715486
11,27,0.44696097793443645,0.5412798552193206,0.4809644526159022,0.29166105234300094,0.03861461426109974,0.03957974619136008,0.00051788861581232,0.00050746971992255,0.9,0.9,1.0,60,0.656892551922224,1.1332777178825726
11,28,0.4418341940536366,0.5529838385950451,0.5264456680241998,0.3301792624235252,0.033918300650550404,0.035152146956206345,0.00074823107175774,0.0006186471382013901,0.9,0.9,1.0,67,0.6589786208117758,1.170487277962215
11,29,0.45134624807624074,0.5443679585987917,0.48395045033403783,0.34452217331164076,0.07579498369150132,0.05127884626073771,0.00111408521669192,0.00108310486070582,0.9,0.9,1.0,68,0.6389833701560157,1.509355961716233
11,30,0.43389498179265723,0.5588321745467465,0.565840026863091,0.4050239819596699,0.05097946035104803,0.04670931600801516,0.0005535247076407801,0.00023911904843165998,0.9,0.9,1.0,75,0.6392667791530099,1.1007917697151683
11,31,0.4237018222929376,0.5380095718604648,0.5279678437774113,0.4112035920157753,0.068558620649655,0.04695983532636838,0.00059679833232194,0.00031597076805127,0.9,0.9,1.0,77,0.6346192513860546,1.096457132359594
11,32,0.41461939150158633,0.5455020337211158,0.569222270310556,0.4615747042119297,0.03763859619046742,0.039502707652726135,0.00072203205701303,0.00033404218115505997,0.9,0.9,1.0,88,0.6345808331344408,1.0834399349781163
11,33,0.4219096244561453,0.5607314527875465,0.6013085445582979,0.4840985757771149,0.05148084627897718,0.05064523011644066,0.00073717542036527,0.00050230932518719,0.9,0.9,1.0,91,0.6315826008958048,1.1283588459454823
11,34,0.42012233068936844,0.6001261312655282,0.7250929108195612,0.6783286992622147,0.053237696581738644,0.0529377659646415,0.00200034716763442,0.00275348017135559,0.9,0.9,1.0,125,0.6540371899763193,1.8120298662617376
11,35,0.42023433243992125,0.5999259069993127,0.7248718319813746,0.6926895681639058,0.06084353378915519,0.05464575313035721,0.0019311349877342,0.0028367783687381397,0.9,0.9,1.0,126,0.652080034360566,1.658318276962082
11,36,0.40799363466080085,0.5956549045147644,0.7374610374920997,0.7130887694188406,0.048476922059497426,0.04640498618088178,0.00170354181856977,0.00085833598578297,0.9,0.9,1.0,129,0.6446164197708225,1.3462547891546033
11,37,0.405999921163801,0.6020942100967323,0.7607925059911896,0.7071512673317474,0.04346047843537518,0.04425354009596902,0.00180179968814512,0.0012043352577303299,0.9,0.9,1.0,132,0.635176617925425,1.177863295160189
11,38,0.41864901320458736,0.5802988748622254,0.6713832602543517,0.5687080983241161,0.058089691915287,0.06021431113509854,0.00180542801354074,0.00073527104853391,0.9,0.9,1.0,136,0.6587937946912202,2.112015742336261
11,39,0.397581100966243,0.5902695693302791,0.7487477474327249,0.7403819254705027,0.08335920186332912,0.05183007174889772,0.00154540987306271,0.00122199780000586,0.9,0.9,1.0,138,0.6312640683463101,1.874178355342836
11,40,0.4015642385717392,0.6113182401012689,0.8035927254361078,0.8196172103581083,0.05336267480985348,0.05581152277383548,0.0016087445744486701,0.00164916047774228,0.9,0.9,1.0,150,0.6257906468843756,1.2259050865710617
11,41,0.40122452906780687,0.6357881545346701,0.8787081689580997,0.8471135113246168,0.06508697754450722,0.05909766690089321,0.0016868323938499501,0.0017477759629453099,0.9,0.9,1.0,152,0.6393798448335003,1.2808724782537575
11,42,0.3920089257088545,0.6008969381477349,0.793117453711537,0.8321769113794057,0.047763929992564645,0.04985329340927453,0.00151719152999169,0.0012017998021548498,0.9,0.9,1.0,155,0.6465155501493649,1.1823552439167413
11,43,0.3928003840564366,0.609167267067795,0.8182210707822535,0.8615785608783377,0.07483989605351815,0.05475603938625077,0.00162340301822978,0.00192039718499502,0.9,0.9,1.0,156,0.647985164947414,1.300140450321689
11,44,0.38976732503901274,0.6230022808067063,0.8658406273035708,0.8592672690904009,0.0527046793233458,0.052741579587309864,0.00158955741967063,0.0016091260686345698,0.9,0.9,1.0,158,0.6385408360352867,1.2801833234456572
11,45,0.38524282413104294,0.6182471971793113,0.8610714591500221,0.8910921133347587,0.051768089953072936,0.04917827130351875,0.0016148372515097,0.00123096949722648,0.9,0.9,1.0,159,0.6329634771286083,1.4258613019640205
11,46,0.3932240816161374,0.6261424981523813,0.8689614771309956,0.8815857769054889,0.05703641246428318,0.05779713293858148,0.00167012778241164,0.00175620563622024,0.9,0.9,1.0,160,0.6443379064197401,1.103556771534239
11,47,0.39210157088877423,0.6249126500853571,0.867725017582174,0.8897135826853854,0.056796731263512354,0.057181410923387375,0.00156152768521723,0.00172467418894369,0.9,0.9,1.0,161,0.6440305460178045,1.2691450071933137
11,48,0.38850553502503893,0.6294837088081234,0.8891724837978389,0.8798004903105924,0.060117515801273266,0.05437893548427715,0.0019426351845231097,0.00182034172025623,0.9,0.9,1.0,162,0.645804747969,1.0877858472890036
11,49,0.38891452223127065,0.6294374170607745,0.8890988512253455,0.9040957597027638,0.06400426917293942,0.05729124135826628,0.00159496252372326,0.0017616022585057798,0.9,0.9,1.0,163,0.6392741190247063,1.2404735911356002
12,0,0.8775121913856697,0.8973958699942385,0.6905968032101196,0.03827118289947972,0.0,0.0,0.0,0.0,0.9,0.9,1.0,1,0.7331799903916555,1.1425430617394494
12,1,0.7091455322791356,0.754062894114398,0.5617788841519327,0.06954358517581258,0.2490380524440828,0.053090704918619655,8.349956004592915e-06,8.868546592117109e-06,0.9,0.9,1.0,5,0.5860424929840117,1.0940707909534522
12,2,0.7107662872677158,0.7556991508987324,0.563402089502837,0.0755958379212022,0.05493554230466603,0.05612129377113887,8.51754680208697e-06,1.003726936736e-05,0.9,0.9,1.0,6,0.5808223961684225,1.0703048419573502
12,3,0.6843526973284592,0.7211012103196329,0.5115256957968416,0.09616662886530648,0.08211750333786752,0.06221378429965674,6.999480710563e-05,0.00020795134569951,0.9,0.9,1.0,11,0.7445724636006954,1.0478005933188284
12,4,0.6000024359646596,0.6419651410316213,0.4482510821535129,0.09660398775076005,0.40470789567589327,0.06139262872850826,4.99627972744e-05,0.00018800224624537,0.9,0.9,1.0,12,0.6388172553438761,0.9666885345390808
12,5,0.5940742355631834,0.6357866105985447,0.4420233132851053,0.098060292385869,0.07003739730944085,0.05918384991428083,3.548234726913e-05,0.00012137982920945998,0.9,0.9,1.0,13,0.6284990975390472,1.0012791308582285
12,6,0.5661660237473487,0.6057496074273759,0.4116419257428054,0.08519873331873379,0.16856435133648673,0.05790088587138916,3.9181194588490005e-05,0.00010013320450362,0.9,0.9,1.0,14,0.6346012918564474,0.9453835506328564
12,7,0.5517495145321064,0.5901757876156932,0.3959056105614443,0.08407707030438955,0.10511136751486402,0.05575182976702553,2.798146786531e-05,6.160476707416e-05,0.9,0.9,1.0,15,0.6184592444818311,0.9861563093069724
12,8,0.5421864534310481,0.5794085241074826,0.384986981225504,0.08905021637791155,0.0777472806202799,0.057889519474401116,3.1386147553909996e-05,6.056742778677e-05,0.9,0.9,1.0,17,0.5883594247383764,0.9325945911919102
12,9,0.5421678769457126,0.5793879288256271,0.3849661045196974,0.1006027490775189,0.05227199351123843,0.057889519474401116,3.1386147553909996e-05,6.056742778677e-05,0.9,0.9,1.0,18,0.5937249337807065,0.9521677958270972
12,10,0.5217376043765218,0.5661116388910803,0.38842505093110286,0.09190123034738368,0.07173041211459083,0.04893805804731799,1.558344801868e-05,2.3448853630420002e-05,0.9,0.9,1.0,20,0.5568436875297569,0.9478327341632412
12,11,0.5091860300270395,0.5522448731639418,0.37441491749273836,0.08834556912533972,0.09060373857874555,0.04687550268561649,1.399952511567e-05,2.119710465504e-05,0.9,0.9,1.0,21,0.5497279984112009,0.915138876907901
12,12,0.505317694662488,0.5479507012973921,0.3700760017453126,0.08726981827928652,0.049226833599629496,0.04626627117579502,1.4635251966160001e-05,2.1538541868659998e-05,0.9,0.9,1.0,23,0.5469823383608954,0.9094990239133832
12,13,0.4865058448478993,0.5350271200354596,0.37378920518110287,0.10243575004372506,0.13068476680929045,0.04680319739485936,1.745524458477e-05,2.414607348445e-05,0.9,0.9,1.0,24,0.5442814982494287,0.895459603067178
12,14,0.47184796435853216,0.5188829108719681,0.35750928786081587,0.0960502166189894,0.08317558611365518,0.04149382225073345,1.872071745936e-05,2.035650320972e-05,0.9,0.9,1.0,25,0.5306603995880971,0.8467510433299792
12,15,0.4696820330920001,0.52389044959036,0.37929607076913047,0.11960533845960902,0.08431555750768865,0.04859894481607701,9.492804976038e-05,5.251190295764e-05,0.9,0.9,1.0,26,0.5444854338757943,0.9319626913399224
12,16,0.45513711595709366,0.5074607174769213,0.36270901366070324,0.11690163497049944,0.09372985347896645,0.04499590672458463,8.869503084687e-05,4.532598241219e-05,0.9,0.9,1.0,27,0.5332442565580924,0.8872458711786381
12,17,0.4524688651984933,0.5043943339441033,0.35961040070692785,0.11615471413280515,0.05114225786894384,0.04458177793717674,9.410161229778e-05,4.712065596608e-05,0.9,0.9,1.0,28,0.5326258212055367,0.8859507852387309
12,18,0.45010983738687876,0.5101714151230733,0.3822535660359166,0.13245457801101762,0.05133949753594062,0.04455370009632179,9.871301349217e-05,5.257273404248e-05,0.9,0.9,1.0,29,0.5502416797041012,0.9299368017011737
12,19,0.44923128920938643,0.5003857652172644,0.35554022101010946,0.1383890748402404,0.05111260055822452,0.04583944379905663,0.00012249518002469,4.086829672398e-05,0.9,0.9,1.0,30,0.5414342059899914,0.9007062460285296
12,20,0.4360507380829486,0.5022484080787916,0.3910432001761011,0.13102084903489639,0.09258636141529016,0.04360387567605954,0.00010044111529432999,4.833755168245e-05,0.9,0.9,1.0,31,0.5603552144641654,0.8652505778307499
12,21,0.43240294501471893,0.49001358487091945,0.3619060993621869,0.1251543725896703,0.03707247896279975,0.03982917326362721,7.648868232919e-05,5.0473435860489996e-05,0.9,0.9,1.0,32,0.5211548817063896,0.9099226825599636
12,22,0.4224844358538544,0.4667095038889514,0.3213555833545965,0.15246328598700265,0.16537467128958042,0.05509569453129602,0.00031235749465397,0.00044580571087006005,0.9,0.9,1.0,33,0.5667873961768477,0.9577004775530016
12,23,0.4102038945258422,0.45360237772740314,0.3081921370310986,0.1461629799066045,0.06210200161232638,0.04588315426479681,0.00030557677267697,0.0003523879838728,0.9,0.9,1.0,34,0.564360769587091,0.9257784721835468
12,24,0.40899181487410824,0.4520507250920186,0.3066176319679312,0.14625493804262846,0.04980133284767965,0.04625755282751356,0.00032758763257054,0.00035776388208387,0.9,0.9,1.0,35,0.5667064424746123,0.930895126821798
12,25,0.40348458316365926,0.4704544443008024,0.37560389006372924,0.17756413238878513,0.0545412008948744,0.04905060831773831,0.00025538194120180004,0.00022076424890872,0.9,0.9,1.0,39,0.5587512066305144,0.9434052180626392
12,26,0.4015504209359675,0.4766241650652784,0.3986443389189553,0.1873265249176722,0.049371627748058894,0.04905060831773831,0.00025538194120180004,0.00022076424890872,0.9,0.9,1.0,41,0.5547421069889651,0.930600127245054
12,27,1.2956640614668649,1.3702948534713935,1.2922856740191313,1.0831104207713125,0.9506816439139305,0.04463542680495519,1.0,0.00055153369936863,0.9,0.9,1.0,42,0.6162345004658657,0.948329293309956
12,28,0.39351941566725257,0.4506326248712129,0.3387981765532819,0.17690832880278823,0.04981519513631149,0.044755183736099866,0.00011211386058345,8.580879066261e-05,0.9,0.9,1.0,43,0.540246027988043,0.9947817472331736
12,29,0.3853593778553358,0.4750971526872917,0.430761021816489,0.22111563834333595,0.05525022837502662,0.04234472432406109,0.00011813090312729,0.0006735560812129,0.9,0.9,1.0,45,0.5200995255073185,0.8684028817474234
12,30,0.38411507965511993,0.46226476299606417,0.4008408270786308,0.23224438516826174,0.11435490598676883,0.05560874711164375,0.00017222150081967,0.00020969758662969,0.9,0.9,1.0,46,0.5827054583074858,0.94075190289916
12,31,0.38024246776293924,0.46593228736497516,0.42134927298120795,0.242236684719088,0.06017633343691801,0.05560874711164375,0.00017222150081967,0.00020969758662969,0.9,0.9,1.0,48,0.5775061922176524,0.928324627609862
12,32,0.37735952951555957,0.471351276616873,0.44365190628613954,0.27810818260496734,0.05116375063226242,0.05348520775835001,0.00016981387252901,0.00027034042832003,0.9,0.9,1.0,50,0.5775771713600123,0.9835823578978112
12,33,0.37523031877476754,0.45974144911272696,0.4150880630213271,0.27173797878572115,0.06874869919409639,0.05526831017795186,0.00017806773422184,0.00021050227510176,0.9,0.9,1.0,51,0.5796367798057237,0.9886733018921956
12,34,0.3720398958623992,0.4725601688594391,0.4616442609414458,0.2823904950739825,0.07113555419688816,0.05620501522175523,0.00014433166930618002,0.00019125163510277,0.9,0.9,1.0,52,0.5433020008293157,0.9006925870252016
12,35,0.35843731057216005,0.4562841470871088,0.445216592214465,0.2770142166841283,0.09847319635705223,0.052206367728692804,0.00015384906856425,0.00019448686815219,0.9,0.9,1.0,53,0.566432112831997,0.8955377552344045
12,36,0.3515450221772433,0.44894129153916795,0.4378488309615428,0.28325053138708783,0.05054115426001336,0.0462910040141012,0.00018266773677313,0.00024945851191158,0.9,0.9,1.0,54,0.5595016701196736,0.9080342297057732
12,37,0.3472420182425577,0.452112364338081,0.457859724762856,0.3013298741535694,0.044498597969535265,0.04560032118716062,0.00032838453935059,0.00031412600159814,0.9,0.9,1.0,61,0.598301810234773,0.8856030527880493
12,38,0.36355451890371576,0.45064259900174325,0.42255407182099247,0.3391180241849298,0.06303147441882863,0.06665031274933449,0.00015847141861425,0.00032899680418797003,0.9,0.9,1.0,66,0.5542566272370392,0.913932459118427
12,39,0.3574642894638749,0.44984519468348816,0.43848137291662864,0.35033359218251847,0.09510395176471872,0.07245898564074567,0.00015766373458945,0.00034492747768064,0.9,0.9,1.0,68,0.5599571861500063,0.9283770918682543
12,40,0.3184682863146441,0.4403082372811099,0.49629726401257346,0.4585329589620537,0.04779501113144283,0.046595637146167754,0.00018018029992413002,0.00023251039779694998,0.9,0.9,1.0,83,0.5272531784277971,0.9312246872933136
12,41,0.3107321126797906,0.430233108622875,0.48610525638047203,0.4568576542561167,0.0814586484267041,0.04625279291241345,0.00018622346368238,0.00024013318670404,0.9,0.9,1.0,84,0.5256357150055252,0.939499855454312
12,42,0.29789516716817144,0.4138394455607975,0.469538432668185,0.4570813193116351,0.09865356859829706,0.04413546131807483,0.00019977596429926998,0.00025146332426351,0.9,0.9,1.0,85,0.5330010120388763,0.9534405238374049
12,43,0.29502543356515076,0.4177675606180557,0.49028227697996707,0.5300649657387138,0.04488710720922856,0.046664989643529206,0.00023609958661298,0.00029750991416877,0.9,0.9,1.0,102,0.5368276355285633,0.920754571312378
13,0,0.9181008229560204,0.9321594022675666,0.725775435629422,0.04317382318971395,0.0,0.0,0.0,0.0,0.9,0.9,1.0,1,0.6646698309235768,1.1443555982322768
13,1,0.7719328476985384,0.8145129124884622,0.6230103047255129,0.08089684490289357,0.26988829076737125,0.047550621304482774,2.191552996783545e-06,2.870195452602728e-06,0.9,0.9,1.0,4,0.6141926382790711,1.091193870249775
13,2,0.7626657885565726,0.8062897476377492,0.6146063335852905,0.07662820383444452,0.1116643219781545,0.05522441584601808,3.976947406198018e-06,4.783670127928402e-06,0.9,0.9,1.0,5,0.6257652628730512,1.1883773333573466
13,3,0.6837611737359427,0.7373675282992149,0.5617302466060516,0.08257890386111863,0.33071506468939127,0.04852115281571672,4.304975576662976e-06,6.418426353152895e-06,0.9,0.9,1.0,6,0.6364119211244572,1.0844980158641409
13,4,0.6028330788629717,0.6524758073513446,0.4755047090306447,0.09518350961908027,0.2957318846227371,0.07831058744803344,1.496594751928e-05,2.479760035531e-05,0.9,0.9,1.0,8,0.6394468256745864,1.093973647899914
13,5,0.6028330793120197,0.6524758084925286,0.4755047101718288,0.09518351075995692,0.07051841266631956,0.07831058871347832,1.496594823137e-05,2.4797601998219998e-05,0.9,0.9,1.0,9,0.6394468279428458,1.0939736523261232
13,6,0.5966737203917257,0.6458589619079637,0.4688118750628467,0.0940248773751809,0.08306331237764361,0.07801659864385478,1.5697858812319998e-05,2.6179562436659998e-05,0.9,0.9,1.0,11,0.6435534983436713,1.0953500026015244
13,7,0.5941018812341425,0.6431948932004811,0.4661326002188376,0.09245763258092393,0.07144455068796665,0.07643856803078883,2.645355685846e-05,4.8522954435060005e-05,0.9,0.9,1.0,13,0.7069113300230979,1.17694877703946
13,8,0.5300236122368905,0.572614565113365,0.39473529752698716,0.0952708200582657,0.34260055214976354,0.07406772004247106,2.644964144816e-05,3.669408967484e-05,0.9,0.9,1.0,14,0.6052211017646795,1.0409125077420642
13,9,0.515408014132215,0.5573623697248459,0.3794179470491691,0.09242195582770787,0.06423917731515202,0.06308867135311183,4.387358322317e-05,9.936827305385e-05,0.9,0.9,1.0,17,0.6262137220607422,0.9657213623855894
13,10,0.49665302211168155,0.5265373137922198,0.3313600257874489,0.09542653217182938,0.17538667317410303,0.0693059965452,6.255398051626e-05,0.0001794276380491,0.9,0.9,1.0,18,0.5897980323538702,0.7298356861188673
13,11,0.45427861766457134,0.4783116430500225,0.28265346928439955,0.08672451875225165,0.2170607455353162,0.06056370381410876,5.2302662157689995e-05,0.00011359295143329,0.9,0.9,1.0,19,0.5824014505508488,0.8414625139421338
13,12,0.42836950629210996,0.4477923445855236,0.2517986931392265,0.08343625774972427,0.16555132063925942,0.05794713415261586,3.808364743385e-05,6.570023617336e-05,0.9,0.9,1.0,20,0.5650362312669931,0.832158841160223
13,13,0.42068883704744187,0.4292395412423786,0.21618823501881893,0.10897510250781574,0.06625339792307089,0.061589489104885854,4.04266024607e-05,6.836013921714e-05,0.9,0.9,1.0,25,0.540339818743987,0.8073380724515556
13,14,0.4188556603466892,0.4272954243326435,0.21423680055020158,0.11074069480377459,0.05669949901208613,0.06013539615669641,3.583797461422e-05,5.517580335133e-05,0.9,0.9,1.0,26,0.5373946240837134,0.843813021224837
13,15,0.40840131065272745,0.414128965844269,0.20089332182309755,0.12164674024143711,0.08572148813078856,0.06122914850336072,0.00037334459796646997,0.00041589148967630004,0.9,0.9,1.0,28,0.6747373954526455,0.9661066817602167
13,16,0.403213002728009,0.41651349736143894,0.2201155257966649,0.1392396108789534,0.05899602940323337,0.059278871002565736,0.0003863956082653,0.00114805164005883,0.9,0.9,1.0,33,0.6091094223218069,0.7622809574822246
13,17,0.3923716664601551,0.4026506931719486,0.20606641863719138,0.1516991958199456,0.11945525486564998,0.06161786866344161,0.00035247340599068,0.0008057397985793101,0.9,0.9,1.0,34,0.6215337308472568,0.919120575749446
13,18,0.3649448500106235,0.367436828556148,0.1704047844664877,0.14521698908787709,0.210057068026047,0.06355051567955919,0.00064676128340176,0.00109138133780129,0.9,0.9,1.0,35,0.6722175695269366,1.245134471386291
13,19,0.3532668784458171,0.35172207482958895,0.15447280439777167,0.14861618280262462,0.08580617768283638,0.06629626571381152,0.0006217652865933299,0.00112583574520442,0.9,0.9,1.0,38,0.619466628871738,1.3542867904327054
13,20,0.32470505814321465,0.35218262065839406,0.22226407451808894,0.2134814758832115,0.059775947293642495,0.05364218657175525,0.00041602121967161996,0.00118263221434675,0.9,0.9,1.0,47,0.6228662979107576,0.7607486782704078
13,21,0.32161794171204977,0.3641139675331296,0.2678898781585168,0.23592947565263994,0.07068675868841781,0.05793685835332094,0.00036553133893343,0.00083242223317732,0.9,0.9,1.0,49,0.606945675023037,0.9569099224857274
13,22,0.32824475794719216,0.3620585064021962,0.24892882846876205,0.24396299105235222,0.06274512911836896,0.06546187172124843,0.00044291454904284,0.0010624245405771201,0.9,0.9,1.0,50,0.6288255577281244,1.0866219794628935
13,23,0.31464132566600805,0.3453518231086718,0.23207092867588874,0.24199609657525276,0.107291038479636,0.061179167469532746,0.00039164609994795003,0.0009036446354863699,0.9,0.9,1.0,51,0.6167753952079136,1.066264420483782
13,24,0.3023223951324751,0.29544358816232513,0.11440507494014407,0.21023679118707178,0.1089553237273319,0.057420066717470394,0.00083809424383688,0.0017367342599910799,0.9,0.9,1.0,52,0.6356427591549204,0.8644006414285249
13,25,0.29341402248998105,0.28309609821963,0.10189862664100931,0.2240062695106316,0.06857617373043688,0.05843501627167772,0.00084127598967449,0.00179781280803027,0.9,0.9,1.0,56,0.6321957141493519,0.8286184769187315
13,26,0.29166185836196534,0.2807075860134902,0.09948104492157432,0.22717833867716591,0.0584477773810898,0.058392742956060374,0.00085395313525598,0.0018640948157158902,0.9,0.9,1.0,59,0.6409624340133298,0.8218077970699218
13,27,0.28713060705566296,0.3095337830926603,0.19586571806133846,0.28057122055676914,0.05431473863431068,0.05725146292209813,0.00040674939689497997,0.0010385185726979299,0.9,0.9,1.0,68,0.6869493620550505,1.1209704642673175
13,28,0.286877322802298,0.2997358116534328,0.16912390008066094,0.290416015227123,0.06309586879158915,0.059850659178357156,0.00045670806314587,0.00118506054158033,0.9,0.9,1.0,70,0.5976930694345389,1.047750336937057
13,29,0.26852110198761303,0.3078354226184941,0.2444808207218076,0.33532642631510673,0.11478795996491602,0.06106286908564664,0.0008162724428032199,0.00201136870990943,0.9,0.9,1.0,72,0.6522664971474003,0.9334801506418462
13,30,0.2644093771578341,0.3030134588745229,0.23962842427763414,0.33269398618771484,0.057485607633685896,0.05847961390958928,0.0008205669118501501,0.00205828845761921,0.9,0.9,1.0,77,0.6569686767424253,0.9165413323403956
13,31,0.26340687714437266,0.30120653261528363,0.23778758147343984,0.3333409166863998,0.057629889251383015,0.059675911101290044,0.00081706985593649,0.00203511155891712,0.9,0.9,1.0,87,0.6540372385462514,0.9246632730586308
13,32,0.25542127057865105,0.30735260030169104,0.2776071856896583,0.3996123419593948,0.064306958617589,0.059600825176626494,0.00077199712128827,0.0015982017335820602,0.9,0.9,1.0,92,0.6352145449430682,1.02515430824026
13,33,0.2511817790439683,0.3190707127653535,0.3230763957003728,0.4471393182740184,0.05674140308603421,0.05811416916500199,0.00072812976425562,0.0015274040286178301,0.9,0.9,1.0,99,0.6216103469275405,0.9956738085592314
13,34,0.2484864770567535,0.3238190403587151,0.3446782957074537,0.46748244866017163,0.062139250606429226,0.0578583352619864,0.00070744468261208,0.0017788200892036698,0.9,0.9,1.0,101,0.6505970874816936,1.0851721154928975
13,35,0.23962733230200664,0.29274771389610327,0.279600695678227,0.4558212037604103,0.0814303658021921,0.061463768462502955,0.0008040027155978499,0.00191737828522241,0.9,0.9,1.0,104,0.6189346161997216,0.970659785198804
13,36,0.214618862600756,0.30580824162430204,0.37697224940206653,0.5629756401025453,0.046061681212265566,0.04636640430468056,0.00104365835122906,0.00101025876956761,0.9,0.9,1.0,130,0.5847258876289462,1.1036373320957666
14,0,0.8599198845508089,0.8820802798872734,0.6750983776940997,0.03611125339253736,0.0,0.0,0.0,0.0,0.9,0.9,1.0,1,0.762989756625977,1.1390905071579696
14,1,0.8599178654027687,0.882078715688651,0.6750969081123248,0.0386162371639886,4.342592112189368e-06,0.0,0.0,0.0,0.9,0.9,1.0,3,0.7630254666923643,1.1386360839363232
14,2,0.797978332717339,0.8293348179703526,0.6213841519954935,0.06276292485595694,0.19196250892535532,0.03154225188360735,5.645807195813966e-06,7.622771560535575e-06,0.9,0.9,1.0,5,0.7311308293419868,1.03930709475245
14,3,0.7575498404439129,0.7916036119494835,0.5832027995024623,0.0649955741106107,0.18043910861456966,0.03150539567012076,6.2262136842697705e-06,1.146576117473e-05,0.9,0.9,1.0,6,0.7540308515228219,1.0287439256614936
14,4,0.7104189847991872,0.7469436099170594,0.5374859026593842,0.10415902751098499,0.4290752187058977,0.08019307657866427,3.134392327845e-05,3.706948003011e-05,0.9,0.9,1.0,7,0.7125779536869228,1.0464850649062492
14,5,0.6689213076076082,0.7051402873036816,0.4953410656327994,0.08531359913567743,0.17432301685744742,0.06557354761026302,1.119150105583e-05,1.239611902705e-05,0.9,0.9,1.0,8,0.6632092694169287,1.0795015354214714
14,6,0.6100451220829493,0.6346927726413778,0.40713693437113224,0.10050706370160352,0.35857058902498445,0.0765182969647596,4.478561073891e-05,6.123992694128e-05,0.9,0.9,1.0,9,0.7847075112693849,0.8868930112111841
14,7,0.556606734547323,0.5766064999642679,0.34836982060907096,0.10022630150749878,0.2978692669521504,0.07538698118746193,3.4396138762289996e-05,3.970122440576e-05,0.9,0.9,1.0,10,0.7142581831369769,0.8184114781814226
14,8,0.5182256633105244,0.5350403556533865,0.30644923875872215,0.08922477842993708,0.17574145761539883,0.062248699560478946,1.4071227263610001e-05,1.157083662666e-05,0.9,0.9,1.0,11,0.6864853049925652,0.7870245467987411
14,9,0.5044370329619979,0.5273625995026091,0.31543093902554337,0.09300004774926406,0.1407086920866537,0.06649120849557051,1.647219015194e-05,1.833734181388e-05,0.9,0.9,1.0,12,0.6665908745273691,0.8438821632882995
14,10,0.47865698168199733,0.5059241677765118,0.31052253901952487,0.0879666600404245,0.12307545186587861,0.06751064244874737,1.656140352133e-05,2.0468468309150002e-05,0.9,0.9,1.0,14,0.6736936665510648,0.7482205953206599
14,11,0.45706299579154713,0.48119273972783927,0.2855403195540613,0.11121292877116559,0.09943484788501587,0.0633570822527388,2.0588907618570002e-05,2.194354283366e-05,0.9,0.9,1.0,16,0.6444263132569596,0.7691781628115112
14,12,0.4537323404437307,0.4772836490019317,0.28158892142925074,0.11034935951311542,0.07092145138245727,0.06294713192671951,2.4760556349640003e-05,2.9305897832199996e-05,0.9,0.9,1.0,17,0.6505980568267984,0.7950733111827729
14,13,0.44923616159650287,0.4784570758692671,0.2994501569009878,0.11701140642595759,0.13832760604067737,0.0743906139679124,3.02850542017e-05,3.667522940656e-05,0.9,0.9,1.0,18,0.6782427958603182,0.7032061819718551
14,14,0.42793430933444543,0.4535205408839596,0.27426364108041784,0.1355486260555552,0.10520984601669882,0.06899547976168967,0.00017451868636078,0.00076431351405876,0.9,0.9,1.0,20,0.6366615057632268,0.8078922400087781
14,15,0.41307252034593284,0.4544287219381565,0.3088825767452822,0.13773177706842515,0.06393749699641435,0.06004786119956398,4.013973243625e-05,5.284476072811e-05,0.9,0.9,1.0,23,0.6377338485320512,0.8541453469487407
14,16,0.38872282751234694,0.42541993007128337,0.27957997826889314,0.13590758660025093,0.14896449926586725,0.055173667570688256,3.4203665690729995e-05,4.8834936155989995e-05,0.9,0.9,1.0,24,0.6188862920666943,0.8333561899270389
14,17,0.39063062473381516,0.42702257504381036,0.28116445590569944,0.14484286246892514,0.05895226904994245,0.05864054896501462,3.326515387027e-05,5.2010975413729996e-05,0.9,0.9,1.0,25,0.595264055524134,0.8474243119458329
14,18,0.383388707543971,0.42679251487603387,0.29774118218507756,0.1461726278255408,0.08286318842334954,0.05746387126457486,3.131285836027e-05,4.717504010509e-05,0.9,0.9,1.0,26,0.5949434966346883,0.850515073679432
14,19,0.3962105629236952,0.43101495363350717,0.28505666984877925,0.1640257622056545,0.06843080610977885,0.07233691163801809,5.4793190307709995e-05,9.360263034141e-05,0.9,0.9,1.0,27,0.6368327844974372,0.9949503267322922
14,20,0.37382359564856144,0.4212234905150232,0.30880462121423463,0.16904251236473944,0.14714840333700357,0.06658636086501653,3.570667342401e-05,4.845596099484e-05,0.9,0.9,1.0,28,0.6505657499524731,0.6999618514980362
14,21,0.3635173107369459,0.399981812469633,0.2705345246397581,0.15568546949203807,0.10157229975896583,0.06452278979888446,3.537484023329e-05,5.409664257591e-05,0.9,0.9,1.0,29,0.6415743675903471,0.8531090087358716
14,22,0.34476187521771084,0.3767351635408467,0.24704602165431083,0.1564002856103759,0.13696586933000468,0.06120230088668166,3.492818642419e-05,5.631167412101e-05,0.9,0.9,1.0,30,0.6388765582788787,0.7906995534218793
14,23,0.35092057663491005,0.37082830194468114,0.22405989525173983,0.18907309838314043,0.08810523897057525,0.08087576979784603,4.915459101674e-05,7.860045981905001e-05,0.9,0.9,1.0,34,0.668917896869181,0.7734603045175429
14,24,0.3372680920760983,0.3526581728124321,0.20566478323736342,0.21112568268965531,0.081191572793702,0.08156466260623232,7.880851582637999e-05,0.00010959056277201,0.9,0.9,1.0,44,0.6376675490551875,0.7503496421022452
14,25,0.3054362945491088,0.3196728683275506,0.18912247618645825,0.2128502398588246,0.22422226508085438,0.07784291454765309,7.004412481927e-05,0.00012461466715205002,0.9,0.9,1.0,45,0.6346576966171167,0.6990658042849873
14,26,0.3054982848059767,0.3192152188223303,0.18864166322461132,0.21405486631212958,0.0794882778472162,0.0795259201215512,6.191729866366e-05,9.657358246707999e-05,0.9,0.9,1.0,46,0.6363633185420188,0.7138182468488512
14,27,0.3008405055870307,0.2966172372388671,0.13220736867263466,0.22598460157812544,0.07377303576212421,0.07697815728194918,5.7485023773550006e-05,0.00010668670795096001,0.9,0.9,1.0,49,0.6270295726706446,0.7214337335856058
14,28,0.29452044494053775,0.29566970986681834,0.14801776570813313,0.23366750335829578,0.11936408763272194,0.07954090390794034,6.0028450014890005e-05,0.00011514151265404999,0.9,0.9,1.0,50,0.6272462571871932,0.7123814585559904
14,29,0.2928181593384633,0.2932886183776921,0.1456069227862797,0.24460240683477605,0.08193498749125813,0.07967371806648628,6.250652830551e-05,0.00010848731122242001,0.9,0.9,1.0,51,0.6292534418032277,0.7103336427810041
14,30,0.28358626827957545,0.27952173544876774,0.13164455013477433,0.24449642552778528,0.10746979535032822,0.08253264056059914,8.445625946101e-05,0.00012545755173839,0.9,0.9,1.0,53,0.6066146006499571,0.7384280008824965
14,31,0.2681525519252395,0.3569207945785213,0.394883004269323,0.5240447146285501,0.06232695400040555,0.06748630168501478,0.0004982285809566501,0.00077039410271581,0.9,0.9,1.0,97,0.6294484360043161,0.7762827455686019
14,32,0.2550496720911788,0.3392195729208918,0.3769896563005245,0.5201685769412829,0.07657391794500719,0.06567384992739705,0.00051027392420242,0.0007833171394017299,0.9,0.9,1.0,101,0.6300419698477862,0.7601562290199239
14,33,0.2197148565001828,0.2833328500929155,0.30372450795337963,0.592243526083705,0.06666210561193059,0.05788798438368396,0.00044058629490124,0.00067521585484092,0.9,0.9,1.0,113,0.6304872246159393,0.7422217416971785
14,34,0.2114969229693738,0.3048544407557263,0.39267178319227647,0.7568676701674852,0.05737284010348675,0.06024022176638137,0.00028153495338805996,0.00029348443843548,0.9,0.9,1.0,135,0.6091365904350123,0.7251275013109851
14,35,0.2044628880856318,0.3128096260044946,0.4343456198002155,0.7610761857060934,0.05372689101454176,0.056930055907782426,0.00042553657904322,0.0006485886029761201,0.9,0.9,1.0,149,0.6350630640383238,0.749703725601547
15,0,0.9010449855355752,0.9176470281529682,0.7110897752810638,0.04112716846896776,0.0,0.0,0.0,0.0,0.9,0.9,1.0,1,0.7004765403335698,1.1683351786768128
15,1,0.901043180617687,0.9261880740283073,0.7365297486142058,0.04780749505524538,2.3392546781395287e-06,0.0,0.0,0.0,0.9,0.9,1.0,4,0.7007487231994164,1.168860912561318
15,2,0.7485915325592601,0.7927134985387942,0.6008158918163323,0.08038772114734345,0.8101691418203664,0.060069067569052836,7.539260254477315e-06,8.064331163651539e-06,0.9,0.9,1.0,5,0.5377713024474031,1.1034179766027563
15,3,0.670335098439198,0.7150930032906988,0.5221904856320676,0.09785441365738498,0.1454778683643602,0.0673324069838718,1.714781432817e-05,2.239314806445e-05,0.9,0.9,1.0,9,0.5489176403163657,1.040922873876735
15,4,0.6470934617103683,0.6914694266232154,0.4983806740851006,0.08928992358643977,0.08409069789213457,0.05837638288882848,2.7153151590500002e-05,5.8328611851929996e-05,0.9,0.9,1.0,11,0.4800584902798036,0.9896898652517588
15,5,0.6276448508234838,0.6714994056409808,0.47814981568171566,0.08909124493022215,0.14369588113196377,0.06049522264952142,1.97804139123e-05,2.680706890384e-05,0.9,0.9,1.0,12,0.4611674168601915,0.9100964381663348
15,6,0.5784742875229766,0.6271863221303945,0.4500646637682102,0.08905338600986398,0.283277683917997,0.06421660692181631,2.2677047892720002e-05,2.873814815962e-05,0.9,0.9,1.0,13,0.4884836164441817,0.968675354197216
15,7,0.5783586936937938,0.6356125253820039,0.4753895300473492,0.09644468688104621,0.057748107164398974,0.06409736389595114,2.256316600296e-05,2.861633497881e-05,0.9,0.9,1.0,16,0.4890246162815141,0.968693151454998
15,8,0.570964763662742,0.6191640901705147,0.44196523866102655,0.09767196576479177,0.08226777566067675,0.06247097161918745,2.5206774722239996e-05,2.996681993868e-05,0.9,0.9,1.0,17,0.4850995374789082,0.9744630825151244
15,9,0.5688267627159844,0.6249686091659803,0.46458025939820274,0.11657697450756313,0.09090510055279508,0.06762744343421452,3.5071214917490004e-05,5.0999884567349996e-05,0.9,0.9,1.0,18,0.503270480158336,0.7891338665834813
15,10,0.5665874058575956,0.6141720179663785,0.43688421566865016,0.11822061640517213,0.058838384407384765,0.06518237409899272,2.743996109448e-05,4.30328550745e-05,0.9,0.9,1.0,19,0.5102987765769413,0.8320701728375487
15,11,0.5597935107419535,0.623592324556631,0.47998715269909686,0.12330025398075524,0.09957466794704935,0.06736891360106886,3.678090382883e-05,5.449659307446e-05,0.9,0.9,1.0,20,0.5153403318132077,0.8298976812198272
15,12,0.5262370305804115,0.5872914236469896,0.4433569904844403,0.13124871092209212,0.07978885404793899,0.05754965531219024,6.067325460211e-05,0.00014207553622272998,0.9,0.9,1.0,24,0.5301796364607518,0.7702674254272535
15,13,0.5214291597694781,0.5907804549167008,0.46371805790745174,0.12813561061302198,0.053749349712677,0.05445410744076153,5.8074540993789995e-05,0.00013605286813014,0.9,0.9,1.0,26,0.5286656943614337,0.771874174517579
15,14,0.5221576396937339,0.5909398551689939,0.46381670300805383,0.1599474374767944,0.07490460249421403,0.059881705809494104,0.00017907245781588,0.00038536198473239,0.9,0.9,1.0,27,0.4651375519375518,0.7773594323870409
15,15,0.5818247064314839,0.6506073039459143,0.5234836495086694,0.2047178586566493,0.11422706313484395,0.1265056480691657,4.671037642644e-05,0.00024662586927366996,0.9,0.9,1.0,29,0.5277978519400331,0.9016279868031816
15,16,0.5367985635340476,0.5960071085347306,0.45187434594852616,0.16660115609774526,0.1147092839500797,0.08530790753771308,0.00016458246356437,0.00040090409150970996,0.9,0.9,1.0,30,0.5822426944774108,1.1226347374289676
15,17,0.5163786599432707,0.5755048192594988,0.4313671173934818,0.15562191744632295,0.05878551672775073,0.06307357949459697,0.00013263832700168,0.00035798640820969,0.9,0.9,1.0,31,0.5480884802606006,1.0442883426890814
15,18,0.5282952452656946,0.5952312205088924,0.4679176999749014,0.17218143902124744,0.09996065953648947,0.08236161264872192,0.00015926997731478002,0.00041302744947964,0.9,0.9,1.0,32,0.5869551014227442,1.1060939811430928
15,19,0.5162833314381887,0.5817356068131706,0.4542813496729643,0.1757665859007632,0.12039746673199653,0.08048289317937195,0.00014894962617126,0.00039987571197279995,0.9,0.9,1.0,33,0.5745485373093286,1.048603769245008
15,20,0.5140465673557182,0.5871733623678865,0.476538007298113,0.18074804727147176,0.10349182216873988,0.08446177047060906,0.00015603992936478,0.00039121036952418,0.9,0.9,1.0,34,0.571719927295388,1.0964723461887
15,21,0.5015964798892991,0.5729637311598018,0.462173231672525,0.18353527748471324,0.127725256209271,0.08315651652232683,0.00013470922472441,0.00037138889969632,0.9,0.9,1.0,35,0.5449855164731761,1.0127825817588243
15,22,0.4949293736443505,0.5649019816724098,0.45399401798034417,0.1911684808223047,0.0970356566730968,0.08512466776428869,0.00015168154468916001,0.00038921101446327003,0.9,0.9,1.0,37,0.5508587751274261,1.1938556898835
15,23,0.48558303091321403,0.5536976610309783,0.44263965449574694,0.19435282062519568,0.12907349036002203,0.08666173795791227,0.00013059026012902,0.00036981419893718,0.9,0.9,1.0,38,0.5252219401804534,1.1093633661681086
15,24,0.48532648711438897,0.561855973390768,0.4676864453869099,0.20439857061911174,0.08071353921099594,0.08720198645453389,0.00013209210476196,0.00036216091625967,0.9,0.9,1.0,40,0.5276049926829218,1.1178803623979767
15,25,0.4672559695106344,0.5400669839743626,0.4456178662797418,0.20639229004760457,0.1749715415792214,0.08902623843419152,0.00013538660073272,0.00034886493834107,0.9,0.9,1.0,41,0.5071118302633594,1.0795468951093494
15,26,0.41768293427389785,0.4938156423424678,0.415905004359998,0.21623574156652567,0.07626590631904447,0.061549265952897614,0.00023434877603413,0.00037972401524517,0.9,0.9,1.0,47,0.49868988021233,1.0527332696794551
15,27,0.4152925543834243,0.4997229551769644,0.43869517452662304,0.23274296628988334,0.05742785359357567,0.060124617480658435,0.00023427722963226,0.00037866380145582,0.9,0.9,1.0,49,0.493943144794165,1.0606505429369373
15,28,0.41420404031813585,0.4973855839322602,0.43627663082260804,0.240076777434702,0.07287572923181301,0.06507119391561034,0.00023800664628494,0.00038767429804767,0.9,0.9,1.0,51,0.4949162982850015,1.0186878860953232
15,29,0.41404135045718843,0.4967892023803187,0.4356523238086604,0.2529709118670333,0.070306615620071,0.06698339516601401,0.00024352172782953,0.00039808959220748,0.9,0.9,1.0,52,0.4943063925345666,1.0494824105675182
15,30,0.40361777831763795,0.49347022609360475,0.4491408033352127,0.26615549104163766,0.06288664127135588,0.06224124647759742,0.00025448434886700996,0.00045601554244126003,0.9,0.9,1.0,57,0.527094111674374,1.1876138563936012
15,31,0.3997481063394761,0.4883866644462817,0.44398226144658487,0.27479696408815923,0.07052243682051208,0.06345951418324772,0.00037873919615799003,0.00043844496984678005,0.9,0.9,1.0,59,0.5012195060598998,1.0663709344467918
15,32,0.39325663495532,0.4803313678969876,0.4358318287000937,0.28125064352441154,0.06585912849623901,0.06296318279561905,0.00047157932790827,0.00072240002389087,0.9,0.9,1.0,63,0.5056785358459012,1.0558939292330447
15,33,0.37628424144427325,0.47860367290750855,0.4677923901453367,0.28875506107964777,0.06668081264525899,0.052203837974463284,0.00048748376562495,0.00076094854192028,0.9,0.9,1.0,65,0.4894299206798289,0.9810536371311795
15,34,0.3657760230294334,0.4468950458441361,0.4020492479321863,0.32256025446344855,0.0733635564971938,0.058456871930781085,0.00025213488017025997,0.00054132510153632,0.9,0.9,1.0,69,0.5363353813020993,1.3641211124096246
15,35,0.3614124049032979,0.4761606241699257,0.49888070194097905,0.34725710502707735,0.052400414136577575,0.05553232833334126,0.00046362547403272996,0.00057310763669941,0.9,0.9,1.0,76,0.5290380341449541,1.092155307656539
15,36,0.35283302794441623,0.46410262447263,0.4866326435376665,0.3566627934893553,0.0869412564043578,0.059271491048979406,0.0005992098634345401,0.0009547666132415,0.9,0.9,1.0,78,0.5075670830905525,1.0091641631164938
15,37,0.34765027962527795,0.4757513526273337,0.5320654326256214,0.40860314672449927,0.051045567975830326,0.054777381446722576,0.00050548532412787,0.00078293354696039,0.9,0.9,1.0,87,0.475696722445991,1.0629659752420222
15,38,0.3281898587832931,0.4667395822336405,0.5564992305806604,0.440347701956869,0.06895195655624395,0.0586453786564481,0.00050840636346684,0.00072480137170286,0.9,0.9,1.0,95,0.5953349294138565,1.1758914254150603
15,39,0.3296455506944755,0.4764783526441204,0.583132244363765,0.5498294452192953,0.055575019239161916,0.059831614408451014,0.00068001879379334,0.0010862982028265401,0.9,0.9,1.0,119,0.4979466716555648,1.023774110242315
15,40,0.32360815912881796,0.47708715529873896,0.6005452254534015,0.5516646571088748,0.07144440872833713,0.05980221373282278,0.00067315727477899,0.00108797959624951,0.9,0.9,1.0,121,0.5005435038191703,0.963699110359808
15,41,0.3228840524525726,0.535049260999414,0.7767450331185383,0.859509820230206,0.05879877254866904,0.062083269828788444,0.00081776285422674,0.0016585994276444,0.9,0.9,1.0,156,0.5394449041039244,1.0063772605752694
16,0,0.8203534904391753,0.8470672579337457,0.6396674526623937,0.03117342857546471,0.0,0.0,0.0,0.0,0.9,0.9,1.0,1,0.8305681503592895,1.1335530530639977
16,1,0.6272554559217218,0.6706094145486176,0.47720067390407206,0.06507445451529445,0.30401808954377274,0.06503226650963352,1.011655644025e-05,1.442681122988e-05,0.9,0.9,1.0,5,0.7476883125275663,1.132144228717228
16,2,0.6220693364700278,0.6653192577992542,0.471884512635198,0.06707096495151671,0.06422176661006987,0.061581713055442334,8.77253660433845e-06,1.016716862506e-05,0.9,0.9,1.0,6,0.7505826125398061,1.1186949299983229
16,3,0.6188256087059394,0.6620650780469716,0.46862728186215746,0.06619962699741501,0.053502952766295624,0.05825943126691817,6.9452838092892595e-06,7.603224542270936e-06,0.9,0.9,1.0,7,0.7488089064438345,1.1164238387824883
16,4,0.5999333575619741,0.6418129988750748,0.4480829702324088,0.06844830832647415,0.15528817906886083,0.06180952185206945,0.00041378605201607,0.00066148067902462,0.9,0.9,1.0,8,0.7033574028769142,1.0753897594591035
16,5,0.5861164441977236,0.6353368376971656,0.458295732460224,0.08307784589070778,0.09470988118671177,0.06351507940953968,0.00035761146767832,0.00175445644909067,0.9,0.9,1.0,10,0.7195774724707882,1.1750329811308
16,6,0.5776543582180879,0.6262353412162124,0.44909398897209724,0.09412166096092289,0.09238082278310404,0.0650122401968348,1.1759780157310001e-05,1.2878581379400001e-05,0.9,0.9,1.0,11,0.6816681507039206,1.0528757587568631
16,7,0.5690980236008992,0.61723773413973,0.44003083412676797,0.09272873312742262,0.07715648527774163,0.06112026258293215,9.39958971195058e-06,1.0251992052979999e-05,0.9,0.9,1.0,12,0.6843061057057216,1.051618060914758
16,8,0.5472794314195604,0.5932987923737755,0.4157825012052801,0.08430873294298019,0.16238529278313926,0.06324028464557288,3.251983996211e-05,5.786421304498e-05,0.9,0.9,1.0,13,0.7315250485948595,0.9287556796153622
16,9,0.5099510927483328,0.5514890300004083,0.37350097279793787,0.09587784335522029,0.1075330124430695,0.06066745489787216,4.0895927022080004e-05,6.90708233361e-05,0.9,0.9,1.0,16,0.7232339980115343,0.8801721238995674
16,10,0.467449070900772,0.502110087388441,0.3235136150927345,0.09953289079192658,0.26160884664260836,0.062403850594285194,4.634396071187e-05,7.493546515328e-05,0.9,0.9,1.0,17,0.7462245081836189,0.858170775249381
16,11,0.45530709457987234,0.48744818130394313,0.30864163112138737,0.0907365767404258,0.13109118251507945,0.06543510833990682,9.954952376493e-05,0.00024232859256452998,0.9,0.9,1.0,18,0.7156244306508444,0.908659525562008
16,12,0.44755847187828973,0.4781268367898929,0.2992176317162008,0.09284330696712731,0.07537501614072235,0.0645735557480024,0.00010852979460961,0.0002853954934262,0.9,0.9,1.0,20,0.6587368623431366,1.032482496822139
16,13,0.44932969948907,0.4883777427555933,0.3263628634150829,0.10214934273506857,0.0621534240009438,0.0657449132863623,0.00028395287073256,0.00116820659152134,0.9,0.9,1.0,21,0.6660669137320119,1.063337962569663
16,14,0.44467085469849904,0.49002820868420743,0.3447527110845795,0.10777172585033064,0.12093805686668761,0.06636498519266029,0.00184400116127834,0.00567690309625761,0.9,0.9,1.0,22,0.7702375535679877,0.958897908248776
16,15,0.4375623157864108,0.48188206554507,0.33653458431039174,0.10790315944732089,0.08930787013710537,0.06542798330557306,0.0015410222909585099,0.00468376722016789,0.9,0.9,1.0,23,0.7546559047193538,0.9415474918413456
16,16,0.42278181505108847,0.4568054648278421,0.29444060401671296,0.10606513971237065,0.09829493057011356,0.06431923220976424,0.0001078146821129,0.00035299447557363996,0.9,0.9,1.0,24,0.6448456430813756,1.0409590931018202
16,17,0.4195876523394971,0.4611245979939474,0.3155906712120584,0.11464947494430643,0.08276064741039961,0.06486360749993449,0.00029000453697595,0.0011692919210537001,0.9,0.9,1.0,25,0.6432121152053355,1.0325031832571423
16,18,0.4156769214558168,0.4647720483571096,0.33607317311123464,0.11653248224278048,0.08187041917045063,0.06595903166457834,0.00033572570247839,0.00060369959396071,0.9,0.9,1.0,26,0.6896713352603826,0.9388310642559912
16,19,0.39852878203023373,0.44342130049803197,0.31445945556882765,0.1207681538879673,0.14965867925823503,0.06611534516908316,0.00041623767261617,0.0010496476170367502,0.9,0.9,1.0,27,0.6612386648493748,1.015024632150852
16,20,0.3853807629065092,0.4271527243293091,0.2980054738125631,0.12119119296749803,0.12286504708068141,0.0656611802573576,0.00034879300462973,0.0007939617762824701,0.9,0.9,1.0,28,0.6560571567773619,0.9578079445819354
16,21,0.3853108703266137,0.43560551578331796,0.32335592308953565,0.13951290054080528,0.06040804240304766,0.06566984880175489,0.0003488129643605,0.0007940859164869399,0.9,0.9,1.0,30,0.655903185751509,0.9582856315983468
16,22,0.3852556045915016,0.4267768752311439,0.2976146268190092,0.15668787244974838,0.06224220775803086,0.06578021061435195,0.00055022764633298,0.0013792281784500199,0.9,0.9,1.0,34,0.6173798115667256,1.0586670341155016
16,23,0.3838928884366355,0.45091124474998096,0.37243820927542054,0.1640840909190651,0.06260668192325887,0.06558394022932806,0.00033874773675647,0.00086043390516987,0.9,0.9,1.0,35,0.6593267983150544,0.9881804542582564
16,24,0.37679096293781955,0.4161922643431003,0.2869088132808506,0.15925166730051885,0.07991008975844614,0.06614230398830626,0.00036987027511826,0.00079104633698831,0.9,0.9,1.0,37,0.6375306833632789,1.0381797374135022
16,25,0.32078962548066137,0.34539007222604023,0.21532815973631947,0.15187463728760192,0.18650075445870268,0.061052491396705245,4.9492221405669995e-05,5.7734859766789996e-05,0.9,0.9,1.0,39,0.6430055093959262,0.913781963244866
16,26,0.31148598565729085,0.3416677634281965,0.22836115069513663,0.16938123082582088,0.07905205005636115,0.060771827281731736,5.441854117798e-05,6.575690981516999e-05,0.9,0.9,1.0,41,0.6469270496333619,0.9101599245810322
16,27,0.30353700985223653,0.33078931339759415,0.21734445566464847,0.16596468903093206,0.10214953540131314,0.0615647949437404,5.1736949412520004e-05,5.685461330459e-05,0.9,0.9,1.0,42,0.6451835352120843,0.8605534471239368
16,28,0.298840101643512,0.32497701007673563,0.21147880765109145,0.1742075986511971,0.07227332392360006,0.05994082512648805,5.8699283796349995e-05,0.00015834549910025,0.9,0.9,1.0,43,0.6515264579648645,0.9101843107481778
16,29,0.30228759800981775,0.3450248904965383,0.26530314220537926,0.18178571140211325,0.06594060577329972,0.06529329827586619,5.8685053525940006e-05,8.489357463503999e-05,0.9,0.9,1.0,44,0.5888579935675278,0.8444356324268457
16,30,0.29103676255227284,0.32238889123713205,0.22563741564448309,0.180704321822737,0.09992654619236477,0.06180413911929659,6.149123187941e-05,7.339842776456e-05,0.9,0.9,1.0,45,0.6426369809715186,0.8334206886597084
16,31,0.2894275173111583,0.32877727797882444,0.24890049415706605,0.20163772550405257,0.05836530716854249,0.06167646480852344,6.145963107413e-05,7.356471915773e-05,0.9,0.9,1.0,48,0.642552377680979,0.8383793598313845
16,32,0.2870565712566749,0.3173093567898312,0.22050893851375494,0.1971960156744223,0.05893801183624539,0.06074512666086897,5.187101788498e-05,6.530456502319e-05,0.9,0.9,1.0,50,0.6113391496209153,0.8414981470037175
16,33,0.2848270184366806,0.3141841441407332,0.21734352586042602,0.2112584597794728,0.0685997595105927,0.06100893495744932,5.356153408637e-05,6.834121791994999e-05,0.9,0.9,1.0,51,0.6285904676717131,0.851743111787149
16,34,0.2815790366707665,0.3184186902218619,0.23842959409872572,0.217381446589544,0.07063584657320299,0.060509747632129254,6.046407133253e-05,0.00016205954671710002,0.9,0.9,1.0,52,0.6327783031260154,0.8540601377932648
16,35,0.27808641617297525,0.305101300321171,0.2081567231726073,0.21701862161317828,0.07381460815044069,0.060480897542841194,6.252525795209e-05,0.00016420724515616,0.9,0.9,1.0,53,0.6294507232156956,0.8127570169886144
16,36,0.27794287390248296,0.3131606679971269,0.23309976077598696,0.22475286002441258,0.06062520974195868,0.061355822270827885,6.769811608428001e-05,0.00016474169560769,0.9,0.9,1.0,54,0.6435460997416129,0.8193503178232499
16,37,0.2762039797974719,0.3110325234560376,0.23095475968534754,0.23872607424384193,0.057541372537162155,0.06055638008865235,6.275957307719999e-05,0.00016727576784836,0.9,0.9,1.0,56,0.633626850643651,0.8260707971379886
16,38,0.2746744420325977,0.31742825153633475,0.2542224606237278,0.24961296213568884,0.06396688062791125,0.060794857910585975,5.768657461047e-05,7.398553878378e-05,0.9,0.9,1.0,57,0.6294359905337361,0.8823793830057284
16,39,0.272350861311263,0.31410966030772125,0.25086058467980177,0.2382907323597423,0.06978017242130967,0.06113833257236003,6.338879934465e-05,7.007591521602e-05,0.9,0.9,1.0,58,0.62379016526426,0.8193225835857509
16,40,0.26831618786717976,0.31844157141475254,0.2720831320998484,0.3028867621855632,0.0518349325705453,0.05667126124905912,0.00012556447813557,0.0005135946206217699,0.9,0.9,1.0,72,0.6030687161973597,1.0479342071171465
16,41,0.2624129374342476,0.3328372174026869,0.3369486494725942,0.33523967947694405,0.07689776997665437,0.06509087873845487,0.00033192403663031,0.00051444120773568,0.9,0.9,1.0,74,0.6691611889803357,0.9497934320161828
16,42,0.22767157761503415,0.2933854943642539,0.313858615285723,0.3379394048524347,0.27930178643828085,0.06188923247826522,0.00028916772681043,0.000434243768484,0.9,0.9,1.0,75,0.6675255233763592,0.882910678373489
16,43,0.21489022714504458,0.277189768120502,0.29753033706233384,0.339304721615438,0.0960233382656774,0.056256135266140116,0.00021743504416168,0.00047137505224076,0.9,0.9,1.0,76,0.648314982220269,0.8668642511153809
16,44,0.2145561834364898,0.2811326742625221,0.31820946367576497,0.38258136516899655,0.0631454455955131,0.06576736996366211,0.00043515228016931,0.00075047306781316,0.9,0.9,1.0,83,0.6775942606513263,0.9535596818452632
16,45,0.20581668194526073,0.27034107334491075,0.30734070774153,0.38554833916546355,0.06955965413453608,0.06065092604580946,0.00049824144960753,0.00096885663078351,0.9,0.9,1.0,85,0.6376113194349221,0.9461781817940498
16,46,1.1147635872678763,1.1886371726743539,1.2425658786410516,1.3013058428417374,0.9790190009667555,0.06891032901208863,1.0,0.00120199525486568,0.9,0.9,1.0,87,0.643596160790052,0.9670472803116222
16,47,0.20218576942767127,0.2637113659997102,0.30059942620351954,0.415345357670054,0.07215682184244224,0.06396947633592909,0.00045394081241555,0.0007394541631268,0.9,0.9,1.0,90,0.669270281079991,0.9427786673702164
16,48,0.20209463543533612,0.26261927512683203,0.29947047458016884,0.42501771083743717,0.061605231063874805,0.06489262303609432,0.00109647990501852,0.00132623485623929,0.9,0.9,1.0,104,0.6746005311813899,0.8740180441251932
16,49,0.20220810504763173,0.2797329928211578,0.35037890155249674,0.457724809822353,0.06153119158981058,0.06517312964162715,0.00111409984315224,0.0013479003829785599,0.9,0.9,1.0,106,0.6452709923544134,0.9331500685184934
16,50,0.19711657608065064,0.26366469301180906,0.3173225189864698,0.4368040118128383,0.09104055768578014,0.0647889671276805,0.00126014371762182,0.00150113394679254,0.9,0.9,1.0,107,0.6642372625740909,0.8536535842502161
16,51,0.18982342526455145,0.26161132401805326,0.3320486419162638,0.4471010923252747,0.1007191842655935,0.06471243627628562,0.00104593018125429,0.0011784781077958,0.9,0.9,1.0,108,0.6876891013355722,0.931513468399536
16,52,0.17988534154515715,0.2859079500606388,0.4405396851551674,0.6254544606162797,0.06958796278997426,0.07151674476398538,0.00106208134488242,0.00174571276183763,0.9,0.9,1.0,147,0.6001032667211201,0.8954303034029855
17,0,0.8532651740049805,0.8762468618265147,0.6691952405951737,0.035288575528973735,0.0,0.0,0.0,0.0,0.9,0.9,1.0,1,0.775600333262664,1.1308654927113564
17,1,0.7629659481138695,0.8060261476270215,0.6144768896656843,0.07577146005399034,0.19572504492148732,0.04244906671834306,1.997877129576135e-06,2.5333384512129413e-06,0.9,0.9,1.0,4,0.7069428075997632,0.985194068903992
17,2,0.7448539908130646,0.7898332850936083,0.597499788310228,0.10887860206783014,0.2196685240955303,0.09734172304221962,2.890193005504e-05,8.101558514204e-05,0.9,0.9,1.0,6,0.6062037927095822,1.0934892339120166
17,3,0.7044990146164416,0.7495690026777309,0.5570662803262709,0.08556458907360341,0.11875593411623417,0.06844395223160746,8.810596389058246e-06,1.549141298174e-05,0.9,0.9,1.0,7,0.620402626411212,1.0897689439303224
17,4,0.6992787770706348,0.7443338375400103,0.551741546782978,0.08677114707331449,0.09409696984054244,0.0709595454082268,1.0217674047500001e-05,1.7965436321569998e-05,0.9,0.9,1.0,8,0.6184435133802741,1.037514014348465
17,5,0.6316362959216472,0.6670846431884623,0.4569598918488413,0.07371740203562703,0.26223734292463624,0.05351572032585357,2.6346488576419998e-05,7.269543949644e-05,0.9,0.9,1.0,9,0.6195581253335081,0.7849742515198725
17,6,0.6127921681783488,0.6464034537619191,0.43582763239627353,0.09507386329101743,0.21763191205143367,0.072549315582804,1.858910921686e-05,4.208444437504e-05,0.9,0.9,1.0,10,0.5844871138007736,0.8844891243437726
17,7,0.6081639824470113,0.6412572310844703,0.4305775593825456,0.09739801377861139,0.10405806077036171,0.07649119352634469,2.074623077454e-05,3.7178451612309996e-05,0.9,0.9,1.0,11,0.5855193777666204,0.843912159973839
17,8,0.5993020227783064,0.6408963999153667,0.4471133178915493,0.09593154741720822,0.060876306088431587,0.06681633543966393,1.7917406827070002e-05,4.309075241108e-05,0.9,0.9,1.0,12,0.5934838768212514,0.7744413255407084
17,9,0.5848834087521396,0.6252305412837714,0.43123773491508943,0.09535385199256649,0.13290471044243116,0.06893717405435582,1.72395230545e-05,3.451658784537e-05,0.9,0.9,1.0,13,0.5751625496088636,0.8713066957585961
17,10,0.5689305533309672,0.5985874484204448,0.38738988318961187,0.11658620131380697,0.17285836210906128,0.07722718165455998,4.719218683774e-05,5.669359793083e-05,0.9,0.9,1.0,14,0.5377771966654404,0.8798399079246104
17,11,0.5545390049478943,0.5920675987507829,0.3976839504218524,0.11375304060005156,0.07126263848915641,0.06845777181411496,2.59600131258e-05,4.168578034446e-05,0.9,0.9,1.0,17,0.5514107566278664,0.8728098512470112
17,12,0.5280453589561798,0.5617690608035097,0.36695428779461653,0.1187800110595582,0.21319070834625156,0.0748921946529845,4.7942129784000003e-05,3.851946359059e-05,0.9,0.9,1.0,18,0.5385577845033628,0.8388067081966868
17,13,0.5100247458028736,0.5412864194943996,0.3462340147370927,0.1153962926494411,0.1069883989317275,0.07420121034058158,8.808739462091e-05,5.1535456666019995e-05,0.9,0.9,1.0,20,0.5371540714184585,0.8304446585765076
17,14,0.4913115181746705,0.521486013195971,0.32633479336085464,0.11814995059701883,0.07204232484397871,0.061448080749779546,4.229408200378e-05,4.320628276071e-05,0.9,0.9,1.0,22,0.5492694046422734,0.7540933177582387
17,15,0.49271880535051793,0.5217094110818065,0.32645359397902507,0.11249632552686369,0.08201002046931927,0.07141477903692509,5.6844389671360005e-05,3.830012026817e-05,0.9,0.9,1.0,24,0.5282571438080119,0.8467756228098995
17,16,0.48119945797195723,0.5173035817017848,0.3388245549583499,0.11677587206754599,0.10293184138704235,0.0684118176186703,4.463728550432e-05,3.441412304125e-05,0.9,0.9,1.0,25,0.5437164780583309,0.9155228919278088
17,17,0.4775659735555995,0.5127363090960979,0.33418131052489214,0.11767334814783996,0.08906250421234216,0.07039732402591538,5.154261699194e-05,3.9737944254179996e-05,0.9,0.9,1.0,26,0.5492688113785802,0.8690811139725244
17,18,0.44046055122446687,0.4617877773271317,0.2659286385924869,0.1297496121125559,0.19182818613237884,0.060682642389404004,0.00011174781093892,0.00026360884574355996,0.9,0.9,1.0,27,0.5552978978681504,0.8231394142290024
17,19,0.4430972037718259,0.47197072393324857,0.2929396563760001,0.1431633576864833,0.07051422640301383,0.06941400073708157,4.351251201347e-05,3.883650819363e-05,0.9,0.9,1.0,30,0.5408118791026759,0.8113890258487363
17,20,0.44114135069779903,0.4699278957277569,0.2908906988927923,0.14156248270580013,0.0617141860264924,0.06771936404642333,4.222317010102e-05,3.696307863408e-05,0.9,0.9,1.0,33,0.5408447206896689,0.8093497292851063
17,21,0.43305504737869865,0.4773157410293192,0.33196429167414393,0.17889505920565246,0.0670222248600336,0.06677062452380386,0.00025548968381365,0.00039035546872210003,0.9,0.9,1.0,39,0.4867575148475062,1.0032060307177169
17,22,0.4291093509582888,0.48989266687989347,0.37830066507141863,0.18779249502709253,0.0637459328230816,0.06525906971104779,0.00025070468497934,0.00046380216759870995,0.9,0.9,1.0,42,0.4914296825584631,0.8065463793607509
17,23,0.429369842361028,0.4707096878435528,0.32516282668599705,0.23231492514233681,0.083727991235815,0.07784502732160148,0.0001062216167604,0.00031841260619529997,0.9,0.9,1.0,46,0.5922500553809004,0.9345626246642688
17,24,0.4250398061811769,0.4830949560459995,0.3713208262673655,0.25298450687402113,0.07638593356315859,0.0740595513087309,0.00046149771403213995,0.00080010253953894,0.9,0.9,1.0,47,0.614040791000592,1.0979145061915718
17,25,0.42170737176492834,0.4875120291839634,0.3925862357804484,0.26309518898888573,0.07646088556269418,0.07415764598960128,0.00046610001829811996,0.00080808159386353,0.9,0.9,1.0,49,0.6155934217229379,1.087989551763889
17,26,0.410846959297819,0.45838086046919585,0.32958235820217263,0.23650840838462292,0.08753260410450231,0.06853974968648195,0.00020432947732634002,0.00034086884782062,0.9,0.9,1.0,50,0.6035552450480245,0.8522869515809822
17,27,0.3970604728515876,0.43890320424150336,0.3097600358244715,0.2525342279104331,0.12981822839760718,0.07888957329956107,0.00022947152647586,0.00040241428377545,0.9,0.9,1.0,52,0.5964703291702007,0.8893565596334532
17,28,0.39706017444067454,0.4474453285189377,0.3352011253354625,0.26330235163311533,0.07160979024078569,0.0788896123911604,0.00022947171378717002,0.00040241453577031,0.9,0.9,1.0,58,0.5964701638875365,0.8893580325405016
17,29,0.3910105468503292,0.43974583902805486,0.327406139238452,0.29265335977558515,0.0879802576419273,0.07921946263617193,0.0002348151064379,0.00038283493921582,0.9,0.9,1.0,60,0.5900587509352991,0.9295095229754424
17,30,0.38000006585656554,0.436413899116274,0.3409227561992177,0.28819510558509465,0.06989536903556827,0.0706610460290544,0.00023595380300559998,0.00041179397104339004,0.9,0.9,1.0,63,0.5791816667899903,0.8657149693256152
17,31,0.3839692227972452,0.4393948384777946,0.3438468088203836,0.3101597175730283,0.09129056577803439,0.07928337886493977,0.00023752643086109,0.00039628881717025,0.9,0.9,1.0,64,0.5942007832771014,1.0039455229234506
17,32,0.37314690377487725,0.43680146007264103,0.35813612338117135,0.30406900217941807,0.06398277196412884,0.0683908188925449,0.00023812562159888998,0.00042496064171753994,0.9,0.9,1.0,67,0.5749447821064324,0.8661725381994441
17,33,0.38142581200921893,0.43539761153845835,0.3397678601919356,0.3275558098181291,0.09713023704330924,0.0824436738430541,0.00024075765038375003,0.00039734286911532,0.9,0.9,1.0,68,0.5977345764051006,1.0404203917513897
17,34,0.37753621241799795,0.4306310617338096,0.33495306187958146,0.3340191230420796,0.08225368680914616,0.081641938532076,0.00024085392293979,0.00039624303630452,0.9,0.9,1.0,70,0.5984982849471212,1.028678652975639
17,35,0.36030340450250625,0.42037801415072457,0.34151775840050885,0.3133012183211113,0.0891932536594549,0.06830101492995666,0.00023409206693596999,0.0004146378997693,0.9,0.9,1.0,71,0.5553816045384388,0.8673683994395281
17,36,0.3557359277562443,0.4487057948635841,0.4373731149525585,0.37885717948994574,0.06450117604444518,0.06810064206001738,0.00024875372452048,0.00043540838947454997,0.9,0.9,1.0,80,0.5755992524309499,0.8675167039843
17,37,0.3503617038112056,0.441468316726941,0.43003772350300823,0.38677472669198076,0.0959563759572124,0.06917252617667465,0.00024861480727782,0.00043080315141054003,0.9,0.9,1.0,81,0.5805260158472522,0.8753215856411554
17,38,0.3365831836909023,0.44161692488328,0.46382224795398025,0.4049291085184576,0.0650112673396265,0.06483988060486084,0.00044973271560232,0.00078094630322591,0.9,0.9,1.0,91,0.6054417843392956,0.9391243620371889
17,39,0.33378081492555145,0.4380937701947777,0.46026269938425013,0.4081968392630852,0.07134112059316476,0.06428620657605051,0.00045840709556247,0.0007932646160672401,0.9,0.9,1.0,92,0.6020437906456612,0.9295998218175676
17,40,0.32148987851010413,0.44095345008138026,0.49682372556671583,0.43446713983746876,0.059425145808690016,0.057103011670798766,0.00054354269506152,0.00102828541822314,0.9,0.9,1.0,97,0.6118242812152432,0.8831421163688009
17,41,0.32826866346852773,0.46462643458996084,0.5542850226246584,0.5001683265807021,0.06192822464935456,0.06563969258348643,0.00043303696543612,0.0008401400025887899,0.9,0.9,1.0,99,0.6184344307842318,0.885538196303608
17,42,0.31928835155453106,0.45280777879210166,0.5423279788947598,0.5236166659025645,0.07564120629460429,0.06540287474238525,0.00045177224322292,0.00080429910397026,0.9,0.9,1.0,102,0.5998398142474073,0.9055918626921464
17,43,0.30665807933095157,0.4449375483541601,0.5511771542398624,0.5762292387852147,0.06336552257738048,0.06394934801589856,0.00039342120540956,0.00079348252852307,0.9,0.9,1.0,115,0.5860217911542017,0.8024322249507239
17,44,0.3063606962169915,0.44448711285387993,0.55071957200101,0.571938142663758,0.05933799059570155,0.06410880319259014,0.00039734103771719,0.00079718319050959,0.9,0.9,1.0,120,0.5849771651173075,0.7969963386480322
17,45,0.3060907350796923,0.45265964086375843,0.575786103110893,0.5849615072750526,0.05939840966271358,0.06413135282695033,0.00039754853349213,0.0007976693647911299,0.9,0.9,1.0,123,0.5847608769461221,0.7976055865408428
17,46,0.3052313483938437,0.44302998972822083,0.549247097083051,0.5888504194661711,0.06226366768093998,0.0639414072076522,0.00038803689198340003,0.00078016885382474,0.9,0.9,1.0,124,0.5899762205349505,0.8001854170439527
18,0,0.8744416846493359,0.8947336039396949,0.6879027572552602,0.037895728075600266,0.0,0.0,0.0,0.0,0.9,0.9,1.0,1,0.7413948377979817,1.1589208727040812
18,1,0.9035664549587452,0.92394285169503,0.7171057947341322,0.07724502989466155,0.03024970945540511,0.03300821203815596,9.7411332202524e-06,8.75404679582591e-06,0.9,0.9,1.0,5,0.7711833460814286,1.1972544851689024
18,2,0.6631618550944655,0.7081054923203098,0.5153407929367665,0.0652911434411558,0.9965439903688249,0.04676329005730212,7.293215991785871e-06,9.303022692688852e-06,0.9,0.9,1.0,6,0.674562176210425,1.0880372923375012
18,3,0.6030722034981301,0.6455990954758807,0.4519984663661972,0.06420944309563048,0.19072845326277035,0.05507974249009301,1.748564989854e-05,1.958841884191e-05,0.9,0.9,1.0,8,0.6524231281827265,1.1073978330631795
18,4,0.5801260625846273,0.6211148289882081,0.4272259250016157,0.06425114593650284,0.14662774776959844,0.054720336466571706,1.128276510309e-05,1.351107326093e-05,0.9,0.9,1.0,9,0.6555117244446336,0.9991983109493529
18,5,0.5521214219622985,0.5901279958889586,0.3957934974777095,0.07202450462437643,0.13103718948847187,0.06172485230839386,2.665164466458e-05,3.316784198208e-05,0.9,0.9,1.0,11,0.6002826171854847,0.8134151715233396
18,6,0.539479227160221,0.5848177807284506,0.40724315727213684,0.07521267667645949,0.07670790739807375,0.05929233570611747,2.088517919166e-05,2.5991503785780002e-05,0.9,0.9,1.0,13,0.5996265405146409,0.8424456200349817
18,7,0.5207439276965875,0.5633157546903583,0.3854335408846959,0.08019879633324616,0.16156527788113453,0.06402169908603546,2.3993752948049998e-05,2.839550960662e-05,0.9,0.9,1.0,14,0.6595999034455451,0.8295370731174018
18,8,0.47856553909514593,0.5080329204784384,0.3127233690819574,0.07293485223420718,0.23876849764132893,0.06122511886474362,5.1094902098170004e-05,4.569863911325e-05,0.9,0.9,1.0,15,0.6076356602490514,1.0068236179566612
18,9,0.46346154165024306,0.4974296577232342,0.31877497635456625,0.07742979020762447,0.1339443411282828,0.06271198561982443,2.540682671441e-05,2.8580287220029997e-05,0.9,0.9,1.0,16,0.6192340175252462,0.8023776665666168
18,10,0.42102886918442456,0.44721147925731775,0.26799460147372006,0.06909083294999604,0.2429106186561998,0.059196116620883324,4.0039787395150004e-05,3.581108328237e-05,0.9,0.9,1.0,17,0.60252384866526,1.1140011341783091
18,11,0.42034414826036076,0.44623643625245657,0.2670001317408218,0.07424927463175132,0.060597233856634174,0.059951872999968216,2.4586690786210004e-05,2.9082684121170003e-05,0.9,0.9,1.0,18,0.5951937017076543,0.9186574874910856
18,12,0.4076726241786603,0.4386501925262162,0.27608695225938834,0.09379125120249951,0.08223626298948133,0.06303944673707175,3.183308192459e-05,3.569799927139e-05,0.9,0.9,1.0,21,0.6167572339598002,0.8526379677225507
18,13,0.4084182078877341,0.4294358015961007,0.24988499955931262,0.10928090241981138,0.09344736904437849,0.07021002512460386,0.00011705417640905,0.00025738426903349,0.9,0.9,1.0,22,0.60102363339764,0.8059415226235472
18,14,0.38894365826426786,0.4149881557949822,0.2521227153410697,0.09512750388494247,0.1305419296896159,0.06487549264904342,3.043883694037e-05,2.86014730511e-05,0.9,0.9,1.0,23,0.6036012673273872,0.911289142969484
18,15,0.38783381174694836,0.4036369693014246,0.22377298461108344,0.1158038435119148,0.08081656488799334,0.07068408005133897,0.00011774967647026999,0.00026340887973226,0.9,0.9,1.0,25,0.6130465688353377,0.892349002551947
18,16,0.3531622080759623,0.36926663211196464,0.20584502315283792,0.11133171260031814,0.21346363776493427,0.065650319174237,9.569996951551e-05,0.00014091555232508,0.9,0.9,1.0,26,0.6176316669416269,0.9902459355348466
18,17,0.3403634814890926,0.37054504107723557,0.24076407909649103,0.13546705763691733,0.06425516339232148,0.06261479115940245,9.014999398118e-05,0.00023771646119539,0.9,0.9,1.0,33,0.5900871678860394,0.9520512581043632
18,18,0.34116742793762106,0.362540128976998,0.21584648267989123,0.13785481124326898,0.06297496111793716,0.0645234696175429,0.00010310596216111,0.00019224034134251,0.9,0.9,1.0,34,0.5935304053685477,0.9813015060834802
18,19,0.33522257508705683,0.35458425371340846,0.2077881988969822,0.1440942747113989,0.09356320173428906,0.06522321322237033,0.00010882124600218,0.00017951732067592,0.9,0.9,1.0,35,0.5938085346079383,1.0073142725677573
18,20,0.33184270201963434,0.3594226174221065,0.2295091585860816,0.15047234746347368,0.062156837261149,0.06255670520624938,9.739841923330999e-05,0.00025356110867199,0.9,0.9,1.0,36,0.601626273427141,0.9735297351173856
18,21,0.3272535003320507,0.3539426472612757,0.22398455106258452,0.1664299509983658,0.062450235852861524,0.06047005033487392,0.00010998995511488001,0.00038259315277949,0.9,0.9,1.0,38,0.5966799627717697,1.0392383551482076
18,22,0.32415239677027524,0.3485329863818884,0.2184606868991445,0.1616468005098673,0.09756768697289296,0.06522917924336165,0.00010079172384529001,0.00025342334556318,0.9,0.9,1.0,39,0.593517814450546,0.9139077812099948
18,23,0.326495418229334,0.341809445394517,0.1948127662428066,0.1759484978961965,0.06589076874223126,0.06967087958290806,0.00010524924568796,0.00021364176919103003,0.9,0.9,1.0,42,0.5944536042184183,1.057514444434993
18,24,0.30824859198636034,0.3262280296082076,0.19585025978200357,0.19291485368638475,0.08124099565371581,0.06891693902698896,0.00011068213439676,0.00021087085207648,0.9,0.9,1.0,47,0.5567812569949724,0.9873324223270836
18,25,0.30347033059831746,0.31114075863914276,0.16378248567672327,0.1994698345181351,0.07644034765508724,0.06925680461716129,0.00011128570142235,0.00020680648327052,0.9,0.9,1.0,49,0.5571810895033941,0.9998124963119434
18,26,0.3002057282808787,0.30703748952823284,0.15964067171199334,0.20535142105748244,0.07473986950604714,0.06822015117368041,9.412704382497e-05,0.00027265322590758,0.9,0.9,1.0,50,0.5891184372567477,0.92564079493411
18,27,0.29788671780487047,0.3040146535979782,0.1565857543852488,0.20463665929009112,0.07225249518522082,0.0678876678095694,0.00012436603703989,0.00020913046195407,0.9,0.9,1.0,51,0.5542416542843789,1.0589347986612707
18,28,0.2913890782789093,0.312771661919611,0.19905793768230723,0.2049678882229454,0.08795830953535717,0.06623087154095847,0.00010343494873049999,0.0003207945516335,0.9,0.9,1.0,52,0.5864547247117927,0.9097486418997072
18,29,0.2930885268474895,0.3138840703197487,0.2001436942828129,0.21914488892050837,0.07222520511260008,0.06999141026041486,0.00011450196305173,0.00024297434945651,0.9,0.9,1.0,53,0.6123615087869663,1.0318830822714586
18,30,0.29018762148905364,0.31878163713271335,0.22190699134888464,0.2285500298322321,0.06808053463243938,0.06898624621840141,0.00011346148251297999,0.00028492100833905,0.9,0.9,1.0,55,0.5962115918045449,1.0514154033536312
18,31,0.2844655447864641,0.3021527988575942,0.18827503334203097,0.2284889051897581,0.07489251138926013,0.06973394904835495,0.00011006636657552,0.00027685735754138,0.9,0.9,1.0,58,0.5837276117105934,1.000533508064406
18,32,0.26275869653812883,0.33484706464473096,0.33902882146877406,0.3241670807754771,0.06043252945164614,0.06048516194707596,0.00040223025450335004,0.00072320694881493,0.9,0.9,1.0,74,0.6111990460742082,0.892883527019466
18,33,0.2613758475618181,0.34928049494178304,0.3872065173336537,0.3532208839659844,0.05886705042318291,0.06288431242289402,0.00033490839849464004,0.0004620213850883,0.9,0.9,1.0,86,0.6594146002654813,0.9144165734021018
18,34,0.2565057011473395,0.35017630139207806,0.4048848313211966,0.38216872684883496,0.09878925557022522,0.06491574529473645,0.00038329124065061,0.00068834103351675,0.9,0.9,1.0,87,0.6102988707912059,0.8126364161481909
18,35,0.24827592633792994,0.3383086040225518,0.3928682467641274,0.38118866739943164,0.11031051998219263,0.06557905558257082,0.00041037678462001995,0.00067194652695438,0.9,0.9,1.0,88,0.6420804007346864,0.8957369288153505
18,36,0.24648089207101925,0.3441170716399012,0.41553751553939783,0.39330745793576055,0.07335984278351974,0.06608426132659598,0.00037172781572977,0.00070443626538597,0.9,0.9,1.0,89,0.6372258306355809,0.9159818626901318
18,37,0.23537725843851962,0.3126188607859027,0.35010888488190817,0.41240678424290333,0.07213703551084619,0.06231984510105729,0.00038773195356608004,0.00077447645080644,0.9,0.9,1.0,92,0.5789418484294282,1.1490559436205308
18,38,0.22053058461785807,0.3002574218843086,0.3544091170206481,0.4252289691460398,0.08289784996106811,0.06119513481221102,0.00043136287928442996,0.0007191493915306701,0.9,0.9,1.0,95,0.6064429777837415,1.2240774931373612
18,39,0.21248906430224693,0.32329360880205754,0.44492220159695933,0.5201422625644941,0.058630003786280936,0.05958644707069247,0.00050260182967467,0.00090569307087398,0.9,0.9,1.0,106,0.5791607833434185,1.1427457240211774
18,40,0.20986062355828222,0.3281857748490623,0.4666745140607573,0.5062675857559653,0.06752876276698036,0.05913432239797424,0.0004731960314274,0.00091530752508116,0.9,0.9,1.0,107,0.5722031161646333,1.222042793819385
18,41,0.2030208490023053,0.3267868045717636,0.48205780121838576,0.5130969246041494,0.09378601824388925,0.05889264212685182,0.0004892803974447699,0.00094831227968202,0.9,0.9,1.0,108,0.5698376754810754,1.2221241242107397
18,42,0.19576778519695517,0.3079706352011368,0.44623057824372436,0.49819343438970526,0.0724318898116629,0.0579271791908168,0.00052125371111205,0.00090373517157738,0.9,0.9,1.0,110,0.6026785032514443,1.129499724120945
18,43,0.19510975088587823,0.3065569454195096,0.44478946941972225,0.503241452118833,0.06381891284228773,0.05892224584896878,0.00053313752622569,0.00091418521093282,0.9,0.9,1.0,111,0.5941948968745799,1.1194543277068307
18,44,0.1908250485640308,0.29211769437094387,0.41339186863382243,0.4973126948684522,0.06012668168255331,0.05789151750709798,0.0005083613197365,0.000915840670362,0.9,0.9,1.0,114,0.5748732550632614,1.155933322275135
19,0,0.7757467790393593,0.8066136924733369,0.5987308259559605,0.025468332834439052,0.0,0.0,0.0,0.0,0.9,0.9,1.0,1,0.9059366263785136,1.1335087572189386
19,1,0.7401442585274836,0.7742529669962097,0.5658366077789247,0.0381701759257959,0.07236817961282048,0.01369189560311336,1.3463395460456734e-07,1.2724318951571839e-07,0.9,0.9,1.0,4,0.8725651479791882,1.1079612591502617
19,2,0.6433283328543015,0.6877814709643079,0.4947252476265877,0.060142301539761925,0.30600834054211656,0.05131039769725182,1.057407405586e-05,1.072230376214e-05,0.9,0.9,1.0,6,0.7396529520331914,1.0653402847849514
19,3,0.6166684206261989,0.6599238701026834,0.4664905636770409,0.06650155301403243,0.11358068642046368,0.0554315305301993,1.7497650180889998e-05,2.0344349812980002e-05,0.9,0.9,1.0,8,0.7049340902259205,1.0929958453794772
19,4,0.5943726454054498,0.6360844419801736,0.44232302374804566,0.07269459925100466,0.10895030818137495,0.05947021736436986,1.793065037014e-05,2.398556801711e-05,0.9,0.9,1.0,10,0.6900400663603717,1.061149265311082
19,5,0.5883547360731219,0.6377026815597199,0.46068234107318584,0.07712983392285351,0.08652046544337336,0.0664308341205562,2.925012275444e-05,4.9129017319399993e-05,0.9,0.9,1.0,12,0.6664571735157657,1.039512015638403
19,6,0.57286517621168,0.6200737804908687,0.4427277214568286,0.08976169148336641,0.17978765247204173,0.07708630359864474,4.896312202898e-05,9.531608273655e-05,0.9,0.9,1.0,13,0.6722896183013473,0.936729054054483
19,7,0.5534565716684992,0.6000829628043085,0.4226687480471814,0.08629167324715305,0.066630192203601,0.061310905187242526,2.621710620294e-05,4.179924226844e-05,0.9,0.9,1.0,15,0.6741880800707942,1.074161585272547
19,8,0.5445765727816316,0.5905387018971008,0.41304031943621844,0.0887811383747343,0.06692892895021962,0.058524341877422836,2.647848529535e-05,4.436457122016e-05,0.9,0.9,1.0,17,0.6713179179988915,1.0337817814919097
19,9,0.5445806038207565,0.6063240433000596,0.4624577733795004,0.11211184111729337,0.12170005394279096,0.07238040123172433,6.965610240371e-05,0.00011795672125621,0.9,0.9,1.0,18,0.6958627122725648,1.110370446377095
19,10,0.5133710802305398,0.5645502539171705,0.40357486668650894,0.08129903641187652,0.12026922864834966,0.053556475247690506,0.00048821307002076006,0.00105875061521149,0.9,0.9,1.0,19,0.8294183088980602,0.9923480878045328
19,11,0.48417134319598343,0.5313476939897143,0.3699865575503246,0.08367553685182996,0.11395551844887233,0.052766121423459725,0.0005768283565237701,0.00080253470238954,0.9,0.9,1.0,21,0.8001828711197843,1.0391392474314158
19,12,0.48009173220493917,0.5264246137662719,0.3649883180944069,0.09221147156966326,0.07555735971281709,0.05290319455816199,0.0008391337878477,0.00180965642834847,0.9,0.9,1.0,22,0.6679078019135779,0.9418739417937736
19,13,0.4490386184376967,0.5034456323452271,0.35886370060327005,0.06238447769952211,0.03765420456599394,0.0247493134794409,8.293682511456999e-05,4.035588168448e-05,0.9,0.9,1.0,23,0.9839461500316892,1.016537345906823
19,14,1.3395011383364792,1.3919199629050973,1.2471720560341393,0.9743751539455267,0.9807852636647081,0.02737101108957383,1.0,0.00013109558799819,0.9,0.9,1.0,24,0.879108511492415,1.0154069706335218
19,15,0.4294420998608101,0.4810499846075878,0.3362372697351917,0.0714973906130328,0.02657614214545991,0.02108848617851453,0.00034769871896163997,1.901999138811e-05,0.9,0.9,1.0,27,0.7863752048292053,1.030487523685232
19,16,1.3258228080015773,1.3772049474436197,1.232373411914081,0.9690221059059285,0.9235460527531452,0.01893589568854782,1.0,1.764011167268e-05,0.9,0.9,1.0,28,0.8133452464015581,1.030534868436928
19,17,0.4175721388888799,0.4668473247173335,0.32185651500722806,0.0821000081772223,0.07352281013572927,0.02177373473642984,0.00043706972028725996,4.322154975619e-05,0.9,0.9,1.0,29,0.8014385090289907,0.9539814200793646
19,18,0.4046042880244,0.46024922107645444,0.331996699087985,0.08386210673175498,0.04548183866574421,0.02000132792026631,0.00037607488437216,1.2237763819429999e-05,0.9,0.9,1.0,31,0.7909036067642015,0.9734605030941412
19,19,0.4235151474010614,0.48634820387115496,0.3748976317798376,0.09792681665506607,0.05490730930599696,0.04680807879299375,0.00068812780863615,0.00125850053397445,0.9,0.9,1.0,34,0.6829573407362584,0.8341315211643644
19,20,0.4116609553012756,0.47264596742146386,0.3610676292165115,0.0899539771891321,0.06261539308891224,0.04339371200711504,0.00074093509091806,0.0013055526897778201,0.9,0.9,1.0,36,0.6647714027892835,0.8487873279686551
19,21,0.4077515902324947,0.4587935873577434,0.33022189192980217,0.09320223959012791,0.07552195151071567,0.04476435369300476,0.0011429825189826401,0.00231155772769597,0.9,0.9,1.0,37,0.63588755923691,0.8831789358740393
19,22,0.390615839260742,0.4545744772161826,0.3595321158676448,0.1452392011767272,0.090062177243886,0.04788837401769646,0.00074198138523243,0.0010210093751429699,0.9,0.9,1.0,39,0.6691501048318159,0.8549949089877572
19,23,0.38617236606059074,0.44793313880077223,0.35275569236001036,0.12997222812080472,0.09504400177946866,0.05308411262893934,0.00070359124434523,0.00104669197350534,0.9,0.9,1.0,40,0.6623370426903394,0.84304980179849
19,24,0.35540197779738847,0.41046695843611236,0.3149006804442342,0.1446773367089089,0.17587968113605995,0.04734280388533041,0.00096011208597229,0.00108552162760365,0.9,0.9,1.0,41,0.6417466070857621,0.8549924170551085
19,25,0.335887655556933,0.38382865079847156,0.28788006664621385,0.1286925054938103,0.17905077059180396,0.053616962960007744,0.0008292389432277101,0.00094887323225016,0.9,0.9,1.0,42,0.6241808116888561,0.810622939193872
19,26,0.33054957779596356,0.3774203903876112,0.28141652360648345,0.1225897649093419,0.05749205136835123,0.05150096075882234,0.00100034424637885,0.00091635535470028,0.9,0.9,1.0,44,0.6185522996451626,0.8002808963896676
19,27,0.3283503634908022,0.37466091780208854,0.27862844363952316,0.1424173594903887,0.05748494830864897,0.0507212455388491,0.0009690030982929399,0.0012876176853398899,0.9,0.9,1.0,45,0.6384727691148819,0.8496496129708727
19,28,0.32609258348555875,0.37084836987063025,0.27473697322065366,0.13842338650979075,0.06391185108775059,0.05427714845240054,0.00089486741027549,0.0009450044331953801,0.9,0.9,1.0,47,0.6155522385237897,0.8011655238088038
19,29,0.32142338251397595,0.3661021376653994,0.2699869066493361,0.14353396182325348,0.04748816661448064,0.04916037760352064,0.00109363097499257,0.00095007139730448,0.9,0.9,1.0,48,0.6197002307274165,0.8090393257057119
19,30,0.29490343301879396,0.3285061459336133,0.2318573606391609,0.15550833013146775,0.08333077289781526,0.05683217808433213,0.00090436850209387,0.0013165103805910501,0.9,0.9,1.0,54,0.6560753492858848,0.9518064414344054
19,31,0.2981272152028965,0.3385049884410947,0.25867490449484076,0.1839316192685412,0.0749882588740468,0.0657026920984361,0.00097519086412968,0.00145341904832477,0.9,0.9,1.0,56,0.6061229801040006,0.9838409818319692
19,32,0.2981272152028965,0.3385049884410947,0.25867490449484076,0.18770910339080546,0.061463901915644076,0.0657026920984361,0.00097519086412968,0.00145341904832477,0.9,0.9,1.0,58,0.6061229801040006,0.9838409818319692
19,33,0.29111473682095856,0.3289849704923214,0.2490418582800077,0.20142151405626912,0.09950219146679784,0.06590589487283813,0.00086040450550202,0.00131149259315056,0.9,0.9,1.0,59,0.5906448720371236,0.9077245588051795
19,34,0.28928312570327747,0.3344225994226389,0.27132188081780123,0.19362064712956462,0.08214853172400917,0.06718330320370838,0.0010729942311192698,0.00160868481993452,0.9,0.9,1.0,60,0.5996766851783769,0.9713600856618284
19,35,0.28060738321038825,0.3244334713231424,0.2612746273098144,0.20694858334890814,0.07749716803171569,0.06194746521616926,0.0008803477771569699,0.00136411503707873,0.9,0.9,1.0,61,0.5980846826984415,0.9459607747863756
19,36,0.2775453866137222,0.3209143331099238,0.2577353133655098,0.21253132983697576,0.05946151405109786,0.05996434810541702,0.00087444099453365,0.00131661184648476,0.9,0.9,1.0,63,0.602350969142174,0.9275443562904916
19,37,0.2771848745342203,0.3193404516126474,0.2561083584148591,0.20712670337987613,0.06793466129171256,0.06290991747391585,0.00094679728971693,0.00147908862924954,0.9,0.9,1.0,65,0.5965595616002916,0.9727184250990328
19,38,0.25541401079725845,0.31027817496243154,0.2806551210248299,0.25172876281393003,0.11247239039961429,0.05172063542603915,0.0009500494493723999,0.0012112418999430902,0.9,0.9,1.0,66,0.6150432123445542,1.002370772685242
19,39,0.2543686184207097,0.3173516599164492,0.3046106476371338,0.2677000264614184,0.049494989448878396,0.05138490782402699,0.00086659870247017,0.00153862684366433,0.9,0.9,1.0,72,0.5663255247834765,1.011652692513836
19,40,0.2509744478847835,0.32127522923812873,0.32538044321563997,0.2724987247137907,0.066432331163452,0.05066929780282653,0.00114588552645902,0.00172175288412555,0.9,0.9,1.0,73,0.5962033919112426,0.9195501656985372
19,41,0.2292705538413338,0.28952352178508245,0.2932194783780712,0.30019980161560833,0.07845962795217525,0.053975618126050826,0.00122330440589672,0.0012014859508175401,0.9,0.9,1.0,78,0.6072302228589197,0.9193454863636772
19,42,0.22577810016233282,0.29374926623872455,0.31431137945469134,0.2941374987377358,0.06034157059564206,0.051783584412987735,0.00122974974355602,0.00159056165538125,0.9,0.9,1.0,79,0.5883493341412707,1.0976853692831707
19,43,0.2150779786719149,0.2723537908533192,0.2759321593168093,0.3201677516445725,0.05786655911020962,0.04566501239453064,0.00125056404291579,0.00132922563289879,0.9,0.9,1.0,81,0.6232593244149092,0.9316019904947752
19,44,0.21715559218477076,0.27344837929877164,0.2769884877658656,0.32738312445986306,0.05434897902020573,0.0505445979630086,0.00124029626008631,0.00125872393682996,0.9,0.9,1.0,83,0.6204517386737011,0.9277358657442076
19,45,0.22170945539502648,0.3583180862423098,0.5306498894029958,0.45667562935353284,0.06773050150169024,0.06801083631962816,0.00107390762274943,0.00163762855235973,0.9,0.9,1.0,100,0.6834692480038274,0.9543403319971326
19,46,0.20848390499158292,0.34029907380493407,0.5124506342338654,0.48511040712152637,0.06767043676146474,0.0651045699904888,0.00089837288431709,0.00150083156512676,0.9,0.9,1.0,109,0.6978811933427177,0.9666044129496624
19,47,0.20626175509918174,0.35416716262785874,0.5600795028236938,0.5359352332127016,0.06286946276846264,0.0649116128760715,0.0009564146846289,0.00150484429197179,0.9,0.9,1.0,115,0.6911479731211752,0.9556760457695402
19,48,0.2057870212530105,0.35343888248622357,0.5593416823295808,0.540266528131825,0.06402385474967202,0.06496533826953477,0.00096600565145008,0.00150793553153887,0.9,0.9,1.0,116,0.6912368563073717,0.9585639098575452
19,49,0.20655708685019838,0.35380253024967956,0.5596903475324844,0.5285662485381536,0.06501065202457734,0.06681002390399697,0.0009313941224293101,0.00150326068938199,0.9,0.9,1.0,118,0.6953340104352083,0.9667282374703956
19,50,0.20999647532255572,0.3646744380758602,0.5874201940196689,0.5513735016067495,0.07515003437187974,0.07273829646604177,0.00113156303472351,0.00174985569031702,0.9,0.9,1.0,120,0.6989386801390738,0.8741616072418463
19,52,0.18135865019221387,0.3522984271527565,0.6253984737403593,0.6168491453348024,0.06298709635810536,0.06281470769779965,0.00071857526152627,0.0017342505608626299,0.9,0.9,1.0,138,0.6550169232014741,0.946059126090642
19,53,0.17362334452406,0.352255168385854,0.6422267097128893,0.6236515280710062,0.06141795301983702,0.05589618169940717,0.00073469571704211,0.00165679028559807,0.9,0.9,1.0,139,0.656225307159837,0.9620419696878606
19,54,0.17171674365171266,0.3458877029512523,0.6357033624620692,0.6282373975720251,0.11188631703224174,0.06326525373713657,0.0007031147007636,0.00174716282443864,0.9,0.9,1.0,140,0.6516826153200748,0.9090804583307006
20,0,0.8724748550122818,0.8930254990445353,0.6861742697496876,0.03765483856456937,0.0,0.0,0.0,0.0,0.9,0.9,1.0,1,0.7422017519613836,1.1487967964321997
20,1,0.8724721968499943,0.9015660235203333,0.7116136811839157,0.04433509104432265,3.289122437183467e-06,0.0,0.0,0.0,0.9,0.9,1.0,4,0.7423869053948996,1.1499272439421744
20,2,0.7769254103453697,0.8210669876743624,0.6296722299868497,0.07067586585061021,0.535399501284516,0.044790073056765675,4.411219036127068e-06,5.411963842446305e-06,0.9,0.9,1.0,5,0.7116896166101283,1.2970782520876107
20,3,0.7130835025440698,0.7580117051697103,0.5658449062890628,0.06639257631190866,0.29532281607931865,0.04657931877959083,4.851058153347355e-06,5.729782416664173e-06,0.9,0.9,1.0,6,0.6703557070272469,1.190459619369492
20,4,0.6895439420690691,0.7431327956670277,0.5675792049207786,0.07310652650174054,0.1381947012885639,0.04714090573216387,5.395889145458156e-06,6.620019707456414e-06,0.9,0.9,1.0,7,0.6384016562818835,1.07839891771064
20,5,0.6186876216230568,0.6617914099330151,0.4683204968323985,0.07107087730124619,0.3988068014934741,0.060985304393345666,2.040535906767e-05,3.064929564603e-05,0.9,0.9,1.0,8,0.5994421260269563,0.9276772843315064
20,6,0.6030812243302531,0.6453611646780762,0.45170954025972326,0.07142904110460023,0.11468887109634142,0.059569762292604425,1.4365509923e-05,2.2834654615440002e-05,0.9,0.9,1.0,9,0.5894420973559378,0.8517947873236532
20,7,0.6025115113538145,0.6529054377892538,0.47606857075625575,0.08595124711696062,0.0691739384917726,0.06628275589468431,1.83066015066e-05,2.7796157771769996e-05,0.9,0.9,1.0,12,0.5631033229925375,0.9259964812032994
20,8,0.5482577858791242,0.5936366180658053,0.416065904527085,0.08810842891182856,0.3097500432009916,0.06874131457103028,1.58788318812e-05,1.807536354238e-05,0.9,0.9,1.0,13,0.5519296273485337,0.9409550363893264
20,9,0.5439633048375562,0.5974078355100431,0.4366811748146407,0.09481340725804036,0.07096812843920342,0.06854862242331854,1.5619184563440002e-05,1.777979900108e-05,0.9,0.9,1.0,15,0.5528271147047792,0.9622629464166677
20,10,0.5327809663430453,0.5852135583882417,0.42437223298678156,0.09865268863381092,0.07848076672592975,0.06566286141415713,1.683059969301e-05,1.908425468055e-05,0.9,0.9,1.0,17,0.552595379416776,0.9671493163354804
20,11,0.5374950998307086,0.5898646345451134,0.42901218883734427,0.10728264170843439,0.06860045542668314,0.07185342644881344,1.748553286638e-05,2.2503826072559997e-05,0.9,0.9,1.0,18,0.5652947315916609,1.0433256651528644
20,12,0.5040355043142086,0.5422055424774513,0.36390427674703774,0.10911890522792858,0.2571688188412257,0.07954224823953876,2.38352015463e-05,4.080293966281e-05,0.9,0.9,1.0,19,0.5391930556046057,0.8429087812588375
20,13,0.4571376580175432,0.5062888573228156,0.36128870567166926,0.09682399807799665,0.14413309584782308,0.06690742207755657,1.8789670078159998e-05,2.58546018564e-05,0.9,0.9,1.0,21,0.5171146148047298,0.8430289351635629
20,14,0.4498386966552535,0.5060330406669576,0.3778204372587687,0.10757087636216378,0.07959153478148054,0.06749034637831249,2.0721243688239997e-05,2.9156067053860003e-05,0.9,0.9,1.0,23,0.5148439942402544,0.8336244392931067
20,15,0.4372533596156383,0.499163957007608,0.38764921093180077,0.11183119799678967,0.09616332168350375,0.06906783628212701,2.5310002942230003e-05,3.427530033957e-05,0.9,0.9,1.0,25,0.5055358261978571,0.8222785943772725
20,16,0.4077948156969956,0.47121099751491746,0.3761348992645519,0.1398356320311344,0.09531487562174058,0.07132859957013246,2.3220012947070002e-05,3.367602250843e-05,0.9,0.9,1.0,30,0.4780591819464574,0.8950518688223336
20,17,0.3972006439490416,0.4663548272129967,0.3880071169876388,0.14794700058920918,0.09391754547630686,0.072288650735465,3.0601772789809996e-05,4.273243458758e-05,0.9,0.9,1.0,32,0.4726049958370267,0.8842149771590023
20,18,0.38704000702911284,0.4456407501405938,0.35027607551714585,0.1584628586172548,0.08279236581012561,0.06977101324385813,2.7022739918330002e-05,3.600219011518e-05,0.9,0.9,1.0,34,0.4941729065120265,1.008124063424279
20,19,0.3843152920321308,0.43340901112610064,0.32108996346949825,0.17201994273252466,0.06853608892220121,0.07084927742722004,2.825180089084e-05,4.237661801299e-05,0.9,0.9,1.0,38,0.49554147885303,1.00773082102517
20,20,0.3834453489634526,0.4322156410670446,0.3198780817104806,0.14750873853232307,0.07045374233434999,0.07125041008862344,2.8028445879020002e-05,4.143741479181e-05,0.9,0.9,1.0,39,0.4954092016896989,1.0082016172520205
20,21,0.378755318623885,0.43528176454458395,0.33979793172540285,0.17155652760645243,0.07016498564109223,0.06879871413609254,0.00034931402546824,0.00025073533404446,0.9,0.9,1.0,41,0.5633395206463889,1.0060184240545258
20,22,0.3731018342448073,0.436630059107827,0.3579583341556079,0.18452095581385566,0.07716198174548294,0.0688692497152423,0.00034787795434271,0.00024715857627525997,0.9,0.9,1.0,43,0.5640256439326496,0.9987302009789056
20,23,0.37098429864205146,0.44205333753039056,0.38022517812509415,0.1956044046123728,0.07340326041878095,0.07059051444124845,0.00036075538597742996,0.00020364439820507,0.9,0.9,1.0,45,0.5594290003439615,0.9249046181241006
20,24,0.3600509298362987,0.43234866407451883,0.3870306934760202,0.269177047937945,0.09477148079992553,0.08698059453357262,4.29334478786e-05,5.455474136775e-05,0.9,0.9,1.0,53,0.5331543826005769,1.04717004965544
20,25,0.35506128051260555,0.42565017505030034,0.38024600662161734,0.2756611451687337,0.09345190183479819,0.08756624899754935,4.484109611749e-05,5.698584676652999e-05,0.9,0.9,1.0,55,0.5252075590622513,1.0111294467676333
20,26,0.3368828663215884,0.41211580937223086,0.383415735078739,0.28632815598303357,0.08632727216501224,0.08105643100787044,5.1300201930230004e-05,0.00014658191797954,0.9,0.9,1.0,60,0.5153662604079093,0.933804174117309
20,27,0.327426423841799,0.4060682115741051,0.3940229195006294,0.3003253795468702,0.12012911757446722,0.08757329354098228,4.516519965301e-05,0.00014027385737051001,0.9,0.9,1.0,62,0.5066543867423083,0.9372429637674228
20,28,0.3154382987499982,0.39040503819731476,0.3781897263159511,0.3280584127802995,0.09669930297856226,0.08605648888095266,4.348918289025e-05,7.950474797851e-05,0.9,0.9,1.0,65,0.5219527616323528,0.9617095007073528
20,29,0.296798037882334,0.37666677240664376,0.3811864362293575,0.32895239874307153,0.09673600684899335,0.0765454044716121,4.580895905317e-05,0.00010060894466185999,0.9,0.9,1.0,67,0.5303802480315453,0.9552016255466496
20,30,0.29738279420416264,0.36612464206131795,0.353631249686799,0.33985442333579485,0.09586552036576097,0.08492747722198651,4.775229988515e-05,0.00011533476897367,0.9,0.9,1.0,69,0.5248303364134445,0.9434796241690536
20,31,0.29735418669342223,0.374099077618464,0.3784810671051271,0.36468850222258714,0.08197293443150051,0.08651863969909497,4.365371524777e-05,9.177861074350999e-05,0.9,0.9,1.0,71,0.5293755536845458,0.9906072134373628
20,32,0.29593352608298135,0.3726559417106838,0.3770368027779243,0.36737201521241436,0.07696627145534765,0.08500864120564247,4.42286172992e-05,8.898366310586e-05,0.9,0.9,1.0,72,0.5283994257657472,0.9745447751145798
20,33,0.2958238890432455,0.3804516067999032,0.4017033950212877,0.3844957616608522,0.08141927328539651,0.08679531477966637,4.6790148665709996e-05,8.480321045325001e-05,0.9,0.9,1.0,75,0.5276894644872338,0.9834397503251197
20,34,0.2924763107247827,0.3684730790531245,0.37282254306989654,0.4060282724577372,0.07547478206739372,0.08328590491640296,4.734620992472e-05,9.831630266071e-05,0.9,0.9,1.0,78,0.5075801589791897,0.949318812983025
20,35,0.26239783816629586,0.33399009589190165,0.33815074425325325,0.3726963176088263,0.08829131377843985,0.06252672207093041,4.660421306207e-05,0.00010836027172706,0.9,0.9,1.0,80,0.5419174028639239,0.8229984653780743
20,36,0.25033352579956614,0.31767811504073434,0.3216613535623553,0.38554394539958203,0.06995948565084452,0.0608925759743316,4.398606962261e-05,0.00013430744067001,0.9,0.9,1.0,84,0.5423693809796956,0.8128630377773253
20,37,0.249142977099982,0.3162139563307711,0.3201858768444994,0.38898846278008137,0.058264411257945584,0.06031534479687556,4.442420844772e-05,0.00013377773335666,0.9,0.9,1.0,85,0.5418952046909995,0.8153522096945649
20,38,0.24971426815367057,0.31659123913030424,0.32055512712735157,0.4022357903684453,0.0568620699652767,0.061511266674097786,4.538763834932e-05,0.00010542636483166999,0.9,0.9,1.0,87,0.5404920299301621,0.8143774497965274
20,39,0.25384811362596227,0.31896783307908755,0.3228596155880383,0.422084844441402,0.08822036510944782,0.07085774021689827,4.64009114228e-05,9.952856668135001e-05,0.9,0.9,1.0,88,0.5364033319756372,0.8233418225310705
20,40,0.2711992777749106,0.36179448625664395,0.4163769541898022,0.5401296582749051,0.0817517206792249,0.09028935946944132,0.00011321107294468,0.00026699339401957997,0.9,0.9,1.0,105,0.5393704371883878,0.9486031867554467
20,41,0.26894185349839766,0.3588998576387473,0.4134564085052651,0.5517373748603527,0.08528177790066045,0.08947548957033338,0.00010804761641479001,0.00028060248345111,0.9,0.9,1.0,107,0.5313189659860847,0.9481028759057732
20,42,0.2617181656239037,0.37631743688282404,0.48153049930440106,0.5512039001380638,0.08961213137951843,0.08435066723604658,3.910758392378e-05,0.00010307207705368001,0.9,0.9,1.0,108,0.5420762824143379,0.8255999955381883
20,43,0.25208726153213146,0.3545229852001841,0.44269242875831494,0.5481859442670586,0.12383573849323636,0.08311988838504536,4.118830821522e-05,8.950469372823e-05,0.9,0.9,1.0,109,0.5307075844291216,0.8211402549629745
20,44,0.25127286965939166,0.36204362471225465,0.4671037692404278,0.5652010610722277,0.07597694349917555,0.08273395103268347,3.953902866049e-05,0.00010200249651396,0.9,0.9,1.0,111,0.5316908181408647,0.8281743710529744
20,45,0.251426857613041,0.3534107494744661,0.4415623326402904,0.5656781035992892,0.0769515220740443,0.083534487491567,4.007027160151e-05,0.00010103128720923,0.9,0.9,1.0,113,0.5316750704516882,0.8410779585009789
20,46,0.25366363073834064,0.37242947126332404,0.49436650951601013,0.5988330937105746,0.08031659534430922,0.08680824081805141,4.374398398418e-05,9.84493001836e-05,0.9,0.9,1.0,115,0.5471098325160576,0.8495288210493354
20,47,0.2536513552551007,0.3809554949774547,0.5197915246930144,0.612051031057717,0.07828934548577124,0.08680517403383095,4.3771702859000003e-05,9.841518699186e-05,0.9,0.9,1.0,117,0.547001401943188,0.8494771197802145
20,48,0.24988998587010208,0.41711644349429766,0.6403373353376165,0.81942201142335,0.0818696116151959,0.08938426525160534,0.00020046977506377002,0.00024561430175965,0.9,0.9,1.0,154,0.5508753001071155,0.8770454576630674
20,49,0.24735930303515152,0.44711882123058955,0.7378719965039742,0.9307144376125904,0.08304876528137889,0.0905781058623732,0.00020999061685454,0.00031775504514216,0.9,0.9,1.0,175,0.5486129487742498,0.9089113792277226
20,50,0.2431321852780709,0.45025974140585723,0.7578663917524943,0.9554158689039682,0.08810205446363426,0.08879037304688134,0.00021505509881384,0.00031521250345753,0.9,0.9,1.0,177,0.5533857814609641,0.8792318237588407
20,51,0.24144644481153693,0.5073945718969175,0.9332558681525405,1.0808986114398587,0.08164013621283642,0.08931240043355429,0.00021929696334373,0.00032008378265047,0.9,0.9,1.0,194,0.5540704548246755,0.90304547430706
21,0,0.8627489658379501,0.8845535386083325,0.6776012483492057,0.0364600514206275,0.0,0.0,0.0,0.0,0.9,0.9,1.0,1,0.759319043303628,1.1318710475964064
21,1,0.9064661442356072,0.9210579962916106,0.6970947436118229,0.11065967712702193,0.06198166966309371,0.06037128647761884,4.2681991878970004e-05,4.769567690177e-05,0.9,0.9,1.0,6,0.6742501039117147,1.0830539622237298
21,2,0.700808783039718,0.7459972622802077,0.55352224181478,0.08086938815418027,0.8361631435793747,0.06189942239340549,1.280011214775e-05,1.261634748167e-05,0.9,0.9,1.0,7,0.6856030645232543,1.0108093632350503
21,3,0.7067095610355086,0.743183267313234,0.5336063957027325,0.10969659576817951,0.11242055983921011,0.08705364938804218,2.307052491741e-05,8.064152185258e-05,0.9,0.9,1.0,9,0.6427323914409563,1.0318587608059695
21,6,0.5783976622251187,0.6110053714336601,0.4002413122404061,0.08049733819469689,0.053801711797147246,0.050775174601018415,1.1121879167180001e-05,1.822141271782e-05,0.9,0.9,1.0,14,0.6226492340544963,0.9461647415027232
21,7,0.5784999695197783,0.6109419698709723,0.4001505262746541,0.09295165489780055,0.05715281037487793,0.053249309513993634,1.017764729253e-05,1.632802185791e-05,0.9,0.9,1.0,15,0.6321585247183937,1.0336009979899137
21,8,0.5498627297608638,0.5699822904203365,0.34174705661260296,0.09497049621676437,0.24559655317293297,0.0679112993759946,2.0839612492039998e-05,3.536289054858e-05,0.9,0.9,1.0,16,0.6790912335296678,0.9408238862863392
21,9,0.532325954891612,0.5588235581511796,0.34725202349644235,0.09995001938656128,0.10063339444981785,0.0679112993759946,2.0839612492039998e-05,3.536289054858e-05,0.9,0.9,1.0,18,0.6574178520948181,0.9982913027132482
21,10,0.5146835864623548,0.5316749663510998,0.30308917768529275,0.1038478684805028,0.07198936895533832,0.05797747029183292,1.91468770949e-05,3.28842902213e-05,0.9,0.9,1.0,20,0.6195187038026132,1.0174814869076063
21,11,0.4983132603926512,0.5215667409716622,0.3096659399195966,0.09748860638237666,0.12318755748285003,0.05714707701214973,2.34570030544e-05,4.394028904947e-05,0.9,0.9,1.0,21,0.6285990980548287,0.8652499112169834
21,12,0.4901040440332683,0.5118145133037328,0.2997708263895962,0.1095181721470049,0.1019617583429701,0.05961497420882248,2.226361412647e-05,3.832005153916e-05,0.9,0.9,1.0,22,0.6302860224075539,0.92377234731634
21,13,0.46190224289396764,0.47973564904406363,0.26736235101343125,0.09478987049155152,0.16049438708986236,0.05460533521955489,3.348873313126e-05,6.300555512152e-05,0.9,0.9,1.0,23,0.5937941512828843,0.8193433644618566
21,14,0.4585710524738598,0.4845865588620938,0.2890832457213297,0.11140976662069235,0.05776999744897881,0.053202332134308784,3.2485812748010004e-05,6.411116413198e-05,0.9,0.9,1.0,24,0.5921761415352857,0.9175969155780608
21,15,0.45392773229354527,0.48721889914621264,0.30851462135987284,0.11819605491879005,0.06727029614018122,0.055914241169807845,3.425099288607e-05,6.956921678834e-05,0.9,0.9,1.0,26,0.5928005622069189,0.8940628716728579
21,16,0.4524419871793206,0.4768736144282797,0.281245865191999,0.11917120508788565,0.05899043776364116,0.05618666938183374,3.728414375554e-05,7.902893130648e-05,0.9,0.9,1.0,27,0.5816344620566148,0.7939849920390009
21,17,0.4465700379660292,0.46992971773784475,0.2742204394217224,0.12376919954100615,0.07811435459481701,0.05607578870212119,3.39198194948e-05,7.063302485612e-05,0.9,0.9,1.0,28,0.5799924668465183,0.8417955364274695
21,18,0.41334917011860933,0.4354715530115309,0.25598990817189243,0.1457588573827265,0.10911361140151091,0.0697954952841274,0.00024961851989586004,0.00074659544182681,0.9,0.9,1.0,33,0.5445758570767393,0.9755681562000524
21,19,0.3940543528556544,0.40354761285339774,0.20691621615869452,0.153790479010622,0.10378170032468968,0.06733626404571878,0.00022890873429508,0.0006124814648105299,0.9,0.9,1.0,35,0.5331543589079244,1.00509632049232
21,20,0.38638932237267304,0.39381383023087396,0.19706049040879434,0.15283338128475857,0.10309860478056677,0.06782940588550472,0.00023493968108074002,0.00064626733335036,0.9,0.9,1.0,36,0.5413875048973928,0.9796555483715672
21,21,0.38920959146629813,0.3949924948461847,0.19814439960509234,0.1774097958650318,0.08704325898826003,0.07790703361645397,0.00024932559651993,0.00068355607050601,0.9,0.9,1.0,38,0.5672148909348861,0.9133130915949264
21,22,0.38903954029369237,0.4033218290363169,0.22337005631943763,0.1873678807101209,0.07143313724690009,0.07790005311263817,0.00024950751289494,0.00068261243370031,0.9,0.9,1.0,40,0.566992275533762,0.9137047825618904
21,23,0.38605293289428744,0.3996295112004397,0.21963790226383714,0.18654903458493494,0.08414904276276015,0.07752486369438982,0.00025442374191191,0.00066936132046319,0.9,0.9,1.0,41,0.5629061349512888,0.9233608276174818
21,24,0.38942720020340377,0.402874956841727,0.22287623177832916,0.1932957126751433,0.07686664813364072,0.08172933802108837,0.00024824407539809,0.0007268267473670099,0.9,0.9,1.0,42,0.5556393060951825,0.9638744002976772
21,25,0.3643286216732602,0.3722194796242592,0.19191624655390102,0.19519651069546837,0.17221468560589195,0.07614846126010641,0.00033082652145389,0.00052954763925778,0.9,0.9,1.0,43,0.5477365256668562,1.0338106371451157
21,26,0.34079628351043006,0.3362315115456252,0.13882537007981688,0.20361333973561146,0.06884753896087106,0.06434500587951679,0.00022190954517007998,0.0008965409984087999,0.9,0.9,1.0,50,0.5066351239098216,1.1738928185431683
21,27,0.3385275288035548,0.33345255773438537,0.13602026609329249,0.20619287052120638,0.06721950460109771,0.06359722697098628,0.0002334619098008,0.0009645944522194,0.9,0.9,1.0,51,0.498779015556327,1.1453339585204243
21,28,0.3166382884044745,0.3039784467126984,0.1061716752005367,0.21411235208228088,0.10246515535373531,0.06613601886907847,0.00022714471028797002,0.0005804774655271199,0.9,0.9,1.0,54,0.5008180602703183,1.1697576608490694
21,29,0.31127289386017526,0.31540483317324614,0.15138185378160177,0.24955281266196855,0.056402259474579074,0.06115013454701507,0.00019373110763729,0.0006059040823645,0.9,0.9,1.0,62,0.5335738454146168,0.8639218329551303
21,30,0.3083226730248127,0.3108153082546255,0.14671464640551557,0.25416370248595094,0.08397605970014656,0.06312844807213296,0.00018235464652488002,0.0007560697708870201,0.9,0.9,1.0,63,0.5354020692510979,0.8854280876319122
21,31,0.3002723796702838,0.2996818281057945,0.13543750930557533,0.25336693463950877,0.10715264674682978,0.06413684982932608,0.00025072041098584,0.00068766095047065,0.9,0.9,1.0,64,0.4804939812336608,0.98240998476319
21,32,0.28676476473654267,0.2796276505875861,0.1150883334632111,0.2617473027094617,0.11306631340881204,0.06947425207135208,0.00020876205805401,0.00056654087229635,0.9,0.9,1.0,66,0.4815494659785166,1.107666408505532
21,33,0.28104350320250215,0.2819944073127332,0.1343341413974829,0.2876199122371719,0.05990421013227447,0.06450248667496045,0.00023873754011853,0.0005125123713948,0.9,0.9,1.0,72,0.4965884275693381,1.1072919390159282
21,34,0.26975075534310566,0.2771819356608581,0.14633053060696433,0.32915382850781044,0.05600648304723314,0.05796125266221991,0.00022899547289485,0.0005948320734453199,0.9,0.9,1.0,82,0.5327666119344238,0.8192100129977662
21,35,0.27105393026720564,0.27683275359655796,0.14591006316876579,0.3539186834359864,0.0666148066618703,0.06424065356003,0.00022204314739935,0.00057255663263283,0.9,0.9,1.0,85,0.5371533799476345,0.843022601524993
21,36,0.26754751650648967,0.2808375008070371,0.16676928213127643,0.37656947717534006,0.061471411693284635,0.06294133809068067,0.00032602076119992,0.00080643848302167,0.9,0.9,1.0,89,0.5119687652811393,0.8502829557213633
21,37,0.26282373257950986,0.257602358115417,0.10967602489750918,0.3717454323045991,0.07713937140185374,0.06212810433302087,0.00021692355615781,0.00056269903372317,0.9,0.9,1.0,90,0.5452531443548524,0.8414119901552559
21,38,0.2629106538991909,0.2739616005795874,0.15979879564628405,0.38035065556055614,0.07040108954883348,0.06448382594656353,0.00022152217589669,0.00058534460898424,0.9,0.9,1.0,91,0.5374775479226795,0.8324853884452803
21,39,0.2608650854732345,0.26328389214380055,0.13221841147766747,0.3846399687088119,0.05826895648022885,0.06244112110086456,0.00022396461531976001,0.00060166843512724,0.9,0.9,1.0,92,0.5480014957488355,0.8328358600581902
21,40,0.25814963452857953,0.269076603682135,0.15490808121600358,0.4601122834623723,0.05445066533051134,0.059257579520057765,0.0003128008887995,0.0007994206330071,0.9,0.9,1.0,111,0.5341693942981327,0.9107483162885244
21,41,0.25929031552191606,0.2786578303806705,0.18138409672856542,0.4889818234648102,0.05637673338791804,0.06043583655858263,0.00030753932522735,0.0011003950499193,0.9,0.9,1.0,113,0.5624224597307529,0.9608872672969664
21,42,0.2525979630342088,0.2603111846987184,0.14600854930656265,0.4916008745894224,0.06783366356429364,0.06192903378468525,0.00029949084827199,0.000846808676175,0.9,0.9,1.0,117,0.5155613437091227,0.9887799287359528
21,43,0.2512765895276028,0.26680527656518255,0.1693715936221292,0.513665320282135,0.059854843278248054,0.0624359132926555,0.00031091608687137,0.00084470128291415,0.9,0.9,1.0,121,0.5224454974763884,0.9994150712005808
21,44,0.2471466991515286,0.2784255114958707,0.21473525565095938,0.5224184848770632,0.07486479362710108,0.06111454392977419,0.00027393656884491,0.00116265114076729,0.9,0.9,1.0,122,0.5520391768569828,1.0435689668089148
21,45,0.24714857227175627,0.294635336296262,0.26470712541273783,0.7478509404050765,0.05877266934329979,0.06393673709789449,0.00028265266872313,0.00073383501397462,0.9,0.9,1.0,174,0.5379841621279526,0.8326173151749985
21,46,0.2469979697588434,0.29445199874544203,0.2645224675430781,0.7673891701352319,0.058533486680658435,0.06384917466708374,0.0002860455275347,0.0007375688798820299,0.9,0.9,1.0,179,0.5375920151376254,0.8338278551409642
21,47,0.24513145720470453,0.30034924850919553,0.2872870370464395,0.7839615223049596,0.06059743216313846,0.06383563736123811,0.00028837514255592,0.0007494409592818201,0.9,0.9,1.0,184,0.5394741209903244,0.825030214334251
21,48,0.2412757858289667,0.2872558378685602,0.25726667176306783,0.7734906293716195,0.06563629894536535,0.0613803438110541,0.00028640693045402,0.00076325210560426,0.9,0.9,1.0,185,0.5350377988543616,0.8246279121551219
21,49,1.2393189563097153,1.2949242730232167,1.2818777549933815,1.8193410118555495,1.0528423234102842,0.05691178879787704,0.00055610796346289,1.0,0.9,0.9,1.0,195,0.5333167613170368,0.8090916606427574
21,50,0.23890665750670093,0.309616191985919,0.3302875215427763,0.845731501066934,0.057293975619488784,0.06111491677136386,0.00028361552807117,0.0007659825305657601,0.9,0.9,1.0,196,0.5424240274371868,0.8167831081097593
21,51,1.2373004714517644,1.2991926400036582,1.3029540933265666,1.8392376127711714,1.0807635438842342,0.060628437641956925,0.00055638033463398,1.0,0.9,0.9,1.0,197,0.5282234025724653,0.8139392012699279
22,0,0.9308017677931893,0.9428785947239581,0.7366226780499892,0.04468553084298204,0.0,0.0,0.0,0.0,0.9,0.9,1.0,1,0.6432725028819556,1.145292573027165
22,1,0.9740886631177966,0.9900657632897397,0.7835989451812502,0.11373545541618262,0.0893284170614863,0.07186758235987137,7.717934220497e-05,8.31290875702e-05,0.9,0.9,1.0,4,0.7326697852572999,1.2241589795207737
22,2,0.7743888198098944,0.8181782510275698,0.6265948219786003,0.08134560959414966,0.734704770907941,0.05912247357566723,1.26219031864e-05,1.37453113138e-05,0.9,0.9,1.0,5,0.5864086209253985,1.2837457010330144
22,3,0.729869951675165,0.7746330426339911,0.5824668144171783,0.09005288811029846,0.25216397154282116,0.0649371759153344,3.010665862187e-05,3.429702636717e-05,0.9,0.9,1.0,6,0.5887641089560417,1.1003993016447589
22,4,0.7102334400747948,0.7636953316522906,0.5883081924369571,0.08826402798590714,0.06252215660596443,0.05448276203228064,1.347331607082e-05,1.173123396129e-05,0.9,0.9,1.0,9,0.6048683392591445,1.030362436859737
22,5,0.6785805449722712,0.7235097778756746,0.5306876789359191,0.09936608462597749,0.2435364562649107,0.06910772257543513,5.305633418571999e-05,6.997696989885e-05,0.9,0.9,1.0,10,0.5776306074613133,1.0292026801488898
22,6,0.6464750031219756,0.6907711918520627,0.49758973172489396,0.10253447002714074,0.18153658748220192,0.06619697942107214,4.549241255016e-05,5.930559531852e-05,0.9,0.9,1.0,11,0.563667146003704,1.0127249380673236
22,7,0.6254193098105458,0.6773799840386595,0.500881222060843,0.0990359899240153,0.12823158539528712,0.06196744851480355,4.066951027045e-05,4.539428162971e-05,0.9,0.9,1.0,12,0.5821831907464883,0.9587059961209092
22,8,0.5765367860665609,0.616975229574847,0.4229955297639524,0.09072321372925593,0.24920487815543285,0.058557982743315154,1.602524774589e-05,2.298107449202e-05,0.9,0.9,1.0,13,0.5582985760625472,0.9319358203169184
22,9,0.5602211926466671,0.5992051408156691,0.4050122671574376,0.08828838610085578,0.12477433772331996,0.058631986786323885,2.165981720266e-05,3.784833240353e-05,0.9,0.9,1.0,14,0.5739793310012649,0.8862182750437652
22,10,0.5632043681242946,0.602117465900865,0.4079144250950802,0.1027461594893036,0.060030590224893904,0.06275081297790927,4.9581266423089995e-05,6.850319166944e-05,0.9,0.9,1.0,15,0.5987366229981382,0.8514293350138727
22,11,0.5529805233603051,0.5908756107169284,0.3965380868043843,0.10118077483272654,0.10202243200792174,0.06266572853297782,6.647814249906e-05,0.00015467879377347,0.9,0.9,1.0,16,0.6212616007550267,0.824920905450799
22,12,0.5208451249728835,0.5723211676576301,0.41137588167117667,0.12503172283303673,0.07206319255880406,0.06093994325625033,4.727888701088e-05,5.285684030843e-05,0.9,0.9,1.0,24,0.5757763624188585,1.015989096898502
22,13,0.4946149541851251,0.5424409855637046,0.3811386050583839,0.11766706644523116,0.17555114748292333,0.06094248053927152,6.080336911702e-05,7.299640284955e-05,0.9,0.9,1.0,25,0.6019030841084552,0.9460631353582492
22,14,0.4825941039399552,0.5195829031217788,0.34117847684834746,0.12750756029528387,0.1263008326390616,0.0639713307038294,4.77731475463e-05,5.968149475141001e-05,0.9,0.9,1.0,26,0.5436044783856793,0.9901491500290348
22,15,0.4793396053446828,0.5156179342462491,0.337154178296367,0.12780714538350935,0.07866645707635529,0.06503048797750949,6.793776007526e-05,9.095704514792e-05,0.9,0.9,1.0,27,0.5292298914543433,0.9872844039170408
22,16,0.4587847266985757,0.49142903036803537,0.3126749486327394,0.12700935214346024,0.1569008114393537,0.06518987403020936,6.704754843108e-05,8.686667749204e-05,0.9,0.9,1.0,28,0.548515740233871,0.9585894008939844
22,17,0.4507688294177683,0.49064733004153077,0.32869359853225916,0.1312912357230578,0.09096945411431369,0.06400496645487296,6.129762965243e-05,7.982105729253001e-05,0.9,0.9,1.0,29,0.5554043489687699,1.0053765353201345
22,18,0.4527292841425516,0.48406665929048465,0.30521359811119153,0.13328823202049442,0.059925185868040624,0.06620238480304741,7.227404924925e-05,9.148515636901e-05,0.9,0.9,1.0,30,0.5479480255344098,0.9791098709370012
22,19,0.4470851234499606,0.47746044311207675,0.2985367533137804,0.1350256686667832,0.08288812756902736,0.0654453580663665,6.905450663528e-05,8.528981750742e-05,0.9,0.9,1.0,31,0.555250533791227,0.9724482341219846
22,20,0.443226875484841,0.4813745894637138,0.3192945526652109,0.14958622201168578,0.06525886795951652,0.0654453580663665,6.905450663528e-05,8.528981750742e-05,0.9,0.9,1.0,34,0.5480608793969625,1.000084943113764
22,21,0.44026487546484905,0.46930653126962224,0.2902873469368613,0.15968803743080132,0.06568719818689452,0.06527696964484406,7.927584374577e-05,7.225800431902001e-05,0.9,0.9,1.0,36,0.5524874720302859,0.8982509872000289
22,22,0.43058864216356596,0.45761395100583147,0.2784532439979066,0.15817538127723163,0.10687932106028727,0.06538358186128833,0.00010054769560480001,0.00011156174186631,0.9,0.9,1.0,37,0.5759739394064546,0.8542169785740441
22,23,0.42627178472096355,0.47751840173619153,0.3489600309947715,0.19887496924661374,0.06761198124018217,0.06790263683190867,6.07934063831e-05,7.113526456681999e-05,0.9,0.9,1.0,42,0.5384613823040183,0.8455729360046267
22,24,0.4180883164151961,0.45906424624595105,0.313493691467307,0.2083330943629345,0.09902425852534653,0.06734269569151557,0.00011467009567494,0.0001019124963503,0.9,0.9,1.0,43,0.5327823405912894,0.8457806014031297
22,25,0.4174801829131519,0.458301455960226,0.312720919834249,0.1944934416766569,0.06200944465978224,0.06736956089594254,0.00014164313135444,0.00012699265772714999,0.9,0.9,1.0,46,0.5396145156037908,0.8523033962265133
22,26,0.41550324360443064,0.45585508465135044,0.3102442679350683,0.19422494295595147,0.071198290336904,0.06746666473777577,0.00014968377024482,0.00012155728236671001,0.9,0.9,1.0,47,0.544040531712413,0.8437057123762779
22,27,0.4140628678938379,0.45400992905368137,0.3083732575590919,0.20804311251134686,0.07007470102283546,0.06781418199852465,0.00016960205174822,0.00012046718070935999,0.9,0.9,1.0,48,0.527131896246223,0.8660995452163062
22,28,0.40782426478109907,0.4470656322786666,0.30138132580827365,0.20780294911975786,0.06649533502238902,0.06446576924705175,0.00020999075805872998,0.00014105573320901998,0.9,0.9,1.0,50,0.5170592043788029,0.9484452363418912
22,29,0.4053015949035061,0.46033107822746716,0.34836274020455926,0.22017282089205895,0.08884668248834843,0.06793492966348882,7.953407464368e-05,0.00013348646855791002,0.9,0.9,1.0,51,0.5107863623252227,0.8291064864410189
22,30,0.3975990239268115,0.458941969171262,0.36373943803434833,0.23329794811815352,0.10740813062765212,0.06908322406732317,0.00011906748425449,0.00029771136993624,0.9,0.9,1.0,52,0.5275472630500586,0.7917451536506399
22,31,0.39489246973092335,0.45568281515724557,0.3604468016611813,0.24681049208739947,0.0649506587360016,0.06871580975534866,0.00011108971615121998,0.00018440745414423002,0.9,0.9,1.0,56,0.5156381371051441,0.8015348275141646
22,32,0.3767039160669213,0.4499834788054435,0.3882788258426044,0.33916326955468057,0.06990915820252001,0.06632222764669017,0.00108365505789544,0.00099336288548421,0.9,0.9,1.0,67,0.5669052233241858,0.8768008531016106
22,33,0.3740411249009632,0.43765282417462026,0.3589859796473538,0.3358356079974165,0.0724812402619582,0.06796388029721548,0.00107251680062221,0.00102641091547712,0.9,0.9,1.0,70,0.5681777021891884,0.8808280528138536
22,34,0.3689587959796256,0.4406097235893503,0.3788138950309079,0.3716697661232775,0.059945263007393536,0.06447838826847761,0.00107522475775475,0.00092046105452168,0.9,0.9,1.0,88,0.5616351025376053,0.8847250048469688
22,35,0.37024402886802954,0.46712006651805343,0.45599871541830356,0.4063662791098771,0.07424930554435367,0.06824689044295054,0.00060943227650898,0.0006966239934144099,0.9,0.9,1.0,91,0.5531373326149841,0.8641166672188547
22,36,0.37432752965211885,0.47182434119346406,0.46073747700547363,0.39655313973588735,0.08074426841788417,0.0701383718813513,0.00065492552342081,0.0007771496897394299,0.9,0.9,1.0,92,0.5330705938729894,0.8835717786234413
22,37,0.3703636639036985,0.4667445172033104,0.4555959409743698,0.3959099611118653,0.07646091372493138,0.07033101920133397,0.00061497852050868,0.0007251399636417,0.9,0.9,1.0,94,0.5323264834032574,0.8834495266447641
22,38,0.35369859571519613,0.472406631612979,0.5117765373443258,0.5077344939574165,0.06147463782873299,0.06425232406846396,0.00087961003851699,0.00091453625812161,0.9,0.9,1.0,114,0.5564743324543305,0.8460534149883823
22,39,0.34334975505132487,0.458933410061351,0.49814010688492744,0.5179222297754233,0.08935134759805712,0.06464110382360362,0.0008148440133972301,0.0008275764992685499,0.9,0.9,1.0,116,0.5555896217716322,0.858956815063122
23,0,0.8384398660811541,0.8631712041461691,0.6559635585213826,0.033444540196942645,0.0,0.0,0.0,0.0,0.9,0.9,1.0,1,0.8020120819606779,1.1266949254571066
23,1,0.8384368131184942,0.8631685971484654,0.6559607922498059,0.03594937632981438,5.918130037234258e-06,0.0,0.0,0.0,0.9,0.9,1.0,3,0.802429368635914,1.1256639029168147
23,2,0.8445881764918419,0.875335071596244,0.667468290184453,0.09971280630585183,0.2899337540667428,0.07467514355311808,7.047411585149e-05,0.00010276610803223001,0.9,0.9,1.0,4,0.8661527998761285,1.0872948491812324
23,3,0.7245339229634539,0.7686083156730902,0.5767285104880745,0.05307274520458154,0.33645047928862964,0.03165287851478378,9.96233642715337e-07,1.00144419275912e-06,0.9,0.9,1.0,5,0.7624151397285152,1.0997987975307946
23,4,0.6054127906932206,0.6478069439670936,0.4541786779833311,0.06132115816381544,0.6445049724787791,0.060132592826064445,9.057768943249611e-06,9.248855041299654e-06,0.9,0.9,1.0,6,0.7648711313437504,1.0704345550662868
23,5,0.5367153374639835,0.5811010025877306,0.4034163556424712,0.10057216814670261,0.1234352779975538,0.0654295749387606,1.130287616365e-05,1.6315801835849998e-05,0.9,0.9,1.0,11,0.7201309961838789,0.9415938812711088
23,6,0.5369080749671283,0.5812817812468848,0.403595699293715,0.10085116391397239,0.059438259737510254,0.06575669937491711,1.149658968597e-05,1.6694625680729998e-05,0.9,0.9,1.0,13,0.7183462163113966,0.9517078411838504
23,9,0.4746174022384602,0.5279649180467642,0.3832977085950124,0.11652566828595305,0.11462573179524103,0.05997738903368027,2.5870461172800002e-05,4.682142065504e-05,0.9,0.9,1.0,18,0.6638521590529814,0.8461647532791459
23,10,0.4671234853865072,0.5192325589918337,0.3744634038045774,0.11512364391743107,0.07105449667871956,0.05976688469655387,2.323447407871e-05,4.055633883327e-05,0.9,0.9,1.0,20,0.6635364454763395,0.8311493615926518
23,12,0.44866584795889675,0.49758359078161185,0.3525660099033134,0.12011524609974368,0.07912965418454894,0.05881412601374936,2.575327124376e-05,6.915538119532999e-05,0.9,0.9,1.0,24,0.6501784542892465,0.806253372494653
23,13,0.4434745042358369,0.49911692875622465,0.3708641927244514,0.14939976185960427,0.10247263721795788,0.06355158317443274,2.205546324297e-05,2.02786789272e-05,0.9,0.9,1.0,25,0.6563017447699396,0.7647116881405815
23,14,0.41105512314876874,0.4781838564070677,0.38334244303387505,0.15440545856302643,0.0776915241500162,0.05714520308674713,4.782603722375e-05,0.00010285093650689999,0.9,0.9,1.0,30,0.6528546085475829,0.9187750792684436
23,17,1.256307076609416,1.3196179590964179,1.2409343254002476,1.077277312075495,0.997745391231646,0.051565293135183286,1.0,0.00011862556754464,0.9,0.9,1.0,35,0.6386758738354164,0.8334299868663616
23,18,0.3712432729652331,0.4174459396377325,0.3049637262963527,0.17027453175773966,0.061975361738066705,0.06817394279934622,7.937079457335001e-05,0.00011897335020986,0.9,0.9,1.0,36,0.6206663332184135,0.8811948424074965
23,19,0.35419011963227015,0.3948204835689824,0.2820374345892351,0.18281018027065787,0.16564903572290862,0.07086621356672984,0.00013216422815053,0.00020968571108917998,0.9,0.9,1.0,37,0.6817071100555019,0.9108138517492012
23,20,0.35423722712751926,0.4032064256391327,0.30731116202192005,0.19341246178442253,0.06674829916899554,0.0716860905882081,0.00013583305312095,0.00023366083333915003,0.9,0.9,1.0,39,0.6882513282654732,0.9281795512872848
23,22,0.33289169808592045,0.36664925373142077,0.25351694060754687,0.19466284598510714,0.08768543763428333,0.07202731156313827,0.0001334441072429,0.00024647981265842,0.9,0.9,1.0,41,0.6736438665293961,0.8438241697368228
23,25,0.3237499443576054,0.3545280939500436,0.24125070929429945,0.2078759030454129,0.09513856479950646,0.07206048190085207,0.00017119015938746998,0.00021375437426832998,0.9,0.9,1.0,44,0.6734094690382374,0.8644045406053401
23,27,0.31966397159888493,0.35732351473063606,0.26086537650956526,0.22488304339014123,0.06846628950125692,0.07246650697352,0.0005486111785945,0.00041165403939510004,0.9,0.9,1.0,48,0.6693166057288251,0.8932688080705988
23,28,0.31494010197920935,0.3509597822724222,0.25442428997133426,0.2279155964010172,0.09237247441838325,0.07273670746354416,0.00046819689661860997,0.00035889238349105996,0.9,0.9,1.0,49,0.6649630133761038,0.8957411659545613
23,29,0.29982983377339756,0.34214556340296726,0.2624044308969111,0.22190711371784222,0.09293027313175123,0.06302760229724579,0.00054845944225775,0.00042179868659148,0.9,0.9,1.0,50,0.6790629789794398,0.8921827755125704
23,30,1.1957963420805282,1.2264360063977318,1.1296529826516009,1.1939433908943096,0.964862009599124,0.06899664102006428,1.0,0.00035131365285135,0.9,0.9,1.0,70,0.6251467235209354,0.8752922158470526
23,31,1.191954074685106,1.2294215524257315,1.1494605488544078,1.1937819611856881,0.9893172170446864,0.0699776024558152,1.0,0.00035614333688216003,0.9,0.9,1.0,71,0.6208506563991358,0.8611819835521344
23,32,0.2785571172439398,0.3399295601068047,0.3105888402922358,0.32288063776118087,0.06322162986513995,0.06046428242895831,8.596386598087e-05,0.00012294560069647,0.9,0.9,1.0,74,0.6395297181754191,0.8873593577442073
23,33,0.2745714169347912,0.37779546345848175,0.4329113849539852,0.37532963687081383,0.06575470437995524,0.05809134671153536,0.00029887534458737,0.00039618639912736997,0.9,0.9,1.0,75,0.7612408945133827,1.01313584097219
23,34,0.2508715253980284,0.3468602281891047,0.4016658179815357,0.3792528470936297,0.15282603648264603,0.05262086052865459,0.00031148751692244,0.00037314723314494,0.9,0.9,1.0,76,0.7936859011678883,0.9801943268130544
23,35,0.25512090081274713,0.3509009522446397,0.40569770983334097,0.39227462936780766,0.054266146164419465,0.05793063332285288,0.00029937831767467,0.00037958320691475,0.9,0.9,1.0,78,0.7574996742739385,0.976637230965412
23,36,0.25285288287960217,0.34775030261800555,0.40251009566164453,0.39595609674581683,0.06519795279578301,0.05786507252385607,0.0003000352444538,0.00038028914039457,0.9,0.9,1.0,79,0.7624384982653306,0.9718523571848848
23,37,0.2501386892240939,0.34184104633339807,0.39646873454934706,0.40790543562881554,0.08019865300702408,0.06361825930311243,0.00025271183817776003,0.00040402526895941997,0.9,0.9,1.0,81,0.7478158599904462,0.9097294714085236
23,38,0.24222251342114942,0.30419483735685343,0.3079593818449668,0.363538838202917,0.11595570417757971,0.06619777554473771,0.00010755588113581,0.00012495378563744,0.9,0.9,1.0,82,0.6302699476435395,0.8844806116487588
23,39,0.2352592139607318,0.2971659688924381,0.3009279901555614,0.3566989038994469,0.0538794757401719,0.05855180919049787,0.00012963167453423002,0.00017787813190271,0.9,0.9,1.0,83,0.6290412351822281,0.8656981970442752
23,40,0.2337035800067483,0.29508937811411895,0.29883041478136485,0.36018310666178893,0.059724218567997304,0.05817197095484776,0.00013074083123516,0.00019222108281952,0.9,0.9,1.0,84,0.6237669442556953,0.8729918861354017
23,41,0.21446711647934083,0.2694315405857927,0.2729195195226281,0.3488006688063177,0.13368466284804498,0.053135524071361295,0.00016113873625207,0.00023315476379472,0.9,0.9,1.0,85,0.6444024196079632,0.9102924645167256
23,42,0.2093431571193777,0.2776507395732149,0.3147932138852915,0.4071610463593952,0.0561828080775376,0.05670831947623141,0.00013265840062366,0.00018873125886325001,0.9,0.9,1.0,95,0.6291449319590476,0.8641164422900818
23,43,0.19038944505704147,0.25875851022008556,0.31248299059405615,0.4232128133554649,0.10398566740013288,0.055674284064775835,0.00015014394016762,0.00022105832394257,0.9,0.9,1.0,97,0.6468681227403114,0.8480831639568378
23,44,0.19150884259824855,0.2924479693184866,0.4137091955875983,0.5070545468765407,0.05598338808965878,0.060595310085779605,0.00013348322325129,0.00022938963306729003,0.9,0.9,1.0,115,0.6314349396429467,0.8567254957401661
23,45,0.18612642351790934,0.30253089418160223,0.45752935769954334,0.5780612699827414,0.05485152600768388,0.05837249818494498,0.00016381780002194,0.00028031966444321,0.9,0.9,1.0,126,0.662705052006041,0.905241682656056
23,46,0.1884078342134337,0.303536530142899,0.45849059414420473,0.6173913785685164,0.07236085770192523,0.0637221566557145,0.00012983370193696,0.00021525621881182997,0.9,0.9,1.0,127,0.6322628039088821,0.849036144542005
23,47,0.17978352666143435,0.30755732973026717,0.49615059380068144,0.6069743034323152,0.08468433283293181,0.06390470412535473,0.00014948405645806,0.00025568211082142,0.9,0.9,1.0,129,0.6653908373434749,0.845431572073451
23,48,0.1557396263210708,0.27114508776101776,0.4593099906490797,0.6057661102845319,0.20202924303598707,0.06331245904155568,0.00015019405040589,0.00025801671022433,0.9,0.9,1.0,130,0.6766488849948628,0.8657402839665147
23,50,0.1471984318598224,0.3167455581364005,0.623012909445083,0.8180875274446093,0.06040247214757814,0.06510516750436358,0.00024969521326761,0.00026486719015048,0.9,0.9,1.0,183,0.6333800351115939,0.8741237514339497
23,51,0.14696809172001785,0.3325746690727719,0.6726056503889865,0.8562214830828048,0.06195570612458824,0.06683883079439518,0.00025909761112419,0.00029101154775932,0.9,0.9,1.0,192,0.6322467777343176,0.8666327608227883
23,52,0.14381519702342763,0.3274116307152564,0.667376410941202,0.8733669848193504,0.072294283699756,0.0673149855279249,0.00025055544140255,0.00027071568129041,0.9,0.9,1.0,194,0.6415091982230103,0.8776554421585772
24,0,0.8275325145322366,0.8534794294846226,0.6461560884297488,0.032077724671316636,0.0,0.0,0.0,0.0,0.9,0.9,1.0,1,0.8178211202970491,1.137688139636546
24,1,0.6888581822106911,0.7339073969515753,0.541451138643356,0.06890460145073297,0.27077022729274147,0.04674104468032083,2.23068860780976e-06,3.305226301291281e-06,0.9,0.9,1.0,4,0.753512951003072,1.0925302956326282
24,2,0.6744563105951671,0.7194874636743847,0.5268331784455681,0.059671380871392406,0.11109942588037595,0.04914690338922175,2.661282721353441e-06,3.691664149176495e-06,0.9,0.9,1.0,5,0.7497837802153555,1.0842461734452302
24,3,0.6184061048450972,0.661188887197535,0.46764349921046483,0.06874470735825747,0.36149462156017365,0.06728489317093382,1.154692600978e-05,1.335714658035e-05,0.9,0.9,1.0,6,0.7480435624550038,1.0998657302255592
24,4,0.5983763198305342,0.6491051197245784,0.4723333873537295,0.08856240139573637,0.061017114991682476,0.056018823355889556,1.180596007595e-05,1.755015967217e-05,0.9,0.9,1.0,10,0.7126002847442034,0.9919020681806195
24,5,0.5802839878532821,0.629332138988694,0.45226318384125336,0.08912062007801619,0.1559220480212706,0.061715345134498445,1.033775077987e-05,1.2720880056840001e-05,0.9,0.9,1.0,11,0.7171001906246387,1.0663424161496151
24,6,0.5358827871802612,0.580832343392174,0.40320870679324,0.08053442384755806,0.1472452555220451,0.059434520669231924,1.628302099326e-05,2.118682705804e-05,0.9,0.9,1.0,13,0.6841853127066089,0.9199547173900582
24,7,0.5300932652379303,0.5830350220140472,0.4222505319590881,0.09203041739155668,0.057189293314317706,0.057952728001116297,1.218044368736e-05,1.7218492033e-05,0.9,0.9,1.0,17,0.6875352038473822,0.9374159749560508
24,8,0.5207863422681456,0.572995749909943,0.4121300254622663,0.09454442643135488,0.07638795070994313,0.05436475824336595,1.1833623543689999e-05,1.378091163928e-05,0.9,0.9,1.0,18,0.6889418184212062,0.9328780236815766
24,9,0.5108276031876876,0.5788244204777251,0.4516190429895583,0.11977388311583359,0.09560686493966451,0.05460634513275013,2.837487028424e-05,3.481086877061e-05,0.9,0.9,1.0,19,0.7003949199487973,0.9659747420572796
24,10,0.5047639110690484,0.5634671202623384,0.4192868707247977,0.10001855130980461,0.06159903936362013,0.05406026968522476,3.7551878335319997e-05,7.274611141531e-05,0.9,0.9,1.0,21,0.7585717729463973,0.9931732426497212
24,11,0.5048554810147527,0.5710726547775383,0.44369084103554657,0.1128434935747534,0.09021704969228272,0.06243051922660531,2.362559424577e-05,4.0274798407760005e-05,0.9,0.9,1.0,22,0.7755359059384301,1.088055331133499
24,12,0.4514001923611471,0.5103034944527536,0.3822948495412942,0.10237611877552552,0.15379996794908082,0.0532568733573572,1.9861357111240002e-05,2.9981917573600004e-05,0.9,0.9,1.0,24,0.7257113978372373,1.0106366674062954
24,13,0.4435088482985716,0.4989630438043511,0.37069671119477626,0.13053198010569148,0.08722127318572401,0.06460257263670369,3.050538737892e-05,5.0070677438529996e-05,0.9,0.9,1.0,27,0.7295947224241026,0.9514429992849314
24,14,0.437171418034706,0.49159659333287337,0.36325681928449416,0.1670358326996706,0.06528116345962437,0.0628008042629862,0.0001097875947997,0.00038897933296573996,0.9,0.9,1.0,30,0.7226076852186547,1.1517477123051771
24,15,0.42714651501155954,0.4962872577965939,0.4015809505947319,0.18353073067523287,0.08607671418137954,0.06432280648829196,0.00010315513067224,0.00037546485447071,0.9,0.9,1.0,32,0.7145842495357811,1.1614834664002944
24,16,0.419201317367994,0.4854489477145969,0.3905516800418158,0.1864378505216168,0.12802875512656414,0.07013767638054877,8.320860977528e-05,0.00032425774001739,0.9,0.9,1.0,33,0.7013029333049813,1.042780149671119
24,17,0.4160306087357135,0.49009070712520686,0.4120456101936314,0.19574319040985028,0.07137444832636304,0.07013767638054877,8.320860977528e-05,0.00032425774001739,0.9,0.9,1.0,35,0.6998112714624042,1.019535082452349
24,18,0.39888990684318126,0.446099922759794,0.31728114067006435,0.1926874913048248,0.060341908308281185,0.056135101400136,0.0005167137219728799,0.00065420206835178,0.9,0.9,1.0,38,0.7187613712492454,1.1325157046809948
24,19,0.3800445591955134,0.43792605720737476,0.34251629978604936,0.1757890064310788,0.10275757602866509,0.06477772099063112,0.00014275273295461001,0.0004923047598398599,0.9,0.9,1.0,41,0.7024055501014925,1.081086451768707
24,20,0.3334687485137932,0.3975801894692429,0.3353817224690818,0.14936853437611533,0.1494682500569769,0.0561286292072819,3.497776026555e-05,5.7190884088019996e-05,0.9,0.9,1.0,43,0.6855754290377495,1.0563885405448814
24,21,0.33556937214332344,0.399281031147444,0.3370620849062561,0.16372112059081237,0.05750343641281155,0.059943454694413825,3.160571290567e-05,5.042854879203e-05,0.9,0.9,1.0,45,0.6919496382165791,1.0459384730013797
24,22,0.32090704884599763,0.3883534147608078,0.3427928557854788,0.17645927967935762,0.09532876996707398,0.060705289436249976,3.18097761388e-05,5.167340504602e-05,0.9,0.9,1.0,47,0.6748956651927009,0.9003200017131406
24,23,0.3173575290175289,0.38278522477491694,0.33712429492560075,0.21840937991126363,0.0603673866015361,0.06368561751474111,8.743279326513999e-05,0.00015660942786985,0.9,0.9,1.0,59,0.6949629661106528,1.077305695077707
24,24,0.28506898420034454,0.3420212126943966,0.29596451143471947,0.20233589793528398,0.11687640802685573,0.05521603438370628,9.651731054773e-05,0.00015032930049402,0.9,0.9,1.0,61,0.6875694119847585,1.0828106894220055
24,25,0.29302297450766546,0.3538817862419841,0.32451843485198645,0.33846419924139537,0.07411261541373083,0.07657365733916101,0.00044156509778277997,0.00115484823579717,0.9,0.9,1.0,80,0.7362589291688566,1.276236008168533
24,26,0.2929382507680692,0.3707019501959262,0.37512864886625863,0.3945900552227286,0.07106871917923809,0.07657052774550185,0.0006431326638789701,0.00137155038485437,0.9,0.9,1.0,93,0.7332809889460418,1.3070782338412172
24,27,0.28502654957867096,0.3592968849002037,0.3635715718244948,0.4184537287755699,0.08243654337963748,0.07797745014402906,0.00061599085082488,0.0014431815572083701,0.9,0.9,1.0,98,0.7154804264009831,1.2528615166739414
24,28,0.2814969683470724,0.3716429811253883,0.40966220550878796,0.43378423322725324,0.08102562962265564,0.07781010228184845,0.0007528818586006499,0.00119829866815926,0.9,0.9,1.0,100,0.6795688116458459,1.4014854402231227
24,29,0.2806127706537232,0.36089679648250544,0.3819625958412968,0.4273846688586742,0.09243397097938397,0.08036088051227074,0.00057128257868546,0.0014296623200779899,0.9,0.9,1.0,101,0.7073319432926015,1.385921988120692
24,30,0.27746752988042755,0.37455793893876205,0.4294091740220446,0.4454494609348315,0.07617156861184138,0.07779682779171519,0.00075130946599914,0.0011859252667451498,0.9,0.9,1.0,102,0.6783350843042469,1.375615645706201
24,31,0.27335988566118635,0.35937783474641405,0.397224686917246,0.46717472600636967,0.0811706952825866,0.07978065929620373,0.0007328341312396499,0.0016168114100276298,0.9,0.9,1.0,107,0.7095557294671002,1.30563631724546
24,32,0.2649050173779809,0.37597842895119266,0.4644982374817469,0.47662593275224974,0.07108422531680418,0.07218943028507811,0.00077375777286359,0.00137346807350384,0.9,0.9,1.0,109,0.6808183816949318,1.202485564091842
24,33,0.27588830171206735,0.3852830611130529,0.47373363316444683,0.499271843335088,0.09386527402441291,0.08919688159148907,0.00087208956328784,0.0010928505296419698,0.9,0.9,1.0,111,0.6786307420337849,1.118401391983801
24,34,0.25916376154290466,0.39255698102564696,0.5316364719878987,0.5411525115076515,0.07203118441479853,0.07446961882874495,0.00137229857593739,0.00121533349836799,0.9,0.9,1.0,120,0.6725022430321921,1.296446767726864
24,35,0.2536059847888667,0.34570799644974315,0.4169079434957804,0.5788818182851693,0.12841704662915687,0.08346083550181617,0.0022031874592188102,0.00348183776305361,0.9,0.9,1.0,122,0.6736382632397234,1.1484524757966827
24,36,0.2456196761875603,0.33678587085393336,0.4079490173661685,0.589734020569017,0.07781564205115438,0.07412552607206394,0.00195423309904789,0.006260242669370091,0.9,0.9,1.0,126,0.7029216681155377,1.2127564212575437
24,37,0.23537662917860885,0.3251877178261904,0.3962980668617616,0.5947930471022194,0.0735032363699374,0.06688693278440395,0.00202783412238988,0.0055414359759315196,0.9,0.9,1.0,129,0.695725131833101,1.1412211415141391
24,38,0.23677779208203617,0.3340364829651943,0.422003160393192,0.6067190409433507,0.07860297772211808,0.07131179920801237,0.0020399056832007103,0.0054092489231289,0.9,0.9,1.0,131,0.6897622336200112,0.9925397276603292
24,39,0.2513022667147546,0.3668086690435225,0.4886181031221707,0.7016878902931112,0.08610693126815477,0.08388045852121126,0.00237718669284906,0.0057012432928234295,0.9,0.9,1.0,143,0.6689486693301245,1.0142987814608415
24,40,0.235445538425311,0.3390718784923176,0.44385390848208545,0.6874403894464477,0.09835051578393174,0.07334880431113523,0.00246445008270481,0.00669190335229031,0.9,0.9,1.0,144,0.667506710264169,1.056351067868562
24,41,0.2165686795697267,0.3180134022802943,0.42271229327656923,0.6732623256310662,0.06317912911698349,0.05985759000473627,0.0021970872143058902,0.00497917676315548,0.9,0.9,1.0,148,0.7002995298275466,1.1371097469753493
24,42,0.220605867121952,0.31102626470299877,0.3987326355841608,0.6892889634719359,0.0724783436028402,0.06938794604673237,0.00221893129191531,0.00577743264534384,0.9,0.9,1.0,149,0.701773977486834,1.1295934842337814
24,43,0.2217270645733446,0.3107009540408318,0.3983532591723002,0.7155678444827945,0.09332056129776088,0.07408629808980442,0.0020912629405496997,0.00586581887207902,0.9,0.9,1.0,151,0.6940010908101609,1.1780382759459025
24,44,0.21415083553854167,0.3202491048059923,0.4417006504808911,0.7253193194370869,0.07167709266722228,0.06499681135686444,0.00238606794517777,0.00611517735825932,0.9,0.9,1.0,154,0.6810509602853597,0.9661740287918836
24,45,0.2124370251020916,0.300553182431656,0.3881737617802816,0.7180769839501804,0.06768607122285429,0.06504453223383475,0.0024468982977553797,0.006199916364497,0.9,0.9,1.0,159,0.6556855279219432,1.049254653229439
24,46,0.20358486802671014,0.307170281772385,0.4285284927082283,0.7537512575138023,0.06432801713158566,0.05988239730896331,0.0022180351942781,0.00559851456476166,0.9,0.9,1.0,163,0.6993171070444187,1.141693822420904
24,47,0.20211544837601883,0.31190733440042784,0.4500791246829826,0.75740748536262,0.09398050670700112,0.06369595436795643,0.0020702692784423703,0.005664292272750291,0.9,0.9,1.0,164,0.7117429995594395,1.2028648247394762
24,48,0.18407414660089577,0.3460365804860421,0.6022261866299852,0.8067899640925138,0.06818428485631876,0.05721145616998088,0.0027613096187699498,0.00818302577274197,0.9,0.9,1.0,180,0.6814639881196334,1.328159848691581
24,49,0.19438015405490439,0.355783324837375,0.6119530662790766,0.8964384670098533,0.07429781386868607,0.06833156711461572,0.00292235252089245,0.009435042901021231,0.9,0.9,1.0,192,0.6921698627059799,1.167312983201868
24,50,0.17858932630038435,0.3406291730133821,0.6134223948934351,0.9060698183191982,0.1631772606374097,0.06755870429273923,0.0029215833920965403,0.009507782931154469,0.9,0.9,1.0,193,0.6895414589239631,1.1641858989181046
24,51,0.17798552624632463,0.34826479126348064,0.6379464879444035,0.9149175750028623,0.07367596346633876,0.06755841883154629,0.0029222643697807598,0.009472215174412161,0.9,0.9,1.0,199,0.6895755955931853,1.164787695077207
24,52,0.1724514364936602,0.3409992768401276,0.6306217394683296,0.9254223650816761,0.09010596611608945,0.06502550496729126,0.0029376680013589803,0.00943357658972443,0.9,0.9,1.0,200,0.6998396665871703,1.1495016144149637
25,0,0.9041839870804853,0.920328064590975,0.7138027961300206,0.04150527407529017,0.0,0.0,0.0,0.0,0.9,0.9,1.0,1,0.688320329431592,1.146232400929828
25,1,0.9041752738628354,0.920320764997406,0.7137953185521643,0.04317437732903581,1.4581322333511133e-05,0.0,0.0,0.0,0.9,0.9,1.0,3,0.6885258184843575,1.1479307549954412
25,2,0.6857485824710083,0.7307494154619292,0.5380487512740489,0.07427311494180346,0.5784358192583328,0.06596504551654855,1.0460540165790001e-05,1.115467931522e-05,0.9,0.9,1.0,5,0.6460740275002206,1.0895013112200225
25,3,0.5796336164975168,0.6288585324920969,0.45181815002888703,0.09115886748962748,0.10498134901242685,0.05844157687793683,4.392949792172e-05,6.439564830069e-05,0.9,0.9,1.0,13,0.647909894456387,0.9764582171664772
25,4,0.5469660875972626,0.5931465672782793,0.41567527382348407,0.08943294568590833,0.1985266390914346,0.0588856128184446,3.2137563037479996e-05,4.425904219476e-05,0.9,0.9,1.0,14,0.6255354539947899,0.9508909782228602
25,5,0.5428330644804761,0.5886026881339518,0.41107935502835824,0.09463240474040563,0.061724438574735634,0.05871105986452759,2.532590723692e-05,3.267549746458e-05,0.9,0.9,1.0,16,0.6163038645273141,0.9681899677684296
25,6,0.484465919480167,0.5309737616539181,0.36954942677181424,0.08784059265287489,0.32394787529356484,0.059626203427057135,2.310081156326e-05,3.075020401945e-05,0.9,0.9,1.0,17,0.6425297671967999,0.9755059301247748
25,7,0.4727584803743283,0.5256915141842151,0.3809896333822934,0.09158167297765495,0.08436129875033087,0.060682365451150286,2.556212510231e-05,3.402653451868e-05,0.9,0.9,1.0,19,0.6427022364790397,0.8936619616295843
25,8,0.4721233049898188,0.5250171172432557,0.38031211803992926,0.09749121023742474,0.055317643745122214,0.06024294380029073,1.964342834609e-05,2.4003374210510002e-05,0.9,0.9,1.0,20,0.6355309994717517,0.9374917430884624
25,9,0.458756409311619,0.5097690202182545,0.3649123856646109,0.1015124322355017,0.10295100539968388,0.05740063331337662,2.7653689938629998e-05,3.458685641792e-05,0.9,0.9,1.0,21,0.6414411486036152,0.8896854678133502
25,10,0.4278216117907616,0.4897657053251578,0.3782451913295525,0.1128677702657322,0.08456660667653763,0.05914116197194804,2.8744638699590003e-05,3.489541259951e-05,0.9,0.9,1.0,26,0.6544234793208932,0.8930101451326025
25,11,0.39863408677812384,0.4365447384388635,0.29077983798892787,0.12456373856129278,0.2048874554702683,0.06054415264170841,4.3015932594489996e-05,4.6804237104930004e-05,0.9,0.9,1.0,27,0.6440641369874509,0.8828198102034963
25,12,0.3924431200189603,0.42914230795848324,0.2833029809374012,0.12593467745592524,0.06598949783561588,0.05926738318262352,3.434913354507e-05,4.085469196824e-05,0.9,0.9,1.0,29,0.6275356344119629,0.8736733194465327
25,13,0.37751635034413294,0.41117842771440083,0.2651575437419207,0.13127056668236017,0.08130109092537405,0.05618975874111026,4.179254438517e-05,4.4669380298999996e-05,0.9,0.9,1.0,31,0.6336608847654362,0.893351343974275
25,14,0.3750948231666021,0.4078261965683129,0.2617511447682856,0.13523212483596442,0.07014495390503182,0.0575100553546262,4.178208701791e-05,4.504929317205e-05,0.9,0.9,1.0,32,0.6333307990812732,0.8874763064370614
25,15,0.373990385133808,0.41498705138300973,0.2857948160608104,0.1479993864466342,0.054513909106552405,0.057467116315043185,4.053145933267e-05,4.723275023773e-05,0.9,0.9,1.0,34,0.6344185598727985,0.89529259398163
25,16,0.37022989956611657,0.4109173894203497,0.28170691938178344,0.14590017267062982,0.05543325646667897,0.0546290967843158,4.182862226836e-05,5.4150376360839996e-05,0.9,0.9,1.0,35,0.6236277461447196,0.8565167556241251
25,17,0.3592742334986967,0.4304804463036449,0.36865965892963076,0.14195061544950563,0.08660656643038668,0.05759319805075872,2.238181220782e-05,2.518297466876e-05,0.9,0.9,1.0,37,0.6445786878097052,1.016661164735624
25,18,0.3498715235695072,0.42641131952953976,0.38131499599288304,0.15508047819647305,0.08337728669387098,0.059832414934862646,1.998514491389e-05,1.982965167538e-05,0.9,0.9,1.0,39,0.6370864623281801,0.9774486286873528
25,19,0.34391076156357253,0.3762969762735877,0.2466304696929841,0.19569064832980157,0.05920102564764269,0.05837854444723846,9.042517151792e-05,0.00020384259471172,0.9,0.9,1.0,43,0.5971732073205643,0.799431793912836
25,20,0.3413840468917955,0.37302472259755154,0.24331933532467354,0.1987684630003268,0.06596444897783628,0.058369040937970365,9.468354649027e-05,0.00020027066399195002,0.9,0.9,1.0,44,0.5985330393319356,0.7909239247250731
25,21,0.33445157089001687,0.36958079656782833,0.2565163771633571,0.23397993567518205,0.07332481839804664,0.0691148166022151,0.00011294594286271,0.00013133307154273,0.9,0.9,1.0,52,0.6913801916035166,0.947287866594898
25,22,0.3211496101092296,0.3632553658737972,0.26701218631945467,0.2540313263751586,0.08018408876521711,0.05961420512174459,0.00016886056649245,0.00024920836081585,0.9,0.9,1.0,53,0.6074303397191652,0.8776210504973018
25,23,0.31323264807074525,0.34417005637224535,0.23090003451214416,0.24538545282731075,0.09745477827365756,0.05974972973757482,0.00018055739729245,0.00029268068810814,0.9,0.9,1.0,54,0.6431784638518702,0.9237048114450612
25,24,0.31135355528345243,0.35020942725155957,0.2538083938995773,0.25612043818361074,0.05926965484569081,0.05974972973757482,0.00018055739729245,0.00029268068810814,0.9,0.9,1.0,56,0.6429780707338434,0.9365298734576576
25,25,0.3057518985524362,0.35182657352103247,0.272261366879533,0.2688491934052623,0.05970368108231278,0.05809041242420866,0.00011179561094538,0.00021234711299657002,0.9,0.9,1.0,59,0.6358474709631821,0.91438332063236
25,26,0.31409593505874434,0.35108964634827033,0.2545999691514613,0.263459158487456,0.07113292766507609,0.06922871161622837,0.00011302172042854,0.00012602416316995002,0.9,0.9,1.0,60,0.6423533833606637,0.9665279427602558
25,27,0.30768048974263434,0.3508317668339351,0.27112920333935236,0.28529130819498644,0.0756985523437388,0.0698115078663998,0.00013478697645918,0.0001504575651783,0.9,0.9,1.0,63,0.660519323611691,1.0191182208941263
25,28,0.28824072019295527,0.31830423123506163,0.22149526626463684,0.3281241357338722,0.06427171133575114,0.06196660734488367,0.0003889777830567,0.00037124627713166,0.9,0.9,1.0,72,0.6200699524628945,1.0231514066110712
25,29,0.27209450621429504,0.30497216637496294,0.2248094563504719,0.34808677735178256,0.07712031502123162,0.060969224137795486,0.00040794996408862003,0.00054648401633208,0.9,0.9,1.0,76,0.6588034517973015,1.0654980077234404
25,30,0.25862246187537813,0.3219389448247033,0.3092120647348914,0.4650202387439039,0.054421678009500235,0.05694507619787605,0.00025014218916822,0.0004929941201574099,0.9,0.9,1.0,98,0.6238697365724449,1.1095207987100633
25,31,0.24985349666372214,0.38311348082083924,0.5221882723630756,0.5573643094093741,0.06851601242912589,0.06541040996073687,0.0008036892591681401,0.0008114952298147699,0.9,0.9,1.0,110,0.6403893013003005,1.0512015735763305
25,32,0.24975552210148488,0.39146186449257137,0.5474318760718848,0.6184152966741431,0.06068157120940441,0.06557656802244469,0.00078606317429286,0.00080972546111181,0.9,0.9,1.0,119,0.6469541112437283,1.063952468737396
25,33,0.24644182285783467,0.3785301607995696,0.517557406535609,0.625101551490017,0.06350069215196145,0.06471590496686824,0.00082323287378262,0.00082382553628274,0.9,0.9,1.0,123,0.6503784683825093,1.039455326071509
25,34,0.23528566351703695,0.3887791425127993,0.578334063118817,0.644175486207438,0.07285642498632901,0.0633918579936437,0.00081542741299861,0.00080224874450799,0.9,0.9,1.0,127,0.6472994962696681,1.0550054719488249
25,35,0.23702572081009168,0.3647529031675144,0.5036058326556178,0.6452998942057279,0.06253035457790296,0.06568669297535117,0.0007996491249138499,0.00081543068916851,0.9,0.9,1.0,128,0.6417371138766144,1.050934283712567
25,36,0.23219340422725368,0.3753783168431201,0.5479645749663734,0.652966298658628,0.07039742048140718,0.06450175591843753,0.0007935535819706199,0.00080187932194333,0.9,0.9,1.0,130,0.639564766430741,1.029689984321097
25,37,0.22847636103570365,0.38747144537859096,0.5938057136141947,0.6609983217098905,0.07560280253558638,0.06356870527706902,0.00079929410751448,0.00082442693110231,0.9,0.9,1.0,131,0.6409784807022302,1.0533749361635285
25,38,0.22327271980672472,0.3624593818070206,0.5348900888601966,0.6641876943646874,0.07750956609905114,0.06463272613527368,0.00076954843985846,0.00081227904303573,0.9,0.9,1.0,133,0.6478880612741076,1.053217295372331
25,39,0.22057247004039693,0.35855370208818577,0.5309381094643084,0.667931436439021,0.07528482878777766,0.06458836926974823,0.0007981825223904299,0.00079996241130875,0.9,0.9,1.0,134,0.6442115774659111,1.0421436769284
25,40,0.2190447402278723,0.3734156746273289,0.5795713681898359,0.7076339998857557,0.06188577042847695,0.06458836930838743,0.00079818252148761,0.00079996240988682,0.9,0.9,1.0,138,0.6423486838785063,1.015010353893047
26,0,0.7368571863926503,0.7704546343294671,0.5621400983426834,0.020368885193661666,0.0,0.0,0.0,0.0,0.9,0.9,1.0,1,0.9720418630118488,1.131714770226384
26,1,0.7368569239691437,0.7704543736296968,0.5621396661127496,0.022038985151436145,6.285946766082563e-07,0.0,0.0,0.0,0.9,0.9,1.0,3,0.9719199071889342,1.1322204798087163
26,2,0.7458158618034986,0.7811663251634683,0.5724427672694988,0.07561567084022802,0.11401550281360633,0.049856285785902135,4.984161487100001e-05,5.1865294043069996e-05,0.9,0.9,1.0,5,1.0110951774720915,1.1472314025053536
26,3,0.7018475620356412,0.7381771649739065,0.5290324923453172,0.06508726208285577,0.17947307154675174,0.04134732692699511,2.1808971925740002e-05,2.128337862156e-05,0.9,0.9,1.0,6,0.978538925285473,1.1222011327177364
26,4,0.5624998764378251,0.601536240471441,0.40735049791991457,0.05732738474162336,0.7096643823645641,0.06060962405184962,1.053273945382e-05,1.1471536867e-05,0.9,0.9,1.0,7,0.8707430192923953,1.0660771621142189
26,5,0.5526624402694797,0.5913305461360788,0.39709441499873505,0.05439233923040465,0.06560503576552361,0.05397231759451646,5.6692405572579354e-06,5.502242730378412e-06,0.9,0.9,1.0,8,0.8537894490860858,1.092396200916608
26,6,0.4917544080545981,0.5222112076627093,0.32708442464956283,0.055654595890909625,0.2044710347089468,0.06004505731559667,1.375748949576e-05,1.604697142838e-05,0.9,0.9,1.0,10,0.8168762181145031,0.9077252539189796
26,7,0.48401184919942464,0.513156110076227,0.31791361256765316,0.06427921734076153,0.09370773819983992,0.060750850708649426,1.2494911407569999e-05,1.4996516240020001e-05,0.9,0.9,1.0,11,0.8150277600298667,1.006434244703878
26,8,0.4748655808087729,0.5052579218327927,0.3099638243064653,0.0632805054404477,0.07719604037563879,0.056750347018093374,2.457282595454e-05,2.722946455574e-05,0.9,0.9,1.0,12,0.8124515068124798,0.940221290047692
26,9,0.3716749413502643,0.37699369943771893,0.18011540016471145,0.05630684355730109,0.3188676834946787,0.061655903835651935,2.88454118873e-05,3.460830605527e-05,0.9,0.9,1.0,14,0.821349001573395,1.095315613185995
26,10,0.3662999562216858,0.3799152815623075,0.1999254897736098,0.05597072808687751,0.052422707559245815,0.05641122087496164,1.8094470861120002e-05,2.1507694677750002e-05,0.9,0.9,1.0,16,0.8301019941443821,0.9446024189499856
26,11,0.35204054241306837,0.3629486558494328,0.18280863476539172,0.06216675503827324,0.09707658731588516,0.05152991805743876,2.1653637922689998e-05,2.46579844085e-05,0.9,0.9,1.0,17,0.766023020813908,0.7429143442175637
26,12,0.34572354033089486,0.3634909424318287,0.20015822368934655,0.05936452482139903,0.07703402275679613,0.051175196992124736,1.7986205822890002e-05,2.032118021824e-05,0.9,0.9,1.0,18,0.7686881762203716,0.7808417245632266
26,13,0.33059570046032344,0.3351919431264691,0.15471579234424535,0.05549854899963531,0.12938559548149983,0.05193222900310616,2.5080861454480003e-05,4.714601397983e-05,0.9,0.9,1.0,19,0.8226511725697196,1.0434508272255831
26,14,0.32564475505386653,0.32872007132818815,0.14816664438614688,0.06076228277323543,0.07284161583642165,0.051932229003106144,2.5080861454480003e-05,4.714601397983e-05,0.9,0.9,1.0,20,0.8138727375089648,1.0698318141511332
26,15,0.32719322320810745,0.3385581713026759,0.17489076160042494,0.07639425539726206,0.05354286097977062,0.054590577592923774,2.483532538377e-05,3.0161614814810002e-05,0.9,0.9,1.0,21,0.7551065537931994,0.7493891634887402
26,16,0.29309044176780036,0.2946382478483765,0.13049266993627023,0.07014870576652525,0.20687181162545396,0.05011495746261182,0.00011442328578323,0.00011575102226467999,0.9,0.9,1.0,22,0.6930149517886157,0.8514527813638847
26,17,0.2742482420591269,0.270000160736525,0.10558941592485382,0.07111052335173658,0.08763350459633856,0.0472479660776671,9.028742009347999e-05,0.00028947396915436,0.9,0.9,1.0,24,0.7020647174024265,0.7631031619351765
26,18,0.2783284708191285,0.2723746440182744,0.10788304559206963,0.08257522314230407,0.07992027052829703,0.05747124503659803,7.658424079542e-05,0.00024701558338715,0.9,0.9,1.0,25,0.6806560126133075,0.8576556838135093
26,19,0.26255926716406697,0.2508692419571494,0.08613226578211418,0.07320631882837647,0.1333596266448554,0.056418636081762764,7.316480510513999e-05,0.00024560896604001,0.9,0.9,1.0,26,0.6871206170619925,0.8430762599162129
26,20,0.2556005712136672,0.24260132982102986,0.07780832817116924,0.08426280727002954,0.06643621768758592,0.0524308597741908,8.112579555497e-05,0.00024951948345020003,0.9,0.9,1.0,27,0.7199234190517889,0.8843980016860187
26,21,0.2563441363371147,0.26718639723844617,0.1530147709958934,0.09545018020276612,0.07821227157905289,0.058500340462225485,7.181244694503e-05,6.57117116566e-05,0.9,0.9,1.0,28,0.7064562345630406,0.8058311997724161
26,22,0.2557144858049201,0.27477504025652527,0.17748845322750034,0.11384714758764182,0.05526714451147894,0.05870727118795575,7.255986015639e-05,6.565652566339e-05,0.9,0.9,1.0,30,0.7065983181766641,0.79356372799458
26,23,0.2378457730116981,0.25246914176102786,0.1549970463567548,0.11572485977656971,0.06715830900785899,0.05114682035760589,8.095612324512e-05,9.6920449685e-05,0.9,0.9,1.0,33,0.7027296872377077,0.8961064639361013
26,24,0.22445810041696732,0.25418488800559247,0.2069916034511244,0.13370710477084538,0.07263378636002314,0.06283768618556741,0.00034983231163374,0.00041740582587982,0.9,0.9,1.0,42,0.7161114807705965,0.7889614647287341
26,25,0.22024485933468663,0.256285087727896,0.22590450864339412,0.17577827945189545,0.06759589884445918,0.06372945426781121,0.00042069505536243004,0.00034356775686539,0.9,0.9,1.0,45,0.7091490168747687,0.8821473720319655
26,26,0.19130867691688974,0.21129710048752526,0.18032120061128418,0.1845233905324239,0.12697216071724407,0.06863540302136731,0.0005585897631859001,0.00066765288205384,0.9,0.9,1.0,48,0.6890469917939952,0.900017621555361
26,27,0.18554154194762112,0.21053849213519432,0.19633552545636962,0.19848361257226282,0.07153794161458735,0.07012128683526415,0.00055055829942064,0.00059627223736773,0.9,0.9,1.0,54,0.6982966491540358,0.982967522503282
26,28,0.17730722797622078,0.1898962068017992,0.15865854156808507,0.19914505874813682,0.11046775505532574,0.06922994776681345,0.0005754639098292499,0.00065071806938543,0.9,0.9,1.0,55,0.6878512207519785,0.9214040642890322
26,29,0.1767709998800798,0.19752852243378952,0.18317687716348546,0.2218648250604467,0.06462726940312732,0.0694200318558052,0.0005698160721028,0.00065477084949704,0.9,0.9,1.0,57,0.6916240874347866,0.9012390264783828
26,30,0.16189206772612838,0.18891425525783062,0.19138198952465343,0.22144265834160845,0.08515302603693463,0.05789725149610188,0.00043768715680197996,0.00065470857310493,0.9,0.9,1.0,58,0.6903043423653041,0.9048091458889193
26,31,0.15101442248811767,0.16287017709829274,0.14821285898766187,0.2197495334100426,0.13169159009614764,0.059422372735653504,0.0005762364362264601,0.00058143684708374,0.9,0.9,1.0,59,0.7075964319562632,0.8825883949393889
26,32,0.09810373274890806,0.0754719142396619,0.05971000612590296,0.21904485609738175,0.429851620719851,0.0644627593637068,0.0005927055466366,0.0011600877065939,0.9,0.9,1.0,60,0.6847668542425965,0.8792614352881132
26,33,0.08969283730142522,0.08304235418144046,0.10104476349978077,0.23138899113966588,0.055464541606338125,0.05773419656484417,0.0004418206658875,0.00065393213021771,0.9,0.9,1.0,65,0.685202799565868,0.8396811186690328
26,34,0.08865839078397082,0.08102970861023127,0.09900207790791711,0.2846569993500534,0.05410476672112397,0.05816187507035355,0.00048653760952771996,0.00072328034597502,0.9,0.9,1.0,78,0.6850548757080467,0.84266816830948
26,35,0.06583473906437004,0.0523003093072471,0.08674099556044182,0.29347237312591684,0.10170240202082781,0.05690537413721155,0.00047975976044811004,0.00065368879935341,0.9,0.9,1.0,81,0.6972340835381435,0.8984802915256247
26,36,0.06145313412472611,0.06218188080005811,0.13033796116429539,0.3505207663775106,0.05382360708929722,0.0564962282390315,0.00050229606827512,0.0007036649916603501,0.9,0.9,1.0,96,0.6988368217686912,0.9370099266864592
26,37,0.05961532112349438,0.06750008663357768,0.15251491760215738,0.3800411850309854,0.05389458086974524,0.0566111453500569,0.00049079764025859,0.00075937826472721,0.9,0.9,1.0,103,0.7029408814560802,0.9043530651815272
26,38,0.05595164789854039,0.06934590784278702,0.17117182821058907,0.3935804513795665,0.06853889894133242,0.05737701514552136,0.00052682693832502,0.00068844254259581,0.9,0.9,1.0,105,0.6946936513595788,0.8381039813677833
26,39,0.05220020663115842,0.07193588601893612,0.1905971324797567,0.4269813027413141,0.05446897998013435,0.056575429099445816,0.00046935994877834,0.00081054890614314,0.9,0.9,1.0,113,0.7059460834483849,0.930465929036903
26,40,0.05215414749557595,0.07185470773938236,0.19051483939888056,0.4443613606014247,0.0525679588404689,0.05657328844283538,0.00047303765212485,0.00081245401011174,0.9,0.9,1.0,114,0.7062456846960941,0.9219821213707048
27,0,0.9054489876685949,0.9214073616401144,0.7148949115039465,0.04165748074699684,0.0,0.0,0.0,0.0,0.9,0.9,1.0,1,0.6859814504665603,1.14241867310027
27,1,0.6932632708437418,0.7383240347872401,0.5457597569450837,0.07203561573964871,0.30464607222019224,0.061683832992479204,1.092112685714e-05,1.4847512460690001e-05,0.9,0.9,1.0,5,0.6288142831787032,1.116876948283322
27,2,0.6899908303230984,0.735047729909174,0.5424619049781652,0.0735614500244318,0.06131789039043433,0.06005019187456093,8.739498516676951e-06,1.03936205706e-05,0.9,0.9,1.0,6,0.6298664671235408,1.0869098853609125
27,3,0.6939301047002443,0.7389457253709546,0.546265822854935,0.08768070276364948,0.09757250727054484,0.07308700918991555,2.3528275492260002e-05,3.4555263483309996e-05,0.9,0.9,1.0,7,0.599032802999371,1.177533060065388
27,4,0.6765494624978856,0.7214480655894974,0.5286434098499205,0.08279621826243269,0.10094732625900711,0.06528662440583055,1.653557263084e-05,2.020300795361e-05,0.9,0.9,1.0,8,0.5940829592061694,1.1574209432632283
27,5,0.627055274305054,0.6787730572828831,0.5022188963282858,0.08074621626630075,0.28089594234737475,0.06873101875689822,1.758970416768e-05,2.4734934424e-05,0.9,0.9,1.0,9,0.5774182529985731,1.0941485579669483
27,6,0.6053779500552285,0.6561674288377916,0.47940786484588427,0.0768335514483414,0.12580041303893877,0.06271008428523998,1.542036832628e-05,3.278906914684e-05,0.9,0.9,1.0,10,0.6028808934235546,0.8548033804303166
27,7,0.5860996869313765,0.6356354859634411,0.4586464248176548,0.07685770955449756,0.13267718448003618,0.061244847310591065,1.773165867579e-05,4.226247363199e-05,0.9,0.9,1.0,11,0.595954328145894,0.9610657260434502
27,8,0.5809082913479648,0.6296627302146971,0.45254726780102267,0.08701511713988407,0.10248253593792345,0.06532196547286023,0.00076192838858569,0.00031004140119514,0.9,0.9,1.0,12,0.6038190165875079,0.8511269913382012
27,9,0.5597369554589484,0.6153802924439045,0.45492693460441186,0.09157819861956439,0.136763677216895,0.06306871504581577,1.836237141624e-05,2.503067463763e-05,0.9,0.9,1.0,13,0.6020275597375209,0.8979494402663731
27,10,0.53902828609641,0.5912729657726342,0.43041104235564703,0.09386951615014133,0.20485796987835456,0.07303706691906209,0.00054510777081711,0.0006910469111071,0.9,0.9,1.0,14,0.5849638296002526,0.9653394845498636
27,11,0.4650015403056546,0.5081481032097527,0.346445433291816,0.07722395523588965,0.19618047726591148,0.059166519732589004,0.0005879543162519,0.00043185828448524,0.9,0.9,1.0,16,0.6080202081314919,0.9679804258575428
27,12,0.46417848317837596,0.5072761833460467,0.3455696480953199,0.08136272767633755,0.05498509354849774,0.05862122589768193,0.00055509033682172,0.00040771936520908006,0.9,0.9,1.0,17,0.6043839421230901,0.9644453907924364
27,13,0.45789516499708915,0.5063520148913948,0.3612998838061202,0.09744890519605444,0.1059355584271459,0.07026059263014153,0.00058838105546681,0.0009142981888244899,0.9,0.9,1.0,19,0.5829386652328712,0.932202468943861
27,14,0.45496613946388725,0.501959782440349,0.356800576809033,0.10394602202001083,0.10544602735775853,0.07561198024649199,0.00062877069768628,0.00064509859753363,0.9,0.9,1.0,20,0.5266033367361993,1.1171991318872336
27,15,0.43870158265010145,0.48307300780809104,0.3377269394374364,0.1035122556721648,0.1292468838610206,0.07174094867423601,0.0006156426852843,0.00089918220812182,0.9,0.9,1.0,21,0.5479907504428291,0.8930241583805679
27,16,0.4119346449990215,0.45828109551794466,0.3294085382802156,0.10917329431956782,0.14007778273227034,0.07430621107211287,0.0005856163968346,0.0009195631496719001,0.9,0.9,1.0,23,0.5337827324948693,0.9104770142866891
27,17,0.39308693698523683,0.4362660499249251,0.30720145211216093,0.10096819576322213,0.12718246742277914,0.06798250987344903,0.00068476224632371,0.00058371150698978,0.9,0.9,1.0,24,0.5619096480193291,0.8925862236204387
27,18,0.3933188073132847,0.45104853324549,0.3556334482472646,0.1349610127241091,0.08248416505776235,0.07873312098581661,0.0009959182609191601,0.0007234832426416501,0.9,0.9,1.0,29,0.574705721276501,0.8315298135882605
27,19,0.3916175283613067,0.44890436405311984,0.3534639544410482,0.1357203856293679,0.0810117625884248,0.07819492225773943,0.00085842132520148,0.0013147502735266,0.9,0.9,1.0,30,0.5296235768277662,0.8221148816644822
27,20,0.38458959654791336,0.4414319957098113,0.3459662128136605,0.13809788126352726,0.07573617410769665,0.07296623401662951,0.00100476690143134,0.00054275765536866,0.9,0.9,1.0,31,0.6009857288140414,0.8331741169237956
27,21,0.3857831856077913,0.4416773205348181,0.34615794047495474,0.1441996674796519,0.08992124132415721,0.07751014764076594,0.00085612571342464,0.00132523712961399,0.9,0.9,1.0,32,0.5330678544643951,0.8986933871442102
27,22,0.37708320505615894,0.43208273800357755,0.33651327221588107,0.17535184872572107,0.0720957441234087,0.0721457731302038,0.00066021992101122,0.0009319124734894701,0.9,0.9,1.0,35,0.5213701836513882,0.91139320623569
27,23,0.36964960513790784,0.4310672831955652,0.3522795749351846,0.17174328520254423,0.07986748200425181,0.07205579532474855,0.0008197715089887,0.0011111962534773498,0.9,0.9,1.0,38,0.5186826980154101,1.01674802175513
27,24,0.3551618925924931,0.4116844144372078,0.3326368604000389,0.18454131007583432,0.15690547671448724,0.07448607029062357,0.00084545406274512,0.0012983887388989999,0.9,0.9,1.0,39,0.5133664732555326,0.9738332506540872
27,25,0.34795013434301125,0.41113138748904243,0.34888580821653203,0.1833759424636171,0.08445791208695538,0.07329431149703902,0.00088352097630836,0.00135092286401577,0.9,0.9,1.0,41,0.5168833437360143,0.927789494198276
27,26,0.33757763538003843,0.39796975178861715,0.3355838415555825,0.19677061092483897,0.07856331252371282,0.07200773894561653,0.00086480291262393,0.00112473675602056,0.9,0.9,1.0,45,0.5163702686451236,0.958449135436859
27,27,0.3334317463678361,0.4008456858705741,0.35528353569200766,0.2076776781242409,0.08000956083765848,0.0727323510116917,0.00084579217047378,0.00111266223130927,0.9,0.9,1.0,47,0.5103702837815782,0.9599072620287756
27,28,0.33039976059356796,0.4134599538286368,0.40162539710675843,0.23370858482377796,0.07467078456275641,0.07371183609850818,0.00125828015112562,0.00127058179899799,0.9,0.9,1.0,51,0.5725401069557827,0.8363363939057626
27,29,0.32915482107885996,0.4033450659901133,0.37459583633170057,0.23327732402391907,0.07117813797845836,0.07395099974410793,0.00089895268755496,0.00113471680040712,0.9,0.9,1.0,53,0.5379289656011585,0.8804109326221419
27,30,0.32915684021940295,0.4031571451798056,0.3743986229025422,0.255868206748953,0.07011550633531877,0.07441040109876633,0.00084932844336355,0.0013475823126740901,0.9,0.9,1.0,56,0.5317854509195058,0.9357559727994365
27,31,0.3155645258735194,0.4033836733363686,0.40826709112012743,0.264951893273591,0.11787309152692649,0.06995368731648817,0.0009495773089448999,0.00145981784919701,0.9,0.9,1.0,57,0.5559858633127208,0.8312463233820391
27,32,0.3169874512891802,0.41280877671603144,0.4345656962727772,0.3067513228539945,0.07691617853874345,0.07344614742458953,0.00114103842036744,0.00116113107696633,0.9,0.9,1.0,58,0.5648817909440809,1.0781401099045966
27,33,0.3122027360865501,0.4071369173259398,0.4288525023598352,0.28697305772684295,0.08002175677814541,0.07088899258997014,0.00094004176610114,0.0014360472747008,0.9,0.9,1.0,59,0.550429179696971,0.8483762788409156
27,34,0.28196923982260685,0.3460478155033764,0.33335262851296676,0.2681795491037583,0.17690798717556347,0.07921642251287869,0.00100137036105464,0.00121093931343634,0.9,0.9,1.0,61,0.5042882644558523,0.9477003504569336
27,35,0.27945462235550345,0.34264761810411465,0.3299148183395339,0.27534389864734854,0.08592250725229379,0.0789491532436848,0.00101114968213466,0.00120164268425727,0.9,0.9,1.0,62,0.5097434444365184,0.9653657679507852
27,36,0.2759974876573527,0.3556050566579896,0.3766423775944702,0.29838003298535,0.07268629145804939,0.07677990326279602,0.00104148532318052,0.00132171894965221,0.9,0.9,1.0,69,0.5094812475369995,0.9718494739991844
27,37,0.2753103618484102,0.35442665278841246,0.375443370617053,0.31802023611966845,0.07542994912919142,0.07740476896327259,0.00110490838440461,0.00125594446857386,0.9,0.9,1.0,71,0.502249179143361,1.009508389219977
27,38,0.267243837058134,0.3520386004781932,0.38983477618513346,0.32387978295156755,0.11129595705362444,0.07627386739842716,0.00112574628202301,0.00132947517037372,0.9,0.9,1.0,72,0.5135297190988786,0.827953112846865
27,39,0.26217305321229545,0.3457870973286833,0.3835345127189439,0.3283501515645307,0.08525659489460223,0.07385266890226855,0.00112568391747809,0.00133549400243788,0.9,0.9,1.0,73,0.4980056064644568,0.944522813669756
27,40,0.2549692261196664,0.3606975672252679,0.44899864329460415,0.3692982147244106,0.08216301727250987,0.07545404268027602,0.00115498690996162,0.00113463232570016,0.9,0.9,1.0,77,0.5238000533547316,1.0469718589225876
27,41,0.25021914698566866,0.3537796035579066,0.4419937801024339,0.3762101613287722,0.09975008606085162,0.07583054503252602,0.0010267317586110801,0.00127068026610987,0.9,0.9,1.0,78,0.5235783549837781,0.9862431357786368
27,42,0.25060119880361537,0.3621857965333759,0.4672781878311093,0.38932044488784495,0.0755266037715749,0.07744938055174441,0.00108943222429858,0.00135010235775913,0.9,0.9,1.0,80,0.5103957068393656,0.9506197836548712
27,43,0.24283032193341716,0.3238522448610274,0.3780538541950371,0.36771917725014247,0.108348796477169,0.0813959270120415,0.00106162720391978,0.0013692765935626,0.9,0.9,1.0,82,0.5084422806934317,0.8998515794882412
27,44,0.23144154995623928,0.3181834346851499,0.389175169959507,0.3974875273716616,0.07967817747281412,0.07547628422717753,0.00117697851733926,0.00149995383485942,0.9,0.9,1.0,86,0.5023866933962017,0.90150194680516
27,45,0.2303771673534296,0.3149771791269204,0.3858874125576357,0.41268058227675997,0.08330673151724258,0.07965694050900883,0.0010638489509442,0.00147081850855238,0.9,0.9,1.0,89,0.5173557919127514,0.9538057705968112
27,46,0.21852265683197095,0.29997865821796355,0.37077047185854445,0.44316674033016185,0.0776869233212463,0.07370629476181004,0.0012736637247014499,0.00155397914063635,0.9,0.9,1.0,94,0.5442572204446485,0.964940342287551
27,47,0.21821628007136276,0.31544635818344474,0.4199869536773722,0.4705047048377371,0.07297951186499932,0.0765248273253284,0.00113754279501736,0.00161840327906858,0.9,0.9,1.0,103,0.5306315151756026,0.8541882133898325
27,48,0.21729655915462004,0.305364332242535,0.3929830243389893,0.5129848486479046,0.07278891037331546,0.07716282960202339,0.00116990040723775,0.0014056239118004099,0.9,0.9,1.0,112,0.5238998089824004,0.8787354091250879
27,49,0.21445085246216863,0.3091919296286411,0.41364040761761595,0.5132419021585463,0.08459272140022712,0.07845613088948862,0.00112338854661606,0.0013568177402795,0.9,0.9,1.0,114,0.525904913962522,0.8787047960564247
27,50,0.2122241110122273,0.3063997973230069,0.41082754016646794,0.5461062081413992,0.07577623214417717,0.07731273624468235,0.00113580281325045,0.00132247804213901,0.9,0.9,1.0,116,0.5276486005954667,0.8688610053776
27,51,0.21081008001067225,0.30433906600397703,0.40874313020625963,0.5452894463214595,0.07992668693267484,0.07705379505313567,0.0011396207744050302,0.00147867197963813,0.9,0.9,1.0,117,0.5308069320590029,0.880594812843492
27,52,0.2059832568647876,0.30752337896235776,0.4288066059263932,0.5413309477047108,0.07464470944467376,0.07280750606647363,0.0012228891967905,0.00149646693642915,0.9,0.9,1.0,118,0.5246984140736471,0.8742779933814288
27,53,0.20496049878356037,0.29663803559570917,0.400974493956663,0.5501186020821105,0.07755917572269751,0.0749147591346385,0.00110813098639186,0.0013898639218715499,0.9,0.9,1.0,120,0.531666838873526,0.916122362322419
27,54,0.20732769896473735,0.3077439577728669,0.42898628783332915,0.57398653308562,0.07598239635776372,0.07709360457715822,0.00113563202377753,0.00137046171911305,0.9,0.9,1.0,121,0.5225265404400216,0.8751118701214174
27,55,0.20514343537197702,0.339105155929548,0.5279203358745382,0.6002288351592905,0.07093123319464774,0.07513536377966282,0.0015353628335960999,0.00186594409314145,0.9,0.9,1.0,138,0.5356300053464464,0.9150338652550848
27,56,0.20342058546364816,0.31867495345320185,0.4736335126609194,0.6177368409728016,0.07659884727703489,0.07676836480880869,0.0015900916039185,0.00191723841487421,0.9,0.9,1.0,143,0.5400652174500528,0.9237811060950564
27,57,0.20057125403420176,0.3227231083805054,0.4945216118054796,0.7203909763983367,0.07620154951133759,0.07728483105869938,0.00157380750868183,0.00192539356563446,0.9,0.9,1.0,149,0.5418828520041743,0.9160961486695728
27,58,0.2005712543624152,0.34835093841527354,0.5708460700320982,0.6801684431947526,0.0728984544402956,0.07728483084612182,0.00157380750873454,0.0019253935697934699,0.9,0.9,1.0,150,0.5418828532660309,0.916096148685218
27,59,0.198145033720897,0.3444965298211455,0.5669407185300375,0.6937244831589585,0.078850226790647,0.07779563986411056,0.0015795651896786203,0.00187894418222802,0.9,0.9,1.0,153,0.5342195624006155,0.9221025985210884
27,60,0.1976636867779036,0.3436109015092415,0.5660406483615962,0.6845178483293848,0.07851897487483168,0.07814694546097209,0.0015713158766834999,0.0018916051514421598,0.9,0.9,1.0,154,0.5367485091061753,0.9257906881003112
28,0,0.7983711400721687,0.8272642426802022,0.6196279762380729,0.02838064345474097,0.0,0.0,0.0,0.0,0.9,0.9,1.0,1,0.8712444784836411,1.162463793178276
28,1,0.8544847228457914,0.884193652759469,0.6764671138484483,0.0984905758743196,0.07471617824592797,0.07149270457766425,7.343342574033e-05,7.835431719146e-05,0.9,0.9,1.0,4,0.8544718602219338,1.0512704257746872
28,2,0.6230653790842863,0.6661293430655447,0.4726491676608239,0.06573482367530809,0.9555257638619513,0.06670711039610658,8.627236248383389e-06,1.32208458206e-05,0.9,0.9,1.0,5,0.7518551176314611,1.0948154878218077
28,3,0.6363858944291548,0.6792397143638434,0.4857108957002062,0.08559506298315818,0.09362949058587433,0.08574206062257692,2.300383550364e-05,4.68965173238e-05,0.9,0.9,1.0,6,0.7641931847597723,1.0743322448768895
28,4,0.5661142049089773,0.6114482346378814,0.4338735424391114,0.09340721635787815,0.15980343689851695,0.08884515901603685,2.780286057936e-05,5.60676180546e-05,0.9,0.9,1.0,10,0.7000180282778489,1.0050363518628351
28,5,0.5652628765903734,0.6105002227753183,0.43291403357748504,0.09468003993009988,0.08392275408589954,0.08885920972592051,2.7587828165569998e-05,5.5500200099650005e-05,0.9,0.9,1.0,11,0.6997465662632152,1.0003787970887832
28,6,0.5026906384224447,0.5425899071734167,0.3644458885177917,0.06968125559778449,0.24724724353961172,0.06528518710691837,3.710981562992e-05,8.027990005568e-05,0.9,0.9,1.0,12,0.7414716496610869,0.8863415403261431
28,7,0.5031816839686531,0.5429693697930682,0.364814982202876,0.06928390396254376,0.06187230502800925,0.06667518705278049,3.6604954111119996e-05,7.889137759732999e-05,0.9,0.9,1.0,14,0.7452022650582988,0.9130652806068934
28,8,0.47322185690202506,0.514119244213118,0.3522420674517417,0.11010597871362879,0.17976264300225184,0.08295120187672825,4.8115900642750004e-05,0.00010059745375276002,0.9,0.9,1.0,16,0.7056550920025861,0.8115896046790216
28,9,0.4709613564973868,0.5115168589981614,0.34961382710355127,0.11262699829285353,0.08309715679694096,0.08246883483100594,4.742336379023e-05,9.938095450182e-05,0.9,0.9,1.0,17,0.7077283652836405,0.8190868021169571
28,10,0.46814973234418306,0.5168784607096314,0.37184636923233855,0.11472659449688319,0.08301234937500623,0.08154524078274385,4.65667277825e-05,9.771893984701e-05,0.9,0.9,1.0,18,0.7148372688503348,0.8356823853891637
28,11,0.44660604078948857,0.5119126252095143,0.40064041984718723,0.11168748020524791,0.06727487586833657,0.06043754654159035,0.00013524031569121,0.00010756041006030001,0.9,0.9,1.0,19,0.7250074247232197,0.9356422692402282
28,12,0.4511659892731224,0.5079157525488276,0.3797332575488234,0.10916952046998832,0.06482452322583289,0.06672846992639384,3.510187638915e-05,6.573300535401999e-05,0.9,0.9,1.0,20,0.7331459817915082,0.8842094827971944
28,13,0.4303490940618489,0.4836443802619753,0.35522569734428455,0.10979733678515687,0.1347054457966726,0.06173650860812337,3.6112489549589996e-05,6.707212616692e-05,0.9,0.9,1.0,21,0.7144539185505776,0.9022851568529194
28,14,0.43124099048213016,0.4835362863932297,0.3550488161620939,0.10672059579479179,0.08457080466248205,0.06802707640379024,3.352465326599e-05,6.334681628834e-05,0.9,0.9,1.0,22,0.718142888341975,0.8318425099263671
28,15,0.4184236800302957,0.4577326768012194,0.31205518561340445,0.12239130987512709,0.16670019872631703,0.07572514276975587,0.00011419978920469,0.00017899406993458002,0.9,0.9,1.0,23,0.7214027379612922,0.9452104782230464
28,16,0.3917537120150857,0.4249818269257008,0.27893467163474267,0.11624341429310184,0.12910368720992388,0.07295378341210695,0.00048740848108376,0.00055370201148611,0.9,0.9,1.0,25,0.7575509655295578,0.9538154027325072
28,17,0.3883586081081321,0.4285614563336796,0.2993234943669549,0.15027987247756025,0.08430845596737443,0.07459443125717158,0.0009440794716128799,0.00121728387350438,0.9,0.9,1.0,27,0.7421050130773139,0.8972047314993382
28,18,0.38688672727284007,0.4260109284014825,0.29671169337489556,0.15213815117786686,0.09248179856939305,0.07746503209596398,0.00097116955935109,0.00119227328486979,0.9,0.9,1.0,28,0.722056079001153,0.8819766782935807
28,19,0.37367201016539875,0.42748618850073317,0.33185088771807253,0.15921626741118164,0.07381354770287214,0.07417640490242203,0.00028043166253989,0.00035089036163939,0.9,0.9,1.0,35,0.7152050379826219,0.9161733795328568
28,20,0.37301946322540785,0.4257031676607312,0.3300061820733203,0.17896461068325728,0.09152045184248872,0.07790837447826668,0.00031354608116054004,0.00034975247144462,0.9,0.9,1.0,36,0.704439023588473,0.8864044315104783
28,21,0.36121728507512973,0.41032699192264466,0.3144392459345917,0.1773101960363572,0.1035481773222524,0.07855616101833758,0.00026655915402756,0.00040749620805687,0.9,0.9,1.0,38,0.7061104536970879,0.9067731977114412
28,22,0.34982947973472567,0.395334263943418,0.29926086463419654,0.20076039789323788,0.13461896368612503,0.07877333958171574,0.0005393205676937301,0.00053603433918155,0.9,0.9,1.0,39,0.7301936999280255,0.8717552490728611
28,23,0.3454436555506786,0.39776057604826076,0.31849904983851635,0.2047351539647489,0.07897750538144896,0.0805989157613867,0.00024783876710978,0.00032978120575251,0.9,0.9,1.0,44,0.6866497344590855,0.8586684546422403
28,24,0.32933517151323166,0.38154282141238827,0.3022757198921165,0.19273682657733573,0.0591862651007859,0.06308598820005526,0.00019909794592762,0.00037270991312713,0.9,0.9,1.0,45,0.7180499912516655,0.8156176605862462
28,25,0.3326841180254944,0.3810995634395142,0.301646399221879,0.21585182952633936,0.13530648487777008,0.0796585568650007,0.00026158910217185,0.00054930856514965,0.9,0.9,1.0,46,0.7103704428429467,0.8211239793558833
28,26,0.32826965127123614,0.3759855520921926,0.2964985995788764,0.22091936578184168,0.07587316948212497,0.0771062625209662,0.00027803539999795,0.0005414603715598501,0.9,0.9,1.0,48,0.6957551081267125,0.82653957153783
28,27,0.3190582958290071,0.37138886336022003,0.3086150988924782,0.2197351377453014,0.13540969764506855,0.07990068900221782,0.00024177891309286,0.00049192725167829,0.9,0.9,1.0,49,0.7188906238908713,0.8529142643585602
28,28,0.3170080782156043,0.3862961039177338,0.35731403749675616,0.23869201499379822,0.07135448227681183,0.07809613949201412,0.00023166752156988002,0.0004513358286307,0.9,0.9,1.0,54,0.7087188710582746,0.9106407690168444
28,29,0.3166547782774385,0.38509774948899106,0.35607633988895493,0.24580016623256234,0.0862444896353176,0.08040307572768972,0.00027414005596929,0.00042150571450434005,0.9,0.9,1.0,55,0.7119807883749112,0.8804566574234477
28,30,0.30296861420716314,0.35806724737039314,0.31192846643926275,0.24701142329009912,0.14668046988445482,0.08011782299593187,0.00026773702502645003,0.00050687362450933,0.9,0.9,1.0,56,0.7087137913498953,0.8615201295339823
28,31,0.2980645687745714,0.35988520613610353,0.33056430916259294,0.2928604087814328,0.07633403582912437,0.08013350910511292,0.00037441759625353,0.0004586287249534,0.9,0.9,1.0,64,0.73097948154306,0.8564070079915246
28,32,0.29663111026722144,0.36687713914574194,0.3544499526567748,0.3270960848290983,0.07201805007702766,0.07882904526124686,0.00035354501183593,0.00053508026344546,0.9,0.9,1.0,72,0.7296203040351865,0.8586959784256699
28,33,0.2976090847321454,0.359263739874894,0.32993542119298447,0.292767006795471,0.07364134592303304,0.08012137467238634,0.00037456227653933,0.00046268329936333,0.9,0.9,1.0,73,0.733442013069665,0.8636422508068964
28,34,0.29760908466428987,0.3592637398751353,0.3299354211932258,0.2927670067956714,0.0729091246379215,0.0801213746713269,0.0003745622774386,0.00046268329974879005,0.9,0.9,1.0,77,0.7334420132709255,0.8636422521717735
28,35,0.29479062192265265,0.3638788324834589,0.35140065169270607,0.30342623810268754,0.08135019369274614,0.08029202905017535,0.00036158947388847,0.00048415321225978,0.9,0.9,1.0,79,0.7282965019333663,0.8763057544139429
28,36,0.2927688470745393,0.3959427667542226,0.4510566145453771,0.41517576637136255,0.07138711340299742,0.078235823513322,0.00040778577826292,0.00049767032240825,0.9,0.9,1.0,90,0.7376084967442079,0.847676789560529
28,37,0.282254018806977,0.38991547245906444,0.4617525195450497,0.43371456951887555,0.08129762027644993,0.0783926372092659,0.00041231604782548004,0.00049097672621549,0.9,0.9,1.0,96,0.7031470401004862,0.8568118859632463
29,0,0.9194848428252632,0.9333312477351712,0.7269612152300193,0.043339085710466775,0.0,0.0,0.0,0.0,0.9,0.9,1.0,1,0.6686962663889927,1.119379808358369
29,1,0.7542199586298367,0.7981069664895553,0.6062841232414741,0.08040608763908229,0.25173767637211475,0.05910851819221802,6.815535638763927e-06,8.840786384754718e-06,0.9,0.9,1.0,5,0.5338211278641942,1.053111466251292
29,2,0.7541234096656144,0.8066378339653135,0.6316879687798821,0.08789750491073998,0.05975938632353768,0.061508724854079676,8.103061503477206e-06,1.051090326743e-05,0.9,0.9,1.0,7,0.5286741964564217,1.0580868741799347
29,3,0.7539169740773827,0.8149812694147469,0.6569279493226192,0.10316800429802152,0.05577655356406646,0.0615087248540797,8.103061503477235e-06,1.051090326743e-05,0.9,0.9,1.0,9,0.5350170281108271,1.04094609221897
29,4,0.6959126304204543,0.7580522649105724,0.5993753303977325,0.10764639698815602,0.12086295515140656,0.0562722347445289,1.592868646447e-05,1.6939220915449997e-05,0.9,0.9,1.0,12,0.5114661735655425,1.1212367375941863
29,5,0.6734015903705823,0.7354219759716297,0.5764472939649766,0.11121581405415944,0.15353710261816553,0.05884725654029936,1.264379016166e-05,1.4276898382770001e-05,0.9,0.9,1.0,13,0.4912367635917002,0.9379817079792266
29,6,0.6710844653484556,0.7329694165401711,0.5738888438282861,0.11160230329450367,0.09514192032166474,0.06596431446937906,1.4916790620389999e-05,1.7329722027679998e-05,0.9,0.9,1.0,14,0.5317164051502109,0.9276547901524294
29,7,0.6598299318957999,0.7214077825171147,0.5621675633722651,0.11630376110122538,0.11511963774501227,0.06797354015800533,1.734725863525e-05,2.040687444153e-05,0.9,0.9,1.0,15,0.5147633488445947,0.9066814643458512
29,8,0.5796824296811128,0.6460147040061285,0.5027758522605918,0.10487273746489402,0.15351414854087775,0.05816063368521347,3.116501866519e-05,9.701148584753e-05,0.9,0.9,1.0,18,0.4272111835576812,0.9172101419031689
29,9,0.5580313319739058,0.630470928713508,0.503777337265493,0.13126865963482995,0.17738068971722903,0.06415169690225866,2.348694370352e-05,0.00023820570266771,0.9,0.9,1.0,19,0.4763594439405665,0.8135434300822695
29,10,0.5423455821532608,0.6128996921214306,0.4859736542217057,0.11669346208048041,0.1383450543467924,0.06623079784700117,0.0001039912055368,0.00018612647794352,0.9,0.9,1.0,20,0.4484455481215341,0.7505381528536258
29,11,0.5113528784244038,0.5700655519225716,0.4258863688710467,0.11828194676184117,0.17495720263621098,0.06099071258691356,3.600575582927e-05,0.00035800353836816,0.9,0.9,1.0,21,0.4353811231944163,0.8616808805346122
29,12,0.49713229371339074,0.5627580487104883,0.4353199062807603,0.11377912687410573,0.0792686145842129,0.057983414200978654,4.729647378577e-05,0.00041317241648575995,0.9,0.9,1.0,23,0.4413188476724739,0.8330479747852293
29,13,0.4859889636839566,0.5568158601713773,0.44597611342595267,0.13297361826566179,0.11410403011759325,0.07021577529957716,6.276409447966e-05,6.0770194106389994e-05,0.9,0.9,1.0,25,0.435167475186355,0.7442621641444687
29,14,0.47356965045250493,0.5437635226593731,0.43287370451406804,0.14636004223278898,0.0713230082933649,0.060296688836949205,4.346423813574e-05,0.000169277754619,0.9,0.9,1.0,26,0.4347736303314893,0.7667054831122839
29,15,0.4743232378897693,0.551737198246853,0.45763854251019565,0.14655710275759934,0.09917138458238305,0.06977160080033731,5.999615242209e-05,6.026754727233e-05,0.9,0.9,1.0,27,0.4230289324541925,0.7773831995809379
29,16,0.4446304741349906,0.5077807923721428,0.3963529662482946,0.142123227584456,0.2089586759102704,0.07036530976674474,0.00021206885012136002,4.1777974231600005e-05,0.9,0.9,1.0,28,0.4164949350391474,0.7986032340350734
29,17,0.44349650871184154,0.5148510503308967,0.42029780223785546,0.14236954254660458,0.06812411590415707,0.07057113499308541,0.00023396792777503997,0.00036560542243316,0.9,0.9,1.0,30,0.4148757916693588,0.7978008220028237
29,18,0.43086020580740725,0.5006718615288229,0.40601025670158,0.16292281579285617,0.07126058249703143,0.06481208647423928,0.00043061436258053,0.00028682928396093,0.9,0.9,1.0,33,0.455360364555129,0.7264841923739432
29,19,0.4095874432206748,0.4832596680400075,0.4051899260453243,0.1413098945006308,0.11052778523510186,0.06483534648855485,0.0002138685818214,0.00021481006166609,0.9,0.9,1.0,35,0.4452895472946185,0.7642086338441775
29,20,0.40601285981028384,0.4867751867556194,0.42551310508483625,0.19726430509718615,0.06651020746760529,0.06742984491569955,0.00037523520572387,0.0003501146241789,0.9,0.9,1.0,41,0.4147749166475823,0.7635594531523495
29,21,0.39640612535469644,0.4665918500833136,0.3883061894540968,0.18461448568964076,0.10222345641559924,0.06645267409731372,0.00016899717818895,0.00020766079550879997,0.9,0.9,1.0,42,0.5690817794158413,0.7680830579033957
29,22,0.3915795581175514,0.45175098071824116,0.35647846682273915,0.1856171137835109,0.09098958635312746,0.06765087125589418,0.00016887048435044002,0.00020842018674360998,0.9,0.9,1.0,43,0.5705899218097126,0.7692968065092417
29,23,0.35144805195234174,0.42726302481819733,0.382128488890598,0.21521751307187265,0.08938376720412329,0.06337190721383244,0.0003462023430054,0.00058570789767041,0.9,0.9,1.0,49,0.4454702791687819,0.7394215874071834
29,24,0.34742357388193484,0.4217894235251483,0.37657876093626114,0.2268554781294354,0.06740336271327971,0.06439331206024032,0.00034498569356098,0.00057143570877812,0.9,0.9,1.0,52,0.4458515606626925,0.7400097140007325
29,25,0.35183676283844845,0.44297233178152884,0.4315431357897528,0.26224919663722623,0.06567524242341288,0.07109195170051266,0.0002138569659253,0.00012547359144109,0.9,0.9,1.0,56,0.4751673836068115,0.7273461567542927
29,26,0.33944179755033077,0.42010412641610867,0.391674897417447,0.25520376936063716,0.09274662428744834,0.06418983968173456,0.00035832902963482997,0.00035188979735375,0.9,0.9,1.0,57,0.4546782565502974,0.7378508978191382
29,27,0.3230096349790858,0.39834129545285496,0.36964733545716894,0.28387926365995164,0.08858603799635228,0.06438580815904779,0.00035499259594814,0.00058481636383577,0.9,0.9,1.0,60,0.4439268395526538,0.7399440309320136
29,28,0.31459091522953947,0.38712980850361123,0.3583009560249718,0.2736869962897308,0.10447484825380986,0.06442027754216836,0.00040298996324139,0.00059496968756659,0.9,0.9,1.0,61,0.4492880876389685,0.7304632167991388
29,29,0.3129719133805422,0.4102786582608081,0.4321057987770995,0.3293162802857867,0.06103154747005776,0.06546791343005239,0.00041480843551227004,0.00058703248171203,0.9,0.9,1.0,73,0.4355054896780589,0.7352428394830791
29,30,0.297276941889139,0.3982398425322242,0.43673825566488145,0.3853289973268581,0.06535370007559792,0.06371682575459062,0.00047711071620957,0.00059153053729472,0.9,0.9,1.0,84,0.4390392087121588,0.7421210845732438
29,31,0.29342760884289454,0.40150388625688144,0.4568360298968594,0.40501837828886794,0.06167806064912221,0.06390761656185508,0.00047812095398543,0.0005915754449194899,0.9,0.9,1.0,91,0.4393877916903122,0.7409781292996684
30,0,0.8535407101699113,0.876488791213375,0.6694401420757079,0.035322694341402165,0.0,0.0,0.0,0.0,0.9,0.9,1.0,1,0.7751404019314371,1.153622501525246
30,1,0.8329641364233121,0.8629319454820625,0.6551908758998249,0.08670853302854604,0.10307666899754293,0.04926525376126742,3.2052507050290004e-05,7.34565310718e-05,0.9,0.9,1.0,5,0.7842542836348264,1.007094553252687
30,2,0.6684841998687289,0.7132230634157344,0.5203092185714674,0.07534104794917154,0.7585467568496937,0.06630037660993557,2.145532688952e-05,2.843661047746e-05,0.9,0.9,1.0,6,0.6773161533678903,1.0360620883289489
30,3,0.6543652866773616,0.6991035182300552,0.5061892262338403,0.06470600922877398,0.045750576644502265,0.050683513323341624,8.381414676081824e-06,6.076077082506238e-06,0.9,0.9,1.0,7,0.6767607348357099,1.0371196113398609
30,4,0.662546377855937,0.7157404287978029,0.5396772894299808,0.08365290388160286,0.07386732912461927,0.06410136101121813,1.6791753091830002e-05,2.057141983494e-05,0.9,0.9,1.0,8,0.6724274433210614,1.048066841422913
30,5,0.6565141249542022,0.7181839581446609,0.5589863002894353,0.08943061523030867,0.05726648846264499,0.06044102276895432,1.76215115303e-05,2.33062541e-05,0.9,0.9,1.0,12,0.66224035192171,1.0409074048187694
30,6,0.6394967683816521,0.7010523333272536,0.5418022434387116,0.08033222800132811,0.05936837443815889,0.04631331003805256,3.516585396414551e-06,4.287464866045566e-06,0.9,0.9,1.0,13,0.6736358847980022,1.013475125895831
30,7,0.5906916229975085,0.6493557950706181,0.4893632786466086,0.09704047532941748,0.17760546354926965,0.05788070342803868,3.991697659252e-05,5.7914812622610005e-05,0.9,0.9,1.0,15,0.6634132696814111,0.8694169345805425
30,8,0.5910574028893711,0.6578191569735584,0.5146505877660477,0.1299839801835057,0.06342707038912455,0.06480450582688399,2.5669217913840002e-05,3.5893036450179995e-05,0.9,0.9,1.0,20,0.6381448999095003,0.9882594878988344
30,9,0.507291121460154,0.5672826219892897,0.4232335353700896,0.11137281973154926,0.33891256584766866,0.04450392433412342,0.00084355385241194,0.00077975415441899,0.9,0.9,1.0,21,0.6420701842563016,0.8954139448215757
30,10,0.5068802092055849,0.5752689856402644,0.4481042083547797,0.12062151787577545,0.043888644426607636,0.04512244753770024,0.00085968429017587,0.0008768262754359799,0.9,0.9,1.0,24,0.6568295546268159,0.8931601461580202
30,11,0.5044927260062825,0.5728552590577379,0.4456850347688955,0.11860283546126467,0.04227895799259935,0.04347444445545022,0.0006527664632021,0.00058744961042545,0.9,0.9,1.0,25,0.6493843698700437,0.9156011502258792
30,12,0.48866499265608154,0.5634020691616914,0.4529169563534041,0.12845064808118561,0.1123036850299929,0.04261208733718447,0.00098646723881954,0.00097647177094518,0.9,0.9,1.0,26,0.6409499874296338,0.8601091505227362
30,13,0.4870907053384035,0.5509944672036725,0.42339903110058624,0.15170742606439758,0.07787011124610785,0.059576006073869404,0.00039218191043530003,8.605961932921e-05,0.9,0.9,1.0,29,0.5996760197646763,1.08000265218576
30,14,0.482548044538799,0.5625561100200782,0.4686730564418705,0.15814156317167938,0.08438675317592616,0.0609595174455008,0.0006146676027068,0.00025713023992118,0.9,0.9,1.0,30,0.6113597469130174,1.021536256624911
30,15,0.46805463610741305,0.5530860207937196,0.47581150352102136,0.1859986947261574,0.1110406568810844,0.06744067993742509,0.00104271254310473,0.00034265462766646,0.9,0.9,1.0,32,0.6246075463746975,0.982482295353816
30,16,0.44690540310407095,0.5200791385951956,0.42565592298730553,0.18201174203199558,0.10055495984861232,0.06370334976852829,0.0008570784355273,0.00032812132222823,0.9,0.9,1.0,34,0.6353305311803356,0.9184503369934915
30,17,0.42388347931142184,0.5005622733328677,0.42268723771543704,0.18905038946694325,0.09925634548536309,0.06525232437304694,0.00080127483978816,0.00030200639671249,0.9,0.9,1.0,37,0.6559983746728117,0.9456257953799918
30,18,0.40902101501956756,0.49882229982871007,0.45449008704636074,0.22905049880655487,0.07949004165440399,0.06769837111086886,0.00103413925392466,0.00043039958565257996,0.9,0.9,1.0,42,0.6503315395431584,1.0402924415103014
30,19,0.3476817015581214,0.4145656237183753,0.35251207140280044,0.2147409044897396,0.11101498360486918,0.06059186832168888,0.00073539209217648,0.00027097281309913,0.9,0.9,1.0,47,0.6063582363837361,0.9372508893472192
30,20,0.3450716759613618,0.4198390766582157,0.3746451276867257,0.24074928827487113,0.05777900449013542,0.060670640847997045,0.00070676208581596,0.00024489361411653,0.9,0.9,1.0,53,0.5843335278540732,0.897692945614068
30,21,0.34182166468414943,0.4156639484446605,0.3704224883641802,0.2399904715100429,0.06325619640513999,0.06038692982988938,0.00075430610146374,0.00026059419791181997,0.9,0.9,1.0,55,0.5793078869263523,0.8839873739896683
30,22,0.3300350425407473,0.4172204207067136,0.4055892027925698,0.2674379738430497,0.11837389176249909,0.06058816592130077,0.000737977375522,0.00026868034855737,0.9,0.9,1.0,56,0.5941024355559531,0.918106400627703
30,23,0.319352505603496,0.4202024243890609,0.44219995051151484,0.31012083271502683,0.06982069040167573,0.06074812596138572,0.0006890521616210699,0.00023847555305518998,0.9,0.9,1.0,60,0.5836450755885682,0.9689533401340704
30,24,0.31244239286702385,0.4110937198939655,0.43298493030312674,0.31749232936252747,0.06728387725640408,0.06048190447671149,0.00071495657548321,0.00025182127571183997,0.9,0.9,1.0,63,0.5913525029566811,0.9867254864688724
30,25,0.3087193261047354,0.39755726285966086,0.40248682175645256,0.29459647301261627,0.0770148011656841,0.060748617193457456,0.00073305671193962,0.00025291822111183,0.9,0.9,1.0,64,0.5568701972074402,0.8952627455366405
30,26,0.3007395158975393,0.38710198069873786,0.3919102076313613,0.3045160507410903,0.07609334140193584,0.06049820103054239,0.00069183702866824,0.00022844216345456,0.9,0.9,1.0,66,0.5955344610032113,0.8165206836761361
30,27,0.3004789083263679,0.3950754955122268,0.41677529148947123,0.3316371031213333,0.05694780150293779,0.0605457851329486,0.0006849770061475599,0.0002345575920353,0.9,0.9,1.0,67,0.5840918443622583,0.9660375672817256
30,28,0.2839063706904354,0.37257821998082885,0.3940084130618832,0.3207942449912143,0.14649025417265932,0.06059373450870882,0.00072009085089094,0.00024772836462005,0.9,0.9,1.0,68,0.5912978422177712,0.9655914862967808
30,29,0.2799512117741039,0.40157484276491645,0.49054604152808257,0.5031570287269741,0.05537858393547099,0.059691694096492755,0.0008552714696173399,0.00034092983480569,0.9,0.9,1.0,102,0.5801599830290054,1.0032854152940984
30,30,0.28309872454276724,0.43803034808578417,0.5945593974762794,0.6657505160438979,0.060706806666496284,0.06417805421501029,0.0016244576831780599,0.00104734198463133,0.9,0.9,1.0,131,0.6324876231975815,0.8722252245086409
30,31,0.2808035878704798,0.4355380713791227,0.5920569828720319,0.6852263193219503,0.06225832585461505,0.06269418543420908,0.0015293614015065601,0.00081558709463695,0.9,0.9,1.0,132,0.6293486439172137,0.8024201344181148
30,32,0.2777762497889595,0.4218543266463824,0.5613834287661252,0.676581358730743,0.09152351564923014,0.06511977123727253,0.0016648172721149199,0.00098351242162082,0.9,0.9,1.0,133,0.6285819432365529,0.8702608087074114
30,33,0.27647215126718167,0.428762185884625,0.5851757977632872,0.6902693742248145,0.06308348289680521,0.06450477351055137,0.00170615676818137,0.0010700083319273202,0.9,0.9,1.0,135,0.6271920784109416,0.8731173803171081
30,34,0.2753333045407565,0.4360269183055566,0.6093330163285785,0.6951566864755585,0.06221794053229332,0.0636899601479027,0.00170933957551185,0.00107006769636418,0.9,0.9,1.0,136,0.6223609285240315,0.8735268070173133
