Run,Equation_Index,Hybrid_MSE_Train,Hybrid_AIC_Train,Hybrid_BIC_Train,Hybrid_MDL_Train,Hybrid_PSM_Train,Extrapolation_Divergence,Sensitivity_Interpolation,Sensitivity_Extrapolation,Lambda1,Lambda2,Lambda3,Complexity,MSE_Test_Interpolation,MSE_Test_Extrapolation
1,0,0.958861607812368,0.9898691722920645,0.9889662225597706,0.3747819200515281,0.0,0.0,0.0,0.0,0.5,0.1,0.7,1,1.0094663212642194,1.0620153632287783
1,1,1.0439890493833728,1.152548280265549,1.1487945382911988,0.5510309350615266,0.2931933287118132,0.38038088941578063,1.002929206981e-05,0.006389566498480935,0.5,0.1,0.7,3,0.8385570780375898,0.9214147557526132
1,2,0.8755475694881576,1.1692758190174772,1.155420328603705,0.6139329010964892,1.0229944557415154,0.4299659691289394,0.00023581550116468002,0.15674630555879157,0.5,0.1,0.7,4,0.5981960541189545,0.490580057113599
1,3,0.8715657227363457,1.1775549867297246,1.1661172668995026,0.6333466373275515,0.37215082111612435,0.42872939840577245,0.00029133538025057,0.18153638688266635,0.5,0.1,0.7,6,0.5383502396241586,0.4512201094317997
1,4,0.8725511612348373,1.1786958592879755,1.1672448331137482,0.6345423515537691,0.34367763018474895,0.4289385667193756,0.00029522711224998,0.183229329125674,0.5,0.1,0.7,7,0.5348745692798487,0.4494004855096459
1,5,0.7985968887969574,1.1312381299556618,1.1207365794859057,0.6063057158783887,0.4832007287978173,0.43005307771330914,0.00026426061395109,0.15026153360338257,0.5,0.1,0.7,8,0.5852154529160795,0.4477145984981034
1,6,0.7227485460985452,1.0701253402354434,1.0579537058327766,0.5494753805709891,0.335536203380432,0.4290486879149747,0.0001348743257262,0.09046207264972378,0.5,0.1,0.7,10,0.5335132852425363,0.518122411873298
1,7,0.6892479288452801,1.0542528827861506,1.0431873189016438,0.5489337698554024,0.36135875048440697,0.43002503113144624,0.00017326093449256,0.10019462953061212,0.5,0.1,0.7,12,0.4562146328107506,0.4771385304404615
1,8,0.6872446139859243,1.0542553237369274,1.0464123711482627,0.5550790467625344,0.2874130946332711,0.43011568710657705,0.00016872068505462,0.09932061104940747,0.5,0.1,0.7,14,0.4575047007478605,0.4742426017943781
1,9,0.6861326851768519,1.0532985351323658,1.0454312209949819,0.5528208291763741,0.28559793225679647,0.43013034915686416,0.00016729389053096998,0.09833406114293596,0.5,0.1,0.7,15,0.4546801317241514,0.474497085943533
1,10,0.6796832404078695,1.0505840066307333,1.0456530456080908,0.5665088446135536,0.30908640772984486,0.42997998089231393,0.00016581354856157,0.09833908530822211,0.5,0.1,0.7,16,0.4366185162153317,0.4755919407922204
1,11,0.6280001494269289,1.0155130257628844,1.0072327162581785,0.5461430593435693,0.4021180647643573,0.4300880134923393,0.00018251100486823998,0.10184154534577142,0.5,0.1,0.7,18,0.3873110423689189,0.4050144277332576
1,12,0.5623424467575145,0.9601318236892636,0.9521982137686427,0.5217589924834964,0.3137946633684268,0.43004894763911,0.00011568043283612999,0.06804508605678447,0.5,0.1,0.7,22,0.3627609087669706,0.3669661483213226
1,13,0.5659147855975255,0.9637621166214191,0.9558008187028304,0.5281302369756142,0.2685184432913405,0.4300839095800341,0.00012757821782175,0.07364783880508588,0.5,0.1,0.7,23,0.3526511352130063,0.3868595843784385
1,14,0.5979159391809924,0.99858107276315,0.9932338596043521,0.5599008468872294,0.3554750458551664,0.46023594265896456,0.00018728482234606,0.11078358903533453,0.5,0.1,0.7,24,0.3604090907287733,0.3681809542237821
1,15,0.5871163065562913,0.9892472071104527,0.9828905228577733,0.5662267900886446,0.379454315091204,0.46005112218928684,0.00019706316945941003,0.11375983131418352,0.5,0.1,0.7,25,0.3245352016161735,0.371735224819154
1,16,0.6175839461936083,1.022848663733298,1.0229913471312888,0.629161800541472,0.34239391224790666,0.4748791964537273,0.00018957977867143,0.14867739131084232,0.5,0.1,0.7,34,0.3470165577567347,0.4132453790799933
1,17,0.5589017283000277,0.9666748649602681,0.9667351069835781,0.6061701993833045,0.43894359760452506,0.4783354171023516,0.00018744776777086,0.11812060445517432,0.5,0.1,0.7,36,0.2699150996740633,0.305889753472491
1,18,0.5548830698136632,0.9626469678460131,0.9626890829818359,0.6108726853928652,0.31930044299366855,0.47760100100826763,0.00018456671269009,0.11318237091849503,0.5,0.1,0.7,37,0.2754080720547137,0.3067359608711638
1,19,0.5334333019845285,0.942561956167848,0.9456676054798421,0.5976557699060651,0.30475245561295755,0.4756705555878592,0.00015417907280853,0.08760969723910414,0.5,0.1,0.7,40,0.2750229547038954,0.315223982093969
1,20,0.5338541692589822,0.9429736754369025,0.9460643260104841,0.6011008829704443,0.3007918621598791,0.4765271099539756,0.00015356040189011,0.08782600862736048,0.5,0.1,0.7,41,0.2740102147817546,0.3104593726708647
1,21,0.49599913347396474,0.9166210182851205,0.9475300572495639,0.6397502615407858,0.28764494937093255,0.4381840067974899,0.00014282344859076,0.08924572850058529,0.5,0.1,0.7,63,0.2095102667919781,0.2966191428955199
1,22,0.513650619433419,0.9351778371640924,0.9689998684229689,0.7108454918797329,0.3053008996717224,0.46820071698969895,0.00015119353782712,0.0984635241635688,0.5,0.1,0.7,75,0.2545832353423875,0.2824003279748933
1,23,0.49214976111039554,0.9142123424321414,0.9507742923895258,0.6993204915505572,0.30646798766854766,0.46827572110711896,0.00013395284453929002,0.07538540665276432,0.5,0.1,0.7,77,0.2534294726041502,0.2686458874731035
1,24,0.4915322922133684,0.9134429916637196,0.9499219587548757,0.6897359653433746,0.29281146248247525,0.4682168942934844,0.00013469928498964,0.07565714394715117,0.5,0.1,0.7,78,0.2527768016550539,0.2712362998811817
1,25,0.49640357133485563,0.9180425993838033,0.9543767395396588,0.710659440482921,0.3033200046538427,0.468254822845299,0.00013390476898861,0.08452269978421331,0.5,0.1,0.7,79,0.2511646326539036,0.2762148440959164
1,26,0.49637324289621376,0.9195048830295519,0.959141245486466,0.7198885826119614,0.29341895754230907,0.468254822845299,0.00013390476898861,0.08452269978421331,0.5,0.1,0.7,81,0.2504870671907048,0.2762119231959066
1,27,0.4951576112873125,0.9151747832931095,0.950714141978674,0.7148787849521284,0.3541654035027902,0.46826500067448523,0.0001471228721749,0.09315579891286255,0.5,0.1,0.7,82,0.245265583928281,0.2551588742158161
1,28,0.48412257243032886,0.906119327131922,0.9478298049823696,0.7365959787621607,0.29981554932646726,0.4681172519747061,0.00013690734761513,0.0830932478859834,0.5,0.1,0.7,86,0.2558751165153439,0.2495887091177665
1,29,0.4676629522984582,0.8909955252840959,0.9359431176936325,0.7584763721955582,0.27732735563019445,0.468266747814423,0.00011402981138745,0.0603390623792679,0.5,0.1,0.7,91,0.2842801142339302,0.2594763019384058
1,30,0.4647209364071033,0.8874702284894433,0.932178726177566,0.7490926133693702,0.29206507746926264,0.46811173892014174,0.00011392588578125,0.059245846027380575,0.5,0.1,0.7,92,0.2747799124161666,0.2542884047477472
1,31,0.4646793918421829,0.8889234088627502,0.9369355874769371,0.7593212595786807,0.27563567406730427,0.4680597957957957,0.00011381561400650999,0.05924574945130019,0.5,0.1,0.7,93,0.2848569537936281,0.254358427754856
1,32,0.4668657741981952,0.888419325853807,0.9326620546133965,0.7690730652951082,0.3137843016482319,0.468090343925039,0.00011974500707327999,0.06808155118600237,0.5,0.1,0.7,94,0.2633017208299273,0.244748470793809
1,33,0.4608294529355431,0.8833206137289754,0.93065996632804,0.7667591889337095,0.2846774260824575,0.4681860723066821,0.00010239375572847,0.06193786164621229,0.5,0.1,0.7,96,0.2642842283230391,0.2459248433942153
1,34,0.4614285439579039,0.8853930792546211,0.936028547402242,0.7874397987276107,0.278461336996454,0.47277609005256654,0.00010340520109127,0.059628379775505266,0.5,0.1,0.7,98,0.2639071237750325,0.2549169838169409
1,35,0.4558798326241268,0.8796845734908398,0.9302617030629787,0.7952687060106112,0.27510256408763956,0.46802742869845426,8.76342198408e-05,0.055803281705115206,0.5,0.1,0.7,100,0.2636777344591127,0.2404688306740147
1,36,0.45431289358436083,0.8764582146881534,0.9236716463325209,0.8001568640913004,0.2760351044676585,0.46807942678303305,8.777910261027e-05,0.054231331639356284,0.5,0.1,0.7,101,0.2651638471848893,0.245655465490132
1,37,0.4596585779729697,0.8847094499973752,0.938500551136043,0.8090437886093563,0.27993201560945813,0.47249026892419616,9.410985323457e-05,0.05911715745745961,0.5,0.1,0.7,102,0.2648960085745306,0.2462929036253393
1,38,0.4480208763763388,0.8699236047361182,0.9170498564368988,0.8279161001685728,0.2671993569732831,0.4680316927910289,7.753284450187e-05,0.0463284908860739,0.5,0.1,0.7,107,0.2710638756961893,0.2405199742931613
1,39,0.4532356008695636,0.8776978502534717,0.9312800273858153,0.8343592733933778,0.2756487733909593,0.47271798841650803,8.363933316808e-05,0.05228901504863527,0.5,0.1,0.7,111,0.2691667515001317,0.2441710497695396
1,40,0.4633469989622184,0.8876783010591364,0.9412146678250389,0.8707075312998559,0.28504589766672994,0.46828721284511954,8.528010578859e-05,0.07044485893860318,0.5,0.1,0.7,113,0.2751071677834791,0.246050229738552
1,41,0.46631603598528415,0.8904277268997215,0.9438879061503997,0.8946851811528824,0.28969757219659537,0.4680159901686611,7.640002227443001e-05,0.07578865653068055,0.5,0.1,0.7,115,0.2621085789181699,0.2425559957775515
1,42,0.4575473073271859,0.884637410541084,0.944701909799328,0.9451739158063001,0.2783928923342994,0.46822510549340557,6.869633558125e-05,0.06319274420036883,0.5,0.1,0.7,127,0.2704482166643706,0.2471539825163573
1,43,0.4590284842678967,0.8890605480146521,0.955716769884813,0.9503669452291208,0.281322617505826,0.4682769181067868,7.609167260051001e-05,0.0654987452173906,0.5,0.1,0.7,128,0.2860800987652475,0.2474028510006152
1,44,0.4590710199092146,0.8890240343238849,0.9556513509269821,0.9756491049635387,0.28130562030417505,0.47256897844573054,7.184540680745999e-05,0.06284520980115382,0.5,0.1,0.7,130,0.2687736311240719,0.248462345300526
1,45,0.505329115581341,0.9350512808643322,1.001601503114815,0.998907547482922,0.329817650154005,0.46828243502973244,5.7781296771799993e-05,0.13289783135397126,0.5,0.1,0.7,132,0.2648060207058532,0.2441574747547409
1,46,0.44904988795722883,0.8771257659421399,0.940320493816716,0.9762245974029469,0.27303789325345384,0.4680920510629332,6.237743510599999e-05,0.05322502335927428,0.5,0.1,0.7,134,0.2727647519293701,0.24729113729496
1,47,0.4479455208115808,0.8759496482944129,0.939120178327139,0.9788747111064726,0.27208016440197796,0.4680919940291998,6.0744264763569995e-05,0.051933369656312504,0.5,0.1,0.7,135,0.2737880763586848,0.2460452576023782
1,48,0.44777111541241604,0.8786643424000242,0.9484092743929632,0.9951333910486799,0.27179129520689344,0.4681067118837274,7.108454010991999e-05,0.05210239339608282,0.5,0.1,0.7,137,0.2578998056086288,0.2441336342621299
1,49,0.44060256891739547,0.8759455430888049,0.9555912231789153,1.0283042543282561,0.2635654649680197,0.47259190989656635,7.479227810543e-05,0.03884197046803779,0.5,0.1,0.7,152,0.2672684556606918,0.2403783958416807
1,50,0.44015241372086805,0.8736314939881388,0.9498502143205647,1.0519379895318053,0.2724356271192207,0.46807077370174693,7.255806592975e-05,0.04285402639858621,0.5,0.1,0.7,153,0.2721287152848007,0.2459302562719834
1,51,0.4398682773798317,0.8777748088781901,0.96388714865474,1.0678696011269555,0.2641680031214166,0.47275677368195446,7.044098660184e-05,0.03936778949176585,0.5,0.1,0.7,160,0.2673586547787349,0.2409430849592709
1,52,0.4428342112516366,0.8835858560522615,0.9762589955570901,1.1007459101054542,0.2678970614476839,0.472699280639931,7.487403933943e-05,0.044231336301904234,0.5,0.1,0.7,166,0.2665837134923887,0.24180291965095
1,53,0.44185026061860355,0.8839315128643271,0.979854830053681,1.1109896681811096,0.2686967080432948,0.47258390722338545,7.420967287332999e-05,0.043552577456547885,0.5,0.1,0.7,168,0.2721467888901548,0.2525639501381289
1,54,0.44214513632069186,0.8799780873907347,0.9660662048391216,1.1476074497417714,0.26716828006543836,0.4681321906406974,7.339191444122e-05,0.046206422580540016,0.5,0.1,0.7,172,0.2709133144952429,0.2352277611161059
1,55,0.4718587456294576,0.9210871605475711,1.0334254294744607,1.1925468730068927,0.29850229522694566,0.46825664549286605,6.68433306654e-05,0.09081884100501253,0.5,0.1,0.7,178,0.2774041804871097,0.2262050170034867
1,56,0.4683908635167772,0.917501966642643,1.0298025792353187,1.2122122528805317,0.2950666018014297,0.4682217411023047,6.188247434516e-05,0.08632668342824673,0.5,0.1,0.7,183,0.2815032979816682,0.2268064837978895
1,57,0.4609429237166357,0.9082475026308353,1.0171446009746723,1.2351234448944148,0.28902054105148334,0.46830212302681706,5.619519442467e-05,0.07676271071969788,0.5,0.1,0.7,189,0.2750137996829778,0.2244338466386834
1,58,0.46077713120861047,0.9109929721659837,1.0264736218893782,1.2649424288832614,0.2882610459884505,0.4682960894532086,5.6415022006569995e-05,0.07684543406550547,0.5,0.1,0.7,195,0.2773404782997873,0.2244250259975523
2,0,0.9606724838843782,0.9903673797264383,0.9895088392528655,0.3737830917450948,0.0,0.0,0.0,0.0,0.5,0.1,0.7,1,1.00269719571668,1.060828202190338
2,1,1.0796897010036808,1.188168856916486,1.184418308223589,0.5866382650086103,0.33020175842426375,0.45060417133731834,1.236962834404e-05,0.007064922906804609,0.5,0.1,0.7,3,0.8393516481953667,0.9237743021080884
2,2,0.8715957611257831,1.1849053387215756,1.1693836150579495,0.6364362363206039,1.1727166560653168,0.4297076705832156,0.00030045921407510003,0.20595606302959618,0.5,0.1,0.7,4,0.5960276811951204,0.4440621186652964
2,3,0.826163895567736,1.1684330638093776,1.1533943942857836,0.634378059858411,0.47037946560042465,0.4298235591766749,0.000307578136213,0.22543685394575788,0.5,0.1,0.7,6,0.5786514041209068,0.4079446209939489
2,4,0.8347382181147774,1.1803299899039037,1.168378305953632,0.651525860673336,0.3931225277147462,0.43403076237295984,0.00031232828902273,0.2407874893500439,0.5,0.1,0.7,8,0.5772228538948154,0.410495417425433
2,5,0.8622135916282772,1.2118956731669055,1.2029296097121491,0.6891729804048595,0.43025318184271966,0.44506181541320144,0.00036825325307723,0.28097983029213575,0.5,0.1,0.7,10,0.5733835808277542,0.4090556523559743
2,6,0.861484740669401,1.2114711082196141,1.2024671775315798,0.6846062951178086,0.4218671667314072,0.445061815413201,0.00036825325307722,0.28097983029213053,0.5,0.1,0.7,11,0.5719022146166318,0.4119031142299975
2,7,0.737943186002723,1.1157251336870506,1.0987614871923161,0.6225903158657383,0.6989916977980951,0.42950656578671526,0.00018238784943887,0.23207683432570494,0.5,0.1,0.7,12,0.4562611623260728,0.3268865796246652
2,8,0.8011099435263596,1.1860357298437507,1.1747305126864243,0.7072883356068529,0.4716976119690692,0.45335075601428293,0.00025648042538919003,0.32646255976365085,0.5,0.1,0.7,16,0.4397275135650549,0.3132615327050809
2,9,0.5495846517083985,0.9484342378193191,0.9285615220543804,0.5163823003975188,0.6101981004587842,0.44599090170410716,0.00013812855962204998,0.12962623649576324,0.5,0.1,0.7,18,0.3024333717953745,0.2308181096153557
2,10,0.6089644173311932,1.006905070402504,0.9879849863738308,0.5897021102222213,0.4786413412529166,0.4651224406328545,0.00019761252269095,0.23505195868392595,0.5,0.1,0.7,20,0.2813189315319628,0.2262148678550867
2,11,0.5917495861138728,0.9894001991328207,0.9728431105342319,0.5813442242169149,0.42066188168840224,0.46494781643544286,0.00020042824066831,0.2231337719853611,0.5,0.1,0.7,22,0.2625186209160504,0.2129151429464312
2,12,0.6237095395806241,1.0219960332423728,1.008310489300891,0.6318935649890847,0.43215153179510823,0.5115291247331447,0.00020547806686073002,0.2412398154544291,0.5,0.1,0.7,26,0.2567031342174225,0.2015796768486384
2,13,0.6185938560241344,1.0153300052732706,1.0009410580050506,0.6254438614349586,0.47449651968279605,0.5086629469743471,0.00020505778243764001,0.2450377564112919,0.5,0.1,0.7,27,0.2381203219129453,0.2089190881555523
2,14,0.6114408285330901,1.006852051814505,0.9919190724752998,0.6218954906272265,0.46111370034818855,0.5043316483215637,0.00020554765609626,0.24474060149783763,0.5,0.1,0.7,28,0.2357346437106486,0.2041339767084419
2,15,0.6078589968479642,1.002682955886983,0.9875219323476082,0.6213522945423805,0.43765811930934884,0.5015137332611421,0.00020579435650741,0.24445264875755188,0.5,0.1,0.7,29,0.2356876079787967,0.2019242563883608
2,16,0.5682682943601683,0.9522345441856545,0.9307776349662388,0.6030165700588442,0.5098492524663191,0.4665086883104275,0.00021890490956675,0.24745665479372717,0.5,0.1,0.7,31,0.2078534901350157,0.2118419569957363
2,17,0.4817546834154723,0.865881929410436,0.8502775749591727,0.529308024338753,0.3308971174630126,0.488777373807135,0.00014530954896967,0.11607329797617696,0.5,0.1,0.7,41,0.2084676760144167,0.1846921522654653
2,18,0.48043401961668014,0.8643806956834899,0.8487295029124791,0.5154888751709588,0.32629945826957757,0.4994048498163995,0.00014339901170359,0.10708850148799301,0.5,0.1,0.7,43,0.2099670860320898,0.1834323237191724
2,19,0.49542671955379874,0.8819148069988552,0.8727573755313314,0.5586219571739242,0.34457678105979533,0.4898873312323344,0.00015769270471179,0.13652889559051504,0.5,0.1,0.7,45,0.2014141715155003,0.1850119472014979
2,20,0.8343341238452783,1.212555918047876,1.1955018122263106,0.8819656602638484,0.7775018825330599,0.5793056739976108,0.00024562810776743,0.5698810074384532,0.5,0.1,0.7,46,0.1839341318623349,0.1998657031889982
2,21,0.6052182674016205,0.9806131782997923,0.9658882284039019,0.6603080655703797,0.5335634735152053,0.4981481781881114,0.00018336649529946,0.31001995946699124,0.5,0.1,0.7,47,0.1669939648834893,0.1842516805624648
2,22,0.62711857148688,1.001434142364329,0.986473291110706,0.6849916983032011,0.49775426165263925,0.4890737445682239,0.0002021517392549,0.35002423809511835,0.5,0.1,0.7,49,0.1680204527863181,0.1773251408731578
2,23,0.6269887655671519,1.001295683463854,0.9863329635100649,0.6848609696666255,0.4895861395285735,0.48885820658481843,0.00020217173453143,0.3500104179979164,0.5,0.1,0.7,50,0.1680310853885357,0.1773838845835183
2,24,0.529825204048908,0.9010025787724142,0.8853780149604179,0.6156864765064406,0.4031161156569762,0.4968542651513143,0.00015148463538371002,0.2116383387973859,0.5,0.1,0.7,57,0.171903288610747,0.1529391901007355
2,25,0.5934634394262542,0.967418614314044,0.9583592820352379,0.696469029184485,0.46157306794653064,0.4895808257213388,0.00017910016795543,0.30815959586728764,0.5,0.1,0.7,60,0.1715347058194452,0.1642447519538725
2,26,0.5627908755046227,0.9347614049836193,0.9222958003652342,0.6651369907812017,0.43747685375950124,0.49217459300802463,0.00015208194044484,0.26341445352314174,0.5,0.1,0.7,61,0.1627725211702893,0.1828705527775438
2,27,0.5983097805676338,0.9679504701312224,0.9580170773918891,0.697634354576181,0.5242910308287495,0.5055815532825505,0.00017861792015858,0.31149985434406696,0.5,0.1,0.7,62,0.1544954467047469,0.1495952772425777
2,28,0.597905468721688,0.9673960350940026,0.9574329352063801,0.6947168778368709,0.4726898732186081,0.5051086201604247,0.00017874370579144,0.31152162543574674,0.5,0.1,0.7,63,0.1536985431066205,0.1496611892966611
2,29,0.6272098528084583,0.9948639884772313,0.987557374769626,0.7342535931196654,0.548752246969511,0.4944359029727232,0.00021255116817961998,0.3666409625810952,0.5,0.1,0.7,64,0.1587430603133185,0.1470069701784987
2,30,0.6584674968994875,1.0258529205141276,1.0215151959342927,0.7919016762697286,0.5410396748569135,0.5060162077725876,0.00021552188594472,0.40589242706040873,0.5,0.1,0.7,70,0.1619145147121571,0.1501255623538343
2,31,0.5755320326289487,0.9442105133142347,0.9431394580467356,0.7272247807603301,0.45498565073198644,0.4830106527641946,0.00021031360455728,0.3041745215954286,0.5,0.1,0.7,75,0.1636712604631359,0.1584235143479242
2,32,0.6551437969235153,1.0162965415816392,1.0138528778579379,0.8019168082562537,0.5893480412181574,0.5114359622351595,0.00023479705985702,0.4088474257921437,0.5,0.1,0.7,77,0.1615788596802786,0.1391711773348858
2,33,0.6007583632084015,0.968965497678766,0.9829686824086655,0.846436723010027,0.48839582668685994,0.4817640733456304,0.00020252547590343,0.3530145513407951,0.5,0.1,0.7,92,0.1527157665736211,0.1322381886520759
2,34,0.6683713315226683,1.0307480882956632,1.0376474985960717,0.882188686929192,0.5752626343057814,0.5105006064033815,0.00023099697161774998,0.432927019990677,0.5,0.1,0.7,94,0.1595353446607966,0.1378227684516766
2,35,0.695600341818251,1.0572570514300896,1.0640320221066881,0.8966348195567103,0.5879472201696216,0.5141822613448623,0.00022889278514048,0.4701616444735581,0.5,0.1,0.7,99,0.1617861325737865,0.1385199149026161
2,36,0.7047072201258872,1.074893819726404,1.1014218981712416,1.0120690191753208,0.5959770436597267,0.5197839084166335,0.00023876703592741003,0.4797847616077024,0.5,0.1,0.7,125,0.1596749787954277,0.1387810765425558
2,37,0.7071856943244922,1.0748590750815286,1.097907973093073,1.0076804815651739,0.6111878810571598,0.5197961287446842,0.00023675066918817,0.48465246628869796,0.5,0.1,0.7,126,0.1590276181921175,0.138481377818868
2,38,0.6344364078984541,1.004959476332374,1.0345940487073542,0.9816575490186632,0.5274372704040562,0.5197960029975209,0.00018142768398061,0.38092622400923015,0.5,0.1,0.7,128,0.1588651375340357,0.1384384752562728
2,39,0.6357963506509812,1.0063112216522492,1.0359444258968384,0.9796729563587748,0.5279425969214623,0.5197965050920988,0.0001813877758994,0.38287931607302045,0.5,0.1,0.7,137,0.1589309642299616,0.1384540569318033
2,40,0.6345428576128378,1.0065370307126873,1.0394723745969126,0.988439969350511,0.5267423452990903,0.5197962609381476,0.00018162725220076,0.38111424018186163,0.5,0.1,0.7,142,0.1588514068452695,0.1384365145199033
2,41,0.6358620871734054,1.006062282781952,1.0356418700911383,0.9829874045051047,0.5317598921539368,0.5199377079023748,0.00018114947249769,0.38328213526430666,0.5,0.1,0.7,143,0.1580466856575652,0.136978684682998
3,0,0.9305226788084358,0.9819507295626261,0.9803420370612588,0.36977489421431353,0.0,0.0,0.0,0.0,0.5,0.1,0.7,1,1.1235889883864492,1.0617700274324902
3,1,1.072528107457258,1.240433775659239,1.2309975536706306,0.6503017689242196,0.47293721498366414,0.43109641697209644,0.00040787322726129995,0.13589783345043294,0.5,0.1,0.7,3,0.7197902454396196,0.6730443985845096
3,2,0.9814353583118669,1.1838796659315884,1.1726393710809737,0.603306696840336,0.3950031193529685,0.40522525636170525,0.00033069422523389,0.10251255677964705,0.5,0.1,0.7,4,0.7010887044177767,0.6354617119750107
3,3,0.9360836059898345,1.1526887220487783,1.140632274641419,0.5767859287843462,0.30648305827463507,0.38653516605191995,0.00028532780876174,0.08439139855067392,0.5,0.1,0.7,5,0.7002903740570261,0.6236309022021381
3,4,0.6834458370498423,1.0261670502357731,1.0075859205910171,0.49184693953307607,0.9086997731655049,0.4300640927930372,5.424864776654e-05,0.028003890637486258,0.5,0.1,0.7,6,0.4649554739960603,0.5253477545610601
3,5,0.7526226475624145,1.1184081883924901,1.096973677051961,0.607602541888437,0.5662018808152283,0.4279859178956254,0.00019819941554799,0.20697499756309515,0.5,0.1,0.7,7,0.4631048857476466,0.4511368543623415
3,6,0.6155207985106997,0.9863031751657029,0.9671415631020396,0.4802790797478092,0.29846504133337354,0.42977831076650047,7.428734606204e-05,0.0313994145768155,0.5,0.1,0.7,8,0.3854976952268457,0.4326452013563502
3,7,0.7115069692039151,1.0900980952482373,1.0693121831869046,0.5984089660102356,0.4708807247016148,0.4279859178956254,0.00019819941554799,0.20697499756309515,0.5,0.1,0.7,9,0.4240868026706013,0.4152135187504233
3,8,0.5794365044695416,0.9639733382274877,0.9453685776236886,0.468875625395833,0.2827399436602716,0.4257772597343051,7.735036938186e-05,0.04427072179974601,0.5,0.1,0.7,11,0.3564733051961193,0.3775643950109065
3,9,0.5115398676970951,0.9073478437112741,0.8840447122679027,0.441762440181604,0.5688160014128376,0.44126291978764587,5.1696275869469996e-05,0.027625516735240357,0.5,0.1,0.7,12,0.2684334988135323,0.3829897693904665
3,10,0.5052666407343698,0.9026381145562776,0.8815163566991026,0.4460935605205682,0.2832026516368487,0.4490370584693606,5.4393479081269995e-05,0.031220056326517455,0.5,0.1,0.7,14,0.2900367724526521,0.3734092271403784
3,11,0.4367463009474949,0.8245146791012424,0.795737087144392,0.40190298551976195,0.7833192119334987,0.46033096892402026,6.01029716187e-05,0.034254195126433885,0.5,0.1,0.7,15,0.1710922582630198,0.2214122360738434
3,12,0.4174406882274044,0.7825204000825774,0.7506612511181268,0.39489071991266605,0.4294802314071205,0.4823333897046247,0.00010290945099803,0.058770243907413394,0.5,0.1,0.7,18,0.1266707829261803,0.1631886962666685
3,13,0.4192081299876832,0.7855607108982254,0.7569593344945028,0.4031352229932265,0.2860415719516196,0.4836142812188287,0.00010648816178360999,0.06082151302576297,0.5,0.1,0.7,20,0.1272585189144417,0.1620551750766754
3,14,0.36796566629125493,0.6953787180973908,0.6598190197507618,0.34569242064402556,0.7532639818111714,0.4824163856530396,7.725431379721e-05,0.0443778634743956,0.5,0.1,0.7,21,0.0948109209730658,0.1096705984485954
3,15,0.36817947177235455,0.6965944199676893,0.6642623078414279,0.3524793108845032,0.2755631623757661,0.48352754693792843,7.73569195434e-05,0.04442826620119438,0.5,0.1,0.7,23,0.0941378767856238,0.1072677660654189
3,16,0.3676118001744125,0.6926248118907509,0.6628397205316823,0.35282474320394047,0.3021253272046102,0.487312855188845,9.71041165642e-05,0.04606582007255489,0.5,0.1,0.7,25,0.100166025311347,0.1037434964655056
3,17,0.3660641385616276,0.682443967018356,0.6513375911071815,0.3649327569734097,0.3040522868580762,0.48820386213224376,9.641901386691001e-05,0.05206300987653709,0.5,0.1,0.7,29,0.1026560928242503,0.1064398477378622
3,18,0.3503126182365335,0.6563001158398802,0.6268100001104029,0.35879681841620303,0.3289195460054347,0.4816625882963611,8.210964489210999e-05,0.044322373771936555,0.5,0.1,0.7,31,0.089451279566082,0.0981791078456523
3,19,0.35092353308791957,0.6583158595988398,0.6321179536272468,0.36338222021197203,0.27298935251082856,0.48292964557216395,8.220320050474e-05,0.0443683305386658,0.5,0.1,0.7,33,0.0894020030286571,0.0969183293459526
3,20,0.34481490239361834,0.6463937696791652,0.6162862145433902,0.33965074262018885,0.31064989008436245,0.47716702029377794,7.859223124299e-05,0.04327854199883128,0.5,0.1,0.7,34,0.0855068006245048,0.09545031365958
3,21,0.3305331888096516,0.6188846823656619,0.5900790898258321,0.3410803183967625,0.4010388881810585,0.4727548517200924,7.067210384242999e-05,0.037103482928888,0.5,0.1,0.7,35,0.0769965928819205,0.0882501261887412
3,22,0.3224786096161421,0.6005696246046938,0.5735296633113461,0.34113972505850304,0.31294645208693156,0.4744306882565227,7.05537726055e-05,0.03228137863754365,0.5,0.1,0.7,37,0.0737274416726452,0.0846799489878035
3,23,0.35474013813204497,0.6368294484923254,0.6227541204678639,0.40398830698512456,0.2955097054771783,0.47755309124406076,7.947972643201e-05,0.07740791579779761,0.5,0.1,0.7,44,0.0941222361741939,0.1173808676632643
3,24,0.3218484437482131,0.6027763385095086,0.5885516395024903,0.37367901508553597,0.2657808447256039,0.4755346404065506,7.210018800199e-05,0.032597650940322784,0.5,0.1,0.7,46,0.0740853157767943,0.0839172955566915
3,25,0.33835872251555166,0.608089569900223,0.5862121345099401,0.39470140670142806,0.29862201995136123,0.4841877811685759,9.238591239262e-05,0.05498443825303733,0.5,0.1,0.7,50,0.0714489266772235,0.0717517458284178
3,26,0.3299734919123649,0.6050855023739465,0.5994710975616997,0.4197218163278521,0.2750715240354372,0.4824971587289444,9.462569728401e-05,0.04543071761731555,0.5,0.1,0.7,59,0.0723545597911298,0.0815269490911303
3,27,0.3305698179984552,0.6059232936566914,0.6034569579917306,0.4336332593423821,0.279612248311335,0.4861465472258022,9.145844497957e-05,0.04440278593362276,0.5,0.1,0.7,61,0.0724271705364465,0.0793869468642807
3,28,0.3293339896460538,0.6060473566739272,0.6068692358508558,0.43555043872033883,0.27357142291873665,0.4834840734518527,9.189836181642e-05,0.044617202342366186,0.5,0.1,0.7,63,0.0717193472786432,0.0786978365815474
3,29,0.3278851637702891,0.6040329754487054,0.6047842555174089,0.4392256612727055,0.27420066256521597,0.49177117528840697,7.199300177578e-05,0.03695449366296609,0.5,0.1,0.7,65,0.0712027234635695,0.0775527324408005
3,30,0.3283916084822436,0.6038646332999419,0.6045317894308425,0.44591345589612186,0.2783509571045107,0.4929385790303161,7.257635303487e-05,0.03722839881689599,0.5,0.1,0.7,66,0.0704655852206871,0.0766780201896591
3,31,0.33086881306360283,0.5994622345390472,0.5992774668033645,0.4547983397904727,0.3367248463256417,0.49223718440184844,9.604009589012e-05,0.045091571652701064,0.5,0.1,0.7,67,0.0714894119304233,0.0718811373927744
3,32,0.32689940928241956,0.587170244622348,0.5859715688110347,0.4346793790835121,0.34671821512508966,0.4919673204096206,8.739190420512e-05,0.043976524627450844,0.5,0.1,0.7,68,0.0687947133284225,0.0692135133166934
3,33,0.3245805775731001,0.5843718485733265,0.5862397122731395,0.4401136972484913,0.2834166427396949,0.49035708709877834,8.564167732342e-05,0.042817651678603484,0.5,0.1,0.7,70,0.0670028334187913,0.0689477156542038
3,34,0.3203427730027977,0.5808118525968363,0.5921372561025734,0.48289757197490346,0.27577591145691366,0.48587272309771007,9.155104009323e-05,0.04186536554930592,0.5,0.1,0.7,79,0.0643130724516644,0.0687077565316883
3,35,0.3203427729272619,0.5808118525269974,0.5921372560327344,0.48387700447373944,0.2722513322861131,0.48587272294178735,9.155104021724e-05,0.04186536556089153,0.5,0.1,0.7,81,0.0643130724224054,0.0687077565953797
3,36,0.3111237524846596,0.5708972036536113,0.5821393463453752,0.5027926629273929,0.2647096672734474,0.47904846201556683,7.35837753493e-05,0.03391313716946207,0.5,0.1,0.7,85,0.0645532419570674,0.070254551933153
3,37,0.31525697371005423,0.5756307260270962,0.5900708708106281,0.5123356847400502,0.2751533475782383,0.48718534485445086,7.017782163673e-05,0.03444508151710733,0.5,0.1,0.7,86,0.0625986010760163,0.0684209826505603
3,38,0.31621582298774814,0.5760137811477488,0.5903852619426635,0.5232663149161951,0.27359464757183344,0.48604714967589313,6.977666822367e-05,0.03690581228348366,0.5,0.1,0.7,87,0.0630910765327599,0.0718369537124158
3,39,0.3146393613943801,0.5733168877154742,0.5906819932994437,0.5331756881495733,0.2789452236643052,0.48650172627551547,6.878728257358e-05,0.03558570975488635,0.5,0.1,0.7,89,0.0653668391464048,0.0663121703730441
3,40,0.5153688898845377,0.7782060518987375,0.8054475502483762,0.8159098945336258,0.4691190285326726,0.4868379811095607,5.9516133247720004e-05,0.3222634160438697,0.5,0.1,0.7,113,0.0655741285239399,0.0701545663100833
3,41,0.5153744832472793,0.7797143559652827,0.8102617913926591,0.8256888087799563,0.4690926655256394,0.48683798106297527,5.9480533749469996e-05,0.32226957105565374,0.5,0.1,0.7,115,0.0655741538555606,0.0701545682115016
3,42,0.3094872750024455,0.5733145851205466,0.6069290425241848,0.6164612427236257,0.27200261895919986,0.48768609079017244,5.968361642118e-05,0.02848741362433822,0.5,0.1,0.7,117,0.0631311106345913,0.0669120766837831
3,43,0.31105494581018645,0.5787810304191235,0.6222410480349517,0.6575589305837157,0.26625861873411405,0.49000536977055575,5.7977063600789996e-05,0.029352157682978938,0.5,0.1,0.7,124,0.0643667106197367,0.0695109430701158
3,44,0.3110085438484115,0.5786547359030025,0.6221052916406651,0.6646012829985888,0.2658642977454688,0.4901013132972756,5.808969106226e-05,0.029254885447650557,0.5,0.1,0.7,126,0.0647136273072112,0.0694112740101715
3,45,0.30958203998482653,0.5768995557246912,0.6234393915596157,0.6693727879026143,0.272226167171513,0.4924085717494243,5.221288794729e-05,0.026424148812872236,0.5,0.1,0.7,128,0.0624145334816012,0.0674078824598234
3,46,0.3095910613205376,0.5768843837104121,0.6234213322588036,0.6764991474709855,0.26482807947209713,0.49237162127198325,5.203710760423e-05,0.026475221586013346,0.5,0.1,0.7,130,0.0629404061558625,0.0675893414901672
3,47,0.30946673929667184,0.5760009803869826,0.6224486715841282,0.6795472933778917,0.2709745943518751,0.4929798783608266,5.1492750030769996e-05,0.026209332199693604,0.5,0.1,0.7,131,0.0645439117781754,0.0668450566830032
3,48,0.3088344745740602,0.5752401436962661,0.6248024256388235,0.6918996886576474,0.271270957744923,0.49237162134485873,5.2037107741419996e-05,0.026475221587629695,0.5,0.1,0.7,133,0.0613573703083604,0.065689912103012
3,49,0.4010299062353917,0.6773832361881788,0.750019932266828,0.9631363935405849,0.3572047589264627,0.4844716160305074,7.593044402434e-05,0.16406874461134044,0.5,0.1,0.7,172,0.0642469994948996,0.0657565368232127
3,50,0.3826845561238816,0.6643139832627536,0.7469586189651114,1.0426021237727,0.3396052961072718,0.48445392950836885,0.00019405709708156,0.1375036134344555,0.5,0.1,0.7,185,0.0619443689554329,0.0705817247317255
4,0,0.9629356213797863,0.990988721058474,0.9901855593194192,0.3741760028969935,0.0,0.0,0.0,0.0,0.5,0.1,0.7,1,0.9990949624210448,1.0589599315371836
4,1,1.1709435563528507,1.206743446015265,1.202320640677111,0.5940394926121996,0.24249478948840592,0.42986847632407815,1.338903515802e-05,0.008346923213448069,0.5,0.1,0.7,2,1.201954081280457,1.169100962955094
4,2,1.0480569000315592,1.1758098109685629,1.1712689289344949,0.5775397537623951,0.4634041777851866,0.4412614797281052,1.333660167583e-05,0.00874971324008088,0.5,0.1,0.7,3,0.957980259896314,0.9259707508716316
4,3,1.0083128424083156,1.1652399193702268,1.156050950407589,0.5785100376338788,0.32555741237170016,0.4300311695953525,4.673368764272e-05,0.025327548997948913,0.5,0.1,0.7,4,0.9163802708609592,1.0856347567940356
4,4,0.9624856971405985,1.1437553386209658,1.1334138834412666,0.5607222180607269,0.30385791243008814,0.4299568364338177,2.227825330186e-05,0.013163728466059389,0.5,0.1,0.7,5,0.8788243629643596,0.9545900212966916
4,5,0.6795585681065086,1.025394809992471,1.006432734691717,0.4936845295930567,1.0625541813738917,0.4294048262070907,5.3451216479459996e-05,0.033477108895957286,0.5,0.1,0.7,6,0.4946121539737949,0.5267917775322173
4,6,0.6634939841888906,1.0142374371966891,0.9911898069980237,0.4906652365709484,0.29264679436901814,0.42980455206528806,7.40254941653e-05,0.03189420854325861,0.5,0.1,0.7,7,0.4970186666570683,0.5162864996362663
4,7,0.6045701621516827,0.9802766422081995,0.9564991455980397,0.4740061089935824,0.5244702007833691,0.45411582955177476,4.138055660078e-05,0.02855523035352207,0.5,0.1,0.7,8,0.3892018017075074,0.4326085019984124
4,8,0.5910261917663037,0.969627614581616,0.9451768871402392,0.4700760206271415,0.29049440323757847,0.42967748753228274,9.897606227116001e-05,0.041581269839157706,0.5,0.1,0.7,9,0.3578890284928031,0.3958689187899187
4,9,0.5504066486063434,0.9399973656063051,0.9158625032506468,0.4523995268222973,0.4530770448345513,0.45795985900618225,4.006260514483e-05,0.024834699183180514,0.5,0.1,0.7,10,0.370663207553446,0.378730049536237
4,10,0.46769877483761507,0.8632163828621251,0.83603446081602,0.40451562617635595,0.459776668755071,0.44394805405142723,5.4705006563230007e-05,0.024831347292814426,0.5,0.1,0.7,12,0.2577508002984799,0.3112243910150087
4,11,0.41409886190964185,0.7997210905861472,0.7646448422306027,0.3669856208265175,0.5443180371856675,0.4147824392823122,7.044304451470001e-05,0.030645365185967027,0.5,0.1,0.7,13,0.2476974054039878,0.2455110624430192
4,12,0.3707487001003328,0.7344610079993686,0.6933600046508415,0.3331203554899725,0.43937914162862346,0.41900522775249655,5.778726959945e-05,0.030966913950345093,0.5,0.1,0.7,15,0.1905304085177165,0.2255170747414902
4,13,0.3844005462480364,0.7444393048786744,0.705542464263965,0.35378959663083015,0.29008324325426615,0.4497420071867826,8.902887390799e-05,0.03877301387373245,0.5,0.1,0.7,17,0.1793196399378091,0.1892707618379744
4,14,0.35740811028432323,0.7099293011050738,0.6695403257222476,0.32543624620751255,0.33739694248946017,0.4229833362772464,6.66781655277e-05,0.03250544190099571,0.5,0.1,0.7,18,0.1647994944124364,0.1990431204373583
4,15,0.3424311622248101,0.678766631059244,0.6354745839258199,0.31255399448688664,0.3360023044196452,0.43519387836750084,5.308201314025e-05,0.025797889002398235,0.5,0.1,0.7,20,0.1914956349378893,0.1414889606254638
4,16,0.31249945789724115,0.618059066391114,0.5699631292364603,0.2740933296923246,0.5609028954011906,0.4233773215122739,5.031865881726e-05,0.024510109249498993,0.5,0.1,0.7,21,0.1554054943118041,0.1328111601601604
4,17,0.31094192482982536,0.6081525055385282,0.5619540719572472,0.2750466214257444,0.28192338901413383,0.43267467804044046,5.155264367276e-05,0.024142461445694135,0.5,0.1,0.7,23,0.1436386226333146,0.1185891836645967
4,18,0.31043060234624525,0.6064524190950771,0.5600873358948923,0.2740338254943431,0.24492742153410982,0.43309320457574724,5.1435967480790006e-05,0.024085797054280156,0.5,0.1,0.7,24,0.1440164279496263,0.1180318682009108
4,19,0.312587873261385,0.607765495739415,0.5643792591025601,0.28189821766441,0.2594748020296366,0.43652107194378553,5.681410094584e-05,0.02660643846634353,0.5,0.1,0.7,25,0.1418185595068499,0.1140745927698399
4,20,0.30450769736137934,0.5688198773439264,0.5244324155383462,0.27576126725830996,0.3447695451012209,0.4479571109081127,6.732750249803e-05,0.029686067566233997,0.5,0.1,0.7,28,0.1088466846182947,0.0888051582660136
4,21,0.2938525287963752,0.5296439138290578,0.4848622280996725,0.2602432756780866,0.3733144593130912,0.44776045919576885,7.370634486256e-05,0.03101754006052676,0.5,0.1,0.7,30,0.0924961961556368,0.0784963960422679
4,22,0.2921458695359478,0.5227548851056748,0.47736455054630805,0.2558348216621811,0.2855818195188097,0.4428140439688253,8.730890102232e-05,0.034462656143974195,0.5,0.1,0.7,31,0.0899577595854794,0.0727119687103938
4,23,0.29146312988657597,0.5220545480677711,0.4797893372786583,0.2708187154942384,0.2516277121759711,0.4482152849418067,7.211339754967e-05,0.0303557444724342,0.5,0.1,0.7,33,0.0903585298653581,0.0762483333286852
4,24,0.29127345717166836,0.5027748202141228,0.45827935185751784,0.27608305302103575,0.3281410394919582,0.4578524132478608,8.235253248825e-05,0.03167471667978053,0.5,0.1,0.7,35,0.0802501792532669,0.0665696596137987
4,25,0.29076978387568203,0.5038861938541459,0.4658425172305142,0.2942000428323671,0.25320593790969054,0.4576982551539929,8.155226067642e-05,0.03164097660945006,0.5,0.1,0.7,40,0.0797791946485046,0.0665052323535689
4,26,0.277946783724525,0.486490703427761,0.4541919185635239,0.3017791991252412,0.25030680437547526,0.446632097326264,6.509433965318e-05,0.02429564092901639,0.5,0.1,0.7,46,0.0770461874434946,0.0686034699086666
4,27,0.2824444709607565,0.4855147578309458,0.4494592395801167,0.3131997743439648,0.25631323381868715,0.4552431726375971,5.583506814179e-05,0.026126081584397356,0.5,0.1,0.7,49,0.0764382638651223,0.063836821772805
4,28,0.2828216023065597,0.4869329708361517,0.4541310973253897,0.32476765695402554,0.24820720232866883,0.455079270715121,5.592720283523e-05,0.026958558770558434,0.5,0.1,0.7,51,0.077165155217064,0.0631728085713638
4,29,0.27555174578104474,0.48004854656120993,0.4504262225885301,0.3222968068269138,0.24815069613044988,0.44441074047339696,6.647757466308999e-05,0.024619659440568886,0.5,0.1,0.7,52,0.076901938284965,0.0677636874757663
5,0,0.9407117653853548,0.984824616185992,0.9834720653000991,0.37159212429631855,0.0,0.0,0.0,0.0,0.5,0.1,0.7,1,1.0830534953977555,1.063283298777294
5,1,1.0647782406513255,1.1708873687918402,1.167231458601215,0.571098244120271,0.29151379627400736,0.4174976399013355,7.251887426561239e-06,0.0045086408427574805,0.5,0.1,0.7,3,0.9590234662935496,0.9758503448351128
5,2,0.8488954553692823,1.1526776860382681,1.1379948926027252,0.600747605219265,1.0796282761917428,0.43010137537360665,0.00031182568889529,0.14618746210328726,0.5,0.1,0.7,4,0.5197570640187078,0.4441522290790153
5,3,0.7114435286336489,1.046955691921395,1.0327151611853262,0.5239248510384614,0.29208818364539124,0.42967279768450417,6.297328875581e-05,0.0392482176304103,0.5,0.1,0.7,8,0.3802544880569072,0.5314950053471543
5,4,0.678251679985913,1.02962627545947,1.0169864462991942,0.5177562443225029,0.3014469245314496,0.42976151255368283,6.661452507375e-05,0.03961107194552569,0.5,0.1,0.7,10,0.3543624141619326,0.4924060669265522
5,5,0.6735332299376457,1.0315671257404544,1.0215706787420098,0.5268014212078652,0.27372314912860857,0.43011669205146535,7.456338896652e-05,0.050599399621260664,0.5,0.1,0.7,12,0.359816524692753,0.4759211443648765
5,6,0.6568209122131219,1.022443141775214,1.0148053553604581,0.533425803888904,0.2823741292015057,0.43011669205146535,7.456338896652e-05,0.050599399621260664,0.5,0.1,0.7,14,0.3435809285929482,0.4629456920583916
5,7,0.6095769304092098,0.989252745479266,0.9718677199230163,0.5145759991841389,0.3638654331708996,0.46218363105506,6.161816453934e-05,0.03483255403636203,0.5,0.1,0.7,16,0.3295378553404172,0.3947635667188487
5,8,0.41441667132191395,0.8054526449152118,0.7803965880606469,0.3998181431339619,0.5597369013166528,0.39200629197860365,6.126498963223e-05,0.04701604231387176,0.5,0.1,0.7,19,0.2117528516909928,0.2683753149725521
5,9,0.39745342276430734,0.7825955372580958,0.7585973024561957,0.39144758606979174,0.3048415147974393,0.3945629374076339,6.101229123718e-05,0.046421094284436644,0.5,0.1,0.7,21,0.1761204874777358,0.2378411177825874
5,10,0.3912665518732757,0.7690051099299285,0.7488850572776021,0.40544705452512747,0.2816345054197607,0.43252757430010513,6.385400813216e-05,0.03940653681817755,0.5,0.1,0.7,26,0.2006708070878794,0.1912371093071578
5,11,0.3643393004321013,0.7355150345821709,0.7139137340583305,0.378067579794238,0.3293735250538997,0.3987247341886212,6.966562104443e-05,0.03944896567525157,0.5,0.1,0.7,27,0.1719477340094592,0.1960246064121305
5,12,0.38512700569281805,0.7584382012384889,0.7432597036700345,0.42089602805086296,0.25340852844146594,0.4569703146075433,5.7147787247169994e-05,0.02932739353330856,0.5,0.1,0.7,30,0.2004549194875857,0.1769848868841041
5,13,0.3684299539452015,0.7174512787382862,0.6976548710381355,0.40465440513027634,0.41999134534457233,0.477330992246275,5.3452635769489994e-05,0.03024759748041382,0.5,0.1,0.7,32,0.1720828194108671,0.1469919606195461
5,14,0.38225906986776725,0.7245462585496205,0.700575600412692,0.4154595224529015,0.33713103970236113,0.43115465265097863,9.447487422352e-05,0.08942647707664647,0.5,0.1,0.7,33,0.1403874278798016,0.1704782716950833
5,15,0.37559963555396525,0.7172033787773968,0.6961781307350523,0.4081031024007339,0.2858270784175281,0.4307021126264797,8.779498957851e-05,0.08289082595905631,0.5,0.1,0.7,35,0.1293671872890004,0.1635991983289527
5,16,0.37456975208681503,0.7140511319454702,0.6957448756080492,0.41857813403528343,0.29552786488734506,0.427008210396737,9.556597646582e-05,0.08828402013456883,0.5,0.1,0.7,37,0.1342631924209299,0.1641893302323199
5,17,0.35324097558220796,0.6857003031281386,0.6662854872850136,0.3976404842930648,0.297720967986108,0.4271884863880346,0.00011295390014049,0.06541948349651873,0.5,0.1,0.7,39,0.1228110697207228,0.1483957251570512
5,18,0.35042569883390257,0.6794501698837299,0.6625843229374356,0.4066808540544961,0.2862820076729665,0.4296455680118441,0.00011150849399030999,0.06471976876025554,0.5,0.1,0.7,41,0.1140516801151447,0.1396708498321409
5,19,0.3480960547746147,0.6765481677811056,0.662675626536688,0.40356236990972066,0.2700040013952319,0.43283016366185584,0.00011219105151654999,0.061161367519449616,0.5,0.1,0.7,43,0.1213675900287035,0.1407891344555606
5,20,0.31491115265388053,0.6357276679389775,0.6176224320271981,0.40252729516484176,0.24130190938305035,0.41268842115898813,6.322277495373e-05,0.03424293158059057,0.5,0.1,0.7,49,0.1216347956477782,0.1328515695568949
5,21,0.3105853815247405,0.6256430154426653,0.6098108084969126,0.40368656360605487,0.2651134071394636,0.4126884211589882,6.322277495373e-05,0.03424293158059057,0.5,0.1,0.7,51,0.1200737812430509,0.1294664869734164
5,22,0.3194630035350463,0.6218848065895435,0.6104858064571683,0.4144970415581972,0.3236171657206673,0.4329696336398968,7.933270170826e-05,0.04500764726755892,0.5,0.1,0.7,53,0.1104039365540064,0.1210312104495728
5,23,0.3208242427466185,0.6206064316205142,0.6119493255822945,0.41656881954204883,0.2714320882542426,0.43598785901116915,8.34325961572e-05,0.047916536857505035,0.5,0.1,0.7,55,0.1064921825423677,0.1156340512395556
5,24,0.3195196141198293,0.6170418288587185,0.6111969197649247,0.4221191036386688,0.26853793603755993,0.43612105225996667,8.537547953470001e-05,0.04849385562384092,0.5,0.1,0.7,57,0.1072489787003531,0.1124430280333485
5,25,0.3250556841073121,0.6243863621683733,0.6281061344762637,0.4620585570766823,0.26357427872066674,0.44969376834802893,8.187907386202e-05,0.04850589087497375,0.5,0.1,0.7,62,0.0998042166282488,0.1111819003133621
5,26,0.3184716433121053,0.6135857020781474,0.6167533030732865,0.4599170617215394,0.2732863198367335,0.43911139735571014,8.392536139529999e-05,0.04948515311515785,0.5,0.1,0.7,64,0.0935579052546941,0.1053849424230811
5,27,0.3169443127520619,0.6122116112478597,0.6185096887613696,0.47372370972492694,0.2593425274872154,0.43780923023864216,8.370067647441e-05,0.04911588419156255,0.5,0.1,0.7,66,0.096095621889235,0.1034594920553927
5,28,0.31756784524739384,0.5964391316393944,0.597531087007624,0.47048331024933326,0.30414038488958683,0.4422298865989247,8.719847375414e-05,0.05603024948500284,0.5,0.1,0.7,69,0.0931977303676058,0.0961468242382429
5,29,0.31596580485539005,0.5944542018479416,0.5986160342416887,0.474353268927455,0.26764455614775773,0.44119312077105466,8.744036013680001e-05,0.055570115725348736,0.5,0.1,0.7,71,0.0916405275627826,0.0958678653774589
5,30,0.30019894642050016,0.5776186599859031,0.5816471141533315,0.4759441547279964,0.24646927682363687,0.4377319036095774,5.818324788848e-05,0.036133705684016276,0.5,0.1,0.7,75,0.0931869455485111,0.0925765787621402
5,31,0.2994796380904441,0.5779787058584228,0.5852603465239662,0.48424419855920564,0.2454201124016974,0.4382871924003251,5.835043019852e-05,0.03494821368814356,0.5,0.1,0.7,77,0.092900383408024,0.0930669353625039
5,32,0.2980478631515633,0.5773892589799124,0.5878946300470427,0.4990624738756768,0.24526727041145951,0.4355462013885282,5.8083465924409995e-05,0.03523296018267635,0.5,0.1,0.7,79,0.0921153224570749,0.0921585047315986
5,33,0.2993248838015883,0.5808225484382319,0.5978342535537295,0.5356092063379851,0.24495488412178532,0.43749585978069433,6.173744509628e-05,0.036138612664096674,0.5,0.1,0.7,87,0.0925887326262772,0.0930139645421531
5,34,0.29570945414004185,0.5775250230774187,0.5976956892491869,0.5381569711052482,0.245963326448994,0.4316352821925303,6.145389581947e-05,0.035821169419251155,0.5,0.1,0.7,89,0.0925264608896832,0.0936514098552694
5,35,0.293862206902822,0.5726222293649496,0.5861747966625462,0.545337704180766,0.23931986804361374,0.44049379245196746,4.492996779739e-05,0.02688911541414313,0.5,0.1,0.7,91,0.0912348212886049,0.0936879659288716
5,36,0.294874315799731,0.5758733868716246,0.5990632975430121,0.5564034920888081,0.25060410396951766,0.43868126605919555,4.8759047420819996e-05,0.03087693370997021,0.5,0.1,0.7,93,0.0913984271482407,0.0935603710874675
5,37,0.2929179618462297,0.5756957001175153,0.6053463876319336,0.5673257796936436,0.24206406735500396,0.43628340165362467,4.8859389125570004e-05,0.030460408417597416,0.5,0.1,0.7,97,0.0914377147483254,0.0940291914082774
5,38,0.29024859994527935,0.5726877557274346,0.6022967917449601,0.5977413205196073,0.2378875809210631,0.43690299261703924,4.234334900088e-05,0.026389230703054094,0.5,0.1,0.7,100,0.0913831756183589,0.0945759818356228
5,39,0.2912054951294989,0.5730518717451708,0.6025880643079923,0.6101678532021106,0.23936867558944772,0.4358501424365974,4.327437188041e-05,0.028828928033017436,0.5,0.1,0.7,104,0.0913713087296129,0.0946525353329099
5,40,0.29097091622869176,0.5741534955030516,0.6069751839293407,0.6098529922819722,0.2386262208773324,0.4368402964123778,4.444562336996e-05,0.02787415645746226,0.5,0.1,0.7,106,0.0912806301612513,0.0945487346471318
5,41,0.28805204129528306,0.568157884613218,0.5943589204275299,0.5426318005252885,0.2351817919496634,0.43573482963734916,3.8203872023370004e-05,0.024537497859327646,0.5,0.1,0.7,111,0.0920327696125136,0.0953694981214468
5,42,0.2903824672911239,0.5888903791899559,0.6579297218343043,0.8513642097623889,0.2379984348957512,0.4487508397739091,3.746190443504e-05,0.019151161543581884,0.5,0.1,0.7,154,0.0934724772534113,0.090357589328276
5,43,0.2891654975974731,0.5876116656657462,0.656643444301878,0.8612958409337851,0.23685262228134132,0.44872137075966706,3.41375647842e-05,0.017467197600333738,0.5,0.1,0.7,156,0.0935035720086612,0.0894750212971066
5,44,0.29043945464621695,0.590226315644696,0.6625441715950615,0.8771509123982315,0.23859827175462975,0.4440928362063347,3.468580010404e-05,0.022678214543422212,0.5,0.1,0.7,158,0.0927434377048183,0.0884882674775575
5,45,0.28757104757432933,0.5899687680199227,0.6719725643132193,0.8996893018827737,0.23841058059426706,0.44250040876184477,3.38744361012e-05,0.02071831132778221,0.5,0.1,0.7,164,0.0946535887192453,0.0875945346497083
6,0,0.9287843492826371,0.9814574163804997,0.9798047502222643,0.3681491036686368,0.0,0.0,0.0,0.0,0.5,0.1,0.7,1,1.1308005547727409,1.0611955391313597
6,1,1.0328476609680044,1.141269195435558,1.1375209625209635,0.5418609277579761,0.2557494000092876,0.3603930962263588,7.108088242445401e-06,0.004465721116903491,0.5,0.1,0.7,3,0.9744132840821812,0.976066119321542
6,2,0.8322348033946838,1.1473910909338438,1.1316997624115923,0.5996219080763768,1.1489893735445662,0.42998741036833077,0.00033259791268275003,0.15487837411611022,0.5,0.1,0.7,4,0.6176692593019328,0.4421831543280665
6,3,0.6723320140749025,1.021577111985161,1.0021787791244727,0.4933620861177517,0.36734384444351376,0.4298434560426069,5.785104184398e-05,0.034702153453865216,0.5,0.1,0.7,6,0.5327738065038727,0.5239945965372743
6,4,0.6062689011589207,0.982646449112756,0.9623716204600921,0.47604598823155647,0.39041278368554716,0.4283723115549951,8.098330635319e-05,0.04502176344914302,0.5,0.1,0.7,8,0.4398487873930588,0.426577127626814
6,5,0.5958399003296957,0.9745681122275516,0.9500884177009112,0.4751387905398663,0.31109986079095886,0.42277500216002645,0.00010167599067165999,0.05403328711902456,0.5,0.1,0.7,9,0.3639471306212865,0.3986580545098654
6,6,0.574598336802786,0.9590329255963486,0.9329511792505034,0.4681804683233855,0.3623614206445798,0.42898790771781203,9.972565515781e-05,0.05308029116879259,0.5,0.1,0.7,10,0.3510239270006267,0.3743593274562065
6,7,0.5638523547977817,0.9504948732911782,0.9236382357776198,0.464808336468846,0.30536736548680665,0.4300917119664362,9.84734042109e-05,0.05251465572859918,0.5,0.1,0.7,11,0.3478112275120791,0.3630265351441569
6,8,0.5526776731767569,0.942794423088626,0.9184319439725468,0.4623861389149307,0.3079625795582889,0.43003040453613334,9.780393836246999e-05,0.05242000272736382,0.5,0.1,0.7,12,0.3466278162061866,0.3480761639204771
6,9,0.5484021050253651,0.939061374263019,0.9144313777058262,0.46183601050432477,0.2693913401162934,0.4294522011760174,9.655157901474e-05,0.051788445443021046,0.5,0.1,0.7,13,0.3516167129062854,0.3435285760479696
6,10,0.5772771026989526,0.9719887877728665,0.9490923220509796,0.5046915866513907,0.4089669875089569,0.46797087865252746,0.00017606619735599998,0.09435686105753316,0.5,0.1,0.7,14,0.2892614315612568,0.3047221966796335
6,11,0.5618813932221485,0.9598058644035962,0.9433736181597514,0.5022195724807275,0.28998807271309884,0.46245612546177867,0.00014728866570285,0.07896506072542722,0.5,0.1,0.7,17,0.3159161222925716,0.316205613309107
6,12,0.5434093193577865,0.9400248808715799,0.9200017070621379,0.4883676970701562,0.2810098969356413,0.458726881467846,0.00010608899304668,0.060092574260030965,0.5,0.1,0.7,19,0.315589563599896,0.3229176339197633
6,13,0.5002402196384179,0.8982480830362664,0.8776632126839603,0.4554155928677614,0.28021289279603795,0.428319772602559,5.389592499157999e-05,0.031140803130024937,0.5,0.1,0.7,20,0.3145840108798837,0.3386107564386904
6,14,0.5164179959698998,0.9136963832195655,0.8927783515629449,0.4770491532943671,0.2610266546718577,0.4294777887409887,9.013119739714e-05,0.05771776171424547,0.5,0.1,0.7,23,0.2608166316769524,0.2671891889934343
6,15,0.5081385999303701,0.904992611340876,0.8812415887786076,0.4824624496805312,0.4740509442881765,0.4595942838277467,0.00011161497887753,0.06917604556991686,0.5,0.1,0.7,24,0.2175707120742446,0.2522015182630718
6,16,0.5017906291129032,0.899968559387732,0.8791695879311219,0.48674611569939963,0.28832957510669077,0.46015128831565555,0.00011444862361425,0.06512416358189499,0.5,0.1,0.7,26,0.2269559655519805,0.2489811978499752
6,17,0.5046959282114921,0.9042379614167833,0.8888017152336116,0.5119095977716331,0.33364661105876653,0.4813247374785524,0.00012268041693286,0.07182215363348976,0.5,0.1,0.7,28,0.231374836259321,0.2574626194570713
6,18,0.4762275662716582,0.8743614595873296,0.8580648782363688,0.485578888613951,0.33017062179643175,0.4596952455717065,9.945664103588e-05,0.05838314673791428,0.5,0.1,0.7,29,0.2350368545637075,0.2478818732813213
6,19,0.47475217496268673,0.8723342052966463,0.8557411313394322,0.4874603648233798,0.2925222369064778,0.4601101983356693,0.00010278401631079,0.05994275317899051,0.5,0.1,0.7,30,0.231778161319065,0.2326912971344095
6,20,0.468620896734753,0.8662111059157457,0.8547631432366436,0.5132227471821862,0.2887272464872518,0.45885354847234705,0.00012574253084835998,0.07130153263246496,0.5,0.1,0.7,41,0.2016444348249284,0.2445493206203733
6,21,0.4907858846561508,0.8880236543271719,0.8764928937430733,0.5465262970121656,0.30361255769767637,0.48155760362748284,0.00014359091666982,0.0875692269948963,0.5,0.1,0.7,44,0.1888931695987875,0.2453020806308782
6,22,0.46218743717092775,0.8575876884636487,0.845377420453972,0.5188853757139789,0.3258136873212003,0.46026337123826916,0.00011935502192817,0.07019477162070555,0.5,0.1,0.7,45,0.1956475521483432,0.2363305437811463
6,23,0.5288120608665864,0.9239674007782082,0.914460002110284,0.6109919235410879,0.3923482885349641,0.46785905294686625,0.00017908681831992,0.16710622863259775,0.5,0.1,0.7,46,0.1660688745758696,0.1932387043675814
6,24,0.5258901785513256,0.9204779572501792,0.9107800850696106,0.6111754296452263,0.3561569865317413,0.46760688872720046,0.00018039103343883,0.1653542016569663,0.5,0.1,0.7,48,0.164754689173123,0.1946117383544349
6,25,0.5090621334961654,0.9028298379756736,0.8928627186276974,0.5920516229754992,0.3535918006788013,0.4683991343361972,0.00017090283306644998,0.14389347243244072,0.5,0.1,0.7,49,0.1599397798534381,0.1801827254427137
6,26,0.508762845238857,0.9028505634266989,0.8958154393945028,0.6030339643655162,0.3635188571836513,0.46797400825934027,0.00017459693276042002,0.1480711424606981,0.5,0.1,0.7,50,0.1537867091486671,0.1765750164390943
6,27,0.506999565370571,0.9007948937277371,0.8936657447990851,0.5959270580674386,0.3432647532626004,0.4678936902657517,0.00017385084764536001,0.14669854786683315,0.5,0.1,0.7,51,0.1532868956128076,0.17618758482757
6,28,0.4891703965399619,0.8843865973906868,0.8805456729997757,0.5889412522626618,0.3191907176897403,0.46816542497364994,0.00014428855402586,0.12120353485244799,0.5,0.1,0.7,55,0.1561806911248475,0.181612247952002
6,29,0.4762648199389221,0.8680777594755633,0.863239088155599,0.611925468290056,0.38299344259362494,0.4660124110101362,0.00013245104328366,0.11543660802994311,0.5,0.1,0.7,56,0.1933275495393846,0.1730199524137979
6,30,0.4715732119550637,0.8606608308550661,0.8550601099397583,0.5929497234814042,0.36861633896808843,0.46755645785332295,0.00012983616694601,0.11595264383933755,0.5,0.1,0.7,57,0.1541261290158002,0.15478180746528
6,31,0.46973184765272263,0.8583349514416315,0.8526369120757205,0.6148784275598618,0.31942027192200584,0.4684079650436899,0.00014024875812026,0.113580074396727,0.5,0.1,0.7,58,0.1886960657952936,0.1661756362156203
6,32,0.46158205198498614,0.8466908944201733,0.8430615909949734,0.6218683179233653,0.33586129787218805,0.4682699194929992,0.00012573102614516998,0.11472763918311399,0.5,0.1,0.7,62,0.1662334899516256,0.1392308443844473
6,33,0.4566150472328119,0.8445843382945689,0.8504962744052976,0.6533906586629323,0.31719318146132364,0.4675145219950908,0.00013828965350814998,0.11184578765642147,0.5,0.1,0.7,67,0.1672892495327569,0.1726609828915295
6,34,0.4450913346196987,0.8342070429531386,0.8433433815752911,0.6602399629002778,0.3022180892949076,0.4674907005467909,0.00011774123032654001,0.09619933706738405,0.5,0.1,0.7,72,0.169752385201986,0.1673108705336589
6,35,0.43036635179176014,0.8212972223788646,0.83677233212919,0.730079990501868,0.289145773791332,0.4716772045287602,0.00012027038869009,0.07484573441404051,0.5,0.1,0.7,93,0.1791206826279107,0.1387463235476544
6,36,0.4275740668510036,0.8151160054081783,0.8298488442812171,0.7269508754798337,0.3415190075247783,0.47227273150825605,0.00011569194415474999,0.07748765569582856,0.5,0.1,0.7,94,0.1755138100291598,0.1307551040823139
6,37,0.4264186464918508,0.8128261077252587,0.8273164269353723,0.7256610017374723,0.3075839296179358,0.4718107098649946,0.00011655628554843,0.07843334052493853,0.5,0.1,0.7,95,0.1710313368070584,0.1283090359757667
6,38,0.42575006318497743,0.8131817223730223,0.8308770409405875,0.7448160544421606,0.294277288621374,0.47177798192883896,0.00011597891457672,0.07843406583716092,0.5,0.1,0.7,97,0.1671521588324661,0.1287840532825959
6,39,0.41626926850457413,0.8124428621652395,0.852910916891308,0.9576234615820622,0.2842913054376959,0.47308683418502817,7.966917722066e-05,0.06731949519824006,0.5,0.1,0.7,138,0.1520513836509565,0.1290763952795795
6,40,0.4158399068247265,0.8133304975007707,0.8570663774834388,0.9528789813441843,0.28435343216019604,0.4725677109068206,8.120770213593999e-05,0.06741986932260303,0.5,0.1,0.7,141,0.1554032312633706,0.1292630712870872
6,41,0.40961855363156524,0.8114186117191284,0.8650324002272013,1.0756811221257112,0.2776250702192391,0.4760779136551323,7.462505528751e-05,0.05637580462237017,0.5,0.1,0.7,164,0.1547334696401391,0.1333354192297026
6,42,0.4085390113174481,0.8099883347331933,0.8635300441714451,1.0816776363823837,0.27937976978989904,0.47599452757137606,7.186263973096e-05,0.05554798270410579,0.5,0.1,0.7,166,0.1582596688115836,0.135165289307497
6,43,0.4087101821095317,0.811467655753046,0.8682758064866657,1.0746901012498777,0.2800078422512673,0.47601866770082407,7.382642430887e-05,0.0561288764654897,0.5,0.1,0.7,167,0.1538974749871487,0.1349801576433603
6,44,0.40867863296772766,0.8114161223156302,0.8682201401175338,1.0782201618467335,0.27758425018678945,0.4760172861804475,7.378637409434e-05,0.0561218223160126,0.5,0.1,0.7,168,0.1539321521178293,0.1352898910076442
6,45,0.4081311110560607,0.810172949566308,0.8668351931245165,1.0739973508501053,0.28745248514976846,0.4762545554469158,7.364668810416999e-05,0.05644955135153697,0.5,0.1,0.7,169,0.1528910959812742,0.1387702855591981
6,46,0.4036955216358659,0.8070638840111499,0.8669966020707598,1.1037500418888249,0.27403801329000177,0.4754291761186951,6.644108874123e-05,0.05101785010093139,0.5,0.1,0.7,173,0.1561624353477429,0.1393663545248112
6,47,0.4067923348075986,0.816075264817711,0.8892134872927411,1.1621125504743182,0.2767278064751745,0.4760434478135055,7.152729152177999e-05,0.055149434543152194,0.5,0.1,0.7,185,0.1539770079059406,0.1353776485872398
6,48,0.4034912631243235,0.8097499661546744,0.8762718513901923,1.1805781285809553,0.2734123657820481,0.4755303293406143,6.723159793948e-05,0.050848818303381095,0.5,0.1,0.7,193,0.1570888392319146,0.1375529641913777
6,49,0.40407395254063866,0.8117342263098228,0.8815419088024864,1.189583670098928,0.2747532854926983,0.47621868930363,6.71539230774e-05,0.05136625805692723,0.5,0.1,0.7,195,0.1556228206151714,0.1359699759244983
6,50,0.4093100521658215,0.8244696522908853,0.9138103443878204,1.2518336122825267,0.30190052923446875,0.47594246473041013,7.815344581312e-05,0.06171326479132948,0.5,0.1,0.7,196,0.1543067127201513,0.1232252281836566
7,0,1.0,0.9994667552084163,0.996247390932351,0.38574002217678494,0.0,0.0,0.0,0.0,0.5,0.1,0.7,1,0.8440036815950732,1.0612590918865954
7,1,1.079519970674184,1.1732557945517934,1.170085344662866,0.5693322279626971,0.32137895998751786,0.4082036584740356,1.162352495873e-05,0.006749028253246428,0.5,0.1,0.7,3,0.7513722056396336,0.9223982010617702
7,2,0.8552874822560013,1.1549213148220128,1.140586763926163,0.6015568437591977,1.0874570817663518,0.42557579477693575,0.00029647502382883,0.1470457273493658,0.5,0.1,0.7,4,0.4951314226648805,0.4491935655788708
7,3,0.7188350267379926,1.0455217820059834,1.0287132336521758,0.5038920035501333,0.31963751427928633,0.4285127293079973,4.9925191805160005e-05,0.028351205583610838,0.5,0.1,0.7,6,0.4549228668391893,0.5699596833215717
7,4,0.6184066027647152,0.9905294045754806,0.9711337680985833,0.47732505871895875,0.4477110240487947,0.4300147479567367,7.815614113854e-05,0.0410185761999377,0.5,0.1,0.7,8,0.3722815511788879,0.4249028884729962
7,5,0.5935877235426991,0.9762882872998364,0.9544706704277071,0.4791250641066478,0.4233676538039566,0.4297944514668551,0.00012325200379429001,0.05964462361764864,0.5,0.1,0.7,9,0.3387553867332161,0.3331252903180812
7,6,0.6264182987921423,1.017370607298672,0.9965944486778985,0.5344952484058385,0.3998926852266548,0.4762798735834068,0.00024643995047640997,0.11925824845047334,0.5,0.1,0.7,11,0.3591184523827666,0.3049390664108134
7,7,0.613781389150594,1.0077853058251605,0.9895823013852918,0.5321312863721085,0.3440882509648867,0.476508666216096,0.00023161873236672,0.11500030967306374,0.5,0.1,0.7,13,0.3476551039986972,0.3068975406020088
7,8,0.5894073223947085,0.9882705973604184,0.9755200404813256,0.538953934327771,0.3207034925780076,0.4555203790567814,0.00016725083767055,0.11640929959777828,0.5,0.1,0.7,20,0.284112659341502,0.2903787624826848
7,9,0.5793165342116322,0.9844293144813328,0.9801260939199932,0.5860202417400764,0.32894649662205566,0.4665012724486821,0.00016780296691215,0.12019989336008317,0.5,0.1,0.7,29,0.257311459714135,0.2470089050618299
7,10,0.5701067614795958,0.9766110838351401,0.9748456360882718,0.5894064671744637,0.3420823936631568,0.46576118530416005,0.00015921198097512001,0.11972449677052117,0.5,0.1,0.7,31,0.2593838707699569,0.2558480877252682
7,11,0.5399870557533276,0.9450305984601117,0.939570341417237,0.5722887606338132,0.29996178847625904,0.46678516454714497,0.0001132117232217,0.08226606602135035,0.5,0.1,0.7,34,0.2580059760121202,0.2493797309705583
7,12,0.5368464721790392,0.943380934949533,0.9410214020294323,0.5836082970509296,0.29485498984445596,0.46650221802290426,0.00011836249620727,0.08125128376325974,0.5,0.1,0.7,37,0.2445961821181721,0.2532327624831912
7,13,0.5633000467477055,0.9713320226275654,0.9722776933505334,0.6026214091760863,0.31660496067254107,0.46565768989796585,0.00015724339256574998,0.11964254203978139,0.5,0.1,0.7,39,0.2512373832457947,0.2526239462355867
7,14,0.5730918130037315,0.9826223839567134,0.9868702945097839,0.6175989296017633,0.3266433416863634,0.46584319669622315,0.00019832240710493002,0.13354343025983756,0.5,0.1,0.7,40,0.2522020803049617,0.253215064885407
7,15,0.5361331193275897,0.9441321919995898,0.9448443029987317,0.5982520184326865,0.30794335948150686,0.4671642934126012,0.00011341786089341,0.08345930411204355,0.5,0.1,0.7,41,0.252133949386805,0.2407081170628814
7,16,0.5599338192814035,0.9704646137517647,0.976719807242487,0.641863685780995,0.3420961803675445,0.5024863669813995,0.00016914000655544,0.10867177907790948,0.5,0.1,0.7,46,0.305257407817556,0.3256620222776796
7,17,0.5351665659055536,0.9495450433722762,0.9648207125442925,0.6765038874498054,0.3182488620630878,0.4669834335935943,0.00012757144741688998,0.11208851562245667,0.5,0.1,0.7,56,0.221763373571352,0.2524546903934679
7,18,0.5042999751606864,0.9151608962123567,0.9257364095174132,0.6524727190673535,0.3902182187685261,0.46534985653937955,0.00013803040103522999,0.08862869839857121,0.5,0.1,0.7,57,0.2359893202998242,0.2571347324428605
7,19,0.5135238308993387,0.9231300464821598,0.9355734811357626,0.6711200543271272,0.3670127304148938,0.4671493674229356,0.00013668763409514,0.11962824707034067,0.5,0.1,0.7,59,0.2141814173748632,0.2112845820497652
7,20,0.5140420321568916,0.9176061344206523,0.916806326868034,0.6100558925735733,0.3195130329102572,0.4675424502396591,0.0001375267193403,0.12036260974831922,0.5,0.1,0.7,60,0.2141384713897758,0.2109046816161538
7,21,0.5181054717443878,0.9277231510619516,0.9428282501451818,0.667975899232026,0.3330232251323338,0.47523069052012845,0.00014211712547575,0.12859363825033013,0.5,0.1,0.7,68,0.1984418392003768,0.2307302818558712
7,22,0.5153933206160285,0.9264402405883643,0.9448222695935993,0.6742063202672208,0.32567816546715456,0.47512437817239667,0.00014231165964217002,0.12515392114632762,0.5,0.1,0.7,72,0.1975128048684098,0.2295920842689716
7,23,0.5134232997541064,0.9254903633994875,0.9469176565830755,0.719493329200897,0.34498014619070755,0.47921470489831597,0.00017114876725449,0.1229001305362871,0.5,0.1,0.7,73,0.2373972314670674,0.2717080127632055
7,24,0.512664867570956,0.9240733718169448,0.945309830549809,0.6811371708247301,0.33823133595062327,0.470290319289444,0.00014423293039837,0.13031336680173597,0.5,0.1,0.7,74,0.1967139171648289,0.221500026547661
7,25,0.4319325070718206,0.7920275650055151,0.8046378653055586,0.6433984414632457,1.1515509359636185,0.4904005154002168,0.00014840422189215998,0.11641002927505034,0.5,0.1,0.7,75,0.1456954354839801,0.1423692335306736
7,26,0.43036373295535396,0.7883939708472029,0.8006615878447698,0.6610172631052286,0.3308501792867022,0.5000131517094153,0.00016130644655683,0.10984370878929176,0.5,0.1,0.7,81,0.149064638363533,0.1467995444732423
7,27,0.4401682280016579,0.799756411081406,0.8183975831275161,0.6923054051044342,0.3420504520943558,0.4923629073027116,0.00016099210755312,0.13106277148553103,0.5,0.1,0.7,85,0.1428439659850807,0.133812338078422
7,28,0.4286014094268587,0.7896491292730995,0.8115897188307013,0.694264991429455,0.32648041385977244,0.499362478389682,0.00016000232827381,0.109580094462075,0.5,0.1,0.7,90,0.1454378208479284,0.1431020615424941
7,29,0.39033355597520547,0.7566457066159171,0.7916883285225509,0.7354605241875951,0.2891862536552314,0.49937043788781255,8.292295469958e-05,0.05579367735860597,0.5,0.1,0.7,109,0.1479817485427113,0.1451934856378824
7,30,0.3896762901730393,0.7536554798628109,0.7852567946221903,0.7377244701729746,0.2981681378463159,0.49934195451790536,8.352258863237e-05,0.05586049625903424,0.5,0.1,0.7,110,0.1504109349124352,0.1456536976521282
7,31,0.3890240976618897,0.7577568419081611,0.8023793945955127,0.7916225070605094,0.2908678136633396,0.49987415536499763,8.134262356646e-05,0.0559909689853526,0.5,0.1,0.7,118,0.1441874413968376,0.1438715832554059
7,32,0.38881421746227424,0.7573877372291034,0.8019845875444682,0.7948318257713476,0.29083703769171054,0.4998245645540603,8.124698378697e-05,0.05591117039714582,0.5,0.1,0.7,119,0.1440222742859401,0.1433304164693807
7,33,0.38776613191298964,0.7549152279078349,0.7992832097648347,0.7933040277321989,0.29706597499428417,0.49976517331109005,8.105894818514e-05,0.05608980021046196,0.5,0.1,0.7,121,0.1476736316719138,0.1458541937616218
7,34,0.3745766633165225,0.7461015307062372,0.8003666266824924,0.885782311802479,0.27612425722962897,0.4997710159208703,5.3881713148059995e-05,0.03738429197865158,0.5,0.1,0.7,142,0.1457243176921856,0.1455939207353194
7,35,0.37473137200070916,0.7477067703528945,0.8052695946781848,0.8465417370387768,0.27679290636083687,0.49977007145342267,5.39609903874e-05,0.03766072961616887,0.5,0.1,0.7,143,0.1457994368316721,0.145819597593954
7,36,0.38849680122301306,0.7747462558431105,0.8620237816482723,1.053271539173012,0.2902722160583513,0.49977510764321476,6.0613005083869995e-05,0.05756677080955054,0.5,0.1,0.7,172,0.1429739300317593,0.1413801293237468
8,0,0.9848139176747754,0.9969223844092543,0.996648150252913,0.3792418376619306,0.0,0.0,0.0,0.0,0.5,0.1,0.7,1,0.9083356092290732,1.0657848208140923
8,1,1.064126977831389,1.167485663767445,1.163938924100981,0.5651153449836478,0.3203816614177141,0.4025221747634775,1.1775005813300001e-05,0.008595400031265046,0.5,0.1,0.7,3,0.8071543417291923,0.922427474526655
8,2,0.8223089857811934,1.1338902911008009,1.1185251299313586,0.5847750207777686,1.1232070977435002,0.42949900812257186,0.00029807820725456,0.1307172135126844,0.5,0.1,0.7,4,0.5886293493970881,0.4486941353718879
8,3,0.7605260923139091,1.0979250978130748,1.0834387974090378,0.562606838697258,0.37991798394873266,0.4301202024886096,0.00028922637860062,0.11564901018127054,0.5,0.1,0.7,6,0.5362047130023682,0.4168334696133515
8,4,0.7582870673595116,1.0958736772287376,1.0813668336395332,0.5634979681097934,0.2956550727186873,0.4299299638252408,0.00028479699974055,0.11318412904832043,0.5,0.1,0.7,7,0.5356145636306079,0.4189866743421599
8,5,0.759426093421834,1.0996022609954643,1.088278294549089,0.5682041439316246,0.3062991938892128,0.4299161326097995,0.00030438321055806,0.11834119968967957,0.5,0.1,0.7,8,0.5309461610349908,0.4085577505283069
8,6,0.6001191968188692,0.987420447633824,0.9641782521882771,0.4982161389460702,0.5814355915126916,0.5232086871438145,5.9308280351150005e-05,0.03166528616625019,0.5,0.1,0.7,10,0.3395687740108687,0.4235590228104645
8,7,0.5879128811751029,0.9806094063385973,0.9630317680728671,0.504730676676594,0.30093999146021616,0.49986690983599014,0.00012740277014763,0.049484543509334726,0.5,0.1,0.7,14,0.3559941070233593,0.3508354432742656
8,8,0.5894495267495911,0.9845393565843189,0.9698508378288833,0.5148790486184124,0.30607677406654066,0.5048527506619278,0.00014087673926495,0.05606743917354073,0.5,0.1,0.7,16,0.3653840721964425,0.3326840080337544
8,9,0.5217600857213894,0.9207107126780734,0.9026097540571383,0.48347604523623067,0.5341181310553033,0.5240119828180709,0.00015484251227381,0.05673030188351135,0.5,0.1,0.7,18,0.2806655476117982,0.2943954870408505
8,10,0.5111563270115893,0.9095395654227796,0.8909983621591075,0.4766222718961551,0.3259388298129228,0.5142038307191883,0.00015257958963736,0.054833949569481066,0.5,0.1,0.7,19,0.2884168100958965,0.2788293800821886
8,11,0.5130582529385073,0.9129357279965161,0.8976945362117643,0.4824166338450192,0.2978541503736499,0.5170156055249284,0.00015332525310506,0.05562274887895479,0.5,0.1,0.7,20,0.2863987591511817,0.2793767516707233
8,12,0.5130582549748648,0.9144345603804069,0.902498834355628,0.48895655209756567,0.2974591661602064,0.5170156067972638,0.00015332525837209,0.055622750738892085,0.5,0.1,0.7,22,0.2863987606169763,0.2793767518520725
8,13,0.5132747516905511,0.9161545372969255,0.907514723043364,0.49447481919829656,0.29798466835099385,0.5178254122945387,0.00015126375996343,0.055514094252066715,0.5,0.1,0.7,26,0.28491396941477,0.2910381306899673
8,14,0.48870850816957173,0.8867008470483961,0.8755143099305945,0.4919964351192429,0.4723860303205752,0.5235509166276173,0.00013331279512268998,0.05016883351791321,0.5,0.1,0.7,27,0.2388651617726067,0.2582869889816914
8,15,0.483456590635079,0.8710201293504777,0.8563242385391896,0.49080987768698464,0.5637189092307517,0.5212249933910778,0.00017216710735215,0.08567188714914403,0.5,0.1,0.7,28,0.1999059883602404,0.2221277458082294
8,16,0.44638914757022996,0.8144475435870822,0.7981854148864038,0.4687440509020328,0.48529647703401035,0.5190643167752568,0.00017088349475524002,0.08233998823921497,0.5,0.1,0.7,30,0.1597216678782417,0.200225720980384
8,17,0.4451542910903697,0.8140358577297803,0.8009440448211054,0.4747469107746427,0.3214590974789872,0.5186035851547333,0.00017061125723023,0.08210576380009581,0.5,0.1,0.7,32,0.1596108372139223,0.2012065892526298
8,18,0.4174314532481002,0.7605743876314455,0.7459235138834579,0.45028758571655453,0.3836633563484084,0.5117091345697594,0.00018245374754704,0.0864828006930116,0.5,0.1,0.7,37,0.1388932545548417,0.1493783349057639
8,19,0.4174314472255954,0.7620732100234046,0.7507278020353897,0.45788465497631137,0.31641083279748383,0.5117091310200558,0.00018245372848719,0.0864827917265493,0.5,0.1,0.7,39,0.1388932585138453,0.1493783373874822
8,20,0.3931095040682196,0.7098681461953343,0.6942790742987536,0.4339261621457622,0.45850045732137423,0.5266221866175043,0.00014609110908813,0.06927457074189174,0.5,0.1,0.7,41,0.1109760885949189,0.1200732544538957
8,21,0.39613157118010844,0.7020539207062833,0.6880377377929763,0.4378595022308293,0.3818111059649891,0.5298371037059807,0.00017167203926236999,0.08143990069568598,0.5,0.1,0.7,43,0.1012177014010054,0.1035102863474483
8,22,0.37944596470485137,0.6831083801986763,0.6687819934779015,0.4293478206314808,0.3172138537224828,0.5155806146267188,0.00014653168936885002,0.06953373386638785,0.5,0.1,0.7,45,0.0962047156726471,0.0988906970674995
8,23,0.38478539060296113,0.6884367528027109,0.6741088940357606,0.43650327534216987,0.31191836561095554,0.516218451855786,0.00016184215908378,0.07671140060248346,0.5,0.1,0.7,46,0.0964603105512844,0.100714346602745
8,24,0.3736404205525078,0.641949225824536,0.6261300940319162,0.4275344763605881,0.6492002214398925,0.5318495109292145,0.00015870554731187999,0.07387708474961707,0.5,0.1,0.7,47,0.0828484591031016,0.0836899425938191
8,25,0.3738455060227546,0.6274468830386758,0.6129448354767618,0.41657506742561445,0.369773466968177,0.5439977378831851,0.00014132753566394,0.07421338959335765,0.5,0.1,0.7,50,0.0927715114544601,0.0808536144459733
8,26,0.36953483377360136,0.6161822548870858,0.6008449854920945,0.4119139839458356,0.350935136770624,0.5381154325633942,0.00014569843938217999,0.07570904198994798,0.5,0.1,0.7,52,0.0899539246732062,0.0778713742641003
8,27,0.37169251951573756,0.619748321801812,0.6077057137671573,0.4304505938804232,0.32463025983252103,0.5406534250159772,0.00014972913066765,0.077021872493314,0.5,0.1,0.7,54,0.089524702040856,0.076493620084565
8,28,0.36560339504963835,0.6109356731389315,0.598568625450646,0.4229790566135234,0.3415232303256821,0.533874608396439,0.00014508044929407,0.07447514437685135,0.5,0.1,0.7,55,0.0857680784121311,0.0765677085463757
8,29,0.37794142786629287,0.6104500384611775,0.5965746235908305,0.42684971126737636,0.4397728481282237,0.5522495769569101,0.00016560223583022,0.08482957451844692,0.5,0.1,0.7,56,0.0662732540226532,0.0563763935051079
8,30,0.3747495224808637,0.6086674202071461,0.598087048971805,0.4319216634692671,0.33271836777594727,0.5502734501608207,0.00015821479779732,0.08172151464667572,0.5,0.1,0.7,58,0.0657756052140576,0.0562688164877819
8,31,0.36741754863759296,0.6010648077585354,0.590452925478205,0.4341195175421939,0.32619751582624457,0.5518659294825757,0.00013707517266274002,0.07023124950674899,0.5,0.1,0.7,60,0.0665773271981224,0.0562393534297755
8,32,0.37945326397438073,0.6039948872513901,0.5954633937270034,0.4661777665431043,0.4249659134064744,0.5656876823189381,0.00015746626422932,0.08203582177456081,0.5,0.1,0.7,61,0.067535973351215,0.0563571687254905
8,33,0.37653984628060594,0.6005241836725969,0.59506272425224,0.4721209104597839,0.3460940991082473,0.5607295369316666,0.00015802284950421,0.0822515787384431,0.5,0.1,0.7,63,0.0671522897866221,0.0574529755074144
8,34,0.3767393670446521,0.6005354128035456,0.5950524223974124,0.48297522873244353,0.338705296967353,0.5612698926643406,0.00015795991475587,0.08222670901490928,0.5,0.1,0.7,66,0.06707194408959,0.0572097724998427
8,35,0.37636073038417395,0.5980624750629935,0.598610283519584,0.4933760848251334,0.3793491322195677,0.5664910186227958,0.00015225475312171,0.07998156397127909,0.5,0.1,0.7,67,0.067387715612324,0.059743589354549
8,36,0.3657053957556235,0.5854245132768099,0.5857474692315998,0.49393722938425516,0.33690353797275946,0.5654153819956727,0.00012552709013758,0.06630333809003217,0.5,0.1,0.7,69,0.0695420045480181,0.0637554721920035
8,37,0.3594001369681123,0.573089084662482,0.5727316179126248,0.48898500479805496,0.3401092611218558,0.5378432658805526,0.00015198784131152998,0.07927773693305795,0.5,0.1,0.7,72,0.069211380815718,0.0632845749731174
8,38,0.3673194377056765,0.5786181181453709,0.5842676342799169,0.5209703569510855,0.3407066393654756,0.5596617537072991,0.00015258749516866,0.07698933008935976,0.5,0.1,0.7,78,0.072250422796376,0.059646407611344
8,39,0.3590530105650774,0.5655698228038607,0.5832451229275184,0.5838526462024023,0.33730142902499577,0.5614511685599611,0.00013116402451721,0.06768009762612101,0.5,0.1,0.7,87,0.0749383464438617,0.0657699042168972
8,40,0.360064836651809,0.5636677590826432,0.5810219902356684,0.5892185006475882,0.3353491473584316,0.5390040950560484,0.00016722119015012,0.08613739131073248,0.5,0.1,0.7,91,0.0647959641059168,0.0490180200767995
8,41,0.3508777620568714,0.5485119814652142,0.5652117586808824,0.5864891522910392,0.3446354932081931,0.5394022703408639,0.00013856446732161,0.07469550901458168,0.5,0.1,0.7,93,0.0662973216754318,0.0527472988639877
8,42,0.3526147121451356,0.5521491560285373,0.5753400576282751,0.5763960429327627,0.3289549068351973,0.5578447145649174,0.00015381535848075999,0.06435426709566747,0.5,0.1,0.7,95,0.0637077876811078,0.04829613351754
8,43,0.34368427507374805,0.540089599848909,0.5629394059401468,0.5788999021009543,0.32799631031421356,0.5549541543193875,0.00012946422964289,0.05466161585096907,0.5,0.1,0.7,97,0.0658891479878013,0.0478754556985181
8,44,0.3258912378004208,0.5209105644542142,0.5436096554254491,0.585902618142423,0.2997437006460736,0.5451724846820367,8.321059040700001e-05,0.03667213880671397,0.5,0.1,0.7,104,0.0646704496638312,0.0535815755178847
8,45,0.32442293814372447,0.5180776021906089,0.5406284742891825,0.600646742699998,0.30218777836528554,0.5478360615324529,7.50447925097e-05,0.033099301490807864,0.5,0.1,0.7,106,0.0660482593557859,0.0507471845186383
8,46,0.3409576344315752,0.5384793240235602,0.5740212531189751,0.6420796771719179,0.3161055068650397,0.5481784387788218,0.00010733543160613,0.05713004732055973,0.5,0.1,0.7,113,0.0574920106190936,0.0471593287576133
8,47,0.31507897790852213,0.507603301838738,0.5363177931305708,0.6405758192354506,0.29193555318373404,0.5335681332900851,7.486248477202e-05,0.031214602724876347,0.5,0.1,0.7,118,0.0677403142349065,0.0393749225572288
8,48,0.3106421739307599,0.4993627766269669,0.5308111114996648,0.6487400642125084,0.3041937137826604,0.5235180837712642,7.708664380732001e-05,0.03364157983850532,0.5,0.1,0.7,120,0.0599525528329187,0.0466751765600943
8,49,0.29368444895062723,0.4935465824236341,0.5513473190799351,0.7690100108472478,0.26882231862245765,0.49579117044638527,7.424855455221999e-05,0.029472546686342055,0.5,0.1,0.7,142,0.0646531079578472,0.04351217806355
8,50,0.30575630294856515,0.48837735347564115,0.5097369307485874,0.6567650595008024,0.28308060274763575,0.509046898140154,8.31445164647e-05,0.03746978306298371,0.5,0.1,0.7,146,0.0665956441600318,0.0395844335199188
8,51,0.30290551857666387,0.48065467770348735,0.5014921680742593,0.6511942725632206,0.29695254751810823,0.5108706095465009,8.061336800890999e-05,0.033503160188843285,0.5,0.1,0.7,148,0.0673767637551317,0.0390026392811255
8,52,0.2997125913701243,0.47510601897287147,0.49569185650335457,0.6466828247885118,0.28163462281921897,0.508114917485074,7.656768757374e-05,0.03157887969800636,0.5,0.1,0.7,151,0.065787367243845,0.0387939852586374
8,53,0.30125552418747925,0.47221255900977466,0.5080590374523742,0.7633386373833635,0.28391631846062276,0.5174429882166842,7.948342606893e-05,0.030378761643409306,0.5,0.1,0.7,173,0.0678082714758932,0.0344890697157677
8,54,0.29760603426492566,0.47377659218464074,0.5290572089688612,0.9080929215743857,0.2786751676946217,0.5185496170892949,6.694944501571e-05,0.02536725767705203,0.5,0.1,0.7,190,0.0660038085680582,0.0349192550209889
8,55,0.29357524904404003,0.4625461109168034,0.5076259114743678,0.8861436461332749,0.28333954066382494,0.514333841111229,6.224922535723e-05,0.023317727766760235,0.5,0.1,0.7,192,0.067912806469486,0.0357651680955054
9,0,0.9715776789457479,0.9933481165670919,0.992755234612546,0.37566788428171444,0.0,0.0,0.0,0.0,0.5,0.1,0.7,1,0.9670373138272752,1.058641089467916
9,1,0.9923925461175793,1.1799651832198719,1.1694643252049663,0.5942059691174587,0.4937840641271014,0.43002639762189826,0.00043237271921352005,0.06733894586743432,0.5,0.1,0.7,3,0.8470792649581966,0.6730443985845096
9,2,0.8323640181583636,1.140162459068593,1.1251331785930272,0.5896630027445071,0.8435032261901247,0.4293613737751748,0.0002911522258489,0.1343938597945199,0.5,0.1,0.7,4,0.5645501907436737,0.4512034629375223
9,3,0.7810318571869647,1.1126495235842977,1.0987942829642463,0.5720144851828396,0.3774329636470735,0.43008481693979606,0.00030566031933925,0.1265920002859734,0.5,0.1,0.7,6,0.4687175658031523,0.4089315933032654
9,4,0.7153244633411522,1.0542263898276516,1.0360940874202162,0.5246663685018151,0.3246600639020998,0.42762801735301414,0.00016719993577195,0.06261874744892576,0.5,0.1,0.7,7,0.4487653733105864,0.3892646293642762
9,5,0.7109169518942029,1.076781839538642,1.0584705549475193,0.5590840616320061,0.5586734840565358,0.5313080619069379,0.00016251594189487,0.07449229497331292,0.5,0.1,0.7,8,0.4673118156644058,0.3524045853553289
9,6,0.6606973605697016,1.037203794325537,1.020507707451729,0.5299368199618354,0.35412809220842567,0.49640411066731377,0.00015464818631061,0.06783478350931028,0.5,0.1,0.7,10,0.4087951040298759,0.3086602273299905
9,7,0.6095014651841864,0.9865338178916234,0.9661001676078358,0.4890275549313401,0.281247357258663,0.42967424031030993,0.00011552099855691999,0.05218579827117404,0.5,0.1,0.7,11,0.3634510390792858,0.4061904525269995
9,8,0.5866179371315312,0.9693711245745423,0.9475393854267723,0.4798129751153662,0.3465315295979842,0.4291200083924403,0.00011359527276287002,0.05047269954142065,0.5,0.1,0.7,12,0.3415945352447126,0.3795383783135213
9,9,0.6215602814466845,1.0095036529098684,0.9898667374318705,0.5299886564744029,0.3394056923893456,0.4708473425805502,0.00021076157400836,0.0936456715237422,0.5,0.1,0.7,14,0.3113840922216958,0.3648624912253181
9,10,0.6053774979764356,0.9960456270244523,0.975391593865162,0.5230793128621652,0.3692240304527358,0.4699587950278057,0.00020836178158205,0.0913572432732485,0.5,0.1,0.7,15,0.3006759156326,0.3445898095230771
9,11,0.5763554564935488,0.969169098258668,0.9515399467319381,0.5019355620423164,0.2834141443866029,0.45132753233049594,0.00015653579004465,0.06863388354378691,0.5,0.1,0.7,17,0.30385053520419,0.3402414485719242
9,12,0.5933736907422441,0.990776526409231,0.974766036818101,0.5347182990776496,0.35180218904942734,0.46765135681354436,0.00026119024963003996,0.11272215541644837,0.5,0.1,0.7,20,0.3070803316177553,0.3045112040201252
9,13,0.6261235337157228,1.02381487493124,1.0074948225689233,0.5820906161868948,0.3701333178523374,0.4715995809942058,0.00030245910903381,0.1620551008340381,0.5,0.1,0.7,21,0.3343050452243826,0.3231434413299585
9,14,0.5544204226617153,0.9541758516703731,0.9406084555809215,0.5090463968966482,0.32254458220227306,0.46749412505354276,0.00015854962484485,0.07224278738578611,0.5,0.1,0.7,22,0.3191177495503037,0.3391504493011162
9,15,0.5500235341183859,0.9516817388455309,0.9408766491002921,0.5156805050579332,0.3052028758680326,0.471197463719312,0.00016714050932661,0.07259826297249748,0.5,0.1,0.7,24,0.3187149051707281,0.3148528215465398
9,16,0.5982255571541104,1.0000775183680999,0.988900366461757,0.5707438099623175,0.3647173013894266,0.4728721760461715,0.00028118140764706,0.146485003915469,0.5,0.1,0.7,25,0.2802473531889632,0.2760753851360012
9,17,0.5981720225492483,1.0000259228864643,0.9888442111842526,0.5758441428000806,0.33932166836855066,0.4728721760461715,0.00028118140764705,0.146485003915469,0.5,0.1,0.7,26,0.2805519658928024,0.2761562091194779
9,18,0.5547748869030331,0.9519993869447178,0.9351124615461758,0.5629978497529443,0.7510336362365647,0.5140001324372937,0.00035542534062791,0.1399314652164729,0.5,0.1,0.7,27,0.2088210701367245,0.160532933656017
9,19,0.49102713574641793,0.8848943356908445,0.866620663071795,0.5042815936661756,0.35070481102493917,0.5086905491664957,0.00016110315097894,0.07011386565939741,0.5,0.1,0.7,29,0.2061410802128205,0.1554470923964705
9,20,0.46378383409021234,0.8466810544550376,0.8278410251713559,0.49395457841196716,0.3962645386114947,0.5008138022017804,0.00019477323733048,0.08106136362345794,0.5,0.1,0.7,32,0.204094409873597,0.1457289644324594
9,21,0.4471022497694798,0.8220619486720192,0.8042663298941488,0.48475417478770816,0.38456349099574005,0.498321423109919,0.00019822200317423,0.08177007587765611,0.5,0.1,0.7,34,0.1629212083189758,0.1282120929896753
9,22,0.4265622588118932,0.7982666201614682,0.7797629168161623,0.4799332232153426,0.3068834330493804,0.49674938711988237,0.00014817075751791999,0.06025595879478464,0.5,0.1,0.7,37,0.1710724791633959,0.1442870255375904
9,23,0.4365450523362336,0.8082622787579041,0.7926893853676478,0.5030375553028503,0.30810921400364616,0.5113957885988136,0.00016408328105479,0.067935426053925,0.5,0.1,0.7,43,0.2278017025712984,0.2437084655820339
9,24,0.40739142846988496,0.778510847499148,0.7658708414716004,0.49089081392484035,0.2988092869108787,0.49418896544716306,9.372033288297e-05,0.0415642146681001,0.5,0.1,0.7,44,0.1645055363993931,0.1414765835274345
9,25,0.40163063125106097,0.7736517605193276,0.7641956196819021,0.4933948575177048,0.27961245663303647,0.48613250164259864,8.747560561032e-05,0.04018625614253024,0.5,0.1,0.7,45,0.1848414247915412,0.1651989697973932
9,26,0.4118456229465229,0.7803557970810504,0.7641848073595863,0.489486371404875,0.2856643158450245,0.5007194613862381,0.00010348145192221999,0.04528979642226016,0.5,0.1,0.7,47,0.1649189051666654,0.1424474157501345
9,27,0.4153555850714814,0.7749251729863466,0.7630847404896359,0.5160547303229078,0.33867552060488354,0.532740715639241,0.00010496286757164,0.04692652782327965,0.5,0.1,0.7,51,0.1722481358106407,0.1544758206241293
9,28,0.4181026648851771,0.7787649700446351,0.7731922968363567,0.5407615934027497,0.30689268618623955,0.5220114994160941,0.00014257344449854,0.06128854266674212,0.5,0.1,0.7,59,0.1856101781361335,0.1924312735464467
9,29,0.4159133768730414,0.7745566302504001,0.7686269391956493,0.5536103610311385,0.32834255213561825,0.5161563410550768,0.00014564257616489002,0.06518073535601057,0.5,0.1,0.7,60,0.1798680645107021,0.1937753865055244
9,30,0.41169888345395345,0.769316888508274,0.766248823622933,0.5576776087204696,0.31743570047959346,0.5126911449196374,0.00014626519634396,0.06514320401025993,0.5,0.1,0.7,62,0.192642845095278,0.1901070465919855
9,31,0.4150520059978379,0.7696275475092665,0.766044355737776,0.5629999287704962,0.3432418385375987,0.5248143901677181,0.00014365150486411,0.06518446634231688,0.5,0.1,0.7,63,0.1645745059058677,0.1804183592313259
9,32,0.4034615269996887,0.7514663214360395,0.7467914405826901,0.579801424137991,0.31052217605361826,0.5159960940387093,0.00013557069959861,0.06303723687921356,0.5,0.1,0.7,72,0.1474289852958139,0.1560672978575217
9,33,0.40350119478136554,0.7524868149801808,0.7510331124065881,0.5856893257890412,0.30551749893123786,0.5181253601954908,0.00013717868945178,0.062183747852736004,0.5,0.1,0.7,74,0.1456074508479207,0.1525813788094046
9,34,0.3943679099689837,0.7624699379687859,0.8039275169850696,0.8554433647280719,0.2938472653686819,0.5153375536161071,0.00011444887477370001,0.0515632896660432,0.5,0.1,0.7,131,0.1697529729312512,0.1747715910357148
10,0,0.9595220777225393,0.9900509914760194,0.9891642760203293,0.37358303169227364,0.0,0.0,0.0,0.0,0.5,0.1,0.7,1,1.0077736864675095,1.060471040411037
10,1,1.0490767984781826,1.1567152220025365,1.1529982845503974,0.5550459866813503,0.2962337182999284,0.38910114007903157,1.0139964028380001e-05,0.005523258038952874,0.5,0.1,0.7,3,0.8333367921974102,0.9214105405416042
10,2,0.8587668849830509,1.1572494042750063,1.1430095403606861,0.6034928401389102,1.0443982958543514,0.42961904085150804,0.00029408732719106,0.14596620201075525,0.5,0.1,0.7,4,0.4872859425677081,0.4496324157879532
10,3,0.6903364533514063,1.0363734393473047,1.0173857087845306,0.5074887589943368,0.41351506236258606,0.4300455008797568,8.008727004798e-05,0.04911103593350536,0.5,0.1,0.7,6,0.5134540024665576,0.5025020221091339
10,4,0.6735251492184434,1.0276475705564576,1.0111781770879935,0.5126211209879731,0.2762326612733637,0.42942824952204506,7.168846538796e-05,0.04756234805606011,0.5,0.1,0.7,8,0.4227441115968313,0.515031434300284
10,5,0.6708732733009785,1.0261028524779727,1.0094802648154741,0.5083978141928868,0.25874477803995316,0.4295551759416728,7.194668972845e-05,0.04772059549075652,0.5,0.1,0.7,9,0.4214761082346372,0.5116655818268105
10,6,0.6265380368433573,0.9988786285326041,0.9830207836995175,0.4934491923836679,0.42209122245729436,0.43015586583986953,7.384578912063e-05,0.04698111758482773,0.5,0.1,0.7,10,0.3945562247465328,0.4441660932953815
10,7,0.6043196189982246,0.9915772086042425,0.9721633562257855,0.5107305198784251,0.4032244309847409,0.5087870853206513,6.772851587571e-05,0.037381860561977814,0.5,0.1,0.7,12,0.2550461587508879,0.3514668608417506
10,8,0.6117064044566158,1.001135350942186,0.9848078330348929,0.5271700596941784,0.2986698383564118,0.5065870980969724,9.773691897073001e-05,0.05397452621441182,0.5,0.1,0.7,14,0.2820920914776624,0.33351509276183
10,9,0.6116838145795334,1.0018199054101495,0.9852496687460621,0.5302214737594515,0.31127252142923184,0.5128386082093087,9.847659942871e-05,0.05437743159202352,0.5,0.1,0.7,15,0.2678512666142901,0.3363873270428484
10,10,0.5661884638950255,0.9657688108091952,0.9479869849967042,0.5162115904491242,0.6241403106460538,0.5298926073489616,0.00010501680932952001,0.06095177081881943,0.5,0.1,0.7,16,0.191209486761028,0.3113982948542996
10,11,0.49290547316010197,0.8894719960791257,0.8674419574628869,0.45879542310956933,0.3754304726548864,0.4961300833923108,7.32753193633e-05,0.044167036109789476,0.5,0.1,0.7,19,0.202046930993852,0.2399946412437569
10,12,0.4736831617215341,0.8622312930529787,0.8392967226365196,0.4538650413355741,0.4429928889972033,0.5045710894890594,0.00010676634836105,0.06455417478937309,0.5,0.1,0.7,21,0.1760625304816788,0.2062244761735857
10,13,0.46161633451825884,0.8469413037508128,0.8258658873737691,0.4660169026524788,0.3169151874985458,0.5154622711132019,9.885360720727999e-05,0.055973562439474656,0.5,0.1,0.7,26,0.1444952813426655,0.1841122824914093
10,14,0.47611644217298615,0.8607008499689474,0.8394158872420637,0.4806408979006747,0.3275174830281486,0.5277345788214,0.0001240122679786,0.0702190706142431,0.5,0.1,0.7,27,0.1470259469005932,0.1958076925537586
10,15,0.47122045553376246,0.855160316629212,0.833696125156871,0.4758396938373884,0.3119810554717037,0.5252330849558501,0.00011826404132216,0.06696427058457506,0.5,0.1,0.7,32,0.1445296316270917,0.1911053989316706
10,16,0.40978731089934467,0.7900705625283737,0.7735060009675966,0.45255275562390224,0.27540277435678245,0.47660135283045646,5.1835247106649996e-05,0.031871829524254776,0.5,0.1,0.7,40,0.1824724223879392,0.2025630928288508
10,17,0.38512144206329413,0.7189590292965933,0.7028315082834817,0.44043048014987757,0.5097775684266701,0.5047376759415788,9.658243420232999e-05,0.05569179966757671,0.5,0.1,0.7,43,0.1537035248754585,0.1617475766983392
10,18,0.3889439392569103,0.7203202091214591,0.7007366966263893,0.43905344799485035,0.3064709508380622,0.5075436179807229,9.618217651716999e-05,0.06018580271710862,0.5,0.1,0.7,44,0.13844228200098,0.1463145900245344
10,19,0.38679038710364766,0.7175605826875129,0.6978836513152944,0.43965108312600054,0.30066457658991985,0.5045996012574865,9.555134751682e-05,0.05984408616856432,0.5,0.1,0.7,45,0.1370497144734191,0.1433411593218003
10,20,0.38556354808222887,0.7121393974563848,0.6918248266139384,0.4309070797651225,0.3069112762051609,0.5083394031921992,9.733762543486e-05,0.059647799949579104,0.5,0.1,0.7,49,0.1396641343803002,0.1426915378565955
10,21,0.38531873197019456,0.7130461591975582,0.6959845968081498,0.441384688171465,0.29774687002735334,0.5057822670391559,9.607270874283e-05,0.061469718034674554,0.5,0.1,0.7,51,0.1321525653211216,0.147279145388807
10,22,0.37261999447343475,0.699074115067181,0.6818209082659471,0.4361633843208441,0.2907397841796181,0.5037043547294815,7.179219623664e-05,0.04606886572643994,0.5,0.1,0.7,53,0.1301769531085509,0.1421060198920041
10,23,0.37491055572493515,0.7011276115670989,0.6838391157155915,0.435308487046902,0.2877639138963114,0.5087782419106412,7.339264133391e-05,0.045943532831570204,0.5,0.1,0.7,55,0.1356690117381578,0.1400543511968122
10,24,0.3637424553874245,0.6907137096404576,0.6766187675049142,0.44305473794348965,0.2836917961037909,0.5090117689124424,4.906759220554e-05,0.030555832328657665,0.5,0.1,0.7,56,0.1390470452763322,0.1591982713301723
10,26,0.36026578358558653,0.687292468195658,0.6793722775458246,0.4825045619926864,0.29463669068939663,0.5067743016708528,4.970669661247e-05,0.029975255930321566,0.5,0.1,0.7,58,0.1332159123578564,0.1576384507511554
10,27,0.359506704760554,0.6826562911534769,0.6710814303000868,0.45235062356998823,0.29929069291765925,0.49980317272810587,5.674667589252e-05,0.03606877838320272,0.5,0.1,0.7,59,0.1235669910351159,0.1439905474218727
10,28,0.35826827842593617,0.6813919015093852,0.669813238328854,0.45422549852958866,0.2741949702605878,0.49758327588921447,5.645479779056e-05,0.03590897584931287,0.5,0.1,0.7,60,0.1232799340861293,0.1433918915831515
10,29,0.35972915627258195,0.6816444029185987,0.6698895603289231,0.4604314519889726,0.2883419858889779,0.5028614109063129,5.630895888265e-05,0.03532356414914572,0.5,0.1,0.7,61,0.1241979299374117,0.142195530808975
10,30,0.35532968422959693,0.6789999801897214,0.6736756113824715,0.46394781937595236,0.27504364437461654,0.5020478851616478,4.945666294017e-05,0.030738055694427016,0.5,0.1,0.7,66,0.1274473132261323,0.1689268400952519
10,31,0.3597083725810108,0.6782055948664236,0.6659567190763185,0.47701681947479696,0.29992761626195563,0.5132487880575867,5.094543177506e-05,0.030910556644424977,0.5,0.1,0.7,67,0.1404589896732177,0.1555197858403599
10,32,0.35614917273270436,0.6732016509739468,0.660745813480907,0.4760586885550568,0.28989509736108904,0.5076340659274763,5.0872831489629994e-05,0.031090015697441152,0.5,0.1,0.7,68,0.1393469962821958,0.152735719053023
10,33,0.3562921898405889,0.6747221674900586,0.6655544782550106,0.48475080466409676,0.2763977496173329,0.5080655567569703,5.087930445894999e-05,0.03109013898994253,0.5,0.1,0.7,70,0.1393767850681291,0.1526860525215767
10,34,0.35490969140086076,0.6729782340402456,0.6637589618105774,0.4864430981658738,0.2782007218514481,0.5059495412712266,5.0600045180740005e-05,0.030937015049553648,0.5,0.1,0.7,71,0.1389553945630598,0.1514579910478976
10,35,0.35499912808502776,0.6712750337858508,0.6587084305383286,0.47777872597784043,0.27779272054727466,0.5064970048859152,5.0591190158870005e-05,0.03092494803080832,0.5,0.1,0.7,72,0.1389034049391911,0.150635459503401
10,36,0.3535122829268294,0.6742797475775717,0.6716288600920772,0.5089115247688076,0.2734667468893368,0.5110485503944858,4.218068494498e-05,0.025555320980652257,0.5,0.1,0.7,73,0.1404137277938892,0.160040492558535
10,37,0.34844921335333734,0.6625312602941095,0.6589387753806359,0.5165185190534617,0.30477566177937,0.5117915075325372,3.8323318913080005e-05,0.02333341149492558,0.5,0.1,0.7,75,0.1467180427019836,0.1609126572614977
10,38,0.34687926381891404,0.6620345349229985,0.6616882895016454,0.5247087547025712,0.2749965449039535,0.5093088973227727,3.8105976485530004e-05,0.02320535458523853,0.5,0.1,0.7,76,0.1460793296342021,0.159515373495671
10,39,0.3467979001659594,0.6603121132975354,0.6566406298209397,0.5155770103929499,0.27117373380104687,0.5092952814540388,3.80614028572e-05,0.023212669816829404,0.5,0.1,0.7,81,0.1456105734604205,0.1594585488785805
10,40,0.34681747040215904,0.6617820350994297,0.6614092563784234,0.5245657761499177,0.2714123232465865,0.5094163217087562,3.804499860997e-05,0.023192897438975606,0.5,0.1,0.7,82,0.1455310030774378,0.1592521849952244
10,41,0.34553178158682774,0.6601742929396837,0.6597567958564274,0.5231424249239907,0.27138715567597055,0.5080221612081851,3.712693664178e-05,0.022609149769416175,0.5,0.1,0.7,84,0.1445631697548024,0.157844391320857
10,42,0.3457985951118726,0.6518734195697119,0.6533847297255024,0.5773062163723706,0.2850093897328614,0.5190625950555322,3.648439637579e-05,0.022788599170970102,0.5,0.1,0.7,94,0.1087521775300124,0.1215352050001631
10,43,0.34337542343395616,0.6428760374145559,0.6435105535876201,0.5293576529878518,0.3368681270788164,0.5167550692991474,4.099042626521e-05,0.025635986748335098,0.5,0.1,0.7,95,0.1055807538271866,0.1169880113171621
10,44,0.3402850734082179,0.6376983788672644,0.6349496370445284,0.5706179202950835,0.27531467900384854,0.5143724615170858,3.663478107102e-05,0.023329893773810183,0.5,0.1,0.7,98,0.1104351637756314,0.1183715720471841
10,45,0.33903014665953785,0.6349319937858667,0.6382023105423876,0.5560982100137865,0.31530722993739485,0.5165861644038561,3.674201740081e-05,0.02300113912395955,0.5,0.1,0.7,99,0.1052364016588669,0.1165997577388079
10,46,0.33864661696696946,0.6360339239770669,0.6426079526509798,0.5900662729705468,0.274032244048894,0.5196558311323415,3.245267186443e-05,0.0202700832526615,0.5,0.1,0.7,109,0.1014170324214746,0.1185547779459481
10,47,0.33850705558124927,0.6373411635754945,0.6472138713138486,0.6036927461336694,0.2743745022653319,0.5192621280498552,3.2499234118950004e-05,0.02038642201375437,0.5,0.1,0.7,110,0.1010713520866544,0.1174563677064164
10,48,0.3371144503760077,0.6359009870693404,0.6457675041478204,0.6075283688735016,0.27296362999586393,0.5195567606912869,2.9191569648020004e-05,0.018218549946256102,0.5,0.1,0.7,111,0.1006515091359323,0.1176033662841941
10,49,0.33317814546627106,0.6388230426574024,0.6651333119076598,0.7264719032870799,0.2691937876864116,0.5173153497693861,2.364482829977e-05,0.014628282850853602,0.5,0.1,0.7,131,0.1302639051699382,0.1400052962729699
10,50,0.3327712450593584,0.6380178752300565,0.664276948526061,0.7295000426360339,0.2721087924424339,0.5169453800227791,2.351799093e-05,0.014562880934608469,0.5,0.1,0.7,132,0.1290267971309718,0.1396453827380603
10,51,0.33012937594239944,0.6336821277678371,0.6566103388445743,0.71588230267902,0.266555809480004,0.5134869759595247,2.19718484553e-05,0.013387515139012858,0.5,0.1,0.7,136,0.1252921586563509,0.1345630429735239
10,52,0.33171386694136196,0.633036048417441,0.6525637345027699,0.690610857132295,0.26913171568522976,0.514171156333852,2.5670824215960002e-05,0.015640548922349805,0.5,0.1,0.7,142,0.1274347686414404,0.1363859623353386
11,0,0.9687558265764163,0.9925799476676361,0.9919186189229817,0.37649600956759866,0.0,0.0,0.0,0.0,0.5,0.1,0.7,1,0.9700695928228766,1.0631955216716045
11,1,1.2570395647396346,1.4364916859165309,1.4265358999777957,0.8485074076605574,0.7262244282435076,0.42850163466022567,0.00045356477674675003,0.426155063634587,0.5,0.1,0.7,3,0.7897561319889108,0.6730443985845096
11,2,0.8130828596126584,1.1315868035074303,1.11558161300128,0.5851122100923002,0.9445405320734995,0.42983264720163356,0.00031030765147497,0.1374451748951848,0.5,0.1,0.7,4,0.6390177410036493,0.4448334152434134
11,3,0.7647805896028628,1.1073082628239619,1.0922407850740483,0.5743961702551033,0.3938882701148563,0.42611500883964964,0.00032433295404115,0.14122426148152967,0.5,0.1,0.7,6,0.597240341860345,0.4059008589671316
11,4,0.7080318369273655,1.0559179963881298,1.0366951109945504,0.5308565995227169,0.3301263274480407,0.4297064101733306,0.00018651089082810998,0.08102786761636421,0.5,0.1,0.7,7,0.5147418546605801,0.3684086377327828
11,5,0.679067797038519,1.040042171155746,1.0225096478070965,0.5260567000790417,0.38397965845183557,0.4406130905632081,0.00017228239201611,0.07430554340599861,0.5,0.1,0.7,8,0.4981642460838187,0.3449744870155415
11,6,0.6767561694491093,1.036444769975883,1.0155742430738006,0.5221213048776572,0.2728527045260158,0.4295256126546842,0.00018385333780775,0.07974693765250006,0.5,0.1,0.7,9,0.5128053648259283,0.3514180637644381
11,7,0.7055827045964507,1.0667737308176926,1.049208140182709,0.5552508192478196,0.2994768232349124,0.44959682057223516,0.00024547743102228,0.10659601773382084,0.5,0.1,0.7,10,0.5210079137845546,0.3443084662144264
11,8,0.5874117796736968,0.9733423160287078,0.9505661324013512,0.48986197443938767,0.6246446172024648,0.4517020396732521,0.0001264802730945,0.055150928779290925,0.5,0.1,0.7,11,0.3540079704868847,0.2396370736877933
11,9,0.5755935723694453,0.9648462231065179,0.944745449497738,0.4882750855326179,0.28331893260189966,0.44600146312854394,0.00012383897840314,0.05504350684676311,0.5,0.1,0.7,13,0.3416991875630035,0.2361754409482003
11,10,0.6025293118061661,0.9919132100043169,0.9717640175948152,0.5192174707161499,0.2925034447770543,0.4705135758021718,0.00017660070871195,0.07697039956970302,0.5,0.1,0.7,14,0.3464043282641572,0.2265852524736104
11,11,0.5671824562030137,0.9593140545550316,0.941978591091672,0.4908672681112684,0.2945607858225192,0.4451152068136939,0.00011455254365253999,0.05429138442766618,0.5,0.1,0.7,15,0.32692033158432,0.2509261876891123
11,12,0.5895686570929413,0.9831298765956481,0.96226294357683,0.5205411905007923,0.3163875218990823,0.46578505389426444,0.00028118361062126997,0.07928965821398398,0.5,0.1,0.7,16,0.3366347721359591,0.2986779422029739
11,13,0.46982086185104616,0.863460324843599,0.834785289760164,0.4353762855648701,0.7845920491046574,0.46383654899893056,6.227082292775e-05,0.03490391440924443,0.5,0.1,0.7,17,0.2728845024467783,0.2700056818064235
11,14,0.48912740554320283,0.881927751805411,0.8551816908587283,0.46609917351443136,0.3365907340427701,0.48596756461978047,0.00013104770959473,0.06538956494201249,0.5,0.1,0.7,19,0.2821765813026623,0.2545043612253176
11,15,0.4824703464105253,0.8741644489050645,0.8468670619115044,0.4631159680647006,0.32579096437766364,0.4840094741077576,0.00012901245259288,0.06453466742991645,0.5,0.1,0.7,20,0.2788957590724836,0.2462482991682572
11,16,0.4823373864742212,0.8723691311107582,0.8471431406145378,0.48107716881770013,0.33986690401598546,0.494529772783875,0.00014857406401137,0.07209115332747748,0.5,0.1,0.7,22,0.2658230023619116,0.2455512318805115
11,17,0.8308526931799012,1.229203345309973,1.223596951763474,0.9000492928594748,0.6485840867155311,0.478448491589809,0.00104346180297335,0.5837838279532498,0.5,0.1,0.7,45,0.2914534517687268,0.2331599376404153
11,18,0.8319559382020778,1.2300633811821926,1.2243688572233848,0.9071317235706653,0.655915928854,0.47815366233036455,0.00104362697603676,0.5866351973631203,0.5,0.1,0.7,46,0.2916629056827764,0.2255498384663391
11,19,0.8465865186885801,1.2444131062816708,1.2386180348748947,0.9277552739992496,0.6722536973692639,0.4794751972567298,0.00103414942444464,0.6078037797404464,0.5,0.1,0.7,47,0.2890390946156254,0.2202862708704722
11,20,0.850978795074568,1.2488023905075099,1.2430062535688564,0.9262899024001645,0.6697297029617484,0.4800575345266508,0.00104413714180683,0.6136738911771741,0.5,0.1,0.7,50,0.2897235828813945,0.2200031634197621
11,21,0.8679973754150906,1.264031007455487,1.2604440806884938,0.967534236511792,0.7336265792687364,0.48342049684241867,0.00113886804986482,0.6484430132714497,0.5,0.1,0.7,52,0.2860594141131536,0.2252835684364573
11,22,0.8717309156978018,1.2685127112944035,1.2679984776543214,0.9889171593498932,0.7036264542459754,0.4840200306698765,0.0011392932601044599,0.6560070613328857,0.5,0.1,0.7,59,0.2829488407948742,0.2226291215909826
11,23,0.8713520735694569,1.2680079831683255,1.2674552525293974,0.9885712409045655,0.7025862661121245,0.4840009056792921,0.00114095778331873,0.6559163877641376,0.5,0.1,0.7,61,0.2851529528013997,0.2249390405654561
11,24,0.8712388448387867,1.2693736080449272,1.2721202496701836,0.997040738824952,0.7014024143224153,0.4839879783090617,0.00114245532563335,0.6558330643846845,0.5,0.1,0.7,63,0.2877902996131232,0.2269451500868848
11,25,0.8701296213882106,1.2677842174367497,1.2703854424316066,1.008557689296946,0.704583968231415,0.48397670872777415,0.00113471775614914,0.6559022795305206,0.5,0.1,0.7,66,0.2836159158242919,0.2282663876408517
11,26,0.7091294873885193,1.1082788104983474,1.1141842329843406,0.8674055263203095,0.5402852967537514,0.4840012175422717,0.0007052680030946101,0.42595977095622,0.5,0.1,0.7,68,0.2855104416495816,0.2248713563118433
11,27,0.6637869801164606,1.064419737450348,1.0736260367306625,0.8623637177299012,0.4950009287001839,0.4838929128726539,0.00059160205898339,0.3613304970019406,0.5,0.1,0.7,73,0.2871842502551445,0.2227705100720271
11,28,0.7077883059454042,1.1078989592704858,1.1169495801881246,0.8909886936205043,0.5509240292376493,0.48392029585679086,0.0007069090826220101,0.4259029891884795,0.5,0.1,0.7,74,0.2840393649790986,0.2256685155214534
11,29,0.7691259222866168,1.1721533649192453,1.187790975167983,0.9683014932622325,0.6021025315557803,0.4833435871793135,0.00089354042332871,0.5141816293000654,0.5,0.1,0.7,78,0.2796874044060655,0.2244660705207768
11,30,0.6294755047085314,1.0309079901443312,1.043211834891972,0.8465486467789467,0.4635665158909622,0.48400750545933774,0.00058319671139915,0.314567661816022,0.5,0.1,0.7,81,0.299808985808786,0.231332742982908
11,31,0.7648095032057398,1.1701045117430218,1.1921396207628967,0.9864752864479234,0.6045235579381694,0.48114213282845764,0.0009003354098401001,0.5119647652704601,0.5,0.1,0.7,83,0.277978036836483,0.2216401694615239
11,32,0.7768338336230147,1.1820993213402085,1.2041252295584424,1.0047225412733805,0.611901536130141,0.4825288581463602,0.0008955071119407,0.528258611684369,0.5,0.1,0.7,84,0.2748422915656375,0.2167767246450897
11,33,0.7684436986538534,1.1710723599204667,1.1894693973067605,0.9903130442909925,0.6162857080521726,0.4836763949385546,0.0010259838136781401,0.5189918246235995,0.5,0.1,0.7,86,0.2713501350207319,0.2201210087947648
11,34,0.7733340478795782,1.1789778481131115,1.2039900693687802,1.0207592519541089,0.6101075887422955,0.4825309792181019,0.00089228273256435,0.5267719437587007,0.5,0.1,0.7,90,0.2792566517314807,0.2161014413288414
11,35,0.653667054323377,1.0587520279807099,1.083609037179086,0.9466553687722759,0.49275963928496413,0.4807358237945949,0.00063968695421803,0.3588268484349817,0.5,0.1,0.7,99,0.2816083669559001,0.2250295498772272
11,36,0.5825812692561813,0.9951429984871376,1.0365225563412777,1.0248661933313066,0.42057272319801986,0.4838043861388557,0.0005069957360157,0.25515500788590867,0.5,0.1,0.7,132,0.2776224314167452,0.230709056261802
11,37,0.5413626141208963,0.9539917438138349,0.9953893784602292,1.0076798496049442,0.3792466145671991,0.4825319160319892,0.00032583781890726003,0.1970123902663055,0.5,0.1,0.7,134,0.2793340165687275,0.2182678167692801
11,38,0.5411104008392247,0.9535152262999134,0.9948508379687648,1.0254979083672944,0.3808285903632037,0.48253180198148565,0.00032226509402400003,0.19732631837454742,0.5,0.1,0.7,135,0.2791141731083979,0.2159249480014606
11,39,0.5292089480347695,0.9357158650595798,0.9638566277140115,0.9787897984724563,0.3673470546242993,0.4825317562950012,0.00029383319818413,0.18003436767145203,0.5,0.1,0.7,140,0.2812878538171112,0.2149541477407828
11,40,0.5411505620006704,0.950452833504009,0.9851487328981743,0.9906199538938263,0.3837575556654809,0.4825291601069762,0.00032502307230427,0.19769676267738984,0.5,0.1,0.7,141,0.2805327515148576,0.2162383841373763
11,41,0.5331000404973798,0.9528683508134076,1.0078101763168168,1.1291072892002532,0.36847513390878683,0.4838043861388557,0.0003804289971997,0.18075945379431316,0.5,0.1,0.7,164,0.2788246106305288,0.231758494143812
12,0,0.986142471839496,0.9972785213064296,0.9970360134486993,0.3794670318510113,0.0,0.0,0.0,0.0,0.5,0.1,0.7,1,0.8996302409875321,1.0621754530397591
12,1,1.2080026102608237,1.3667303442913898,1.357711054686696,0.7748772679088592,0.6271896130974499,0.428289045602547,0.00042962002398148,0.31164101419947526,0.5,0.1,0.7,3,0.8252175095044072,0.877705589400566
12,2,0.8866672667645737,1.1737270860774922,1.1603919629465917,0.616238424548176,0.8386404166267862,0.4286680000446487,0.00028614628874712,0.15568496513373103,0.5,0.1,0.7,4,0.3991567622410151,0.4491129777407016
12,3,0.8287771592459431,1.1488766541239044,1.1396181312399052,0.6089626127805088,0.36775090134446453,0.42981198155996025,0.00030092402432458997,0.15570319862349866,0.5,0.1,0.7,8,0.3591947661785681,0.4060637754446485
12,4,0.8200419580686,1.1442890593244839,1.1380813131572276,0.61799956169228,0.3294496213867654,0.42847536253062035,0.00029419179664388,0.15204628496031153,0.5,0.1,0.7,10,0.3624163797118421,0.4109436201751956
12,5,0.9843345149668654,1.3199080849282527,1.3056230928933426,0.7970349710179323,0.6171191223910449,0.4264428367331677,0.00043967040289188996,0.4321456257011777,0.5,0.1,0.7,11,0.5447446088312353,0.5494131082002336
12,6,0.9987501270824157,1.3393100442485262,1.324464855517419,0.8196315008943025,0.5801788527489189,0.42975741674244977,0.00034267679020115,0.4664881654440878,0.5,0.1,0.7,12,0.5030771210165427,0.5099139849033358
12,7,1.1533041509680508,1.4991347563823227,1.4836632200581414,0.9841246809913855,0.7516109227896011,0.42149108220719594,0.00048150341275826,0.7107329077786442,0.5,0.1,0.7,13,0.5276867190794401,0.4850478974096945
12,8,1.0919959141870315,1.452436089686985,1.4385134678377256,0.9467511287505451,0.8012254027184478,0.42945473663523737,0.00026721302958203,0.6643757331284117,0.5,0.1,0.7,14,0.4716802483063062,0.4180715181367507
12,9,0.9425017160156932,1.3127862897024196,1.2973374796140753,0.8257122332067056,0.6641508305070405,0.41271531640535253,0.00023207826444008,0.5012994225474308,0.5,0.1,0.7,15,0.398456436008954,0.3784620674581263
12,10,0.7742740263778478,1.1455248258662185,1.1262682808638742,0.6570174415595116,0.43065197888172324,0.4229830170854446,0.00023890479948706,0.26521116829490615,0.5,0.1,0.7,16,0.3845631292809688,0.4179840481817886
12,11,0.929222438549574,1.3051013531199218,1.2921394761464053,0.8338914691342788,0.5790577237317976,0.4127153164053526,0.00023207826444008,0.5012994225474308,0.5,0.1,0.7,17,0.3859832242564718,0.3614366633594848
12,12,0.8752332830036121,1.2565857619579743,1.238826159615133,0.7801976428801544,0.6305117610860125,0.43241124031835293,0.00039779928110764997,0.44395803304708825,0.5,0.1,0.7,18,0.3721750420519382,0.3963979708840732
12,13,0.8236466136132834,1.213769880779197,1.1933403600597419,0.750817125053884,0.6983773042053585,0.47659312106107643,0.00036856618422307,0.3940317819229263,0.5,0.1,0.7,19,0.3305317801677222,0.3391322854208853
12,14,0.8151942383746837,1.2054453410920898,1.1849639070612374,0.745137033525628,0.5099906561148293,0.4620354122178378,0.00036747023152619996,0.393370190619912,0.5,0.1,0.7,20,0.3303140076333601,0.3448513733873609
12,15,0.8010411486964821,1.194224990725238,1.1764310875317814,0.7389437656638858,0.5433536425350429,0.45027472336194,0.00036772569092588,0.3935048122970667,0.5,0.1,0.7,21,0.3080933410465492,0.352940150762422
12,16,0.975528843598328,1.372429970414248,1.3608905023894902,0.9357771408999036,0.7044282226521673,0.42553343118102027,0.00035248259618783,0.6671895669867343,0.5,0.1,0.7,22,0.3296047965283578,0.2691754283679205
12,17,1.102088692537749,1.499885551169971,1.4878513229740156,1.0679574494044246,0.8470366179971789,0.49163104972971383,0.00047324805372839,0.8099693880728871,0.5,0.1,0.7,23,0.3643631778426313,0.2560779772794637
12,18,0.9522321653505537,1.353222216516072,1.343236706843216,0.9292907211564612,0.7656482972492493,0.4218780789650528,0.00035448519898131,0.6682918365887284,0.5,0.1,0.7,24,0.3014985711378928,0.271917217287876
12,19,1.0609341464780508,1.462346093135785,1.451893230657015,1.04308090794934,0.82544758529038,0.4539890363570265,0.00047116447486869,0.8087205152696811,0.5,0.1,0.7,25,0.31569062376609,0.2626561313586439
12,20,1.1478221481841524,1.5509750257978345,1.5434871176508367,1.1387882111398868,0.8958757282510823,0.43431537324182684,0.0005154718098471899,0.9526967422170012,0.5,0.1,0.7,27,0.3189246585606866,0.2599167611268394
12,21,1.0141229337334172,1.4176247266206756,1.4092736042636878,1.0145768203115824,0.7803142987121952,0.46589615787581085,0.00049576284405297,0.7534766744518263,0.5,0.1,0.7,30,0.3205343751452508,0.2433839053637576
12,22,1.0893666888001965,1.4929195806437525,1.4844055510805754,1.0933435733854338,0.8489648139383782,0.45499169764098113,0.00052493811410913,0.8714366230158662,0.5,0.1,0.7,31,0.3244709744601688,0.2194480641318864
12,23,1.1482578857557135,1.5532326673396588,1.5472183249543312,1.165740298617792,0.9609568591793103,0.4545546140650686,0.00049907129466247,0.9686881586105119,0.5,0.1,0.7,32,0.3225356342408995,0.2343598471245902
12,24,1.0775703262522003,1.4838750388715187,1.4806937150568977,1.1130634543665363,0.8561821498404045,0.4244500402176185,0.00052743117960059,0.8965362302796795,0.5,0.1,0.7,34,0.2984352046168833,0.251006725870927
12,25,1.0892920062926135,1.4953642225616979,1.4917438717845752,1.1234852616246396,0.8664141651010339,0.4123823923131941,0.0005195710953888,0.9286068359958828,0.5,0.1,0.7,37,0.283321528910282,0.2353809914493265
12,26,1.0906273760887377,1.4981977024938988,1.497881904257686,1.1363654426578205,0.8576447349095526,0.41499257171709064,0.0005196662719314899,0.9286638837110688,0.5,0.1,0.7,39,0.2845374961747482,0.2341769579880181
12,27,1.0894903238587228,1.4970604045228084,1.4967441138789246,1.1410010183963006,0.856497703704542,0.4127962057356594,0.00051958582020652,0.9286156618879219,0.5,0.1,0.7,41,0.2834992338551194,0.2351782284992279
12,28,1.0057453039081472,1.4118029004603319,1.408161634001452,1.0573226198393426,0.7736124461065511,0.41456221368853075,0.00041970995945553996,0.8080258524344962,0.5,0.1,0.7,43,0.2937429522901858,0.2302242011033161
12,29,1.0880874301935985,1.4969695667389813,1.49971620797728,1.1601423957965031,0.872945828248899,0.4149925743820434,0.00051966627203147,0.928663883770999,0.5,0.1,0.7,44,0.2839411728859753,0.2324944544350147
12,30,0.9142845453326838,1.32458391526136,1.3305324320625933,0.9896148212770782,0.6884713331316991,0.4543365725405034,0.00061125170769462,0.6538019280729941,0.5,0.1,0.7,46,0.2923037822083879,0.240715529648387
12,31,0.9130530048021606,1.3233356028143342,1.3292635180908343,0.9888679029058143,0.685297618696382,0.4523658334107905,0.0006111756798781,0.653756357888839,0.5,0.1,0.7,47,0.2909664379244117,0.2410218407937855
12,32,0.8467531005658169,1.2569483730942406,1.26277239694448,0.9286804624943359,0.6258341266904642,0.4381522603548284,0.0005364489130420299,0.5707458423330044,0.5,0.1,0.7,48,0.2850868524666707,0.2225180562139082
12,33,0.74022964847574,1.1488612252779622,1.1513061738304389,0.824996550435936,0.5179747641410756,0.4151374260367857,0.00036774742609037997,0.4361197371133219,0.5,0.1,0.7,49,0.2882711670683281,0.2283077548972356
12,34,0.7526597450476205,1.1627694089862632,1.1684377867933324,0.8377588916304506,0.5322552625607664,0.40382838539800936,0.00042200874696508996,0.46323256359751824,0.5,0.1,0.7,50,0.3104711734322756,0.2293390571297884
12,35,0.7578570617930228,1.1675952329656991,1.172902406831852,0.8525026884073303,0.5600181458637163,0.421166361111613,0.00042255970518184,0.46353151735220727,0.5,0.1,0.7,51,0.3056449883702681,0.2242220858301651
12,36,0.6838981574330532,1.0993812364711937,1.1176553187384695,0.8374300123797431,0.46512567902531016,0.40786222029222813,0.00031320969592696,0.3711232892831978,0.5,0.1,0.7,64,0.318162390507856,0.2308084691363548
12,37,0.683741901885522,1.1007004890255645,1.1222640346007233,0.8526196637405201,0.46428785818493523,0.40786222029222813,0.00031320969592696,0.3711232892831978,0.5,0.1,0.7,66,0.3359592827247412,0.2430242013571383
12,38,0.6561967241934549,1.073058614288794,1.0945530166421504,0.8596554776939401,0.4376647031000786,0.4061534337314964,0.00027863981004837003,0.3339687264185354,0.5,0.1,0.7,72,0.3146840019769313,0.2287145146564514
12,39,0.6865800078462684,1.103352243953274,1.124759887750031,0.8746430538301724,0.4712132414990876,0.4071069192288655,0.00031781118966621,0.37794939580182363,0.5,0.1,0.7,74,0.3121153377349459,0.2275828652926291
12,40,0.8135822550438381,1.2340981796335417,1.2649319155431809,1.0837799508661514,0.6022799253753598,0.3706407900090828,0.00030657388354511,0.5922137481662629,0.5,0.1,0.7,88,0.3147376968342429,0.2980987391521886
12,41,0.7420948014436672,1.1625457160658152,1.1933349547962453,1.021549503941477,0.5319210272726878,0.36933005838906835,0.00024384842903101998,0.491653323033166,0.5,0.1,0.7,89,0.3136883273004257,0.2966959262966329
12,42,0.7461143073489395,1.167899595520555,1.2018845760832058,1.0428390594475558,0.5358315486117169,0.3693354275163152,0.00025616997843827,0.4989144210073713,0.5,0.1,0.7,93,0.3140114509313573,0.2762404048547729
12,43,0.743829135657706,1.1637591402174081,1.1942124533355665,1.0445260949003727,0.541641971561495,0.36847680271677874,0.00025637510460899,0.4993789265170686,0.5,0.1,0.7,95,0.3184128352079566,0.265548050889493
12,44,0.7156591098067686,1.1370250000973603,1.1707450781993067,1.0567183360462677,0.5064135179095586,0.3724265147930042,0.00024395724350744,0.4568473961268609,0.5,0.1,0.7,102,0.313715943048082,0.2878669581326735
12,45,0.7163551258161338,1.138616289328801,1.175286528664105,1.0751938449637444,0.5346674537870044,0.37323667187227483,0.00024580755911736,0.46209544224325005,0.5,0.1,0.7,103,0.3172455455038919,0.3000169782943256
12,46,0.7119179979264808,1.1341447393560709,1.170795758389291,1.0742734838364827,0.5071791240114382,0.37156265304747826,0.00024131557876919002,0.45721161988267656,0.5,0.1,0.7,104,0.3157362541043768,0.2950761997585045
12,47,0.7119655447019371,1.1341538827149455,1.1707834279793476,1.074371460879795,0.5075926758261828,0.37078472757947967,0.00024270038973855002,0.45812535645254104,0.5,0.1,0.7,105,0.3169740786030746,0.2986947148101295
12,48,0.6460578033588309,1.0696795516491209,1.1095782982159335,1.0439459180601907,0.44085092614095495,0.3815064418367822,0.00017565461536268,0.3568092506118969,0.5,0.1,0.7,113,0.3398060665788366,0.3187535843762291
12,49,0.6350670415476859,1.063167427636741,1.112974269357117,1.0521917092898574,0.4296915171782063,0.3683577254118323,0.00017974847704168,0.350607706182873,0.5,0.1,0.7,121,0.3166190622922812,0.3077874017477838
12,50,0.6123340693565101,1.038737421997482,1.0851297166412752,1.0785745278059036,0.40899390943268754,0.37305793595007264,0.00015911238820562,0.3162431725895425,0.5,0.1,0.7,128,0.3228013885210721,0.3042914925146375
12,51,0.6113966985149263,1.0421125636352264,1.0983233007966375,1.1320196928869466,0.4084131968298588,0.37345625512086456,0.00015903077880128,0.3159269544507339,0.5,0.1,0.7,141,0.3221685834197524,0.3069475600873765
12,52,0.6513470059198234,1.0923803623396606,1.1716372771657584,1.3598179348805197,0.448884268104526,0.3827409887767771,0.00019651845368902,0.3675892207102857,0.5,0.1,0.7,176,0.3372179743981777,0.3226218244518773
13,0,0.969172391069325,0.9926935217641795,0.9920422748029514,0.3765678372324984,0.0,0.0,0.0,0.0,0.5,0.1,0.7,1,0.969427789187901,1.0643451285724657
13,1,1.0396467971691596,1.1575320255689245,1.1534005266187881,0.5575731160155027,0.324171660798347,0.39802114561369767,1.259583216369e-05,0.006963280832624357,0.5,0.1,0.7,3,0.8952493705984318,0.9241443684445928
13,2,0.676769263752275,1.0235950755369938,1.0045074324686576,0.4923998716990975,0.5823600121886966,0.4290279313510349,5.378014786675e-05,0.03318853178634155,0.5,0.1,0.7,6,0.5062951175574579,0.5286366362354773
13,3,0.6351718630807753,1.007432287364185,0.9915666938905622,0.49785439390771297,0.3151750543508547,0.4273821909882056,8.488895821317e-05,0.06130440218968518,0.5,0.1,0.7,10,0.3902782232545123,0.4209494297740977
13,4,0.6403723545929072,1.0310449181335222,1.0142837059354954,0.5437500103681403,0.4710896423626882,0.47541950022150065,0.00017434290791601,0.1259055119861759,0.5,0.1,0.7,12,0.3412465421000103,0.3284845271755883
13,5,0.4800100939861829,0.876635702836178,0.852615203062419,0.42382940381878087,0.5037701109352245,0.44449165879827424,6.184850158565e-05,0.04377977497804502,0.5,0.1,0.7,14,0.2708577124153422,0.3383540154437237
13,6,0.47613999752972397,0.8725905182655603,0.8483839189378707,0.4228249135067652,0.263810666586207,0.4398718875084836,6.157898188518e-05,0.04428382582119182,0.5,0.1,0.7,15,0.2686154735372862,0.3334913441175539
13,7,0.44990863440176876,0.8255349246631065,0.7960734140190999,0.4131773137486314,0.890183850776902,0.4703459194505931,0.00012397195407303,0.09034977758059969,0.5,0.1,0.7,16,0.1876599291646611,0.2320631655051483
13,8,0.4501499334941069,0.8260732425494551,0.7996252812614736,0.4194904152910537,0.31080171353322605,0.4672570978038634,0.00013396861559482,0.09586149956248394,0.5,0.1,0.7,18,0.1987629744000757,0.2564175879127975
13,9,0.4495726836851051,0.82540973463124,0.7989409403229235,0.4213437108149098,0.30175508457476563,0.46754561586945537,0.00013263621310557,0.09504164404756177,0.5,0.1,0.7,19,0.1968563710028516,0.2505325075942339
13,10,0.4234918532249829,0.7778763497380644,0.7438822237171178,0.3965555271375448,0.5933318973191984,0.49607467267420385,0.00011363029956086,0.0765386011948228,0.5,0.1,0.7,20,0.1649294687044487,0.1789223566152302
13,11,0.41497837812901217,0.7662330264990925,0.7316543598445014,0.3898240004842819,0.33693941027980456,0.48377331686323305,0.00011497019682032,0.07806080342133152,0.5,0.1,0.7,21,0.1641219333336156,0.1860321032629014
13,12,0.41998601634368277,0.7712159351197344,0.7396613290714587,0.4009825777970056,0.3129839440897794,0.488473334275123,0.00011993689338091,0.084190746461489,0.5,0.1,0.7,23,0.1707067314847407,0.1859323410704268
13,13,0.4155529603898935,0.7660610705557479,0.7343775426546058,0.40148601538432355,0.30824157359051996,0.4831166180764603,0.00012500381727305,0.08271842589587375,0.5,0.1,0.7,24,0.1650917454586581,0.1814175972477656
13,14,0.41809101534424725,0.7641404391717621,0.7286214058616858,0.40661859005348266,0.3172122315818423,0.4917920168227236,0.00012262158122716,0.08441483031818446,0.5,0.1,0.7,27,0.1393712945492537,0.1834133469813181
13,15,0.37687578196528204,0.7179846292550791,0.6846558369485682,0.3748642736203884,0.3469418456564155,0.4586020801283407,0.00010769959375004,0.057920771771088043,0.5,0.1,0.7,28,0.1153191125312109,0.1580055406694004
13,16,0.38706320645933573,0.7245884802190828,0.6997836884046079,0.39707083056257464,0.30778582512215846,0.5124737594591203,6.842740268948999e-05,0.044774849792262136,0.5,0.1,0.7,33,0.1187076658081715,0.1630939231501064
13,17,0.3693243159636374,0.6802666734624561,0.6545726010483399,0.3758254852947259,0.4314230886001508,0.5108582794634017,7.532353659541e-05,0.04770317646684785,0.5,0.1,0.7,35,0.1006928240554273,0.1361144902517093
13,18,0.3826766341133795,0.6760311183739779,0.6509989790546429,0.378218309425625,0.4042557262040714,0.5530363208926823,7.866514436699e-05,0.051754082242222145,0.5,0.1,0.7,37,0.0870169926097698,0.1264843599277969
13,19,0.362819420356185,0.6493907955289687,0.632784154424083,0.39410326829811915,0.31547773483041724,0.528046119895751,7.869866437883e-05,0.04901942420068718,0.5,0.1,0.7,43,0.0749065450589003,0.1033329489705749
13,20,0.3604971764819777,0.6377373021141469,0.6230423031824832,0.39874558558551393,0.32491306062321884,0.5320290316868005,7.432421944041999e-05,0.04972637923642229,0.5,0.1,0.7,47,0.0702649115537839,0.0956553328369432
13,21,0.36296754590567654,0.6396988736988805,0.6249392446013429,0.4009737451993975,0.30575043135284563,0.541337191603435,6.887111821581e-05,0.046916531643249666,0.5,0.1,0.7,49,0.0711417140058535,0.0988974070970573
13,22,0.36465218104374564,0.6398222767996995,0.627980884871217,0.40923432800946613,0.31987606077294584,0.5480630535208554,6.785361560681001e-05,0.04635403157796469,0.5,0.1,0.7,51,0.0679199265424547,0.0917813845643575
13,23,0.35902837109162955,0.6230167851105662,0.609773033987374,0.41252616253106494,0.40396044763552347,0.5450989337812783,7.678070851929e-05,0.04693928688729025,0.5,0.1,0.7,52,0.06128937667195,0.0917896348232633
13,24,0.34375566598175433,0.5919634783488935,0.5799390184560884,0.38951811673457004,0.4388492467610212,0.5263850355756694,8.5959915844e-05,0.04723921026954772,0.5,0.1,0.7,53,0.0692480724425501,0.096776332550106
13,25,0.34586037406265296,0.5732381806235899,0.558765597349331,0.3881887259678695,0.47465330125679944,0.5221409905026989,9.732331329521e-05,0.06275703189605253,0.5,0.1,0.7,54,0.0472628130104898,0.0716755538940024
13,26,0.33916100635138524,0.5683942917973619,0.560402515053724,0.3975615496922082,0.30005743480189984,0.5103441008523181,9.957853492606999e-05,0.06206648969266909,0.5,0.1,0.7,60,0.0505591237585353,0.0604700408919449
13,27,0.32780454543148363,0.5539799723130383,0.5456359063202757,0.38570089033035604,0.3125495624464115,0.5006186220928189,8.830711719214e-05,0.054069639142706266,0.5,0.1,0.7,61,0.0669450445326291,0.0778065416412313
13,28,0.3234305239993826,0.5294052711127053,0.5187693804175652,0.38225801923496006,0.36863337110983985,0.503012287991568,8.580333893474e-05,0.05398684289950211,0.5,0.1,0.7,63,0.0519000670750874,0.049921492365897
13,29,0.323682194387808,0.5310246278750561,0.5236794701259271,0.3898659253910175,0.29010936049848735,0.5036914459276319,8.575207457945e-05,0.053910233795797076,0.5,0.1,0.7,65,0.0518300245382475,0.0499271417055191
13,30,0.3259742051672728,0.52573587102789,0.5206860278373672,0.393741458328141,0.32890754066929284,0.5136052281884577,8.542528023318e-05,0.05332311760647821,0.5,0.1,0.7,67,0.044652082492644,0.0487023024500359
13,31,0.32477950826811564,0.5192811724752038,0.510510016064374,0.4002650441510113,0.3082196211073994,0.5121881378820318,8.564656804381e-05,0.053920649605466484,0.5,0.1,0.7,69,0.0547754556358211,0.0604923806487103
13,32,0.32046242986457185,0.5119873292189634,0.5028882377947256,0.40306162374491544,0.3015704989660787,0.517514726421635,7.150632842044e-05,0.044954346463608665,0.5,0.1,0.7,71,0.0571182230985029,0.0598926714457915
13,33,0.3217480678683755,0.5135096852413927,0.5075773738499997,0.4124408109416663,0.29660127994716856,0.5206610030263245,7.152207488561e-05,0.04496344520519655,0.5,0.1,0.7,73,0.0572923541240996,0.0628632980382079
13,34,0.32233163282971444,0.51462251349089,0.5118892422186716,0.4246704134104896,0.29507237106883555,0.5252929285782113,6.944271262127e-05,0.04280972345121772,0.5,0.1,0.7,76,0.0546314037989007,0.060487271011641
13,35,0.33518230268496474,0.5312184218927146,0.5414552006247549,0.5025324742763836,0.3074030523505881,0.5537575494206431,8.238372789771999e-05,0.04165595307325531,0.5,0.1,0.7,90,0.0451749294957395,0.0488744230975895
13,36,0.33054869891935024,0.496039627083517,0.49984136243886934,0.48572585700236753,0.522222829862821,0.5579794567275197,8.236745936477001e-05,0.040686865200978035,0.5,0.1,0.7,91,0.0389180595399024,0.0538267685846854
13,37,0.3095058686233918,0.4472519052581359,0.4512813660515233,0.4576288628689219,0.3981580785203452,0.528198850884791,8.25050878993e-05,0.039450884392758054,0.5,0.1,0.7,93,0.0334747905275312,0.0451666549883941
13,38,0.30904524225207186,0.44549891675109804,0.45254400359063257,0.46507999859728893,0.3016750943859133,0.528198850884791,8.25050878993e-05,0.039450884392758054,0.5,0.1,0.7,95,0.0340425251862871,0.0420720500030297
13,39,0.3122101513859411,0.4538568528988917,0.47404052345463416,0.4978650070005354,0.29574012220753176,0.5385231010459787,6.800080810017e-05,0.03678869503476973,0.5,0.1,0.7,103,0.0353410702504746,0.0375476683433932
13,40,0.31988106392369975,0.4503011318547986,0.45357058099244957,0.5338105390194825,0.3086482401196344,0.5218358103143088,8.824426224975001e-05,0.0605325920749862,0.5,0.1,0.7,108,0.0307704233835034,0.0382658065497622
13,41,0.31516271190532463,0.43786155336980565,0.44033383472547855,0.5315534966272464,0.32735483988977665,0.5147384855853578,8.963833120985e-05,0.06060808836002914,0.5,0.1,0.7,110,0.0290992602209046,0.0335431872524697
13,42,0.310191287521017,0.4319792678308956,0.43435778117046603,0.5284927241278289,0.29821431727285774,0.5348988723741456,5.553540487978e-05,0.03931232677307257,0.5,0.1,0.7,112,0.0342467152636048,0.0393412981616899
13,43,0.31132818471893514,0.43150815878611004,0.43687272549484246,0.5453210290333657,0.3076265132141708,0.5362047342240762,5.772260607474e-05,0.040684516308975134,0.5,0.1,0.7,114,0.034131970676224,0.0386240529438344
13,44,0.31120275212736304,0.43142380234593247,0.439944173964022,0.47962467295417177,0.3001350022742715,0.5350806775646844,5.9386918466809996e-05,0.04162435032463928,0.5,0.1,0.7,117,0.0346922447847353,0.0408405444895654
13,45,0.31137458553601427,0.4277707625654637,0.43589917871815925,0.5587726010832864,0.32451192628601644,0.5332820500069261,6.057982950661e-05,0.043972538657337384,0.5,0.1,0.7,118,0.0357755455765156,0.0412246028409146
13,46,0.3065991226201974,0.4218382949498267,0.4298483272539887,0.5710402679829432,0.2955511190923629,0.5320889515950001,5.323977826903e-05,0.03824830054613958,0.5,0.1,0.7,121,0.0358042649148678,0.0417923756088493
13,47,0.3052889379294812,0.4196199069556594,0.42753706836881156,0.49382395911496385,0.2932528155284739,0.5260195169218449,5.494955333166e-05,0.040902773326367464,0.5,0.1,0.7,125,0.0373782282544666,0.0434803043615618
13,48,0.30102325667717295,0.4147185687511716,0.4257231529061373,0.5947184579391163,0.29522968400894856,0.5248271635985811,4.891723652586e-05,0.036107132265116436,0.5,0.1,0.7,127,0.0369876485537365,0.043707973957462
13,49,0.30238579747573,0.416694186467559,0.4309138463952872,0.519259445004892,0.29543059655202586,0.5295901238680412,4.776960983317e-05,0.03483517496581635,0.5,0.1,0.7,128,0.0359429526909735,0.0418202864693271
13,50,0.30221768053356146,0.4091709560902867,0.42264181597730444,0.6115889583394754,0.34182617099388835,0.5396370698281323,4.813962835413e-05,0.028913025247383317,0.5,0.1,0.7,129,0.0324620513785735,0.0404068049304164
13,51,0.29058131616291527,0.39710765876068516,0.4105351636254778,0.603332052371293,0.2799823884679669,0.5163781821576161,4.786689680809e-05,0.028988172374981427,0.5,0.1,0.7,131,0.0311896797430779,0.0334692152656308
13,52,0.30136342263118476,0.4060799938912393,0.4224772662525007,0.6254183148126451,0.30132974419437225,0.5430280271401104,4.3240514746100005e-05,0.026010140617319526,0.5,0.1,0.7,133,0.0343473971852474,0.0413612038560841
13,53,0.2910378629795131,0.39597283991710025,0.4155458595633081,0.6393686759650337,0.2818152588831952,0.5222044453158405,4.178100474107e-05,0.02638359880146032,0.5,0.1,0.7,137,0.0409344883145003,0.0456529166986818
13,54,0.2955984597636254,0.39944189665953644,0.4189043919976223,0.5506154919553597,0.2881042774638274,0.5333249607885013,4.194825219998e-05,0.025167615924701955,0.5,0.1,0.7,139,0.0382739957758807,0.0427426730923348
13,55,0.2972324375796998,0.4034446450672748,0.43260830263930045,0.6736994304718708,0.28785842294480685,0.5331539324530439,4.749365997655e-05,0.028033564864169226,0.5,0.1,0.7,148,0.0346121613896192,0.0397241248513397
13,56,0.30020089674897354,0.3983151318363803,0.42666192620510224,0.6788136075461553,0.31847302166220465,0.5435412018111574,4.445048340172e-05,0.026379325630716672,0.5,0.1,0.7,150,0.0334627170807841,0.0376806539280907
13,57,0.2992992432375072,0.39785719468860614,0.42940329797110066,0.6878496993696728,0.293143733309141,0.5425697019655806,4.317849904783e-05,0.025979639317834896,0.5,0.1,0.7,152,0.0341200387609708,0.0383443945463802
13,58,0.2995116173391741,0.3969082786798907,0.4283373462336762,0.7016867766141913,0.2925819722309991,0.5420062004839368,4.244463672666e-05,0.026902508677683293,0.5,0.1,0.7,155,0.0372195172030731,0.0343276477917553
14,0,0.9889246309552481,0.9980228135734265,0.9978465920255832,0.3799376657193966,0.0,0.0,0.0,0.0,0.5,0.1,0.7,1,0.8885407810310084,1.0626028581794889
14,1,1.0937995209623328,1.1885428540814114,1.185333397174695,0.5869120446678199,0.32938674949397306,0.4382670846711308,1.11109036484e-05,0.007739157130780357,0.5,0.1,0.7,3,0.9008205704030292,0.9789629261693428
14,2,0.8872247927467559,1.1858548588131488,1.1716028562220537,0.6321477185715646,1.1090548445278652,0.4289508407579918,0.00031825244118222,0.18749956458828843,0.5,0.1,0.7,4,0.5346954717723651,0.4451609936432334
14,3,0.8772903716366011,1.1797288761179008,1.1651598829004641,0.6273293609644374,0.3650986217173814,0.42792858745990076,0.00031142076661982,0.18455999578937418,0.5,0.1,0.7,5,0.5335354701967521,0.4425392153066464
14,4,0.8240561015453233,1.153426467271498,1.13980157030571,0.6145573486590532,0.5051520604258604,0.42855980115542414,0.00030945455767953,0.1822414753215556,0.5,0.1,0.7,6,0.4814856630333173,0.4052710317094117
14,5,0.7447961103354012,1.0864613411296353,1.0680058200629832,0.5582345089740878,0.3989033239895297,0.4232651077332842,0.0001793299925882,0.11696383255948564,0.5,0.1,0.7,7,0.4552801630691618,0.368371819174807
14,6,0.7275266990111181,1.0760520136555294,1.0567468553308133,0.5533006233769263,0.3513789062791282,0.4245328435266017,0.00017740991500484,0.11480628866791333,0.5,0.1,0.7,8,0.4345473920461539,0.3562268533460841
14,7,0.7212855086620645,1.0725828398544703,1.0529125554739578,0.5533082581754202,0.3185140723460388,0.4279614071096566,0.00017619518172708,0.11325358762660896,0.5,0.1,0.7,9,0.4251324510872464,0.3514065526281677
14,8,0.7181641707111645,1.0706864090434318,1.050850275062582,0.5540667061183552,0.3047050584408463,0.4295692881612995,0.00017531769181666,0.11205429165560661,0.5,0.1,0.7,10,0.420419222871684,0.3493359482258791
14,9,0.6335605531162617,1.0004811413543493,0.9820707406331406,0.4961347354167502,0.275577930649488,0.42541747810183617,5.797048983652001e-05,0.0427306108520104,0.5,0.1,0.7,14,0.4481363935265813,0.4888363279414955
14,10,0.6195474303538197,0.9918789095379906,0.9759998867417866,0.502994120883423,0.26702645423419624,0.424801474971788,5.2645350324220006e-05,0.04114850837102947,0.5,0.1,0.7,16,0.4486897076847981,0.4592007886262091
14,11,0.5331299097922115,0.9255618562436009,0.9040914376626726,0.4619249859916936,0.4308748063921582,0.4370127397590899,3.470205894223e-05,0.027309012954674916,0.5,0.1,0.7,18,0.3466502892337861,0.3625908876159033
14,12,0.5164756214748701,0.9108984959946679,0.8881880714871463,0.45455888438437764,0.3225875928662525,0.43427888957285976,3.723136753885e-05,0.028188394356733,0.5,0.1,0.7,19,0.3397170923342318,0.3484646780471233
14,13,0.49314260287429784,0.890398265344428,0.8695123794285187,0.4470077486655328,0.26561364942235877,0.42168074821268714,4.023142232925e-05,0.02949574731492163,0.5,0.1,0.7,22,0.3120318729073865,0.3531258914802333
14,14,0.4231508599623876,0.8234372531710911,0.8108242283513012,0.4165040658441031,0.3280918927223145,0.38601173971514496,4.10654685804e-05,0.030072949994452213,0.5,0.1,0.7,25,0.2523607069454972,0.2988623269457926
14,15,0.41232838117012804,0.8030129619809818,0.7835764101896863,0.4164598500765039,0.47831645542641144,0.4351947605976279,3.409594234787e-05,0.024294184060777595,0.5,0.1,0.7,26,0.1993974958509879,0.2198156601312924
14,16,0.4153384399076713,0.8061584996683195,0.7924011634537126,0.43643410560718165,0.26140047376886,0.44653421592701137,4.398188287346e-05,0.0313381557622009,0.5,0.1,0.7,30,0.1943455156263337,0.2227676450688969
14,17,0.4174359223496786,0.8028197717958644,0.7875367849971512,0.46209300363950073,0.27646463134842425,0.4853955556160786,3.7738561072049996e-05,0.0232644322952886,0.5,0.1,0.7,36,0.1735242276521165,0.2046935609099946
14,18,0.40120682806636765,0.762587646852065,0.7387085161572142,0.44148307025821987,0.6619274589897519,0.48569015106659347,8.332712590686001e-05,0.05251314828299353,0.5,0.1,0.7,37,0.1635631310547231,0.1458183578784475
14,19,0.3787957956828361,0.7402066361298099,0.7226505592627399,0.4258143130571174,0.2605273342637155,0.4760311914629739,4.301891121811e-05,0.02777727028502444,0.5,0.1,0.7,38,0.1213890168501556,0.1721346192458628
14,20,0.3839384042433835,0.7209443017041306,0.6991763860482806,0.4276102042475134,0.5765185534291493,0.5042167485528637,6.836987678645e-05,0.04763064696460757,0.5,0.1,0.7,39,0.1791427291144401,0.1665161505983027
14,21,0.3837673953208262,0.720494273836813,0.6986817870780317,0.4301832391234955,0.28858814931251264,0.5043280775434394,6.834977223197e-05,0.04762273419449338,0.5,0.1,0.7,40,0.1784898400913697,0.1662607860063991
14,22,0.38161151014718414,0.7158554178087726,0.6905265682977177,0.4288505906242182,0.3041182361425992,0.49282412551959687,7.802159115232e-05,0.054732701120559196,0.5,0.1,0.7,41,0.1193771546555609,0.1302149706559224
14,23,0.3488575292608643,0.6369935843387683,0.6081604740128552,0.3864312216581402,0.5137417369826828,0.4992629788261855,7.268230714979e-05,0.044479602987272514,0.5,0.1,0.7,43,0.1046987551139281,0.1001931728521297
14,24,0.3491056173694999,0.6256366544984522,0.5983956906664418,0.38865859126879665,0.346341509850702,0.5067518677433382,7.471575694938e-05,0.04822604712766328,0.5,0.1,0.7,45,0.1091940916016773,0.0948784325917382
14,25,0.3459023309923571,0.6222346354943625,0.5949652421909533,0.38602672398893684,0.28646999888590374,0.5040414254134813,7.206008503394e-05,0.045757990385401966,0.5,0.1,0.7,46,0.09594623614922,0.089236474488756
14,26,0.3355073645356713,0.5785866374090302,0.547191840143906,0.36515877235503164,0.571504230721095,0.5115772050575506,6.302407596768e-05,0.04414421813898713,0.5,0.1,0.7,47,0.0728392438516679,0.0764229210962469
14,27,0.3253944096964388,0.5433837573861434,0.5121664952140293,0.3471316902490879,0.39320121045308276,0.5072963083021387,6.414805885777e-05,0.04490535048156415,0.5,0.1,0.7,49,0.064985012955259,0.071585389997048
14,28,0.29619166283987,0.46107170177205475,0.42392939391396256,0.2975815426286921,0.4739796191314988,0.4731502239428327,5.830838431254e-05,0.0466741879371103,0.5,0.1,0.7,51,0.0527799396889419,0.0527693233973353
14,29,0.2962294161984369,0.46257001322320085,0.42872903183836364,0.3119285106275119,0.2693943080513005,0.4733346599540061,5.825240421386e-05,0.046608169172847665,0.5,0.1,0.7,54,0.0528185107958651,0.0524818445845569
14,30,0.29153860043465757,0.43408548096686944,0.4008413414369192,0.3016445566204976,0.3321161511338274,0.47651255567110357,5.646220145122e-05,0.04491893850490012,0.5,0.1,0.7,57,0.0455060081963356,0.0542702028398332
14,31,0.29678783174720597,0.43481094782126317,0.40108848527561974,0.3077084140588497,0.30889363344858206,0.4763567167372411,6.770379469237e-05,0.053731589207586646,0.5,0.1,0.7,58,0.0478375202033747,0.0386046230487674
14,32,0.2930619130893692,0.38216673483897484,0.34021813025209735,0.27985984733846286,0.4507449382476276,0.48220501343749117,6.902208424045e-05,0.055357769158990294,0.5,0.1,0.7,60,0.035033472653828,0.0287071590429013
14,33,0.2916076998067261,0.37164256019458175,0.3319278123646622,0.28095326563236284,0.31606019384442047,0.48220501343749117,6.902208424045e-05,0.055357769158990294,0.5,0.1,0.7,62,0.0339003420801647,0.0283174192018488
14,34,0.29441919039106323,0.3737420251845498,0.33395505813292314,0.2921240703012917,0.2852736633473729,0.48859393831141934,6.772884053531e-05,0.054951237642843924,0.5,0.1,0.7,64,0.0322790802076395,0.0271943909449325
14,35,0.28329896967778273,0.3509160871859692,0.31941067614741697,0.3170654265531128,0.2863439566683644,0.47956365623392444,6.233149740594e-05,0.04857353086074758,0.5,0.1,0.7,73,0.0339799445360634,0.0262514875908143
14,36,0.2910013754575579,0.3615939154589615,0.3398521722285923,0.29055680804892897,0.28432407426986533,0.48706087767952294,6.767322896104999e-05,0.054496262544586775,0.5,0.1,0.7,77,0.028654890442451,0.0253281132813836
14,37,0.2888645317439875,0.3414790319825666,0.3147846153544804,0.34992227729205533,0.31001500436733725,0.4885220873084907,6.586876857380001e-05,0.05325969404322115,0.5,0.1,0.7,81,0.0348886407131998,0.0265093833412172
14,38,0.288326785177897,0.33018825612810504,0.3024261477146217,0.3489760792164843,0.3191377925751586,0.4867509404702725,6.826362733705e-05,0.05550770315683429,0.5,0.1,0.7,83,0.0290402786939171,0.021925710952889
14,39,0.28806374966622644,0.31954999210530705,0.2939204351949507,0.3546957029041226,0.3237986305068936,0.48879785387133884,6.859131140344e-05,0.055506417159592036,0.5,0.1,0.7,85,0.0280495917889671,0.0209265652541772
14,40,0.287639427997901,0.3191102770978635,0.2934792077419501,0.3539262803811432,0.2829418422893369,0.4883775892364078,6.826865949275e-05,0.05520279588300732,0.5,0.1,0.7,86,0.0279122723199559,0.020921469889808
14,41,0.28932397568050644,0.32042503024585695,0.2979154062840758,0.3643553688014452,0.29743825445042643,0.48984640541033053,7.023920324676e-05,0.05683994716824181,0.5,0.1,0.7,87,0.0278895311965846,0.0208166798249256
14,42,0.28891359055351373,0.31152841213014065,0.2850264707472276,0.36334470689353626,0.33250335742008097,0.4923900065965006,6.815510913402999e-05,0.05546378848294839,0.5,0.1,0.7,88,0.0287235498789046,0.0201596899833635
14,43,0.28346486856169606,0.30603744701932756,0.2858482636319827,0.3919016374692801,0.2828283097889844,0.49501633972898085,5.6825643096379994e-05,0.04624228931989631,0.5,0.1,0.7,95,0.0297631610778266,0.0199261931410665
14,44,0.289974118306281,0.31007758759931403,0.2896464739974588,0.3904179814651316,0.3033616165137684,0.49512301372157536,6.875280261157e-05,0.05581365219986136,0.5,0.1,0.7,96,0.0272177166610013,0.0189031002241145
14,45,0.2899584809746921,0.30933988254667005,0.288838066249717,0.38997209356453477,0.2915810878314901,0.4952500907278947,6.877430299044e-05,0.05580227337743832,0.5,0.1,0.7,97,0.0271556246093528,0.0188662762505204
14,46,0.29115979923876656,0.3104067520086047,0.29305055487246096,0.4000351694567869,0.29357986124569324,0.4962276527734248,7.031065099097e-05,0.05704883942610165,0.5,0.1,0.7,99,0.0269128877712643,0.0187287942224556
14,47,0.2832680733023931,0.29831381725162714,0.2837060061809632,0.44212800121034784,0.28456371665753283,0.5054452044309049,4.887695310385e-05,0.03997980629805524,0.5,0.1,0.7,109,0.0294031052301163,0.0237810764599534
14,48,0.28322965683611806,0.30276461606193733,0.29807249954005294,0.3785809831875584,0.28069215278602033,0.5053409816689022,4.888197519058e-05,0.040000377871206055,0.5,0.1,0.7,112,0.0293073869138329,0.0236488962216785
14,49,0.2714210606044507,0.2872246013945499,0.2790091687738382,0.48328290152036457,0.2702370522431802,0.492837303865651,4.012167034268e-05,0.03236577097276807,0.5,0.1,0.7,125,0.0333808993270087,0.0208907303457808
14,50,0.26934692887674455,0.2889435406956034,0.2968947043338324,0.5954020788596539,0.2687363634317133,0.48876411525282093,4.346885122736e-05,0.032806455144249985,0.5,0.1,0.7,143,0.03064094894354,0.0186963406252455
14,51,0.2670569405853681,0.283677194357178,0.29133861790252097,0.670304502443024,0.26624510141435476,0.4850136937485672,4.098310314993e-05,0.0326062509084215,0.5,0.1,0.7,165,0.0364435515324695,0.0255339484060191
14,52,0.2621530892463821,0.272672898521007,0.2797414352638783,0.6587829301169364,0.3019901335974578,0.49053805666697636,2.833599301681e-05,0.02244445013636251,0.5,0.1,0.7,166,0.0330117293107999,0.0223665635924658
14,53,0.2619375994385306,0.2736722669709173,0.2840187064814846,0.6731152732298769,0.2617480722245421,0.4900691650106195,2.8330364225589997e-05,0.022507776682311336,0.5,0.1,0.7,168,0.0332904818967057,0.0229804922695817
14,54,0.26254658607676307,0.26929058710762793,0.27915304636032123,0.6876675861736166,0.2702002932332471,0.4872457314995239,3.168168117859e-05,0.02602168726367922,0.5,0.1,0.7,172,0.0355437626621516,0.0256130051727125
14,55,0.2603677555990313,0.267037549723781,0.28005310148642976,0.7036881160436668,0.26506878944900947,0.4868557919767339,2.8442371976739998e-05,0.023383255764883475,0.5,0.1,0.7,174,0.0352178384287338,0.0249450016334097
14,56,0.2617824735349713,0.2674903659825659,0.2804127804589013,0.7565789010573001,0.2617918145232447,0.48949650187341215,2.8968480345349997e-05,0.02363661922881611,0.5,0.1,0.7,187,0.0361994365227904,0.0246467030120307
14,57,0.26332906779934223,0.266275594646153,0.27577034671589284,0.7444602708025083,0.2713981552887104,0.48969229910604134,3.270535660595e-05,0.02586054664678929,0.5,0.1,0.7,188,0.0342358611666644,0.0252065602639911
14,58,0.2628708371976245,0.2685906209701041,0.28467458732571843,0.7999989548334793,0.2626997376737653,0.48933471320231026,3.201899930688e-05,0.025488859485203436,0.5,0.1,0.7,196,0.0343741604801308,0.0248045687334209
14,59,0.2614079485271034,0.26471544865787716,0.2805660997952977,0.8052250699773028,0.2773837588049248,0.4895595551278223,2.9973547047839996e-05,0.023532184116778206,0.5,0.1,0.7,197,0.0351483216478849,0.0256003089834621
14,60,0.2616997481235274,0.2645908385999141,0.28040123578729925,0.8015975412735538,0.2643646662665543,0.48976289746171064,3.0033753255630002e-05,0.023854121518897025,0.5,0.1,0.7,198,0.0351393943359753,0.0262491294823538
14,61,0.26263563934281847,0.26546000408113785,0.2812639497376942,0.8089705518278392,0.26297044956103405,0.4889576795586778,3.276179260067e-05,0.02577392634316259,0.5,0.1,0.7,199,0.0345440070809199,0.0259193093966261
14,62,0.2601063508585746,0.2601063508585746,0.27247673001076456,0.8138434236222591,0.2689641881390944,0.48985466697963065,2.7671975054240002e-05,0.02168035738750551,0.5,0.1,0.7,200,0.0352552596856768,0.0253979329992136
15,0,0.9903316341685897,0.9983985274795911,0.9982558399346052,0.3801752415775947,0.0,0.0,0.0,0.0,0.5,0.1,0.7,1,0.8829391916661531,1.0627532136653417
15,1,1.0514320170965314,1.155525528600952,1.1519496827108964,0.5532747331106614,0.3143007931935351,0.3820328284253232,1.218639761945e-05,0.00661136683947137,0.5,0.1,0.7,3,0.8132968462150766,0.9235323653580444
15,2,0.9687567220832346,1.1947717590007805,1.185447321423158,0.6207386302700012,0.6967513522909825,0.4270218354751756,0.00023697882377853,0.12264847854195565,0.5,0.1,0.7,4,0.5454824767994169,0.7955571256207533
15,3,0.8414164870809347,1.1351601963361801,1.121303536885886,0.5851061103605363,0.44726770281569966,0.42899949996654696,0.00021112413971255,0.10872257923383424,0.5,0.1,0.7,6,0.4688382329101995,0.5463863982733312
15,4,0.7674195226913261,1.0928383430471504,1.0761566549693908,0.5562825571870436,0.47527665234500205,0.4295226889761538,0.00018933285946749,0.09317147790907651,0.5,0.1,0.7,7,0.4194299493924817,0.5181947855206225
15,5,0.7492982537340159,1.0971343549146317,1.0814135430177514,0.5727382490368801,0.4711673050121498,0.48657063167621184,0.00018690076008232,0.09399876156251247,0.5,0.1,0.7,8,0.508656091208372,0.3851008096460568
15,6,0.6995579063855755,1.0551468423869999,1.038413118294974,0.535909916716814,0.3488611895934471,0.4298562813690035,0.00017406845666212,0.09076361809769792,0.5,0.1,0.7,9,0.3602799667164159,0.4652921306062656
15,7,0.6995917327884211,1.0551732190714749,1.0384375971095003,0.5359424440825188,0.2785794752662248,0.42955453596800486,0.00017630507057813,0.09104696220945506,0.5,0.1,0.7,10,0.3597946596713795,0.4640958605997772
15,8,0.7217634551493828,1.0820525372949514,1.0681734827527176,0.5684610280035893,0.34024643607856797,0.44914763357389703,0.00023352229260421,0.12049682787091787,0.5,0.1,0.7,11,0.3583819834492215,0.4551629476599953
15,9,0.6387964814636031,1.022118872036242,1.0038417720035622,0.5312082258002283,0.601808960030969,0.5052515240096622,0.00013247782514616,0.0653088801697057,0.5,0.1,0.7,12,0.3075875070313754,0.4492547008419504
15,10,0.6398177608454524,1.0236511708978686,1.0053002995654168,0.5435606852702289,0.306884977816302,0.5028099552122698,0.00012383259438373,0.07042568377445876,0.5,0.1,0.7,13,0.331874534302884,0.5005356357965852
15,11,0.5660858327520385,0.9622403430922867,0.9427300195852384,0.494352675088275,0.5960203457696388,0.48430842889564474,0.00012422719497752,0.06533422447732429,0.5,0.1,0.7,14,0.2301363068973897,0.3674185881303446
15,12,0.5617958173082864,0.9598388571025901,0.9431985415674629,0.5069325508098581,0.30367514439172716,0.48606048658475837,0.00012451519058254,0.06549046790974346,0.5,0.1,0.7,16,0.2298263423379328,0.3626609056537777
15,13,0.5559297080433621,0.95403789257807,0.9373264321176349,0.5039240787662282,0.28877338565038563,0.47718958969148756,0.00012309401317547002,0.06467998733863375,0.5,0.1,0.7,17,0.2262812370488351,0.3561811448363668
15,14,0.5384097877672244,0.9359430968740134,0.9136847873809056,0.5015742650512737,0.36989487522132586,0.46808732661701163,0.00011625923904835999,0.0833991114464607,0.5,0.1,0.7,19,0.2878128238059795,0.3570613471639162
15,15,0.5317851231316991,0.9252867675866795,0.8989980873021179,0.5218828884953524,0.6056010012712245,0.4966015618589059,0.00015089627566280001,0.11240151220357164,0.5,0.1,0.7,20,0.2374198702067481,0.3224075867771225
15,16,0.5129842131926852,0.9063406108010377,0.8825244755956685,0.5171036544933447,0.330322764680172,0.5253303156890785,0.00013636413581437002,0.07602609267150505,0.5,0.1,0.7,24,0.1978083926687909,0.3196178357747692
15,17,0.4488127313245011,0.8352289316060236,0.8116082286659808,0.45995187170545715,0.49320919611922553,0.4300475821824009,0.00012814874148263,0.0902048252827592,0.5,0.1,0.7,25,0.2219858876200495,0.2641813484152544
15,18,0.4455605555658638,0.8167643525392454,0.7892177146818011,0.4541986781938221,0.5749439758854407,0.4582501918803953,0.00015591596953159,0.1066029606741087,0.5,0.1,0.7,26,0.2227622764655698,0.2630693266943482
15,19,0.41979610046394134,0.7886361971725485,0.7634046916218573,0.4413564891829872,0.3609944967706684,0.4470052135479889,0.00012692633471042,0.0881881217994949,0.5,0.1,0.7,27,0.220514058399491,0.2450591791105689
15,20,0.39282937364227205,0.7395465031241087,0.7102293520454585,0.40358033319738346,0.5571247606091556,0.4430729746270852,0.0001234371442759,0.08635389832123927,0.5,0.1,0.7,28,0.175147901686864,0.1921404260792799
15,21,0.39238682212881104,0.7401360546868744,0.7140433401373564,0.4186468906924445,0.2847926057572848,0.4430729746270852,0.0001234371442759,0.08635389832123927,0.5,0.1,0.7,30,0.1738138615653428,0.1911424850741129
15,22,0.42670668419217583,0.7619245187612874,0.7306746142414461,0.463535288941741,0.35809644499544346,0.5338448270097054,0.00010636939226904002,0.08446615727082506,0.5,0.1,0.7,34,0.111536857222821,0.1667289655823221
15,23,0.4153359293255147,0.7502851365882194,0.7220554547549826,0.4614230985273944,0.3210487880218582,0.5328982674116145,8.843630075909e-05,0.07094793448924519,0.5,0.1,0.7,38,0.112567792870161,0.1726871066219888
15,24,0.41420696925348954,0.7504158373191319,0.7254548748165381,0.4709698804655931,0.31596458252574794,0.5329521073669411,8.699577726564e-05,0.06954418868403399,0.5,0.1,0.7,41,0.1077885915721665,0.1667414813495553
15,25,0.4122212952245483,0.7472120401467325,0.7220562124792804,0.4973377498107775,0.3276199625147752,0.5307243614391736,8.7595125586e-05,0.06968193172922073,0.5,0.1,0.7,42,0.1110217645955921,0.1673941871703106
15,26,0.4137865326126662,0.7475344859515458,0.7252500151591585,0.4942277573296031,0.34785123875611995,0.5382464029401789,8.675110686422e-05,0.06958658952758986,0.5,0.1,0.7,43,0.1060138173068261,0.1637035204000285
15,27,0.3807827851750034,0.7146096750021927,0.6923212303014888,0.4787290343020446,0.2855481107422128,0.46819569023671437,9.871948238952e-05,0.07264933646018651,0.5,0.1,0.7,46,0.0966377962175843,0.1366620868231392
15,28,0.4080303882128161,0.7333738262746763,0.7097940468953567,0.5034812437547456,0.4059896931013649,0.5383122999923731,8.751111422901e-05,0.0700708878391835,0.5,0.1,0.7,47,0.0999581665533455,0.1554302141346478
15,29,0.360545239629398,0.6586942237423916,0.6374145865336801,0.4435868990011763,0.3484982443276349,0.486720883833667,8.722727752706e-05,0.06504796501850858,0.5,0.1,0.7,52,0.0948765695300871,0.1276802476726088
15,30,0.3588490472599728,0.65190241704609,0.6299364690220343,0.44013787800938264,0.3372509240149913,0.48791596722610775,8.796656063963e-05,0.06549161003085044,0.5,0.1,0.7,53,0.0862866461255053,0.1187301452321213
15,31,0.3384811643789107,0.6207712423370264,0.5973866362437605,0.42037173980421055,0.3726586544385645,0.4613026671865694,8.712714154805e-05,0.06276640098953816,0.5,0.1,0.7,54,0.0766117162939702,0.1030160234680463
15,32,0.33725872623970876,0.6136918350177665,0.5926649713589729,0.4191060238778758,0.3094080980306862,0.45757873549073114,9.277707676786e-05,0.06836113655093078,0.5,0.1,0.7,56,0.0757150042762639,0.0972921515552142
15,33,0.35328873315425857,0.6220126157249176,0.6000086794629185,0.44335210909810385,0.3297781772364365,0.487154980107476,9.773138599773999e-05,0.07478186570866091,0.5,0.1,0.7,58,0.077117502396837,0.1043122514478986
15,34,0.3297126431511826,0.5982479653270258,0.5793388943373372,0.4485814203262344,0.27509212278422424,0.4444501848177479,0.00011288758858698,0.0725680026397241,0.5,0.1,0.7,65,0.0691653499480666,0.0945614448996586
15,35,0.33185700642120086,0.5973881247063079,0.5812237413296287,0.4575022228923411,0.2963502305272674,0.4515568246266467,0.00011589510998711,0.07311014298940913,0.5,0.1,0.7,67,0.0712281839346955,0.0923550558775952
15,36,0.3265998194012099,0.592534898680684,0.5795404361402207,0.4581818764276313,0.28150202448269473,0.46230440016248675,8.254332574358e-05,0.05853631820320319,0.5,0.1,0.7,68,0.0659047904975756,0.0856216696994375
15,37,0.32668897983830947,0.5896618568098229,0.5763020837456994,0.4629911632289234,0.29861275501398205,0.4616492253208625,8.38330712476e-05,0.06075506695915876,0.5,0.1,0.7,69,0.0638716598168239,0.0847302536153463
15,38,0.3268977516513007,0.5913208195623237,0.5812605205688262,0.4723919475951222,0.2737955458177131,0.46157388468690314,8.404759210791e-05,0.06113350354919146,0.5,0.1,0.7,71,0.0636784588386326,0.0847442044388242
15,39,0.3356222394819196,0.601251588469826,0.5944607796557555,0.48992173948911133,0.28491522580684203,0.47211999213995587,9.18657425533e-05,0.06622177104882838,0.5,0.1,0.7,72,0.0685372806388099,0.0809887235933992
15,40,0.33735530599951913,0.5917325453052663,0.580447687488787,0.48411293443051645,0.3700822611153885,0.47656994875013237,0.00010156596910629,0.07063489927023571,0.5,0.1,0.7,73,0.0690189520195915,0.0880089557449143
15,41,0.3363468068549862,0.5913437978341921,0.5832591752263606,0.4917370626348484,0.29059486499745885,0.47207225627821703,0.00010521651639755998,0.07283726077702517,0.5,0.1,0.7,75,0.0711201932236379,0.0899741820324177
15,42,0.33630655737029136,0.5910555611040673,0.5829410532617558,0.49476354750176,0.2891467270568738,0.4723943762281526,0.00010483472637499999,0.07267443309586756,0.5,0.1,0.7,76,0.0718683739739997,0.0909561925707957
15,43,0.3309179886744321,0.5796693185402506,0.573963199955403,0.5143005962371888,0.2966593830689228,0.46280959365932484,0.00010782910850009,0.07549115527976462,0.5,0.1,0.7,81,0.0653636651745036,0.0842652354802129
15,44,0.33469184805570534,0.582229306016462,0.57950686779514,0.529507383543511,0.30004662126823195,0.47118423010405636,0.00010795025821935,0.07618300996579797,0.5,0.1,0.7,83,0.0647823925709964,0.0840429017193194
15,45,0.33157622452135443,0.570020338863388,0.5662290736733995,0.5248440167551982,0.3625850385747769,0.4717623923601548,0.00010703306347816001,0.07545987803267931,0.5,0.1,0.7,84,0.0612347811233067,0.0787717187102303
16,0,0.9343351187278541,0.9830297063501253,0.9815171597019771,0.3704571577483596,0.0,0.0,0.0,0.0,0.5,0.1,0.7,1,1.1082280589162576,1.0620655799069914
16,1,1.4507494340714042,1.6144424253856935,1.6052639334911818,1.023255751719601,0.839868370578665,0.4266629110971931,0.00045112661903861,0.6692252829018692,0.5,0.1,0.7,3,0.6911828759522332,0.6730443985845096
16,2,1.3032567521024596,1.502306583233986,1.4912871651470871,0.9208297482917348,0.7126141708534063,0.40251915782868325,0.00036941954272621,0.5557949586248588,0.5,0.1,0.7,4,0.6774407382143217,0.6354617119750107
16,3,0.8807895378735211,1.2207939101373586,1.2000453043148018,0.6818748820606408,1.1107580255310443,0.4276201120507333,0.00017386564272247,0.2916722476423603,0.5,0.1,0.7,5,0.3967779159180651,0.4817891061661191
16,4,0.8010565354116577,1.1688426117894362,1.1466354730193757,0.6532372885234995,0.5676995023955874,0.4276201120507333,0.00017386564272247,0.2916722476423603,0.5,0.1,0.7,7,0.3819377695221434,0.4149894358876762
16,5,0.7886447779802135,1.159634009539028,1.1406111212190255,0.6467652689585892,0.4149784249637738,0.427595954600189,0.00019472303101069,0.278332993422505,0.5,0.1,0.7,9,0.401540863057283,0.4331949680186766
16,6,0.5775726078656771,0.9647559011263094,0.9415565764738664,0.47217876232451944,0.5450445068507348,0.49041820541951314,4.041023139737e-05,0.022024613992480024,0.5,0.1,0.7,10,0.3011954497211244,0.3731874848043419
16,7,0.5059453589493298,0.9020072305029052,0.8760678421011385,0.4415488013685283,0.4734817012728858,0.48864012766824194,5.571774955474001e-05,0.028408430220386277,0.5,0.1,0.7,12,0.236063020754013,0.3366874043477527
16,8,0.5050891679922261,0.9011457097933028,0.8751950634498629,0.4441803331392321,0.2642402603438303,0.48730655090542757,5.5503558954320004e-05,0.02831035935144351,0.5,0.1,0.7,13,0.2371223046665973,0.3351128217075618
16,9,0.5065738895377782,0.9038243403806858,0.8803849012736729,0.4473783997378372,0.32897092984665927,0.49741008518351426,6.93212945444e-05,0.03550754868917247,0.5,0.1,0.7,14,0.2117348194969343,0.3251289052831231
16,10,0.4973731947970776,0.8951787123967785,0.8741405894951646,0.45657360147208675,0.30424001214890495,0.49741008518351426,6.93212945444e-05,0.03550754868917247,0.5,0.1,0.7,16,0.2033927245167514,0.3110460610721625
16,11,0.7546424734650188,1.1419923932611147,1.1129727593407768,0.743658072411151,0.6285692452849199,0.9718272934552022,0.00017429492765942,0.12630235347664173,0.5,0.1,0.7,22,0.1906142472351111,0.1626636473148364
16,12,0.7742172055327338,1.1608032860062327,1.1343925664292678,0.7782276845711035,0.6227257867516872,1.0,0.00019523760675796,0.14207203211147923,0.5,0.1,0.7,24,0.1798751330884935,0.1575498265923879
16,13,0.6497027695633811,1.010799012809663,0.975103984488169,0.6543887842214422,0.9314995533920785,0.8879596268414044,0.00015432074764194,0.1057849537540478,0.5,0.1,0.7,25,0.1484797310200216,0.0858941177030144
16,14,0.6426316403697819,1.0042979486696102,0.971707929222053,0.6621482014510929,0.5171091406168269,0.8800756853519314,0.00015203918059043,0.10320113600474441,0.5,0.1,0.7,28,0.1474546460596737,0.0861659286897868
16,15,0.5674982119247794,0.920073744849919,0.8917991451615144,0.6021835380597984,0.6082353509034112,0.808051469706841,9.734447140805999e-05,0.06684500563338082,0.5,0.1,0.7,29,0.1472372502297143,0.0947415431027074
16,16,0.5809952140996241,0.925630010854734,0.8959438409396454,0.6103790867827179,0.5704617639723191,0.8512444499528811,9.715619982081e-05,0.0665549407932122,0.5,0.1,0.7,30,0.1320068495176291,0.0735898374365484
16,17,0.5775819388557076,0.9168271921110217,0.8831845427507659,0.6062600768257121,0.5165528508482724,0.851244444797616,9.715619920425001e-05,0.06655494029070372,0.5,0.1,0.7,31,0.1303554734486386,0.0685737449828797
16,18,0.6081735438044371,0.9416544205160264,0.9162586301142911,0.6539908195276692,0.5689909525047784,0.8972842579341235,0.00012987620422846,0.08946824617287831,0.5,0.1,0.7,33,0.1150477016309219,0.0658617807324545
16,19,0.5973801170205886,0.9308543512759956,0.9054570694774956,0.648878103580461,0.5005281467340105,0.8831067906347742,0.00012254248758817,0.08419135070707917,0.5,0.1,0.7,38,0.1151444092990488,0.0642408007965154
16,20,0.5375646962893347,0.8496124805089282,0.8148102946144503,0.5826110098060744,0.6466781840236964,0.8292962367426436,7.273822248696e-05,0.05563872410956411,0.5,0.1,0.7,39,0.1125816122428221,0.1120624322672015
16,21,0.5167035926077145,0.8135905361567072,0.7766284771517582,0.5694493281610155,0.4632961768063664,0.7909457947404317,9.75818838084e-05,0.06618676732372139,0.5,0.1,0.7,46,0.0884728911115934,0.0607869969901037
16,22,0.5195776532202288,0.8149018335928327,0.7870347097974255,0.6036321162123426,0.4756952014596584,0.8014731817947074,9.895389492361e-05,0.06728333252352414,0.5,0.1,0.7,48,0.0848954500182103,0.0574400632992053
16,23,0.45915125668902546,0.7206087447664515,0.6789505187045716,0.5126472834367073,0.6759870623484185,0.7164366005816648,9.899946930872999e-05,0.06184652158176439,0.5,0.1,0.7,49,0.0906830534510771,0.0432004219180584
16,24,0.45533937486749315,0.7115572040725836,0.6692797037986061,0.5116852730092895,0.4176922095538176,0.7219533312288984,8.852632335302999e-05,0.054902449955079424,0.5,0.1,0.7,51,0.0681023650207099,0.0409562820734545
16,25,0.45184390350421016,0.6970049415301507,0.6564866728474907,0.510708048289326,0.45423801157332927,0.7147326821020435,9.889561239348e-05,0.06191155693359609,0.5,0.1,0.7,53,0.0610492808175938,0.0430307778361552
16,26,0.44078443831830344,0.6884708034977408,0.6545089102427286,0.5311975690789981,0.3908707178825368,0.7037054648023525,8.724068130664e-05,0.05419027094223142,0.5,0.1,0.7,56,0.0643453296234579,0.0332331815670712
16,27,0.4005500560842864,0.6380548241050314,0.5997405269777406,0.4693546669258054,0.4249902709967279,0.634369771872462,8.650615249662e-05,0.0506145228907529,0.5,0.1,0.7,57,0.0734547720629327,0.0349999819639571
16,28,0.4668056740168025,0.6980643823947351,0.6621347218985346,0.5523166767554373,0.48511693083561164,0.7552764225509456,0.0001002193582855,0.06259643756506415,0.5,0.1,0.7,58,0.0609486892885986,0.0401942634578261
16,29,0.41522818111816706,0.6315745332011493,0.5907670557279314,0.4907594702911684,0.42891194857616216,0.668848240693258,9.507924885664e-05,0.05668885144162126,0.5,0.1,0.7,60,0.0524876009668335,0.0306145346231143
16,30,0.4450917464587989,0.6609180385191836,0.6231865672831833,0.534489710333827,0.4120125433575687,0.7234026758285643,0.00010021175407845999,0.06117658318171839,0.5,0.1,0.7,62,0.0572326797748319,0.0325834875523006
16,31,0.4153029703632114,0.6232567883182124,0.584621538161569,0.503528236741901,0.4394856778953861,0.6772463616196005,9.030944261064e-05,0.05483075277930398,0.5,0.1,0.7,63,0.0504788469596363,0.0274206955330185
16,32,0.4072484453016072,0.5981162730112012,0.5544133849843561,0.4901292932903402,0.43404924238044384,0.6664446710025187,9.637263970365e-05,0.05701565987684595,0.5,0.1,0.7,65,0.0475472491628538,0.0278747688248005
16,33,0.4425711690959695,0.633040861086134,0.5924308586657754,0.5517212482528299,0.4126567740225881,0.7307013576643274,8.991568637098e-05,0.062277319537141204,0.5,0.1,0.7,69,0.0459822039128698,0.0285714622250357
16,34,0.3872421763621134,0.5751035919092681,0.5404779540646615,0.49689605967377465,0.37703820596243526,0.6411017627635138,8.454973932543e-05,0.049270588609423786,0.5,0.1,0.7,71,0.0567615139262009,0.036035472441737
16,35,0.4468539373700393,0.6230883917804817,0.5809014068167125,0.5542904393495386,0.4491478170573588,0.7486974519060675,0.00010048684750029,0.06047951543317768,0.5,0.1,0.7,73,0.0454921794644539,0.0243681621559212
16,36,0.38633215052198033,0.5608183846150946,0.5278634999885566,0.5187123954560732,0.373372125158109,0.6356334939136765,9.664094443507e-05,0.056827413862511014,0.5,0.1,0.7,76,0.0480469011837518,0.0264742959535597
16,37,0.3841382401917786,0.5511455918007073,0.517376872649439,0.5154849182164001,0.4133187205276978,0.6336265427334441,9.696359920871001e-05,0.05748675860172314,0.5,0.1,0.7,77,0.0495516977210034,0.0264406824792249
16,38,0.39963436491527576,0.5595755978660674,0.5156122333570383,0.522200493614504,0.376958412048721,0.6643974024754147,9.584146829296e-05,0.05843374338005833,0.5,0.1,0.7,82,0.045088354781059,0.0270960333050852
16,39,0.39459884096225145,0.5562579565584508,0.5187672100123448,0.5423415157558414,0.3707386665609796,0.6557522796699138,9.493935141447e-05,0.05780405220075214,0.5,0.1,0.7,86,0.0445136246050036,0.0268181209506219
16,40,0.38500092018731713,0.5466624462240749,0.5186036726436771,0.5464293057300791,0.3897190545794965,0.6232448389772713,0.00011689217630662,0.06865366325279186,0.5,0.1,0.7,87,0.0428136983628057,0.0294990905327973
16,41,0.3896473669876801,0.5288630306119414,0.49841368724415047,0.5408425290928432,0.4530912547081993,0.6387631533884575,0.00013318402871584,0.07045513777170656,0.5,0.1,0.7,89,0.0415976328287684,0.0231433105222671
16,42,0.3882840338711766,0.5279041018503929,0.49749754429721715,0.5592205213127507,0.36752834619001495,0.6374870890464748,0.00011447121175942,0.06931360392145319,0.5,0.1,0.7,90,0.0375741661090327,0.0262706031183136
16,43,0.3899815434744345,0.5278503004412599,0.5004066921363897,0.5434610094407593,0.3899781065189764,0.6390782314160935,0.00013328104412951,0.07144620221465835,0.5,0.1,0.7,91,0.0410090502820493,0.0229838546598264
16,44,0.38280282334884885,0.5191395017835158,0.4883869299102641,0.5589685191167316,0.37042308305760385,0.6340716650165026,0.00012453312776861,0.06477682404073962,0.5,0.1,0.7,92,0.0379553991616611,0.0213542629442738
16,45,0.34662218327255956,0.4760669407203825,0.44144243278186684,0.517832495730294,0.3395981757463884,0.580810510143883,0.00010224145555144001,0.05251190953101702,0.5,0.1,0.7,95,0.0381781512275633,0.022991296728145
16,46,0.34941941252578645,0.464716929340072,0.4286174267174302,0.5156553173307918,0.42843482681201905,0.5774748115870896,0.00010359607732727001,0.06232125453731677,0.5,0.1,0.7,96,0.0351599922850486,0.0200816457668172
16,47,0.3633805623418572,0.47928844175359375,0.44640213565859477,0.5489514334122216,0.34862812915181896,0.5966143791586913,0.00011340376631540001,0.0688030184324513,0.5,0.1,0.7,99,0.0367159867304379,0.0209439497034125
16,48,0.36568947951435,0.4816047508349913,0.45186955995052697,0.5767465033133404,0.35114928996049566,0.603652494523144,0.00011346791450612999,0.06741756039366939,0.5,0.1,0.7,104,0.0363981093455505,0.020146773825804
16,49,0.3656894796345566,0.4816047509400842,0.4518695600556199,0.5767465034189314,0.3490301061478755,0.6036524948051456,0.00011346791449782999,0.06741756034237364,0.5,0.1,0.7,105,0.0363981090910137,0.0201467737767073
16,50,0.37408720475463964,0.4910547602339741,0.46457866402644765,0.5955997416066764,0.35913293606057417,0.6134552998916998,0.00012130125105343001,0.07251648521600378,0.5,0.1,0.7,107,0.0368857258172632,0.0216056348153192
16,51,0.31458298465292783,0.416578800721619,0.3854082966799489,0.5287913151116512,0.32416716193239437,0.5262629666916683,0.00011135976183724,0.05280708852842198,0.5,0.1,0.7,111,0.0377892511902802,0.0223449587237322
16,52,0.3248519978504376,0.4220563295438984,0.3903953386881386,0.5550304385055789,0.3223432795890011,0.530326117526605,0.00012071185404126999,0.06559005828550168,0.5,0.1,0.7,114,0.0383250867966835,0.021942450708532
16,53,0.31741759534726066,0.43106451263146295,0.43575924558421575,0.5555858973018316,0.3038088980260475,0.5299710572201661,0.00011191872175314,0.055231708142619455,0.5,0.1,0.7,115,0.037535056464079,0.021218860770319
16,54,0.31478444582794357,0.40857187622023095,0.37971474175486924,0.5658558397895592,0.3074611177073734,0.5392980318522292,9.69510394893e-05,0.04582002449417268,0.5,0.1,0.7,121,0.0341495632689394,0.0225735515829909
16,55,0.3260095127762425,0.4222792974934731,0.4031333256607424,0.6161885796071087,0.31527314047905064,0.5489752584940212,0.00010220611420996999,0.055355207741137155,0.5,0.1,0.7,128,0.0340587022877395,0.0220805726237025
16,56,0.3361881980497904,0.4252745061750199,0.39278569148690934,0.6772269150269047,0.3239945119716913,0.547610646046894,0.00010102959876002,0.07111249780027756,0.5,0.1,0.7,149,0.0354499977074432,0.0209728584863797
16,57,0.33109409111309174,0.4172586482988368,0.3813196176331637,0.6556768829305166,0.3286487637336948,0.5369943509022984,9.62464403403e-05,0.07170624227239747,0.5,0.1,0.7,150,0.0357419237729723,0.0210061604795068
16,58,0.3310836546528437,0.41867294936137683,0.3860318528491931,0.6837480003641306,0.31922075783992715,0.5369943500494881,9.624644005411e-05,0.07170624200313915,0.5,0.1,0.7,151,0.0357925187562495,0.0210372142149909
16,59,0.33107327397895264,0.41854671373443963,0.38589383803204086,0.6805467212917267,0.31911455680750533,0.5369729865183335,9.626851880785e-05,0.07172997287711123,0.5,0.1,0.7,153,0.0358317178019059,0.0210548647339064
16,60,0.3319234175433521,0.42015312930846294,0.3907302346641796,0.690362373147192,0.3248736767945719,0.5376195961461708,9.748826510093e-05,0.07263143583623596,0.5,0.1,0.7,154,0.0360009659923054,0.021181419444336
16,61,0.3249928018446823,0.4162609997617953,0.3966057848998811,0.7557475011284447,0.31471678814269044,0.5462026078002077,9.570245283065e-05,0.056901130200697446,0.5,0.1,0.7,160,0.0320616252453872,0.0231598240064897
16,62,0.3113075967240594,0.4038263052225482,0.3906045680264954,0.7730510272970144,0.30257523072653686,0.5418296257502906,8.435744529591e-05,0.04082443869662017,0.5,0.1,0.7,164,0.0338483510662736,0.0235222624976604
17,0,0.9611833029944328,0.9905077121179787,0.9896617154661876,0.3738718282510999,0.0,0.0,0.0,0.0,0.5,0.1,0.7,1,1.0083008590098037,1.0586968411577515
17,1,1.1068117753180526,1.2825196347487882,1.2726499435011476,0.6941657960872474,0.5598038659290886,0.4272683751889439,0.00045554939708295996,0.2056956758157387,0.5,0.1,0.7,3,0.7707898342956797,0.6730443985845096
17,2,0.8388220842109526,1.1412892171920346,1.1267180556611844,0.5889008840739293,0.84923510786107,0.43002498814737605,0.00034925878290657,0.12817812574362938,0.5,0.1,0.7,4,0.6196611975769344,0.451520399358181
17,3,0.819788204742592,1.1325039201633609,1.1204771789219576,0.5860160877671317,0.32932870554828014,0.42998864967595735,0.00032825791510336,0.12571379053772966,0.5,0.1,0.7,6,0.5876139051677423,0.4421002688693886
17,4,0.7895887860939386,1.1131751712409794,1.1035810755206832,0.5798068874736058,0.3121001830470456,0.4319997824755552,0.00024925479365389,0.10852406587696538,0.5,0.1,0.7,9,0.5506317695459997,0.472811604260042
17,5,0.7791715641373304,1.1213497978824003,1.11327467492564,0.5993198215128339,0.38047449765262736,0.43981014548658887,0.00034672545375713,0.1411025439463314,0.5,0.1,0.7,11,0.5105920391505159,0.4132934116015254
17,6,0.6124139762692467,0.9915273275913906,0.9742710212332759,0.5118861669093924,0.45938761707643017,0.42957148864345546,0.00016100064788622,0.059298654446612115,0.5,0.1,0.7,13,0.4421664899396579,0.3439599222510289
17,7,0.6132157605335667,0.9938949515594442,0.9762787853156313,0.5182401941125852,0.2876045993698878,0.43531888104361904,0.00017469222244616002,0.06434144128827896,0.5,0.1,0.7,14,0.4381100044045283,0.3389641721961769
17,8,0.6356993550691362,1.0198767608030581,1.005074749411389,0.5447499682495405,0.3266725528485309,0.4584995966359768,0.00024605236163578,0.09062431834886328,0.5,0.1,0.7,15,0.4343554718387438,0.33661625045511
17,9,0.6026549117575757,0.9877838693236289,0.9727312318401418,0.5161888895890155,0.28071137340480623,0.4377497526529663,0.00017896816851954998,0.0636253732362864,0.5,0.1,0.7,16,0.4260734959797106,0.3331763065087382
17,10,0.617439631296826,1.006307805218669,0.9939370422123892,0.5435779337521454,0.3306400283159782,0.45532707970787173,0.0002345372404398,0.08537896740358836,0.5,0.1,0.7,17,0.4206206297940389,0.3275798917049058
17,11,0.605879373226647,0.995828461843178,0.9793205737077126,0.5434164149799696,0.30693488085458254,0.41495669148338393,0.0003045501724007,0.11470526984070407,0.5,0.1,0.7,20,0.3785675012896135,0.283992563738846
17,12,0.6132844994238111,1.0064665508210313,0.9926193979830621,0.5682136213453765,0.34873974418972126,0.46925062969038583,0.00031904955169205,0.09931169637223422,0.5,0.1,0.7,21,0.3904582848747776,0.2824668954081895
17,13,0.5973513906397101,0.9931433398038549,0.9821332458643506,0.5623605824042056,0.31079746692153765,0.46475100537722996,0.00028568584812834,0.08886381343313032,0.5,0.1,0.7,23,0.3803367443395897,0.2782018062286048
17,14,0.7798745128512596,1.1777845803370501,1.1612697840902475,0.753167137424026,0.6497348223419129,0.4854157327295271,1.0,0.2324503562631793,0.5,0.1,0.7,24,0.3881020665705356,0.2880898833122233
17,15,0.767633579946067,1.167946654357338,1.1535545591613823,0.7538019914948244,0.5477815276679516,0.48940031037341464,1.0,0.23236647795652549,0.5,0.1,0.7,26,0.3728513688780654,0.2793060754981268
17,16,0.5941340526971338,0.9943884207141692,0.9801130615021105,0.5824472415658908,0.3325384941219841,0.46210811409842995,0.00043480412333587,0.1448442163632206,0.5,0.1,0.7,27,0.346423723175628,0.2609492010894819
17,17,0.7672878040527071,1.1676114164140365,1.1531975991360837,0.7535566254027402,0.5087057445545502,0.4886042400559436,1.0,0.23280427480262697,0.5,0.1,0.7,28,0.3724557410921928,0.2787030325475682
17,18,0.5290566115748673,0.9296030629916471,0.9142781651484228,0.5402151285781637,0.315281635466288,0.47885825232539453,0.00014325744457176,0.05719327990556204,0.5,0.1,0.7,30,0.2927479891745548,0.2610672924084563
17,19,0.5717354472840626,0.9721502717169661,0.9560043361345051,0.5861495759449378,0.34522264315893214,0.47643221910597466,0.00038701100984309003,0.1328329845658029,0.5,0.1,0.7,34,0.3240061601979792,0.2147243996079964
17,20,0.5262189109654594,0.9239045299798484,0.9073658148014944,0.5871451568829663,0.37355757722806243,0.480604866710051,0.0003848101664737,0.11806450285445531,0.5,0.1,0.7,39,0.2648343648576863,0.2018876666119575
17,21,0.5197263539352325,0.9160983570701007,0.8989102227379355,0.587598019439409,0.36567934380241146,0.4763834634943196,0.00038382235624654,0.12033589360161943,0.5,0.1,0.7,40,0.2600698790136875,0.1911242058654386
17,22,0.5067278218059652,0.9025094788749624,0.8877242269320769,0.590167205595987,0.3267655873159967,0.464953959080211,0.00036378651397734,0.12141633229615059,0.5,0.1,0.7,47,0.2354621002233499,0.1867003464564293
17,23,0.5111580884531217,0.9162884393065788,0.9241951435626863,0.6958203240456554,0.32767057349982814,0.4533639273447576,0.00044349767654461997,0.1415331747345896,0.5,0.1,0.7,65,0.2298018180070749,0.174898419555957
17,24,0.4769324936077809,0.8819704804643205,0.8898381404529799,0.6710666366852728,0.2928489266562226,0.44364871355741853,0.00036117906733568,0.1000845805909918,0.5,0.1,0.7,68,0.2257873520743319,0.1745549870510921
17,25,0.5055177427963045,0.9110985001165289,0.9219238255556781,0.706275415708837,0.33542828854358153,0.4536264179779632,0.00042335073743343,0.13799391098498587,0.5,0.1,0.7,70,0.2258240040076888,0.1679693201760154
17,26,0.5055133674058606,0.9110926453101023,0.9219174346280202,0.7031838469469323,0.3234865046815417,0.4536264179779632,0.00042335073743343,0.13799391098498587,0.5,0.1,0.7,71,0.2257897828948716,0.1679373369589374
17,27,0.500906112625352,0.9015599534510135,0.9136368276102379,0.7685568025868093,0.34965198244779166,0.48751935932007745,0.00042714250906231995,0.13093646525522618,0.5,0.1,0.7,81,0.2209360759240166,0.1574495880475154
17,28,0.4834511662586291,0.8844666360767954,0.8995260568677954,0.7583902817519718,0.33164831958577023,0.46731848607408916,0.00038194109055606,0.12398752934947024,0.5,0.1,0.7,83,0.2121583107100885,0.1509481030172944
17,29,0.5026089508991951,0.9023758442830973,0.9170910337746077,0.7860651071059443,0.34820935787629004,0.49952583007018525,0.00043531572010259,0.13207680880554307,0.5,0.1,0.7,87,0.2152271940905596,0.1559601519002361
17,30,0.47498002964656044,0.8725278111426044,0.8866528584189852,0.7668039873951309,0.3598939450741847,0.4752091921746064,0.00036150069775371,0.11627468836884354,0.5,0.1,0.7,88,0.2027566239844108,0.1604957268030666
17,31,0.4828911531079024,0.8829633166064856,0.9035793791474919,0.7925983276015215,0.32946085070726705,0.48832421957473743,0.00036980658829340003,0.11945376128496606,0.5,0.1,0.7,93,0.2059318752621803,0.1492972933633657
17,32,0.42681757454131913,0.8278478476043437,0.851631081299614,0.7859240577023299,0.2738180773603409,0.4645517057518375,0.00020183996364388,0.057797211358736195,0.5,0.1,0.7,102,0.2100198743928524,0.1543882652274268
17,33,0.4364401044921441,0.835855605182514,0.8592357838527382,0.8087311996608121,0.3131259436802794,0.4764839870585207,0.00019603050832861998,0.06717380832169371,0.5,0.1,0.7,103,0.2015699186533582,0.1510731529465986
17,34,0.44127367625683417,0.8404383288007508,0.8637566759185648,0.8037166266167975,0.2948478973246691,0.47287738042341265,0.00025103598021509,0.07728053653013321,0.5,0.1,0.7,104,0.2043215694988348,0.1508055068040898
17,35,0.4260796786101687,0.8233775947205885,0.8433006616805021,0.8089729184582469,0.2775576641259244,0.4863652777030845,0.00017069005617006999,0.04686597031844811,0.5,0.1,0.7,108,0.1955414868542439,0.1517341144797907
17,36,0.4263605210639204,0.8250364983263296,0.848235779055939,0.8274259373291108,0.2775033337417279,0.4895848100215156,0.00014972830484382,0.045266947464721055,0.5,0.1,0.7,110,0.1967037713630033,0.1514167716059115
17,37,0.41602459281805604,0.8143450884134609,0.8374580866699335,0.8167230900297193,0.2727447008820898,0.4657204949523177,0.00017479076167639,0.048418931046885896,0.5,0.1,0.7,111,0.1954121106637508,0.1530005429165012
17,38,0.4118669893539545,0.8116829035000461,0.8381005203879586,0.8336803394529163,0.2626332978902086,0.4657186491495126,0.00015405885614998,0.042492070303106706,0.5,0.1,0.7,115,0.1954268053972198,0.1529867194436061
17,39,0.41108361682456196,0.8095595783321248,0.8356520562316739,0.8400193793046848,0.27549481039015766,0.4747998160069286,0.0001397054738135,0.03818600923964835,0.5,0.1,0.7,117,0.181937058627369,0.1454602049104634
18,0,0.9963523388914388,1.0,1.0,0.3811878895883399,0.0,0.0,0.0,0.0,0.5,0.1,0.7,1,0.858908301603275,1.0631344595938668
18,1,1.1873598929769074,1.200063494826788,1.1964151821396973,0.58482232389124,0.21725814687494124,0.404501070371379,7.5894720342682154e-06,0.004510782114486171,0.5,0.1,0.7,3,0.7889820631132953,1.09937549079326
18,2,0.850962063786962,1.1562282256817755,1.141418507002262,0.60482167997548,1.3223875405907497,0.42886370209050634,0.00032859355662084,0.15417547169976345,0.5,0.1,0.7,4,0.5341322784170862,0.4426163974357818
18,3,0.8407387868498648,1.1467950616337577,1.1319172394087151,0.5956695136938419,0.31842716942404437,0.4295972845721362,0.00030481549339353,0.14127069701244607,0.5,0.1,0.7,5,0.5484446009588815,0.4503580271663138
18,4,0.799568655713984,1.1327368218658638,1.1187142887690822,0.5955094079476209,0.495089109201268,0.4301110278736701,0.00031683204495876,0.1579491410125204,0.5,0.1,0.7,6,0.4798388458146586,0.4082661695434438
18,5,0.7461680542130619,1.0792746267251472,1.0617896231439992,0.5460315753444593,0.2862289264291654,0.4295598530137975,0.00018568369585125,0.08664458525774939,0.5,0.1,0.7,7,0.5000943051166519,0.5296517284553277
18,6,0.7017427246379122,1.0620971847865737,1.044658558014511,0.5437824969041735,0.5186168555064433,0.4722413424203672,0.00017184975536963,0.0817158334504684,0.5,0.1,0.7,8,0.4229996475084302,0.3610573603021846
18,7,0.6808043466980399,1.0417562685934711,1.0242341107284267,0.5257673273216101,0.27988846749843593,0.43014404969684855,0.00017310882965005,0.08406585296326416,0.5,0.1,0.7,9,0.4125681644203421,0.4700877124556111
18,8,0.6523975059608027,1.0164427728334033,0.9948808115217274,0.5081749406278699,0.3089779696277914,0.42748220509760154,0.00014024588886233,0.06372064395965771,0.5,0.1,0.7,10,0.3656638837902335,0.4617922959683709
18,9,0.6074681875412984,0.9908869006146097,0.9688697919511713,0.4987113289350343,0.5334077096977949,0.4619648637634984,0.0001272925617602,0.060717680888069316,0.5,0.1,0.7,11,0.3509936198650989,0.4461218862054641
18,10,0.6033379566890859,0.9891917120615673,0.9702327140790058,0.49993304096714264,0.2905534089718875,0.4536831474128259,0.00013416652283155002,0.06603386664122905,0.5,0.1,0.7,12,0.3668793108069777,0.3771491115472189
18,11,0.5389034854835458,0.9344859545639929,0.9106803044485802,0.46740313290967916,0.607780936264889,0.46285305440949837,0.00011777026863605,0.05901756211916423,0.5,0.1,0.7,13,0.281233531228317,0.3664327061152406
18,12,0.5605846585254054,0.9580394229711157,0.9368978618273432,0.49923433426021513,0.3242093341483149,0.4751090472083407,0.00019137375311129,0.09203941314660018,0.5,0.1,0.7,15,0.3140154261496184,0.3978658328575309
18,13,0.5402918743721714,0.9377831955612137,0.9165892434888343,0.481550951717237,0.28605122965168095,0.4697500107502198,0.00013687338989665,0.06777754385319064,0.5,0.1,0.7,16,0.2878511795174412,0.3904728484218187
18,14,0.5487849536757019,0.9478245961652161,0.9289445229212142,0.5066538665981257,0.3699753090861442,0.47658610422747993,0.00018419280060852,0.09098458668845334,0.5,0.1,0.7,17,0.2809889956804213,0.3642504737997037
18,15,0.5309770097252445,0.9284206097920711,0.9057371639520442,0.4948031977107017,0.29656868957360805,0.44100634515220777,0.00019754562969843,0.09879817815612005,0.5,0.1,0.7,22,0.2638850440810012,0.3231891048393535
18,16,0.5792184641861678,0.9781101311746552,0.9584985801411762,0.5499736178269606,0.35686465599786177,0.4525536243315262,0.00033084014820114,0.1631188633312556,0.5,0.1,0.7,23,0.2855250897632784,0.3195557642698163
18,17,0.5506655104822371,0.9480863248170949,0.926688492562166,0.5298160145537545,0.4538591142861707,0.45248114144186713,0.00030491201178009,0.1489134537059357,0.5,0.1,0.7,24,0.2692635435375988,0.3036017790667067
18,18,0.5326323028293172,0.9284377084895639,0.9059117161792927,0.5173205035287084,0.40145329389897144,0.45236924890668256,0.00029051640144566,0.13900831597581015,0.5,0.1,0.7,25,0.2604185545590087,0.2960369503612946
18,19,0.5195831008642822,0.913994135998638,0.8906973818915073,0.5085564672409227,0.37097828239439623,0.45126214658267993,0.00028112797547058,0.13152044379906222,0.5,0.1,0.7,26,0.2549916563378344,0.2921960933981154
18,20,0.5132189711743815,0.9067683212308411,0.883047679489469,0.5055809814178963,0.34456383469956464,0.4512374349485991,0.00027652868281732,0.12801005464331333,0.5,0.1,0.7,27,0.2504764229329433,0.2911287523293804
18,21,0.5027246728317772,0.8950678179777269,0.8708052391843004,0.498615503202999,0.3470651160053037,0.4499890199376238,0.00026890071789038,0.1208739209195319,0.5,0.1,0.7,28,0.2487910370828269,0.289228051565651
18,22,0.5152046374813031,0.9082892983805885,0.8870120597789054,0.5161888609437586,0.34710949315613054,0.45270528789335324,0.00028301489396203997,0.1408095449532343,0.5,0.1,0.7,29,0.2581586220175935,0.2953908325823957
18,23,0.5078781646815489,0.9001293567756528,0.8785187429030967,0.5119704468082611,0.3435675234590795,0.4519871204956278,0.00027957183941537,0.13500924908545114,0.5,0.1,0.7,30,0.2563026515293819,0.2948554708499697
18,24,0.5021735825521626,0.8937892552480656,0.8719345396156353,0.5092037340489628,0.3337971328050095,0.4514455227000871,0.00027678697607891003,0.1302516759206526,0.5,0.1,0.7,31,0.2549953838399512,0.2948035150102804
18,25,0.49765620249714526,0.8887881633040733,0.8667528732549923,0.5075140457571089,0.32643291582046824,0.451028519857046,0.00027442660417812,0.12629969645122685,0.5,0.1,0.7,32,0.254050036187172,0.2950506376864598
18,26,0.4940332184130912,0.8847993752171761,0.8626302599458687,0.5066438643438035,0.32071399574488846,0.45070237589274975,0.00027236049436352,0.12297962650879457,0.5,0.1,0.7,33,0.2533567367229908,0.2954896567300096
18,27,0.49109934868959565,0.8815921814315549,0.8593245299471804,0.5064097382922687,0.31617447352943523,0.4504442674495395,0.00027051088279151996,0.12016187600393617,0.5,0.1,0.7,34,0.2528466973923905,0.2960546311383661
18,28,0.48870614241959776,0.8789990623045969,0.8566600733471745,0.5066775287552852,0.3125029211752802,0.4502382247381849,0.00026882841203787,0.117748285362897,0.5,0.1,0.7,35,0.252474501313138,0.2967031016932525
18,29,0.48674354628695604,0.8768952439006826,0.8545062006361778,0.5073468237722077,0.30948954371140774,0.4500727566543871,0.00026728002430547,0.11566350195808729,0.5,0.1,0.7,36,0.2522087863058223,0.2974067128903443
18,30,0.48512828614723535,0.8751860087246816,0.8527637831929148,0.5083410956389951,0.30698556114572495,0.44993939753194667,0.00026584251280647997,0.11384896731696993,0.5,0.1,0.7,37,0.2520270662751432,0.2981459714549577
18,31,0.48379625520188396,0.8737982172123822,0.8513563294772335,0.5096010771827526,0.3048847198609226,0.44983178372921656,0.00026449890869634,0.11225865288317875,0.5,0.1,0.7,38,0.2519127065735964,0.2989071687367405
18,32,0.48269736710451383,0.8726745870635642,0.8502239434955674,0.5110802376552499,0.30310572181582024,0.44974504774859075,0.00026323636253652004,0.11085599279288877,0.5,0.1,0.7,39,0.251853077178203,0.2996804945963386
18,33,0.48203174679726435,0.8729099561701658,0.8535607914139745,0.5157874871453356,0.3175581346798071,0.44983178372921656,0.00026449890869634,0.11225865288317875,0.5,0.1,0.7,40,0.2488190298305593,0.2949834374665626
18,34,0.49583007343984575,0.8847823889068259,0.8676385899386828,0.5519086238310614,0.3515867908175121,0.4520228689184929,0.00022538966969735003,0.14315095509556997,0.5,0.1,0.7,43,0.2049338248066383,0.2996937123513045
18,35,0.4736452333951253,0.8607003623503114,0.8401300263807628,0.5188832596780828,0.31341183793693705,0.45013426200956447,0.00021609338559688,0.11417996412689009,0.5,0.1,0.7,44,0.2153236205914701,0.3100505273316551
18,36,0.48955771527105346,0.8787125067270298,0.8673646935016368,0.5750992656557767,0.33829972736164426,0.4740495516222626,0.00024463122990679004,0.12752339317467237,0.5,0.1,0.7,48,0.216727366806888,0.2291657775397128
18,37,0.5148242371731592,0.9083194597587689,0.9068437835532092,0.6957308510964122,0.35202871018549026,0.4512765102215924,0.00020868470088456002,0.1803764472022745,0.5,0.1,0.7,77,0.3122378743507337,0.2607826334380306
18,38,0.47516819063173293,0.8682975610818522,0.8667203674034433,0.6689525471011576,0.31654233379594005,0.4570552527099035,0.00016664614510347,0.12070769969827991,0.5,0.1,0.7,79,0.3458611679179266,0.2883911770563847
18,39,0.4828971079034649,0.8748015674854065,0.8728895962235694,0.6858538926107896,0.3464447320118152,0.4501080772583627,0.00018278575684351,0.14032497121914478,0.5,0.1,0.7,80,0.333845773749512,0.2515441568466312
18,40,0.47137775922506747,0.8620261160896765,0.8597801071429811,0.6841965225457118,0.32582296255760484,0.4528586558084779,0.00016921304127771002,0.12546528369290894,0.5,0.1,0.7,82,0.3249334801987174,0.2519202629762761
18,41,0.4701843317095093,0.8602955005182754,0.8579097607178355,0.6830416858836789,0.32376070761118847,0.45065574089415994,0.00016485887111075,0.12680702927613094,0.5,0.1,0.7,83,0.3302012999426535,0.2483675398352341
18,42,0.48068053828890944,0.8705298757768177,0.8680765893130742,0.6965805473112364,0.3297653918070704,0.4505618513006402,0.00018188119234208998,0.14257468334568407,0.5,0.1,0.7,84,0.3310908691533765,0.2484775238180462
18,43,0.46699295177126526,0.8557582792883127,0.8530282546145156,0.6925577602081094,0.3230059911361013,0.4498106401754957,0.00016891531066229,0.12644650359819243,0.5,0.1,0.7,86,0.3228518085332034,0.2503348572413557
18,44,0.4673133195031328,0.8560510426496933,0.8533146230864295,0.7023478828217281,0.3140090868136864,0.45064074856392794,0.00016829189390875002,0.1263742852366096,0.5,0.1,0.7,88,0.3192443703115373,0.247836170676583
18,45,0.45418820316164804,0.8439227215797935,0.8443657900159872,0.7053187784055422,0.30448840574538255,0.44759071301876013,0.00014691397136060998,0.11110786418709094,0.5,0.1,0.7,91,0.328414363050244,0.2464823620543293
18,46,0.4551087840960942,0.8430735824817229,0.8401436757442992,0.7061933734547826,0.3076581449195792,0.4500258189237975,0.00014679190774834,0.11137854841629626,0.5,0.1,0.7,92,0.317623746437891,0.2505104492436909
18,47,0.45500407780698243,0.8442447424776444,0.8445650183548997,0.7158179621691861,0.3051962282182713,0.4506091999482843,0.00014697138396752,0.11137991431343473,0.5,0.1,0.7,94,0.318381503259913,0.2522656499158836
18,48,0.48375598563763145,0.8743595820555823,0.8779516120149027,0.7349039100773731,0.33344771197816847,0.45430308076954456,0.00016131484951675,0.15015988341415132,0.5,0.1,0.7,96,0.3075439240503634,0.2517372070498382
18,49,0.45143052955823315,0.8402573752042264,0.8404756057317337,0.7219927277626211,0.30201531909180257,0.45324508585340784,0.00013968115372636,0.10543752969608744,0.5,0.1,0.7,99,0.321150199984383,0.251979711710681
18,50,0.463902991602422,0.8539464083571267,0.8574009533429283,0.7344680290743804,0.3181892884704841,0.4530616402003853,0.00016470769244392,0.1240880549740028,0.5,0.1,0.7,100,0.3304222926590994,0.2578406439713036
18,51,0.4924438467567972,0.8854815610455831,0.8955460123366066,0.7760548317560831,0.34197689013213667,0.4543362944717698,0.00017299425812285,0.1639603565199375,0.5,0.1,0.7,104,0.3262775781924017,0.2502624924040576
18,52,0.4890265212479171,0.881647761717442,0.8916109110359219,0.772638275143141,0.3410104577049401,0.45449085599098743,0.00017545839570519,0.1599966065458013,0.5,0.1,0.7,108,0.3151065588379349,0.2531741158676912
18,53,0.5087122644552691,0.9100419599806403,0.9397690829562838,0.8757110744617921,0.3596983894983351,0.45090934177218644,0.00021718497728238,0.19136819007945932,0.5,0.1,0.7,126,0.3019079006962743,0.2427697929974782
18,54,0.48685358403493967,0.8880166897837324,0.9177037031245068,0.8744393037872128,0.3384136712993975,0.45097278637778276,0.00017775478477707,0.16050711093179815,0.5,0.1,0.7,131,0.3032404108191392,0.2426563125028851
18,55,0.47058355040255384,0.8732024319905128,0.9061845405952734,0.8958133455689634,0.32201991122162293,0.4509252635561773,0.00015474740303379,0.13740587143924055,0.5,0.1,0.7,133,0.3051399468860273,0.2424803555861716
18,56,0.4694181649164173,0.8714668152807297,0.904312361991342,0.898063807952493,0.32617957435714384,0.45105894574451266,0.00015587022885492,0.1370196586558261,0.5,0.1,0.7,135,0.3090121464598656,0.2438762549060622
19,0,0.9380931979254756,0.9840890146472848,0.9826709057915639,0.3711269843549048,0.0,0.0,0.0,0.0,0.5,0.1,0.7,1,1.0930922266050016,1.0619763177738015
19,1,1.1660242048549139,1.3511492066789197,1.3410096692840612,0.7639348772581512,0.6252292705084557,0.43220674480655497,0.00042173309024599,0.30454071439684993,0.5,0.1,0.7,3,0.8209008747425375,0.6730443985845096
19,2,0.8329135438332269,1.139086759118041,1.124198817531001,0.5880029662312184,0.8453933548060961,0.429686276932244,0.00031756437943503997,0.1303556324002934,0.5,0.1,0.7,4,0.5398832469132983,0.4430044081427925
19,3,0.683658689067344,1.028522981912663,1.0096802890197973,0.4980150678461546,0.3766159633702453,0.42972678921020324,5.330338157066e-05,0.03580296774555009,0.5,0.1,0.7,6,0.487818250296585,0.5289534092606195
19,4,0.6219677365151088,0.992886078065714,0.9737097558939707,0.4797868903691324,0.3696656980336633,0.4297102549326561,7.677264138998999e-05,0.04108783972860791,0.5,0.1,0.7,8,0.377913275675651,0.4346735510964269
19,5,0.5810624544552003,0.9639009789056316,0.9420456519609648,0.4657779034011237,0.4293389666619117,0.43010925057937094,6.342116520213e-05,0.042336328498186686,0.5,0.1,0.7,9,0.4291045345702389,0.422856432616774
19,6,0.5981347346593469,0.984165147761922,0.9653615109175169,0.501253370012068,0.27162393098083865,0.43895891802529574,0.00011119059725158999,0.06688372315244069,0.5,0.1,0.7,13,0.5483979099456383,0.2731842402807309
19,7,0.5732561187338985,0.9634623387773826,0.9468640191595399,0.4944053529136085,0.32877885368844845,0.4176688593601846,0.00011455763453162,0.06800696013169814,0.5,0.1,0.7,14,0.5590023434457363,0.2567575644550313
19,8,0.539924020935536,0.9345055062012362,0.9119709890845333,0.46932841546517146,0.44250404781137187,0.4538856075692327,8.361773275573999e-05,0.04508174889570117,0.5,0.1,0.7,15,0.4169001240676006,0.3736149936533515
19,9,0.5255292325721554,0.9222672104576841,0.9024197060795573,0.46907619192218886,0.2728597432304976,0.44813002033416127,7.323282518823001e-05,0.0394828193405134,0.5,0.1,0.7,17,0.3996960505493621,0.3518331385971441
19,10,0.5324105790948142,0.9305271261446778,0.9138058298579679,0.4829543308329555,0.26583281214232013,0.4566194074357142,8.533299308e-05,0.04594949592218179,0.5,0.1,0.7,19,0.4059671322685226,0.3627879361483906
19,11,0.528732363097645,0.9283841339436804,0.9149292896063413,0.4834777979996134,0.2586239511783045,0.4494263849149119,8.656057700693e-05,0.04650934228138382,0.5,0.1,0.7,21,0.4078482818606376,0.363644647540132
19,12,0.48358635789630305,0.8827176696619441,0.8648201070892425,0.4628036124617245,0.5685829866432008,0.4664512732776907,7.614624494505e-05,0.04032062307680301,0.5,0.1,0.7,22,0.3237171245013928,0.2696638500192584
19,13,0.4582421612234564,0.856578768860134,0.8376987151190861,0.45025055391379254,0.282073645634744,0.451369222045616,5.3700534544329994e-05,0.02950238270697985,0.5,0.1,0.7,24,0.3145157143981804,0.240172089379779
19,14,0.44381054114596075,0.8400952375297515,0.8228666002229049,0.4390460616929027,0.30229192153868867,0.4519101212564076,5.447157479989999e-05,0.029937927047873448,0.5,0.1,0.7,26,0.2972983967720039,0.2210906896465972
19,15,0.4500192882310524,0.8460459078673618,0.8286989100531722,0.4552209819942685,0.26237882080722347,0.4583896664942308,6.462404984769e-05,0.03570598817809263,0.5,0.1,0.7,27,0.2998084266981473,0.2161205622296102
19,16,0.45324251559020606,0.845067631878482,0.8232848982751292,0.4759556878598081,0.3457407442322769,0.47629157499519775,7.571184886745e-05,0.041777223784129965,0.5,0.1,0.7,28,0.30694857168126,0.1826197765221464
19,17,0.42032630356204936,0.8060742322738836,0.7851200231268785,0.4428816556407757,0.4257029837084407,0.46744922798263455,5.343445061863e-05,0.029950911868610076,0.5,0.1,0.7,29,0.2750385758986768,0.162691294501531
19,18,0.41568651930445705,0.8009630830878111,0.7798737419130204,0.4485460686121759,0.2604356856801115,0.461659462290461,5.295728853269e-05,0.02895080425008112,0.5,0.1,0.7,30,0.2770056147109543,0.167294311070596
19,19,0.41401169395382953,0.7984319905865771,0.7771011385571485,0.44984900406596756,0.2679688798575613,0.4614171687733143,5.500854543703e-05,0.029378536220548868,0.5,0.1,0.7,31,0.275745074955017,0.168947224510242
19,20,0.41449591706143935,0.793694982039022,0.7768712490415026,0.450794584319514,0.4125761096866172,0.4947682112954276,5.1255990302849994e-05,0.028227429736953732,0.5,0.1,0.7,32,0.2494089994475977,0.1330597280260469
19,21,0.41997677827431873,0.7982506356109359,0.7841691579334489,0.4561740133704723,0.31545298713734166,0.4860019731387335,0.00011030372962129,0.04787469950958255,0.5,0.1,0.7,33,0.1779389537251542,0.2184412980977094
19,22,0.3903199819251915,0.7632984649600076,0.7450574811359872,0.4356425000436421,0.3122120629666855,0.4704124109612034,5.8430619493339996e-05,0.02491557599557643,0.5,0.1,0.7,34,0.1511775958312028,0.2188869251055097
19,23,0.4072338976363305,0.7677739517171028,0.753082171107467,0.46334797109046316,0.3940381689386147,0.5168738500039674,7.736473100067e-05,0.04291042085963686,0.5,0.1,0.7,36,0.2265094176713154,0.1193173648663974
19,24,0.40704794757717166,0.7689128975405659,0.7574945179134106,0.47887829429358053,0.28958912715208335,0.5168738526572415,7.736473496118001e-05,0.042910423264968134,0.5,0.1,0.7,38,0.2271941810385141,0.1195789647066499
19,25,0.38211547725094325,0.7356295541240823,0.7135532901985356,0.41046809826418734,0.32209037005608704,0.4923536800428946,7.244149313947001e-05,0.031186032130501383,0.5,0.1,0.7,39,0.1306422892491706,0.1747588077933298
19,26,0.37471459859421724,0.7199626867549561,0.6964900357267738,0.40052205331011775,0.3148655978307584,0.49235368004289465,7.244149313947001e-05,0.031186032130501383,0.5,0.1,0.7,41,0.1287518361893172,0.158739823403586
19,27,0.3745561607447489,0.7196272703836504,0.6961247162630322,0.40030907873266247,0.27007902800103134,0.4923536800428946,7.244149313947001e-05,0.031186032130501383,0.5,0.1,0.7,42,0.1280587784577454,0.1594026819419118
19,28,0.37121504791421367,0.7097841899302171,0.6882668469567733,0.4290433037737285,0.36278162984854956,0.4842915513066956,7.665015009004e-05,0.04190250368101401,0.5,0.1,0.7,43,0.1328483134980833,0.1032609825428401
19,29,0.357569040522443,0.6793182011696255,0.6551992037577875,0.42025515863067986,0.45001109105961107,0.4735821679833503,8.335381352589999e-05,0.04772768565516275,0.5,0.1,0.7,44,0.1454514482633062,0.0894133564213615
19,30,0.3260902333774989,0.6033530959965593,0.5730943190650397,0.3725487474520765,0.4753356356975247,0.4708739173691687,6.886962421796e-05,0.039550893658111125,0.5,0.1,0.7,46,0.1047773204710699,0.0767680477202333
19,31,0.3251486494185201,0.5894501066892458,0.5575399150918652,0.3713165661117754,0.32482785438485867,0.47722313038251535,7.114649152553001e-05,0.04162280847371566,0.5,0.1,0.7,48,0.1047647075196728,0.0624468743615247
19,32,0.3028445027181781,0.5405937005401608,0.5116887495320016,0.34556908640490774,0.5055962457194132,0.4702871092683957,5.2540052244659996e-05,0.03029464663392071,0.5,0.1,0.7,49,0.0961431729650651,0.0540347704967175
19,33,0.2849592603390648,0.5168499209084612,0.4872522238701148,0.3335963444453145,0.2523524030221559,0.4409467146408567,5.020331488054e-05,0.028436040202906937,0.5,0.1,0.7,53,0.0946780108248505,0.052354696591075
19,34,0.29119502192571606,0.5239610257750001,0.4975954523019152,0.34799563282234747,0.24935411563919696,0.4513540480894327,5.308541164506e-05,0.030195019796749756,0.5,0.1,0.7,55,0.0955054483397809,0.055314912904075
19,35,0.3274329504736658,0.5528915613787249,0.5256714034002,0.38088517515348813,0.34443542892738827,0.507228530702668,7.665712234980999e-05,0.04530788548524279,0.5,0.1,0.7,56,0.0788521089697999,0.0534004577852253
19,36,0.32832563036967344,0.5535467400505777,0.5294305124863103,0.3924862361794029,0.2937063485297172,0.5092380484739253,7.755915282467e-05,0.04589740912316186,0.5,0.1,0.7,58,0.0789092780420692,0.054116846564621
19,37,0.2886789547711224,0.5104413308816449,0.48905755828036285,0.3584163420704835,0.2881881920589566,0.448841614803689,6.0916231130460004e-05,0.03450402431706209,0.5,0.1,0.7,59,0.0830622818433007,0.0510738863443527
19,38,0.27398486209549455,0.47524612172345265,0.44839575523960407,0.34655016695237356,0.28892681919070773,0.4355099698923996,5.5145872009700005e-05,0.03052820146476046,0.5,0.1,0.7,62,0.0763590344118649,0.0442384634647837
19,39,0.2891818306852507,0.4770533914311807,0.44871046270657544,0.37214452180686447,0.2783166740893923,0.4648390662586678,6.674728370889e-05,0.03608183398201046,0.5,0.1,0.7,67,0.0723388398667149,0.0426221608373299
19,40,0.28615945060606945,0.4742515538200239,0.4490727915500365,0.3868710109387527,0.2574101319574262,0.4677599322225341,5.574902600853e-05,0.030118110354171425,0.5,0.1,0.7,71,0.0724490985605543,0.0427160317172804
19,41,0.28509276486329815,0.47530700315659535,0.4566424992788534,0.3246594452339048,0.25544751899779405,0.45863265188924124,6.573442672955999e-05,0.03541107993115718,0.5,0.1,0.7,76,0.0709432443960166,0.0426848743034089
19,42,0.2816413732421119,0.4718142650224557,0.45314520346856424,0.40692055291745904,0.2509826285413495,0.4593884862931959,5.5553540403110005e-05,0.029956081113155973,0.5,0.1,0.7,77,0.0702991025728624,0.042696401360984
19,43,0.267132615073802,0.4497490416262312,0.44281701420135977,0.41299883367033985,0.2905938223970869,0.432200073414881,6.340429631307e-05,0.03308783072199281,0.5,0.1,0.7,79,0.0618769885392346,0.0451689448353355
19,44,0.30467019597145445,0.4737632052286397,0.4527932943120333,0.4343171272857042,0.33544738510619543,0.4604437583372054,0.00010282824096803,0.0688577567855471,0.5,0.1,0.7,80,0.0601833131783204,0.0386864689596836
19,45,0.25129772132886774,0.3694812409208952,0.3557332183738171,0.3702443797172464,0.6495887779706484,0.4215034336296073,7.36141927285e-05,0.035305244382411685,0.5,0.1,0.7,81,0.0425414101497868,0.0308661577288783
19,46,0.2559736049042876,0.37192329722006834,0.357944962554913,0.3835776855679819,0.24580518557117642,0.43089472350251146,7.599091937268e-05,0.03577696103187563,0.5,0.1,0.7,84,0.0420569502958233,0.024343653690674
19,47,0.25502256134542595,0.36304324794388537,0.34825014552194267,0.3714303250207615,0.2970789413846444,0.4318134974785246,7.427729772852e-05,0.035494247488725005,0.5,0.1,0.7,85,0.0434019208124097,0.0242368684642627
19,48,0.25337306873990834,0.35572257270409097,0.3435017183103088,0.3817767477027034,0.26550864300625987,0.42906878477123106,7.769056389504e-05,0.0366070941296209,0.5,0.1,0.7,87,0.0396127336402024,0.0248014958064254
19,49,0.25360234000220877,0.3614034946736196,0.36234903724031864,0.4347664068736029,0.24095547579873972,0.42929340313364656,7.789524443878e-05,0.03688671201231119,0.5,0.1,0.7,95,0.0384451295064298,0.0250475271496973
19,50,0.25020317819930277,0.3569657215207834,0.3609581186071171,0.4602847305813171,0.23892907122366225,0.43121958180767644,6.678915176885e-05,0.031176516375674965,0.5,0.1,0.7,107,0.0317919361372938,0.0225293081410461
19,51,0.24388821094942395,0.3520746836019664,0.35936492663135017,0.5121949783124119,0.23116868878658198,0.42876125261116677,4.9605883352000004e-05,0.02392879546761025,0.5,0.1,0.7,123,0.0371921674616269,0.0267489963598421
19,52,0.25041634567416987,0.3543429876907437,0.3675066791816925,0.524683893092874,0.2641699642430458,0.43114597680446337,6.750076248179e-05,0.03300152567901847,0.5,0.1,0.7,125,0.0383515582443128,0.0233016269020897
19,53,0.24806332202412257,0.35904404026665776,0.38869045060535096,0.6381509613600891,0.23650246922218568,0.43751017865002223,5.2604993440619996e-05,0.02518280828424539,0.5,0.1,0.7,152,0.0385639314430778,0.0234663462651884
19,54,0.2482375046167885,0.3598949553540995,0.3927635176539316,0.6670438378786315,0.23955592743525586,0.43751412066006734,5.1597228441420004e-05,0.02559000751747047,0.5,0.1,0.7,154,0.0387683453238907,0.0239576857932519
19,55,0.24784567959765116,0.3588581745646283,0.39166139705432734,0.6627119847057246,0.24088783525106847,0.4380184757952172,5.480218514349e-05,0.024795446015833868,0.5,0.1,0.7,155,0.0380968918520518,0.0225740917482905
19,56,0.2468787119337104,0.3557090404484052,0.38829136873976944,0.6676033557160885,0.25096856272693396,0.4369982947270984,5.332912015609e-05,0.02456608581416717,0.5,0.1,0.7,156,0.0381205152621847,0.0234392843149301
19,57,0.24685324501342898,0.3556613644375837,0.38824144635778174,0.6675649524710912,0.2358346774371651,0.4369656646742526,5.33062943325e-05,0.024557292114486873,0.5,0.1,0.7,157,0.0380822688060589,0.0234119368273243
19,58,0.2453658254721406,0.35351443270650784,0.389181775588878,0.6997716587116306,0.2369946817181799,0.42446275278069373,6.128506394413e-05,0.03177606734836242,0.5,0.1,0.7,163,0.0365022198580632,0.0280014763560099
20,0,0.9273478453897422,0.9810489978915607,0.9793599155385447,0.3692047073602086,0.0,0.0,0.0,0.0,0.5,0.1,0.7,1,1.1364197221528327,1.0623954658849082
20,1,1.0566240602385755,1.1856604993486388,1.1810656280470342,0.5876130058197854,0.33764281122318196,0.46603537538122913,9.684011233056188e-06,0.005992486176792831,0.5,0.1,0.7,3,0.9594045998641596,0.9214077341661504
20,2,0.8427261070319773,1.160873326242676,1.14490223122285,0.6142599848616123,1.1264346871715438,0.43011836767634054,0.00031985290332526,0.1785310137874503,0.5,0.1,0.7,4,0.6480440305393388,0.4420728582907975
20,3,0.7945809317445085,1.1373791975177237,1.122282310616792,0.6045902341935709,0.42651764134815445,0.4301218356373495,0.00030232483682267,0.18179518947712106,0.5,0.1,0.7,6,0.5711452228943513,0.4059811315916478
20,4,0.7945921312928435,1.1373958724110276,1.1222980120888089,0.6064548578644616,0.34243171992753557,0.4301303197248869,0.00030279460090829,0.1818281086920504,0.5,0.1,0.7,7,0.5714405510669264,0.4058515111095576
20,5,0.7271635710120156,1.0928185287938625,1.074542591387009,0.5831299748119219,0.5528645543328248,0.5373995276732356,0.00016505230050101,0.09248364942967108,0.5,0.1,0.7,8,0.4755914234486977,0.344729448575405
20,6,0.7191785429166826,1.084859307518576,1.0665790593404993,0.5772708958885249,0.32584101189560977,0.5226314551863179,0.00016418435743622,0.09173108359466958,0.5,0.1,0.7,9,0.4768945291965782,0.3434975397222238
20,7,0.6745238236631627,1.0573514294129749,1.0392273101011391,0.5646499898063969,0.5499940645445169,0.531950299425083,0.00015630539608097,0.09411544699555822,0.5,0.1,0.7,10,0.393790814293772,0.2920685385425254
20,8,0.6736317725591819,1.0564616450524436,1.0383369911531237,0.5659445962697763,0.33102399550668443,0.53035288668989,0.00015610837783941,0.09399353170025859,0.5,0.1,0.7,11,0.3949016410835327,0.2914777976391031
20,9,0.6677842900646231,1.0540471384240824,1.0386842096648934,0.5677954735460953,0.3703232510648109,0.5342970354235649,0.00015660603818319,0.09430148495010976,0.5,0.1,0.7,12,0.4066410923906233,0.2901782694862138
20,10,0.635863530379352,1.0227165870892587,1.0072165667785913,0.5453498961219958,0.30670919358025306,0.5183307255292723,0.00010483788083657001,0.06315257765193338,0.5,0.1,0.7,15,0.3676889492008134,0.2842080782098392
20,11,0.5720049627977666,0.9685595426251734,0.9530713324839577,0.5070665295961323,0.5119155597126718,0.5257892944991283,4.566027383846e-05,0.031115840426498762,0.5,0.1,0.7,16,0.3085522574589766,0.3453299932841389
20,12,0.681060522019006,1.0784199837044752,1.057358281056818,0.6326450740436429,0.49989003898188006,0.6668223235880073,0.00016715028229462,0.1257969632369839,0.5,0.1,0.7,18,0.3627569832113755,0.2344024589719215
20,13,0.6409651858914784,1.0399742596176407,1.02168749916434,0.6028626257528291,0.4240607534523485,0.5368450296486662,0.00015033519672117,0.17008028923097565,0.5,0.1,0.7,19,0.3036191514827778,0.2708329692773992
20,14,0.6163340896990034,1.0189871476605785,1.00666106950914,0.591873324099197,0.3805685484130431,0.6244674939280985,0.00013952700421824,0.08365267178399292,0.5,0.1,0.7,24,0.3154719387150508,0.2680929856319181
20,15,0.6002304192474773,1.0015428433935156,0.9876619597906652,0.5877062333972646,0.4744278457556253,0.6244674939280985,0.00013952700421824,0.08365267178399292,0.5,0.1,0.7,25,0.3132039594059579,0.2241892203202692
20,16,0.5505751481765125,0.9518023596603422,0.9372157229347431,0.540921620221591,0.3818166011112327,0.567516883776699,0.00013642596186261,0.06458523833359558,0.5,0.1,0.7,26,0.2711897611801881,0.2362314088961547
20,17,0.5590002449888595,0.9570618389237808,0.9432683436721208,0.5647214926644022,0.5305204257407019,0.6007570540838036,0.00016413512589523,0.08647826393393121,0.5,0.1,0.7,27,0.2456006104049497,0.1957940998502219
20,18,0.5500207596409663,0.9489754973116837,0.9382081890466237,0.5580199815913837,0.3641285303415836,0.5943931895633161,0.00015944142224729,0.08180825228083914,0.5,0.1,0.7,29,0.239042604349687,0.1946501953357922
20,19,0.5518545253527735,0.9520807328832301,0.944517243380589,0.5672666167359881,0.3607381367169274,0.5923463047947559,0.00016958325086196998,0.08719291329850615,0.5,0.1,0.7,31,0.2365701166566836,0.194040932092363
20,20,0.5595490642857642,0.9516692760047966,0.938350774040495,0.5821952699624567,0.4704562127491553,0.6251373713467354,0.00021308318008249,0.10457930998805663,0.5,0.1,0.7,33,0.1803066656685339,0.16905804525046
20,21,0.5599056469610743,0.9535149024227787,0.9434987279623837,0.5935123942789308,0.38623194723959525,0.6254338299313221,0.0002132611036626,0.10491336401521931,0.5,0.1,0.7,37,0.1800926202550519,0.1689755800514122
20,22,0.5624187211599952,0.9571994734321828,0.9503845833058763,0.6256753383553126,0.39097204584293166,0.6451680330001348,0.00019230059278832,0.09561252020440288,0.5,0.1,0.7,42,0.1667825376000765,0.1669794027083348
20,23,0.5487227621980015,0.9447999327599204,0.9412266799033686,0.6092009292284398,0.3774529251744758,0.6126555041444773,0.00022586434160589,0.09999929795849241,0.5,0.1,0.7,46,0.190568999509743,0.1833678786421438
20,24,0.6163379485111389,1.0084499968633942,1.0065943533532777,0.6968854801354929,0.49290263097731657,0.6179712779424026,0.00034099122751257,0.2104237196923297,0.5,0.1,0.7,49,0.1870343519211744,0.1471554495414486
20,25,0.616764201517707,1.0069750765871244,1.001705561013301,0.7065619275145585,0.4600537608377514,0.599528499699542,0.00035100494896541,0.22536715576380248,0.5,0.1,0.7,52,0.195820267732191,0.1437274949366963
20,26,0.6278251618909085,1.0195278154727083,1.0175618742528096,0.7259957696366828,0.46869703704229404,0.5993059620501899,0.00037587516534999,0.24134417564477093,0.5,0.1,0.7,54,0.1961736461812734,0.1424727863081008
20,27,0.6061958630294543,0.9974218706616145,0.9953288084180546,0.7122912940684332,0.4567392636079124,0.6192760515850009,0.00031700263927748,0.1975459315721172,0.5,0.1,0.7,55,0.177541217998531,0.1593118156133194
20,28,0.6179813035104924,1.0121966446731507,1.0167120072394698,0.736129272482611,0.4598494032606556,0.61521469789937,0.00039272191539701,0.2173008132328673,0.5,0.1,0.7,57,0.1927474279192021,0.1494396915244181
20,29,0.6372871223181455,1.0312726595329842,1.0357275245773474,0.755452536534928,0.48368300361719013,0.608665781453697,0.00039239973244668,0.25019977616247485,0.5,0.1,0.7,58,0.1939869606542163,0.1430126584305242
20,30,0.582237578555538,0.9728707234737934,0.9735400872388438,0.7038927754554614,0.4445871161120122,0.6305470076873324,0.0003066606619812,0.1609863673754331,0.5,0.1,0.7,60,0.1675255786454949,0.1486297908769762
20,31,0.8022422095305777,1.1938172935791989,1.197651469088879,0.9443886426132535,0.6514502600771268,0.5896382201935138,0.00066354444870421,0.5059071772813142,0.5,0.1,0.7,64,0.186265515491636,0.1587098647586189
20,32,0.5515618093203792,0.9394694877412534,0.9365254295584063,0.6494859841737833,0.40532961554579716,0.616144363399418,0.00034689105238392,0.1306293328209669,0.5,0.1,0.7,66,0.1921195382193123,0.1387214864369206
20,33,0.5479588772543073,0.9358251633525178,0.9328707801676752,0.6458853352123086,0.39673501629877655,0.6203697582602365,0.00033105500399984003,0.1225727941295343,0.5,0.1,0.7,67,0.1829043691507966,0.1389376829220751
20,34,0.8398849940420785,1.231661795204125,1.238479252642909,0.9908784787949367,0.6989696837067656,0.6196393490342103,0.00064674582952033,0.5415666436274977,0.5,0.1,0.7,68,0.1816255769187599,0.1362718026360243
20,35,0.6828236109319253,1.074582170654663,1.0813951182283552,0.8369059157697967,0.5322672661246445,0.6214162765091676,0.00049244951524849,0.3159923566878981,0.5,0.1,0.7,69,0.188044490130625,0.1375801283390187
20,36,0.5932294335087857,0.9893261975284873,1.0060167797054853,0.7734662602275924,0.4439730964903955,0.6392935430067368,0.00038447246326325996,0.1756414945469884,0.5,0.1,0.7,71,0.1900296625820312,0.1370900311655211
20,37,0.6434786644424388,1.0330661057932096,1.0364096682782737,0.8039980854823932,0.49665136561204465,0.6109258939478117,0.00047707289258845,0.2689475177238792,0.5,0.1,0.7,74,0.1885191031407384,0.145025827426362
20,38,0.7361477272525867,1.1281069550608689,1.1379104763479857,0.9175342190845603,0.5928363290088656,0.6182987055056126,0.00041011526427056996,0.3976005765987392,0.5,0.1,0.7,76,0.1947939810938138,0.142190766918059
20,39,0.7234432719388396,1.1153506930906645,1.125141780935685,0.9079873005486601,0.5762965643275573,0.6182752673265903,0.00040881144006553,0.3795935063422231,0.5,0.1,0.7,77,0.1946589172518363,0.1423274965620933
20,40,0.7779844270665015,1.1698441976679923,1.182574802903881,0.9964377534195259,0.6369061959725055,0.633300451480923,0.00033366188766518004,0.4504445271326707,0.5,0.1,0.7,82,0.1894410340207386,0.1295976384448809
20,41,0.7696043056220853,1.162590071946377,1.1785392481503494,1.0006052295883756,0.6257178369643266,0.6343918921585774,0.00033099305684271003,0.43855356165566756,0.5,0.1,0.7,86,0.1905246897974665,0.1295969582189421
20,42,0.7747406452075191,1.172111442310594,1.1979511645883183,1.0602698115173819,0.6297304461990003,0.6352765758434658,0.00033624639811575,0.44551403010920215,0.5,0.1,0.7,95,0.1902201280821788,0.1299501833631339
20,43,0.7795860006209243,1.1814242359275182,1.2171736320593483,1.1295556994164855,0.634444850879182,0.6464783405899011,0.00039089386586383,0.4444934406344423,0.5,0.1,0.7,117,0.178318356379636,0.1281477097187798
20,44,0.7668767016543323,1.1699338055399133,1.2089239160265837,1.1304313201289118,0.6266388218023919,0.6058390654534693,0.00031586548098391,0.4560143083795496,0.5,0.1,0.7,118,0.1931564198739641,0.1331830800952985
20,45,0.6397843057997246,1.0394043890311842,1.0746479175002985,1.0163596170455569,0.5133231837348364,0.6661147427472298,0.00034038564138556,0.2356967916844254,0.5,0.1,0.7,120,0.1873257366092254,0.1346318414979413
20,46,0.7284103360136212,1.1271995501554835,1.1563260929601897,1.1051147837929092,0.5847648032316186,0.6303350660217288,0.00030962938205277,0.3830453654390108,0.5,0.1,0.7,122,0.188820812736061,0.1259540036915261
20,47,0.7658069559934665,1.1655068475698562,1.2007683203212534,1.170078950956464,0.6265934704680877,0.6246236936458842,0.00031805948910146,0.44519559535112985,0.5,0.1,0.7,127,0.1956163678633098,0.1323490831010066
20,48,0.7258066614938673,1.1252979211457963,1.160512586280976,1.157680038426714,0.586363548533489,0.6257184539932541,0.00027572795364813,0.3877283312875714,0.5,0.1,0.7,132,0.1954695320553807,0.1321376538821528
20,49,0.7594165264684436,1.1596952922333603,1.1950873237955042,1.1841061176077567,0.619067387429425,0.6294555785267487,0.00031960788719015,0.43134887596065036,0.5,0.1,0.7,134,0.194965724437221,0.130931814800714
20,50,0.7341289651070705,1.1350473088738222,1.1735513822914982,1.1904226378963052,0.5927593268100148,0.6260632571468874,0.00028264767569642,0.39952505252246306,0.5,0.1,0.7,137,0.1955083585056871,0.1370783492281633
20,51,0.7514857920861235,1.1524429355804662,1.1909557245960647,1.2146772754778834,0.6111189596800134,0.6281818904891848,0.00029160085738111997,0.4227221115774012,0.5,0.1,0.7,139,0.1917107519209728,0.1339079204252398
20,52,0.8601845819182952,1.2634232600539275,1.3083874138829403,1.3371086972603616,0.7199300401584383,0.6616814389813968,0.00032841218130725,0.5556066843170638,0.5,0.1,0.7,146,0.1960396772643038,0.1373756807545979
20,53,0.7268791872477774,1.1332059312444163,1.1877772842455583,1.2503874598501428,0.5886178827357251,0.6536315762713065,0.00024950369197943,0.37387567724749765,0.5,0.1,0.7,157,0.1745239992772643,0.1295183686907254
20,54,0.7867822341731808,1.1942144178261198,1.2520058998171222,1.33840538063993,0.6497210531292966,0.6502884822870267,1.0,0.3198238040940993,0.5,0.1,0.7,165,0.1826799687681418,0.1362540865245964
20,55,0.8587010468000129,1.2676373695047742,1.3287354441946864,1.4166475869222992,0.7209816947143326,0.6601932778938961,1.0,0.41547936576636096,0.5,0.1,0.7,169,0.1700404084953739,0.135204541123524
20,56,0.7950585169004015,1.20386396224392,1.2649337664447184,1.3642658214150798,0.6594699811531107,0.6523754799326936,1.0,0.3304122237902302,0.5,0.1,0.7,170,0.1737099045821614,0.1354699332808317
20,57,0.8085580211215586,1.2154231136885978,1.2730922952816488,1.3847552042556608,0.6781712112347676,0.6500014413084719,1.0,0.35228692557167673,0.5,0.1,0.7,171,0.1802786249668707,0.1363298658074331
20,58,0.8063131824384124,1.214577309125079,1.2755305520317648,1.3860185012676982,0.6702412800581036,0.6519552733443622,1.0,0.34788533247529163,0.5,0.1,0.7,173,0.180100338806102,0.1366248673175671
20,59,0.8063126329792846,1.2160752018864778,1.2803337871634206,1.4044353083308938,0.6694984685769737,0.6519552733443622,1.0,0.34788533247529163,0.5,0.1,0.7,175,0.1800251205272879,0.136678334826491
20,60,0.6409126139842661,1.0519563924802324,1.1194738288598103,1.31344885061164,0.5046037436926845,0.6680135779163427,0.0003259966514829,0.24337646110445385,0.5,0.1,0.7,191,0.197351168142614,0.1353046129706421
20,61,0.6384998219902078,1.050998547494501,1.1218120540930998,1.3334745292758452,0.5021815364250019,0.6680115332459637,0.00032598601328361,0.2400189062664266,0.5,0.1,0.7,196,0.1973583224355042,0.1356773500058507
20,62,0.6405462289037158,1.0530292479058376,1.1238394237006302,1.334846967170159,0.5043520815363761,0.668011291208232,0.00032596355596864,0.24297389358352434,0.5,0.1,0.7,197,0.1973575078184192,0.1353042111027702
21,0,0.9668920667190278,0.9920714028406652,0.9913647385259688,0.3761744436573063,0.0,0.0,0.0,0.0,0.5,0.1,0.7,1,0.9771586428627652,1.0622610578988507
21,1,1.0706376540070262,1.1651083694030393,1.1619094803879757,0.5634342042768001,0.287135404219219,0.39491314407085354,8.516564562182642e-06,0.005059356394864597,0.5,0.1,0.7,3,0.8883454543246859,0.9758097623890992
21,2,0.829403104584165,1.138731013818176,1.1235669994203348,0.5887860477258701,1.1359343399468864,0.4300984031488207,0.00029810369421587,0.13398052060237084,0.5,0.1,0.7,4,0.5642394792667461,0.4450590617344546
21,3,0.7631834730384235,1.1041465628547023,1.0892562960692158,0.5704973429507194,0.411602059322454,0.4297426590483464,0.00028895578267108,0.1312809918142149,0.5,0.1,0.7,6,0.5572548589944635,0.4145629920033068
21,4,0.7812904540976172,1.1251799465606207,1.113429105085233,0.5965501265649037,0.33394440584195234,0.4409312453162218,0.00033870945489201,0.15385032204870996,0.5,0.1,0.7,8,0.5584198470150665,0.4093538913839547
21,5,0.6367533177016833,1.0112063287337536,0.9949267792880726,0.5081374636601531,0.42156001508725605,0.42916208944275813,0.00014044816603884,0.07205160844998029,0.5,0.1,0.7,10,0.4252789090920807,0.4154536679288109
21,6,0.6542909379726036,1.034159002279222,1.0203810895925478,0.5368526316585598,0.3233436220300094,0.4517070238101693,0.00019333271630762,0.09947265223816622,0.5,0.1,0.7,12,0.4150292408567591,0.3976838682822406
21,7,0.601800549203847,0.987493500596327,0.972296283503982,0.505112375531704,0.3628023155966058,0.4256714725855293,0.00013243585367523,0.07416138169071863,0.5,0.1,0.7,13,0.3404406936054428,0.323072588616095
21,8,0.6362841951103058,1.0280682680823792,1.0147764296611534,0.5575238176457944,0.36806982132528315,0.4617942098010702,0.00022609722416409,0.12660984223776783,0.5,0.1,0.7,15,0.3077798146928741,0.3056055827104387
21,9,0.6159600722141687,1.011185434594545,1.0043376192716353,0.5588726960695984,0.3038277902596462,0.45157294970277373,0.0001932042280173,0.1081904338647619,0.5,0.1,0.7,20,0.3099740633493297,0.3005297144049736
21,10,0.5740090941525334,0.9717860693692143,0.9554393624679859,0.5369509869643448,0.4971719716063147,0.47078556407272065,0.00018657480337446998,0.08875357989853534,0.5,0.1,0.7,21,0.3041294704161406,0.3011495105912306
21,11,0.5693243114427048,0.9720076056177863,0.965129289456489,0.564567656855503,0.3034005210224179,0.4671475442048654,0.00018685868666726,0.09242509074290985,0.5,0.1,0.7,27,0.3141553574657972,0.2748219693459376
21,12,0.538911742477198,0.9405044638026279,0.9298733170765892,0.5417893081186561,0.304498058426908,0.4614255403254725,0.00012871580494148999,0.06082794084863709,0.5,0.1,0.7,28,0.3029572193383431,0.315191622604643
21,13,0.6060699665275787,1.0093649156658822,1.001644492154801,0.6316281498594902,0.3489654897857839,0.46343066551901596,0.00014497026479785,0.16195086306144835,0.5,0.1,0.7,35,0.2891192486803702,0.2844849741355289
21,14,0.5483396123274404,0.9546844972235472,0.9534436901166586,0.5937116384059054,0.2934013245911388,0.4707688186749546,0.00014830060589494001,0.07641651366945539,0.5,0.1,0.7,37,0.2920086968675831,0.2903551445541311
21,15,1.1917293517826517,1.596601312134827,1.5920282032464568,1.223600379372199,0.9345468397634401,0.46518379669293597,0.00015565360286676,1.0,0.5,0.1,0.7,38,0.2847995659659788,0.283216220570984
21,16,0.5514732157296243,0.9578913428974434,0.9564588851615119,0.6058372859295679,0.30554488081584125,0.4700043604135435,0.00011859189972250001,0.08462014726968148,0.5,0.1,0.7,39,0.2985205649673617,0.2937318498042622
21,17,0.5096482037804048,0.9173719481143852,0.9172624543028455,0.5907618097118662,0.32023378482744336,0.47059272597942536,0.00010931910760055999,0.05595050308083857,0.5,0.1,0.7,42,0.2858898784261632,0.2918458096170552
21,18,0.503996889525458,0.9130994520327713,0.9160857740444918,0.5880619422652155,0.27832945518999347,0.4684514072272312,0.00011120927128127,0.05259530030295979,0.5,0.1,0.7,44,0.2782973949395477,0.29059463123593
21,19,0.5109531296988981,0.9185977193972404,0.9182583222989883,0.6073514534275263,0.2800331017645561,0.47034774107761174,8.773189984514999e-05,0.0615644814668878,0.5,0.1,0.7,45,0.2914325559578602,0.2890883990523121
21,20,0.4959907179968342,0.9045422635480712,0.9068795346302406,0.6367892597489444,0.27590866348537024,0.4706090753128513,0.00010578965592710999,0.04923332586004477,0.5,0.1,0.7,52,0.2733409370991283,0.2917919867025319
21,21,0.4837072804201262,0.9071523673592845,0.9424651679122416,0.8142269550799703,0.2583972211443116,0.471408449281952,6.965630149707e-05,0.03225281685555085,0.5,0.1,0.7,101,0.346740654262814,0.3021771953252443
21,22,0.4962380413744064,0.9211448491375447,0.959725361828833,0.8544605476591275,0.27157840110171105,0.47120641875060126,0.00010297655728773,0.05084565215112138,0.5,0.1,0.7,108,0.3455833609277309,0.307150344085924
21,23,0.4953713860604907,0.9202082032131853,0.9587192494053912,0.8609401378950117,0.2758561835165974,0.4712009637734022,0.00010994343999104,0.050625187943058585,0.5,0.1,0.7,109,0.3403944325867218,0.3072826648465808
21,24,0.4928868936747799,0.9191766793539535,0.9609486034678526,0.8712809745021675,0.2700443013248435,0.471194830022837,0.00010341142506967,0.04772939569581933,0.5,0.1,0.7,112,0.3454268050117516,0.3065932734345025
21,25,0.49245803372085195,0.9186372283909234,0.9603049824729928,0.8856022289529843,0.2732472172377313,0.4710738289555903,0.00010617189398369001,0.04871425574526253,0.5,0.1,0.7,114,0.3453005337372399,0.3061313809994563
21,26,0.49164960020830983,0.9237518435195442,0.9785756276269707,0.9896185720866398,0.26964812538110977,0.4709341742346918,9.675335563725e-05,0.04861296238996363,0.5,0.1,0.7,146,0.3352964698423615,0.3042054629579163
21,27,0.4846594412164136,0.9227196708605611,0.9907281020412159,1.098566188240295,0.26295807801892157,0.4719567878271076,0.00014026717844823998,0.03843368451410285,0.5,0.1,0.7,187,0.3634895739456491,0.3283407250627655
21,28,0.4834857112250777,0.9259828454736461,1.0038510582922182,1.2175922241858086,0.2636422878555952,0.4718677743459656,0.00013103940257225,0.03764472054013581,0.5,0.1,0.7,190,0.3554989598937881,0.3199219090279089
21,29,0.48119962230474245,0.9235869180904681,1.0013619141932553,1.2460314671161976,0.2625574955442845,0.4718677799208826,0.00012371857381885998,0.0357168994385093,0.5,0.1,0.7,194,0.3516303356663451,0.3258993757277362
21,30,0.49817093154730474,0.9435127554117299,1.0278612727396284,1.2782960986429641,0.27873291727303384,0.47186324509527383,0.00011500830015780999,0.06050425037901635,0.5,0.1,0.7,200,0.3471437813709984,0.3140593099753065
22,0,0.918601004628125,0.9785489040660007,0.9766370048995071,0.36762383721278247,0.0,0.0,0.0,0.0,0.5,0.1,0.7,1,1.1742449081445068,1.0652948690231634
22,1,0.9778188777971447,1.1177287438255998,1.1126690266748325,0.5215992253905951,0.2832912442040726,0.342367925451617,1.066342966484e-05,0.004731572618580567,0.5,0.1,0.7,3,1.022349351052816,0.9217675652594808
22,2,0.8246665002646325,1.1487152460287864,1.1321707369296252,0.6044655824482856,1.1282048631700747,0.4300869211973962,0.0002962148427191,0.17037877492995634,0.5,0.1,0.7,4,0.6914433728344263,0.448398053470645
22,3,0.7680998164836104,1.1200643462115185,1.103811030053195,0.5975683025704935,0.4421934303604145,0.4249406366590916,0.00030206255334294,0.17929581393278007,0.5,0.1,0.7,6,0.6570723881554356,0.4096842690664538
22,4,0.6716470129395894,1.0432394303705037,1.0239125015957837,0.5366562514438467,0.40188987744343646,0.46710622726736334,0.00015824403730455,0.08871208404490247,0.5,0.1,0.7,8,0.5324430717243048,0.3456186811386349
22,5,0.6150975380965971,1.0028285502214151,0.9832595715968105,0.5226206613622012,0.41617315370193264,0.46522928500227595,0.00014058524328856,0.08704384455528087,0.5,0.1,0.7,10,0.5065342165826491,0.3055389617774311
22,6,0.6152160257458409,1.0029490974723247,0.9833794241964573,0.5249263090758488,0.2937359268445617,0.46545210096943856,0.00014071189831143,0.08706812169522644,0.5,0.1,0.7,11,0.5061921681011868,0.3055580346801697
22,7,0.6242992761177977,1.0137508028300364,0.9974138377528108,0.5383382371532646,0.308843772809624,0.4704973295379251,0.00015795781205614,0.09791813182284051,0.5,0.1,0.7,12,0.501961378424804,0.3028405359612486
22,8,0.5508623578130144,0.9457352317411901,0.9226530808128633,0.4898530961465112,0.5136892185036835,0.4694857809843892,0.00010278695186384,0.0587561300546393,0.5,0.1,0.7,13,0.3918027326134521,0.2522903883217713
22,9,0.4561213747805769,0.8481127702371009,0.8210620727589291,0.4207342927843775,0.5097474463351966,0.45129214678271534,8.679657209774999e-05,0.0467396446676317,0.5,0.1,0.7,15,0.2895384316619082,0.2106564560350821
22,10,0.4520554909984035,0.8393436066324095,0.8131830403779783,0.4267334499423823,0.35868297660770004,0.4629962631533338,0.00011571692951175001,0.06241997767924778,0.5,0.1,0.7,17,0.2493155923138561,0.1877920646914057
22,11,0.46164262076257145,0.8496214574226459,0.8265006286755406,0.45387960963890417,0.29308622781840604,0.47340249713919486,0.00013327349265149002,0.0717850132590451,0.5,0.1,0.7,20,0.2351390742617746,0.1961288378626755
22,12,0.38981195231561383,0.7646622681632098,0.7408937765310383,0.41038962933753664,0.27225841706893356,0.43661791867412725,7.137555438269e-05,0.03791799611697701,0.5,0.1,0.7,30,0.2185782576472268,0.2064051828562988
22,13,0.38022288265436177,0.7255308515109881,0.6990015487558466,0.40186374232773403,0.6920801170067314,0.459357966082101,0.00011800795698207,0.06085550038136806,0.5,0.1,0.7,31,0.1642575374403589,0.1690289844373385
22,14,0.3844689913854885,0.7305714466165159,0.7072369914550954,0.4133897241368718,0.2805423472002704,0.46531814765001794,0.00012156927229974,0.06343048747649173,0.5,0.1,0.7,33,0.1639133760335018,0.1924947039321931
22,15,0.3862597446046434,0.7321321316970748,0.7087471105114257,0.41790948273517736,0.2835752644642276,0.4642266339578674,0.00013040569606629,0.06724888730345141,0.5,0.1,0.7,34,0.1597653061818638,0.1722967621191902
22,16,0.37555497977262053,0.7192559696411516,0.6985784832893398,0.4185843318971823,0.31147562737681045,0.4595742886794786,0.00011227016141434999,0.05962285662397098,0.5,0.1,0.7,35,0.1573643155620097,0.1838185432333481
22,17,0.3755543839862725,0.7192546665051426,0.6985770553943239,0.42142270162981454,0.2715424332805304,0.4595742890186133,0.000112270162231,0.059622857057664534,0.5,0.1,0.7,36,0.1572263716364514,0.1837772123803512
22,18,0.3798622573571983,0.7239681741830671,0.7064151157722333,0.4361207246357266,0.2830302572235763,0.4659687150793456,0.00012164549244463,0.06254573928333787,0.5,0.1,0.7,38,0.1572466486576392,0.1887189125490607
22,19,0.414362788354158,0.7370942653622032,0.7131218244886178,0.45624811567801593,0.5415863338210775,0.5307775269955527,0.00015219406786346,0.08705213130104732,0.5,0.1,0.7,39,0.1751269476698958,0.1800836778417868
22,20,0.4104561314267643,0.7336695757807281,0.7128509172615491,0.45991361606524866,0.32836157032376423,0.5288718802213365,0.00014652904642843,0.08381184607372211,0.5,0.1,0.7,41,0.1726455771249255,0.1757015111587418
22,21,0.4016370091192675,0.7306944764426618,0.7261583487784626,0.5071134416563803,0.31693490094401777,0.5259270107030142,0.00013765599711575,0.07488441471102157,0.5,0.1,0.7,52,0.1685246282731633,0.1637808072387987
22,22,0.3732192177750682,0.7067470426816789,0.7121234646818358,0.5605518443422284,0.2870094590304305,0.48936267324367144,0.00010848852836597999,0.06043340590611278,0.5,0.1,0.7,71,0.1527037321012463,0.1769233233144997
22,23,0.36978231855898375,0.7018361838691191,0.7100811596529774,0.5587409408926388,0.3005893388850514,0.4867069770049678,0.00011022065322653001,0.06017631545114888,0.5,0.1,0.7,73,0.1403058205915864,0.177325203558167
22,24,0.3622360324354807,0.6979300067617089,0.7159664968488584,0.6073676915837308,0.27956567122100234,0.48879013118245357,8.772259089204001e-05,0.04868968879504847,0.5,0.1,0.7,81,0.1433391176705344,0.180306120066888
22,25,0.3465714266418114,0.6783808977058793,0.6989467559757655,0.6187430170606639,0.2721067535390779,0.48065422798188523,7.618432466651e-05,0.03687340450521963,0.5,0.1,0.7,90,0.1318931183904352,0.1678205779427636
22,26,0.3433743782870579,0.6766682605800497,0.7005375247724076,0.6451834945701348,0.262986152101398,0.4806664559211588,6.737347363959e-05,0.03231110043408732,0.5,0.1,0.7,95,0.1319015480386688,0.1678717724457903
22,27,0.3465499264515596,0.6813200008646535,0.7084915246899569,0.6865431634071123,0.26618410333584835,0.4806657784877827,7.619103056518e-05,0.036866266556175906,0.5,0.1,0.7,101,0.1319179785855715,0.1677814501921353
22,28,0.34246238743654794,0.6768915912152695,0.7040144955300072,0.7027953598268704,0.263944704598672,0.48038266626508674,6.580291540251001e-05,0.031523029851454505,0.5,0.1,0.7,103,0.1313026351135743,0.1679669565566934
22,29,0.34095473635177526,0.6786554735835784,0.7155205162215789,0.7542873544444865,0.26256747864957825,0.479682212398938,6.805872319774e-05,0.03091226298715807,0.5,0.1,0.7,113,0.1296508452193232,0.1724745108967959
22,30,0.33678412260460117,0.6759062767011087,0.716065815705513,0.7833934628549918,0.2575270924190303,0.47980331773202733,5.3611181466220006e-05,0.024935281571827127,0.5,0.1,0.7,123,0.1306275524827138,0.1732186914958823
22,31,0.33511674136992464,0.6788301241059911,0.7289195205808812,0.8340005459581468,0.25568700591582083,0.47951627954945863,5.071782064413e-05,0.022678551399472405,0.5,0.1,0.7,131,0.1292568720481244,0.1731768738556234
22,32,0.33209287038396124,0.6739304334488919,0.7206608751371357,0.8411464647881423,0.25553924821684065,0.47929869086906124,4.414719553087e-05,0.018833719068386275,0.5,0.1,0.7,132,0.130473545587762,0.1725858501754146
22,33,0.335328617717247,0.6786496474512784,0.7317769093780355,0.8712314779428674,0.2599242195892762,0.48619277880759754,5.1477802571989995e-05,0.019799460737033713,0.5,0.1,0.7,137,0.1458558598274318,0.1734497249343592
22,34,0.3347831043419786,0.6744897856176502,0.7209192180006219,0.8869230592104697,0.26278093532041075,0.4855272070497387,5.483690704119e-05,0.020006644386617645,0.5,0.1,0.7,138,0.1456744586772925,0.174686194745724
22,35,0.3327378051888996,0.6771127342206386,0.7365776903496365,0.9836714130705914,0.2559690641450995,0.48761033873063075,4.372852326248e-05,0.01668930686099283,0.5,0.1,0.7,165,0.1522195387961979,0.1722098062445528
22,36,0.33137487322255166,0.67709477312432,0.7398436658490596,1.057689946434614,0.2543316314367202,0.4877555294435966,3.779156192799e-05,0.014765026064440998,0.5,0.1,0.7,178,0.1491081842792414,0.1721657972387136
22,37,0.32887787219922154,0.675453077981969,0.7414174050758153,1.0894107340126165,0.25831343050499644,0.4818583154631693,4.012478769397e-05,0.01593346192897562,0.5,0.1,0.7,179,0.1415629249935135,0.1730455111319829
22,38,0.32906566654922575,0.6763420630303943,0.7455005446004462,1.1004734434573071,0.25657271552540306,0.48302106053401866,4.049404714833e-05,0.01601581698285349,0.5,0.1,0.7,181,0.1395833934765787,0.1689162844171672
23,0,0.9616501954200366,0.9906360147119393,0.9898014506916056,0.37526681329488537,0.0,0.0,0.0,0.0,0.5,0.1,0.7,1,0.9990204623965926,1.0636378695125477
23,1,1.0365790456089645,1.1605563369905698,1.1561733359792115,0.5616349238128121,0.3323725156156936,0.41070869430917334,1.222988224457e-05,0.006252630298200376,0.5,0.1,0.7,3,0.9288608831445456,0.9230250450575024
23,2,0.8772218913127503,1.1713892236151024,1.1574987423538985,0.6161908409527311,0.9844238129400189,0.429291795749109,0.00032225196678346997,0.1607958974164292,0.5,0.1,0.7,4,0.4453183338710907,0.4445206632651598
23,3,0.7219812958327139,1.0520732955260956,1.0349102638363736,0.5146352282931567,0.35774176974513916,0.4273206701276832,7.817079789782e-05,0.04424004907473587,0.5,0.1,0.7,6,0.4067293476306741,0.5239841156229181
23,4,0.657025686278861,1.0145664003518353,0.9975455805637995,0.5004478641849446,0.3504912672561311,0.42860447029992493,7.232139811427e-05,0.03830175603116895,0.5,0.1,0.7,8,0.3600591051365163,0.4844070810488874
23,5,0.6244661307346631,0.9928401908708177,0.9705292967453304,0.483199140435575,0.3803182150299914,0.42859406064799865,9.408146630466e-05,0.04121900353540093,0.5,0.1,0.7,9,0.3932447492006395,0.4579855611932511
23,6,0.5896284190912049,0.969573101681881,0.948585189667653,0.4718484196140659,0.3102417657329308,0.4245505692294461,8.763072192786001e-05,0.040504033726973025,0.5,0.1,0.7,11,0.3362600541632876,0.4054005431793721
23,7,0.591143393652702,0.9765813488712333,0.9578556745156536,0.488563475634189,0.293892690399068,0.436950539246862,0.00012397176839198,0.05623327728593832,0.5,0.1,0.7,13,0.3309218594895129,0.3820997111176185
23,8,0.5963567316322242,0.9867940948479018,0.9701132918932268,0.5072914132060194,0.3231727950803013,0.46013003131154295,0.0001589153072824,0.07232472314946913,0.5,0.1,0.7,15,0.3635559573864428,0.3430951782706019
23,9,0.5760586962019485,0.9681395824399928,0.9508251836570266,0.4990284561123709,0.3129580750173344,0.4486077997833893,0.00014039204189303,0.06406344528982541,0.5,0.1,0.7,16,0.3328251626616324,0.3384457461363363
23,10,0.56232294267483,0.9585343796471524,0.9432464336797768,0.4977476325823081,0.30187995012119445,0.46541290936240803,0.00013021463002872,0.0566982700080928,0.5,0.1,0.7,19,0.3283983220381261,0.3311746292961157
23,11,0.5417023561745261,0.9389845679079778,0.9184550116511795,0.4901782609377409,0.4113391540305178,0.47414931804196936,0.00012890007503446,0.055703353442125764,0.5,0.1,0.7,20,0.3081201430697459,0.3129554089890184
23,12,0.5314130709390271,0.9315543233070653,0.9174746116671598,0.48671725569954016,0.2771694479538892,0.459074428116291,0.00012294824883135998,0.054157231523505114,0.5,0.1,0.7,21,0.3094857477809002,0.2928237189011819
23,13,0.5252852295663545,0.9243328484570684,0.9056162136103334,0.48884025091085215,0.3687028019813584,0.47426381473125834,0.00012881284254897,0.05647206827034675,0.5,0.1,0.7,22,0.3001491054304884,0.2678137249053125
23,14,0.5243729079746206,0.9249176948230264,0.9094337970980318,0.5068866356959364,0.2782533728788262,0.47435638496854254,0.00012843059350719,0.0562657821417797,0.5,0.1,0.7,25,0.3026593764202938,0.2640781045258267
23,15,0.5034899010550868,0.9027750371262176,0.8837847473001086,0.4971059408496826,0.26335345707169777,0.4773395922599273,6.450038304749e-05,0.02787360251913595,0.5,0.1,0.7,28,0.2902052008037482,0.2899431886372726
23,16,0.5110925568425245,0.9131007929077856,0.900618336647799,0.5092580166569574,0.26943110695035527,0.47466972701638344,9.048564248882e-05,0.04189805849284163,0.5,0.1,0.7,30,0.2951792376426165,0.2579203043315298
23,17,0.5028309653882945,0.9044802361246791,0.8910783646891043,0.5171853035221138,0.3319412101262106,0.4748908083962108,9.96455809712e-05,0.044160614966572,0.5,0.1,0.7,31,0.2707830693834253,0.233375737916968
23,18,0.5005166360070297,0.9050852480530076,0.8981735976695688,0.5283571893011845,0.2689932886240736,0.4747664885692454,9.970933653607e-05,0.04276525153693207,0.5,0.1,0.7,36,0.2832600327240211,0.236924320736127
23,19,0.5005028446075931,0.905070611036941,0.8981576489177894,0.5338265785157237,0.26741876114182245,0.4747664885692455,9.970933653607e-05,0.04276525153693207,0.5,0.1,0.7,37,0.2830103420093204,0.2370827967632721
23,20,0.4843257914278968,0.8861498243869294,0.8746047874871493,0.5136610449586592,0.3564968809565892,0.4731462280799592,9.544620734852001e-05,0.04029756020224477,0.5,0.1,0.7,38,0.2537676430306401,0.225730119385158
23,21,0.4463876598982721,0.8373520810704602,0.8152569169655468,0.447891273133747,0.5354914840264838,0.46575927684592555,0.00010606869335626,0.04328136553668447,0.5,0.1,0.7,39,0.1900783066309997,0.2627722868301382
23,22,0.37784196150139915,0.7350096128612571,0.7073707399004422,0.4059008155587306,0.5712282612667983,0.45419521536173985,0.00010055119545614,0.04503196794685364,0.5,0.1,0.7,41,0.1660057692316653,0.16932792820106
23,23,0.36968033252545995,0.7368559064581007,0.7323094841084784,0.5071917547587645,0.25051015032785184,0.4527174861232068,7.695030906651e-05,0.03447487681892661,0.5,0.1,0.7,73,0.165148351606139,0.1687909078976783
24,0,0.9171849703243873,0.9781419492786684,0.9761937781503325,0.36605265277042387,0.0,0.0,0.0,0.0,0.5,0.1,0.7,1,1.1783495022087702,1.0604061558664513
24,1,1.0139792704065467,1.1537428370005702,1.1486894514695503,0.5575866896327522,0.3177613114121276,0.41278803981855006,1.050477521425e-05,0.00577860848572258,0.5,0.1,0.7,3,1.0215857058737643,0.921661328170348
24,2,0.8867976354507946,1.1849551263950744,1.1707419105557646,0.6310885477755879,0.9775805983220127,0.42965980136146725,0.00035761589791925,0.18508039697289919,0.5,0.1,0.7,4,0.6774021566136319,0.4636803640211925
24,3,0.6866734452340151,1.031087248394306,1.0123024765797095,0.5003455442076091,0.39988400453992223,0.428823686361303,5.54548693175e-05,0.03918250132166117,0.5,0.1,0.7,6,0.48337925311393,0.5289483735075144
24,4,0.6395684465290207,1.0055568599663067,0.9872439914978038,0.4928359449427148,0.34473156612578565,0.4294283141075933,7.278461711338001e-05,0.04555148337202078,0.5,0.1,0.7,8,0.4412057911506212,0.4817921793354009
24,5,0.6172121093680436,0.9927664917421626,0.9726998573864722,0.48925912321707105,0.31439201034424197,0.42961259182907974,8.396138385309e-05,0.055255975715471195,0.5,0.1,0.7,10,0.4197710777293156,0.4234463210081205
24,6,0.6045748953944425,0.9826779107612577,0.9620272505565636,0.48354238642981295,0.28975879650710423,0.4283297566714748,8.090045366037e-05,0.051120902392464584,0.5,0.1,0.7,11,0.41496883416157,0.4165361360061174
24,7,0.5123944131565717,0.9085952668378194,0.8829577879914716,0.4548891387281584,0.8412468805442956,0.48757299125506764,5.486030704163e-05,0.03374330211159145,0.5,0.1,0.7,12,0.3043793740224687,0.371331117178809
24,8,0.5044739423687992,0.9018836889051888,0.8791085779072522,0.4484811370322478,0.27893609452643864,0.4823395783809586,5.2341761720119996e-05,0.03285474842702668,0.5,0.1,0.7,14,0.3065561324511311,0.3460605673887433
24,9,0.5036317753343015,0.9010388143306024,0.8782562608515058,0.4584066884929101,0.2636696467978991,0.48099832456403513,5.210645060103e-05,0.032725305311696574,0.5,0.1,0.7,16,0.306093580626235,0.3446224940348001
24,10,0.5076546473290486,0.9062448961750101,0.8861376198756066,0.47013673581948334,0.31775201281671,0.49272319024817196,6.33199505183e-05,0.03974572071294816,0.5,0.1,0.7,17,0.298572594090296,0.3454012165422401
24,11,0.4469327131638471,0.8333893908356332,0.8069557460402129,0.43338399961311597,0.4909625789491873,0.474173891204393,8.363555246284e-05,0.0503113779967219,0.5,0.1,0.7,19,0.2424243631504649,0.2018755398915249
24,12,0.4122813444813815,0.7709270859459545,0.73474468151263,0.39725399418396334,0.5064265454029873,0.49681390234236567,6.832273527294e-05,0.050324355660534593,0.5,0.1,0.7,21,0.1741742499752719,0.1856763589646292
24,13,0.4108512372330716,0.7702629889618314,0.7372420312871657,0.4024396187632797,0.28801574009422676,0.4990279750915494,7.027980122792e-05,0.047961165750854386,0.5,0.1,0.7,23,0.169253838004926,0.1798949456249491
24,14,0.3641468948274894,0.6903543606056071,0.6515274715336445,0.35596007630825943,0.4693007732060318,0.47476112254212943,5.52235322484e-05,0.044198977440850974,0.5,0.1,0.7,25,0.1418310256923382,0.1379311070429309
24,15,0.35671304323442954,0.6775401129323297,0.6409588097863124,0.3531044481046017,0.30237731300654325,0.4729567193386706,5.624295605624e-05,0.042028507221470675,0.5,0.1,0.7,27,0.134259127777394,0.127471082485283
24,16,0.3572747612773733,0.6795629042489396,0.6462812161334218,0.36086170310984456,0.26670084858109877,0.47344371783495615,5.689120178435e-05,0.04252285879682389,0.5,0.1,0.7,29,0.1337348239524177,0.1272939137676751
24,17,0.3552569329004911,0.6731296777940327,0.6391867206016033,0.36251118818026323,0.29013397089759435,0.47779786076158076,5.915689311654e-05,0.04082073038966402,0.5,0.1,0.7,31,0.1311142248561043,0.1254904968369883
24,18,0.3491432479757244,0.662671268162271,0.6311714372432791,0.3718642336340783,0.29502376596606417,0.4770304467376717,5.4332603542349996e-05,0.03810957112051733,0.5,0.1,0.7,33,0.1287308656801829,0.1264934093891717
24,19,0.3485516312789463,0.6618014289493446,0.6302609765138811,0.37395306751295176,0.2676004892396823,0.47624441407366747,5.429188999522999e-05,0.03807955257606821,0.5,0.1,0.7,34,0.1280763458342749,0.125934423974059
24,20,0.3323564799989642,0.6377811077396933,0.6051178098982439,0.35013168610892,0.3309235003213558,0.4612948128961295,5.446384604086e-05,0.03244006536107945,0.5,0.1,0.7,35,0.1091344042859854,0.1123525610124051
24,21,0.3374157962299011,0.6438182800053819,0.6143867655438865,0.3649824992219889,0.26127211808219947,0.4662811752863233,6.129716845915001e-05,0.03654162441866979,0.5,0.1,0.7,37,0.103220545877418,0.1099865755068726
24,22,0.3318747548407084,0.6341612401013668,0.6041521353675141,0.3664128804327671,0.26886004924517926,0.46372537863090174,5.6301815303940004e-05,0.033829934099249406,0.5,0.1,0.7,40,0.1118421439075495,0.117850743995804
24,23,0.32610017354343573,0.6266507850325688,0.5994986620659476,0.36729503266689806,0.2670740545550185,0.4584028318430274,5.582405405949e-05,0.03194962606073125,0.5,0.1,0.7,42,0.1068171706994174,0.1136180427998841
24,24,0.3276645630986913,0.6288544980076731,0.6048894869631527,0.39342845811691873,0.2576936519027703,0.4625568512060423,5.516339319892e-05,0.03188661696397663,0.5,0.1,0.7,44,0.1047713799753601,0.1086615774592788
24,25,0.32695421756357973,0.6300284836855762,0.6125214981861594,0.4120089886722806,0.2561405011964945,0.46030261632896724,5.8257067693939994e-05,0.033342106557195154,0.5,0.1,0.7,48,0.1038901854663942,0.1118146213553819
24,26,0.3234145256295069,0.6227378268952172,0.6047185562610785,0.44249784810904946,0.25518425334602995,0.4528263027641191,5.2840459670010005e-05,0.03647844589866509,0.5,0.1,0.7,59,0.1057222574706725,0.1089914221254315
24,27,0.31708155614763855,0.6014320390845895,0.5783155983848733,0.3566521730100246,0.2728750049559061,0.45465589509337223,5.3430946510590007e-05,0.03559332263256914,0.5,0.1,0.7,65,0.0937965694331562,0.1024081011881003
24,28,0.3170772640087534,0.6014252705029118,0.5783084994041907,0.3566467417278873,0.25225301980346143,0.4546497676430613,5.343320235733999e-05,0.035593224491958196,0.5,0.1,0.7,68,0.0937956924515876,0.1024082511039688
24,29,0.31707715162477446,0.6014250969867558,0.5783083194241336,0.35664660211749283,0.2522455023832628,0.45464960715315733,5.343326145528e-05,0.03559322192658191,0.5,0.1,0.7,73,0.0937956695063664,0.1024082550586949
24,30,0.3159422289430755,0.5995080205555259,0.5762891555455708,0.3551506174976524,0.2550017581851632,0.45394418495869904,5.253491055058e-05,0.03499481728228465,0.5,0.1,0.7,75,0.0941024107410768,0.1024277158252849
24,31,0.3166006351142255,0.6105297756285853,0.6135432315909424,0.5405373319932305,0.25651816771212343,0.4634098115313903,4.486743617725e-05,0.030239485667862054,0.5,0.1,0.7,79,0.0990774307435247,0.1033366662879565
24,32,0.3111376111307675,0.6034885353335847,0.6031861471656759,0.4448359701548358,0.2475555009191312,0.45912324397450893,3.840120188922e-05,0.025551027421733482,0.5,0.1,0.7,86,0.0958948727118386,0.1021103592887264
24,33,0.3123856391691037,0.598184303383357,0.6032669195353373,0.5513198713946615,0.33763098681848225,0.4535953106049987,6.273160619611e-05,0.03728531179446714,0.5,0.1,0.7,87,0.0985117795087947,0.0987513184145024
24,34,0.3156152326805917,0.601645561866688,0.6098729988591143,0.5767265724901016,0.2579023825235567,0.4608017212562438,6.300475988671e-05,0.037516276529770985,0.5,0.1,0.7,96,0.0953831399231802,0.0950864871521953
24,35,0.3143500317471275,0.6014701393573227,0.6160674569387666,0.5911466437617724,0.26453081163698694,0.4615887795055434,6.232384068886e-05,0.03628469918616947,0.5,0.1,0.7,98,0.0940612620573091,0.0983108261390538
24,36,0.29854322774027875,0.5986144356012957,0.6428931510327486,0.8071652299488019,0.24071781134604958,0.44962279974908415,3.926698840286e-05,0.02257218866579958,0.5,0.1,0.7,144,0.0944497744171621,0.099976344840889
24,37,0.29979306707922765,0.6071965860817297,0.6679822441652775,0.8744618663403907,0.24213368766904814,0.45152934433742725,3.896237105065e-05,0.02309130259673923,0.5,0.1,0.7,151,0.0928275783252189,0.1017834929161759
24,38,0.29685017467630753,0.596605905479733,0.6501981253504736,0.8418623703837064,0.28114094391763444,0.4433544763801037,4.667734467259e-05,0.02741870944716551,0.5,0.1,0.7,152,0.0926536597727622,0.0972689721289506
24,39,0.3035224404007999,0.607463321737404,0.6740521880255426,0.9247929283877384,0.2494621605922427,0.45964266607550675,4.004957923292e-05,0.026341265118822794,0.5,0.1,0.7,165,0.0939218189565004,0.0974345858918403
24,40,0.30400280034971,0.6085026126653269,0.6782803153839085,0.947240795904342,0.2511286393908548,0.461333059871307,3.976657269303e-05,0.02634662174804856,0.5,0.1,0.7,169,0.0922241612134348,0.0968632133024967
24,41,0.2966817037699272,0.6078683576418756,0.6940734362553775,1.0516315351823904,0.2423367035533861,0.44578494687158626,4.812485817203e-05,0.027441736906357272,0.5,0.1,0.7,199,0.0944709726699717,0.0951247334471174
25,0,0.932985389429828,0.9826481833782091,0.9811016514589659,0.3702159309758543,0.0,0.0,0.0,0.0,0.5,0.1,0.7,1,1.1136649871484865,1.0618371712640278
25,1,1.1539935458210813,1.2027534636081167,1.197880649068318,0.591907983164468,0.22328377132090685,0.42955616768761967,1.36566765483e-05,0.010083096158034403,0.5,0.1,0.7,2,1.27447052617074,1.169100962955094
25,2,1.033859982841785,1.1805878016195355,1.1752296678902776,0.5856895409468248,0.50273132951974,0.4690396560403625,1.282508850257e-05,0.008833147300879807,0.5,0.1,0.7,3,1.0663256348750183,0.9239289933704498
25,3,0.9649256430631306,1.1900531912845578,1.1807793634447241,0.6158101859092242,0.5647658627283495,0.4250185587336084,0.00071508027437084,0.11645910106689866,0.5,0.1,0.7,4,0.7126870094177226,0.6953965353642529
25,4,0.912701925403258,1.1725243287111506,1.1577185157110579,0.6142478044771127,0.3800047296480029,0.5292040763956074,9.151181673039001e-05,0.05491632686744091,0.5,0.1,0.7,6,0.8399179922179189,0.851642799053969
25,5,0.8140432725101245,1.121759018031,1.1067368689470642,0.5813391989786947,0.41202108385871944,0.5302282872911109,6.430906420543e-05,0.03597303144346485,0.5,0.1,0.7,8,0.7049264028045933,0.6252219976892089
25,6,0.6024317314905866,0.9906619347500131,0.9670792180159579,0.4984026411123693,0.7009670171305182,0.5516741314766146,4.203534603873e-05,0.021424224143511174,0.5,0.1,0.7,10,0.3330159766798301,0.3743958357203866
25,7,0.5815210037051228,0.9730288691337186,0.9443171908208687,0.4963868757434957,0.4263514456596721,0.5486216219678743,5.5711637817679994e-05,0.02978012342270003,0.5,0.1,0.7,11,0.3303399248224123,0.3229270364411389
25,8,0.47211443948354,0.8570401485171486,0.8217077747058823,0.433439405994925,0.629521653414687,0.5362399067229756,5.5609549125920003e-05,0.02988174444339344,0.5,0.1,0.7,13,0.259485613350936,0.2795807225018476
25,9,0.4599427759161531,0.8418705254868737,0.8083410556945708,0.4243747106848334,0.3411855340123439,0.541133858038269,5.093443187071e-05,0.026657808020306328,0.5,0.1,0.7,15,0.2416638473338031,0.2556040371915095
25,10,0.44990117234743743,0.8228782349444705,0.789830857264967,0.4216810759902754,0.3979910886477031,0.5536422219801439,6.450670976326e-05,0.03370104636026787,0.5,0.1,0.7,17,0.2067500874672366,0.240125923834516
25,11,0.44912339638221105,0.8189799818636537,0.7881611106087315,0.4270637418930396,0.34432843195345564,0.5575254192161647,7.785309565198e-05,0.04047682609387653,0.5,0.1,0.7,19,0.1843915580914062,0.2268479028370103
25,12,0.4492975933816668,0.8185241571645112,0.7875450280304295,0.43122709415787386,0.320406390436764,0.552221110207414,8.990134693912e-05,0.04618151524232045,0.5,0.1,0.7,20,0.182624882085096,0.2062907057115838
25,13,0.4416181958803029,0.8098462751803274,0.781591972197548,0.4245236450319152,0.3465828487620977,0.5521079139384935,8.121925497160001e-05,0.04103194519921544,0.5,0.1,0.7,21,0.191646660499934,0.2118036372421542
25,14,0.4425143461076533,0.8105082036624913,0.7822008894347043,0.42790641771525567,0.3098439612459273,0.5527951695389857,8.386699325046e-05,0.04233594792468611,0.5,0.1,0.7,22,0.1889717883650361,0.2101938705048379
25,15,0.43408157993155844,0.7977233928444756,0.7715604497094121,0.4353457679567549,0.34356836013996445,0.5521079125641225,8.121924976724001e-05,0.041031942636081196,0.5,0.1,0.7,24,0.1800465436453233,0.2043324171244026
25,16,0.43412717966136516,0.792660876083368,0.7624783974776782,0.42189886825867273,0.3339525362425252,0.5667542833340407,7.241838495779e-05,0.036925627107249934,0.5,0.1,0.7,26,0.1389305313348801,0.1588186327519277
25,17,0.3888759558345043,0.7402709360645671,0.7117809196995762,0.4044811417718482,0.3291870513827507,0.49955430007475954,6.454711269704999e-05,0.03379596686175815,0.5,0.1,0.7,28,0.1489029834381794,0.1712497259085076
25,18,0.37713668532647715,0.717147120992215,0.6866873165375111,0.39411029384067636,0.34044103568916106,0.4987320593627312,5.8797727793500006e-05,0.032921994433279284,0.5,0.1,0.7,30,0.1274570813937245,0.1637558044845516
25,19,0.37742068051537425,0.7168319263620876,0.686272343692224,0.3969468516020982,0.28011999929553244,0.49930364976114944,6.344816027931e-05,0.033662095895403026,0.5,0.1,0.7,31,0.1301584993684083,0.1584876222374399
25,20,0.3737393977156951,0.7117597250546459,0.684029373295467,0.40539801625070315,0.2884524852615318,0.49939985449750124,5.8320779997229997e-05,0.031840028354464665,0.5,0.1,0.7,33,0.1237559553812333,0.1603644283405505
25,21,0.37429618131173753,0.7102750961667607,0.6822128719686424,0.4164471883322912,0.29718456682737826,0.5004947973782499,6.522554291378e-05,0.03425538797040033,0.5,0.1,0.7,34,0.1271439038970457,0.1515717510467943
25,22,0.3667441123607821,0.6975055889002082,0.6716825750069295,0.4177382748433667,0.286666124188962,0.5018202255872488,5.621008105153e-05,0.030016428973208133,0.5,0.1,0.7,39,0.1225830026343394,0.1317860117765993
25,23,0.3749898798805621,0.7030951269443669,0.683012226159016,0.4978215284723054,0.2872994847871435,0.5033034756836106,7.970605219351e-05,0.046614007731554094,0.5,0.1,0.7,59,0.1415400346124874,0.1482416266656784
25,24,0.35892629963154477,0.6906032855738441,0.6833758215131578,0.5412867520806882,0.2718613891746138,0.49683931008307947,4.9097076415070006e-05,0.03069847853695953,0.5,0.1,0.7,72,0.1538231373691704,0.1429763004487529
25,25,0.35856591249448794,0.6888991877688244,0.6814701544680564,0.5404155183324333,0.2844092474415604,0.49803954664531125,4.815831129233e-05,0.030637882325413368,0.5,0.1,0.7,73,0.1526479258833639,0.1496321450490841
25,26,0.36422320922077034,0.6936978078983175,0.6861406155135905,0.5788739180871179,0.2784788263765421,0.5032846990032013,6.253588766489e-05,0.03579861098080341,0.5,0.1,0.7,78,0.138932098004526,0.1374307209581269
25,27,0.3634570760441163,0.6948889715579548,0.6968717472905972,0.5909582479170971,0.2906342373106697,0.5045870623629838,6.572998779413e-05,0.036179226189908695,0.5,0.1,0.7,80,0.1401062603541935,0.1353127173415244
25,28,0.38138305536697914,0.7081248719046199,0.706334495769332,0.5946419667989079,0.3299374374218873,0.5049448682447024,0.00011622417117545,0.06446245911040056,0.5,0.1,0.7,81,0.141055953541488,0.1604566905263255
25,29,0.3606369377061063,0.6843390915781377,0.6821085110350382,0.6041793506989795,0.2863671135698585,0.5053844072801496,6.456709280755e-05,0.03723133581837534,0.5,0.1,0.7,85,0.1381337737436841,0.1345912170823288
25,30,0.3590494942744698,0.6822292631241202,0.6830142060456301,0.6295574262846292,0.280632401446596,0.5050656778194538,6.337505615544e-05,0.03695153866715636,0.5,0.1,0.7,94,0.1361046162233304,0.1332882095131676
25,31,0.35532762004284274,0.6802665805917574,0.6874858286692748,0.6534946816503141,0.2794962268383158,0.5050536262792811,5.2580955011050006e-05,0.03270657045494414,0.5,0.1,0.7,97,0.1373675061185664,0.1346000367227733
25,32,0.35547323294276223,0.6826352421387695,0.6963553558509644,0.6927300255118095,0.2779352669039286,0.5052317315237455,5.280765398518e-05,0.03344516342121346,0.5,0.1,0.7,101,0.1367067791447207,0.1335799014091643
25,33,0.3588982535358666,0.6845578665855737,0.6949719864553269,0.6790827899075399,0.2794770433523643,0.5066465361200578,6.430090398857e-05,0.037328858489474384,0.5,0.1,0.7,103,0.1352267736802993,0.1331522726005311
25,34,0.35009632606508406,0.6746187746710999,0.6848718448463452,0.6910431466503392,0.2768948527808939,0.5047536994669255,4.522646398783e-05,0.027066494228147314,0.5,0.1,0.7,105,0.1378431101863902,0.1330130933834422
25,35,0.35053095336160484,0.6764503818190928,0.6899945184068488,0.6979445433842785,0.2723198533377139,0.5048500207203404,4.545915901571e-05,0.027703784414867788,0.5,0.1,0.7,107,0.1375997918565562,0.1319517033301041
25,36,0.3534353464299333,0.6807592903117132,0.6975955620758078,0.7138276514604414,0.2750887651630704,0.5058360621189811,5.277068110989e-05,0.031226398118825154,0.5,0.1,0.7,110,0.1368890847898409,0.1348102975935922
25,37,0.3475917642583071,0.6741848319735436,0.6909179928971269,0.7325430953497998,0.27114608680172264,0.505313868878172,3.92316418138e-05,0.023862001717951404,0.5,0.1,0.7,114,0.1389022994715503,0.1353674431976156
25,38,0.36073017023728204,0.7034992523709025,0.7565487462603473,1.001141371657777,0.2827589367856588,0.5056436739348893,7.525964508952e-05,0.042648321458679105,0.5,0.1,0.7,154,0.1338494106986144,0.1322880164832682
25,39,0.3613780800450993,0.7055073590575871,0.7618428119661598,1.0208025408092365,0.28386066345278615,0.5059015948984671,7.418939496579e-05,0.0435044854385063,0.5,0.1,0.7,157,0.1340947497658122,0.1323502440480123
25,40,0.35224188110178867,0.7006707115743874,0.766894864356857,1.0764708385903232,0.27450176904595996,0.5059739627620892,5.503594999122e-05,0.030566535134671093,0.5,0.1,0.7,174,0.1359857950824999,0.1309178077497711
26,0,0.9807026244048755,0.9958171982148604,0.9954444031124552,0.37722914521563067,0.0,0.0,0.0,0.0,0.5,0.1,0.7,1,0.9243271269983102,1.05965314386398
26,1,1.1944998820901986,1.2123186744780405,1.2085017903913797,0.5971154530169245,0.22913972934475416,0.42784502939232383,1.348976891165e-05,0.008045637395988075,0.5,0.1,0.7,2,1.102178401288912,1.169100962955094
26,2,1.1203818571644737,1.2980322803547923,1.2880719050392657,0.7100529716931995,0.8080003533563996,0.42987818204923284,0.00039357580846554,0.2274545503176871,0.5,0.1,0.7,3,0.7827080074141206,0.6730443985845096
26,3,0.9716044672851352,1.2056793332773497,1.1958865859611907,0.6335784727523759,0.5233063207716571,0.43011270892029724,0.00018337178663231998,0.1435366637118872,0.5,0.1,0.7,4,0.724048950393182,0.8194095529920952
26,4,0.7613181893402899,1.1013112362158437,1.0800268160068036,0.5645636085313822,0.8840031939253897,0.42942485238761097,0.00017664384917939,0.12828089742430418,0.5,0.1,0.7,5,0.4209379173011592,0.4817891061661191
26,5,0.7030654636559809,1.0613775660538967,1.0410514488962272,0.5380800933548152,0.368116734527691,0.42873103259813544,0.00015955160861444998,0.10721042870086603,0.5,0.1,0.7,7,0.4561720116004641,0.4735223385261408
26,6,0.6431596132702507,1.0206432197144415,1.000203514718272,0.5157463613841521,0.4002864569412935,0.4299759601649913,0.00015910795805636001,0.10078894053340694,0.5,0.1,0.7,9,0.3578215144377569,0.3992190213038812
26,7,0.6392889275636062,1.0182037630035277,0.9973805654063674,0.5190415699154035,0.3127916408751035,0.4298991205226343,0.00016614253001585,0.10350471086095082,0.5,0.1,0.7,10,0.3301091486342796,0.3851916360412023
26,8,0.6430761321176116,1.0264305043348527,1.0082056885764128,0.534153384963289,0.3266827906759876,0.4391073078991986,0.00018919859093842999,0.1178683474274371,0.5,0.1,0.7,12,0.3239788768628269,0.3728595706523962
26,9,0.6394293339099141,1.0339842694756047,1.0156255933014173,0.5760532290992766,0.38639721047448394,0.4606045117189658,0.00015337540428366,0.16629423447122815,0.5,0.1,0.7,18,0.4145096955232291,0.3328784045027781
26,10,0.6270727612973614,1.0246229930693367,1.00843739262732,0.5855141216643387,0.3870793916065802,0.4648681979704444,0.00015209708157525,0.1658841924412006,0.5,0.1,0.7,20,0.3943304668328093,0.3098820226034877
26,11,0.6100702884996048,1.0097188208018353,0.996292443308896,0.5781718402620479,0.3571820143204643,0.4526636409393625,0.00014535809350402,0.15992512285759566,0.5,0.1,0.7,22,0.3793545445208007,0.2938732479240181
26,12,0.5698624189572046,0.9697097722424574,0.9560328950326826,0.5994177622415446,0.30204993549238157,0.47315848325222293,0.00013760268354567,0.09214652119390333,0.5,0.1,0.7,40,0.292340763088349,0.2619709728583866
26,13,0.5667911901678893,0.968182128827987,0.9577556133594614,0.6045054784761519,0.3005888733495275,0.4732527189652933,0.00014108248195196998,0.08863725502041238,0.5,0.1,0.7,42,0.2915094589305017,0.2665212359837003
26,14,0.5547792805744596,0.9562731868577842,0.94571284624926,0.6019382688890409,0.2913635572129674,0.47402460707394495,0.00013187930994669,0.07321955384673341,0.5,0.1,0.7,45,0.2807337460005308,0.2675352300282396
26,15,0.5532246588032731,0.9562696230236782,0.948941418941109,0.6088299906391469,0.2901337141757304,0.47403322391627006,0.00012821136751431998,0.0722431154182544,0.5,0.1,0.7,47,0.2818566996477185,0.2680050111062437
26,16,0.5515585221843158,0.9532359247479926,0.9423988085153,0.6140770033667378,0.3024073000291203,0.47364570255906374,0.00015681139834573002,0.07358362301249147,0.5,0.1,0.7,48,0.3088556949591275,0.3182527292775448
26,17,0.5470462843749803,0.9503417803129455,0.942590380097675,0.6188332039893314,0.2940155013351118,0.47282457324003097,0.00016185190997544,0.07141616953516128,0.5,0.1,0.7,50,0.292751706181854,0.3202879085706743
26,18,0.5324249731474855,0.9418011897304726,0.9470783016984513,0.6607934157700008,0.27516751243658366,0.47395447431448207,0.00010146021873868,0.0529517198165765,0.5,0.1,0.7,62,0.3213495829576027,0.2667220904567541
26,19,0.527957361029303,0.9328620904474527,0.928156725341547,0.6622092334337935,0.27491629752946206,0.473391170391522,0.00011569797422759001,0.048063902238953474,0.5,0.1,0.7,63,0.319293521712774,0.2719412125393775
26,20,0.5491518956878982,0.958572982425802,0.9637272208716233,0.6964235098221196,0.29286080466811737,0.4734216059503882,0.00029999767654491003,0.07923307887616579,0.5,0.1,0.7,69,0.2873291154847938,0.2720020131260753
26,21,0.5306372931656862,0.9401479087910178,0.9449751018875108,0.6907276941658851,0.3000813687985741,0.47335240738259743,0.00022618315696858,0.05821307225179277,0.5,0.1,0.7,70,0.2868126528097845,0.3596654011485226
26,22,0.5283104388173755,0.9378468096319776,0.9424089725234926,0.6870605042445651,0.29641179676138457,0.4731252960148789,0.00024139650759229,0.059333969346690135,0.5,0.1,0.7,71,0.2852858332598123,0.3590604319559512
26,23,0.508037506776981,0.9250717324769829,0.9460708285663523,0.7875012848314701,0.2590976420969273,0.4705691947815326,0.00015825355091084,0.0336646561246528,0.5,0.1,0.7,98,0.280993681468574,0.2833660342091755
26,24,0.5062701470598872,0.9248025680375734,0.9490310252797975,0.7991269195081026,0.2605804439307101,0.4726640537838198,0.00012227290129244,0.030868122595176982,0.5,0.1,0.7,100,0.2838384169363755,0.2868710547657161
26,25,0.5094316028582254,0.9294522581687672,0.9568167625606334,0.8161329129160078,0.2688490014367404,0.4771432342976266,0.0001437516580779,0.034882426214743835,0.5,0.1,0.7,102,0.288843612053317,0.2848488782412046
26,26,0.5090630204504039,0.9290790519594848,0.9564040213744351,0.8220682702446296,0.2658061454888372,0.4775039165972655,0.00012418093170374,0.034728079130507884,0.5,0.1,0.7,103,0.2901418008630944,0.2832551030591469
26,27,0.5054553291361649,0.9314582086514646,0.9719423365697587,0.8839545354024182,0.26045072164981414,0.47553572095499896,0.00013788974471485002,0.031971404672811024,0.5,0.1,0.7,118,0.2905821445939405,0.3016324256809914
26,28,0.5051338550744441,0.9281378117873142,0.9620019942615563,0.8952243990473407,0.2601455808456875,0.4753744698453243,0.00015626490153504,0.031766206624551686,0.5,0.1,0.7,121,0.2903761324315845,0.2922937964497203
26,29,0.5046495767638699,0.9276462355327574,0.9614657529308192,0.902090122315104,0.26149215336174225,0.47490515614218853,0.00014210091192361,0.03211710924392208,0.5,0.1,0.7,123,0.2920355067787735,0.2952232635602224
26,30,0.5044752297733652,0.9289659348627569,0.9660646230506674,0.9085451082064672,0.26097423230329647,0.47530511184030855,0.00013913550082496998,0.03199767766478804,0.5,0.1,0.7,125,0.2881461584218888,0.3018508080482074
27,0,0.9206809026564331,0.9791454996927484,0.9772867736977005,0.36668722256443625,0.0,0.0,0.0,0.0,0.5,0.1,0.7,1,1.1673512154241368,1.0593026685307223
27,1,1.026535526980821,1.1584246495483437,1.1537091005918025,0.5608752397374189,0.310068126796466,0.4130364081942913,9.918702343941537e-06,0.006874743392388609,0.5,0.1,0.7,3,0.9760051489366772,0.9214129587603356
27,2,0.8591130879730711,1.135558837626916,1.1230111557849556,0.574821240228416,0.8177245987764058,0.42994477439556783,0.00017812390861329,0.08764157890438525,0.5,0.1,0.7,4,0.7095187920325807,0.5484663370324387
27,3,0.8325773906124998,1.1272735234221032,1.113340741342279,0.5737750154810046,0.3793351485329086,0.4284280239216912,0.00021533672433576,0.09908372954631561,0.5,0.1,0.7,5,0.6674642130993159,0.5058126949198509
27,4,0.7699343116680176,1.0910917685541603,1.0817399772431675,0.5622007986864783,0.3023514067607564,0.41761857316689494,0.00019600726627728,0.0833728635806689,0.5,0.1,0.7,9,0.6002837223784229,0.4938133273055829
27,5,0.7629995080291065,1.0937281239008612,1.0834217512192406,0.569545255368803,0.34619102442455557,0.4224556924048025,0.0002328550573882,0.0989787308464757,0.5,0.1,0.7,10,0.5651758646752899,0.4432595133156465
27,6,0.8008566613035231,1.140928790424467,1.1330911006626991,0.6236401116460409,0.3935264927754283,0.44514159711813706,0.00040626356190012004,0.16145015859011028,0.5,0.1,0.7,11,0.5134056262187897,0.4170020054099669
27,7,0.7490461686538227,1.09406171038979,1.0856579034276177,0.5813756136115537,0.3341858982603635,0.42228129330088027,0.00030654943824289,0.11991399420033202,0.5,0.1,0.7,12,0.532716706436941,0.3936712345963242
27,8,0.7499731530555658,1.0991995105843697,1.097263626811776,0.6002700409694615,0.30132934424238517,0.4204951790451832,0.00029920862214114,0.12654083397737764,0.5,0.1,0.7,16,0.5277802468292743,0.3841800521087436
27,9,0.7001405363052489,1.068054200852027,1.0636008659260854,0.5845158131585788,0.38298846400002606,0.49233279192466955,0.00016348305273715,0.07110415301489124,0.5,0.1,0.7,18,0.4059466841035168,0.3486262927892066
27,10,0.691609953234522,1.0618012157957493,1.0569855562071713,0.5822529380350391,0.31875441659313186,0.4888434103544571,0.00016280418489758,0.0704708043578392,0.5,0.1,0.7,19,0.4010341871916749,0.3455111489838306
27,11,0.6568375349067451,1.0427836950344131,1.0348962121823617,0.5734069778085886,0.4153830925869002,0.44922241334772334,0.00020169784909696998,0.1208332055729132,0.5,0.1,0.7,21,0.3667148139642591,0.3021948542437938
27,12,0.6571089458068397,1.046418807395448,1.0450523523756352,0.5974428711120469,0.31241304758100535,0.4507969147945414,0.00020083467235615,0.12205976915737121,0.5,0.1,0.7,25,0.3676023077408717,0.304858984472826
27,13,0.5371183716520014,0.941032796667112,0.9277968568354729,0.5262860314913702,0.9091451707884627,0.49167900513644563,0.00013607750195332,0.08172104986141766,0.5,0.1,0.7,26,0.2417869728513881,0.2734507727674806
27,14,0.5244912489390061,0.9285047666890602,0.9180724704592744,0.5240942573705848,0.30856686297280383,0.4861667335389295,0.00012049170272887999,0.07366573896171752,0.5,0.1,0.7,28,0.2505623359273566,0.2664181915577949
27,15,0.5066999197536249,0.9074164501031536,0.8975062393530456,0.5274773009497735,0.39588217209027116,0.4919151202444724,0.00013597624494647,0.08190217485472605,0.5,0.1,0.7,30,0.2167563836445969,0.2383517139994213
27,16,0.49555324618107194,0.8971113140499912,0.8901705218382999,0.5244950921508136,0.30688358858356657,0.4744439282543722,0.00013685901793467,0.08290475750441224,0.5,0.1,0.7,32,0.21912637928078,0.234211893222833
27,17,0.5160094142373151,0.9203274542109859,0.9198812399744685,0.5841307488834453,0.31794311047681045,0.49801923454877706,0.00014104867491784,0.09681399111467834,0.5,0.1,0.7,39,0.2186592239907597,0.2485894409472184
27,18,0.5073438106323808,0.9098605929099023,0.905957998535084,0.5817356220712643,0.3147852870449691,0.494615788594604,0.00011784281669209001,0.08885553529979275,0.5,0.1,0.7,41,0.2169590312719264,0.2445276688715755
27,19,0.4966783975152198,0.9017742896131893,0.9042947198290517,0.5765299966064197,0.3048389654272712,0.49232440643015885,0.00012194908113965,0.07766904708305043,0.5,0.1,0.7,44,0.2142062449824955,0.2432576969212928
27,20,0.4925034871601871,0.8970766251959671,0.899363362931348,0.5938802955239517,0.3065441852769357,0.492176999639806,0.00012082727804695001,0.0748092853024681,0.5,0.1,0.7,46,0.2112776811301884,0.2434214016761834
27,21,0.4998960096263536,0.9042079677771736,0.9063798137425109,0.6075121255392406,0.3108706477906153,0.4926786330263447,0.00013380522762808,0.08647811023107409,0.5,0.1,0.7,48,0.2063597253897401,0.2433100718275333
27,22,0.4997931414898851,0.9055289098893211,0.910975257838244,0.6220612153768542,0.30811547621095875,0.4928176769038901,0.00013434500224965,0.08662074551326301,0.5,0.1,0.7,50,0.2065051481369102,0.2425591318284475
27,23,0.49714269801092487,0.9024951929210087,0.9077786566163077,0.6171477085309762,0.31712789794831703,0.49179596539140563,0.00013124589537598998,0.08562843594466935,0.5,0.1,0.7,51,0.2040147058884537,0.2422895173847473
27,24,0.49673177965519344,0.9020212700167417,0.9072785809477398,0.6193348772562021,0.30747425725422767,0.49176425233627946,0.00013076871735776002,0.08539297747207804,0.5,0.1,0.7,52,0.2035060206649672,0.2420408448069223
27,25,0.49835896634744814,0.9035876964670352,0.9088188063189303,0.627112150683474,0.30936170947193786,0.4938310794754824,0.00013319211229722,0.08657423901892151,0.5,0.1,0.7,53,0.2028073309083627,0.2423389479130276
27,26,0.4961408751267551,0.9027643272855077,0.9112597452596732,0.6336597165295069,0.30847921578113513,0.49176425233627935,0.00013076871735776002,0.08539297747207804,0.5,0.1,0.7,54,0.2031975019433689,0.2410782882807632
27,27,0.4895245920343923,0.890512819961652,0.8885997572833105,0.5787884744225664,0.31040074937252404,0.4990448084061448,0.00010062526090204001,0.0770056508920616,0.5,0.1,0.7,59,0.1937943572383517,0.2374774759675183
27,28,0.5637510754959942,0.9725829883025447,0.990077694299035,0.7427719984027381,0.38616897848840703,0.5696908531747217,0.00021130065825625,0.13773681190585108,0.5,0.1,0.7,65,0.1996173183218477,0.2023976368006594
27,29,0.5080219499403138,0.9088481226724806,0.9267499351981693,0.6923017347047865,0.4483683156463242,0.5494351897611608,0.00016150972446649,0.10547653675594369,0.5,0.1,0.7,67,0.1767118051878811,0.1749394086489677
27,30,0.48007086882900635,0.8813534053676559,0.905201206082423,0.6896183436242818,0.3370251748675509,0.5204641384768965,0.00016348064330542,0.0932669656447515,0.5,0.1,0.7,71,0.1587453124766596,0.1716238757644069
27,31,0.4668607104579488,0.8672499681140742,0.8908720756295174,0.686018528261057,0.3191622014583774,0.5101150122334817,0.00014751605843517,0.08413055770202632,0.5,0.1,0.7,74,0.162002915892849,0.1680494660137186
27,32,0.4379729178760224,0.8387773088389098,0.8654360721647466,0.6922618750930852,0.2893306624201249,0.505438664418673,8.526786959112e-05,0.048971664395023366,0.5,0.1,0.7,82,0.1694326661333354,0.1700351240301484
27,33,0.41021955507807245,0.8082227900612552,0.8312598857075174,0.6741189344152022,0.27242860649695877,0.4639168992544061,7.29776358146e-05,0.042191895143078105,0.5,0.1,0.7,84,0.1665344221033568,0.1689734933576783
27,34,0.4276350550123032,0.8283137485742698,0.860836136498978,0.7609128334090756,0.2842249237790551,0.497730973425081,8.38122006594e-05,0.047225029907965024,0.5,0.1,0.7,97,0.1675021635025352,0.1637802004913788
27,35,0.4029748247026933,0.803567279213508,0.8360699889395375,0.7387625826178414,0.25875141113528316,0.4636662122642924,6.279716704587e-05,0.03652374458884402,0.5,0.1,0.7,98,0.1651269692162735,0.1597021071749425
27,36,0.42708871339073834,0.8274912326041836,0.8599495944785521,0.7904324130308473,0.2823394327645469,0.49668785029895557,9.201670952353e-05,0.04782024570404568,0.5,0.1,0.7,104,0.161012387309982,0.1579164903523267
27,37,0.42044012754913257,0.8201857963182799,0.8524925898913513,0.7907202316590412,0.2866969544268097,0.49531184770284,7.261438512016e-05,0.040799283577698166,0.5,0.1,0.7,105,0.1617708340607598,0.155671094587261
27,38,0.42442972097782145,0.8255924388931831,0.8611859004337384,0.8048139990472135,0.2807729632105227,0.49422810352976254,8.323691024429e-05,0.047455137407215325,0.5,0.1,0.7,108,0.1619202697434899,0.1604588830978466
27,39,0.4244824555072588,0.8286372067366967,0.870840313999317,0.8486707367058357,0.2804098442426224,0.4960519846036061,8.321027316705e-05,0.04624021529603241,0.5,0.1,0.7,120,0.1610170749249893,0.1551701152953654
27,40,0.41970083555341503,0.8220689698187599,0.8609006049041522,0.8619359488756924,0.2806433666118752,0.4942063755002571,7.268770545684e-05,0.04137627735473598,0.5,0.1,0.7,121,0.1663989013718092,0.1636015695134825
27,41,0.4229875141709582,0.8266747780712933,0.8687708736739984,0.9005231240366359,0.27999597346846744,0.4943085550013968,7.633003697755e-05,0.04639873557880208,0.5,0.1,0.7,129,0.1632574962750157,0.1596378662680481
27,42,0.4192822001768083,0.822394113643563,0.8643590394860604,0.9215775428547374,0.27887540383373893,0.49623077159493,8.599176196642e-05,0.04101092528084678,0.5,0.1,0.7,133,0.1576563622932965,0.1543649247367348
27,43,0.4270555202515251,0.8345670827110752,0.8864273141748863,0.9437580408014576,0.2859163834457868,0.5000886722745825,7.043884872453e-05,0.04956287161789575,0.5,0.1,0.7,135,0.1609915822336229,0.1757660946408409
27,44,0.4272157682734382,0.8360887417835121,0.8912235206426722,0.9442020242194711,0.2861823137428481,0.5193231396268744,5.31159679164e-05,0.03635462093205962,0.5,0.1,0.7,137,0.1610942521642718,0.1789111396395959
27,45,0.4465959473382113,0.8548896285145755,0.9098942371371034,0.9960101793766656,0.30717842510623317,0.5084605624487573,8.36724874194e-05,0.07305420794482734,0.5,0.1,0.7,142,0.1697075073023877,0.1778359025692807
27,46,0.4507714208945185,0.8586108074791163,0.9135141641421056,1.0183656050917393,0.31373464757366054,0.5152095878349664,9.057357392983e-05,0.07517114273089051,0.5,0.1,0.7,144,0.167630028387957,0.1810842902577015
27,47,0.44442085954484456,0.8525449882296275,0.9104864695994634,1.019040456773306,0.3102899397556008,0.5234808543060314,8.399416641707e-05,0.06274250988707512,0.5,0.1,0.7,148,0.1704156298923168,0.2118490759045146
27,48,0.42612780775301756,0.8432358485898236,0.9210083692665104,1.1089772086662721,0.28739120954180875,0.5210809794184076,6.061138170457e-05,0.038342549507667946,0.5,0.1,0.7,171,0.1677634026201021,0.1892941981040683
27,49,0.4211912272463817,0.8381982983130528,0.9159487615785836,1.1578639361292233,0.2828136567804987,0.5155235857710524,5.525028532389e-05,0.03546959790250465,0.5,0.1,0.7,178,0.1677057815393759,0.1893362705457638
27,50,0.4230169450312785,0.8415058045711139,0.9225580238323204,1.1480510490288676,0.2845761978204295,0.5138895473771601,6.112945296394e-05,0.03927957316129961,0.5,0.1,0.7,180,0.1676917932573499,0.1896833676496226
27,51,0.43823392918390947,0.8581456613983631,0.9424866040688827,1.192613589272542,0.3000095537990627,0.5097064357693246,8.36329555932e-05,0.06416302672147393,0.5,0.1,0.7,185,0.1700584734948921,0.2118097551402489
27,52,0.442872235260572,0.8608896033686471,0.9418391376542297,1.2437334710396113,0.3069620601065486,0.5240248450622688,7.265604162124e-05,0.0613754494802584,0.5,0.1,0.7,188,0.1675009525259066,0.1809648588419145
27,53,0.4427003294306485,0.86063943848555,0.9415720181521179,1.247279681954348,0.3060954446596642,0.5239376908888245,7.261637640117e-05,0.06135216002170908,0.5,0.1,0.7,189,0.1674897847382138,0.1805398643195085
27,54,0.4432293367539311,0.8626171023519096,0.9468442833410453,1.2521464049095847,0.30589739089346385,0.5238493508502763,7.210399711236e-05,0.0622731628846231,0.5,0.1,0.7,191,0.1677307736149168,0.1810221672751913
27,55,0.4400482851156942,0.8594322633282147,0.9436585453953809,1.2601997512609004,0.3023793239586592,0.523526990166351,6.974688871262e-05,0.05796803613359102,0.5,0.1,0.7,193,0.1679193904890031,0.1810238052924784
27,56,0.4341969654472434,0.853577777435963,0.9378034150293277,1.2468582156204697,0.2965448119894935,0.5095545003845229,6.723132040468e-05,0.05959558373766448,0.5,0.1,0.7,194,0.1674480939595986,0.1806208773116472
28,0,0.9369497238237848,0.9837670917751656,0.9823203107639585,0.370923424420394,0.0,0.0,0.0,0.0,0.5,0.1,0.7,1,1.0976996531175498,1.0618684473600557
28,1,1.0369419412063017,1.1603783261954688,1.1560178278107427,0.5613643345218371,0.3100054116091299,0.4097185576212314,1.099607734304e-05,0.006345178703283597,0.5,0.1,0.7,3,0.9244328110368396,0.921761812341192
28,2,0.8312930524827328,1.1403299550628643,1.1251916804511246,0.5902789973361304,1.055169372548665,0.4297591354412846,0.00026681806482355,0.13609920631783995,0.5,0.1,0.7,4,0.6495590065570978,0.4731441145726103
28,3,0.8066555112738816,1.143690654171455,1.1292499415940571,0.6054708273723769,0.43151410577403765,0.4285574741985574,0.00033372042879922,0.18140699189859277,0.5,0.1,0.7,6,0.5424408696974563,0.4048489149888454
28,4,0.8070122637962424,1.1440563936423143,1.129614306388396,0.6114194200357823,0.341763277001633,0.4287094440064534,0.00033440226990054,0.1818431771753388,0.5,0.1,0.7,7,0.544216410697938,0.4048835609752181
28,5,0.7926656173279105,1.1334710875521499,1.1220771941896144,0.5993808834483751,0.35017611327865494,0.42995870693152427,0.00031844763119457997,0.16781385680059532,0.5,0.1,0.7,8,0.547533974129303,0.4086356675721525
28,6,0.6936603870332037,1.0440767897024774,1.031524641849259,0.5229119098187581,0.2960790606514109,0.42334790752372137,0.00011618813808940999,0.06342265987058922,0.5,0.1,0.7,10,0.5510137108206548,0.4337041841515517
28,7,0.6911214301524055,1.042179363993312,1.0295451748690154,0.523435591754755,0.260778083876235,0.4195053704527118,0.00011653661978276998,0.06477197705551342,0.5,0.1,0.7,11,0.5483100602014671,0.4348738104862667
28,8,0.6278140718282834,1.0143139031802588,0.9988840948552213,0.519238049426499,0.7159169885019535,0.46472519515710387,0.00016479463513475,0.08830436081173176,0.5,0.1,0.7,12,0.4087385579416347,0.287602953064827
28,9,0.5466997801884113,0.9387472271601752,0.9214466851395391,0.46048886194958394,0.304270495755962,0.4217596350573419,7.520839783154e-05,0.041038704448721666,0.5,0.1,0.7,14,0.3863744580873111,0.3384262085024411
28,10,0.4925636029550526,0.8916468653690679,0.8726924508508103,0.4395980695365114,0.4182208842150619,0.4367440240134711,7.394085021655001e-05,0.04039687051849299,0.5,0.1,0.7,16,0.3090735073971042,0.2757575130843792
28,11,0.49187664367347805,0.8907138691375638,0.8710282406449366,0.4450959494841814,0.3042540892236535,0.44954070439963634,7.8747565335e-05,0.04164245655366007,0.5,0.1,0.7,17,0.2996696714327543,0.2564688300491278
28,12,0.4546084097688294,0.8460802953770366,0.8187855964939125,0.41971354220591145,0.5565388950136897,0.4559145397372328,8.723268387079999e-05,0.044445099984872026,0.5,0.1,0.7,18,0.2494694895792172,0.2109919027834605
28,13,0.4355905577335085,0.8200306386303702,0.8015994482295123,0.43184437333609865,0.3189584104964038,0.4164477570449281,0.00015269214113378002,0.09670397162596753,0.5,0.1,0.7,25,0.1995336897831456,0.1735220333906126
28,14,0.5877232392028482,0.9847290687214321,0.9958004845607262,0.7397087532435618,0.4303687403794956,0.3756587529040015,0.00038933759486374996,0.3457707409598479,0.5,0.1,0.7,62,0.2333821834197164,0.1178810307506786
28,15,0.5859522936545493,0.9822586262310089,0.9931469251454457,0.7411837361184679,0.44213932088681274,0.3755085448396605,0.00038780145546178,0.34528380271842024,0.5,0.1,0.7,63,0.2323865453974227,0.1175558766786873
28,16,0.534448751809598,0.9320684616274137,0.9462135032866128,0.7177993664527877,0.3790277311156044,0.3719627219876154,0.00031842579942981,0.27476630604116814,0.5,0.1,0.7,68,0.2474515380733528,0.1263581098394768
28,17,0.5290374841136763,0.9264195367065049,0.9434283094965803,0.721465201443365,0.39141169177660995,0.3670799469912453,0.00031930295474603997,0.27512260511737796,0.5,0.1,0.7,70,0.2365950795286524,0.1211755311168738
28,18,0.5297852592848199,0.9270035400996974,0.9439713431163406,0.7254727320385799,0.380032721654873,0.3674153121195606,0.00031882544848786003,0.2763739594228362,0.5,0.1,0.7,71,0.2357091055427206,0.1209700974846427
28,19,0.5462165101515286,0.9432956967543663,0.9631653962146631,0.7534803073578004,0.4058300377732367,0.36765747972409296,0.00032532152108719,0.3038021220121653,0.5,0.1,0.7,74,0.2119848922691154,0.1143640144503564
28,20,0.4919684128086117,0.8887456429704378,0.9085422042107093,0.7208202982443356,0.3453237378171168,0.3759019735447274,0.00023386436326642998,0.2211698830618531,0.5,0.1,0.7,76,0.2212635236781547,0.1171987060785742
28,21,0.5291972958844471,0.9270074122327858,0.9499982169923584,0.7497051235502384,0.3846333692594963,0.37745659509025764,0.00031979471000728,0.27434832483381894,0.5,0.1,0.7,78,0.2214697948077469,0.1129884624804663
28,22,0.527120506358606,0.9248875814486673,0.9508179617742173,0.7735149333828083,0.38763033535867997,0.37100007818112435,0.00032073965659659,0.2796551776074577,0.5,0.1,0.7,82,0.21367960475316,0.1189019938994613
28,23,0.5351396982707619,0.9373165810478148,0.973144651602093,0.8172854184714768,0.38973905124436037,0.3695431539607018,0.0003208304976969,0.29232731949697016,0.5,0.1,0.7,86,0.2246127365783726,0.1223674235674618
28,24,0.5345843778379907,0.9360887028380267,0.971760832912725,0.8167014746676315,0.4007375648468945,0.36835062317490896,0.00031967834187985,0.29392516934197244,0.5,0.1,0.7,87,0.2275844632969769,0.1217778582346543
28,25,0.5263202812260346,0.9259473907325846,0.9582258487663922,0.7982389150162326,0.38845145689079685,0.36773914071897545,0.00031923139447453,0.2834294809453084,0.5,0.1,0.7,88,0.2125342855164451,0.1154121072979076
28,26,0.5280753459377409,0.9290890820617628,0.9646484386668259,0.8197387438668062,0.3858697570601971,0.3681366230953852,0.00032094580202979,0.28588615672407347,0.5,0.1,0.7,89,0.2234340216445608,0.1209727287445466
28,27,0.535927230924308,0.9358093151993632,0.9711117298414735,0.8185124781840494,0.4115779943435769,0.3641833693489805,0.00031976158003955,0.30242801988256474,0.5,0.1,0.7,90,0.2171867504807473,0.1188652850237719
28,28,0.5426137523988037,0.9424030613665082,0.9776846025066737,0.838670627297144,0.4010119488634971,0.3575682677353916,0.00032133823665789,0.31690706497591675,0.5,0.1,0.7,94,0.2145222522087642,0.1188680232988282
28,29,0.5417735373211121,0.9438720937703498,0.9856105059628746,0.8576958486877961,0.40351404153181036,0.3583151763516722,0.00032049866318998,0.31665965886557,0.5,0.1,0.7,98,0.2136747714046164,0.1177873090534451
28,30,0.543567150048454,0.9466452535509783,0.9915738640871198,0.87612111162625,0.4060749915662326,0.36826461668186344,0.00031887529689266,0.31322108403285454,0.5,0.1,0.7,101,0.2126626361239864,0.1165867262249143
28,31,0.54207916068287,0.9448730281858201,0.9897389081653539,0.8882968463973757,0.40343464167935694,0.3690094635508356,0.00031911732902728,0.3111628415298971,0.5,0.1,0.7,105,0.213287849756773,0.1181858767632516
28,32,0.5433383584784379,0.947470607354537,0.9956066543890326,0.9066519442350219,0.4050654653281363,0.3669016216187385,0.00031895917412075,0.3148039186893947,0.5,0.1,0.7,107,0.212376477972575,0.1192932908233928
28,33,0.5307120182501215,0.9642051706620689,1.078315790429086,1.1831130996058814,0.39226215738685,0.3562779430165263,0.00031996995386001,0.3056364164338032,0.5,0.1,0.7,171,0.2156806727026945,0.1172646858447553
28,34,0.4980595078745426,0.9343336479558363,1.0550080433696207,1.1916966594716465,0.3600473038039613,0.3557198720617687,0.00027029250439449,0.2598415333352679,0.5,0.1,0.7,183,0.2153638703246501,0.1174607581561643
28,35,0.4955300577144472,0.933160106000354,1.0571089078084999,1.216893784707991,0.35788110717076904,0.35565312889448786,0.0002699611345237,0.25656917270901003,0.5,0.1,0.7,188,0.2152108838372229,0.1162897466114441
29,0,0.9208892763520959,0.9792051912738958,0.9773517930204622,0.36672496664698045,0.0,0.0,0.0,0.0,0.5,0.1,0.7,1,1.1683208056545966,1.05897183593265
29,1,0.984037114011587,1.1339801461041907,1.1284793163389306,0.5396699405309985,0.3217591292864715,0.38206539350086427,1.184135252308e-05,0.006662560503249925,0.5,0.1,0.7,3,1.0839393826755497,0.9230387731753577
29,2,0.8046048303610909,1.1261202581301066,1.1098253032092131,0.5808411089673704,1.0550686984217075,0.42937542216984603,0.00032755210416224,0.13460419695673922,0.5,0.1,0.7,4,0.6651104661988156,0.4430495201090844
29,3,0.7790659620696878,1.11941439667637,1.1045978089978372,0.5854647049569148,0.3844499348566485,0.4297691093589891,0.0003339183430708,0.1518859731398342,0.5,0.1,0.7,6,0.5605213522692236,0.4050866008383151
29,4,0.6838360564957925,1.036993301417622,1.020580569331834,0.5144500338915408,0.3118359141658714,0.42594013645158735,0.00015995653416691,0.062484339352474084,0.5,0.1,0.7,8,0.5368412733376217,0.4566949542788823
29,5,0.5567889874865962,0.9408499297145726,0.9186487197220748,0.4473530393365102,0.4255792043493882,0.4154714687408644,5.269001839564e-05,0.025407380912881364,0.5,0.1,0.7,10,0.4034254368722929,0.4600501973835291
29,6,0.5161041801873791,0.9123523705573948,0.8843164178205807,0.469336418899389,0.4270373956842233,0.5050630002745451,0.00014080569208753,0.06504813677744078,0.5,0.1,0.7,15,0.2595986184315046,0.3064437734427598
29,7,0.513843376020835,0.9089714762777462,0.8832385010933858,0.4723683936121704,0.3350151433275289,0.5192219581451173,0.00014301152973119,0.06403148679446725,0.5,0.1,0.7,17,0.2658146176444831,0.2943773794391721
29,8,0.47437307138726836,0.8691875825566965,0.8424514903573999,0.4406037116366939,0.35681188365697647,0.46936625155715633,0.00012052883620098001,0.05888910829731822,0.5,0.1,0.7,18,0.2126919923051909,0.2837088009594062
29,9,0.49190341454877534,0.8818336391102518,0.8566050090650811,0.47024198994964467,0.41515055278064866,0.5184290279074759,0.00015004100187233,0.06858308308619857,0.5,0.1,0.7,19,0.232551625966477,0.2661407829521083
29,10,0.46439971272774816,0.8496599649986876,0.8314513486038784,0.4701643795874325,0.3316663093867893,0.5002846253023719,0.00017568350417396,0.07557734029729872,0.5,0.1,0.7,26,0.1876920533570565,0.2068082898195676
29,11,0.5149265664360324,0.8911917679207865,0.8560513285499924,0.5227271111480305,0.3606187412092988,0.49226601165196054,0.00012589765597825,0.15783226513992424,0.5,0.1,0.7,33,0.2031955742864037,0.21067371188995
29,12,0.4557869406855807,0.8295091982215657,0.805436742085514,0.4790759907929631,0.388942172517081,0.51091004899444,0.00013858569620198998,0.08235299614064741,0.5,0.1,0.7,35,0.2011696712931959,0.1737020786750371
29,13,0.4556546376638121,0.8187085639343443,0.783432845264355,0.48055932902126214,0.40743626506563824,0.47146694893764673,6.119537664329e-05,0.12215745560847963,0.5,0.1,0.7,36,0.1751817801988482,0.1596195013141358
29,14,0.413327677702572,0.7708464849065519,0.7525696957017789,0.4545934713918251,0.3451612066199532,0.5073856210827892,8.652267741414001e-05,0.06069776031924698,0.5,0.1,0.7,40,0.1527073093767723,0.2004394132779053
29,15,0.4046415886156237,0.7575172102352006,0.7414504360685801,0.46065505375325033,0.3125842907317887,0.5105405043423467,7.85257231721e-05,0.054820390303044794,0.5,0.1,0.7,44,0.1403028675739284,0.1734158382848731
29,16,0.37689047398419667,0.7137557243684262,0.6981002845118924,0.4352690385222276,0.3809178965765141,0.4864314359056209,7.626503635354e-05,0.053770676613932214,0.5,0.1,0.7,46,0.1224073393905986,0.1522708598548727
29,17,0.3560167634962334,0.6813445691107172,0.6639226318454,0.4072146717046777,0.3089679571520494,0.4680279086180485,6.978070615295e-05,0.048928774494949784,0.5,0.1,0.7,49,0.1205459695548068,0.1372447210263435
29,18,0.39086229204257,0.7558358103720744,0.8275394715339373,1.0314888127215676,0.3037360584518505,0.5576201997810971,0.00010759869160159,0.035489789824393735,0.5,0.1,0.7,165,0.1099691122454829,0.2823205747245901
29,19,0.38724477231899607,0.7561544359744503,0.8376912628131552,1.0647355745572462,0.30233717583632297,0.5539306474745908,0.00014313220243526,0.033485902310205304,0.5,0.1,0.7,168,0.109475814570776,0.5528026490900021
29,20,0.3858493484965257,0.7513193236103368,0.8261796754208173,1.0666988094028849,0.30384735519930195,0.556731854995095,0.00012710267887073,0.029912800985137135,0.5,0.1,0.7,169,0.1102682167488366,0.5520658965571915
29,21,0.3873696193867762,0.75548458704085,0.8369036444777158,1.0758940005973514,0.3028774823468787,0.5547441330150603,0.00014380370956959,0.03383522551499095,0.5,0.1,0.7,171,0.1102641660201917,0.5496692064566107
29,22,0.39163124039302477,0.7681366978048728,0.8692995792180029,1.1100873883861098,0.3066068036629236,0.5554141002030455,0.00011718281745628,0.04001400060771266,0.5,0.1,0.7,178,0.1097384937885902,0.2636965916325258
29,23,0.42119293450340034,0.7989778516171231,0.9034138473272888,1.1775425346007358,0.33571361697820445,0.5558147179290422,0.00016678871308918,0.08215696458377339,0.5,0.1,0.7,186,0.1097271041914124,0.2807443336385252
30,0,0.9242653456916524,0.9801705482241766,0.978403186322272,0.36864924204193805,0.0,0.0,0.0,0.0,0.5,0.1,0.7,1,1.148919435595451,1.061334737529692
30,1,1.2595914301099342,1.4598428503498433,1.4489059968919076,0.8759136287136917,0.7576323888337408,0.4295072175570706,0.00047095228430107,0.4745177111761152,0.5,0.1,0.7,3,0.9178292890560448,0.6730443985845096
30,2,0.844332897401255,1.144651960680814,1.1302603923943628,0.5915205841361891,0.7574102247080909,0.42755243946446164,0.00022925025979624999,0.13188709597452572,0.5,0.1,0.7,4,0.7131192996465235,0.5063692571371241
30,3,0.7871914687217798,1.129882601231556,1.114790139918319,0.5943466217952958,0.4732905160672579,0.4283329869771564,0.00031514264529165,0.17229052471680667,0.5,0.1,0.7,6,0.5727657089876936,0.4099013863442375
30,4,0.7871229756925225,1.1298257148949657,1.1147332114019162,0.5959899234039698,0.3347868925842685,0.4294143943965935,0.00031100089842988,0.17143793907934843,0.5,0.1,0.7,7,0.5683752475395988,0.4114423256941903
30,5,0.6854336985312641,1.0528256152128883,1.0342557483867543,0.5361945584534271,0.5370414390726831,0.467310977729115,0.0001674404074617,0.09012478737190671,0.5,0.1,0.7,8,0.488984026645119,0.3556002582958383
30,6,0.6823706206509266,1.0556933520485783,1.0396353709503812,0.546917082581414,0.3345412574825311,0.4732223324089982,0.00017961292679154,0.10057586510431403,0.5,0.1,0.7,10,0.4312763875705743,0.3365445484441773
30,7,0.5744464037371114,0.9628423064871662,0.9430475426348758,0.4770163634276753,0.38517430530500374,0.4407982069123305,9.000031260845e-05,0.05099750723842805,0.5,0.1,0.7,12,0.3849679586192108,0.3720657633236797
30,8,0.5632299780463027,0.9543414127605893,0.933496263395284,0.4728489634814012,0.331999179435258,0.4448505485983102,0.00010401970803131,0.05279280715239458,0.5,0.1,0.7,13,0.3730539678302234,0.3600351576091673
30,9,0.5311753200766273,0.9284826735928119,0.907796816958734,0.4619403216341722,0.48578282260103683,0.44985571569043886,0.00010931817456783001,0.06056097320608794,0.5,0.1,0.7,14,0.2896013566845256,0.3231815264597727
30,10,0.5201041922353701,0.9161809442012993,0.8901645133225828,0.46403579272901374,0.4191664795925558,0.4721582155509334,0.00011819358726361,0.0616553294394897,0.5,0.1,0.7,15,0.2982681316748375,0.2968375431858814
30,11,0.4987762866369093,0.8933612900743448,0.8654554980427671,0.4512749669375312,0.4077167956757871,0.47004027165162443,0.00011712845136259,0.06085160283046735,0.5,0.1,0.7,16,0.2739504273672649,0.2808788520148059
30,12,0.4337073979961714,0.8186213006216417,0.7888651997313219,0.4014181440381243,0.615288881279189,0.4544870325784604,8.600630786092e-05,0.04568921817042895,0.5,0.1,0.7,17,0.1946578339952797,0.2278177829625595
30,13,0.43206156912057053,0.8178259617611119,0.7911708635991349,0.40622804650862604,0.2662648887716903,0.4544870325784604,8.600630786092e-05,0.04568921817042895,0.5,0.1,0.7,19,0.194047818761392,0.23039876396309
30,14,0.4573864607001884,0.8366041787071035,0.8080626729337841,0.4352885478168764,0.42957111886516575,0.4843945562417048,0.00015320123753304,0.08137826793647396,0.5,0.1,0.7,20,0.1372215718457864,0.2119985645633534
30,15,0.4423375228883618,0.8184016868500882,0.7919716631338044,0.4244718558089199,0.37605497309059976,0.47624240462207723,0.00014684004383359,0.07819464104406748,0.5,0.1,0.7,21,0.1306143835991027,0.2020828544182585
30,16,0.4184767240389788,0.7761400544817816,0.7427763487011728,0.39971927044896155,0.5429599008192374,0.45551725029391216,0.00016497779864292002,0.09291605492871478,0.5,0.1,0.7,22,0.1208916170006847,0.2102398826043538
30,17,0.4240665040766615,0.7811060785139656,0.7506317643853192,0.41155427763662616,0.31551199223182286,0.48262765685228703,0.00017204063380445,0.08517252863638658,0.5,0.1,0.7,24,0.1049103965876826,0.170513097307619
30,18,0.4095987338554601,0.7564096754315622,0.7240659975181393,0.39455737814713127,0.4260981162873743,0.47750474084396743,0.00016858541446541,0.08351384004757963,0.5,0.1,0.7,25,0.0999907740870029,0.1570140031895838
30,19,0.4191729435479557,0.7615043762000189,0.7314345078794859,0.41523936979523635,0.33616632641939875,0.4601012637181103,0.00021750300808835,0.11761037997766279,0.5,0.1,0.7,28,0.1184737366553819,0.1432624681184534
30,20,0.41785802558990504,0.7611075972315636,0.7342451054538442,0.42083921388913903,0.3149953587662875,0.4592653637081352,0.00021736312675715,0.11707172831474907,0.5,0.1,0.7,30,0.1186709240159341,0.14297631421893
30,21,0.40988911118105104,0.7524357563907911,0.7254550224830626,0.4126545431757058,0.3124320419062729,0.4504640425294618,0.00021336343309632,0.1128658458314418,0.5,0.1,0.7,31,0.1205987736095768,0.1288312171174034
30,22,0.4000113934744962,0.739257084088599,0.7117276766929735,0.4089494436259452,0.33516606435125396,0.4708648887533557,0.00016651395119899,0.08826803111145323,0.5,0.1,0.7,32,0.1118169639304809,0.1302761346663914
30,23,0.38862045933850714,0.7260923225601988,0.7013347350981604,0.4092860865860301,0.2977821773274108,0.45282993211262995,0.00016043245429361,0.08875643149749003,0.5,0.1,0.7,36,0.1129358549838951,0.1273914086033402
30,24,0.3886204694690046,0.7260922853203585,0.7013346864642652,0.40928606616901536,0.28856072458193144,0.45282993604588073,0.0001604324712341,0.0887564408296548,0.5,0.1,0.7,37,0.1129358522959501,0.1273914069372533
30,25,0.38562111159424173,0.7178060473358437,0.6952767184374615,0.41909664976610683,0.365323405115745,0.4532761112547425,0.00016081212991316001,0.09172424708600718,0.5,0.1,0.7,38,0.1040679309753947,0.1102501436361052
30,26,0.4157775166188615,0.7463254118845702,0.7235417243008492,0.44446971917546646,0.3398122750750823,0.4659112585962183,0.00022748392556484,0.12750858006013863,0.5,0.1,0.7,39,0.1165437742738316,0.1177556580802186
30,27,0.40194138416752584,0.7320848482615804,0.7092386130553682,0.44380185454368926,0.3108574204575037,0.45855730719034965,0.00022020807269939,0.11342131716674038,0.5,0.1,0.7,41,0.1141608545511512,0.116418642153011
30,28,0.3691770584435129,0.6991144626602783,0.6762363648790515,0.41036085727349086,0.27828661981739766,0.4509828333331197,0.00012966460107554002,0.07225448915822254,0.5,0.1,0.7,42,0.1035963030671631,0.125858640706992
30,29,0.39682194730442466,0.7277583390158309,0.7081086742545927,0.4579596443226983,0.30941428239591556,0.45674160009991377,0.00020963765074243998,0.10814304980945369,0.5,0.1,0.7,43,0.1141646382579945,0.1170829366578281
30,30,0.386279639510071,0.7113375698858373,0.6877146687849947,0.4290488952244216,0.342822060749508,0.46357517292178996,0.0001706241419199,0.09265369711475291,0.5,0.1,0.7,44,0.1094889412653692,0.117001863253125
30,31,0.3734496873462119,0.6979349664856607,0.6773061337322601,0.43661053486334966,0.29601694954029817,0.4459296555849329,0.0001861814094571,0.08895859773408647,0.5,0.1,0.7,46,0.1039767159048849,0.0922834545490043
30,32,0.36956985948940096,0.6902301191694991,0.6628667251923308,0.416817580080649,0.2904839905469129,0.4528945232817967,0.00013621152814000998,0.07924791182775567,0.5,0.1,0.7,47,0.0962175958803412,0.1007831822724303
30,33,0.3703195911728563,0.6900938384451172,0.6656820078905202,0.42186264582254224,0.3087279405949333,0.46065013185432546,0.00013659456944593,0.07704435236437644,0.5,0.1,0.7,48,0.1027248603198416,0.111137720111968
30,34,0.3661114446479745,0.6847545421785463,0.6601760459686348,0.4200503800435509,0.29232293240162893,0.4509825856064265,0.00013577385981452,0.07899382683401247,0.5,0.1,0.7,49,0.0952910015694244,0.1005678697287218
30,35,0.35960457088690845,0.6806044086706532,0.6625419674366846,0.4401845324521295,0.2780362763229691,0.44699256208476573,0.00013137921834548,0.07315385464597451,0.5,0.1,0.7,51,0.1050763142749979,0.0956735716127527
30,36,0.36525803488026853,0.6787321953224787,0.6564913613530763,0.4304216711410918,0.3443961492007892,0.459067334568033,0.00013719333586152,0.07798597282742534,0.5,0.1,0.7,52,0.0973059812157457,0.102311470855688
30,37,0.3546925801419721,0.6683702898290417,0.6492497290264132,0.4300092863105154,0.28075577356054143,0.44672564246742713,0.00013690786290297,0.0728263163276743,0.5,0.1,0.7,54,0.1131428877732724,0.0913148404867591
30,38,0.3404166395803958,0.6530031115471749,0.6337271442768547,0.4212266285676811,0.26610168206956775,0.4386926682465936,0.00011242656784389,0.05910521833431764,0.5,0.1,0.7,56,0.1122975852577358,0.0870034456993222
30,39,0.3256163890303577,0.6373737858719044,0.6179793868679876,0.4144966495048413,0.25470525148837997,0.4209304204992458,9.786419937925e-05,0.05136500336650655,0.5,0.1,0.7,57,0.1158940743548478,0.0942096364792205
30,40,0.334093325025336,0.6445351056469512,0.6249554425768978,0.4404871895751943,0.25821376635290894,0.44385136867848485,0.00010097072610058999,0.04819232984688697,0.5,0.1,0.7,62,0.1052135719397562,0.1082231379613935
30,41,0.33296309773039906,0.6443211581715876,0.6279648676736508,0.4478065413311903,0.25771633279232603,0.4427075906510995,0.00010138918554024,0.047878371661179794,0.5,0.1,0.7,64,0.1057725058401048,0.1040327860971999
30,42,0.3290686582362482,0.6417417810922695,0.6286651213901193,0.46136242311502657,0.2515379025522719,0.4439399413438215,8.824982323999e-05,0.04158856134571193,0.5,0.1,0.7,68,0.1074490385009866,0.1128059541428424
30,43,0.328204759809377,0.6407044376821003,0.6306985712509111,0.48125893168300915,0.25443112967677867,0.4437563113851773,8.782144083171e-05,0.04185752861517525,0.5,0.1,0.7,73,0.1051320483797961,0.1040386137928443
30,44,0.32404318603538934,0.6364440221636903,0.6264243508869494,0.4833717201074159,0.24755977894007836,0.44166790298021585,7.86193119239e-05,0.03748585284626548,0.5,0.1,0.7,75,0.1069067867393787,0.1044869521262135
30,45,0.3251500130861123,0.6388649911962743,0.6321249406083286,0.4966682832501055,0.24888873988045046,0.4392498937876315,8.824148869343e-05,0.04094292162255995,0.5,0.1,0.7,78,0.1106409121019066,0.1040505005795877
30,46,0.32830029577706205,0.641220560191708,0.6343695626544807,0.5058642058687428,0.2557288812226434,0.44486094379912255,8.786393054489e-05,0.04207844802346594,0.5,0.1,0.7,80,0.107733236520374,0.1009436252549196
30,47,0.3273476761126107,0.6409269243351321,0.6403620513033537,0.4975299653640101,0.2747010672356862,0.4466037388071767,0.00010936202688044,0.041335119485461466,0.5,0.1,0.7,81,0.1099566346906166,0.0933391433720445
30,48,0.3226572962414884,0.63740535797243,0.640100301014672,0.5261813703558547,0.24800204663999353,0.4485421088443904,8.841011465877e-05,0.03351317291328817,0.5,0.1,0.7,93,0.1110097820900709,0.0929122990496773
30,49,0.3134404352059398,0.6324086052211828,0.6480807316535377,0.7052967999551578,0.2399832034241749,0.44636597474430706,5.363993532662001e-05,0.02329172284780063,0.5,0.1,0.7,128,0.1071628504283349,0.1066743195385714
30,50,0.31202000635641747,0.6334480643148502,0.6556572553370404,0.7493872920342771,0.2388513400299358,0.44581797732003053,5.27622600534e-05,0.022069792193215945,0.5,0.1,0.7,138,0.1074159642526597,0.1061687040581454
30,51,0.3254752322790523,0.6527166192286061,0.6912230592526187,0.8350897969678964,0.25358452486824556,0.4468968318047289,6.872887495181e-05,0.04180510574123635,0.5,0.1,0.7,156,0.1048854600301111,0.1056269504536903
30,52,0.32111279429477835,0.6513058571365389,0.6964160389904155,0.8557574904770485,0.24852344943490087,0.4601658189535778,5.5183700749630004e-05,0.026147185928966598,0.5,0.1,0.7,161,0.1055758550305386,0.1009454464810565
