Run,Equation_Index,Hybrid_MSE_Train,Hybrid_AIC_Train,Hybrid_BIC_Train,Hybrid_MDL_Train,Hybrid_PSM_Train,Extrapolation_Divergence,Sensitivity_Interpolation,Sensitivity_Extrapolation,Lambda1,Lambda2,Lambda3,Complexity,MSE_Test_Interpolation,MSE_Test_Extrapolation
1,0,0.8058711858548735,0.9803017583700174,0.9792876792449134,0.059806648789759706,0.0,0.0,0.0,0.0,0.0,0.2,0.1,1,13.90643405564858,66.31490612098315
1,1,0.5290862992451697,0.9428578323713833,0.939914709113067,0.055163754229544844,0.14589738698045235,0.07616908045251862,7.561083860169999e-05,0.00013947789955326,0.0,0.2,0.1,3,8.912409813882155,43.44584212048562
1,2,0.4160865436724324,0.9218952600014844,0.9178468558388572,0.053410615031603756,0.16794973807408048,0.08171653273119703,0.0012308618747747999,0.00289988327209708,0.0,0.2,0.1,4,5.977442844900173,39.9114463522092
1,3,0.17173095275833625,0.84782689450511,0.8440930439271866,0.03857626549398805,0.6144161352721476,0.08936665010271654,0.0009380471408230401,0.00173039801308302,0.0,0.2,0.1,5,3.394379189182961,9.050365602795292
1,4,0.130306524045609,0.823253288179222,0.818239309391804,0.03688927704519894,0.09734948221861792,0.09235911257737871,0.00180651355889535,0.00292898677603447,0.0,0.2,0.1,7,8.329192286330212,6.848519710928331
1,5,0.12152468413486045,0.8173796887252417,0.8120387569724028,0.03935366504883515,0.05249533415880607,0.08939315830410575,0.0026176569536526103,0.00608054760398148,0.0,0.2,0.1,8,10.718478382445552,95.42930849565774
1,6,0.1122790652558241,0.8098171211741579,0.8041275815515752,0.03896327603836477,0.050819897748549586,0.09159797301384391,0.0009369372921640201,0.00153598764613684,0.0,0.2,0.1,9,5.113696912412921,1.9400364972076545
1,7,0.10309005768644304,0.8022202468343345,0.7961314541448312,0.05386871605794324,0.015612911747036627,0.08847050152320812,0.00135973477299869,0.00227974624195152,0.0,0.2,0.1,13,6.92693826244457,8.29098038378755
1,8,0.10122988983204163,0.8057228840334738,0.8038967422704477,0.05605480986431534,0.00996797773514629,0.09244653198352244,0.00303067562142508,0.00595717742149979,0.0,0.2,0.1,15,4.620750344653039,3.990561851671373
1,9,0.08804927190681514,0.7880762687692046,0.781213359333544,0.055764877860675764,0.10087193711655604,0.07314716053689127,0.00334548672935448,0.00724038319431303,0.0,0.2,0.1,16,4.30824980634734,44.54701379036072
1,10,0.08573372843068573,0.7853938604507799,0.7782135353698921,0.06268731710310158,0.02888512360661739,0.07776253443205741,0.00376072563844775,0.04124664362811067,0.0,0.2,0.1,18,4.788422542280454,36.60891663619493
1,11,0.08106248077241197,0.7903810015764636,0.7918307526558541,0.07604254368427973,0.019790794928039184,0.09202211510385593,0.0071209807666776,0.00804023547109178,0.0,0.2,0.1,19,6.802092924716581,4.253234360555269
1,12,0.07432394917544964,0.7823611844060354,0.7833842114011323,0.08533422630310679,0.01862941842848134,0.09230451496490556,0.00787976662953306,0.00921036537936762,0.0,0.2,0.1,23,6.760063525317152,5.11992957461204
1,13,0.09069661948326987,0.8083523247207088,0.8180507739189363,0.12066330443369727,0.023543853152182218,0.08444099602882899,0.09782394610628133,0.00406768123017103,0.0,0.2,0.1,26,7.123681096754781,26.60344087003656
1,14,0.08343130522342315,0.7935658923183786,0.7983609700147658,0.10882875579468049,0.1006165953020319,0.08485457421183074,0.09953053082722316,0.00525664704240737,0.0,0.2,0.1,27,7.057624345000996,29.593976696462096
1,15,0.08030565607007636,0.7935340286965071,0.8023996950127136,0.116565194811033,0.04420935769226299,0.08543240418822998,0.10256478848075176,0.00817404406231831,0.0,0.2,0.1,29,7.016898271525836,34.80536142674899
1,16,0.08016291852689444,0.7982651255642734,0.8114928216735922,0.13909845142836103,0.021749453379768902,0.0854324044252494,0.10256382744856044,0.008174046152399719,0.0,0.2,0.1,33,7.025932505483314,34.633498679332774
1,17,0.2561791605532832,0.9588707860041868,0.9588941233136824,0.30139113909036486,0.21126673061315582,0.09428039976141805,0.9588036770062199,0.06665423583900239,0.0,0.2,0.1,34,6.833845471827957,11.106048136026551
1,18,0.2561791622978959,0.9638178128249136,0.9682143139381508,0.321688118133648,0.19842618701416784,0.09428039976141805,0.9588036770062199,0.06665423583900242,0.0,0.2,0.1,36,6.833845561500564,11.106047989066626
1,19,0.2578039599680069,0.9564182225444436,0.9559007003832464,0.32742739537619625,0.2882878526969089,0.08958534383202837,1.0,0.06479837697068445,0.0,0.2,0.1,37,5.275011937492948,6.862630848632423
1,20,0.25442021846420665,0.9547986861918901,0.9582871143810113,0.33238456997420174,0.2625660798167345,0.1016626652582912,1.0,0.07046516413818571,0.0,0.2,0.1,38,6.331827061145787,12.366195453499028
1,21,0.2515820231150818,0.9496855112669379,0.9529308675217437,0.364393909782113,0.21400740777188984,0.0872313295311426,1.0,0.06655194649219807,0.0,0.2,0.1,43,6.959672506127284,9.159940329845178
1,22,0.2528885233027009,0.9608025166761982,0.9727855006922692,0.37518165455989894,0.20936361356218944,0.09288645408875659,1.0,0.08046970048077415,0.0,0.2,0.1,44,6.244885808630269,8.848597060439385
1,23,0.2440013627697498,0.9337531046600303,0.9401433198978428,0.3497187016836515,0.39407784344949515,0.0900679830491166,1.0,0.09635771443850612,0.0,0.2,0.1,45,6.091802435596636,8.205061201788551
1,24,0.2440417504434132,0.9387307009805047,0.9494932554912746,0.3684283672077504,0.20972382870211032,0.09004602363207513,1.0,0.09682343899012004,0.0,0.2,0.1,48,6.085031470597759,8.165094315533342
1,25,0.24393480609297555,0.9434743905458085,0.9586020319178878,0.3777855739481476,0.21085497558678234,0.09006798304911666,1.0,0.09635771443850613,0.0,0.2,0.1,49,6.048056935541059,8.206100402129417
1,26,0.24208233629213613,0.9401983269260571,0.955207633935674,0.40871211803903856,0.21313857850108,0.10133713699862083,1.0,0.0865867956627679,0.0,0.2,0.1,53,7.223910750154292,9.764000700674243
1,27,0.06781057374117805,0.7698555184599082,0.7891546108596414,0.2546012277187327,0.03678627359543822,0.08550602507400723,0.16136395817823732,0.02715540408777043,0.0,0.2,0.1,60,7.387149413891418,76.89603454238886
1,28,0.06530203231210996,0.768638699354729,0.7920166493278913,0.2698230845992844,0.04953033626884389,0.08016844060404846,0.15995606644494065,0.025502154226265162,0.0,0.2,0.1,63,7.387520163415355,84.61490841861507
1,29,0.06523942722271736,0.7684485612850396,0.7918165555673105,0.276532553829367,0.03603061411377856,0.08006975541020483,0.1599644451282661,0.025517958227342142,0.0,0.2,0.1,64,7.406520942116992,84.73134236164702
1,30,0.06444000270692427,0.7596025868953433,0.7783585486466004,0.27584127600384756,0.053132993790060146,0.08580837468994786,0.16164862643753075,0.029561519483250347,0.0,0.2,0.1,66,7.129894964600475,75.68710526661593
1,31,0.06402293545204625,0.7633580059221267,0.7864267961994322,0.28609440500449457,0.04478095346306594,0.08703348554668297,0.16140197901841077,0.0298588253675459,0.0,0.2,0.1,67,6.953433617972421,83.37979540145096
1,32,0.05636085113612347,0.7543314604873725,0.7772981810736038,0.28534191435588135,0.03575233475888696,0.08631590754723963,0.12608555888175196,0.03005157073894807,0.0,0.2,0.1,69,8.075664767378704,81.23939453542444
1,33,0.06431055771643905,0.7659315458753209,0.793173388162744,0.30412985860942077,0.05192435000513546,0.10092635959025054,0.16276284750538653,0.04227524781636257,0.0,0.2,0.1,70,7.104723824292605,82.2689566733218
1,34,0.05323494934875488,0.7467700409563124,0.7694083032094913,0.27135870662537775,0.06154709464755429,0.086878033965542,0.12085398224257278,0.02870627456784728,0.0,0.2,0.1,71,5.225299491734755,526.1980414222626
1,35,0.05072484794161955,0.7382500661411898,0.7604577600936812,0.27679975970208737,0.09215793990988834,0.08619849085765015,0.12054045357530263,0.02777318119228957,0.0,0.2,0.1,72,6.253567107787633,542.9102507786192
1,36,0.04855431623020067,0.7320705265260709,0.7580364908583831,0.27828818224384216,0.12053625022162481,0.09185869274210423,0.12306468478607,0.03090262259428454,0.0,0.2,0.1,73,5.68185872008296,591.3473395895649
1,37,0.04687044831346343,0.7219967397309901,0.7433598308743847,0.30089988889747504,0.035724271425399856,0.08771841083717609,0.12184432352618371,0.02669794842945325,0.0,0.2,0.1,77,5.049573733655304,561.5229262771909
1,38,0.04687548596698518,0.7199164883171623,0.7411418994075004,0.30429122446975426,0.04853725511357242,0.08843575970254171,0.12343852231311092,0.02945216466661042,0.0,0.2,0.1,78,5.158043815667354,601.9492156521646
1,39,0.04550848122403647,0.7192765971674356,0.7446004014755037,0.320718198905125,0.06885339703632103,0.08236837758962248,0.12637509599842414,0.02108478917684743,0.0,0.2,0.1,79,4.889868327460023,522.1938236284843
1,40,0.029010091989746082,0.6673586348025589,0.6823489584018532,0.26936429715835897,0.25621814744718163,0.10278664562657362,0.01505518121603833,0.13179643239602723,0.0,0.2,0.1,80,11.550575025194023,66.16870936156451
1,41,0.029853838021805416,0.6661971851633235,0.6810671697363561,0.2765676986463513,0.02646796219647768,0.10235558249474083,0.01675699439297163,0.14015319254327308,0.0,0.2,0.1,82,12.135238625879428,68.62071156085267
1,42,0.027429135473399976,0.6523981077137707,0.6665947003659071,0.2729621999092497,0.06756655880589299,0.10258290405403085,0.01580276860432128,0.13487993300452575,0.0,0.2,0.1,84,11.539071983669118,65.216149225307
1,43,0.027311630398902477,0.6557924439583608,0.6742782600000561,0.28390746763961805,0.023074521873979757,0.10254684452073093,0.01555817126653786,0.13615098852641383,0.0,0.2,0.1,86,11.499843277474293,64.85018104555242
1,44,0.02776476814637881,0.650653927890224,0.6647289208329908,0.2828696163088659,0.02295861623599632,0.10227647150204243,0.016429638443758752,0.13980545552300389,0.0,0.2,0.1,87,11.316069060180162,63.762546974077736
1,45,0.027219162240697634,0.6494225720143009,0.6634575717736496,0.2969598413008179,0.022868234726302752,0.10206652156456032,0.01586701945500328,0.13638828689293153,0.0,0.2,0.1,88,11.260023837950952,63.50316715587436
1,46,0.02789305267162555,0.6547707661091178,0.6731630377711638,0.29269802690785524,0.017821807510195412,0.10222148414592254,0.017718133535725718,0.13978415052653206,0.0,0.2,0.1,96,11.697979588021251,66.23162783035426
1,47,0.028807700880088487,0.6506900682120472,0.6647062792658375,0.323056282548449,0.01896930028534378,0.1019570031794593,0.01924258851927099,0.1459599542341627,0.0,0.2,0.1,97,11.70539229507458,66.80664000814235
1,48,0.028652177942932552,0.650325729628224,0.6643298095472392,0.3228733951096246,0.0201223047325329,0.10190503539163588,0.019191612582438282,0.14477659726690967,0.0,0.2,0.1,98,11.621360630473198,65.9948737492279
1,49,0.028666716865437765,0.6544069338852776,0.6727329901822908,0.3348017122070979,0.026127191304687027,0.1019570031794593,0.01924258851927097,0.14595995423416278,0.0,0.2,0.1,99,11.690028359327384,66.14499019012722
1,50,0.028444180130729337,0.6489288497654415,0.6628637803825739,0.34214354473608144,0.019174475163799394,0.10196037676076207,0.01812690035454008,0.14636885458184343,0.0,0.2,0.1,102,11.796856072130456,67.73816721039675
1,51,0.03732758416316655,0.6855279379446249,0.7255877326835929,0.3966353465030643,0.04462459051345373,0.08760786867381176,0.02017096385791938,0.2336157917981939,0.0,0.2,0.1,103,8.465565954257336,436.1787219901554
1,52,0.021281301688777357,0.6423608250965483,0.6685960399061402,0.3717775089023675,0.11940745830676835,0.10270843841225179,0.02868355332055426,0.07029303602090203,0.0,0.2,0.1,104,8.12325376036901,223.57253583306783
1,53,0.020837264763173338,0.6423902496051828,0.6727447099026105,0.3897526244348304,0.03198626852106003,0.099143186517146,0.02883033532842056,0.0701500113067548,0.0,0.2,0.1,106,8.379694682123763,227.0342467578429
1,54,0.015559124981885528,0.6370975717139463,0.6674512100814377,0.39501672962366013,0.007562403529349705,0.1076255864782105,0.02134683196045373,0.03235026868446119,0.0,0.2,0.1,108,8.366366237419008,279.0874521666205
1,55,0.015544272054406793,0.6418801341992597,0.6765984573218665,0.4036317494838313,0.008144697456989116,0.10762558647821052,0.02134683196045372,0.03235026868446123,0.0,0.2,0.1,110,8.372452456378745,278.6811012534855
1,56,0.015559143934318412,0.63326399737023,0.663401130756521,0.39798022238003333,0.023619631300817272,0.10563046303994397,0.02334393540232893,0.03207657584747559,0.0,0.2,0.1,112,8.252669878249623,273.5210212457546
1,57,0.021644879990649856,0.6425433432380108,0.6769549578812463,0.4196100312834485,0.029024907280733186,0.10375466852923158,0.031154413396362313,0.07894725600440823,0.0,0.2,0.1,113,8.161765084755173,213.3587857882005
1,58,0.021672261079569544,0.6425350619245205,0.6769446536430309,0.42470679208706696,0.014481709043112932,0.10591903373098781,0.03080478789069193,0.07995621920231437,0.0,0.2,0.1,114,8.25354973833346,216.09409355427488
1,59,0.021647364899839854,0.6473448933816768,0.6861213377408358,0.43185548073483904,0.015075615444156282,0.10374737991123759,0.031223871954000493,0.07896962528698478,0.0,0.2,0.1,115,8.165626922369777,213.4080267495448
1,60,0.021456385303602915,0.6438351371704627,0.6824253532276208,0.43116559565841145,0.042403368449015176,0.10502111440666967,0.0312286284208927,0.08004026925074911,0.0,0.2,0.1,116,8.328147718181187,215.8754350960659
1,61,0.019267221332742116,0.6312507383610269,0.6692617603819299,0.4435467294611529,0.025442588667857903,0.10134605614797336,0.02908773235881278,0.07099116343388037,0.0,0.2,0.1,123,8.341442496239754,228.87893486897136
1,62,0.019499030467059624,0.6262955719386718,0.6681204884092392,0.45469929406483006,0.05616665831137029,0.10157218007079145,0.03338674784856634,0.07200800827033066,0.0,0.2,0.1,125,8.42800332373315,230.5511377695791
1,63,0.017951827332924546,0.6245388747544263,0.6663522819042207,0.46391271662723943,0.014084154415056418,0.09702002174820872,0.04148129043569699,0.040488024587307866,0.0,0.2,0.1,126,8.432244097612408,222.33973023798504
1,64,0.01904182050084411,0.6188866081698373,0.6603305586872686,0.4602539286983919,0.06976037738267264,0.1002206652126791,0.03334669745932059,0.07200176087364188,0.0,0.2,0.1,127,8.495886082873934,231.51315661614268
1,65,0.018867416123589727,0.6161498353454872,0.6574538792036968,0.46683199240586604,0.02443790411076613,0.09890374752227643,0.033286330435086484,0.07193459755001565,0.0,0.2,0.1,129,8.579721089106615,232.59576915386447
1,66,0.01868771444005758,0.6231853194204177,0.6730896716656367,0.4989307280414446,0.01749702790837523,0.09883171874717431,0.03305443132989319,0.07217539092569654,0.0,0.2,0.1,135,8.598286673097638,232.73539854108003
1,67,0.018524010082457937,0.6198977176667725,0.6696321428108033,0.5092442209388671,0.04019789757326997,0.09866333848339384,0.03322237370522617,0.0719722733552732,0.0,0.2,0.1,136,8.613590822252236,232.46978879493216
1,68,0.01852888623042514,0.6192471093035532,0.6689459317050006,0.5164859976648917,0.015075620047959669,0.10045693980738007,0.0334964545119315,0.0718355320441697,0.0,0.2,0.1,139,8.677635311921234,231.9332769388197
1,69,0.018504647815899604,0.6241251324347503,0.6781946728647996,0.529358050861986,0.018233270325346454,0.0999892222739257,0.03328575325014612,0.07203920187835959,0.0,0.2,0.1,140,8.614261199095868,231.4540443953352
2,0,0.9067862308650833,0.9908076231134912,0.9903343647516023,0.062124865203527696,0.0,0.0,0.0,0.0,0.0,0.2,0.1,1,5.376185435703663,61.2908948034832
2,1,0.5928961500040723,0.953004770096294,0.9505835909673073,0.057410288849641375,0.14733471821936325,0.08634844648435273,8.520497731514e-05,0.00020113119222921,0.0,0.2,0.1,3,3.088206086138984,40.33261907157812
2,2,0.4522753997496664,0.9300548212567759,0.926378954135234,0.05592434063089544,0.19133645060982007,0.11880382123513251,0.00254218329487342,0.00950703569010375,0.0,0.2,0.1,4,3.651427027843889,39.96176523671903
2,3,0.22863447220253674,0.873278537633091,0.8708591408795183,0.044122081398329786,0.471791071230175,0.10442568019239412,0.00070432933417227,0.00138107242906489,0.0,0.2,0.1,5,1.7578700580726467,9.67327248530312
2,4,0.17793994041826483,0.8510584411209843,0.8474935340631771,0.0441739162828612,0.08738266793077283,0.10374449981010163,0.00078758321830898,0.00153129771386916,0.0,0.2,0.1,7,1.4714878762519117,3.41567038063067
2,5,0.1746332145266051,0.8449213220260868,0.8368551654000788,0.04524923536657491,0.019819203374558128,0.11698067530138082,0.0018205419196562801,0.01244943066600988,0.0,0.2,0.1,8,1.1716630640605747,4.182534446854931
2,6,0.16025876930884783,0.8368991774752441,0.8284861366599063,0.04209465576113373,0.054858611303834855,0.10652644548848192,0.00081007830371312,0.00162248696584514,0.0,0.2,0.1,9,1.514972703388932,3.000432419822384
2,7,0.15399452078306153,0.8385815980206297,0.8343039846409137,0.04999421056415859,0.03551267773681545,0.11662918588094504,0.00199590814204002,0.01279329459865174,0.0,0.2,0.1,10,1.1073263477169268,8.738334313634436
2,8,0.14827396381859656,0.8300909989951263,0.8212753485743406,0.04921633455329985,0.026265339781513818,0.11640317011498723,0.0015725334225447699,0.01023136879618089,0.0,0.2,0.1,11,1.4321471894040383,3.983595474333892
2,9,0.13460464490410706,0.8211056718445182,0.8118722690905407,0.05046752085992401,0.03205680060752695,0.10769155051487336,0.00114894711979526,0.0023761058273370503,0.0,0.2,0.1,13,1.7344527338849125,2.294967998692357
2,10,0.13396688688747146,0.8256261343904566,0.820744264358752,0.058991901072797635,0.0020952459381979737,0.10759519267005495,0.00113140067982194,0.00234444461453449,0.0,0.2,0.1,15,1.7021598949800505,2.0182246497816654
2,11,0.12604730895361096,0.8219805482547496,0.8165699267877669,0.0720346355604366,0.07357581194917048,0.10736519025159734,0.023692870703794562,0.02347781956389983,0.0,0.2,0.1,17,2.4486943258742864,2.4825148120665586
2,12,0.1142249361225154,0.8222469352669965,0.8251822550167668,0.09015479161889654,0.006089422602975405,0.10673608227619748,0.010643544029806249,0.031074924786914388,0.0,0.2,0.1,26,1.5305820517734965,2.070425767372283
2,13,0.10892661025215118,0.8274231939526778,0.8389552393654681,0.12620749830803757,0.007931519373766042,0.10131793751841099,0.0043991055498029,0.02544329396731409,0.0,0.2,0.1,31,1.2265997700439877,3.961201437729598
2,14,0.09716100221940621,0.8119595614742209,0.8185560497821305,0.12475555738019704,0.08882804686437763,0.10250114471631681,0.005137157828917769,0.02805093164368347,0.0,0.2,0.1,32,1.2724565247836102,3.2587669277989293
2,15,0.09889756443842844,0.8236054344434878,0.8389348615631266,0.15005875113076125,0.006186258917238651,0.09644032748297855,0.01635488721846758,0.02573508996793255,0.0,0.2,0.1,38,1.327531779192988,0.6007467977898817
2,16,0.0958143650311667,0.8205997739747999,0.8358804322219602,0.15090217152353858,0.011455765010113403,0.0973214167650511,0.00483882027964714,0.02817689568538609,0.0,0.2,0.1,39,1.5640166875069723,3.532476334619504
2,17,0.21196876259643985,0.9208394222113516,0.9221139732773009,0.2670789579173184,0.20296498553103856,0.15736313464757712,0.18044700415022233,1.0,0.0,0.2,0.1,41,1.029782653560409,10.86756479925231
2,18,0.0871569070341593,0.8058923973059916,0.8159031461170011,0.17943953177203784,0.011830416414789057,0.11457906694577455,0.02639150310138776,0.06166737237520118,0.0,0.2,0.1,45,2.202598390522456,9.658538752937234
2,19,0.07874743586235292,0.7913014611606902,0.7965887267063139,0.16530905185914277,0.03509841149909529,0.10965789651271318,0.011179941924435829,0.06370585652120665,0.0,0.2,0.1,47,1.5250273719627645,4.259435829609943
2,20,0.06802246191702922,0.7808435733863051,0.7896455444978719,0.17242577700481732,0.1398966327576011,0.10495555257117938,0.00853940578073635,0.08169612683240682,0.0,0.2,0.1,48,1.575288092425107,3.0709601254798367
2,21,0.10843232670516598,0.8131807420498801,0.8171836104983509,0.22522924951912143,0.11968827211816738,0.07803547442262396,0.07193372400643663,0.410487744138549,0.0,0.2,0.1,49,1.598872475624607,8.397432780233215
2,22,0.10346006871002708,0.8079710938862276,0.8119443680094685,0.21369685506639716,0.05523506043735712,0.07979571032631134,0.0712620983001075,0.3654838775896188,0.0,0.2,0.1,50,1.6502718402637546,7.099947109643269
2,23,0.10807102283588806,0.817513655456605,0.825858072998662,0.24103545375237717,0.05574409149585593,0.07803547442262396,0.07193372400643656,0.41048774413854916,0.0,0.2,0.1,51,1.5092355336678307,8.412314784623984
2,24,0.06600063140685045,0.7719448917528167,0.779875125170367,0.18578822587325652,0.08055757755518361,0.10264700515732601,0.01773659831113103,0.14365185883114978,0.0,0.2,0.1,52,1.5869538645653638,4.272117288429089
2,25,0.06478339154571654,0.7615273913129504,0.7646336162704302,0.18629165780790433,0.05528877884118078,0.11063143282844687,0.027609075552060817,0.15677947394410452,0.0,0.2,0.1,54,1.53902322914277,5.077990069068642
2,26,0.06365408131812726,0.7653130514189163,0.7727892099721733,0.19888162230469242,0.020346227901242915,0.10986001797834193,0.026473160220645747,0.1480653005454809,0.0,0.2,0.1,56,1.5487751903775218,5.118509696311805
2,27,0.0679746513925963,0.7740244012568777,0.7858179806451806,0.21966941699789458,0.027055076861462437,0.10861245815026503,0.027925042324129217,0.19363072810542803,0.0,0.2,0.1,60,1.4619501182680978,4.450850242258615
2,28,0.06326699665473956,0.7682541134607979,0.7799429502403394,0.22095964051948033,0.026494078505683454,0.11169506915750574,0.027249485167617087,0.15762819423616617,0.0,0.2,0.1,63,1.4387793613428317,4.845352256211212
2,29,0.06195142492417314,0.77164292145808,0.7876813021453763,0.23395974567794622,0.021899331987588814,0.11089859342114097,0.02610910764816176,0.14891383459300528,0.0,0.2,0.1,65,1.4447476130465389,4.888119680762765
2,30,0.060322866308506806,0.7694347902177283,0.7854171726072491,0.2428378477291219,0.02746051561794799,0.11214920651885685,0.02621326914319696,0.13750092488604068,0.0,0.2,0.1,66,1.4922513538435522,5.751772680972353
2,31,0.0599704697256813,0.7722574463992103,0.7924453568058341,0.24325042276572528,0.04547357292039249,0.11042082346838641,0.026206440131094938,0.14883104064772967,0.0,0.2,0.1,67,1.4932347056283783,5.88298875531837
2,32,0.059215307128913416,0.7704167879426104,0.7905041826543315,0.2698299390198654,0.027863297010636296,0.11182539585139291,0.02671943043343149,0.14892623279193667,0.0,0.2,0.1,69,1.673149937191664,4.758067560836057
2,33,0.05921542666850723,0.7753639306721516,0.7998244891876145,0.2803888456178965,0.020236915969994048,0.11182540397448298,0.02671953581924587,0.14892718110845257,0.0,0.2,0.1,71,1.67315081882725,4.758067642271143
2,34,0.05909129037274065,0.7602357783258262,0.7715620759060604,0.2069188156122978,0.022445738848135784,0.11182540397448303,0.02671953581924457,0.14892718110844053,0.0,0.2,0.1,72,1.4930742217604431,5.381011983453057
2,35,0.05893915832026142,0.7746944120808789,0.7991193240666816,0.287000028337193,0.02182225460492522,0.11107391703394068,0.026730003237051953,0.14913384828932455,0.0,0.2,0.1,74,1.5922306049871018,5.4158140456784425
2,36,0.058939281083709646,0.7796415732916824,0.8084396562182966,0.29768077253885306,0.020259852524478004,0.11107392419422236,0.026730108669719012,0.1491347926106616,0.0,0.2,0.1,76,1.592231599532767,5.415814589532675
2,37,0.05853034535985541,0.7786582156212967,0.807404261193387,0.3036773529695582,0.028158918567325747,0.11012999765827144,0.02650372979178391,0.14986508625833628,0.0,0.2,0.1,77,1.6208762656364344,5.64429583740712
2,38,0.05624481484006086,0.7710158081672909,0.7953517564732278,0.29877417627559655,0.02389976870866531,0.0890904075674639,0.02185017765658773,0.1393883875920379,0.0,0.2,0.1,78,1.53099944259321,6.188167973345018
2,39,0.05724364868278256,0.7849292282002248,0.8222142259225157,0.32852169307307716,0.03356037175586888,0.10987015846471046,0.02846009581650989,0.15000013684694444,0.0,0.2,0.1,80,1.618316730674034,4.794918630467121
2,40,0.04920376952694999,0.7539394378208386,0.7734602702506232,0.2906509113430301,0.03541429805537684,0.09171204834040671,0.0169803357672826,0.11368690634020513,0.0,0.2,0.1,82,2.309164870010381,8.047712249522325
2,41,0.04804446302327042,0.755883474660014,0.7796234030377486,0.31113691323683973,0.02063716437418441,0.09077719457225203,0.01705387090505483,0.1134405581534325,0.0,0.2,0.1,86,2.346870250016257,7.882665537665188
2,42,0.0474116945616774,0.754174863994671,0.7778271115103503,0.31075304577866825,0.027934563287319608,0.08982940062810688,0.01698173648377136,0.11352979015599071,0.0,0.2,0.1,87,2.424221476946685,7.763663625683061
2,43,0.04732621827100642,0.7588893621136619,0.786902722848401,0.3287735843656539,0.01659079265959435,0.09001303848644776,0.017000569305144538,0.11350387287140015,0.0,0.2,0.1,88,2.411000284300856,7.809367184922626
2,44,0.046986452628084326,0.7529760833901433,0.7765654139050912,0.31715713243011795,0.02251947249690944,0.09063955642039528,0.017024030403444253,0.11367927604040921,0.0,0.2,0.1,89,2.3942967115119957,8.120150230675902
2,45,0.04588250788256722,0.75476305491613,0.782562865230157,0.33797794209224646,0.02685824170358732,0.09063955642039524,0.01702403040344426,0.11367927604040935,0.0,0.2,0.1,91,2.5563905650967897,7.50633675991331
2,46,0.045161909272906954,0.7588548363830337,0.7910171582458795,0.3534385519079931,0.01492813689638281,0.09040930403641113,0.01598893659413275,0.10926531662238655,0.0,0.2,0.1,93,2.536322798131018,7.414091153097333
2,47,0.04529900990095864,0.7501759445607667,0.777664320734831,0.36336335317680557,0.03141804162719933,0.09337845912577361,0.01857066492965841,0.12521249117753314,0.0,0.2,0.1,96,1.9604439725542724,7.154161331293596
2,48,0.045201853879962055,0.7545270175980703,0.7863500994531428,0.3785528752901836,0.019357172756710957,0.09351498773783057,0.0187243315030375,0.1264141692938741,0.0,0.2,0.1,98,2.0691457357061007,7.524513638435577
2,49,0.04304509690565907,0.7463925045373081,0.7737644250363208,0.35972490675850927,0.02647538194277141,0.09863094685489458,0.01967638984823724,0.10778930960917284,0.0,0.2,0.1,99,2.5168040717490987,4.541478870586418
2,50,0.043375877120556273,0.744768581988691,0.771988994339315,0.3757530107993382,0.04064282677487543,0.09465277741492525,0.02003745304198324,0.12025792114082759,0.0,0.2,0.1,100,2.4233307107937487,5.398492209144854
2,51,0.04781607787834505,0.7538752171139026,0.7854533450198786,0.38009113031374175,0.020741573292130756,0.10388766471893711,0.02941878394721028,0.14609189651529494,0.0,0.2,0.1,102,2.366145729110442,4.539766024204513
2,52,0.03920403909275686,0.7322861678560842,0.7589018256566062,0.3964095987365761,0.06160622656721611,0.09152537449020783,0.0212965979318692,0.11039077018672527,0.0,0.2,0.1,104,2.6866393016278654,4.940624390258451
2,53,0.03858723489703768,0.734816077434539,0.7656824809069834,0.4080627805902446,0.02373616303032569,0.09549806710698598,0.021180408779994,0.11023221684127853,0.0,0.2,0.1,106,2.7569897880192094,5.307325866480971
2,54,0.03692493132350138,0.7329322578340437,0.7678201698491585,0.42572313123233696,0.04087850995467288,0.09549806710698602,0.021180408779994,0.11023221684127864,0.0,0.2,0.1,108,2.4621267563121534,5.957993279629967
2,55,0.04926938177646095,0.744479561163493,0.7793133449231379,0.43255729125212117,0.03195189279268785,0.11365207690911801,0.05464650131103593,0.16928840326482325,0.0,0.2,0.1,110,2.5323279701065804,11.873383390333696
2,56,0.046994891500269545,0.7310324955711784,0.7610769474234627,0.432376115315732,0.058911168018065535,0.11374113452680104,0.05470428550811044,0.1650136032535876,0.0,0.2,0.1,112,1.7742760738975032,12.750801744387775
2,57,0.046704408458586734,0.7337179801031714,0.768006082152042,0.44428459438215223,0.03748915219929653,0.11287965897149184,0.05470492893446223,0.16755550205053235,0.0,0.2,0.1,114,1.7466576469636186,11.84582301067729
2,58,0.04635176801563681,0.7322555265717653,0.7664711445486383,0.4581486216938563,0.03860492811946919,0.11282181387461117,0.05416982820054407,0.16808207054151642,0.0,0.2,0.1,115,1.3281061221150767,11.95361285272359
2,59,0.04635173602032078,0.737202537442389,0.7757913159566816,0.46526290264765613,0.027642258983427426,0.1128217180123029,0.05416979825954917,0.16808178220837894,0.0,0.2,0.1,117,1.3281061282701137,11.953628934673066
2,60,0.04432290702880345,0.7263071649820632,0.7643270729653483,0.47720923108345925,0.1138332570887769,0.11622876630942088,0.05565764603336646,0.16665861932628062,0.0,0.2,0.1,118,2.5960713632800494,10.918049361387853
2,61,0.03430956106841488,0.7330529292232318,0.7883745595007817,0.5504368294941705,0.020080721197414726,0.0965735471251569,0.02181371455998684,0.1410091461705815,0.0,0.2,0.1,136,2.748396078879072,7.760107206008565
2,62,0.03403366890158013,0.7097655720088806,0.747393946934499,0.45514533131352314,0.04896488554904896,0.09717280444948383,0.022566520295134982,0.14348011895924234,0.0,0.2,0.1,137,2.564038726347019,8.55729197450064
2,63,0.031879151530465034,0.7117873096444625,0.7578098948808154,0.5138543393897622,0.02163310286576079,0.09699203914627802,0.02268524723222251,0.1329196842896438,0.0,0.2,0.1,151,2.879206501428053,9.22210124149048
2,64,0.034194166165854814,0.7272229621785307,0.7862598520763059,0.6105480618837492,0.028509665318922326,0.09054921132982406,0.028289792542031976,0.14808537023038515,0.0,0.2,0.1,153,2.6994378822740845,9.381106034006836
2,65,0.03246274525811281,0.7273209244622184,0.7905421378992369,0.6221136403615607,0.04766433809007825,0.09312911757847857,0.028255927580612277,0.13634592757211125,0.0,0.2,0.1,154,2.665900335245728,8.868825140841022
2,66,0.02964001034235449,0.7090151198942407,0.7590780956919907,0.5423336350749328,0.018037182806741034,0.09565947141178277,0.02233822114960838,0.12106218777103708,0.0,0.2,0.1,158,2.618713499649146,8.534315281214875
2,67,0.028131085389110605,0.7007969475735173,0.7463806575776469,0.5450776239825765,0.031413342427917976,0.09494288325751667,0.02453528695838532,0.10456974759648736,0.0,0.2,0.1,159,2.6130773038186685,9.025730783846631
2,68,0.030933267373868215,0.7210096268111842,0.7880221640635672,0.6444359053401021,0.08555017073289678,0.09183749194315537,0.029508772632901747,0.13427965814329706,0.0,0.2,0.1,160,2.68983429556578,8.36243753192749
3,0,0.49394747310127685,0.9367204267837238,0.9334628191490758,0.05019765825244727,0.0,0.0,0.0,0.0,0.0,0.2,0.1,1,41.71316523357472,70.80086778544721
3,1,0.3013803119223299,0.8927367702061281,0.8872137379745184,0.0440970963683261,0.17129926077484456,0.06698124354727128,6.52966470444e-05,9.675311056640999e-05,0.0,0.2,0.1,3,30.145237577730988,47.52567880642837
3,2,0.1714779156789033,0.8425504101337062,0.834440306148779,0.03547378624680921,0.19571343430914007,0.07501370656131486,0.00026118658817762,0.00038701244226565,0.0,0.2,0.1,5,19.19805596263108,26.137091153328143
3,3,0.09628999285754836,0.7911301844920386,0.7803716513111618,0.028746731604867185,0.2003834882820419,0.08693346609247522,0.00032340643323941997,0.0005266483441001599,0.0,0.2,0.1,7,12.26948572233691,11.097911152738696
3,4,0.0753446533507858,0.7692432183949897,0.7573539137791999,0.027001613479714213,0.08569938123218171,0.09495064526203358,0.0005100659684248099,0.0009455560496037,0.0,0.2,0.1,9,7.7385721734917,2.5770903080563263
3,5,0.07422012465851806,0.7679155481591169,0.7559616509902188,0.030601225543216346,0.009889427543129057,0.08580922553016572,0.00035785585597306,0.0005172886481612301,0.0,0.2,0.1,10,9.626915381976552,8.039576580795515
3,6,0.0740844633570641,0.7726943957100063,0.7651037067760553,0.03648861375148063,0.0009026342888467319,0.09725248320649854,0.00038743386213971,0.00071179171485005,0.0,0.2,0.1,12,10.458237976760335,7.9220668722818575
3,7,0.06986446721088092,0.7625070356162268,0.7502720824655389,0.04162035719868031,0.020674621036228063,0.08892847719191647,0.00047469268831480004,0.0007980069144997799,0.0,0.2,0.1,14,9.369593070769549,7.406784720143968
3,8,0.0701218907585721,0.7676738225683722,0.7598031347703379,0.05301167896586207,0.0010144235862709877,0.08528903868088622,0.00210135835147298,0.0014671237476706,0.0,0.2,0.1,17,9.03259942176424,7.68929663308221
3,9,0.06393666690162175,0.7545704592804303,0.7419241973985408,0.04840758090052819,0.061086759004768454,0.08944691536276762,0.0006326804705774601,0.00101291003601553,0.0,0.2,0.1,18,9.17986177865482,8.310355547547113
3,10,0.06411401311351089,0.7595996587990517,0.7513087374560738,0.06090364614910159,0.0020239767327264063,0.08664627553322156,0.00219654088485392,0.0021683101510135898,0.0,0.2,0.1,20,9.905412962928844,8.96188888017123
3,11,0.05883542522662963,0.7471165421850543,0.7340843193914599,0.05529430649887869,0.028088826108037444,0.08971374656531142,0.00089863042497529,0.00091757242774466,0.0,0.2,0.1,22,9.219030264958988,9.439462850186324
3,12,0.058012159703417276,0.7507425371119525,0.7420097282843662,0.059339770180190564,0.0059594332865760755,0.08404067117227694,0.00131531605788425,0.00119841445989555,0.0,0.2,0.1,24,9.784034465361866,11.531235168584509
3,13,0.0540667621533836,0.7393850483544081,0.7259415987136821,0.05791091807116479,0.026045945620526856,0.08353530381460339,0.00154799244676173,0.0021839452811918897,0.0,0.2,0.1,26,9.809316464084208,12.07129335827398
3,14,0.051697556222093696,0.7498060601927523,0.7492267451600935,0.08518533827993993,0.03979844152491028,0.08985076248864869,0.00390883282790407,0.0028628140710339903,0.0,0.2,0.1,27,8.607730354649428,2.9011830822897062
3,15,0.05079169389051288,0.7531309006368706,0.7568412476858938,0.09854845582274319,0.005239776690228079,0.08985076248864865,0.00390883282790409,0.00286281407103401,0.0,0.2,0.1,30,8.618335717397413,3.0199875906424194
3,16,0.04991659748968016,0.7515579560538862,0.7551873125878675,0.10088265791513049,0.013380122928492043,0.08988270674306528,0.00391021503798097,0.00286313193396494,0.0,0.2,0.1,31,8.627298676851971,3.035889726307278
3,17,0.049760417161257973,0.7512271757391176,0.7548371227212253,0.1037196643397054,0.003992527675447195,0.09014771206628158,0.00405611264323041,0.0030332863746534997,0.0,0.2,0.1,32,8.915611321955474,2.915239236584814
3,18,0.04696939564008647,0.7257883245533783,0.711592533906559,0.0770922698272765,0.025299253221188655,0.09005677110641554,0.005345237871029191,0.0047669421690687604,0.0,0.2,0.1,34,5.076228291432828,2.0311898351587327
3,19,0.0458777286403465,0.7237839007181649,0.7094941878387241,0.0786221009850553,0.015421462963164137,0.0940716476774431,0.00455314295449745,0.00455214996261644,0.0,0.2,0.1,35,6.275764946105693,4.753300130115472
3,20,0.045141912858219994,0.7270580568449739,0.7170461233456148,0.0857621783620214,0.01595560621655598,0.08936953430250429,0.00543692323886361,0.00458420991261555,0.0,0.2,0.1,36,4.932772072378006,1.8160213231539903
3,21,0.04394713022385501,0.7194104378289763,0.7048745661959507,0.0843628541029011,0.013277464797927876,0.09173211708690195,0.006665303613304629,0.00441146475647245,0.0,0.2,0.1,38,4.99200829613546,1.9194973818068128
3,22,0.042536319377512975,0.7165728883628317,0.7019003448117417,0.08570542714181485,0.022075962822825694,0.09589916448142337,0.00577456894516357,0.00436536114937856,0.0,0.2,0.1,39,6.164679170228123,4.529310671669036
3,23,0.042683960635392516,0.7215727028556577,0.7112642878622185,0.09899463051954148,0.0031846533491561614,0.0970651221479346,0.0066606588559270305,0.00487496686506074,0.0,0.2,0.1,40,5.330470957363288,2.3580838854586084
3,24,0.04240798551041806,0.7259137309685476,0.719947281143786,0.10848448835614803,0.004168336461477804,0.09706512214793464,0.0066606588559270305,0.00487496686506076,0.0,0.2,0.1,42,5.283291415095411,2.2955395768072084
3,25,0.04025101772177321,0.7120004062083698,0.6971137063848567,0.09500404118293625,0.027570623828725733,0.09223035143082454,0.0045175326422919205,0.0027543702941294898,0.0,0.2,0.1,43,6.731091786944582,8.379038288336988
3,26,0.03946959621643964,0.7151265727234487,0.7045188544836576,0.10555437827634316,0.008267479976773615,0.09130643697322831,0.0045449863776651596,0.00278555917289843,0.0,0.2,0.1,45,6.632159167377839,8.139142471533695
3,27,0.039214614776282346,0.7145320270703962,0.7038936942147623,0.10996582155771023,0.005826796885202244,0.08930358139491686,0.00452755900403219,0.0028239805790538303,0.0,0.2,0.1,46,6.474273287222024,7.666876158741094
3,28,0.03788643147011101,0.7060384360624647,0.6908299443629521,0.10454126740003306,0.03142033209056442,0.093303027644462,0.00561507666912021,0.0034488607971340903,0.0,0.2,0.1,47,6.230759083657097,7.488819565973666
3,29,0.03702479224720995,0.7085209905295178,0.6975482264806722,0.12824954423590654,0.011978535410617991,0.08481438115608249,0.0063035540867526305,0.004124943136110551,0.0,0.2,0.1,49,6.109164354051533,5.2634107079388
3,30,0.03753788682641764,0.7025691740754588,0.6870873388450596,0.1094983665455584,0.014489561730122157,0.09483210708380412,0.010219971929899981,0.01264606812359532,0.0,0.2,0.1,51,3.318685340639413,1.1882643710155736
3,31,0.03466264752277699,0.7019336606212995,0.6906088420502299,0.13704634331446244,0.017364558432330465,0.08409182661728772,0.00678813389635316,0.0056709634240151,0.0,0.2,0.1,53,6.201079852682868,6.00715079753018
3,32,0.03431209909464214,0.7033585293869963,0.6961524685007702,0.1474414454395818,0.022610037704050956,0.09492666368108808,0.01045005240302772,0.012542785406416452,0.0,0.2,0.1,55,3.1273435135438774,0.9137029072074656
3,33,0.034904633186714475,0.6936416879729842,0.6776425470049353,0.12542583877155108,0.00720911695686901,0.10366093141616782,0.013990029533167688,0.01631644190374703,0.0,0.2,0.1,59,2.562282955984678,1.0704750608238065
3,34,0.03386154246998068,0.6906574033065298,0.6745168604677971,0.12667016237345433,0.02276427191486203,0.10916482083366702,0.01276927294687286,0.01638376620844243,0.0,0.2,0.1,60,3.542271605516957,2.9352096111002526
3,35,0.031045202575913804,0.6909567592064805,0.6790531187665888,0.15494748682433915,0.02151526929082727,0.09667335340609995,0.00882978254034218,0.00425639803800504,0.0,0.2,0.1,61,6.291553001429627,6.301133176479958
3,36,0.0304733839537869,0.690632253617156,0.6827500435845155,0.16941473059574993,0.0303643879990903,0.10648162403343442,0.01311948259572683,0.0112848577384987,0.0,0.2,0.1,63,2.965137874978069,1.0241167398099411
3,37,0.029932470287397712,0.6878823615045437,0.6798389840868828,0.17171367806892057,0.028465306764984155,0.09918708621591261,0.01342692672600993,0.01447815087859256,0.0,0.2,0.1,64,2.994007104127673,1.5849400031936594
3,38,0.028163729410460605,0.6766910504167984,0.6639543363246505,0.14930508974621431,0.02027945499153806,0.09967273118458696,0.01398119655329875,0.013122217026465849,0.0,0.2,0.1,67,2.67929274753864,1.0827918811254649
3,39,0.027746894276027726,0.6801058758800335,0.67166411975757,0.18305806717932946,0.009962934288505317,0.09957970138153309,0.01393097851763932,0.01309231303419273,0.0,0.2,0.1,69,2.7543290318820017,1.159989036705292
3,40,0.027252953144950912,0.6759161159567724,0.6672177838364841,0.1906127322351504,0.01783128280332199,0.11175377176743509,0.01737363726388618,0.01415124257307485,0.0,0.2,0.1,72,2.449293718250728,0.7515881549494959
3,41,0.026663575606382824,0.6745240273863744,0.6657706649488385,0.19266572346448851,0.012867910322228091,0.10360789932731113,0.01613041113777642,0.013406330423853521,0.0,0.2,0.1,73,2.378403024246632,0.8952246888718858
3,42,0.02511605684534462,0.6669055140566797,0.6577423088276318,0.20172331583044337,0.025569481052037803,0.11714141542674252,0.01841646919463949,0.01226076477092811,0.0,0.2,0.1,76,2.3314268999871164,0.621369632318886
3,43,0.024184400007568232,0.6569012520262135,0.6430924049353565,0.17298504427041098,0.025770289873983505,0.11343227648654404,0.02031730757949833,0.010818020647496141,0.0,0.2,0.1,78,2.251650601725557,0.5997154846603916
3,44,0.023987675606537424,0.6609181070635174,0.6514345336862247,0.21105802482211775,0.008745054716762532,0.11343227648654404,0.02031730757949832,0.01081802064749611,0.0,0.2,0.1,80,2.2722277245296443,0.612997915676491
3,45,0.023974774172508182,0.6608571146674123,0.6513704097801641,0.21104400412670254,0.005619427005402138,0.113432276486544,0.020317307579498352,0.01081802064749616,0.0,0.2,0.1,81,2.282733677209497,0.620331015462943
3,46,0.022578626293350716,0.6572511048706395,0.6516763158554622,0.23039473415837694,0.07530508112245257,0.11546469830388284,0.023180979293221778,0.00915704638176036,0.0,0.2,0.1,82,2.364093096339732,0.7256466725982227
3,47,0.02167928486667371,0.6484022921174885,0.6382641421927534,0.22939659844373916,0.010139206170241966,0.11880023556152676,0.02269110847339248,0.008065563294524989,0.0,0.2,0.1,88,2.1992974256628206,0.4875644334679211
3,48,0.020199097127797487,0.6494048322291167,0.6475505956389899,0.2611024370170194,0.017116462080470688,0.10161101185170004,0.02139536262857946,0.01156548936702983,0.0,0.2,0.1,94,2.6534668059999973,1.5654806760461524
3,49,0.019936862344975756,0.6527836325086236,0.6552222973386066,0.28018835630589156,0.011417945772738256,0.10200820361612002,0.02147694135177425,0.01131058726348275,0.0,0.2,0.1,96,2.63651776228444,1.5606442940547691
3,50,0.019174302432840983,0.6405526311464121,0.6382203152913211,0.2590455713777635,0.03595066172446392,0.10282661582013047,0.024119064764199442,0.01046567818729489,0.0,0.2,0.1,98,2.2576401234109422,1.2591900310176685
3,51,0.019169126711699926,0.6454607781654913,0.6474995739176442,0.29044311637561915,0.006026334890485726,0.10294942324828853,0.02411719144846311,0.01047702076274439,0.0,0.2,0.1,100,2.2666885587732204,1.2615409203099806
3,52,0.01917578021332455,0.6451832767361816,0.647204738839774,0.28466671515841574,0.008684004001284577,0.10640323146742965,0.02411129756658735,0.01108281264759237,0.0,0.2,0.1,101,2.400245476867632,1.4012261652211606
3,53,0.018730205705081607,0.6415937208399393,0.6434258589299338,0.2923286505870049,0.01551815633489586,0.11245845274062065,0.025723063899954962,0.0087397580722201,0.0,0.2,0.1,104,2.3652629296192837,1.630268550798581
3,54,0.018935644353872124,0.6403304968061533,0.642074570072786,0.2896013942377177,0.01978995763711858,0.11199515300213381,0.02542461084529409,0.01381173415223524,0.0,0.2,0.1,105,1.9536962254073196,0.8695260995027889
3,55,0.01743594628263716,0.6274498535797117,0.6244381217812831,0.30780460220858147,0.06383245996734033,0.09766636128736811,0.02277938356155106,0.01409446856462972,0.0,0.2,0.1,106,4.484568722558442,5.392168801754115
3,56,0.017610630714401658,0.618951334084123,0.6113466949498955,0.29129774100791544,0.04027506720044829,0.09584462340051267,0.0257964170189112,0.01523477382313529,0.0,0.2,0.1,107,3.755908967989028,5.308751547217081
3,57,0.017272414864981614,0.6210533354877029,0.6176753902691156,0.30620753298437975,0.017576253507598144,0.09584462340051267,0.0257964170189112,0.0152347738231353,0.0,0.2,0.1,109,3.880233399398721,5.542825901930551
3,58,0.016328248073916182,0.6145893787566402,0.6108903860609962,0.3130048302799704,0.03073119027273577,0.10008048022714527,0.02537440555920145,0.013802633450768351,0.0,0.2,0.1,111,4.187814758120417,5.450132616081729
3,59,0.016492431133686328,0.6077714847905821,0.5995816893419336,0.3079416632548693,0.01576577540266091,0.10751351205863385,0.0265723617211945,0.015551232446166649,0.0,0.2,0.1,113,4.080032204811655,4.85924010684617
3,60,0.01639757179893781,0.6110293692234082,0.6071208218199273,0.32801007941330973,0.020868537043644744,0.09401755804122972,0.02680001182948421,0.016058843411554148,0.0,0.2,0.1,114,4.096515759329035,5.038477574901704
3,61,0.015565167007195303,0.5916741352968747,0.5826180534674599,0.3158133256853978,0.046638538508226586,0.10560513273186156,0.029817311600459317,0.016366745560935432,0.0,0.2,0.1,117,3.380752813288077,4.782888113702574
3,62,0.015527903296300985,0.601149856964114,0.6008185611061633,0.35692374597092535,0.008412529325768938,0.10560513273186156,0.029817311600459317,0.016366745560935432,0.0,0.2,0.1,121,3.428683152681802,4.87233602802993
3,63,0.014933415969264284,0.5802759513475887,0.5706149027575657,0.32713685168124196,0.0961874343364034,0.10444404781762814,0.03117681851828328,0.01718240641432798,0.0,0.2,0.1,122,3.684399065644639,4.3833713589459045
3,64,0.014254193726597007,0.5787887857280606,0.5690826250771328,0.3507470855480973,0.00810066398509213,0.10844614637611417,0.02950745683684991,0.01441250702665626,0.0,0.2,0.1,131,4.200873024493218,9.881198232146357
3,65,0.015286011119099998,0.5780738808438225,0.5682702687582492,0.3542333900919477,0.023346071756459474,0.1004733952400151,0.03426451457907005,0.01667981989815237,0.0,0.2,0.1,132,4.102105895874192,8.318868502979473
3,66,0.014671864059360846,0.5782862028080165,0.5726266745759242,0.3763973873743065,0.02552988061190762,0.10039682274861535,0.03365444977452603,0.01505286444460511,0.0,0.2,0.1,134,3.8178189942836,6.521857430548044
3,67,0.015719707642913326,0.5773556720716125,0.5715864677722718,0.3799241055462444,0.014957316400262606,0.0967379086311112,0.03718884492131686,0.0199830314311784,0.0,0.2,0.1,137,3.5342836852619195,4.564014115795416
3,68,0.015292007880802897,0.5759809251699611,0.5701592904197835,0.38214144575339926,0.017002998338848718,0.09919264343236985,0.03690523854795924,0.01698772214744007,0.0,0.2,0.1,138,3.847542759621819,7.089677308835721
3,69,0.01532869023746369,0.5805468110172827,0.5790752161391138,0.4054473714816323,0.010894443409207245,0.0993362858228717,0.037059462453885486,0.017358646785986608,0.0,0.2,0.1,140,3.783509904517745,6.983104378171149
3,70,0.01507681652475709,0.567810048960547,0.5615495668564076,0.4086341878066743,0.018441702540646494,0.1020963936533723,0.03902299471479366,0.0162901815881413,0.0,0.2,0.1,147,3.8115776857006183,7.163240508633843
3,71,0.01349402662777781,0.5706151755765013,0.568697215626075,0.48582952799885826,0.00808917538336727,0.08189078346960672,0.03082743792785663,0.017214713157447332,0.0,0.2,0.1,169,4.883351420791623,5.597100838430881
3,72,0.013422134444213548,0.5752650385586783,0.5777078588481708,0.5021627515176228,0.009705586340705378,0.08241606552837238,0.03087328083437451,0.016555889624055308,0.0,0.2,0.1,170,4.7798077841704165,5.411388090965166
3,73,0.013510857806974403,0.5794109886024953,0.5861781134772209,0.5268895735401765,0.011669643343821654,0.08281130674110483,0.03156788581039069,0.01664672126220769,0.0,0.2,0.1,172,4.596006394277244,5.604635328755274
3,74,0.013508334897948808,0.5793787143455092,0.5861442035841866,0.5299090790074067,0.008225219435609957,0.08281842602794592,0.031569956351907055,0.01663706600613499,0.0,0.2,0.1,173,4.595394331240268,5.6022654774093885
3,75,0.013957912776972604,0.5728337413459171,0.575113769863323,0.5258454437316564,0.025547916192959395,0.08290017381314939,0.03262182462136678,0.02036855677624155,0.0,0.2,0.1,174,5.233719415238508,5.97284463879978
3,76,0.013913091596341094,0.5570214579546684,0.5461312424579953,0.23776200436722328,0.01011167801761237,0.08316240168227271,0.03281263487623617,0.02013394471660058,0.0,0.2,0.1,179,5.204479636561352,5.957797014127193
3,77,0.014059866103128586,0.5763352347597424,0.5829036580209817,0.5570992267278951,0.013923515383210532,0.08265156651908759,0.03379151937101277,0.020039987372404842,0.0,0.2,0.1,180,4.729960317206909,5.203459435714982
3,78,0.013647179099481262,0.5678481088597307,0.5698723889932731,0.5454294166737153,0.021462444505067898,0.08277130807249429,0.0330828032677942,0.01927001547630448,0.0,0.2,0.1,182,5.433699683266547,5.928147830438697
3,79,0.013647179099481271,0.5678481088597307,0.5698723889932731,0.5602125208064079,0.008543578048536794,0.08277130807249429,0.03308280326779422,0.01927001547630449,0.0,0.2,0.1,186,5.433699683266547,5.928147830438694
3,80,0.013647179099481271,0.5678481088597307,0.5698723889932731,0.5720390041125623,0.008543593895888667,0.08277130807249429,0.03308280326779422,0.01927001547630449,0.0,0.2,0.1,190,5.433699683266547,5.928147830438694
3,81,0.014017487986766684,0.5654753908711072,0.5673500174766238,0.5748882652424191,0.031709016647411783,0.08263804835784494,0.0353650237214677,0.02004923516171513,0.0,0.2,0.1,191,4.699254608385173,5.663474665393395
3,82,0.01371898935933665,0.5625338820652737,0.5642645790203142,0.5800376426986666,0.01618623898194139,0.08384416241886554,0.03474631215304988,0.01982965804707209,0.0,0.2,0.1,194,6.002348033631488,7.165700905078301
4,0,0.6180865450477162,0.9566782257825275,0.9544480208704523,0.05459264392077105,0.0,0.0,0.0,0.0,0.0,0.2,0.1,1,30.080252715584237,66.95151425220816
4,1,0.38270854479440325,0.9140167191719033,0.9095887926199625,0.04879925846431373,0.16621197183549416,0.07852998567606123,7.284849964436e-05,0.00015355080587593,0.0,0.2,0.1,3,21.332217679362547,42.95369513821511
4,2,0.34336724052422896,0.9047437133087411,0.8998115744595161,0.049615644178954824,0.07681243894861883,0.10383384813979059,0.00057948710632605,0.00436453150523805,0.0,0.2,0.1,4,12.0703568983266,10.564006996703066
4,3,0.22124911683043377,0.8652713992133959,0.8583295318409878,0.04051480464206444,0.3040653729693339,0.08794738630988413,0.00029139399857746,0.00061420322350373,0.0,0.2,0.1,5,14.085550442971943,23.086445418570843
4,4,0.2051338706258297,0.8589071589679667,0.8516035201357194,0.04270951669888501,0.05548264104773202,0.1025290637959195,0.00091986627838791,0.0059825501754115894,0.0,0.2,0.1,6,7.501853384575993,4.828945850055386
4,5,0.12394329532521481,0.8187051912347757,0.8134618052004664,0.035791576061330925,0.3503438380744448,0.09402098024539562,0.00136918906305861,0.00288599058395874,0.0,0.2,0.1,7,5.340236797995847,5.041688145105157
4,6,0.10095936519602916,0.7953653353524606,0.7848185444880118,0.032802227265691306,0.07058226822296267,0.09912601353047334,0.0005547517666101501,0.0012935322912031601,0.0,0.2,0.1,9,5.5057082759901546,2.48500658883605
4,7,0.09744200036035817,0.7921946339663858,0.781487817740822,0.03994846121035345,0.01227394293995505,0.0914495644221386,0.00041506064523482995,0.00094296071591682,0.0,0.2,0.1,11,6.995519659415029,7.685633462154963
4,8,0.09744199964193338,0.7971416985299319,0.7908080603822493,0.04604881921386018,0.00017734148725194116,0.09144956442213856,0.00041506064523484003,0.0009429607159168101,0.0,0.2,0.1,13,6.9955189784033855,7.685631658093053
4,9,0.08217156862264938,0.7762543863269226,0.7644282123113381,0.05349013375237624,0.09062287611487299,0.1593778057164731,0.007745767340832541,0.04431979375641066,0.0,0.2,0.1,15,5.962900839334438,23.689375640614465
4,10,0.07720771932884762,0.7701717208185259,0.7580153466385295,0.06153188598413,0.05625081743106464,0.1616722104450867,0.00773119484455346,0.047666771330007254,0.0,0.2,0.1,16,5.918037027298196,18.687264219704183
4,11,0.07203993785475443,0.7635495629150227,0.7510678093576512,0.05744874594044395,0.055304365111925206,0.14628628296703466,0.007811606782840699,0.044489626023335546,0.0,0.2,0.1,17,4.596510902575335,16.28110685735888
4,12,0.06645972993201375,0.7555321438713885,0.7426205708263974,0.06543684989327371,0.07136714443405233,0.14821997372788956,0.00779703428656166,0.04783660359693212,0.0,0.2,0.1,18,4.557555555251678,13.73983197704761
4,13,0.062203863393285416,0.7492334936840236,0.7360192732479092,0.06622901256867966,0.05163371768755999,0.14897912575497593,0.00739784469871841,0.04443896092196139,0.0,0.2,0.1,19,4.9301858137345,17.121732259290475
4,14,0.06249881391707098,0.754407973991789,0.7455578246625929,0.0713939294483288,0.007673691355513481,0.15179730009981493,0.00776332570024957,0.04774965259228212,0.0,0.2,0.1,20,4.762213762628509,14.60424642776689
4,15,0.06199519832135325,0.7537927411024948,0.7449270142272082,0.0812441770726031,0.0071950495233852945,0.14965009500600057,0.007460149485395751,0.04522951795809998,0.0,0.2,0.1,22,4.899580104924484,16.516397498309747
4,16,0.05996863029552893,0.7506034973262248,0.7415696721462931,0.07063431866864256,0.03263108409512262,0.15707344404125118,0.01374903096138615,0.03341327227949257,0.0,0.2,0.1,23,4.938894283656376,25.060302902320736
4,17,0.05352356108242816,0.7422288420671644,0.7329628519324944,0.07830811621202323,0.00903058773295764,0.08198861476843039,0.00351094118740862,0.01524292638902865,0.0,0.2,0.1,28,9.099727123668735,16.09990455807484
4,18,0.053523597866472344,0.7471759443735301,0.7422831205824013,0.086457769595355,0.002226512432607492,0.08198861476843035,0.00351094118740862,0.01524292638902866,0.0,0.2,0.1,30,9.09973298212394,16.099906226818668
4,19,0.05275777285236228,0.7458362993747886,0.740872570661636,0.09448007685793067,0.007735428768404252,0.08212324484010051,0.0035392266524624802,0.01556263768854169,0.0,0.2,0.1,32,9.66182398207417,16.44357816267573
4,20,0.09273718297554177,0.7900875028050557,0.7894179463543193,0.1490070966927328,0.049011470756988924,0.08599937227498401,0.06866471966355686,0.29369474155189274,0.0,0.2,0.1,34,12.66004089865016,11.218962764792176
4,21,0.06405267997591456,0.7646010395982592,0.7681081898476663,0.12712237062371368,0.046051938205701484,0.10378875160372661,0.02752992762257127,0.10979307716663018,0.0,0.2,0.1,35,9.95477806362794,11.882760145334569
4,22,0.0638212530468676,0.7640080886277913,0.7674754763483578,0.13008834599874708,0.022679429440216198,0.10664201581275397,0.03080978370420906,0.10502867813954268,0.0,0.2,0.1,36,9.454393283405269,10.544988642883842
4,23,0.06412037984694664,0.7690771239316989,0.7768983516589514,0.13916252777355984,0.018622011787760115,0.103414470452302,0.02924878880749529,0.113123521294935,0.0,0.2,0.1,38,9.15590944682776,12.581405822769446
4,24,0.05599468832138696,0.7543604925167632,0.7576328959662972,0.14114157567803565,0.01967429372112653,0.11888311612821723,0.02883362478993608,0.05038052023990034,0.0,0.2,0.1,41,10.229223116702352,12.259283370681487
4,25,0.0538646833375107,0.7512890379046755,0.7544643689233681,0.14255862913880268,0.024256512220627566,0.11926101644028748,0.02836213987322516,0.03946620008118088,0.0,0.2,0.1,42,10.25377063697295,12.27951649445141
4,26,0.05617881037837361,0.7484295366320539,0.747202423150206,0.14174287517188633,0.014966133119177195,0.10914469963750713,0.03300186107819678,0.05674985603165047,0.0,0.2,0.1,44,13.016064500222662,12.49800102639894
4,27,0.05261892413513177,0.7422978689375807,0.7408204572342875,0.14226066641684718,0.048141968297748604,0.10939353540197014,0.03206355576140526,0.0459293347791246,0.0,0.2,0.1,45,13.049915139947782,12.56827408428683
4,28,0.061700429741498766,0.7548805030448835,0.7576396320939436,0.18622861268049826,0.03150709249968141,0.10609101760091758,0.0490015017938209,0.11495064359063809,0.0,0.2,0.1,47,11.44995294494174,15.299380596702154
4,29,0.052000464068532114,0.7382783926582408,0.7364824027782156,0.15901976986083183,0.01870283331935082,0.10663891026701582,0.0305628247576334,0.0706225574893452,0.0,0.2,0.1,52,11.40084218055245,16.856699094225974
4,30,0.05199371321972134,0.7382589585962283,0.7364618420471339,0.1618173994090891,0.01334183685193251,0.10672460473948196,0.03095846136570148,0.06985585200544085,0.0,0.2,0.1,53,11.353610108814117,16.888830421422636
4,31,0.057808287672009524,0.7710279738440279,0.7952240768152522,0.20010859884534912,0.058576870193256386,0.12028498979737806,0.04525662803534069,0.11986744441141836,0.0,0.2,0.1,54,9.766280714807884,7.549103802473967
4,32,0.0742153113849184,0.7669075150450889,0.7735486635027049,0.21237083725451272,0.04238233780541399,0.1161135054398373,0.02713326385407744,0.3248919490747749,0.0,0.2,0.1,56,9.653327690146718,22.799752871695294
4,33,0.07597524631926292,0.7784886168542503,0.7938697533331034,0.24432418769302786,0.03996520783421793,0.11652683134150009,0.028426295217740177,0.3404062177937637,0.0,0.2,0.1,60,9.56623636517895,22.76772157589273
4,34,0.05364283143620438,0.7409173832291268,0.7431445868157763,0.199685811530954,0.02287639913520366,0.08785893068934468,0.03157249000153018,0.11350447589960164,0.0,0.2,0.1,61,13.428638855761411,23.43922643696376
4,35,0.044049791757214976,0.7241568437079738,0.7218216935554,0.18894717124389276,0.03813732306932938,0.09911902150583728,0.0164354381107021,0.06239703275325652,0.0,0.2,0.1,62,14.159794996858944,15.440798377453056
4,36,0.045593055121814594,0.7347416915224433,0.7410815092727603,0.21503975746078602,0.022396118050820188,0.08232444851840055,0.0114812331502223,0.09307103796499748,0.0,0.2,0.1,63,4.181047537820402,10.90898851218974
4,37,0.04359488988441265,0.7261422471994302,0.7279724164647613,0.19979219302260184,0.031247068897467253,0.09105440187470368,0.01517940470321898,0.07566598272955398,0.0,0.2,0.1,64,14.19369524083318,17.1964232871271
4,38,0.043088477907026065,0.7290159678619343,0.7350921891913331,0.20724896380461988,0.02060811050528657,0.08413618612772611,0.01470477558368941,0.08057428667593572,0.0,0.2,0.1,66,6.888295368012474,13.042448546947536
4,39,0.04431391067526251,0.7265400278083977,0.7323234734349754,0.2182873853311217,0.05848707680756529,0.08155520977785558,0.025949156527716448,0.09019719319634152,0.0,0.2,0.1,67,12.758853442595504,5.930219102153575
4,40,0.04434172236731955,0.731495801082743,0.7416509142728651,0.22907236412837922,0.014359722348634881,0.08156714878874737,0.02601464438211251,0.09044184844964041,0.0,0.2,0.1,69,12.74239336296436,5.903496450210524
4,41,0.04113819065453,0.7158211344167706,0.7170315905578992,0.2306818806152651,0.022328811329036975,0.10967579017566359,0.03413429437917736,0.05492523179574652,0.0,0.2,0.1,72,9.355045906195278,14.655907314232556
4,42,0.04023381194015184,0.7117384148561169,0.712709974814507,0.2474802124568747,0.04897314591401156,0.1084196244667016,0.03560461464116773,0.05756502279455402,0.0,0.2,0.1,73,10.553059259968862,14.292713941104372
4,43,0.04021367912061739,0.7116727802191973,0.7126409484360403,0.25055839752883013,0.013387644477507323,0.1084196235156945,0.03560461606073926,0.05756502121509442,0.0,0.2,0.1,74,10.667908024375295,14.451931634729783
4,44,0.037767939789433484,0.7132955421800649,0.7185718152587872,0.26261585341633553,0.014096200978587067,0.10795801403552692,0.02979686962251991,0.04857604855965586,0.0,0.2,0.1,77,10.95110874711277,13.783134410132984
4,45,0.04069157099913441,0.7147073154669986,0.719872548562648,0.249111191374399,0.031172101148495626,0.08160227564060395,0.02806899658022788,0.08771992621286932,0.0,0.2,0.1,78,12.837645973875096,6.332019069867408
4,46,0.03597839925521467,0.706122172336889,0.7110079917965277,0.2562357291694027,0.025316321793677564,0.08474812683808926,0.016610968556274492,0.07906136721397164,0.0,0.2,0.1,81,6.41350576069618,12.299521255538002
4,47,0.036643059783322704,0.7121594351706843,0.7254733585704923,0.2749364425289956,0.03761588056722509,0.08139980539338844,0.027132311047103556,0.08126671857957847,0.0,0.2,0.1,83,12.629733811523517,7.457916916019204
4,48,0.035103558344431865,0.7096864441513203,0.7229356394729171,0.2881635784935479,0.01723166240575311,0.09390783838571229,0.03136836575272324,0.06063739824980481,0.0,0.2,0.1,85,12.718265210531142,5.744744934743722
4,49,0.03676728761889229,0.6955358851969535,0.6955984464626348,0.25740997795605614,0.016024958528444346,0.08163415645685623,0.02664797045674768,0.09002637872437039,0.0,0.2,0.1,91,12.827969837308665,5.842877713372168
4,50,0.03715768755384331,0.7149170951458069,0.7324174893467533,0.3443454058602978,0.01562967071361743,0.09148129300565509,0.03703954931780566,0.07582319543343,0.0,0.2,0.1,104,13.053502426910008,9.99673424645497
4,51,0.03551418802859707,0.7072226934880251,0.7202743413817194,0.3525596911380188,0.02519791370233946,0.09353196820458573,0.03368705862708716,0.06973619646592837,0.0,0.2,0.1,105,12.652461177693867,8.450271366489954
4,52,0.03959079388251442,0.7055914874947894,0.7142183609468368,0.33458126669954097,0.019960882390945713,0.08438418503966975,0.052927383623551816,0.07443862500130645,0.0,0.2,0.1,109,13.226949241385489,8.190824528435392
4,53,0.03557052854537025,0.7041367631250098,0.7210202135828923,0.37835368190287155,0.05322509710556218,0.08807972305672422,0.04576142228522573,0.07041920521565856,0.0,0.2,0.1,111,12.675846992549296,9.900684506643229
4,54,0.035239630163194195,0.7028823421659379,0.7197051057977891,0.38134608251640845,0.025307691646209468,0.08807971713638699,0.04546491673093858,0.07025508922339004,0.0,0.2,0.1,112,12.645888787322324,9.834941902568138
4,55,0.034038482168227496,0.701328088797012,0.7181277493634477,0.3834608174095276,0.01849585736999227,0.0897519783842867,0.04178372021006888,0.06656445694016913,0.0,0.2,0.1,113,13.06211604104455,11.065268555263255
4,56,0.034081183680015815,0.6955405576714894,0.7079093251907691,0.3535789445708261,0.019679377525864798,0.0971123273551469,0.04283155152820783,0.06727714289135435,0.0,0.2,0.1,121,13.894194820681143,11.228362483206084
4,57,0.04164220791098375,0.7003016575773439,0.712488688955595,0.44419029341942845,0.023868264049871184,0.09339870467674535,0.04206046343737513,0.1517338190875524,0.0,0.2,0.1,125,14.268327015179782,13.783389104893818
4,58,0.04193080340584584,0.7052533319374583,0.7217951962185902,0.45787529212224787,0.025083527411236733,0.09306447900061648,0.0440551465344673,0.1513510197245082,0.0,0.2,0.1,127,14.250832004433423,13.771388491085034
4,59,0.03454936765815165,0.7066403273374947,0.735913934686434,0.46640162107938393,0.04582778195305557,0.10195843132611768,0.05164076803934061,0.07696038357305332,0.0,0.2,0.1,130,13.807000752439718,9.78304832175475
4,60,0.03334020354730655,0.7031244068134361,0.7322527281529106,0.4685484990995355,0.02371031997918062,0.10116390927667901,0.048699303858965634,0.07590328045308078,0.0,0.2,0.1,131,13.984285385828285,11.28132826198352
4,61,0.03280650440298242,0.6896734340689633,0.7058033873997945,0.4012857352912406,0.01636792148801144,0.09770678183693125,0.04388739250026074,0.07590326974709641,0.0,0.2,0.1,134,13.984285382796338,11.281328448268294
5,0,0.8684053059990159,0.986956610024508,0.986285156604467,0.06127568530642045,0.0,0.0,0.0,0.0,0.0,0.2,0.1,1,8.560306132379864,61.94420214088719
5,1,0.5609573423241403,0.9480661400568242,0.945391180496718,0.05631283198962566,0.15152504665484873,0.08680620743325183,8.105888614433e-05,0.00012203878719128,0.0,0.2,0.1,3,5.818548140001179,40.903060149227215
5,2,0.5204937453732129,0.9439820830259726,0.9410742552923559,0.05837717166439388,0.05295622043747256,0.08942963375109832,0.0011612066099876,0.00235367747917095,0.0,0.2,0.1,4,7.718791546595426,4.708491050449721
5,3,0.13138422662230906,0.8238729962878217,0.8189048783163569,0.03328855041041565,0.9561329209112677,0.08154396371921659,0.00122476422639352,0.00138226115524299,0.0,0.2,0.1,5,4.259513519296295,3.53815213448445
5,4,0.12566705139196915,0.814938425253461,0.8053988364126117,0.037149438344298104,0.007794840286612701,0.08755386245713175,0.00078306332509456,0.0009143165545019699,0.0,0.2,0.1,9,3.972633833205655,2.720272035520418
5,5,0.12078585718564304,0.8163051230349189,0.8109562573070622,0.054471417180366445,0.013864966802518402,0.0925478823138392,0.00063623751744411,0.0008402786009032199,0.0,0.2,0.1,11,3.815985416879592,2.5213020741278607
5,6,0.12061009650788528,0.8112280722014555,0.8014993661146543,0.040263170531905736,0.001222362584306855,0.0925478823138392,0.00063623751744411,0.0008402786009032101,0.0,0.2,0.1,12,3.818386792836196,2.4698293298820806
5,7,0.1161967383233894,0.817802946495065,0.8166483197177532,0.06216881956848742,0.026282629544333865,0.09228153252804543,0.00071995944736217,0.00093476664119199,0.0,0.2,0.1,13,3.992513347388452,1.7472984226889696
5,8,0.11520376969005047,0.8121038016836258,0.8065341850122132,0.0698044355793772,0.006626917804886373,0.0959314462058532,0.00085428524744562,0.00127436099843557,0.0,0.2,0.1,14,3.923579860963976,1.9504093369464044
5,9,0.11024309621205804,0.8139827766985859,0.8123693319230341,0.07786752802118814,0.06840109057735004,0.15971503563523504,0.015205058487549949,0.02289442568397185,0.0,0.2,0.1,15,8.076913455663151,8.351069736840083
5,10,0.053335020167747695,0.7437979395747114,0.7385376698592758,0.06540105592363991,0.2817390566958155,0.14995124341667762,0.017075405221127903,0.025710339618276366,0.0,0.2,0.1,17,10.158756140608103,4.292309109885462
5,11,0.05322629758382913,0.7485399662720191,0.7476423022061414,0.07287921703914012,0.006782739878813122,0.14995124341667765,0.01707540522112792,0.02571033961827638,0.0,0.2,0.1,19,10.2047762014808,4.253105725931668
5,12,0.045030757241753455,0.7252518917697469,0.7189828874457497,0.07226736581383277,0.08251365969112254,0.1554045657860105,0.02007615548304304,0.03019888866299627,0.0,0.2,0.1,21,12.029923986684782,2.330038713714513
5,13,0.04499489543569105,0.7251677659045898,0.7188944250830037,0.033186081219326716,0.007362057217449324,0.15540457680744613,0.0200761636959544,0.03019890102940484,0.0,0.2,0.1,23,12.076621143731074,2.3042774545326425
5,14,0.04022750457132954,0.7135723191304417,0.7106885456497969,0.09196481004294413,0.04678857580348663,0.16532056936195547,0.027415569229932713,0.04116139466186671,0.0,0.2,0.1,27,15.953340123576895,1.8515039250031105
5,15,0.04010955640190488,0.7082809645685841,0.7010063039872766,0.0940817174735599,0.010936783024310202,0.16532056936195547,0.02741556922993269,0.04116139466186675,0.0,0.2,0.1,29,15.800727036922272,1.903990173908189
5,16,0.03919213578156847,0.6987005320072527,0.6867609581382136,0.09540994887966124,0.03353817196858398,0.16950142095566012,0.030406623655921138,0.04551758140367653,0.0,0.2,0.1,31,17.515985393180458,0.7612301363967547
5,17,0.03737521113248465,0.6926314489094157,0.6803794526014896,0.10038174661380111,0.056196825303883174,0.16950142095566015,0.030406623655921127,0.04551758140367662,0.0,0.2,0.1,32,17.862882227855614,0.630433143396053
5,18,0.039691384603325414,0.7085387341617557,0.7093146485430921,0.11798142798032746,0.02732260028539745,0.17695482352223252,0.03852199246803215,0.05773708245107463,0.0,0.2,0.1,33,21.409762301055714,2.136691015364082
5,19,0.03654410024506263,0.6946776797949002,0.6866474755160493,0.1087209310366683,0.019771350204342602,0.16879453232486172,0.030339194479566577,0.04604821254981776,0.0,0.2,0.1,34,18.48985210701419,0.57821587805939
5,20,0.03767881067921066,0.7105864997092785,0.7156707312820684,0.1250774881195642,0.01266687583098956,0.1728448169544279,0.03384444030836238,0.050693975434616304,0.0,0.2,0.1,35,19.67034581207288,1.0464520282089955
5,21,0.03728444587039165,0.688442241400585,0.6758926575531481,0.11117530546613984,0.03349143648178499,0.17303369302685115,0.03475552244211861,0.05273612060590507,0.0,0.2,0.1,36,19.9804716433993,1.3882030424639034
5,22,0.03695049027384904,0.6951113057807656,0.6951321157030882,0.12718666108415483,0.09772250698526376,0.18103338471430608,0.0421203617394809,0.06294880973513403,0.0,0.2,0.1,37,23.868981158543,0.6608291270189246
5,23,0.03693670868278991,0.6950560691646147,0.6950740283651058,0.13937790216581078,0.014933715846249375,0.18103338471430608,0.0421203617394809,0.06294880973513399,0.0,0.2,0.1,39,23.91906362750192,0.6523271837054081
5,24,0.031788658666064624,0.6760957131267374,0.6792507285682923,0.1436393777402486,0.10829379738989262,0.1728027994716133,0.04876962206657022,0.05069363534222389,0.0,0.2,0.1,41,19.69816149891896,1.0289742536737174
5,25,0.027992692728645838,0.6344159495287702,0.6352767571533973,0.14851345325739101,0.10444726138061484,0.18098937661930442,0.05707159451971672,0.06294813146912251,0.0,0.2,0.1,45,24.128925962206303,0.6154831678754478
5,26,0.027992642244458243,0.6344155154863473,0.6352763150092466,0.15527494861957003,0.017709572661415655,0.18098937661930434,0.057071594519716703,0.06294813146912255,0.0,0.2,0.1,46,24.129263086587844,0.6154430130902264
5,27,0.026897392902300806,0.6066920780014322,0.6019378597823983,0.1463179806405759,0.20693321830894648,0.1850925039847973,0.06099037302584488,0.06857960347407374,0.0,0.2,0.1,47,27.125854590895184,0.0940496215393155
5,28,0.024229524443254203,0.593149259455348,0.5918827597812061,0.16015857195078326,0.04454831306150159,0.18598462769020346,0.052771204460831375,0.07212011980758551,0.0,0.2,0.1,52,28.231597225291345,0.0877539304258972
5,29,0.024384767470902857,0.5773297243715773,0.5710804898485835,0.1655521511239816,0.06532224015152155,0.18894430507766768,0.05537176673464397,0.07660521470168483,0.0,0.2,0.1,54,29.60312879152573,0.2979510916885559
5,30,0.024925929382823953,0.575548595742239,0.5732744252930311,0.169646232002793,0.04940918706988169,0.1898183717155734,0.05839612936717198,0.08060619754726937,0.0,0.2,0.1,56,30.65329612024381,0.4242496720800465
5,31,0.024784275979755493,0.5765031570006242,0.5783919678440521,0.17939434350537614,0.03567779592602743,0.19005893606261864,0.05865896882884143,0.08098368607093347,0.0,0.2,0.1,58,31.171849356524408,0.3803756842596063
5,32,0.025170906011033535,0.5500573947760014,0.5463882624070668,0.17197227078812916,0.11094032741731817,0.19380819031451582,0.06320753052428384,0.08704619314456571,0.0,0.2,0.1,60,33.94396406068906,0.0458133305278329
5,33,0.025111365162837268,0.5485326921530022,0.5488923924022097,0.18666586719620837,0.04753905183260959,0.1939292636109235,0.06419147669213054,0.08724750986399352,0.0,0.2,0.1,62,34.210926928269075,0.0605680823290215
5,34,0.03441364363689214,0.5645834349644192,0.5858484396694489,0.314727994649558,0.038139614758755117,0.19473216241127475,0.11305190967907204,0.08926487749718902,0.0,0.2,0.1,84,34.32235053154105,0.080696590169263
5,35,0.026673904010833714,0.5272619416253559,0.5469611860915783,0.31798322431239806,0.08382749001941964,0.1984024560369966,0.0712721407066309,0.10376272831510816,0.0,0.2,0.1,88,37.39722197839759,0.2242603092669527
5,36,0.025950797488378946,0.517379924383483,0.5324842038134999,0.30780234945592516,0.04077974411422419,0.19900090804472229,0.071422888411364,0.09719730464762641,0.0,0.2,0.1,90,37.42827099123773,0.2213770247786616
5,37,0.02586141479006093,0.5196023566339968,0.5430542660144707,0.33158919377052365,0.03613548551169571,0.19866127472029965,0.07181308489979209,0.09714783082813534,0.0,0.2,0.1,95,36.88876530682148,0.2305979492582103
5,38,0.025789008073662086,0.5203895463960344,0.547999990929806,0.3497164611032938,0.03220121877402292,0.2012652299170622,0.07175473842296003,0.09735838118599312,0.0,0.2,0.1,99,37.11380561198671,0.4135093394551735
5,39,0.025895717576166426,0.5213277529975949,0.5530954443018963,0.3592556507198975,0.029723584549099017,0.20170166502822814,0.07270452118269824,0.09731222714494034,0.0,0.2,0.1,105,37.11545862942837,0.3383692505416324
5,40,0.025829668293660596,0.5189339138390099,0.5505795772032297,0.381443661295522,0.03345696821393748,0.20241036178591298,0.07261036873195789,0.09726680123830148,0.0,0.2,0.1,107,37.114384273455705,0.341218400027852
5,41,0.026796623201934267,0.5172920198001583,0.5529151260643037,0.40165815275271227,0.045289161142820535,0.2010355661905543,0.07730707814471108,0.09885346431918804,0.0,0.2,0.1,110,37.01708302373096,0.4313471683361077
5,42,0.025630091489496624,0.5231486563889463,0.5673678806541523,0.41099300598696786,0.028013003379955256,0.20241789334540541,0.07237630215193044,0.09751840407886014,0.0,0.2,0.1,116,37.56031523714959,0.4038086513080867
5,43,0.026169348330465247,0.522638697953468,0.5668030478090036,0.45433327441139665,0.026442400794901712,0.20205760004167506,0.07494565490837872,0.09793972432936722,0.0,0.2,0.1,121,37.21291970822429,0.0487941732806177
5,44,0.026928410856437747,0.5139820187271176,0.5535396064805973,0.45236006885901536,0.04327910727889102,0.20375140993647212,0.0786510809321234,0.0988103512424999,0.0,0.2,0.1,123,37.01631110566493,0.3292808119046565
5,45,0.026762451327269274,0.5266820680273397,0.5792559511951626,0.48452583255901616,0.04107044825815898,0.2011945606336911,0.07870256505741212,0.09734181095556774,0.0,0.2,0.1,124,36.938556626724754,0.4061444935814421
5,46,0.026775239381771544,0.5217425315527231,0.5740578211187596,0.48717658124350716,0.03207650843263259,0.20266935157041058,0.07913549812178095,0.09731240402580951,0.0,0.2,0.1,130,36.939670730190784,0.3402893715259354
5,47,0.026783528672641683,0.5307115306842175,0.5917244332978241,0.5274671801011847,0.029262419397735454,0.2020935054775529,0.07921106755859635,0.09737322229734148,0.0,0.2,0.1,132,36.93895742982316,0.3545407197509992
5,48,0.026872322883079704,0.5299368774581943,0.590904719838652,0.5311249190929078,0.029088126194257727,0.2026038997471381,0.0797139617320975,0.09737355585952198,0.0,0.2,0.1,134,36.93923745666828,0.3437317438967305
5,49,0.02690088757068904,0.5296409151117158,0.5905918270365615,0.5590919412183315,0.026140481692135606,0.2025650285787855,0.07986921083774565,0.09739281524875856,0.0,0.2,0.1,140,36.93899898454381,0.3447956740141877
5,50,0.02598403847940503,0.523336955201698,0.5840068937523174,0.5777763689137196,0.031950281450236324,0.20148833302517824,0.07543844176601705,0.09779455102883931,0.0,0.2,0.1,146,36.90445017062349,0.6320830988375634
5,51,0.02597516995939014,0.5282645101983255,0.5933070575030248,0.5910869125155005,0.024899655747222693,0.20147426210908642,0.07540292489055293,0.09777824485988697,0.0,0.2,0.1,148,36.9043590193717,0.6327209015307035
5,52,0.02634689189830989,0.5430770708662688,0.6212182346340075,0.6660374663100956,0.025461022030297164,0.20155932853765,0.077268774108506,0.09781473856806648,0.0,0.2,0.1,162,36.90434353831149,0.6082512761808068
5,53,0.026505681461252456,0.5481575975345055,0.6306705982599342,0.683557648976833,0.0254951105117168,0.20158250946068412,0.07805586708254153,0.09783173048158081,0.0,0.2,0.1,164,36.9043651975832,0.5951747725516332
5,54,0.026275959001496183,0.5479180380278609,0.6304305380131638,0.6872373936003648,0.0252021292876626,0.20153658048438539,0.07691250758798134,0.09782240109034925,0.0,0.2,0.1,166,36.90436526253471,0.6179687173734286
5,55,0.026145979070075574,0.5477862892722827,0.6302986834225066,0.6949321392287565,0.025049706851430133,0.2014527319440125,0.07626517658294821,0.09781750338383434,0.0,0.2,0.1,167,36.904372608205136,0.6248058879408128
5,56,0.02638101464132331,0.5528485637427252,0.6397278649622016,0.7047390509405403,0.02622150823670927,0.20144803595665703,0.07746012914993114,0.09779322331869024,0.0,0.2,0.1,168,36.87969344288968,0.6071014331094065
6,0,0.7256539516678953,0.9709655813417014,0.9694709087224871,0.05774829550806858,0.0,0.0,0.0,0.0,0.0,0.2,0.1,1,21.020557200002965,60.63882564908314
6,1,0.4737110577728711,0.9330159413170381,0.9295659462510966,0.05299638928603931,0.1478820432765855,0.08252029297210833,6.927026682063e-05,0.00018426054694576,0.0,0.2,0.1,3,14.657029712815977,35.784701514799124
6,2,0.3132869086134775,0.897629945129242,0.8922550672914868,0.049208768199435565,0.29315841060738557,0.14165948948809207,0.00254341129931945,0.01530205411446057,0.0,0.2,0.1,4,14.241497665277372,39.93551758936693
6,3,0.29250655031874273,0.8901035714479165,0.8844430535371403,0.04752007411020623,0.04325730229981001,0.09761562022158113,0.00013493140963529,0.00033797641380163004,0.0,0.2,0.1,5,8.874937177213184,18.42485713242772
6,4,0.1913889660463485,0.8526296663675752,0.8450110321466628,0.04266985889978402,0.29680279669733883,0.08883197502218591,0.0012793836536658999,0.00368517417889724,0.0,0.2,0.1,6,9.454763268301122,3.215181653334787
6,5,0.15794357522913963,0.8418436533377308,0.8378026899396847,0.04226129124127038,0.13273734621593952,0.10703429631670883,0.00078634689328,0.0018629711284750099,0.0,0.2,0.1,7,4.23722781991113,2.836183260840777
6,6,0.1295327254283587,0.817816432998584,0.8083923356619578,0.03870613921078094,0.14158194879699926,0.09238791446640304,0.00177908098675175,0.005265762278537979,0.0,0.2,0.1,8,5.118121363823435,4.261375516582227
6,7,0.12670297371047812,0.8207986807983622,0.8156437192374804,0.045503516043809124,0.008800407142907217,0.09589608708054351,0.00190732096387278,0.00556597818102963,0.0,0.2,0.1,10,3.432673272628167,8.425174603070328
6,8,0.12389747518935837,0.8138175746475641,0.8041875012762264,0.045279232842989514,0.01622578123887275,0.09212576158542274,0.00181127490092492,0.00522772803818739,0.0,0.2,0.1,11,3.34555539589964,3.778081598896031
6,9,0.12300694327703612,0.8181194021781469,0.812828274888245,0.054812548895669985,0.003477251963518487,0.09194541363946468,0.00185325854040345,0.00533676863642505,0.0,0.2,0.1,13,5.339644065842312,3.389980425099426
6,10,0.12154155627445734,0.817148805197163,0.8117907750476111,0.06642178105011835,0.011494928879982637,0.09379427115075574,0.0024861283873288302,0.0073580247015458,0.0,0.2,0.1,14,4.763858556650798,4.4965254382358815
6,11,0.11755306383108331,0.80919979757769,0.7993129579495789,0.05902056437406078,0.024757409846826887,0.09336254007614844,0.0025603059409805397,0.00742903105943282,0.0,0.2,0.1,15,5.07116980487823,3.890849919301029
6,12,0.11564821770435009,0.812662701255071,0.8070725877906574,0.06543291241552227,0.006978928186002858,0.09336254007614844,0.0025603059409805397,0.00742903105943281,0.0,0.2,0.1,17,4.980556724811538,3.74326673450814
6,13,0.09992803780586829,0.8045567487800309,0.8026061856194406,0.07572633015905147,0.1134020347109456,0.09427644906110896,0.00496418778104022,0.01460345380380006,0.0,0.2,0.1,18,5.039300788141339,5.1322380726822505
6,14,0.09716288901607778,0.8021244149695101,0.7999007231474069,0.08213642871888314,0.02597908357847217,0.09918274404983304,0.01842051112283315,0.016422550206226467,0.0,0.2,0.1,20,3.1346258002791663,12.311771176308902
6,15,0.09512639507196313,0.7951841219405731,0.7884835058324795,0.07701267251166533,0.02106272642721404,0.09877678667336959,0.01849468867648488,0.01649355656411354,0.0,0.2,0.1,21,3.530037266809069,11.437046355217335
6,16,0.08951970292213016,0.7994321181083409,0.8012516757322421,0.08897955588618925,0.03855640612268054,0.09937507451896821,0.01459512821157683,0.011764744506079181,0.0,0.2,0.1,22,3.37046188891592,8.63679799286834
6,17,0.08635683417816521,0.79615144035075,0.7978792636437468,0.1036648991649678,0.009414661786859471,0.09775844680861037,0.0052551774772769,0.015456253424292249,0.0,0.2,0.1,24,4.69916982529266,2.9174727639239757
6,18,0.08547794598673386,0.7952087848953312,0.7968897051271753,0.10638187282386541,0.009611859821139691,0.09760463969050805,0.00519332597342309,0.01526225390504854,0.0,0.2,0.1,25,4.671584476595345,3.0914920116460096
6,19,0.07462865655191567,0.7824247126501684,0.7833833663817137,0.10804433653972102,0.0402480529793967,0.09822701955797096,0.01047840843671991,0.01715425869113988,0.0,0.2,0.1,28,4.217632969155033,20.98518616909043
6,20,0.07463164522266823,0.7774625603330869,0.7740448178183681,0.0886823902234828,0.004300464548788569,0.0979270037982521,0.01045043125070052,0.01769115032411325,0.0,0.2,0.1,29,4.239990010885268,20.93546297873045
6,21,0.07353651620084108,0.7859770290666418,0.7912370428844491,0.11604751689408585,0.014143673826510616,0.09822701955797092,0.01047840843671993,0.0171542586911399,0.0,0.2,0.1,30,4.153505305000495,21.484589665173228
6,22,0.07339888992365023,0.7858224020443672,0.7910783644507958,0.12186910083362433,0.0043502037936262675,0.09871256127870252,0.010519507457725551,0.01631442663716006,0.0,0.2,0.1,31,4.097302687077789,21.54563991052636
6,23,0.07259026599184618,0.7791004330441059,0.779769062193043,0.11775871188140412,0.03865768964608956,0.09445350434883468,0.005314401864651401,0.05058082424859236,0.0,0.2,0.1,32,4.856779338907824,4.840870035354207
6,24,0.06740778819838014,0.7770432991396388,0.7817523023412756,0.1243303861921914,0.030678884968944373,0.09973156543568416,0.011827110991033,0.03215932233605816,0.0,0.2,0.1,34,4.870302227774773,5.304555943384814
6,25,0.0672953191024854,0.7719270479304743,0.7722531735410372,0.10711644352603907,0.007079257889619577,0.09979604699689963,0.01174964712006689,0.03250801487763254,0.0,0.2,0.1,35,4.858408779453494,5.255572860819195
6,26,0.06251228586002591,0.7750050553181609,0.7837611579943757,0.15488657530397018,0.014493549166256385,0.08880576477329263,0.0163948802570861,0.01650956713922037,0.0,0.2,0.1,40,3.931341674483954,22.84967794236544
6,27,0.056867224875154415,0.7710685307175666,0.7837566095372104,0.15858670856823046,0.0382891073401891,0.1013621653547858,0.014951899159345649,0.01625659621839231,0.0,0.2,0.1,42,4.188035043658088,24.03192897093988
6,28,0.058166520205124056,0.7672683688458752,0.7755702135359177,0.163495704695046,0.007370853647825647,0.09422231602479056,0.011426800164990859,0.03731893229493567,0.0,0.2,0.1,43,3.440964042790037,12.771921224438294
6,29,0.058910502108196774,0.7728241774039768,0.7854824730985446,0.16719026658276456,0.00948010556791969,0.09640003992390131,0.011810230024839361,0.04589105640968882,0.0,0.2,0.1,44,3.582930396755187,13.047229157600444
6,30,0.057976974334301996,0.7706998352883132,0.7832132559689088,0.1739045801049613,0.018640879861292065,0.09649805639957443,0.01885307019280593,0.03870149132810868,0.0,0.2,0.1,46,4.827903204315441,22.81621770361676
6,31,0.05725409086177149,0.7694000480747802,0.7818465623912686,0.17983117141632526,0.017667484818294433,0.09649805639957443,0.01885307019280594,0.0387014913281087,0.0,0.2,0.1,47,4.681619582255924,23.457299954678067
6,32,0.05481662851165203,0.7609916862771271,0.7689475136487138,0.17493497561968327,0.024275654415681105,0.09178197891672579,0.01266514392624482,0.039289907677669225,0.0,0.2,0.1,48,3.472877470280608,11.841211870897018
6,33,0.05271810332333763,0.7572250393000356,0.7649971544150734,0.18013732711797922,0.020162607864799884,0.09765895053893865,0.01315006228147723,0.03634151276758061,0.0,0.2,0.1,50,4.423988219989763,11.82840542196372
6,34,0.050892822722418324,0.7580758805627057,0.7699836757744909,0.19273649196389595,0.02471089311685431,0.09186140162024731,0.01433261567480272,0.03914344680862853,0.0,0.2,0.1,52,3.830157307390476,11.822408302402376
6,35,0.05079050375371805,0.7579441366416519,0.7698489358685847,0.19264943841886514,0.007157570842793117,0.09184298332033611,0.013945422456342648,0.039181633453338735,0.0,0.2,0.1,53,3.838272352163852,11.832409242206342
6,36,0.0484671426715287,0.7529961502931928,0.7646401005257595,0.19808900245736782,0.04634056780760746,0.09952738967905363,0.015130964214428569,0.03800306345684124,0.0,0.2,0.1,54,4.7375708262710265,11.564929864003496
6,37,0.048750024395870395,0.7403498994028569,0.7429620206913539,0.19867184986587322,0.0527343980442314,0.09853397299253591,0.02358230430525008,0.04903997414075576,0.0,0.2,0.1,55,4.6934271306537685,20.6662373287603
6,38,0.046895291488983956,0.7407540730311023,0.7474973652002705,0.20791152861377543,0.02807736944879627,0.09623056849768737,0.02607339103682747,0.04563455342687005,0.0,0.2,0.1,57,4.461555280269885,20.20152810033929
6,39,0.04665656036531513,0.740139114360081,0.7468492799188181,0.21095422274170586,0.014819698729491959,0.0958207015339088,0.02658534922048294,0.04489771076504604,0.0,0.2,0.1,58,4.414386339174714,20.0559470309903
6,40,0.04644455168502384,0.7444861544395696,0.7555354685553599,0.2178631690569459,0.015018802873854948,0.09476811480450183,0.028058456763774033,0.04255964108173155,0.0,0.2,0.1,59,4.266156688022987,19.48164652600745
6,41,0.04072083895712556,0.7333937871732623,0.7439884239614668,0.2393859295505377,0.019100067097930495,0.1037539857537003,0.0201421617418609,0.03578958650442019,0.0,0.2,0.1,65,4.346233427273225,20.416913928667658
6,42,0.04070277111068536,0.7382886054510903,0.7532536243841805,0.25000483984697563,0.007814431170743999,0.10375380712460981,0.020142879914045668,0.03580408862120974,0.0,0.2,0.1,67,4.344457162299612,20.41201086238212
6,43,0.042555731370704605,0.7323119945584148,0.7426715822863647,0.24385630141566964,0.04608888447555478,0.09787399828911666,0.02053792081870114,0.06983781951066835,0.0,0.2,0.1,68,4.271930613324571,14.057327544439804
6,44,0.045436511974610835,0.7322229415232749,0.7423489322228105,0.258166742803316,0.033255752258920225,0.12293529902254784,0.023407855016545732,0.10858504635224671,0.0,0.2,0.1,70,4.256692108021356,27.282156096346966
6,45,0.03604982792674036,0.7592974288559737,0.8041708713224792,0.36188538116768365,0.009763412516267635,0.09109363565673662,0.0249739297497108,0.02663151446740903,0.0,0.2,0.1,87,5.257873406048027,16.431838986271305
6,46,0.035962839405745156,0.7639708013648439,0.8132033561473766,0.3729681536187551,0.008721356981889722,0.09109363565673662,0.024973929749710768,0.02663151446740904,0.0,0.2,0.1,89,5.226258586640013,16.44092384708725
6,47,0.034156335835598774,0.7611745840399652,0.810332717580593,0.374706552509387,0.017561474300233363,0.09029817984579189,0.02083782083019154,0.02139800244762089,0.0,0.2,0.1,90,4.814584594245729,8.874076220039594
6,48,0.03769903764494223,0.7686312336642094,0.8220853568942323,0.38601200368866184,0.02200850348551734,0.09296025032258189,0.02471676371659682,0.05372496185308978,0.0,0.2,0.1,91,4.486641706991248,10.150488999291998
6,49,0.03346453908095393,0.7640160550090476,0.8174419513936564,0.38181737689201134,0.010488859156282782,0.0985206804699809,0.02148122302934738,0.01952130590913825,0.0,0.2,0.1,92,4.799932456306771,9.28541112951328
6,50,0.03407206595281162,0.7544131516868711,0.7990693239725075,0.3779478080991845,0.008176390586174954,0.09534033765826383,0.0245013116274811,0.020944227207809092,0.0,0.2,0.1,95,5.62900810700467,14.559248540852002
6,51,0.03424522159928581,0.764176678213238,0.8175567342284449,0.4310822318779399,0.008431677422458251,0.09925599845257219,0.027111774479242328,0.01877732599088666,0.0,0.2,0.1,98,5.611477654843387,15.718953592669806
6,52,0.03424099417916373,0.783950808170651,0.8548227823160387,0.48514178093397514,0.00731208507724947,0.0992559983779606,0.027111806599922787,0.018777325640355138,0.0,0.2,0.1,107,5.638891517449449,15.69063313968926
6,53,0.034377486917191794,0.7789506776494033,0.8454355045955945,0.4453283373186655,0.008048263750723378,0.08964248099812856,0.024544940534696517,0.026098258616770557,0.0,0.2,0.1,111,5.341410409922435,16.910219020490906
6,54,0.0361873898094571,0.7752847582965524,0.8373574421936688,0.4582327748505872,0.012513109804406244,0.09312072663524196,0.02450112625514452,0.0465662842796878,0.0,0.2,0.1,113,4.585410980718535,13.785547357448587
6,55,0.03531876002146032,0.7722121888250676,0.8341242192616452,0.4649417650670411,0.033884325989949164,0.0919970356794553,0.02421675619483785,0.04761509274222296,0.0,0.2,0.1,114,4.606946032731238,13.788229947785329
6,56,0.03338573272412739,0.779199156352868,0.8497872667330916,0.5022634518313822,0.009390651520860285,0.096520779571036,0.026180447291660143,0.028267672322511473,0.0,0.2,0.1,122,4.58263942772183,12.400586791555916
6,57,0.03317808141784787,0.7931750370032564,0.8768352133410531,0.5181054695425045,0.011230973000586647,0.09557261450288795,0.02552212059611651,0.03014233037883421,0.0,0.2,0.1,124,3.1753696433383976,13.54387784265568
6,58,0.03257041513975786,0.7907270132303169,0.8742562384413932,0.5441331669076025,0.018771058428754414,0.09737435544462938,0.02668319672755682,0.028773127934478747,0.0,0.2,0.1,126,4.71533497488292,15.373627105682766
6,59,0.032302720784846244,0.7829693325325221,0.861946513966549,0.5603213117037973,0.022222313717341555,0.10001108063217048,0.03136248300071496,0.02606217083751055,0.0,0.2,0.1,128,3.3724627082947354,13.52971375688987
6,60,0.03143329760056645,0.7868043898951272,0.8701378030441227,0.575675802738633,0.008370838234542747,0.09599643975696964,0.025118578024064468,0.03071957291786394,0.0,0.2,0.1,133,3.023770167320945,13.81499368723838
6,61,0.031374951289232185,0.791573291505685,0.8792715020767028,0.5847458029085828,0.008762222321836731,0.09590212333758943,0.0253436550146521,0.030110919353896898,0.0,0.2,0.1,135,2.971904239660041,13.88781150221106
6,62,0.03157359154096702,0.7951223270728028,0.8870828437377491,0.6145356315317454,0.026684558436408906,0.10102196900054206,0.030842445087421438,0.02666627126628579,0.0,0.2,0.1,136,3.470961682854779,13.489928960502471
6,63,0.029750850673202378,0.784172334764041,0.8714734483552544,0.5724477937602518,0.02947113920342012,0.09555998527000237,0.02594089720026007,0.032038659377151016,0.0,0.2,0.1,138,3.0835157493104512,14.057574622186348
6,64,0.029514720403320583,0.7881745777191602,0.87980098625806,0.5852754495189262,0.012007272007410866,0.09575750748646461,0.02590692676856966,0.0319657634133982,0.0,0.2,0.1,140,3.1218738089213933,14.07654668900516
6,65,0.028585468997360784,0.7831037762697197,0.8744533108607992,0.6294578318736843,0.013939056551611671,0.0974662430292364,0.028234865729485442,0.03037972717935561,0.0,0.2,0.1,148,4.980545970266241,15.080196570622158
6,66,0.027777559385781466,0.7913753823413551,0.8914173500862798,0.6470768927706994,0.012483817323606851,0.0945076819187679,0.02692924520293734,0.02723823776903031,0.0,0.2,0.1,150,4.661717850632434,16.69436860960615
6,67,0.027677479657999614,0.7907651291045045,0.8907734091390213,0.6560558524160386,0.013149628929115264,0.09428977825816286,0.02718821160493869,0.02715935805007687,0.0,0.2,0.1,151,4.652469251732106,16.699678724197945
6,68,0.027883837084268545,0.7858626443980871,0.8814871002722114,0.6495673416587638,0.010730644263669119,0.09700287995380158,0.026328910164833703,0.031396028999194345,0.0,0.2,0.1,152,4.859535704891351,16.05016756356658
7,0,1.0,1.0,1.0,0.06423510988367964,0.0,0.0,0.0,0.0,0.0,0.2,0.1,1,8.916507864296872,46.636369583672185
7,1,0.5869469496980532,0.9521065423405229,0.9496391111080034,0.05721351404453606,0.18474571880912882,0.07770515177034859,8.687585432549e-05,0.00018886718619028,0.0,0.2,0.1,3,4.128068871179386,37.55325672422653
7,2,0.45826951536888305,0.9306105721308954,0.9270035752723123,0.05544120185657822,0.1732206831548998,0.08663338410340009,0.0011996072651268201,0.004369112167032349,0.0,0.2,0.1,4,3.506084816771412,7.733436003258566
7,3,0.3541432289790665,0.9071948627200271,0.9024098373382893,0.04978251731852784,0.1780922660362627,0.08663889324998615,0.00034750341730199004,0.00075546874476112,0.0,0.2,0.1,5,2.860400226239696,21.953849998941443
7,4,0.26880782278431603,0.8831899646329812,0.8771274601365815,0.048215323308493784,0.1942714646427849,0.09012087181858094,0.00171301426371167,0.006134126124189,0.0,0.2,0.1,6,2.416162813179257,3.6420332621198783
7,5,0.12776020066165988,0.821353609039622,0.8162575674966965,0.03760204974017335,0.5154295163248025,0.10389935261202292,0.0008346697000800001,0.0018169402876213599,0.0,0.2,0.1,7,3.2996722079117142,1.9676748264759336
7,6,0.12468473176934002,0.8192075393404431,0.8139960866022232,0.04112012422297283,0.009180098936693427,0.10498974804365625,0.0010635079070285601,0.00231515959154836,0.0,0.2,0.1,9,3.7956952989449633,1.7945818034665877
7,7,0.11184003909569652,0.8097014097768686,0.8039555392406305,0.05330241553811183,0.0216000212064854,0.10494259621973405,0.00168943372949489,0.00981854356007479,0.0,0.2,0.1,13,6.1981563887362245,1.1844099647747846
7,8,0.10907222271463378,0.8123502008403956,0.8108591519978833,0.05929790121397562,0.010110707006404969,0.10494259621973401,0.00168943372949489,0.00981854356007476,0.0,0.2,0.1,15,5.816940733374434,1.134173852105965
7,9,0.10880203417395934,0.8121193614817006,0.8106190688732225,0.0491535030698533,0.0026788274793339384,0.10558318797832911,0.00173162222254892,0.00922233118912493,0.0,0.2,0.1,16,6.078060327591542,1.1637561423635898
7,10,0.09319481860874575,0.7981962595331193,0.7957930665190449,0.07098121253947526,0.1414126851153919,0.09299606809224518,0.00791537770487182,0.03301468236035155,0.0,0.2,0.1,17,4.339049969170468,5.173921728648756
7,11,0.09403902250704009,0.803131199126754,0.8044870871154357,0.103333379296864,0.06323560511461808,0.08523335418927037,0.04369150621640347,0.0806299982607358,0.0,0.2,0.1,19,9.870921745965065,0.7843108696222163
7,12,0.07633596193532226,0.776623495927086,0.7763160964055306,0.10987344409614537,0.1483743295199891,0.07711240024539669,0.04957379765016529,0.1268871096292182,0.0,0.2,0.1,21,8.668880942715099,5.369845285452504
7,13,0.07081465931504168,0.7696521478463553,0.7729744334669068,0.11723138568294757,0.08134300165948409,0.07748214898952246,0.05357558873327467,0.1441234316317709,0.0,0.2,0.1,23,9.042421832266822,4.384944420703183
7,14,0.07081465942441725,0.7745991746670821,0.7822946110871357,0.13145359334143356,0.025127886074360638,0.0774821489895225,0.05357558873327463,0.14412343163177083,0.0,0.2,0.1,25,9.042421765856751,4.384944367189931
7,15,0.07081467694706987,0.7745992793344255,0.782294727971148,0.13145356606414144,0.025135580253309246,0.07748211516207726,0.05357536970533516,0.14412321793421126,0.0,0.2,0.1,27,9.042418042843176,4.384978806427373
7,16,0.07091036132190441,0.7690786275504826,0.7723306145220022,0.14038549633427455,0.031237529496216936,0.07659613544681489,0.05839285728426848,0.14240923233394304,0.0,0.2,0.1,29,8.178667996685059,5.675255373736936
7,17,0.06687326624625883,0.7665446691795041,0.7738244914588457,0.1350351221084672,0.0773685865626137,0.07558363327861775,0.053642200812953275,0.1441815723716669,0.0,0.2,0.1,30,8.04765891834521,5.122355934478221
7,18,0.06298883265934187,0.7553247654870417,0.7580048923532489,0.14456425674076034,0.05752010252791673,0.07357841015960635,0.05263081695796382,0.1274810567546867,0.0,0.2,0.1,31,8.105914498280136,5.867535724129644
7,19,0.06303017514166384,0.7552959267945595,0.7579695362764339,0.15082081699254504,0.0243580404753609,0.07382232667389187,0.05271854141338891,0.12828368122303996,0.0,0.2,0.1,32,8.118088143756664,5.924441877894507
7,20,0.06238292985480711,0.7544833926086942,0.7571416549578911,0.15024227176497798,0.025181309743157767,0.07376862880806498,0.052074909930851246,0.12442615277527039,0.0,0.2,0.1,33,8.116302840652494,4.574766601367544
7,21,0.05781138737143782,0.7538757899120873,0.7608169303775429,0.1614999863578224,0.022467705621029548,0.0973481951809632,0.04277584689055959,0.10501461856142572,0.0,0.2,0.1,37,7.952575099149418,4.428976475668023
7,22,0.06179985006402905,0.7548055082081773,0.7614734300263222,0.1757802766011971,0.03910609195327818,0.07895582569324497,0.06046884499675107,0.1320018337659151,0.0,0.2,0.1,40,7.623554560021767,4.367822508886692
7,23,0.04759555635357457,0.7472942632600107,0.7624347936554057,0.19407470052987735,0.01734346105311266,0.08835281177177934,0.02793408372354646,0.07618630263726486,0.0,0.2,0.1,50,7.079815916135633,8.306797243115202
7,24,0.04723512823281091,0.7464883927889185,0.7615920795916609,0.2070283424103945,0.01858046791948221,0.08845564640150519,0.028379953565924487,0.07439151936632518,0.0,0.2,0.1,51,7.257356049833165,8.474003417411387
7,25,0.061011034315503296,0.7659758317543388,0.7894844270833246,0.23478529811548593,0.08099303682860183,0.08096443585262575,0.061902832755740135,0.16960091899864502,0.0,0.2,0.1,52,9.906818358000846,7.840754328741029
7,26,0.04697952704715536,0.7444771190928628,0.7634134368002768,0.21152955602945048,0.046786765786541236,0.08203281653281802,0.03583121628661142,0.09490613482183709,0.0,0.2,0.1,53,7.676203200216607,6.185388565079297
7,27,0.05423710623465759,0.7547179146343048,0.7778749010290954,0.23223890312419374,0.04814113951063373,0.08890195109154271,0.05913025170346555,0.1308693352639771,0.0,0.2,0.1,54,12.122399202056291,5.523504719806611
7,28,0.05044951490659542,0.7419172966169751,0.7644057830594004,0.23291391166085604,0.1260061572621091,0.0835440008043558,0.059238085899753254,0.13250505360121395,0.0,0.2,0.1,55,10.484238677642733,4.1086919012672425
7,29,0.048125975669177326,0.7238575453832083,0.7452607475206046,0.23803926644445014,0.11019723042186225,0.07802933484984857,0.061578961121397546,0.15804698927102068,0.0,0.2,0.1,57,9.553779246101485,7.474208586971576
7,30,0.04808712484776016,0.7433856417288729,0.7822668289146579,0.2887380304849002,0.028419894443307833,0.07796523735822677,0.06153235662866471,0.158385142608321,0.0,0.2,0.1,65,9.65900842176463,7.383733769348363
7,31,0.04808712007346398,0.7334915835423542,0.7636264561248953,0.2893741579522089,0.028145013506689062,0.07796523865334735,0.06153234606514629,0.15838511828470597,0.0,0.2,0.1,66,9.659007795471869,7.383733559338863
7,32,0.04587742135598458,0.7302842471082567,0.7603529775617011,0.29758494052474216,0.036259180563802486,0.08857557437659305,0.05175375064624458,0.15871697792395717,0.0,0.2,0.1,67,7.985093510307109,6.001995225380521
7,33,0.04362173581819536,0.7216538389810472,0.7513066907701595,0.2914342205003358,0.08852327458980816,0.08798920182347277,0.051930698013230525,0.15284505350039782,0.0,0.2,0.1,68,7.935212976119154,5.353467089912182
7,34,0.03867819407129594,0.7232180144985115,0.7614000972752869,0.3852292581591452,0.022902938974476504,0.07654897477088701,0.05105772557176992,0.11346170308547103,0.0,0.2,0.1,93,7.72031812979808,3.522127891815758
7,35,0.03793133421476048,0.7198563584742267,0.7578725273436163,0.3949170603378463,0.04465604754993868,0.0771662222302365,0.05041085436178503,0.11337087557808698,0.0,0.2,0.1,94,7.764385561939711,3.4012408815019257
7,36,0.03597026474219768,0.7086629335614532,0.7461034652306802,0.4029864986880879,0.110624957066085,0.08131621946567237,0.04876721371195637,0.11654172799198163,0.0,0.2,0.1,95,8.154055783501368,3.515919944815434
7,37,0.03803426675495212,0.7199685088234865,0.7661152603725173,0.41457914370678356,0.02553234445686895,0.07148450200036537,0.05647829292789293,0.12302471497018881,0.0,0.2,0.1,98,9.012263538795304,6.016194906043798
7,38,0.03522549296662935,0.7248927644200007,0.7796534121199267,0.45839700498190356,0.031038088885486072,0.07164471577528075,0.05040084872518519,0.1112067511819721,0.0,0.2,0.1,100,8.7551756684233,5.776780433085665
7,39,0.03514454953097258,0.7274963393577624,0.7864922881688236,0.48017087541834613,0.02525666939283072,0.07371967319302627,0.05178721914261628,0.11177764443369909,0.0,0.2,0.1,106,8.643952641351788,5.4685767109258965
7,40,0.03488197796659548,0.7262824502978454,0.7852206500294248,0.48102882252185974,0.02573276260802941,0.07334442682112884,0.05136107350374166,0.11170839974373377,0.0,0.2,0.1,108,8.739743701527933,5.687374103593038
7,41,0.03468115309853459,0.7254067380220972,0.7843040653697058,0.48077211449570634,0.027137136673101272,0.07398054129960144,0.05079624061706535,0.11202354166824843,0.0,0.2,0.1,109,8.735753531529863,5.636910068225721
7,42,0.034350768741072985,0.7284364648476281,0.7916110471253484,0.4976784542668201,0.03607738765118141,0.07152231116283886,0.051101164994755546,0.11086885017605723,0.0,0.2,0.1,110,8.519856547641128,5.387493176464989
7,43,0.03432620513852774,0.7362054148629487,0.8079999332793251,0.5381311330756479,0.023883628086903252,0.06889130556455626,0.05206738018049388,0.11223878597160716,0.0,0.2,0.1,118,8.536343083096689,5.467432440506927
7,44,0.03422410405200429,0.7305892515486209,0.8020545560420393,0.5413273310382982,0.0719773913918399,0.06924885346374085,0.055898557939601544,0.1123647207412564,0.0,0.2,0.1,119,8.50041823266365,5.9578104148334265
7,45,0.03270576343964288,0.7227016917180433,0.7937913174371456,0.5352979235742318,0.07852482144653355,0.0697794627319128,0.05282634811386895,0.11260749055878719,0.0,0.2,0.1,120,8.202303208972646,6.655691475440466
7,46,0.03259649470122315,0.7318383744789914,0.8116363361356749,0.566661431024931,0.02373000662320785,0.06966252205982731,0.05274174987780396,0.11258217119832985,0.0,0.2,0.1,123,8.213448454128685,6.571878271685536
7,47,0.03259343935833734,0.7410635210422233,0.8295688049395677,0.6149518408960268,0.022871082757796188,0.07450187472262416,0.05256818678197187,0.11382021137930524,0.0,0.2,0.1,130,8.00764141345311,6.6838430456405264
7,48,0.032239900452950186,0.7475482703943164,0.8446215595062109,0.6313234574421799,0.0258127803416665,0.0681820195738393,0.05361628737794503,0.11226481627703282,0.0,0.2,0.1,137,8.260740925478506,5.06311580087056
7,49,0.0321495437097199,0.7422956862111089,0.8349833012005663,0.6350586342030158,0.022807122530713205,0.06852746284501428,0.054637071082407694,0.10960076609411588,0.0,0.2,0.1,138,8.342688119527654,5.002945101028787
7,50,0.033535111991734305,0.8107984421631242,0.9645859413370803,0.9446676664849338,0.02398315466788812,0.07278294389939348,0.057036506462694724,0.12140799241455746,0.0,0.2,0.1,184,8.128810961932999,5.935022543575888
7,51,0.03313788255967354,0.8027687044140847,0.9520276483457486,0.9383402754065389,0.03522977891134842,0.07163661354814845,0.05681346899059091,0.12120989072742645,0.0,0.2,0.1,186,8.168294465214226,6.063920949400146
7,52,0.03289653229872585,0.8018787220203133,0.9511002455412502,0.9405053422832885,0.024710778724101653,0.07169640982093813,0.0554320487735255,0.12234415573290698,0.0,0.2,0.1,190,8.127356637796327,5.961516028211886
7,53,0.033599967782115284,0.7911876204591989,0.9234038890828987,0.9897796163082431,0.026409593454178995,0.07250826824310426,0.05480900204120821,0.1198769713119989,0.0,0.2,0.1,197,8.178100263939033,6.0322842673987065
7,54,0.03311288377614231,0.7987598804876617,0.9396153647776682,1.0227085033012484,0.0274268455605993,0.0725371593699844,0.05358639121872094,0.11991225057504222,0.0,0.2,0.1,200,8.137907346026473,6.210807227217639
8,0,0.5674370033239579,0.9490649329729045,0.9464428449749758,0.05291245495883371,0.0,0.0,0.0,0.0,0.0,0.2,0.1,1,36.85598485370545,74.12086675018315
8,1,0.3586915632517777,0.9082407927946303,0.9035158797805328,0.0475213274988493,0.1590311418449493,0.06029710073773849,6.958191302224999e-05,0.00010015532133674,0.0,0.2,0.1,3,25.566581488172105,48.07736696701467
8,2,0.20591561289267613,0.8638101822471423,0.8609124091699197,0.041876501591338954,0.19262675071137772,0.06783238575064537,0.00030038787559923,0.00043237449071976,0.0,0.2,0.1,5,14.47361225063526,23.85550515425613
8,3,0.12119875501912553,0.8166905798841195,0.8113526644345295,0.035228291830578996,0.1850272142429391,0.07184028711340389,0.0011157495522214201,0.0016059957261929099,0.0,0.2,0.1,7,5.344091708126863,5.590613908151628
8,4,0.1139653259237626,0.8061801898209195,0.7961899121672413,0.03519137119602537,0.021218311944695714,0.07919107588994934,0.00069361102702748,0.00105344921760755,0.0,0.2,0.1,9,5.139170125963426,3.890182350279061
8,5,0.11243087847796261,0.8049477160428242,0.7948996853228774,0.0387824388535914,0.008871664871272554,0.08293451012462796,0.00038735041537904,0.00056556971299061,0.0,0.2,0.1,10,6.536017653976748,8.324203515290366
8,6,0.10506908096397162,0.8039282790286001,0.7979288248467774,0.04741858998043036,0.049712614722017,0.07874399221354599,0.0013557443135494098,0.00201050390251647,0.0,0.2,0.1,11,4.236156627383089,2.007804560444061
8,7,0.10230912098934748,0.7966474111345507,0.7861264695532182,0.05275058523155024,0.023296902476757402,0.10561026572535326,0.00301239207686109,0.0041754402331896905,0.0,0.2,0.1,12,8.49746600200481,7.034204270311475
8,8,0.054195863997329716,0.7465590452825783,0.7415135020059286,0.043189178270338344,0.4992395961281752,0.07906597816393057,0.013239849712391841,0.01927933245858076,0.0,0.2,0.1,13,9.220705403370864,3.4829969998162675
8,9,0.039416090929921335,0.714392079974958,0.7116372761206724,0.06423082988644596,0.04728098045626501,0.11860830461984283,0.0227832112778927,0.03357267750933271,0.0,0.2,0.1,21,16.079157236452705,0.4077104649936669
8,10,0.03849400391334118,0.711353874578519,0.7084321547261127,0.04539024187743998,0.02073532575624291,0.13757781987027587,0.0231870123661922,0.03480655649215076,0.0,0.2,0.1,23,16.93329410136111,3.409286369376679
8,11,0.03806589519820817,0.7144556662660735,0.7157970475254432,0.07874052744311189,0.012571533171806842,0.12002365648474794,0.02422193744460435,0.03566207660999976,0.0,0.2,0.1,27,16.807631512921873,0.4303357698338678
8,12,0.04088920832163887,0.7163943681562349,0.7176676146622902,0.08745871990035567,0.022012626332050884,0.140181230488715,0.03366088367866243,0.0494085533677438,0.0,0.2,0.1,28,20.57949136764161,4.011176878280792
8,13,0.037564718110566345,0.7130169344495716,0.7142862165079177,0.08342501707100934,0.008945525798424066,0.12089673255555537,0.024111613089970722,0.03550327713597452,0.0,0.2,0.1,29,16.575748624084717,0.5370169308756346
8,14,0.03757188161923708,0.7102668647183449,0.7113270188465212,0.09139118453462168,0.025535247375479,0.12429229255992551,0.02790467035188377,0.04103849564767447,0.0,0.2,0.1,31,18.373426036927054,0.949020209495103
8,15,0.03623083126233411,0.7072250753919433,0.7081587688051716,0.0965133921354355,0.02814477000984398,0.13601939586770745,0.02610885804713543,0.038777707123711154,0.0,0.2,0.1,32,18.121756889260464,2.004148315606108
8,16,0.035339368377486885,0.7075898370118551,0.7126268067220459,0.10818602379590603,0.030172285493292168,0.14617996628327867,0.027954030537910252,0.04169080724039785,0.0,0.2,0.1,34,19.692947663798307,1.6692943042082289
8,17,0.03469369805338374,0.7111730933779845,0.7205313571152329,0.17071546538596005,0.009929735047615181,0.08862902620410151,0.02784352307741672,0.0383508842454453,0.0,0.2,0.1,49,5.580187450838534,34.033606829883745
8,18,0.0341092213279677,0.7173802243325087,0.7352639132982519,0.20596930394480653,0.014773592410923495,0.08586889902160155,0.026809121198740998,0.04645876276475385,0.0,0.2,0.1,56,9.974859752474512,34.37853486380139
8,19,0.032953289359459084,0.7079981167686246,0.7212792967927858,0.21022648881935746,0.04469913903176723,0.08908868733942735,0.02894556847054678,0.04238649606218002,0.0,0.2,0.1,57,4.72790580697454,55.027501997423016
8,20,0.03266300642592243,0.6900543902097298,0.6940614110925526,0.20566696099644854,0.05214632872686118,0.09214475362606513,0.026404201749136158,0.06950596443524429,0.0,0.2,0.1,59,7.570695344606321,249.80224079951307
8,21,0.03111847165577877,0.6912478289344341,0.6994807957654192,0.22977463320332986,0.018813162415481893,0.08173766372703145,0.02753643612840595,0.058301839241870324,0.0,0.2,0.1,62,5.009602393312781,33.75192619275093
8,22,0.031500796506892616,0.681001084411429,0.6885449281664854,0.21501369950230773,0.0665018378613868,0.08624820180649151,0.0351119024230246,0.07454856088661165,0.0,0.2,0.1,64,4.816383877333001,25.15552239168223
8,23,0.030264300495048024,0.6797543053057867,0.6913582528264917,0.2273958432315154,0.0380396425751662,0.08622891794911318,0.03473064821556141,0.07418763746375659,0.0,0.2,0.1,66,5.198065856873153,27.440367845522
8,24,0.02973061735337801,0.6836684590304373,0.6996142923725204,0.2450431442035449,0.016301398902253364,0.08009284076194056,0.0322934110397152,0.07480516256410875,0.0,0.2,0.1,68,5.01594826525627,22.919864663088127
8,25,0.029275570770084372,0.6700985307548721,0.6770973346934176,0.25623446932012983,0.044587330891916514,0.07906981218906182,0.03364224076335068,0.0743391650420628,0.0,0.2,0.1,69,5.406407716224507,25.83094470487587
8,26,0.029069452112598804,0.6787612720928384,0.6944430138358056,0.27145035353754143,0.016541404154878946,0.07906981218906182,0.033642240763350664,0.07433916504206275,0.0,0.2,0.1,73,5.431053450286647,26.30770034079409
8,27,0.031009453175632994,0.6752744411844939,0.6865533320286986,0.2707278542826031,0.020724447690302305,0.07862308833183605,0.03344604735765042,0.09510155734781309,0.0,0.2,0.1,74,5.512317053760289,61.95466246566777
8,28,0.027935355510052343,0.6807585536201696,0.7007014562218283,0.29465998021580553,0.025799687288407428,0.07975046293797197,0.03163602894858083,0.07060947425186168,0.0,0.2,0.1,75,5.367941618085377,27.33736287775656
8,29,0.05256703648900847,0.6978187334089728,0.7132275270725064,0.3294678366566749,0.04339027524521269,0.08615057057508935,0.04980313713179374,0.2856127206921131,0.0,0.2,0.1,80,5.997949642928833,18.97210707363988
8,30,0.052248735185329055,0.710864380298084,0.7393025274912093,0.2947896503281994,0.05213135907820001,0.08611067490399912,0.04963195569281323,0.2855118119581668,0.0,0.2,0.1,81,6.006555837696137,20.006944530065105
8,31,0.051897247021690365,0.7000133912952082,0.7196683784150825,0.3403454874001884,0.04378347853012714,0.08596020728273675,0.0489706496882102,0.2844176176952904,0.0,0.2,0.1,82,5.794393042134325,14.026752471685498
8,32,0.04570359982887112,0.6912568667456649,0.7107564548075901,0.34059278410218724,0.05600632271759045,0.08540533933684508,0.04425532539472584,0.2364682180077769,0.0,0.2,0.1,83,5.790024744131643,17.22808814737363
8,33,0.03617831500345227,0.7057807407846656,0.7471045780686779,0.3011063684758574,0.029496301721037944,0.0855320871299826,0.03710668265394884,0.1567274129053458,0.0,0.2,0.1,84,4.790231031844618,25.27097402603423
8,34,0.050960786965364574,0.6996739733864115,0.7234389207366854,0.3608430215513046,0.04135897955762276,0.08839300661323062,0.04832628852467241,0.2839665230645227,0.0,0.2,0.1,87,5.700275481297845,11.842284938690044
8,35,0.029153353599372215,0.677301271021844,0.7010322247778031,0.37036853419582216,0.018118968930812357,0.08748257027438687,0.0339094138855377,0.095679657442943,0.0,0.2,0.1,92,11.25573329155366,77.9428649062866
8,36,0.04499392239778012,0.7084554533663159,0.7494111770705012,0.4855528681938049,0.03515809421646529,0.07808279209665929,0.04358359809920845,0.24202712112894095,0.0,0.2,0.1,111,8.746495961721356,32.508782841296004
8,37,0.03587055528791128,0.691032697348993,0.7314981829537791,0.48867866341263516,0.05847425005346933,0.08402731692416916,0.04417049209603095,0.16185666201757648,0.0,0.2,0.1,113,9.26815010540117,33.32858991938797
8,38,0.03946258281745031,0.6964121423856008,0.7369825638802258,0.49695267606064875,0.047028720622911524,0.07626209401281218,0.04963702615489904,0.18433069423984247,0.0,0.2,0.1,114,11.673862948200629,55.826209180355406
8,39,0.041754097723305766,0.6994993467737596,0.7441993695568834,0.5478957491629116,0.032698996437583186,0.07418299273013541,0.06492704890121972,0.18246748328559861,0.0,0.2,0.1,124,11.943530539892109,131.31144823157334
8,40,0.04144847989807228,0.7017730496983676,0.7507086131395317,0.5676959034717273,0.03948616530375228,0.07418299273013544,0.06492704890121972,0.18246748328559861,0.0,0.2,0.1,126,11.917883422395398,131.93522880602015
8,41,0.033806917405102506,0.6932513587470781,0.733968908352649,0.5491310540530612,0.046672557359787994,0.0844071124159323,0.0487478442322712,0.12592490651170016,0.0,0.2,0.1,128,11.761081121871156,126.53203101395218
8,42,0.03826267477380202,0.7039324599844984,0.7490987863749162,0.5670725645407368,0.02863414586358382,0.0802980823404127,0.04536457501852534,0.17534136280786541,0.0,0.2,0.1,130,15.04905104963631,105.95419635373445
8,43,0.03625152965693627,0.7017111316110817,0.7509466211413353,0.5704434550596593,0.03718656707643718,0.08058828661163896,0.05172134024734863,0.1499978278827961,0.0,0.2,0.1,132,13.768852977066736,154.04353250370795
8,44,0.03405265302826285,0.721310012356463,0.7799981931466855,0.6294828601456177,0.02191432562878358,0.08253699043687755,0.04491324863257893,0.12344713004012495,0.0,0.2,0.1,139,15.460131884799884,129.12090157762543
8,45,0.038051848077136935,0.7220225067457745,0.78051395115231,0.6234476972454074,0.034396361411669324,0.08223219105875104,0.05132801101300745,0.1559582860711143,0.0,0.2,0.1,140,16.688305497240716,142.3696224550865
8,46,0.03565607673828138,0.7238601612528297,0.7866822530971671,0.6344576431261513,0.028694017749032047,0.0824022986121296,0.04804859139023391,0.13968455048408943,0.0,0.2,0.1,142,15.993488359580018,139.12900122701222
8,47,0.03660460089374214,0.7006563101509973,0.7620705836499208,0.6663062744904525,0.030737257168764867,0.08212668993453569,0.046047698435821585,0.18511965069961386,0.0,0.2,0.1,149,16.066556254556332,131.83203601514214
8,48,0.035184554124716924,0.717699864950638,0.7801850291512143,0.7046334484094059,0.02399344502678602,0.08068722725119662,0.058645165420508814,0.1223386399028017,0.0,0.2,0.1,158,18.46478397731853,59.03322927237307
8,49,0.03977700366323211,0.7476889572923276,0.8198481171129298,0.7835455542922475,0.026910024437166544,0.07305377321378505,0.05931174510990985,0.14174985136624244,0.0,0.2,0.1,169,14.506437253569905,27.30199210237972
8,50,0.038762669851487276,0.7416354998162082,0.8094158830472842,0.7873902036917042,0.027611421733424114,0.08125243814337776,0.05103123168409261,0.14833403664710768,0.0,0.2,0.1,174,13.669484210969436,33.36277053431298
8,51,0.03989897980517715,0.747299905019377,0.8194279886097396,0.8144254530035631,0.02997696334488275,0.08054567183912158,0.05282583666016105,0.15686905306527027,0.0,0.2,0.1,176,13.317038659804425,29.86190854893663
8,52,0.034559280616174214,0.7344586344709779,0.8020587022666515,0.7911914522835009,0.024233945291475125,0.07991170150069848,0.055775087339894266,0.10210772611283916,0.0,0.2,0.1,177,14.667578034879682,59.6183759850289
8,53,0.04257050342534213,0.7496483430536082,0.821756790549432,0.8293144626278994,0.029372026077469363,0.07689493447678505,0.06142805365747248,0.16696366616688757,0.0,0.2,0.1,180,14.684451238852896,27.88974027533424
9,0,0.679517981378531,0.9651157840244157,0.9633199293432841,0.056454792891982505,0.0,0.0,0.0,0.0,0.0,0.2,0.1,1,24.77598996950845,66.66992170235918
9,1,0.43489332332562447,0.9254010842977874,0.9215591480847763,0.05131306159642022,0.1547478432055303,0.08691215950943622,6.980079980692001e-05,0.00017321880760158998,0.0,0.2,0.1,3,17.407742336724482,40.70188949203178
9,2,0.2879649874797091,0.8902499812440199,0.8844819454761735,0.047778918554775486,0.2935920413979453,0.14092438912682378,0.00247895554365826,0.01800014749086759,0.0,0.2,0.1,4,16.369557592780737,39.98085503846906
9,3,0.19193782615946212,0.8576007353567353,0.8543781242820855,0.040583351501188934,0.27661469300076197,0.0989328518436108,0.00045438336046557003,0.0011276051866392699,0.0,0.2,0.1,5,9.212405360363892,12.116048400057236
9,4,0.17634823893111265,0.8461450680185061,0.8381049015855583,0.04255572128899379,0.06952808403586581,0.1326075919977118,0.00255029289813471,0.01817739940127271,0.0,0.2,0.1,6,10.262163018667394,47.00879775371343
9,5,0.11335328412190578,0.8107086815480106,0.8050549868157643,0.03400571368389233,0.30098556255047615,0.10243782593714651,0.00119667718829502,0.0029696937028498597,0.0,0.2,0.1,7,5.276635422352604,2.8504646017212094
9,6,0.1102681633281979,0.8032503450951483,0.7931056918854652,0.03459792121357708,0.00922131209722056,0.10188319420179108,0.00069954455273875,0.0017362211788195501,0.0,0.2,0.1,9,4.892690748467773,2.2338794984710004
9,7,0.1102677763922774,0.8081970699733201,0.802425544399701,0.05049003894686952,0.00031497384078947675,0.10188319420179097,0.00069954455273875,0.00173622117881956,0.0,0.2,0.1,11,4.89315838854505,2.232074341582984
9,8,0.09845636298151629,0.793165163304452,0.7824822010209002,0.04447237572534764,0.04138886470750166,0.09915943510030001,0.0012233997158394802,0.0044039288721684595,0.0,0.2,0.1,13,6.584730079188401,5.085833223147093
9,9,0.09377466236185057,0.7937422862752822,0.787219877771667,0.06347959782233643,0.011187044420384106,0.09719378634418262,0.00108618506759151,0.0022741157727990302,0.0,0.2,0.1,16,4.236985915743516,6.606922121931167
9,10,0.08691435576513944,0.7869247693533206,0.7800364933549079,0.05934642845942175,0.055988259340373554,0.10402219264041694,0.00138615070437529,0.00457440557999547,0.0,0.2,0.1,17,4.496614624514434,6.030419316978683
9,11,0.0844787763191473,0.7843409295621695,0.7772953648716279,0.06920084831166975,0.0071534219161438805,0.10198803268164496,0.00229517338996383,0.00747152943532967,0.0,0.2,0.1,21,4.230717610032851,7.213741629467561
9,12,0.08002589992956903,0.7794225334881373,0.7721138560616996,0.0730697614906971,0.04119158095797229,0.10103519280153028,0.00257845700049023,0.00883119518293767,0.0,0.2,0.1,22,4.759420445963913,9.065156345275216
9,13,0.07803209350292305,0.7871390412280951,0.788500681578528,0.07989397550462196,0.0064412496968836875,0.0972283186761256,0.00168345764098062,0.00360619668699977,0.0,0.2,0.1,24,4.732785073963191,5.593642469156197
9,14,0.0730942450128196,0.7808195761858562,0.7817611686530243,0.09588414688349801,0.034330816421337756,0.09026891879068658,0.00290600488291101,0.01956378526565846,0.0,0.2,0.1,26,7.253113565681444,14.203853684998997
9,15,0.0675076773141922,0.7736926194777413,0.7742991856696682,0.10204368090994054,0.027224782927881132,0.0868416538147599,0.0030339522187521903,0.01312053152512899,0.0,0.2,0.1,28,8.753963223023158,6.885251724137478
9,16,0.10453052508582404,0.7999841397257877,0.7991016530962288,0.14808043654174075,0.16974107671089594,0.06246112451617926,0.23074771079669945,0.10985918266957614,0.0,0.2,0.1,30,6.162112701238446,32.94098069061416
9,17,0.10140773487236088,0.8014592676082055,0.804911268523959,0.1648260556918155,0.05736847140384468,0.06387709520515947,0.2104907412885652,0.1231670292128468,0.0,0.2,0.1,32,5.710485035253428,26.180098640023044
9,18,0.1105097146069289,0.8032293548973367,0.8020563830964792,0.16385891040579958,0.08502156552616488,0.06460005300251508,0.22345327650375246,0.21332703893077848,0.0,0.2,0.1,34,5.478448412789279,62.41113671974222
9,19,0.11028817618065256,0.8079011049325356,0.8110957678500116,0.1724390070971058,0.06627315986486486,0.06325103827177321,0.2277971746026969,0.2029596919464526,0.0,0.2,0.1,36,5.617126300157925,60.37425427672207
9,20,0.1495422116307831,0.844074045799353,0.8469620943381968,0.22189745014568502,0.13116985230439449,0.1868016357448308,0.039922602178438696,1.0,0.0,0.2,0.1,38,4.8209513224576686,11.352119864271332
9,21,0.14943056253620085,0.8438520676668928,0.8467294690304127,0.22471783253988212,0.10957826116935604,0.18688867314520344,0.039846109910543034,1.0,0.0,0.2,0.1,39,4.822906630323058,11.340073081077342
9,22,0.14670840225184584,0.8399277524600947,0.8426905796199666,0.22252875665070238,0.12359884867546006,0.6847159628224972,0.03135347595362883,1.0,0.0,0.2,0.1,40,4.82356067124267,10.557139437733102
9,23,0.03819895555678826,0.7190753588901941,0.7247544084927877,0.13362665599301027,0.22911017392291122,0.053027642762671856,0.01951478781570419,0.04869638243184038,0.0,0.2,0.1,41,5.30893169121842,275.71826310365464
9,24,0.03189622385946944,0.696187607444504,0.7006629953801005,0.14078873862108057,0.054776818453149946,0.05157318304972777,0.020673938968435827,0.051318463963599625,0.0,0.2,0.1,45,4.956482161317294,268.4899022349436
9,25,0.03175991609456641,0.7005951006623081,0.709415863042533,0.15010109211283662,0.011360576452815858,0.05157318304972777,0.020673938968435827,0.05131846396359961,0.0,0.2,0.1,47,4.972818601809011,269.36996461878203
9,26,0.035625740193012914,0.7057801160275212,0.7187263849831478,0.17905116108085628,0.0189978508464108,0.03993738921697083,0.025147638348447382,0.09286191121602513,0.0,0.2,0.1,55,6.346108501784418,434.7943758164517
9,27,0.033916490728736336,0.7053838806356563,0.7224593570554317,0.19042461847794098,0.03215575011732228,0.0458558883892332,0.02491747218100896,0.08727554243243293,0.0,0.2,0.1,57,6.224068513767196,274.3517746898047
9,28,0.03322074096613401,0.6995347702284748,0.7122233451012644,0.18973186882861057,0.015157007545516975,0.04447877312547821,0.02391670409347865,0.08292466007254908,0.0,0.2,0.1,58,6.092360087872367,274.027621714111
9,29,0.03409025501753693,0.7026253003565798,0.7195066945671006,0.19375959529505818,0.04199446502967976,0.045018068113746465,0.02590229842382185,0.09542138942673428,0.0,0.2,0.1,59,6.401577346999535,430.574121911014
9,30,0.03248660482215074,0.695101498105671,0.7075457067361879,0.1953194733259042,0.023145369009411165,0.04707805308839173,0.02491570766362191,0.08406496276935689,0.0,0.2,0.1,60,6.045828665043998,270.23315147137583
9,31,0.031610912791575144,0.6958037016707423,0.7124017760968949,0.20447694402882471,0.029956929528131747,0.04915783559158391,0.025201517968410657,0.0836435426874323,0.0,0.2,0.1,62,5.773961063503742,266.1808529767633
9,32,0.03177263236248083,0.6951786681465604,0.7117259134660865,0.2110460334415766,0.01632441809871716,0.047776395109691935,0.025204271702237928,0.08725952309880271,0.0,0.2,0.1,65,6.1304630461882645,266.2949900698613
9,33,0.031227551612606805,0.6992269984035849,0.7201246065997221,0.2207318567752974,0.016762364460795695,0.04958416010616805,0.02436137992841938,0.0843889705754961,0.0,0.2,0.1,66,6.554858863044822,271.6697461276045
9,34,0.0298285398307377,0.700180861459087,0.7252851917742399,0.24282319255951862,0.025135392304889162,0.04652382827201399,0.02432821989887565,0.07685452948458409,0.0,0.2,0.1,68,6.1200540336138936,269.20891993920554
9,35,0.029416594095025436,0.6983948305495381,0.7234115908562654,0.24568670484836866,0.01908765762837126,0.049900799159890215,0.02321381907593619,0.07823389944003248,0.0,0.2,0.1,70,5.709238730177599,280.5244586863283
9,36,0.02876286000001635,0.6921706782857604,0.7127746722793947,0.24833527620289783,0.017952271249726495,0.050451706723573846,0.023364021217707,0.07285573702677026,0.0,0.2,0.1,71,6.460207120487788,274.65493879871315
9,37,0.028886398193359482,0.7060795738157094,0.7397361769845575,0.26577295083388824,0.014347087508045345,0.05023646576317446,0.02456792425495109,0.07411678262961652,0.0,0.2,0.1,76,5.930200089401304,279.485433334391
9,38,0.028612646695369608,0.6992164223273329,0.7283962479873045,0.283001167553948,0.02025673327338946,0.045292191408138296,0.02423384630709818,0.07574948413665303,0.0,0.2,0.1,78,6.855125409072874,273.4594862253422
9,39,0.028541348941776394,0.6982213959756375,0.7273431686656137,0.28631213617519274,0.02134779225759252,0.04529272210841888,0.02486426469683927,0.07581707055315198,0.0,0.2,0.1,79,6.375807190992344,274.12510127364885
9,40,0.03157184160188723,0.6895406016382467,0.7138689032612724,0.33035466535163666,0.022763452882098877,0.04400940525477516,0.030009541417888818,0.10983910973349124,0.0,0.2,0.1,90,5.507221400790931,411.8264137200207
9,41,0.027449534319533307,0.6875499098158674,0.7160786421698352,0.3293572010725596,0.022111164785729217,0.046147964446648856,0.02676432348834673,0.08050204565833378,0.0,0.2,0.1,93,6.1042105955431865,278.38286389095293
9,42,0.02796513955434491,0.7226729353408187,0.7818124862660752,0.4439414515138146,0.013930751644440229,0.04378748123206038,0.02749020223458475,0.08424597763556176,0.0,0.2,0.1,117,6.023505765160172,271.80785568070894
9,43,0.02861579316239291,0.7128205443351189,0.7713259737122508,0.5025684045292592,0.023237861863345848,0.03992383086841549,0.029256091809803007,0.10536765937353958,0.0,0.2,0.1,131,6.061967924982794,422.0280132603078
9,44,0.028582388936392623,0.7175429266833107,0.7804100931509751,0.527416150895751,0.016816523873666993,0.039936067094194026,0.02922399392640871,0.10540176312555034,0.0,0.2,0.1,135,6.066609178004544,422.0493598065548
9,45,0.028958125460716078,0.7160045165924608,0.778757737929646,0.5373806434002137,0.02567658056541173,0.04534698146696204,0.030421000023612838,0.10976085151185408,0.0,0.2,0.1,137,6.133711633169847,433.3515231151831
9,46,0.02825272139248587,0.7085830811961392,0.7668581999336541,0.5338300097611576,0.02455910125625446,0.04191833745370143,0.03010488377948589,0.10603257398829982,0.0,0.2,0.1,139,6.155347818501586,421.3095999746592
9,47,0.02824974236817738,0.7135073019182605,0.7761544237443183,0.5580796506429848,0.016712950691263564,0.04191833745370143,0.03010488377948588,0.10603257398829993,0.0,0.2,0.1,141,6.156499953087764,421.5188941746187
10,0,0.4440037504736128,0.9272222953174825,0.9234757190947936,0.048091835291188496,0.0,0.0,0.0,0.0,0.0,0.2,0.1,1,46.726318590188576,72.64353685911216
10,1,0.2801678351715021,0.886238707816983,0.8803810939335028,0.04266452931340161,0.159655050982665,0.0848363785253764,5.442359121395e-05,0.00013818142504119,0.0,0.2,0.1,3,32.09746422466979,44.805966130106256
10,2,0.23968898479809922,0.8728106530716754,0.8662233604948943,0.04273996435658558,0.11111788678183195,0.0973886013712764,0.00139115910214638,0.00492090482235465,0.0,0.2,0.1,4,20.8663561576232,40.27126474542149
10,3,0.10296669836981974,0.8020766609245938,0.795991937907395,0.028388454657407296,0.5856475451018419,0.09009033523242359,0.00063110436873571,0.00150515189251443,0.0,0.2,0.1,5,9.411551334614328,9.675113458357927
10,4,0.08549340966525812,0.7854519138707323,0.7784956159629994,0.031037740723593728,0.06647865103812342,0.0901646361724711,0.0013342296037424,0.0031593023073867403,0.0,0.2,0.1,7,7.675182003390982,5.525164841294113
10,5,0.0854894057454366,0.7903947323670992,0.787811385145963,0.03886822849479294,0.0005990387141046723,0.0901646361724711,0.0013342296037424,0.00315930230738671,0.0,0.2,0.1,9,7.69645150013191,5.5442872357019946
10,6,0.08251197743710176,0.792162009242682,0.7937874216446682,0.0442614843196058,0.013030938404301045,0.09121561672850072,0.00137003746669513,0.00323193516456452,0.0,0.2,0.1,11,8.621504068784873,6.748524489344161
10,7,0.07114720053216488,0.7658095772830938,0.7610418743596506,0.05824082154141347,0.17118781964752114,0.4712372683582931,0.0071703637389948,0.16995516699050714,0.0,0.2,0.1,13,14.92018569532403,3.6474808487984616
10,8,0.05800056669050156,0.744471078414462,0.7387928673767855,0.05307582763031253,0.08360569257416077,0.3799761592129563,0.01098861735114839,0.1258010517953993,0.0,0.2,0.1,15,15.867242285136692,3.890998531238156
10,9,0.05855656304134862,0.7481970212055336,0.746717291093971,0.08012409447768161,0.021353255571865612,0.4418638462555444,0.0123262346992908,0.14484879084353913,0.0,0.2,0.1,21,21.43645853799842,5.614472926423354
10,10,0.048806803048386666,0.7281764628308874,0.7218314481939485,0.07057759216378742,0.08585787532150177,0.2913526692384709,0.010994799264987951,0.09236984936557983,0.0,0.2,0.1,22,23.532199183942943,31.52344484228824
10,11,0.04606702120423893,0.7270584727069748,0.7247936760533173,0.07651410862251724,0.03372315706050296,0.30932901364859045,0.010554408244275811,0.08950663172645197,0.0,0.2,0.1,24,21.49039055586961,5.718976935412739
10,12,0.06096203514247944,0.7532319288095249,0.7598363791817023,0.10647197287805428,0.03370533521223247,0.4484790251856734,0.022181475497095197,0.2051694707265675,0.0,0.2,0.1,28,4.314459703018295,9.516864057103156
10,13,0.07250802096328998,0.7465586378182429,0.7437289650765533,0.12135241845955438,0.0913525729644182,0.4973561629945653,0.029162255133593988,0.3570213442502289,0.0,0.2,0.1,29,42.77081720549028,23.649822466108315
10,14,0.07199524202719806,0.7496089841045517,0.7510452569080188,0.12924759088603874,0.04963081136223085,0.49811990874324696,0.02898575930143934,0.3592355280126024,0.0,0.2,0.1,31,42.992444068469126,23.22134027683135
10,15,0.11109386996030018,0.8106854092202525,0.8140879861909663,0.16343892029560816,0.1844514224017223,0.8122286413535296,0.0362458814844838,0.5735172961923596,0.0,0.2,0.1,32,46.3955630162945,4.495658291391154
10,16,0.11089460693795947,0.815247572511843,0.8230035108838198,0.18026982096077318,0.06545980633382588,0.8122286413535297,0.03624588148448386,0.5735172961923597,0.0,0.2,0.1,34,46.32534910631418,4.508210224802469
10,17,0.10077558933058672,0.7670319455694685,0.767620366063184,0.17669607765787548,0.08224922137006492,0.7779296530259615,0.02912032090323622,0.6978920957826114,0.0,0.2,0.1,35,39.74707929017498,15.121716048228302
10,18,0.17798920570678245,0.9004521231341528,0.9143791343579812,0.24203436741869008,0.16767694683813422,0.8021616317657043,0.04966820105653297,1.0,0.0,0.2,0.1,37,45.53015932919569,11.83421200471915
10,19,0.12947189161722752,0.8096708301531919,0.8233144423327297,0.22545522490513062,0.15451255679697368,0.8041286189717548,0.04512402108169236,0.9563533452840982,0.0,0.2,0.1,39,6.6137222039027295,10.67098917216826
10,20,0.1353188132905881,0.8147473812067271,0.8283361550191465,0.24398065451331055,0.1188429480908968,0.8300396797618617,0.05400896080480705,1.0,0.0,0.2,0.1,43,7.614722496619112,9.170410534257062
10,21,0.13000284267504328,0.8062349147837374,0.8195986761462061,0.24518609452856563,0.11515841063795706,0.8278501147741208,0.0447636795967633,0.9770771782995826,0.0,0.2,0.1,44,7.242503847845169,9.239507963088702
10,22,0.13384596524477316,0.8144034571861674,0.8320970816101176,0.2582674875638843,0.12560546607371115,0.8669172318807571,0.05361543466064399,1.0,0.0,0.2,0.1,47,7.602757708405148,9.842165187818193
10,23,0.1335800428054436,0.8180325841765514,0.8400263024386989,0.2833624602628352,0.11891644328677548,0.843400637382553,0.05412234040725363,1.0,0.0,0.2,0.1,50,7.957008508336339,10.015007024484518
10,24,0.1329659885139171,0.8158843120389689,0.837772464370422,0.2861273747230461,0.11822750346787272,0.8671198463398602,0.05363504324337447,1.0,0.0,0.2,0.1,52,7.728673160572756,10.020620892067951
10,25,0.07215458401458869,0.7812956057133519,0.8332301526457052,0.4400621545588691,0.053927842422660424,0.455569914882211,0.10260173238702941,0.31978401431338704,0.0,0.2,0.1,94,8.526796667618946,5.091393243759581
10,26,0.07215461024815795,0.7812956314953899,0.8332301784277433,0.48204787969811624,0.05249880804435147,0.4555698621083182,0.10260176312472429,0.31978421065837664,0.0,0.2,0.1,96,8.526796987383014,5.091393608168816
10,27,0.07238391587022822,0.7804323125968823,0.8322948244336853,0.45546617726082,0.06077148433052273,0.45491720396717095,0.1032656632771101,0.3238197685044416,0.0,0.2,0.1,97,8.523383082608737,5.116050764099904
10,28,0.07084011816957103,0.7801484769187391,0.8320939039796289,0.46816984909499537,0.05934973495622653,0.45337370277970324,0.1031113691011339,0.30518060991060586,0.0,0.2,0.1,100,8.462348372631428,5.231215323801453
10,29,0.0700232372638615,0.7776323250525217,0.829465912148931,0.47101709508142414,0.06495892299166428,0.45512064233404426,0.1028321736276985,0.30229790860159794,0.0,0.2,0.1,101,8.49413482617553,5.191661007416988
10,30,0.06983841907512965,0.7770531692598076,0.8288606609385611,0.48554841392531234,0.05731844965283846,0.45359764863617097,0.10283811848730809,0.30156992659028714,0.0,0.2,0.1,103,8.453147056812428,5.262122151015274
10,31,0.06798619223455116,0.7879325576393795,0.8567764017286642,0.5465540260419842,0.05132515733822058,0.4551317586985048,0.10227107798994214,0.3022520555648703,0.0,0.2,0.1,109,8.486965835244542,5.183700526255868
11,0,0.912045700433726,0.9913226238838222,0.990875913310513,0.06223859912005884,0.0,0.0,0.0,0.0,0.0,0.2,0.1,1,5.100156098832262,60.4501209173922
11,1,0.5966703828320341,0.9535636487024243,0.9511716068204923,0.05752722489288204,0.14712830359782889,0.07524279931697606,8.223195748334e-05,0.00013519524378213002,0.0,0.2,0.1,3,2.885247160831261,39.13541924647727
11,2,0.16296848951028717,0.8432491275177985,0.8392734483954286,0.03766790750127986,0.45133395202444393,0.09722594384025227,0.00117909825247948,0.00245024547356692,0.0,0.2,0.1,5,2.017008302095852,4.112741512624897
11,3,0.1553818952998144,0.8438287439948943,0.8440013738220438,0.04157309780889972,0.017054396718413332,0.09722594384025227,0.00117909825247948,0.00245024547356692,0.0,0.2,0.1,7,2.703665625990078,3.124493664373309
11,4,0.15521131742428432,0.8437305371788884,0.8438980941501854,0.04485314724026957,0.001244732643195111,0.09722594384025227,0.00117909825247948,0.00245024547356692,0.0,0.2,0.1,8,2.6370232092766805,3.182103637804846
11,5,0.09954644724292143,0.8000704610882727,0.7937851675080947,0.039853832995359904,0.3231796473402388,0.08312770575788885,0.00588098065814055,0.009908332813759139,0.0,0.2,0.1,9,3.997036216891941,2.502278859923
11,6,0.08735329821097579,0.7922717755498944,0.7897035267870969,0.053009152083800776,0.04853446262621161,0.08312770575788879,0.00588098065814054,0.00990833281375918,0.0,0.2,0.1,11,5.0581242433990505,1.6216704099425463
11,7,0.07709585907746816,0.7790772593705257,0.7715309434193002,0.046560302589783206,0.06673303304988511,0.08832958160670057,0.01529532916153833,0.02610493263307026,0.0,0.2,0.1,13,7.629660527311316,4.789068117710198
11,8,0.059501574352222766,0.7549069843016131,0.7502348987550423,0.05754858009409522,0.10368794175709811,0.08832958160670062,0.01529532916153833,0.02610493263307031,0.0,0.2,0.1,15,9.69600407362764,3.579937144786178
11,9,0.05949579280442893,0.7548974164969022,0.7502248334734989,0.05307690612862627,0.0057437768487978245,0.08832958160670058,0.01529532916153833,0.02610493263307031,0.0,0.2,0.1,16,9.685920083919893,3.583207033275289
11,10,0.05007449784617165,0.7339796532235888,0.7280511236460704,0.05836883198123232,0.07246198165722025,0.11562509331863262,0.024703020885041747,0.04208357672860353,0.0,0.2,0.1,19,16.294829272301286,1.5790627619902309
11,11,0.05007449779458307,0.7339796532235888,0.7280511236460704,0.06569733865786057,0.009149001402502554,0.1156250933186325,0.02470302088504171,0.04208357672860348,0.0,0.2,0.1,20,16.294829189230423,1.5790627783276507
11,12,0.05387541964767763,0.7894056207605121,0.7818966758740378,0.07910991159476692,0.05576453357135119,0.1186531377577706,0.04117727729270697,0.07036632867716655,0.0,0.2,0.1,21,21.139577071673887,2.1087248775362517
11,13,0.030006322597848523,0.6491526246034105,0.6385420465376538,0.05402029858850154,0.3490700982227835,0.1186531377577706,0.04117727729270698,0.07036632867716655,0.0,0.2,0.1,23,23.766350183328463,1.0543952275500643
11,14,0.029906118905658096,0.6534900954555747,0.6472213102032697,0.06166882871929703,0.017636548327400702,0.11865313775777057,0.04117727729270699,0.07036632867716655,0.0,0.2,0.1,25,23.98327929454803,1.0143212585763408
11,15,0.027937339038917312,0.6413751892604526,0.6344890703755588,0.0749385868376099,0.04629385353633523,0.1172104626101322,0.040857392535820033,0.06977540908940674,0.0,0.2,0.1,28,24.04718541597511,0.76058174778433
11,16,0.027763134265295263,0.6428053306162622,0.6400922197132453,0.07986786156381277,0.04571513832115384,0.11704039080329376,0.041857781518184166,0.07148512649584676,0.0,0.2,0.1,29,24.808738966549328,0.8546447451723072
11,17,0.030850346490975872,0.3906678562776107,0.3659837366689985,0.0301703647786146,1.0301703647786147,0.14511425648664947,0.08117938324511567,0.13934488129591466,0.0,0.2,0.1,31,46.951749573808165,0.0354979869360378
11,18,0.030850346502396098,0.3906678751490204,0.3659837574757821,0.03899428468675996,0.030171406024151755,0.14511425648664947,0.08117938324511567,0.13934488129591466,0.0,0.2,0.1,32,46.951749453730486,0.0354979941140466
11,19,0.030848934874182353,0.3954307453183264,0.3751103097691201,0.05134492534146416,0.031592555855262675,0.14511425648664947,0.08117938324511571,0.13934488129591488,0.0,0.2,0.1,33,46.989781114285066,0.0332744783028669
11,20,0.030848887200280655,0.4003715634452665,0.3844239696644012,0.06621448785286912,0.030182257399877233,0.14511425648664947,0.08117938324511564,0.13934488129591474,0.0,0.2,0.1,37,46.97905580598084,0.0338914374352037
11,21,0.030527931145602462,0.36000628371478777,0.34610152773957803,0.05497932549229111,0.20958828149539,0.14454139370156222,0.08106221318229213,0.13912843432952834,0.0,0.2,0.1,39,47.317360289642245,0.0059771335235644
11,22,0.030304557673646128,0.3204120693223322,0.3085907728659876,0.06082057063650123,0.20374204985296293,0.1437511335499262,0.0808982932032563,0.13882562675788881,0.0,0.2,0.1,41,47.495484505042576,0.0015176621032993
11,23,0.03037081355853679,0.2990806804474494,0.2779194418273576,0.07051609659591514,0.07125609613819867,0.14437654751028806,0.08112065235088921,0.13931904044547222,0.0,0.2,0.1,43,47.43615180539021,0.0039540111638871
11,24,0.030282135901652973,0.3067194473102674,0.2941927202841872,0.09508393815092087,0.034321681454571804,0.14387618135636446,0.08092882084980547,0.13886894106890096,0.0,0.2,0.1,47,47.36077060373056,0.000228835670266
11,25,0.03025195955374268,0.2956882363427919,0.2908298759681151,0.08386642091470681,0.19302281043307143,0.1437527336411303,0.08099485083773017,0.13888252916419896,0.0,0.2,0.1,48,47.36006335022099,0.0003200874267383
11,26,0.03025190896175718,0.2956561270220132,0.29079611117522053,0.10504836983118096,0.03013465228512699,0.14376507566861518,0.08099348676802434,0.13888535548867909,0.0,0.2,0.1,53,47.357480911019984,0.0002915115050095
11,27,0.030394918100468057,0.2838835930220564,0.2825271567162665,0.11920081740093812,0.1620729765327163,0.14375305799330837,0.08181156790275396,0.1389715731117708,0.0,0.2,0.1,54,47.35908527183436,0.0003171173865143
11,28,0.030245677252511812,0.26339084533296914,0.2609856814763639,0.14030520327832952,0.04777329421056347,0.14388727860711012,0.08129455731350674,0.13879875924170149,0.0,0.2,0.1,63,47.34503272268684,0.0001416734363896
11,29,0.030004688030449124,0.24172762684637913,0.23410000917962812,0.14627352944089322,0.18655773037339624,0.1437617524877809,0.08129801358626179,0.13660643550992838,0.0,0.2,0.1,64,47.332087238407226,0.0015594988545611
11,30,0.0301127755763917,0.12966743999470218,0.12038068525564383,0.13100260095513086,0.3246643233061655,0.14388819553446347,0.08106127691787436,0.13879889460392664,0.0,0.2,0.1,67,47.344835700303726,0.000140974763653
11,31,0.2139013528686829,0.306754041921572,0.3012405972329349,0.32619261958014967,0.2592379563979025,0.1439280621902324,1.0,0.13883758632273185,0.0,0.2,0.1,69,47.35022035375983,0.0001164572610491
11,32,0.030079799850327354,0.08599298637814441,0.08269601807617866,0.20121595316804577,0.05046237652741686,0.1439006013634288,0.0809122261651595,0.13887911509284673,0.0,0.2,0.1,85,47.35117770621601,0.0002340921971012
11,33,0.03007545739521642,0.039861430171599835,0.030071093797780463,0.18063854812346786,0.3551363855315733,0.14386027920498692,0.0809142772348409,0.13888238350812282,0.0,0.2,0.1,86,47.34614003029031,0.0002272900247273
11,34,0.03007484325879064,0.03760297534601809,0.03181488431882894,0.2006878203015537,0.05611567562731144,0.14386027920498692,0.08091427723484092,0.13888238350812282,0.0,0.2,0.1,88,47.35668801575558,0.0002532141434363
11,35,0.03004286454877564,0.04113120851625579,0.03964486921708249,0.23847882244390375,0.03080078500091806,0.1438892803888884,0.0807678300502799,0.1388566952069826,0.0,0.2,0.1,102,47.38096042248364,0.0001611574277967
11,36,0.03038083585828548,0.05042211938580394,0.05763365172960249,0.2612099773230668,0.03178151205650995,0.14392722697035953,0.08101956455751824,0.14173372534024684,0.0,0.2,0.1,107,47.407995030132525,0.0002241364897714
11,37,0.030223622479231067,0.03615389694328087,0.03852048286616263,0.25972798894731386,0.10322652965185272,0.1439271578723506,0.08100524491637184,0.14019789983186176,0.0,0.2,0.1,108,47.39359633586653,0.0014951649163528
11,38,0.030140942752144618,0.0359985223899444,0.03836137379620086,0.2629885426113121,0.033705860475564994,0.14401236643678242,0.08090887978204422,0.1395641886964508,0.0,0.2,0.1,109,47.38573559127028,0.000112623246891
11,39,0.030222535534373235,0.03022018127928141,0.03228135327494251,0.26833840164383616,0.07104467287619742,0.14392713194508802,0.08100522960809521,0.14019135357662368,0.0,0.2,0.1,110,47.41602483569012,0.0014528107033333
11,40,0.030188763320717536,0.04238442648647185,0.05742902636680468,0.3111610846633671,0.032351838621556994,0.14393798479742664,0.08130759247125927,0.13925108141938214,0.0,0.2,0.1,121,47.39462126544251,0.0015594493898301
11,41,0.029947312626686637,0.03579654127392357,0.046395921326083896,0.32410784158289513,0.03261954009087959,0.14393036712521315,0.07993000017437404,0.13959271951807498,0.0,0.2,0.1,125,47.3949477019542,0.0006991961292038
11,42,0.030061398375492567,0.035195030265356864,0.049876044891483715,0.34926778832351635,0.07460219119558492,0.14389866606001678,0.08122078274914646,0.13815585711773146,0.0,0.2,0.1,126,47.3578935260837,0.0001709140221802
11,43,0.03010039519614196,0.05406359585173559,0.0861879252070016,0.4148222938989036,0.03051084618464619,0.14397373735492255,0.08112212754324268,0.13874367182835493,0.0,0.2,0.1,142,47.39778057785682,0.0009253688355405
11,44,0.030184682920672456,0.04673855879978496,0.0743629166792358,0.42420084594053953,0.05407530033996043,0.14394721426042403,0.08131881920824227,0.13919511125718542,0.0,0.2,0.1,143,47.36543060650949,0.0008448496922018
11,45,0.030028811405401548,0.049934867492908326,0.08185028674845832,0.43542873391617787,0.031659154453201416,0.14396854261314446,0.08078014104331308,0.1387142694930355,0.0,0.2,0.1,147,47.397693169409294,0.0001417986065502
11,46,0.030204450677766014,0.04288096940045188,0.07442421689401667,0.44122920608848004,0.05917991424134998,0.14395994867764572,0.08163146251610527,0.1387724129836966,0.0,0.2,0.1,149,47.397697826654245,0.0005903061441398
11,47,0.029990416539996817,0.05922343555004376,0.10809292674620241,0.5323980787421022,0.03344758408287408,0.14394334287972674,0.0809852366594843,0.1379264973074474,0.0,0.2,0.1,157,47.366434133086464,0.0006145243190762
11,48,0.03004873630910329,0.05873366202700532,0.10757497029298112,0.5323531139800882,0.03333532102717608,0.14394236924145554,0.08127059012364023,0.1379394448061467,0.0,0.2,0.1,159,47.36632878689116,0.000817214639961
11,49,0.030005244654262093,0.06774017279336926,0.1252843237098768,0.567364974975751,0.032127741453990416,0.14394382607942866,0.08102000659451455,0.13800598723785532,0.0,0.2,0.1,161,47.36663333187752,0.0006604184190559
11,50,0.03021788046802969,0.0703860716596654,0.14041093904996027,0.6490179001410287,0.03454806001013383,0.14393771440378314,0.08151165859153844,0.13915491510873984,0.0,0.2,0.1,182,47.38583473696403,0.0002595804494628
11,51,0.0306537137097655,0.064970451420569,0.13057562387981023,0.6429797894721754,0.03417554018922955,0.1439381157779875,0.08368771493805506,0.1391615574663169,0.0,0.2,0.1,184,47.38594786919722,0.0003039406739539
11,52,0.030140531682185397,0.06908157234078854,0.13904326280400214,0.6799694633334276,0.03056114928770009,0.14394958057964027,0.08114046255770826,0.13912439170643745,0.0,0.2,0.1,190,47.38588448528018,0.000258699851829
12,0,0.8011623365293085,0.9797799638921996,0.9787390563795952,0.059691872560211634,0.0,0.0,0.0,0.0,0.0,0.2,0.1,1,14.172135497771617,64.0287881154832
12,1,0.5188902450163719,0.9411267028458421,0.9380945416429883,0.05478697113338406,0.15060893758372879,0.05832680175190817,7.776238577629e-05,0.00011914909881736,0.0,0.2,0.1,3,10.382248421420506,36.53748148971759
12,2,0.16445155307063541,0.8438876104412936,0.8399534644655383,0.037653224890438666,0.39924572208515346,0.0889411601730661,0.0007796330721862,0.0015645902873709602,0.0,0.2,0.1,5,5.411923779711557,5.366788990086901
12,3,0.1229056052768424,0.8180473194581622,0.812781524138476,0.036911186529175494,0.10157457196537596,0.08539244657236746,0.0008573954579625001,0.00168373938618831,0.0,0.2,0.1,7,4.767081985231322,1.7535987081678883
12,4,0.11594255920530402,0.8176310539033085,0.8164623481828159,0.04241955430274343,0.020612761037771266,0.08539244657236746,0.0008573954579625001,0.00168373938618831,0.0,0.2,0.1,9,4.244819978682443,1.7951121963718208
12,5,0.1156702803548245,0.8124492912344411,0.8069009032330616,0.05136477075879241,0.000722406279550777,0.07816904171148631,0.0006138984850692,0.00108436244578951,0.0,0.2,0.1,11,4.273091805028503,2.3802855953592497
12,6,0.1119481908404991,0.8045949273871096,0.794521121648718,0.04472619889218642,0.023318070445047568,0.08337644130469965,0.00065506952866773,0.00151147191631817,0.0,0.2,0.1,12,3.986808865348484,1.517918236280451
12,7,0.1113540907448015,0.8041160741376487,0.7940184261915852,0.048749023980694445,0.003863999117270694,0.08306157471165554,0.00063283114582046,0.00139544069879929,0.0,0.2,0.1,13,4.089847099323084,1.565987725939516
12,8,0.098541973878981,0.7933070514202868,0.7825964889437579,0.058203156626702675,0.047726081916993,0.07862790808489974,0.0028765571840470598,0.00787106887840774,0.0,0.2,0.1,15,4.672254497854076,1.0536309649948985
12,9,0.09728228368543489,0.7970912482442614,0.7906955674579655,0.06490762628335679,0.005744049128973569,0.0762369267539599,0.00284589964921091,0.007627684648545389,0.0,0.2,0.1,17,4.791836308724619,1.124386007496446
12,10,0.09236159015112588,0.7924376870726519,0.78580300584368,0.07328568755859248,0.019528251514274685,0.07498528074011855,0.0028294844015504797,0.0075538552500445,0.0,0.2,0.1,19,4.7110135519730925,1.1373361083927775
12,11,0.09255461727179917,0.7925932444218095,0.7859486739030254,0.08142056401954911,0.002060977240533338,0.07890315900627892,0.00365202323171011,0.00938319601817227,0.0,0.2,0.1,22,3.868433167942544,0.608254404213865
12,12,0.09285953657706059,0.787975733506572,0.7769531202197548,0.0843725855463509,0.0025505703318204074,0.07923176875447169,0.0047395420315236,0.01145481394980679,0.0,0.2,0.1,24,3.517002061116936,0.7185031625252469
12,13,0.09134277287371098,0.7914001614251122,0.7846710891510041,0.09459787566534053,0.013983507791570567,0.0792965169124932,0.00476363776076226,0.01164386656617103,0.0,0.2,0.1,25,3.229671635777572,0.6585955698028236
12,14,0.09283207047344859,0.7927674605139329,0.7857868459080463,0.10252683429035049,0.04641382686220305,0.09092572844755177,0.02852629487188698,0.02665717147305894,0.0,0.2,0.1,26,4.6470195101157135,0.1963148439861234
12,15,0.08442973792370942,0.7792853492750677,0.7678224664771319,0.10092817511690104,0.006079526504606086,0.0581938747105421,0.00564430165858259,0.008261774511079439,0.0,0.2,0.1,30,2.649975317086215,1.22376479888564
12,16,0.07773704462641291,0.7765462045783003,0.7689974854286453,0.10927769946263897,0.03819094268340158,0.05835186933845886,0.00876180567366252,0.014327555505809931,0.0,0.2,0.1,32,3.681366528933075,1.133262949892876
12,17,0.0757991232765282,0.7741279682731885,0.7664524023898087,0.11630249403017127,0.02192602586637563,0.05998952235692914,0.00893761888324724,0.01443396566253378,0.0,0.2,0.1,33,5.484415123377133,3.011846440222225
12,18,0.07167929401658056,0.7740767517381392,0.7705507876652486,0.11218015183146818,0.03648571217926103,0.06669374389236245,0.00677085843813226,0.01221288453491003,0.0,0.2,0.1,34,2.225036027537416,7.368419997578473
12,19,0.07153457965799798,0.7687291535350363,0.7607742040719603,0.1176481393384587,0.007439152502485927,0.060506810263965566,0.0094834796157028,0.013624685505197071,0.0,0.2,0.1,36,3.1407586485441605,1.1098310808498226
12,20,0.06774086856997368,0.7687639307295034,0.7649552953571717,0.1256652538921754,0.01986197981620083,0.06824232333707515,0.0076970660788012,0.01214296607286052,0.0,0.2,0.1,38,1.9989407970898363,8.415552208507004
12,21,0.06712990438878935,0.7728671887685435,0.7733876793729072,0.13613229723322773,0.00609972660585861,0.06824877420733556,0.007755023700858401,0.0121403761687985,0.0,0.2,0.1,40,1.9654591031033664,8.146560301220745
12,22,0.06757433118061103,0.7661932790535059,0.7619749967105387,0.13976276473258864,0.035765634066129155,0.06597293299358369,0.01728991557194482,0.04682355898039098,0.0,0.2,0.1,42,2.7846789013004427,1.646088488159122
12,23,0.06065342830440168,0.7566783993274819,0.7520880774202623,0.14111376739823953,0.033982390305682245,0.06807896275550328,0.020281750911349112,0.01796123028894597,0.0,0.2,0.1,44,3.9639981468940855,1.6893142808812418
12,24,0.06178673360321532,0.756535157274985,0.751778687658548,0.14872275874392474,0.021501168521655803,0.06637726527879938,0.01961569217862883,0.05013651050128615,0.0,0.2,0.1,46,2.2716968919266693,1.1274427019310362
12,25,0.06189441728330168,0.7565576790557946,0.7517903665042053,0.1489117237139377,0.010817373328664772,0.06620003948789842,0.02021454003035656,0.05127045935507798,0.0,0.2,0.1,47,2.2254354934128067,1.1445790389688002
12,26,0.05716057250553898,0.7564871521935183,0.7560574876057081,0.14966386346306207,0.010203819583288972,0.05723830296240993,0.00941970133747373,0.02958323243562745,0.0,0.2,0.1,48,1.9197954880623271,0.545389810590365
12,27,0.05931196340294958,0.7517528745498036,0.7467164036515805,0.1586491539902646,0.027259866903220405,0.06695387902403663,0.021612147180795828,0.05271195024212779,0.0,0.2,0.1,50,1.9150050246804,1.0623664083890516
12,28,0.053967153331275775,0.7511333429394247,0.7504442786050957,0.1641233581552973,0.006476070201835328,0.06916903818578964,0.01118193975237949,0.02291072378024346,0.0,0.2,0.1,52,2.102533123006324,0.8328432540033657
12,29,0.0531129004538281,0.7496440316219654,0.7488821630545633,0.17151938475045697,0.015463384328246224,0.06666680997086502,0.01086648386719551,0.02279056808060928,0.0,0.2,0.1,53,2.525381741033527,1.4739948927668411
12,30,0.05215831397973764,0.748313462970492,0.7475078353738034,0.18584251899576368,0.007365039884064053,0.06144197293290982,0.011347542725112179,0.0170237677712953,0.0,0.2,0.1,55,3.1521550058373538,0.3608052153835722
12,31,0.0507159312754515,0.7407695357067609,0.7354645313621122,0.17296443957167204,0.022744336446153826,0.05908970311464482,0.0113368471673964,0.01559388992073545,0.0,0.2,0.1,56,3.5051325839466405,0.1405306680301556
12,32,0.05053887984838058,0.7453888310269904,0.7444401107684435,0.19099092128974518,0.006450073598469816,0.059236053730975756,0.01136735030040051,0.015533155084018929,0.0,0.2,0.1,57,3.549322408019268,0.1397553071400522
12,33,0.04701485232687644,0.7487962947955396,0.7562847943374235,0.21413879203876957,0.026684618907908936,0.05777529144007406,0.01243891117495592,0.008569940801166399,0.0,0.2,0.1,59,3.929392597010629,2.0400991954189385
12,34,0.04594475224893293,0.7465854478239948,0.7539600438398797,0.21680767432100176,0.02057059503643776,0.05449435499663181,0.01252594640125656,0.00841243006308054,0.0,0.2,0.1,60,4.330132696147502,1.6838066964252554
12,35,0.044689313201908304,0.7442860410480951,0.7515586390977775,0.22236128361951146,0.018447966707739835,0.05352135374814935,0.01200474192598834,0.006272543285274381,0.0,0.2,0.1,61,4.359089138339238,1.9672950431005056
12,36,0.04449185468763081,0.7469565407168568,0.7584047065809446,0.2325500635594058,0.019545151795175714,0.056633027403719,0.01507839178399476,0.01574423063683586,0.0,0.2,0.1,63,4.843639922728638,0.8180152502993039
12,37,0.041710821372341514,0.7366838098749957,0.7435262391293365,0.22758630591129228,0.03893542094239016,0.05694085649885669,0.0140388529661099,0.009744611563645,0.0,0.2,0.1,64,3.8243316462436354,1.0391253602663146
12,38,0.03828264416211611,0.7337354389778259,0.7445623169208139,0.2381940597383019,0.032826261074648845,0.057349446067793325,0.01150964752837587,0.01135657483938133,0.0,0.2,0.1,66,3.6391276733698086,1.2028943251475863
12,39,0.035392154802789254,0.7313510003353539,0.7461845750850741,0.25369964515487925,0.03093782133404457,0.05634849782843739,0.01143991130094975,0.00936925656435756,0.0,0.2,0.1,68,3.2532378948383287,1.1973451746293458
12,40,0.03527753498629902,0.7359795155034005,0.755169854519787,0.27113338498633915,0.004462124996338985,0.0563484978284374,0.01143991130094975,0.00936925656435757,0.0,0.2,0.1,70,3.274260091819245,1.2081090170974584
12,41,0.04058401593591351,0.7410758195416219,0.7602491061829298,0.29612117711357866,0.00917796525204314,0.06407392738625559,0.0115850145098106,0.06335553264151894,0.0,0.2,0.1,75,3.711560996158525,17.77604800073539
12,42,0.03606023146420235,0.7352362762679141,0.7543047790531836,0.2983998478316064,0.012748162421547367,0.06618742285419514,0.01321809789451373,0.02204769205186985,0.0,0.2,0.1,77,3.318041828244872,1.4025919589451108
12,43,0.0345672576355222,0.7414418133428464,0.7690843146463477,0.3202921863885996,0.009721428974651211,0.06119388208736919,0.01309735484585059,0.01887981741188097,0.0,0.2,0.1,82,2.275247605984497,4.27968647818968
12,44,0.034622841073960506,0.745568762636234,0.7775166352829118,0.3306215820309228,0.010128440114644296,0.062102398002995156,0.01169029858089147,0.02666162434729859,0.0,0.2,0.1,84,2.288448039543792,5.353720508627271
12,45,0.03432134141752676,0.7163225344362739,0.7260847596047659,0.3378981854404834,0.01884105184346126,0.06031522470144632,0.02020514129345704,0.02664964164125282,0.0,0.2,0.1,88,2.3833511454288194,1.562327450899118
12,46,0.034343212100106275,0.7163333060887469,0.7260947624249583,0.341075210199907,0.006829055236127909,0.06026707330720933,0.02026208961865112,0.026792734366212368,0.0,0.2,0.1,89,2.382167013224978,1.5649136812889537
12,47,0.03372914855362253,0.7147507115952161,0.7284532078692263,0.34744571749804376,0.07379191067844926,0.059944719346220025,0.02264329418512093,0.04067602951499298,0.0,0.2,0.1,90,2.2507760193174744,1.0706045401986215
12,48,0.03396532527006223,0.71410901096523,0.7277483653870241,0.35098966396348424,0.01885690201544116,0.0657995421708795,0.02573184715247488,0.04034550286487199,0.0,0.2,0.1,91,1.73648927528538,0.2603078599540246
12,49,0.0315306538321333,0.7066040007176602,0.7198870660839729,0.3713747818257751,0.019356611733774634,0.0591454326131929,0.02411640999130376,0.03773849073359873,0.0,0.2,0.1,96,1.8517898929396,2.1203823797300005
12,50,0.030814341369160385,0.7043614560995233,0.7175392050580999,0.3707185716121465,0.024284152895285016,0.057241418453936245,0.019359668268642792,0.04528445709585383,0.0,0.2,0.1,97,1.6479788759898903,2.485692002610137
12,51,0.032134307450642316,0.7092134202556365,0.7266673193687939,0.3916698207178837,0.017524640418180117,0.05900018144431485,0.02525248689507047,0.05139261676701218,0.0,0.2,0.1,99,1.72734324778972,4.456163621223404
12,52,0.03206804945204099,0.7086556634368415,0.7260760157495351,0.3948912654147675,0.01535489091513646,0.06242785205176265,0.024905539768542907,0.05302410831211193,0.0,0.2,0.1,100,1.631054021374644,4.166445936871475
12,53,0.03206669155382459,0.7086500963709841,0.726070163841661,0.39161927640732885,0.010328248182133206,0.06242785205176265,0.02490553976854292,0.05302410831211195,0.0,0.2,0.1,101,1.6310244324078658,4.166098687591439
12,54,0.031323191959606374,0.7059012484703935,0.7231852900291816,0.4006453436645664,0.030747751172740614,0.06180431180155606,0.025451385418652127,0.05086749713422696,0.0,0.2,0.1,102,1.6436235134029744,4.2599907234927965
12,55,0.03109767226654783,0.7045980022882703,0.7218094354348624,0.40376893086343785,0.0212721367454236,0.06180126558869695,0.0249074874226429,0.05302600190565328,0.0,0.2,0.1,103,1.67664793594308,4.211187824781415
12,56,0.030917290263241914,0.707963353140147,0.7294540809555149,0.41655557433023666,0.024729828035972155,0.06117384184715117,0.02589878597055324,0.053461144730427734,0.0,0.2,0.1,104,1.5665147714203158,4.367556401811507
12,57,0.02713029557330136,0.7000965673257598,0.7213172143532712,0.4161494001536801,0.021515955163613546,0.05742900462389279,0.02714380839021132,0.02476745910119112,0.0,0.2,0.1,107,2.630291253920453,2.9790445266104664
12,58,0.02711886905000347,0.7049905088710399,0.7305815907808604,0.4290502949995598,0.008111892452939919,0.05742900462389282,0.02714380839021132,0.02476745910119112,0.0,0.2,0.1,109,2.6303588815111087,2.9759053072090427
12,59,0.02654889707355107,0.6880817533574156,0.7045085025372806,0.4257257026145889,0.0722477664659651,0.06459986036077968,0.03338231269875016,0.023344276929813328,0.0,0.2,0.1,110,1.615270706775349,3.210853292355071
12,60,0.02628489314682915,0.6911104857292822,0.7118046713096604,0.43538004267158004,0.01713116696806357,0.0632213432956218,0.03400895657546539,0.02344561113495798,0.0,0.2,0.1,112,1.6732794928405452,3.2602348001989845
12,61,0.025816787884816103,0.6874618800712419,0.7079543360005448,0.4377186689358361,0.03992182699367424,0.06818184812013563,0.03112341830655484,0.03191560359257885,0.0,0.2,0.1,113,4.327253094696927,2.0490474857354597
12,62,0.023576793714970422,0.6752347508889762,0.6951060657353417,0.4417434364420288,0.10319674251399524,0.06313199316046608,0.03438307498829324,0.02378539508498799,0.0,0.2,0.1,114,4.19072613784574,3.117856743842049
12,63,0.024041375282758567,0.6853642332624366,0.7180393954572323,0.6075640822930529,0.01190106397659732,0.05820671553002507,0.03305268672736242,0.040642268504882215,0.0,0.2,0.1,153,2.350750073306403,7.377770876972808
12,64,0.023825752923235972,0.6806217947540393,0.7089493721014966,0.6122516792108047,0.015789311976026767,0.06063089539757918,0.02308401651468579,0.05765617809796482,0.0,0.2,0.1,155,4.686861434153046,3.143726244973116
12,65,0.024274647360259156,0.6939844878132188,0.7353148058315572,0.651684224087182,0.011670417052401277,0.05603848592807559,0.03219208168743452,0.04733272010049479,0.0,0.2,0.1,161,2.35104405146513,8.062678116056619
12,66,0.025487217943613118,0.6949099433327719,0.7362229849121176,0.6599828418626906,0.013719413994318402,0.05546111918731581,0.030009501482047653,0.06430928206174397,0.0,0.2,0.1,163,2.2743836166728206,8.430514902774132
12,67,0.024231599029816937,0.6931968770857373,0.7344823714537225,0.6682051231652425,0.015385577333396561,0.06128360417689478,0.033707487028378606,0.04513307057291134,0.0,0.2,0.1,164,2.248362802237896,7.437072025301274
12,68,0.027426861785254934,0.7038932722667988,0.7537813004221364,0.6873978331405729,0.03657350402140474,0.060171109171954035,0.038115626241463106,0.07227338508889243,0.0,0.2,0.1,165,2.619953357139518,3.330793130229042
12,69,0.028162595041544954,0.7102126018781557,0.7685897058828751,0.717210692850837,0.022759056536715047,0.06368444230248209,0.03638105572209708,0.08996743917452579,0.0,0.2,0.1,171,2.584580516981178,5.7416198969897705
12,70,0.028053915069166664,0.714338401563577,0.7770463889814391,0.7430279998949909,0.019454565507505184,0.06368444230248205,0.03638105572209708,0.08996743917452592,0.0,0.2,0.1,173,2.5978780604469347,5.756052987212633
12,71,0.022982808488326473,0.6893060292258595,0.7385922242490633,0.7696197105070742,0.015220230555137989,0.0570205460356916,0.0304055352076834,0.058729802822976775,0.0,0.2,0.1,187,4.105289050935719,3.754526069737706
12,72,0.023203878244651015,0.689307269287947,0.7385805478323689,0.7770917583650161,0.013180973772894282,0.05716135979972262,0.030729712137397967,0.060602048645789,0.0,0.2,0.1,189,4.06313816871019,3.9503890441905263
12,73,0.022612311252870946,0.6926299248320644,0.7462157637523603,0.7957278710827607,0.014813968015957881,0.057344518045472796,0.03120850011085268,0.055173877579492894,0.0,0.2,0.1,192,4.111903883281798,3.761409003439428
13,0,0.7738809164035383,0.9766948658367323,0.9754951487813766,0.05901038262375266,0.0,0.0,0.0,0.0,0.0,0.2,0.1,1,16.84228484515595,60.86069765147919
13,1,0.5021855747466271,0.9382124552175197,0.935030111262313,0.05413981427312638,0.14994852290685518,0.09070816142327158,7.17315021067e-05,0.00016468881387763,0.0,0.2,0.1,3,11.919420065702212,35.80504170853622
13,2,0.3566153340035175,0.9086586527155426,0.9038910700807373,0.051042120239524036,0.24100526280620754,0.10159756253806998,0.00252481291072009,0.007647934820698481,0.0,0.2,0.1,4,11.136975669461709,39.91159950477161
13,3,0.30432134250805837,0.8936726581140595,0.8881926744459134,0.046781221618778165,0.10786124949971174,0.10085669150905806,0.00028692600842681,0.00065875525551056,0.0,0.2,0.1,5,7.823916585088227,18.990980273572315
13,4,0.22400877131288005,0.8670891375574522,0.8601796389099637,0.04638477438519282,0.2174971707163734,0.10812663719563739,0.00260084802577517,0.00788397004590849,0.0,0.2,0.1,6,6.266483580743143,47.95001833226564
13,5,0.1468003583668822,0.8337730810774954,0.8293147874656058,0.03898156127726283,0.29108047418463645,0.10595417469033493,0.00088315931902723,0.00202765112180733,0.0,0.2,0.1,7,4.345995461705716,4.889994019515496
13,6,0.12951313125918332,0.8176679204127383,0.8082562047015323,0.035092920347649735,0.04434606435202465,0.10683298834592055,0.00114770403370724,0.00263502102204222,0.0,0.2,0.1,9,4.110435905521943,2.878449697043555
13,7,0.11578468337586528,0.8076442301482797,0.7977178603340568,0.047495906750953845,0.019924177878038365,0.113148078568532,0.0010250172775487,0.00261516212955184,0.0,0.2,0.1,13,3.341222746419876,2.3009927143572315
13,8,0.11389516236852665,0.8123465993433909,0.8064520012248073,0.06104320553004462,0.05848402094270777,0.09667141190092428,0.01433978244747074,0.0398562085957076,0.0,0.2,0.1,14,5.986514366576683,2.3327014800921893
13,9,0.10577279432411724,0.8053709168039609,0.7991096672965888,0.07116562518030471,0.020933614198054167,0.10273091300197956,0.014469077993041498,0.0410641342625845,0.0,0.2,0.1,18,4.787733823290548,1.9699176706836703
13,10,0.10569447245190955,0.8053020145800779,0.7990363958019161,0.07356223162914716,0.007682330506027402,0.10255541232021523,0.01455362559699489,0.04106013681823871,0.0,0.2,0.1,19,4.779096786947566,1.9594974918157464
13,11,0.10143173458902771,0.8063256988478936,0.8042151541132647,0.09007082915571651,0.040240534081770814,0.10267797874599013,0.014111441540719541,0.045070223011066377,0.0,0.2,0.1,20,4.604139110536472,1.8127756514987072
13,12,0.09994274330457886,0.7999394513410532,0.7933846715727189,0.0773642553945628,0.017889315202413228,0.1078555566759833,0.013920293766291992,0.04486701245325656,0.0,0.2,0.1,21,5.134027402080118,1.6814429070807144
13,13,0.09815882130458845,0.7982345813091035,0.791581838300161,0.07955081960250288,0.022459662411791446,0.10525707177366465,0.015327115765150301,0.04403856065944116,0.0,0.2,0.1,22,4.903503261034915,2.5307176962707607
13,14,0.0902105945699031,0.7945465338459575,0.7916076376762546,0.09571158012070934,0.11109154231571165,0.11536764080935241,0.03239909967368751,0.05161712512093726,0.0,0.2,0.1,23,3.2409908132513454,2.4169698445514176
13,15,0.08915860653037949,0.7982553113322901,0.7996116022147365,0.10344437570165844,0.0158579004861367,0.11540344211316375,0.033986359564395344,0.05120611669546625,0.0,0.2,0.1,26,2.533997084925483,2.308985708319576
13,16,0.07270946787815558,0.772572066701452,0.7685548361948416,0.09859780981283361,0.06104564751413468,0.11448778717274632,0.0308253539551545,0.04448862963151548,0.0,0.2,0.1,29,2.247025624375365,2.1316477305688157
13,17,0.07263745905930663,0.7773128590485578,0.7776460084095848,0.10701273864314717,0.012574296554143676,0.1147517904459088,0.031349708832371745,0.045801222285366726,0.0,0.2,0.1,31,2.256610961991837,2.1633505464892533
13,18,0.07280469285854256,0.7824089607366752,0.7871119903576879,0.12988696464343,0.011323769841625204,0.11458560189371568,0.03207975307005857,0.04647539755419116,0.0,0.2,0.1,33,2.2926717237111456,2.1744261882078817
13,19,0.07609290496518946,0.7854561849209765,0.7901172637451412,0.13643957550353725,0.021395454198001165,0.10576743787620639,0.03688981461248714,0.07547468130198529,0.0,0.2,0.1,34,3.2704564351472936,1.7218017971625903
13,20,0.0737636211167793,0.7823171935337921,0.7868457911860738,0.13827187865689328,0.0346350732644434,0.10849009900769914,0.030698494753527362,0.08219687582805182,0.0,0.2,0.1,35,3.034260635969985,1.531385619946501
13,21,0.0693883864080163,0.7801992620658169,0.7887175493838154,0.14883761871559398,0.0726309528836766,0.10137300660713854,0.039475041233105815,0.06848399443674431,0.0,0.2,0.1,36,3.483713119443419,1.4591321632301189
13,22,0.06912425922695493,0.779848922285666,0.7883560379783705,0.1456278959447719,0.01626609470632246,0.10166429783141107,0.03902524720059264,0.06804681124631336,0.0,0.2,0.1,37,3.609885414243268,1.4008422456207086
13,23,0.06555704511478622,0.7695254499312036,0.7734293272840452,0.14379746685702896,0.04838833616793445,0.1130368378438555,0.03194782997351449,0.07313506777488907,0.0,0.2,0.1,38,2.99767736441968,0.9553434951323332
13,24,0.06463184669180141,0.7714040727547191,0.7794260954141068,0.15966034691285466,0.03490427994105654,0.10602017411501659,0.03784572866132657,0.08019456799386958,0.0,0.2,0.1,40,3.1009334864889766,1.3216196997432046
13,25,0.06683907384031136,0.7682675571420812,0.7718730211547278,0.1559150411541361,0.024577973609889135,0.10929034604982876,0.041182235326708436,0.10005614802253722,0.0,0.2,0.1,41,3.394492308563126,1.0835097493193269
13,26,0.05882600383700876,0.7565744513548781,0.7597819308442755,0.15321426440817443,0.07461184049586839,0.11593729329418115,0.03184567405397079,0.07910682961564967,0.0,0.2,0.1,42,3.151585697689524,1.120058382979604
13,27,0.05785781316955078,0.7595429618413052,0.7670217552152557,0.17113641153222375,0.02189605470268465,0.11593729329418112,0.03184567405397081,0.0791068296156496,0.0,0.2,0.1,44,3.152532805162877,0.8606888617656427
13,28,0.058694463637649186,0.7528629977304775,0.7557157039354168,0.1666933089040586,0.03661877558781313,0.11494651951893249,0.034593586131759155,0.105412781534273,0.0,0.2,0.1,46,3.357138106180169,1.931103001281247
13,29,0.055719007011542594,0.7595570003371371,0.7711341274206146,0.20367805833480493,0.015024356399337838,0.11245878126761139,0.031844954572483805,0.08316522590317417,0.0,0.2,0.1,56,2.5573744851811577,2.1073920407192666
13,30,0.05584971124488873,0.7588218413489194,0.7703169112388177,0.20721192532029814,0.027951217476584266,0.11146878979495606,0.03271443708513837,0.09001214261780521,0.0,0.2,0.1,57,2.590471290644049,1.83121920246362
13,31,0.05402770605280328,0.7685885435253347,0.7968507197278902,0.2746323391968165,0.033316102945642904,0.10489811940890709,0.057084415114944574,0.0819945408807437,0.0,0.2,0.1,65,4.486986439457265,1.443841395191379
13,32,0.041453878295190885,0.7244859438197446,0.7303315991804467,0.29401359581177194,0.013928516937517607,0.11165864185454613,0.02885362129340992,0.05176424887057558,0.0,0.2,0.1,93,3.061850015606961,3.844280479025696
13,33,0.04060815565140286,0.7190849042857144,0.724579664810656,0.2969625048227541,0.06572822685288705,0.11030103466322319,0.02455604553676287,0.07450876254746322,0.0,0.2,0.1,94,3.302948973421936,5.783669767141444
13,34,0.036583798367533074,0.7278486819063477,0.7463105079112216,0.3529793588243585,0.011511499858917478,0.11172280113860703,0.01451059789751533,0.06343738092059524,0.0,0.2,0.1,104,2.708851350641806,4.595364896038176
13,35,0.035881629675799276,0.7231305573590058,0.7412983996512968,0.34948536519119766,0.03241439152048936,0.1091219788682559,0.01898501239499798,0.06441256959024119,0.0,0.2,0.1,106,3.2891197367464744,4.877196215997687
13,36,0.033329661484685,0.713022566751629,0.7266300794382734,0.34709846251947496,0.015795864339039886,0.10864356545368087,0.01813170625985405,0.05086946646423936,0.0,0.2,0.1,110,3.2316339957621647,3.1643926833980665
13,37,0.03318476438252246,0.7174099289789889,0.7353611914820309,0.35989934915814925,0.010934129875981323,0.10686839899408362,0.018672102675084103,0.04990402598386884,0.0,0.2,0.1,112,3.4957910494885587,3.3857657045686382
13,38,0.032087747186012115,0.7370509561827411,0.7765874908057196,0.4466070667909937,0.012343767165991042,0.12180624459938397,0.020207069964220812,0.05038761472884545,0.0,0.2,0.1,125,2.9196740883749643,3.281239972631833
13,39,0.029360276999443383,0.7237087100184283,0.7625270046368198,0.44760655938312743,0.11831729436258867,0.11544914176679161,0.020849563568319192,0.05519989453986288,0.0,0.2,0.1,126,3.7786988748968175,3.941887062574831
13,40,0.026994471123190072,0.7154008494266257,0.7538310340551115,0.4486430351861191,0.06761414809243099,0.11624479589636483,0.01853187616453465,0.05214888869546096,0.0,0.2,0.1,127,3.4567196659314123,3.793612687447849
13,41,0.026772339676250496,0.7191642952894037,0.7619056336180834,0.46126594294611734,0.013630005930133512,0.1167679245785914,0.018595514472089368,0.05222897002017805,0.0,0.2,0.1,129,3.581665173257856,3.8898493113811647
13,42,0.03257390803559508,0.7190959713359065,0.7574048556123436,0.43781456695031556,0.0157896492997609,0.11298607689901624,0.03111610516425925,0.08749562420733988,0.0,0.2,0.1,140,4.310973692908851,1.679052753816937
13,43,0.03220646487975679,0.7180087312410363,0.7562713787808928,0.4485775219944911,0.018295790227907845,0.1152474397566713,0.03290377144388912,0.08202634128568731,0.0,0.2,0.1,142,4.307975746544163,1.7727917649483882
13,44,0.028349180876319616,0.7055505666195057,0.7473373069410146,0.482815527550417,0.026707548657028388,0.1143743099611535,0.03154312293403525,0.07563033482568755,0.0,0.2,0.1,152,4.228926619106136,2.474409614099472
13,45,0.028743125469410956,0.7020098757813377,0.7435559442227352,0.48670222409842945,0.05140533352305529,0.1128832243783443,0.03282347130939878,0.08441645847624793,0.0,0.2,0.1,153,4.257511263960594,2.2166549446596737
13,46,0.028743126069020304,0.702009875862847,0.7435559443042445,0.48670222420025183,0.01500637553562318,0.11288322441995541,0.03282347163686678,0.08441645863640529,0.0,0.2,0.1,157,4.257511210619127,2.216654947958804
13,47,0.02841643050821171,0.7012612691951163,0.7427816551436666,0.4901272818251541,0.01864235123486699,0.11238018666713949,0.032940797369574656,0.08168326535959529,0.0,0.2,0.1,158,4.235945742538722,2.2029034836534835
13,48,0.028397010597105726,0.7147742597311594,0.7693346860537313,0.5543228454121718,0.016171971915149262,0.1126571543894389,0.03367512828463328,0.08236598825292854,0.0,0.2,0.1,168,4.12120828293889,2.108040243473728
14,0,0.8584886412612901,0.9859338551051655,0.9852097579965605,0.06104927357452304,0.0,0.0,0.0,0.0,0.0,0.2,0.1,1,10.932011444770088,56.993899169083136
14,1,0.5590228987352648,0.9477602084182819,0.9450693752180573,0.05624652124125571,0.14874465173939228,0.07325713442052832,8.224179427624001e-05,0.00013941578987276,0.0,0.2,0.1,3,7.097429629303766,36.23721262237092
14,2,0.4176707021451857,0.9225481735145801,0.9185105802954173,0.0538777066651425,0.20464699859798405,0.09209874294219995,0.0025471167294311503,0.004696498223884351,0.0,0.2,0.1,4,6.032919604580631,39.91979488339543
14,3,0.178629063561082,0.8514059879089534,0.8478506486489351,0.03945525239425709,0.589505762976804,0.08658431967847037,0.00127837757123052,0.0021670978900347,0.0,0.2,0.1,5,2.1466079467530346,5.616389889896063
14,4,0.1604140877949041,0.8417361042651169,0.8376932242597536,0.04207813309881811,0.03722611947993861,0.08980590551350305,0.00075129291496017,0.0012301099861768499,0.0,0.2,0.1,7,1.7227244673453563,1.9306025734111247
14,5,0.1530651279816835,0.842400264657606,0.8425100466690963,0.05505464531529242,0.01655633118965709,0.08980590551350305,0.00075129291496017,0.0012301099861768499,0.0,0.2,0.1,9,0.9920762594596816,1.708427419764162
14,6,0.14543159959301494,0.828239072303956,0.8193432675050981,0.06304517456003902,0.010844686013159622,0.08546402522152936,0.00274095976749507,0.0049385007626222095,0.0,0.2,0.1,13,1.7310522742961605,5.828855504724293
14,7,0.14030360479896598,0.8249384234788929,0.815884190619839,0.06889567208552301,0.024777564840897423,0.0869446205914735,0.0021989968573861403,0.0037921881045255997,0.0,0.2,0.1,14,1.8056092405470328,4.537420812846848
14,8,0.1269671306727984,0.8162809761568836,0.8067491051517784,0.0566380666318898,0.07453381011891332,0.09454493883485997,0.0036474796695525197,0.007113357827131241,0.0,0.2,0.1,15,1.692222179891777,9.16520570731891
14,9,0.12097210444567903,0.8167607251339211,0.8113720083384128,0.06234001356615925,0.018403258841118493,0.09454493883485997,0.0036474796695525197,0.00711335782713123,0.0,0.2,0.1,17,1.0421890499251063,9.286962637811907
14,10,0.12093677827950355,0.8216814452095457,0.8206645259407567,0.0787165889753909,0.001543340661384308,0.09454493883486001,0.0036474796695525197,0.007113357827131241,0.0,0.2,0.1,19,1.0057948979633968,9.303293086269589
14,11,0.12185166564369528,0.8177249709301981,0.8123267570971148,0.08268882966660075,0.003043209916297862,0.10276629661959782,0.00689080125390865,0.012117815914029221,0.0,0.2,0.1,22,1.8919660171550712,84.0301511816417
14,12,0.09526101481867859,0.8001571201116294,0.7980160474195852,0.09484232337259894,0.08607664970858431,0.09562803212252279,0.00480729634120061,0.007919858401641739,0.0,0.2,0.1,24,1.3582634273699958,16.761938383196444
14,13,0.08817302034004088,0.7977117526265379,0.7992709400996317,0.1055847989117198,0.05831422812409632,0.08282771629477738,0.024104456993207228,0.026113847087235197,0.0,0.2,0.1,26,1.050621093047858,101.2242415070498
14,14,0.08811384245541988,0.8025934277555222,0.8085224163214183,0.12253732491767183,0.007686473624387971,0.08282771629477738,0.024104456993207228,0.026113847087235197,0.0,0.2,0.1,28,0.9130001912550132,102.42547241083872
14,15,0.09802344913420455,0.8112905767012598,0.8167649599086354,0.13516286320286117,0.0595929233346239,0.09401504368430334,0.08987347567528456,0.06985775923296596,0.0,0.2,0.1,30,1.5675414897317108,194.0362785209803
14,16,0.09273306325558275,0.8055353619014567,0.8108843847613482,0.13130356414545602,0.0400912504162788,0.09232190787541085,0.07757331849607017,0.06126495250195626,0.0,0.2,0.1,31,1.568105130480716,209.77006135376723
14,17,0.1839067914959072,0.8913195065020734,0.8921872815215771,0.23845503446409644,0.13808800387399944,0.08960450944043284,0.07235792992111893,1.0,0.0,0.2,0.1,32,2.6687205082533065,4167.82021976406
14,18,0.183703366243296,0.8960048812275038,0.9012323284420443,0.247126629115039,0.11543312327821117,0.08960450944043288,0.07235792992111896,1.0,0.0,0.2,0.1,34,2.5062596385399005,4171.155403288612
14,19,0.1837007432569266,0.9009485300658968,0.9105489819133089,0.262146516105797,0.11447635820787005,0.08960450944043284,0.07235792992111893,1.0,0.0,0.2,0.1,36,2.4856990587255328,4171.588446693692
14,20,0.0888227161149732,0.8043984761678452,0.8136090031381722,0.15964437554069452,0.05282411694217305,0.0829054708013268,0.048226772812895405,0.1585059522926296,0.0,0.2,0.1,38,2.8129339240932576,69.09614712555464
14,21,0.0737926579721622,0.781432149464128,0.7858287792706404,0.16632086525769937,0.04795136306657985,0.08812570768687478,0.025236195719942588,0.10990784325701104,0.0,0.2,0.1,40,1.5826227787429523,32.513931575805024
14,22,0.07379265919522005,0.7863791951562645,0.7951489959035883,0.18498751243025544,0.01603824769652043,0.08812570768687475,0.025236195719942577,0.10990784325701113,0.0,0.2,0.1,42,1.5826249514310016,32.513932553531184
14,23,0.0737926592523748,0.7962732299263084,0.8137893251355666,0.19764216215640537,0.016038051498054793,0.08812570768687475,0.025236195719942577,0.10990784325701104,0.0,0.2,0.1,46,1.5826250529585415,32.51393259921942
14,24,0.0737897635432245,0.7962687951450322,0.8137846696177465,0.2135136584107771,0.01607227498083244,0.08812570768687475,0.02523619571994256,0.10990784325701113,0.0,0.2,0.1,47,1.5768062820780304,32.511318635347195
14,25,0.06737580660283748,0.7805403973827821,0.7931071387180413,0.20522931896293664,0.10357040008906362,0.09125053424307959,0.0269892363836077,0.11047173397622363,0.0,0.2,0.1,48,1.205194472648079,36.77561537724056
14,26,0.059802002266666085,0.7863438046611876,0.8118583797225917,0.2382520066048561,0.014446624335365756,0.0908702999872651,0.03878128653355079,0.029854795612781388,0.0,0.2,0.1,55,1.4957634788591767,5.766780057517157
14,27,0.059444427360638374,0.7904973100978768,0.8203353895249709,0.2585587810289316,0.014667499248121567,0.09080463260891161,0.03970093132775891,0.02972622453089103,0.0,0.2,0.1,57,1.4805205908787462,5.341031216674461
14,28,0.05887772068443892,0.7948038744602406,0.8290067355882306,0.2648169609386433,0.011709918050566268,0.08921938505767404,0.03489330998968724,0.03456620013569543,0.0,0.2,0.1,58,1.4989061557133836,7.6736051574985185
14,29,0.06420967266184471,0.7798939644701423,0.7965533247678417,0.2392382446984636,0.023982428831583306,0.08085887291923984,0.04439339712818977,0.07422472847414018,0.0,0.2,0.1,59,1.6072877227977638,5.947641233434132
14,30,0.05870030802136437,0.7824389151665044,0.8076445747372751,0.25897068377450017,0.02291903387202744,0.09133954990698785,0.05182649417326819,0.02472732304438367,0.0,0.2,0.1,62,1.1541839594750922,14.989347335644627
14,31,0.06293865932236105,0.781334126594018,0.8060032746818314,0.2859490965754289,0.06286375271292222,0.08678633538368995,0.07020288751214583,0.08114514291728087,0.0,0.2,0.1,64,2.198526802266416,7.203308629551676
14,32,0.06236729370121244,0.7850018982949503,0.8139783587665951,0.3031668077670245,0.027047567211716417,0.08678633538368995,0.07020288751214583,0.08114514291728092,0.0,0.2,0.1,66,1.632430755370094,8.441947305923566
14,33,0.05408217562175843,0.7856338693892501,0.8232639113698694,0.3174528846058244,0.01755467060092325,0.08939403178162308,0.05626763277585818,0.0344057003226365,0.0,0.2,0.1,71,1.5786986631634763,9.72752182925868
14,34,0.05281436323823831,0.7925667313760298,0.8387906322104213,0.3527858389497219,0.019229820796496648,0.08939403181931894,0.056267614049965706,0.0344057050223733,0.0,0.2,0.1,76,1.3050745348660728,10.529816046023535
14,35,0.3373992615965238,1.091013536613139,1.1502694179372523,0.7888476562232588,0.3003061796864609,0.0779286608523134,1.0,1.0,0.0,0.2,0.1,120,1.565780296853787,18.88534785812241
14,36,0.23882903700380084,0.988785764795903,1.0477246495720094,0.7222913380792745,0.2291867802462219,0.0777134940249734,1.0,0.03929912549076744,0.0,0.2,0.1,122,1.7672225445688847,22.09751999469252
14,37,0.23866597005094087,0.9929447493031582,1.0562040769076422,0.7461629381431609,0.2081752538869661,0.07769774937728997,1.0,0.04166342453228996,0.0,0.2,0.1,124,1.7664728142106907,22.060754012987225
14,38,0.3338679386558951,1.0722987973703522,1.12235425686895,0.8317151438230225,0.3016641455693291,0.0797819593378343,1.0,1.0,0.0,0.2,0.1,130,1.3626159907288973,20.031680599534862
14,39,0.3333625862925359,1.075897178897869,1.1302564131773625,0.8556997750394063,0.30520887998472623,0.07978195933783426,1.0,1.0,0.0,0.2,0.1,132,1.5838496791786338,19.922627887452464
14,40,0.24184623444197131,0.9990205713361547,1.0664827270669173,0.7956198988325925,0.20873818585204762,0.07765993810621948,1.0,0.08603956282793637,0.0,0.2,0.1,151,1.548804812288228,14.458773277847843
14,41,0.24202512300802523,1.0087745356653324,1.0849568146005604,0.8391928816770098,0.20975948417482804,0.0771008090854831,1.0,0.08972526947194076,0.0,0.2,0.1,156,1.5589401393926732,21.830296533658053
14,42,0.2392959770443519,1.0019356474363734,1.0777883131874912,0.8444549873276977,0.22516111057522858,0.07582856400318956,1.0,0.08536632539056199,0.0,0.2,0.1,159,1.630369415222193,16.381346614919526
14,43,0.33043786991992574,1.0974180024039157,1.177596059132775,0.9057144579075301,0.30364633636402943,0.07648244832709379,1.0,1.0,0.0,0.2,0.1,161,1.7055318815160383,14.11637993830234
14,44,0.3282916319885695,1.0910170089525213,1.1708655328061988,0.9705452508063767,0.31014057540662965,0.07548554322553096,1.0,1.0,0.0,0.2,0.1,166,1.2749452348182926,15.238650519891896
14,45,0.32517971575912197,1.090422465190364,1.1784773564586168,0.9975688555743848,0.3403658522100237,0.0789224389532143,1.0,1.0,0.0,0.2,0.1,168,1.4716294885605636,13.613896883207383
14,46,0.32408552881113956,1.086503515026511,1.1743567030184585,1.0665469522222042,0.3027945587359613,0.08164002872210821,1.0,1.0,0.0,0.2,0.1,179,1.6066624923287192,41.21609614803618
14,47,0.32369218103362773,1.0800514932833256,1.1634540264624313,1.0146143247273613,0.3028621201896164,0.07984697797688553,1.0,1.0,0.0,0.2,0.1,183,3.27584723738914,26.799186153544508
15,0,0.7615723139278434,0.9752671304655283,0.9739939133395903,0.058695226871428835,0.0,0.0,0.0,0.0,0.0,0.2,0.1,1,17.565860363815727,64.47380944355919
15,1,0.4987819152342374,0.9376081357190049,0.9343945500621219,0.0540083301467438,0.14675121272217273,0.0908087878564817,7.271311811418e-05,0.0001776305341127,0.0,0.2,0.1,3,11.202928531728318,39.60769950847335
15,2,0.33943730421276896,0.9048276556841285,0.8998222033906578,0.05080917633871576,0.2730502163276505,0.14948375417107923,0.00251466979478372,0.015570936205701541,0.0,0.2,0.1,4,11.940140620190585,39.985762365787465
15,3,0.243961690260304,0.8789737575735144,0.8768516449512677,0.045294632167531615,0.2255078591530037,0.10356775899154748,0.00044853068391003997,0.00109571349730538,0.0,0.2,0.1,5,5.041614261767722,17.38135728583299
15,4,0.2114461583765461,0.8623697746829134,0.8551769610254139,0.045952782398681766,0.10758108546399375,0.14176522499446134,0.0025873829128978997,0.01574856673981433,0.0,0.2,0.1,6,7.164133781995631,47.165255603722926
15,5,0.15510927534381258,0.8386322423716923,0.8344317353682373,0.041336298764028855,0.20916194669282467,0.10825383896067076,0.0005179517972491099,0.00127363864914363,0.0,0.2,0.1,7,3.320368633153659,6.590441971113148
15,6,0.1420317180180312,0.8312293282304893,0.8265981328231863,0.04378172739832883,0.06707642349204343,0.13116552958013042,0.0016472616697872401,0.008651894906727341,0.0,0.2,0.1,8,3.2132223389618204,7.837012184149425
15,7,0.13545665253755082,0.826646843233666,0.8218256739968903,0.042680511488669054,0.0288543175592963,0.11131481185436197,0.00067292912505658,0.0016772419561515602,0.0,0.2,0.1,9,3.1477854452127723,1.9998336398536412
15,8,0.12966827549055518,0.8276096625558457,0.8269565227869979,0.047529502024864896,0.015474309160582393,0.11131481185436205,0.00067292912505658,0.00167724195615154,0.0,0.2,0.1,11,2.9320355821468485,1.8167804912734464
15,9,0.13036647617538324,0.820877398094095,0.8111774299931963,0.06368719019983746,0.05528184758638758,0.16481271194137606,0.005103276677982689,0.0828188059338762,0.0,0.2,0.1,12,4.096813497095506,42.05525335373319
15,10,0.1199638639803854,0.8159896145032942,0.8105646957682321,0.05470772858536688,0.015681389485030506,0.12634168980787278,0.0018887795601100598,0.00995340355791247,0.0,0.2,0.1,13,2.646669616179383,5.358762389896127
15,11,0.11728758870422643,0.8089515762315744,0.7990588163586304,0.054648753608122276,0.015443147984939506,0.1254098634230646,0.00152481380542927,0.00816669329106364,0.0,0.2,0.1,14,2.84194097313212,2.694062654673467
15,12,0.11737442728741435,0.8090606223473895,0.7991642774518211,0.0657676754947551,0.001846969822137146,0.13032571604635984,0.0015692908839324501,0.00986266816865319,0.0,0.2,0.1,15,2.9770064677959214,1.6487805026763729
15,13,0.11454615238461566,0.8117896921732318,0.8061574926921092,0.06268614763901975,0.01768714118332188,0.12346606098816765,0.0016218621817185401,0.00875545157386541,0.0,0.2,0.1,16,3.7070573093871726,4.290522670432771
15,14,0.10152197160743437,0.7961827741588197,0.7855404497308844,0.07120484015828486,0.09946564364673488,0.12803253060804157,0.007669011758723481,0.01378886380732482,0.0,0.2,0.1,17,2.859440449207024,4.837927929753038
15,15,0.09815587908136116,0.7980155464706541,0.7915795034762181,0.09139432551546396,0.0066131912318221995,0.1133205177697616,0.0035617821087367005,0.02328204857301929,0.0,0.2,0.1,24,2.5224405891509445,4.655425488902122
15,16,0.11372908832581033,0.8136853600427587,0.8071638503345993,0.11107014859249045,0.03329197085876055,0.10995953718188439,0.01121730122408052,0.18126824930908636,0.0,0.2,0.1,25,2.754557510264891,6.0394224293487895
15,17,0.15546991946556676,0.8548601688414242,0.8475487964756065,0.1669136818951382,0.19633671965232585,0.09766098235654128,0.014458263064772969,0.7399648244985414,0.0,0.2,0.1,26,3.463386778611508,16.252788663476785
15,18,0.2900327840163602,1.0041587693350367,1.0099223949343257,0.31251995117156006,0.21557760746418933,0.12586589481895924,1.0,0.12210626157198372,0.0,0.2,0.1,28,3.045359581987922,8.648044644787495
15,19,0.1741518871896222,0.8825100039563912,0.8836223888129072,0.2004000540685319,0.1429572449784503,0.25786109695968357,0.0045493309000173695,1.0,0.0,0.2,0.1,29,3.5583769593564147,49.776762150149416
15,20,0.30068366551322584,1.0072707488558597,1.007950265752732,0.3371307112511448,0.2999391882039083,0.1373035277850619,1.0,0.34079767849782694,0.0,0.2,0.1,30,3.7868668120030495,15.752555042523602
15,21,0.29785175371768263,1.008290577251457,1.013139947697977,0.34458048237575356,0.24928049299132674,0.14144933928472986,1.0,0.3410169497259385,0.0,0.2,0.1,32,4.050700176226219,16.57694159941246
15,22,0.10162562985561971,0.8100939668154855,0.814612950953586,0.14595837128574302,0.09245094754574405,0.11858639600171256,0.0678423978921532,0.2875484687803908,0.0,0.2,0.1,33,4.911352434048457,4.276194140209865
15,23,0.09428047628964252,0.802650802648153,0.807156908038175,0.1441338347677633,0.036868891865264486,0.12670868993500495,0.05601270986308733,0.2392685502424269,0.0,0.2,0.1,34,7.740076987082759,5.825363789391637
15,24,0.07722156579923158,0.775314162510123,0.7747146569376892,0.13321638175394582,0.13999145785699843,0.12551834667880987,0.04594455724081522,0.17779386735166877,0.0,0.2,0.1,35,4.300127016424149,4.975364639961029
15,25,0.07869288546092107,0.7689264869752727,0.7636405988724628,0.13643379179620355,0.0768411102939199,0.06416568062725658,0.06783438270471713,0.1804540606768124,0.0,0.2,0.1,36,8.37663971624687,6.835610176979335
15,26,0.08210928967405483,0.7762754103010081,0.7791277202669236,0.1516778943289525,0.13289530181309317,0.12505504837565992,0.06921977436492097,0.27036171483887206,0.0,0.2,0.1,37,5.84523148265561,4.962400623773446
15,27,0.08080683827065605,0.7731080018523969,0.7757847812464622,0.15411717417783188,0.06755039148873763,0.1222685684139023,0.0685005955093857,0.27422285108449584,0.0,0.2,0.1,38,6.086370342346793,3.916650325681992
15,28,0.08139385057390901,0.7755649287460753,0.7823355554917879,0.1857991766645879,0.051109616024247434,0.12286496463898783,0.07353298681889743,0.29351350432681955,0.0,0.2,0.1,44,5.149841294618611,3.8271269875604297
15,29,0.08689598583186887,0.7779435062641521,0.7844424006206401,0.20463619028417593,0.09295699224171819,0.12278910106616425,0.08172198617673057,0.353706312110535,0.0,0.2,0.1,45,4.291436497141352,3.545095818230807
15,30,0.058923580239486996,0.7504252150872072,0.760924911226503,0.1778020699070119,0.054572491500875,0.11191638664732356,0.05122480386068816,0.1623825536628249,0.0,0.2,0.1,47,4.292336271652133,2.916842587696076
15,31,0.07078680634061739,0.7620051410237034,0.7724822422159436,0.19286752868970666,0.0418223955519768,0.10577445384950208,0.057146891265605626,0.2707263732545281,0.0,0.2,0.1,48,4.359219074940604,3.779223898679679
15,32,0.1391924153495406,0.8229302560612063,0.8368292427614511,0.29191822024655345,0.1335148171183841,0.3876004042600533,0.06479418594301965,1.0,0.0,0.2,0.1,55,3.863574417313656,3.516071245980735
15,33,0.13770805167947775,0.8249994979897448,0.8431704218996093,0.29708809069559083,0.11969057028818887,0.41279848256722157,0.060236133643903164,1.0,0.0,0.2,0.1,57,3.8696013490535615,3.7849547905554735
15,34,0.13765522730004395,0.8243238897201894,0.8424498730207657,0.3003637552579871,0.11904554541952762,0.4245009496956476,0.061224275998128005,1.0,0.0,0.2,0.1,58,3.811623826201674,3.896645016766135
15,35,0.13764625627338453,0.8278077187674711,0.8502025555415744,0.31697241082716254,0.11806659510333462,0.45140406584335374,0.06403798806510412,1.0,0.0,0.2,0.1,61,3.736123306004666,3.7958450776509607
15,36,0.13820299353181548,0.8325926823647251,0.859309468543689,0.330788295761703,0.12139040791060157,0.4897671264687378,0.06820151504163105,1.0,0.0,0.2,0.1,62,3.625466904204294,3.762813863727005
15,37,0.1377285807009498,0.8320978978433244,0.8588132353788669,0.34400953316900607,0.11328277133180303,0.44318177701319855,0.06586846750793421,1.0,0.0,0.2,0.1,64,3.735656271939445,3.703779874314118
15,38,0.13763813105910677,0.8231507008755504,0.8492472927850891,0.34784029843183695,0.14013869256287972,0.9925594628266404,0.08122999652690592,1.0,0.0,0.2,0.1,68,4.949279917353544,4.79880990935911
15,39,0.13654715604587525,0.818280639923807,0.8441263613880673,0.35011136924510866,0.1526304256451167,1.0,0.08124551238426755,1.0,0.0,0.2,0.1,69,4.871104098252102,6.129114789447893
15,40,0.13672261450817047,0.8226622832819511,0.8528302440726879,0.3573023510172384,0.12520476932499996,0.971267368968266,0.0833638479795714,1.0,0.0,0.2,0.1,70,5.128253934923906,4.270606916961557
15,41,0.1365105830725823,0.8217555989037149,0.8518767375527111,0.3605345841464148,0.12414815570761444,0.9784756462954596,0.08337862453681227,1.0,0.0,0.2,0.1,71,5.126587392939529,4.439890305464719
15,42,0.13569481924509713,0.822763056888438,0.8570546976330571,0.37350797819555104,0.13117148647458393,0.9712673451606516,0.0833638493733891,1.0,0.0,0.2,0.1,73,5.108947595464695,4.545993589463102
15,43,0.1353908274868582,0.8213201225320759,0.8555373376817133,0.37666403548913696,0.12795175131258196,0.978475622236451,0.08337862592818797,1.0,0.0,0.2,0.1,74,5.105536454580284,4.721285140815408
15,44,0.13540855496429338,0.8162992088436395,0.8461372850337695,0.38709043029589263,0.11717217113138602,0.974826058688747,0.08358986486567829,1.0,0.0,0.2,0.1,76,5.099585544087123,4.723682527996795
15,45,0.14383011865301942,0.8435608186554319,0.8908284934808014,0.44184384227220375,0.12644989116162586,0.4645063897846898,0.1270817160955015,1.0,0.0,0.2,0.1,86,4.795033534631835,5.465599144037774
15,46,0.13857446574868204,0.8312160582391347,0.8739734909444762,0.4561130296239807,0.12212062281066732,0.43175890693233726,0.10340711072226835,1.0,0.0,0.2,0.1,92,3.7522206359299606,5.720561977725942
15,47,0.13790864158124966,0.8278456031119702,0.8704295784838494,0.45536759542801664,0.1500186391122998,0.4362692713097016,0.1034004932997024,1.0,0.0,0.2,0.1,93,3.759135176034232,6.051580137214716
15,48,0.13788502945258202,0.8280691000541864,0.8706688702042423,0.4668830907843391,0.12882332268209634,0.4489676785279109,0.10298533647313476,1.0,0.0,0.2,0.1,94,3.766171026477237,6.002515291777394
15,49,0.13566494892429798,0.8231567072523742,0.8655851864434367,0.4495701950460318,0.14247035824974416,0.3760578863341682,0.09505918060162231,1.0,0.0,0.2,0.1,95,5.995032602141421,6.000825032432927
15,50,0.1506077359286585,0.8412720471628997,0.892025571034233,0.5013589483464149,0.1460314739168295,0.4075007123028458,0.17708307421340888,1.0,0.0,0.2,0.1,101,6.046728360727584,4.942460306027096
15,51,0.149204597964549,0.8404089985950437,0.8952637610821459,0.5221078308651527,0.14516818421510203,0.4250385858767498,0.17444323512605237,1.0,0.0,0.2,0.1,105,6.130864273180372,4.899368671727926
15,52,0.14668105648769053,0.842608981300828,0.9018231774678264,0.5422494298503417,0.1334622234634018,0.4161220523020221,0.16204109093155816,1.0,0.0,0.2,0.1,107,6.608970071795915,5.298482201566103
15,53,0.14633968908722933,0.8470365477608559,0.9106129812761834,0.5537674118353814,0.13291181002395014,0.4160334080260367,0.1605032300678359,1.0,0.0,0.2,0.1,109,6.648518281810649,5.304237151272472
15,54,0.14764140504306777,0.8482402249294827,0.9118106920012561,0.5286322604810041,0.13369657300108168,0.3909744647975213,0.16710389325683134,1.0,0.0,0.2,0.1,112,6.346255644696903,5.411837364622182
15,55,0.14640992754197754,0.8508156024916057,0.9186894862022447,0.5345967178120012,0.1377375751497576,0.4184938504890019,0.16202180403976502,1.0,0.0,0.2,0.1,114,6.61516155910994,5.393272838536687
15,56,0.15046161666540264,0.8482884727692136,0.9116896814835882,0.5348847487810513,0.15176829138194717,0.40975485842406045,0.18378420614705715,1.0,0.0,0.2,0.1,115,4.228325683743395,12.88628531478884
15,57,0.15040350862624516,0.8404134709854071,0.9033433125502434,0.5781943698014856,0.16180353835721914,0.28395490440284393,0.190190623805446,1.0,0.0,0.2,0.1,118,6.57181047043698,6.370092042407834
15,58,0.14728475211807124,0.8361686164134365,0.8990312307295966,0.5891950736472367,0.13848622873641242,0.29477988544038614,0.17549741558824858,1.0,0.0,0.2,0.1,121,6.6882610503485145,5.650812709573448
15,59,0.14569456286867788,0.8387495763018793,0.9059390955504978,0.5930504974446502,0.14062210577193596,0.31631985841331633,0.168158146182427,1.0,0.0,0.2,0.1,122,6.364636647899237,4.984701663794344
15,60,0.14916990719854642,0.8399701410397672,0.9070256392814606,0.5927134345917779,0.1578212639662817,0.37653104820117617,0.1872796477363749,1.0,0.0,0.2,0.1,123,6.491565360137128,4.73953142989493
15,61,0.1490315772946818,0.8389446528118087,0.9059475744925399,0.5960846269641605,0.14543000745671325,0.37864838596991995,0.18725890441466292,1.0,0.0,0.2,0.1,124,6.497407183245605,4.815764489557493
15,62,0.1489074826468007,0.8429210569824507,0.914247166375283,0.6084583573749414,0.14117954854968828,0.37864838596991995,0.18725890441466292,1.0,0.0,0.2,0.1,126,6.406105205762951,5.006732007827019
15,63,0.14840752420204187,0.8338862814627591,0.9006279632308638,0.6021699807123206,0.1694360063718081,0.29400173514992023,0.1873405543842015,1.0,0.0,0.2,0.1,127,6.442547331957398,4.69607680912141
15,64,0.15341883432723202,0.8449410740594167,0.9202038103321816,0.6520972924273457,0.14982250809979913,0.29020732420160267,0.215024516406557,1.0,0.0,0.2,0.1,132,7.11259837965021,5.102549372094346
15,65,0.1473861486816565,0.8418712287582594,0.9213912951508035,0.6660026844995682,0.15509278016003483,0.2709518258277116,0.1861875631485171,1.0,0.0,0.2,0.1,133,6.613845562312369,5.268521129977005
15,66,0.14572906932420496,0.8441344684078977,0.9279684681050502,0.7185090385414414,0.1362763563892261,0.26053442908306984,0.17852256728486035,1.0,0.0,0.2,0.1,148,6.411396584999732,5.124706045145606
15,67,0.14590799209729427,0.8624637898041183,0.9636955297034602,0.7811556116065111,0.13719273526095366,0.2476270408301264,0.18044430205748846,1.0,0.0,0.2,0.1,161,6.265315590019376,5.044987890575273
15,68,0.14391589915237096,0.8651063126910569,0.9706929827443019,0.8428179842453735,0.13444100396218506,0.45678418898989553,0.17069607232722508,1.0,0.0,0.2,0.1,171,6.421159350199738,4.634397459218542
15,69,0.14365896931332506,0.8628094101564513,0.9682781951808841,0.8462222958459411,0.15205831590167884,0.4603736645874644,0.17066041930397535,1.0,0.0,0.2,0.1,172,6.438064754203236,4.778619016663038
15,70,0.1436560897259841,0.8627195652227141,0.9681833382334747,0.8501210326053766,0.13490347640167924,0.4600382649279351,0.17069850161190586,1.0,0.0,0.2,0.1,173,6.440004255731959,4.777962458509952
15,71,0.14293525624665443,0.8515884683764484,0.9482763419554886,0.8579969131192887,0.1345512464768043,0.5160165696300926,0.1673883920320323,1.0,0.0,0.2,0.1,177,6.438385159869662,4.818377020732846
15,72,0.14292494918758364,0.8663365800420944,0.9761391483063128,0.8845148438911713,0.13383079728539965,0.5147432036279332,0.1673851427302793,1.0,0.0,0.2,0.1,179,6.439818108282679,4.818316738908141
15,73,0.14382574680763285,0.8600531078568953,0.9653538015886273,0.8929481755129501,0.1541790352280473,0.5091603842245431,0.17320300743425512,1.0,0.0,0.2,0.1,180,6.418810551075399,4.737563357337846
15,74,0.14407822536840237,0.889629883281174,1.0211490048681298,0.9762595624127324,0.1350916745932746,0.4746755339597985,0.1746730996853407,1.0,0.0,0.2,0.1,200,6.429935384673964,4.737450960181862
16,0,0.8257579796179828,0.9828838956145335,0.982002756430668,0.06045188025945388,0.0,0.0,0.0,0.0,0.0,0.2,0.1,1,13.415851518816584,71.1332108496322
16,1,0.5023567701896786,0.9382430699810765,0.9350623779814121,0.054150456074488186,0.1723162851189441,0.08553646071100358,6.132729970514e-05,0.00015913061558032,0.0,0.2,0.1,3,11.399456311716854,37.47733359429674
16,2,0.34348276185143917,0.9076942596827168,0.9027105060806455,0.053348331408068814,0.27717164674270034,0.19255759485157556,0.00253677528376493,0.03997764714615541,0.0,0.2,0.1,4,14.235165042009791,40.06736049598877
16,3,0.1353502371149551,0.8265628056534303,0.8217262969033758,0.03397293083470925,0.6396028257665598,0.11691985230622214,0.0009489196936240899,0.00326317089330501,0.0,0.2,0.1,5,4.07224649681947,2.794063081377824
16,4,0.1267467387237225,0.8206278002510365,0.8154969290898368,0.037402462935353514,0.022558578155576575,0.11326430227124566,0.00055985931962766,0.0018734961069094402,0.0,0.2,0.1,7,4.337927081037941,2.320765320074329
16,5,0.12611433948681144,0.8205517210363394,0.8153508732615086,0.04034161295585318,0.012164923584912592,0.11256244119650728,0.00224390246285606,0.01133807149850099,0.0,0.2,0.1,8,5.955769313512077,4.88172710623415
16,6,0.10693622697464798,0.8054565973646388,0.7995442518210382,0.037973397848625516,0.10790986541123938,0.10844966806031948,0.00064780479835874,0.0017905926533983599,0.0,0.2,0.1,9,5.406831836269819,2.355835209623261
16,7,0.10183918293917117,0.8011019588056406,0.7949644451456767,0.06216655935501058,0.00519781139536016,0.10805901577462465,0.00073430796541156,0.00181135409952251,0.0,0.2,0.1,16,7.821262758020095,4.833298353626932
16,8,0.09618540490407773,0.8058891352325327,0.8082347697988832,0.06280550040149921,0.0400981379123099,0.10928921283267327,0.00072383076624292,0.0018858077634245698,0.0,0.2,0.1,17,6.981844424941774,3.9880243515565055
16,9,0.08624511474342685,0.7911612070557702,0.7885901235364611,0.05988219053904995,0.04221320274784161,0.10738998288060701,0.00416446826861255,0.00278445324524263,0.0,0.2,0.1,19,6.93272860947376,1.4217575135293683
16,10,0.06665409052555137,0.7777310924854801,0.7827002114735025,0.0844908359663447,0.03769758365735018,0.10001861790418884,0.00307575927254977,0.00601515665091518,0.0,0.2,0.1,24,7.138711775606093,2.223800853312793
16,11,0.06540732552197416,0.7809723450167217,0.7902277184955981,0.09407589188156214,0.005577534490683192,0.10096227798803165,0.0033819489651882202,0.00522022634020236,0.0,0.2,0.1,27,7.292912641957942,2.259304129859872
16,12,0.06015157508947561,0.7683793756937047,0.772861092178372,0.10192805815697935,0.06210601177976921,0.0990272313652536,0.0032757578653283,0.006770381233458569,0.0,0.2,0.1,28,6.087337101465138,3.1576796529980453
16,13,0.05963774170870187,0.7706435834609441,0.7791915584844471,0.13540168887606607,0.011213489679983518,0.10346226855803707,0.006932299939538469,0.03225219316850011,0.0,0.2,0.1,35,7.115486173426798,2.5450130250429144
16,14,0.05854563951071661,0.7671837313964907,0.7754242069095616,0.15755684596037262,0.03061005622190173,0.10188513420146308,0.007982313565461011,0.05528184564240749,0.0,0.2,0.1,37,5.74643331799601,1.4411909623231471
16,15,0.05591370233608901,0.7681863265702108,0.7806447031417483,0.1650198413620691,0.017871478525302353,0.10501186261834466,0.00730319548053691,0.04735397644728857,0.0,0.2,0.1,39,5.234426946576622,2.1844057155939387
16,16,0.05473505477392077,0.7656510826319518,0.7779528144600651,0.15901636037648326,0.03062061081595062,0.10229780308714147,0.00648810419977284,0.05405960317573995,0.0,0.2,0.1,40,5.680867131091432,1.3601863104372012
16,17,0.0522724534618428,0.7634300188986125,0.7796127907867043,0.17426494220610617,0.08295024783040837,0.09747406671735823,0.009242935527379691,0.07246536888394514,0.0,0.2,0.1,41,7.5069887063375615,1.6016646128715533
16,18,0.049707980067824634,0.7624715855387262,0.7826970524275864,0.18005752626233645,0.0352420075846122,0.09068165103861338,0.00943079061902996,0.07722653436963613,0.0,0.2,0.1,43,8.587331202769498,1.836490702275011
16,19,0.04404085836666401,0.7432215262389058,0.7583163751915754,0.17122100316826722,0.12396886734799593,0.09570926215560882,0.01108020950285969,0.07804077255833461,0.0,0.2,0.1,44,7.129000288284159,1.6542574834311483
16,20,0.040983341077779095,0.7413644629608087,0.7605290266535086,0.19105141352049285,0.03171238145392408,0.09781144905111723,0.00943437177073636,0.07223526290398244,0.0,0.2,0.1,46,8.752664232736386,1.5567145951025978
16,21,0.04057123045983717,0.7454120652942994,0.7689107990941811,0.2071077513430405,0.010935477036966937,0.09813603130809828,0.00902021793706791,0.07164487568920844,0.0,0.2,0.1,49,8.901992512845545,1.6066818619108307
16,22,0.03649113060798795,0.7240222841249628,0.7422105679330319,0.20536344021835395,0.1524795280835438,0.09763381761126654,0.01534765562926697,0.07663476103972645,0.0,0.2,0.1,50,7.800638372448715,5.684399078506219
16,23,0.03667460348841342,0.7272155602513224,0.7496374180956357,0.21548943507174126,0.022267274668139103,0.09835892251153067,0.01798622420867087,0.08093455837409065,0.0,0.2,0.1,52,8.070819707042821,6.4139967637982265
16,24,0.03437969241344439,0.7221261161159811,0.7443497550671723,0.2270846881113428,0.017934796120416666,0.09775116866589292,0.014976964125732009,0.07456348408167691,0.0,0.2,0.1,56,7.165861463275996,5.597577471270992
16,25,0.03393141953796328,0.720618660436835,0.7427679595478622,0.23012605725671792,0.02163044421909317,0.09793441764461613,0.01494483050725011,0.07399510693168121,0.0,0.2,0.1,57,7.180004603026461,5.898495587195742
16,26,0.03351896663988638,0.7193773206439845,0.7414686432842453,0.23319377054282972,0.01907432591320185,0.09772766682790202,0.014208634559345882,0.07431391620223413,0.0,0.2,0.1,58,7.371521671483516,6.176152950686896
16,27,0.039116054291276646,0.7374754813042822,0.7604715762057221,0.23759056644396684,0.07281880998720507,0.09916173616949481,0.01752873753212899,0.07290134931560081,0.0,0.2,0.1,59,7.783408908837885,5.766401926261815
16,28,0.039329052363366625,0.7418619970506048,0.7691730437920081,0.24817914268319857,0.018886309665311,0.09644459566522592,0.0194839748756167,0.07469238028385464,0.0,0.2,0.1,61,7.754291049241979,5.86762568375921
16,29,0.039329052363366625,0.7418619970506048,0.7691730437920081,0.2550257421269859,0.011366134164176254,0.09644459566522592,0.0194839748756167,0.07469238028385464,0.0,0.2,0.1,63,7.754291049241979,5.86762568375921
16,30,0.03848358271619122,0.7390963999466946,0.7662643514864398,0.26127201795421745,0.014567072613592797,0.09644808143392591,0.01955659104001438,0.0746872536706604,0.0,0.2,0.1,65,7.71805504388912,5.818144748119385
16,31,0.04010552733626541,0.7492664707585414,0.7810776567306864,0.2693614385439353,0.011665756375405229,0.09599146249846428,0.019003600316396578,0.07556247710069107,0.0,0.2,0.1,66,8.13890236253251,5.738236411265673
16,32,0.03251132429326611,0.719935402994773,0.7502046308393379,0.2773169725952664,0.012743202714482033,0.09783032864304583,0.01908976347643315,0.08161139424564705,0.0,0.2,0.1,69,7.431654774982592,5.837504997685615
16,33,0.031077145207706505,0.7121705812728937,0.7420219509491877,0.2899216464868377,0.028101692284225842,0.09518221506372897,0.01840475541294705,0.08650195692476739,0.0,0.2,0.1,73,7.182214619220288,2.987163489426984
16,34,0.03106462746967817,0.7070287253107314,0.732495047999354,0.2931468922444594,0.012726602200844313,0.09512439793433654,0.01858686511178651,0.0864979856596203,0.0,0.2,0.1,78,7.174994710655481,2.992992512412233
16,35,0.030776600795216113,0.7065369228916957,0.7319899732611704,0.2928553650808675,0.013150627851234734,0.09510213720205998,0.01843140355148765,0.08446928529525974,0.0,0.2,0.1,79,7.189947234052678,3.125927871644904
16,36,0.030909815661968626,0.7111261273897952,0.7409203619400462,0.3033967093379851,0.019619575583424573,0.09525072491457617,0.01860142326840699,0.08676273584739258,0.0,0.2,0.1,80,7.207525218148173,3.010154855246136
16,37,0.032038005263624186,0.7118739785051713,0.7375945087078224,0.32884444233050014,0.04405322349189092,0.09523282054036715,0.01843769204514588,0.0858682347260423,0.0,0.2,0.1,81,7.1264382663578765,3.039718139841526
16,38,0.02993710861569811,0.7258077073260775,0.7728279364651104,0.41439110097392606,0.012890315869445404,0.09681890218717625,0.02126572346305341,0.08216635244159397,0.0,0.2,0.1,98,7.738242925623246,6.195941988947546
16,39,0.03008906406118963,0.7306163371669232,0.7819911321454172,0.4336924239424229,0.015502851168476398,0.09802869364202135,0.022850293981892582,0.08122371970623186,0.0,0.2,0.1,99,7.073126106820386,6.270469410566441
16,40,0.02948138452272038,0.7237120737139828,0.7706275586691127,0.4282744651650111,0.01675172197975104,0.09649285921269153,0.0209677781580791,0.08215173985536392,0.0,0.2,0.1,102,7.744984210165537,6.251713976392147
16,41,0.029225878217281637,0.7282215305349973,0.7794985834917558,0.45460654772534964,0.012635280535930434,0.09703754987886734,0.02182353916179628,0.07831663188273497,0.0,0.2,0.1,106,7.544145942566615,6.817885711798238
16,42,0.029093777964500897,0.727024608258957,0.7782340007147476,0.47626160524862277,0.02254623461392108,0.09761754215960265,0.02245632876751715,0.07822576675718808,0.0,0.2,0.1,107,7.465663865670312,6.125150034104268
16,43,0.02873189730035807,0.735969828175982,0.7958883312657754,0.5049806346862107,0.013025308687499345,0.09468358536098723,0.01966277763362095,0.08155058326355957,0.0,0.2,0.1,113,7.688390837632862,6.498845668397671
16,44,0.028116823754920493,0.7324648739709689,0.7922012248446423,0.5151469120537194,0.021303083485116017,0.09482051385171304,0.01996856672289215,0.0812741110525249,0.0,0.2,0.1,116,7.765478531325765,6.509492594788759
16,45,0.027679884188930505,0.7257056989042762,0.780982770537422,0.5291908335603274,0.01415263626994741,0.09487173154453685,0.01929747319291624,0.08122488648174635,0.0,0.2,0.1,122,7.809508868500277,6.614809246287033
17,0,0.8517726768536802,0.9852344806622022,0.9844743682403798,0.0608949092983991,0.0,0.0,0.0,0.0,0.0,0.2,0.1,1,10.272930679650049,60.40536682805915
17,1,0.5556412109126074,0.947219877550222,0.9445012413272283,0.0561273423212128,0.14812565636201014,0.084061784971018,8.240493586971e-05,0.00013904284738077002,0.0,0.2,0.1,3,6.609955032025777,38.18344968870281
17,2,0.41327914898086365,0.9219544066585688,0.9178633982016744,0.054097004644928545,0.20897750373258497,0.10967561617877261,0.00252574199615922,0.00918500616774527,0.0,0.2,0.1,4,6.266799605199009,39.91020535403936
17,3,0.34032163211906047,0.9035870774576247,0.898620601259204,0.050492267266307386,0.13244606915539303,0.0928936045249409,0.00016170435215727002,0.00029496869337414,0.0,0.2,0.1,5,4.002286685302066,20.341634589852948
17,4,0.2503795184082346,0.876519275914083,0.8701380459815082,0.04781647371009372,0.2144366245083531,0.07832748592738352,0.00128410746784545,0.0021998831375434997,0.0,0.2,0.1,6,3.63203201179267,3.682400079390329
17,5,0.20594693849146017,0.8650066418813203,0.8621539584250578,0.046015368933408816,0.1359597713960863,0.09901114686668991,0.00114842970688584,0.00193775936813457,0.0,0.2,0.1,7,0.8741159469455011,8.221393354440647
17,6,0.16571612756877946,0.8397778323519054,0.8314946434496854,0.043382988929879386,0.1527771123239739,0.08481498215683572,0.0017950161681085299,0.0032186532429094596,0.0,0.2,0.1,8,1.6606724611499235,3.978785461711314
17,7,0.1664222657306739,0.8425753620699008,0.8341718341414192,0.07324801796587971,0.015244843327816188,0.11901735223188166,0.01730702002356438,0.02354482560541945,0.0,0.2,0.1,10,2.6543884233606776,19.6182650146707
17,8,0.1522820456598856,0.8321819246532793,0.8235121125015692,0.0509518325110256,0.040203414218708745,0.08231725989449977,0.00158752656434018,0.0027737077378181497,0.0,0.2,0.1,11,2.0565505254114145,3.912949081277283
17,9,0.15126241701502094,0.8316052224344529,0.822902711481743,0.06108386520466215,0.005600197864591651,0.0806332138002489,0.0016508205039467,0.00323598845258445,0.0,0.2,0.1,12,2.081131175619632,2.743920660062792
17,10,0.13865320976851206,0.8287713268381482,0.824040753528868,0.056977877291131386,0.06134510730383337,0.08486811256725312,0.00176888517232973,0.00313031180507138,0.0,0.2,0.1,13,1.4422378929211448,5.937657138610438
17,11,0.1212324041391085,0.8130350921396179,0.803118951850486,0.08156571433401538,0.06709416345395687,0.11747694724001805,0.01707610338609858,0.02243256324493237,0.0,0.2,0.1,15,1.622011967838446,16.49269461073607
17,12,0.11377796500555817,0.8072164051274666,0.7969652940845099,0.08895266359995305,0.05699909517286761,0.11283644203047637,0.01824746798007518,0.026980265381248807,0.0,0.2,0.1,16,1.645387666883707,14.152095225990408
17,13,0.09822546715505015,0.7933316171450959,0.7822714121730225,0.10088492483022414,0.04896696413659746,0.09891329490073353,0.023229326373297148,0.035330146064301696,0.0,0.2,0.1,19,2.300607867894273,15.231725348668633
17,14,0.17547840629177502,0.8848709109157719,0.8873829598884694,0.17754677216065273,0.0940687466955685,0.08013297033784714,0.11291313035130304,0.5349944663516404,0.0,0.2,0.1,24,2.311666358218498,122.83970219792124
17,15,0.21073739989215703,0.9164006954470363,0.9247222482873637,0.19239789746168992,0.09327998165869456,0.08239966017961618,0.11182724307476768,0.5239766289488326,0.0,0.2,0.1,26,2.3399037070393995,108.33693736711072
17,16,0.1128773032979116,0.8214878988926888,0.8226765209711019,0.16090160698148315,0.04484765806114172,0.09462293870184205,0.090509500542307,0.20305568760660053,0.0,0.2,0.1,32,1.3139931985821338,1.927313867931631
17,17,0.10603369728079316,0.8110590239183806,0.8086741511636399,0.13594480011338395,0.03667337443951017,0.10123300907612659,0.04644710488528853,0.08102387569548229,0.0,0.2,0.1,37,4.780163287164554,25.25223352295149
17,18,0.10025163978914078,0.8099741454622168,0.8116490381671622,0.14377214039299593,0.0553730273161195,0.09535862502326095,0.044900080627338114,0.08467539709215706,0.0,0.2,0.1,39,4.5432554906504805,24.771138371247496
17,19,0.08983186207398544,0.7982742147088684,0.7994112759807102,0.16440231037990405,0.032140935998503595,0.09465718317379535,0.042779687061876084,0.07639239756503716,0.0,0.2,0.1,42,3.9831478908618583,22.90907873989729
17,20,0.09180033117522299,0.8054468921356019,0.8110366010215897,0.17783722320254255,0.02069931270670317,0.09438143674580268,0.04321493162936778,0.08233329794671099,0.0,0.2,0.1,44,4.063365168224405,23.2445659715074
17,21,0.0884794293486648,0.7962926873220428,0.7972578300177964,0.17942954375516873,0.032170521447285744,0.10599636929108851,0.045231780966382626,0.08507117932185729,0.0,0.2,0.1,46,4.105699697922083,19.535165140621565
17,22,0.09290737931614905,0.8065453343669322,0.8121320702544186,0.1937653587285506,0.03271331739622523,0.09869444634624103,0.04753686840417507,0.08525791684018116,0.0,0.2,0.1,49,4.719150728712921,19.532828896901854
17,23,0.0922523270418386,0.8057464186692461,0.8112878645176254,0.19365207338800838,0.019276981647195383,0.10208558223078712,0.04706459953675563,0.0870147343616121,0.0,0.2,0.1,51,4.640418313708138,19.41848733442688
17,24,0.13294621887577746,0.8503002587452092,0.862097670232034,0.22516559079326298,0.09213152105873303,0.08642284301149437,0.0559566189379234,0.09955090470268978,0.0,0.2,0.1,52,3.8811734424063,12.254050792972842
17,25,0.1395017545349363,0.8603781112831417,0.8768010804094085,0.252405192229147,0.024485816057741264,0.08669166895971853,0.05741613012456195,0.09891032999627396,0.0,0.2,0.1,57,3.9256838745178806,12.135686871347335
17,26,0.13758554290668235,0.8585387919607342,0.8749496825645234,0.2571791412725377,0.019837503633966247,0.10036457791204163,0.054646462548527716,0.08840181072004226,0.0,0.2,0.1,59,3.904669054217445,13.599095480670266
17,27,0.12632029886753898,0.8546781500349317,0.8749631269208786,0.2662162588510448,0.06215549215047442,0.08687413296869811,0.05476844558581796,0.09703113730102644,0.0,0.2,0.1,60,3.94584659325118,11.743553545708924
17,28,0.1276649374049645,0.8666373752272948,0.8954316634952971,0.28917352288604303,0.039782579024233405,0.10613733895252776,0.07324323868947341,0.12677346738554982,0.0,0.2,0.1,64,5.066816969528994,9.725221080419036
17,29,0.13023232469005333,0.8740428610261487,0.9072527805971572,0.3081769785216898,0.06944198589832021,0.10755372672990535,0.07550918829758564,0.13857180335394048,0.0,0.2,0.1,65,6.338660442562031,11.707280100459986
17,30,0.13458642467984247,0.8674280064851357,0.892204238907205,0.29585222458646837,0.033970111487653665,0.10560448639957828,0.07353064129507661,0.11459231456562405,0.0,0.2,0.1,66,5.95845355650224,14.998438175480423
17,31,0.12716828962304233,0.856395755755622,0.8763792220787129,0.2986636473826993,0.04214067326155475,0.11095391112801305,0.07447187336604107,0.13336889119256548,0.0,0.2,0.1,69,6.154585608353562,8.920874918106877
17,32,0.12641817539236821,0.8605720470040821,0.8849381986018274,0.31514756223578233,0.028436931562856524,0.1104473266571326,0.07199743030551464,0.1287583814443658,0.0,0.2,0.1,71,5.932124309760659,8.481769527866398
17,33,0.1343330290052668,0.8680150808396232,0.8925609640427526,0.3265209760007505,0.03774482470663298,0.1099884406347765,0.08438625715418624,0.14350235503707723,0.0,0.2,0.1,73,8.485876656384933,14.895305482371104
17,34,0.14203194507616362,0.8842924157440843,0.9179205735189323,0.35903017907603696,0.04293772069171689,0.1122925356887747,0.08567534445316143,0.13949777123404455,0.0,0.2,0.1,77,9.975592009643885,14.377593836472071
17,35,0.04880531910254177,0.7632688316282152,0.8034832145347038,0.38045677754453155,0.025003487107228824,0.10409964030258237,0.054041802332211675,0.11322522893137903,0.0,0.2,0.1,92,4.032973561742271,6.844443825037901
17,36,0.04880531953530911,0.7632688135041231,0.8034831632650626,0.3945141136728595,0.022131369189165966,0.10409964385852569,0.054041803455471236,0.11322523415803558,0.0,0.2,0.1,94,4.032973574854314,6.844445506582322
17,37,0.048336314679529105,0.7350435626205444,0.7531720845836046,0.35718470343025643,0.04978029789876667,0.10396764035150732,0.06747114779835556,0.09420742218473886,0.0,0.2,0.1,95,3.667218218902025,19.136954907988265
17,38,0.04439567963000468,0.7347036237829574,0.7571089414244447,0.37544913729335133,0.02661864200864644,0.10717118603542078,0.06033319936816091,0.07433579929737413,0.0,0.2,0.1,97,3.769788487172483,19.72437486625353
17,39,0.040745088494997236,0.7108114716686729,0.7277939258601341,0.3669090946759531,0.18098738084692373,0.10536630800673416,0.06002079697105935,0.08941455538503759,0.0,0.2,0.1,98,3.868943836682036,15.873861270762507
17,40,0.04065000907487633,0.7154654690356201,0.7368079998910244,0.37229979841080196,0.021570131747312055,0.10600421667224488,0.05961370291894572,0.08984306983352981,0.0,0.2,0.1,100,3.8721473815908993,15.705845850989238
17,41,0.040424619249748224,0.7084085795315885,0.7252537545062874,0.36991140402141814,0.041889369137107994,0.11246914918171058,0.06092891637709935,0.0902379052280802,0.0,0.2,0.1,101,3.977225376647766,16.07541663134902
17,42,0.06247122872882681,0.7885765802158624,0.8257213912753494,0.4974093089945968,0.02720912384399719,0.11218792581484639,0.07910387073397848,0.11242113691312092,0.0,0.2,0.1,127,1.8552911241858536,12.020167639386916
17,43,0.06243911343849694,0.7835580718399136,0.816326324814312,0.4979163404694456,0.0271229219200164,0.11218808690305254,0.07908700906394253,0.11239714718623994,0.0,0.2,0.1,129,1.855588341935024,12.022293264138316
17,44,0.061114408014145624,0.7861777374200545,0.8232334291332629,0.5137114688685196,0.03735678606160717,0.11662183603516715,0.07106679011372126,0.12181667073003925,0.0,0.2,0.1,132,1.9143835571696048,13.125216752277908
17,45,0.042689970286851925,0.7424795374573251,0.7938072076734648,0.613620331309333,0.030770846368130184,0.09687004411898889,0.06344024653153117,0.12783316906110437,0.0,0.2,0.1,143,1.3999253050934308,3.829513773868039
17,46,0.04272552734079092,0.73093261300619,0.7774680559604709,0.6067736077570596,0.05550079233376889,0.10689823651128336,0.0632110465012635,0.14369300314239156,0.0,0.2,0.1,145,1.645736565839419,6.261699085521613
17,47,0.042901352023414864,0.7362704164076487,0.7871924669364357,0.6281073758284856,0.02759101579333896,0.1086544848787534,0.06493423316627463,0.1415453288735511,0.0,0.2,0.1,147,1.6270271285801794,6.478785070052607
17,48,0.042173157313329504,0.7299451486629098,0.7845899439356184,0.6332130415494126,0.1317001333404973,0.09744213295119356,0.07214579492716341,0.14074495161470926,0.0,0.2,0.1,148,1.2248759932116018,4.330551263931744
17,49,0.04186233239980029,0.7328109326307113,0.7917217550914822,0.6650210539060512,0.03761493572032411,0.09744213295119353,0.07214579492716341,0.14074495161470923,0.0,0.2,0.1,150,1.2753722578024078,4.367665445974534
17,50,0.04180267705004463,0.7373585083226145,0.800621882764507,0.6825133377625721,0.030953461749666848,0.09744213295119356,0.07214579492716341,0.14074495161470918,0.0,0.2,0.1,152,1.3249810392082866,4.405359195297771
17,51,0.22782181315628697,0.9281322279952674,0.9998326905221869,1.0324463623911806,0.21659128772787697,0.10311364734563366,1.0,0.15390656023447463,0.0,0.2,0.1,198,1.1063894326240258,7.351765357910237
18,0,0.805153373178903,0.9802226871634331,0.979204582153101,0.05979102570541122,0.0,0.0,0.0,0.0,0.0,0.2,0.1,1,17.084092021201727,54.35002478818318
18,1,0.5333738361721847,0.9435760475650322,0.9406698952556375,0.05532222452595656,0.14278977002576795,0.07692629688429728,7.101201924499e-05,0.00014195266897027,0.0,0.2,0.1,3,9.789346840761857,35.39276204032257
18,2,0.37621018463580425,0.913938385249561,0.9094087842809119,0.05271644723792169,0.24744299997199456,0.14486657638357697,0.0025398439374314597,0.014188547797020959,0.0,0.2,0.1,4,9.9924696897499,39.94336462344948
18,3,0.1678391465681685,0.8457419071252167,0.8418975941118462,0.03813433135693842,0.5581476134633989,0.09148892624655264,0.00105437260375777,0.0021076855268146,0.0,0.2,0.1,5,1.7298420753793509,5.923150934885385
18,4,0.16365638700232107,0.843502282200474,0.8395411317242545,0.04257026143815098,0.009284341855081403,0.09884584864832431,0.0011207208620655899,0.00227236476657305,0.0,0.2,0.1,7,2.594701894534728,3.404420383186262
18,5,0.14355464281816013,0.831726000508891,0.8271685482845811,0.043735412531341555,0.04535183796726472,0.10579814208484983,0.00061478547798422,0.00135715069712576,0.0,0.2,0.1,9,1.8429943872015715,1.910268907674376
18,6,0.14314320183508963,0.8314733315620481,0.8269024040606433,0.047325830322028146,0.0023054596051729015,0.10567878695758294,0.0006374849451749001,0.0014025268177625199,0.0,0.2,0.1,10,1.883983019665906,1.8461488527045813
18,7,0.14257389082384395,0.8360699410099395,0.8358534634818733,0.05098730715957954,0.003115274429279665,0.10672801997720133,0.00066536485327941,0.00148364305801649,0.0,0.2,0.1,11,1.9722188573009931,1.6802239088908888
18,8,0.13775565847917304,0.82326432148948,0.8141429055260296,0.05505088291277563,0.012814854247314158,0.10724069084721423,0.00082664135094285,0.0028450815929583597,0.0,0.2,0.1,13,2.840629049108074,2.045891469207424
18,9,0.1357472139018509,0.826740514477613,0.8219258107363657,0.06341726609621398,0.009566899644310517,0.10639075656663856,0.00063130060823462,0.00144037554417876,0.0,0.2,0.1,14,2.009417003359849,1.495031738029508
18,10,0.13364615283105186,0.8254197761609955,0.8205278311778001,0.06940217363725051,0.012218134331865676,0.10724069084721419,0.00082664135094285,0.0028450815929583597,0.0,0.2,0.1,15,3.169080545304053,2.0020042288269804
18,11,0.1260362791356382,0.815221712956709,0.8056867415786594,0.057714325611522975,0.04117437477357254,0.10436714096725233,0.00105572527682945,0.00229717430316393,0.0,0.2,0.1,16,1.689836262422699,1.576025504422702
18,12,0.11968903905157097,0.8106718915462373,0.8008887981262354,0.06152341205426783,0.038238870773527514,0.11190559149525342,0.00130135042241601,0.0045162356629376,0.0,0.2,0.1,17,2.8044884735184588,0.9380670520140076
18,13,0.11108517190812602,0.8089650148461194,0.8032042630836287,0.06934565481180137,0.02739404011585985,0.10544214420117257,0.00166865581348668,0.0053846080511383,0.0,0.2,0.1,19,1.972826491979195,1.5562638625472922
18,14,0.10590294511031632,0.8146162993328451,0.8173678777954585,0.10769209330974093,0.005597911735017621,0.10339580063155526,0.0025638455380952202,0.006618704711566931,0.0,0.2,0.1,27,1.995709170984924,1.504166405767695
18,15,0.10350186346415503,0.8206348819640774,0.827701088234831,0.09583668318545929,0.018984095489187426,0.08090914056774226,0.009919181682908711,0.01399172772184277,0.0,0.2,0.1,29,1.937681552609457,7.115746108511354
18,16,0.07798886957673723,0.7914879342636844,0.7970095801212297,0.09693691479038548,0.11019430039385736,0.07734644788888446,0.010812606136162129,0.020772133123218038,0.0,0.2,0.1,31,0.7587819735856874,15.384798188991525
18,17,0.06557412940609722,0.7747953814349259,0.7794359655235606,0.09354748666468472,0.13723522069550065,0.08255323991702804,0.01620872165465414,0.014207869089439709,0.0,0.2,0.1,32,1.3944168252582203,20.763014078206133
18,18,0.06428052400382607,0.7728577672085264,0.7773958080802629,0.10717554493350785,0.009887911439082539,0.08542178583352358,0.01630390854884481,0.01456106953112005,0.0,0.2,0.1,35,1.7956937080206383,17.212882849065355
18,19,0.059815244115411025,0.7709071641103697,0.7794667481173128,0.09158731538357484,0.0578190669466975,0.0823854966854438,0.01599575971270855,0.01450311594748587,0.0,0.2,0.1,36,1.4566519914467944,18.182812703303547
18,20,0.04549253826040384,0.7437889762831016,0.7466531887866852,0.1181832062914601,0.07584368180044374,0.0731674016172128,0.0297584018761921,0.022109692949407612,0.0,0.2,0.1,40,0.7505646683926855,8.924715133596957
18,21,0.046142309119270315,0.7499846748085502,0.7654822204584918,0.12895751359697114,0.011721421611942395,0.07863139717205073,0.02861587058842751,0.03237686708010769,0.0,0.2,0.1,41,0.46384554177741,16.01758672047994
18,22,0.0326906472623202,0.6973070146710213,0.697778366323817,0.11070250999096404,0.29651211912972897,0.0731674016172128,0.02975840187619207,0.022109692949407588,0.0,0.2,0.1,42,0.1975237319454353,10.67466334514701
18,23,0.03263652536875934,0.6970869953026291,0.6975465629518334,0.1075675955998465,0.009062244319955039,0.07319529609567986,0.02978809245329403,0.02213884267800057,0.0,0.2,0.1,44,0.1991759847453745,10.59958021307546
18,24,0.02988716815481681,0.6842868994755497,0.6840519853862981,0.09754134939905329,0.11389053411259269,0.06986117421866182,0.02607886465442947,0.03646332999772809,0.0,0.2,0.1,45,0.1822485603138293,3.485861570727619
18,25,0.03270163298603023,0.682837196566753,0.682311162185748,0.11140911558497506,0.03678422592134199,0.06345722850565168,0.04566666703625723,0.03933981884069003,0.0,0.2,0.1,47,0.2620365690310035,4.490841831998571
18,26,0.02691586039745194,0.6490383322446142,0.6467499239481523,0.09279025625516878,0.2776149738261154,0.06461532369340095,0.04533582541971868,0.04435947939430017,0.0,0.2,0.1,48,0.056614839046194,1.6843812464384027
18,27,0.02586672259655459,0.6475015137756138,0.6451847070050345,0.091640800699002,0.014167076407430979,0.06561202777891167,0.04279486915761687,0.03958677263941167,0.0,0.2,0.1,50,0.0258266395411006,1.73038367953717
18,28,0.025866311263101262,0.6474987585497997,0.6451818200638165,0.09164016764233508,0.012528368445047518,0.06561202777891167,0.04279486915761685,0.03958677263941171,0.0,0.2,0.1,52,0.0257976870712257,1.7300949064617448
18,29,0.02553312620969435,0.6494163411933438,0.6513097869556846,0.11491178120003616,0.02085586225376045,0.06335521092309152,0.04291216029593981,0.04067877701784902,0.0,0.2,0.1,55,0.0314106104446696,1.643570975114002
18,30,0.02543419831698286,0.6488561642753684,0.6507218677319946,0.12042373858370642,0.01682587717504376,0.06354591607800118,0.04285035943877217,0.04059085030104296,0.0,0.2,0.1,56,0.0293795967748477,1.5852069296054965
18,31,0.02359126238998043,0.6430763399027057,0.6447063016088226,0.11822029307460488,0.047113841994085144,0.06539378647452926,0.039221165224805746,0.035846716672607096,0.0,0.2,0.1,57,0.0449149341381718,1.6183429539376113
18,32,0.024391628796076176,0.6400405484786873,0.641442664184164,0.10988048358205148,0.047240462267914854,0.06597448598733245,0.0435572175188794,0.04107156891367303,0.0,0.2,0.1,58,0.023842665977723,2.2356211156207246
18,33,0.019414250478397302,0.5749042506403558,0.5728967111822991,0.10195847972759535,0.5296029355726357,0.06563876630401505,0.0483333830368797,0.042494145593019825,0.0,0.2,0.1,59,0.0313713986620143,1.4707342487973023
18,34,0.01935501980127803,0.5739352509315039,0.5718778290002168,0.10173578590622917,0.017668147079873676,0.06563876630401505,0.0483333830368797,0.042494145593019825,0.0,0.2,0.1,61,0.0291013454366732,1.4434631362555552
18,35,0.01942609112806761,0.5688433864281086,0.5665030505062497,0.10096862980862521,0.036185903588950845,0.06525033365271082,0.04937014061227729,0.04445892726764774,0.0,0.2,0.1,63,0.0301275190326293,1.3304112269306652
18,36,0.019426091783492635,0.5688433343762732,0.5665029952491407,0.10096862275898144,0.01432059066456802,0.0652503292954329,0.049370152156647876,0.044458949802842804,0.0,0.2,0.1,66,0.0301275254731025,1.3304103681686643
18,37,0.019346766980887383,0.5616534521557756,0.5589258329513338,0.1027919435970886,0.034100927422577476,0.06525147724474731,0.05103607512231445,0.04445868459453029,0.0,0.2,0.1,69,0.0309609969354679,1.3258417850147208
18,38,0.11599696916442874,0.6565683066107492,0.6578516749896922,0.20706979178735518,0.1176740263490387,0.06529461709190698,0.5360448640072065,0.044473461010873225,0.0,0.2,0.1,78,0.0319856909310199,1.6168814137453922
18,39,0.20868533958758897,0.747229142841417,0.7484028317051591,0.30507103482546755,0.22105722428265898,0.06529638761053314,1.0,0.04447539136944142,0.0,0.2,0.1,79,0.0320435516616262,2.1235157072939077
18,40,0.20860543224946987,0.7455189685171474,0.746604628844273,0.3046781052464328,0.2077428524526809,0.06529638761053314,1.0,0.04447539136944142,0.0,0.2,0.1,83,0.0296758780658131,2.1170156693733864
18,41,0.027696588928287545,0.5613775266856542,0.570503153686179,0.14780794489999677,0.037487250983631655,0.06268035280199871,0.07281401176382814,0.09570298890695657,0.0,0.2,0.1,91,0.0894535746055352,205.82830953902493
18,42,0.028156937527440702,0.5575658440800622,0.5664626038842099,0.15710300823570303,0.04206861248907419,0.06248506569081867,0.07724128875284678,0.09318901734684973,0.0,0.2,0.1,93,0.064008750631551,194.9069395846149
18,43,0.02753590534769719,0.5534082760305192,0.5621159121781678,0.15894370044682343,0.05288090709584415,0.06267396344526353,0.07486995835750468,0.09309297087784107,0.0,0.2,0.1,94,0.0670495632655057,194.721861399922
18,44,0.028203614002428753,0.5404769302302324,0.5566814935424627,0.13142300353241973,0.06351845534002329,0.0761056345365468,0.07569582604146491,0.10588786474731549,0.0,0.2,0.1,99,0.0298492924371777,229.9945908794431
18,45,0.028203616049515736,0.5404769962801663,0.5566815663662052,0.13142301732847372,0.02572941402764143,0.0761056345365468,0.07569582604146491,0.10588786474731549,0.0,0.2,0.1,101,0.0298492660362415,229.9945584347583
18,46,0.028210642929798024,0.5390619136761247,0.5551911915435305,0.13696047779268758,0.03715317116765821,0.0765920614346743,0.07590497002657028,0.10594381017219276,0.0,0.2,0.1,102,0.0303697726832978,232.505777905238
18,47,0.21544593799008827,0.7312667133708874,0.7517693195366975,0.36818447018253325,0.21394667915036883,0.06786784668714228,1.0,0.1302992088551288,0.0,0.2,0.1,108,0.0186881527216076,198.56220730580532
18,48,0.028451334073680105,0.5242901859122873,0.5437392958671852,0.1467114576268215,0.1806995996150078,0.07585107020952746,0.08326387372370193,0.0986513390245505,0.0,0.2,0.1,109,0.0460992422569655,193.9985602299912
18,49,0.027912963933617547,0.5195550426512541,0.5387834600810152,0.19580000037294848,0.03268242200502268,0.06977635410867014,0.07930458950900168,0.10208856187025657,0.0,0.2,0.1,114,0.0249622140783305,200.5771331752881
18,50,0.027126206629494894,0.5181406696365726,0.5373360790479988,0.20858570366167767,0.02699846965533076,0.06931949982431171,0.07573928819035025,0.10148709015861072,0.0,0.2,0.1,117,0.0269812480735735,200.8996654430975
18,51,0.06609316603805168,0.5445295465564542,0.5589510000406605,0.2220404259232055,0.12542539462909658,0.06912873286685774,0.2690754823794455,0.10602924955887479,0.0,0.2,0.1,118,0.0216376381210072,204.9293494823221
18,52,0.06599395957415327,0.543057144936524,0.5615204406507063,0.22745096200008466,0.08919980573497287,0.06918128854636467,0.2690181850154466,0.10630965340096857,0.0,0.2,0.1,120,0.0206033232010146,204.74874320892783
18,53,0.20729194016828975,0.6812855816929034,0.6995880858205957,0.3711826419583677,0.2098398012296206,0.0692805299196591,0.9750614445686467,0.10774194945785473,0.0,0.2,0.1,126,0.0254284986780167,202.86564995245536
18,54,0.05365182518776393,0.5337804406312217,0.5606323490511322,0.24747766103451516,0.059974546018329467,0.06853151553247037,0.1986203805294884,0.12488410051014612,0.0,0.2,0.1,130,0.0129515569610437,204.63724603657087
18,55,0.05360165032469717,0.5299946004351703,0.5566512045450699,0.24662133677785605,0.08073318264508711,0.06855365034852136,0.19860506464051783,0.12499446878982437,0.0,0.2,0.1,131,0.0183812751875652,203.4289458149185
18,56,0.0535725851578285,0.52807651979039,0.5546343822085509,0.2461807954546239,0.0669212707100365,0.0685536503485213,0.19860506464051778,0.12499446878982437,0.0,0.2,0.1,132,0.0144910253388278,203.9730276801444
18,57,0.08758051368793196,0.5746203135141631,0.6141771794857316,0.32589379857429623,0.08886454571001626,0.06850377848566018,0.31701900120787846,0.22859757877836362,0.0,0.2,0.1,139,0.0089034009611238,203.95948768171547
18,58,0.08763260426623201,0.5741560279601805,0.6178007031729896,0.3354510628269303,0.10797265412946004,0.06825270838512819,0.3174769868924081,0.2289997584040441,0.0,0.2,0.1,141,0.0085404844385472,203.74823452551016
18,59,0.08769311078066473,0.5732127620303379,0.6168050238458991,0.35714390017141495,0.08914822232133149,0.07028824964121494,0.31767556700731464,0.22935068697320773,0.0,0.2,0.1,144,0.009594128805599,204.094341501506
18,60,0.08764023503997324,0.5743779537227024,0.6221487971161186,0.35629473849087845,0.11578572304651434,0.07028740769852701,0.31763554639939107,0.2294101120796185,0.0,0.2,0.1,145,0.0100148930923698,204.38703147662767
18,61,0.08772998234537922,0.5739267584727222,0.6216693802864974,0.3562748174865368,0.09084912053533946,0.07011327378558632,0.31802014932263656,0.2296108151759635,0.0,0.2,0.1,146,0.0094692533656193,203.90894631547184
18,62,0.08762149097901947,0.5730203643610391,0.6207213693888719,0.37757564624358503,0.09274246420653624,0.06853910724920774,0.31789501545411525,0.22888155934860976,0.0,0.2,0.1,147,0.007594259217598,204.29760176632504
18,63,0.08778902928810142,0.5597397918332757,0.5985091498452297,0.37355788252141886,0.0936885525082008,0.06895497945027004,0.31866797507403677,0.22947002414792506,0.0,0.2,0.1,151,0.0108279018574784,203.7339893631759
18,64,0.08788447981295908,0.5563585806061053,0.5949467443423366,0.3877764476531325,0.10052342764889957,0.06882708931617725,0.3186770146046146,0.2308377482338601,0.0,0.2,0.1,153,0.0107152647574046,203.7971112272417
18,65,0.08745127831658073,0.5616614053958621,0.6087792982620631,0.4162907358206507,0.09462572233087876,0.06871170332773299,0.3184611920319833,0.22743110147118709,0.0,0.2,0.1,157,0.1019893061060765,204.4743633576228
18,66,0.08723464442970813,0.5598699349806349,0.6110214967960538,0.4259337471977879,0.11195471764366398,0.06890948150009282,0.317825853620442,0.227263324510651,0.0,0.2,0.1,159,0.0733073763812086,204.3563534881457
18,67,0.08848841156160082,0.5605109773265823,0.6116306572493582,0.4308186718917606,0.09245536094599748,0.06889804031876973,0.3165630898508725,0.24239334395345186,0.0,0.2,0.1,160,0.0267668690127706,209.85899649527371
18,68,0.08716607981267858,0.5532013058486835,0.6040095874328845,0.4244617265758979,0.10979680717888159,0.06943369484761258,0.31711573880416366,0.2286813704471931,0.0,0.2,0.1,162,0.024860887173445,204.9518442692205
18,69,0.08727947118028181,0.5636146472047756,0.6273063673580316,0.44256796336124815,0.10429727436875515,0.06905691316776034,0.3176336757276221,0.22922053579575782,0.0,0.2,0.1,164,0.0179034008914147,203.6466079613569
18,70,0.08705963378004347,0.5507266259781849,0.6055278777527587,0.44553980751294475,0.09355011558635132,0.06948664556109457,0.3170005570682719,0.2285478344558341,0.0,0.2,0.1,167,0.0332514712663908,204.0540833434437
18,71,0.0870664910715089,0.5494469767867096,0.6041814014803982,0.45283147842920857,0.09630490625115494,0.06944160951778543,0.3169664678780033,0.22880078621642555,0.0,0.2,0.1,168,0.0260847377035873,203.99282238844364
18,72,0.08714383862032533,0.5505417166219218,0.6094452191401011,0.45600261635143347,0.1172726122333351,0.06930956304625736,0.31741527959350174,0.22902402939995184,0.0,0.2,0.1,169,0.0311152293124322,203.80730109501204
18,73,0.08723865475205037,0.5544654897650657,0.6176841091032289,0.45203556038468146,0.09523952927125975,0.06908009919149631,0.3177347678256737,0.22942884394650465,0.0,0.2,0.1,170,0.0288572499169852,203.65072205706704
18,74,0.08721144275557897,0.5539725314967385,0.6171669669999548,0.4557266119711006,0.09012393569101898,0.06914719545134775,0.31767569852967287,0.22931449372607968,0.0,0.2,0.1,171,0.0293378416272941,203.67800742943805
18,75,0.08720953950791067,0.5523602921011063,0.6154710849112704,0.48595597909186916,0.0999555544175878,0.06968885368224445,0.3176964920266597,0.22939804165904168,0.0,0.2,0.1,172,0.0311621347535724,203.92441149936923
18,76,0.08721528611345095,0.5493954529112951,0.6123521172066326,0.4662027601101636,0.10899771388581536,0.06933787640514369,0.3177925402995877,0.22949789389534817,0.0,0.2,0.1,173,0.0304607918928221,203.60786960226903
18,77,0.08718596332290288,0.5412198598515918,0.5996373646097514,0.47693856196865425,0.11160488986393517,0.06964515967383891,0.317652962539664,0.22973668168475614,0.0,0.2,0.1,174,0.0269201334985151,203.6333480074494
18,78,0.08718187284869085,0.5410266642229051,0.5994343579487681,0.47689094212338534,0.08723940832553553,0.06964064852206354,0.3176597156905772,0.229696854046154,0.0,0.2,0.1,176,0.0266743074383412,203.64375518603853
18,79,0.08718429706043397,0.5408002213750328,0.5991960437703739,0.48066138797976904,0.08830022049210803,0.06969012741385433,0.3176754849326191,0.22970725641812123,0.0,0.2,0.1,177,0.0304708871404122,203.6785153303793
18,80,0.08709419869814258,0.5405587390076335,0.598946707981079,0.4767233494927921,0.08661529030835866,0.06961124050594786,0.3175589721751418,0.22905102301809924,0.0,0.2,0.1,183,0.025618979911133,203.8942755156827
18,81,0.08730059705558614,0.5486591671966399,0.6156897121265992,0.5190068016417464,0.0918676043035928,0.06957975957083605,0.31826882645725746,0.22984774397602564,0.0,0.2,0.1,186,0.025166437495651,205.16661825121096
19,0,0.8087175774112751,0.9806157408843731,0.9796178568914109,0.059875557273032655,0.0,0.0,0.0,0.0,0.0,0.2,0.1,1,13.55170903525616,63.19245175523916
19,1,0.5251435301405709,0.9421918764670693,0.939214423478956,0.05501809493810086,0.1497123345851673,0.0809736431008867,7.494626834343e-05,0.00014021361873113,0.0,0.2,0.1,3,9.54073577996797,39.69805492166792
19,2,0.39730026931538953,0.9181253273920779,0.9138574465196488,0.0529441913243993,0.19619244131548932,0.11303705033672731,0.00113569988446774,0.00803083134416476,0.0,0.2,0.1,4,7.536440847962854,10.778671465630191
19,3,0.1565640947087877,0.839526140913058,0.8353627631928918,0.03674939406877305,0.6459573082215543,0.09696808219343961,0.00090016210287101,0.00223932495150464,0.0,0.2,0.1,5,3.721091929612188,8.176629285110511
19,4,0.1541029760317759,0.8392115004722884,0.8349576671240871,0.044747740390813966,0.007694773288326282,0.10861637717522465,0.0023778603451645097,0.01370340962314448,0.0,0.2,0.1,8,3.888737088635106,6.468226755079995
19,5,0.12419484427209394,0.8138513237659767,0.8042556684069374,0.036888192149688456,0.14286783020960675,0.09639489266720154,0.00059713404698576,0.00130056677095426,0.0,0.2,0.1,9,3.5265372213506816,2.519457840487072
19,6,0.12410519513264578,0.8187338858512161,0.813508080933984,0.04672618781975609,0.000500210077324735,0.09639489266720154,0.00059713404698576,0.00130056677095427,0.0,0.2,0.1,11,3.5223072739652266,2.4696622806836706
19,7,0.12325312626772722,0.8134979031830245,0.8038229242772637,0.057703659698350535,0.012952575122352702,0.09806900928322845,0.0018121055355552,0.010753227393175439,0.0,0.2,0.1,12,4.429496094936816,2.050894552284686
19,8,0.11016062116380322,0.8033828651762787,0.7931841521696755,0.04954933270813484,0.08069168613549477,0.10187876784818506,0.00195937907268014,0.01104331501230621,0.0,0.2,0.1,13,3.8857244998638,7.502920256213062
19,9,0.10114849456878265,0.7956759672376358,0.7850790367545708,0.058630871177781214,0.06174146010357759,0.09766544571330733,0.00203694434058551,0.011173868249368831,0.0,0.2,0.1,14,4.532940847830278,5.940228020419854
19,10,0.10517204029825163,0.800167040875488,0.7892868213908913,0.0608960676074362,0.05436211367232237,0.11227477958654297,0.01213650029426081,0.09091678793407784,0.0,0.2,0.1,15,7.08162434361235,27.74880440884209
19,11,0.09548783905218178,0.7904586833619887,0.7790859524786616,0.0699611945858579,0.08587447077676658,0.10798735159173807,0.01221864873456642,0.0893360176088763,0.0,0.2,0.1,16,7.621600392326702,24.71603882544184
19,12,0.0930561351706112,0.79275564744563,0.785597108019811,0.0768190522619611,0.023847146509116412,0.1096294218078886,0.012708218568043661,0.09273629309665696,0.0,0.2,0.1,18,7.419416924315478,24.498533923072948
19,13,0.08200981252836269,0.7749039713621031,0.7627300684361628,0.07832780345340606,0.10846741321405018,0.10858298942909438,0.012243372431531289,0.08936970132737239,0.0,0.2,0.1,19,8.25047388512965,24.111601017305617
19,14,0.08192185223729609,0.7747941552516925,0.7626148021022857,0.08091928191023118,0.012206733608994979,0.10839801293816578,0.01223270177040503,0.08935232248529136,0.0,0.2,0.1,20,8.217124021555925,24.157305866933733
19,15,0.08081803893595908,0.7783322608651857,0.7704519503584297,0.08544128758488598,0.022652980753947477,0.10748552074000411,0.0123255325608602,0.08947369242510617,0.0,0.2,0.1,21,8.57106330935535,23.57618162134368
19,16,0.08068263147245869,0.7781627966580633,0.7702730195913273,0.08542100816363996,0.012925815980332484,0.10692279321734971,0.01236951623515458,0.08953066802148466,0.0,0.2,0.1,22,8.745269658526144,23.308263395552736
19,17,0.0721622815002505,0.7615453294321821,0.7486851116960163,0.08844749488919319,0.10158532201776534,0.10890592816665048,0.01216000972757983,0.08926840216149137,0.0,0.2,0.1,23,8.072601584965104,21.517557856323883
19,18,0.06566448544082659,0.7520812817593746,0.7387831831982443,0.09346665511671276,0.026956282097545886,0.10571480705548084,0.01088636345326115,0.08223488900205135,0.0,0.2,0.1,27,8.975943510790616,21.28771948290086
19,19,0.06596512336717465,0.757234767811957,0.7482969498373744,0.10476230141208656,0.011836403999194771,0.10461313519412387,0.01163551827846758,0.08530257702407337,0.0,0.2,0.1,29,8.87872532143541,26.41785101071907
19,20,0.06658764661427885,0.7570643540971005,0.7480213036563225,0.10315017247988936,0.028653243164143846,0.11300113323371765,0.014719905964237029,0.09787230776042548,0.0,0.2,0.1,30,10.748199736752428,24.975336598281142
19,21,0.0627032141628393,0.7462592190753324,0.7325960439223109,0.10364440764497669,0.04900254798295774,0.10851134214652768,0.01272003741470576,0.09126453955414857,0.0,0.2,0.1,31,9.964801330375058,24.417977208239108
19,22,0.06263241586200358,0.7510824871913385,0.741786101119899,0.11217688682363237,0.012151539305533499,0.10851134214652776,0.01272003741470576,0.09126453955414851,0.0,0.2,0.1,33,10.06568385207388,24.61896026061854
19,23,0.06131694488822295,0.7484939778126221,0.7390475740268694,0.11115443673217738,0.034687630707314114,0.11212822511119677,0.014250536671719419,0.09146081037465979,0.0,0.2,0.1,34,10.664463833139433,22.90852715546334
19,24,0.05733934922662028,0.7380564015184755,0.7240660897958251,0.10701794401066377,0.03564850517134617,0.10482405405193006,0.01193598599733174,0.07435148565467362,0.0,0.2,0.1,35,7.88293568166149,24.2709460764819
19,25,0.0527519925161299,0.7377414700067288,0.728050580657056,0.11195565710427717,0.011564708962677311,0.11303848984199595,0.01056554575077036,0.03879674891702576,0.0,0.2,0.1,37,9.656663697283616,5.548037347377054
19,26,0.10829237514954193,0.7810040811936376,0.7662068226907556,0.16271935623506045,0.1793312363177903,0.20423841765499595,0.02787284597811135,0.6287078511464307,0.0,0.2,0.1,38,38.77815741438621,1.0297881509124558
19,27,0.10451585656906758,0.7684559997155127,0.752890126578744,0.1913114096494104,0.09410396938273503,0.20787848972918474,0.03055521306575132,0.6471651583475629,0.0,0.2,0.1,43,42.93076872226123,2.456281826353499
19,28,0.10142285327738029,0.7643488592737564,0.7526776871357392,0.1993770313280076,0.1071758548400967,0.20178163053274284,0.03117670204901863,0.6483235214584248,0.0,0.2,0.1,45,44.352881800228985,1.5774824304910988
19,29,0.10266638875419981,0.7577554586921936,0.741486971963604,0.20434738495733343,0.09091319284801383,0.206934752663078,0.03388591890899656,0.6699854295536845,0.0,0.2,0.1,47,45.67908631046323,1.97925260064542
19,30,0.10257137758759088,0.7612359625742714,0.7492377571619048,0.2147850245537063,0.08191297447485454,0.2063797437338804,0.03428528674548118,0.6745072309221823,0.0,0.2,0.1,49,45.59911478156213,1.0054137381142818
19,31,0.10264679197752702,0.752333300198333,0.7356609977228009,0.21551439850855322,0.09919315854234036,0.20889488212632457,0.037318007416605056,0.6873403803865921,0.0,0.2,0.1,51,50.983956250420455,2.624924253156895
19,32,0.10300616981376992,0.7571311774793773,0.7447961542451152,0.22663234994422804,0.0792247757418467,0.20834069836304006,0.03773967560026436,0.6919758925040687,0.0,0.2,0.1,53,50.91753900111011,1.6668146168947673
19,33,0.10188860120167201,0.7493423107862175,0.7325089069665119,0.23064959895723725,0.095285634857054,0.20794681913952465,0.03744647954551754,0.6884691329744859,0.0,0.2,0.1,54,51.15636259907264,1.4595817328673166
19,34,0.10398639081662461,0.7532961925260837,0.740615027877361,0.2388806020809403,0.09075300917733323,0.21349517345655938,0.04082751112423903,0.714690148204886,0.0,0.2,0.1,57,53.05613029730579,2.632402256370715
19,35,0.10720579096528035,0.7517018190038784,0.7346516971468761,0.24157751638644762,0.0836427360757079,0.21247819488797967,0.04490278190407987,0.7392507060178873,0.0,0.2,0.1,59,55.42839871667624,2.2540274040692805
19,36,0.10574928701592384,0.7506881264727695,0.7377009812349211,0.2707511497593798,0.08937139890019655,0.21490251054546702,0.04497643937304923,0.739750721548023,0.0,0.2,0.1,66,56.38860069778674,2.213198357049757
19,37,0.10617879788654194,0.7557120121663203,0.7470736585126434,0.2803731180801739,0.08719699559813737,0.21374048736061985,0.04540487050815924,0.7443938878425148,0.0,0.2,0.1,67,56.14513556699685,1.1830793656657006
19,38,0.10592820378870584,0.7554031480112805,0.746760760242493,0.29133081178088593,0.0834449941950551,0.2137742224699499,0.0452108612339169,0.7424786929117329,0.0,0.2,0.1,71,56.172614554179376,1.6063397886398516
19,39,0.10611090337054677,0.7555585237073653,0.7469142653528948,0.3027126244135732,0.08375549365977918,0.21371296578945984,0.04537092002209324,0.7440750407903944,0.0,0.2,0.1,72,56.151652222735926,1.2539667648439734
19,40,0.11127269170492833,0.7533766311754214,0.7401947872350798,0.28515669757320095,0.10187540553477697,0.22243351115768423,0.053288788693256796,0.7878318282281278,0.0,0.2,0.1,74,64.29569260997624,2.660555093482757
19,41,0.11118813978254556,0.7531274059697823,0.7399341768046728,0.31158702328330945,0.08986105950018453,0.22115537104639585,0.05325831158499315,0.7876113160329794,0.0,0.2,0.1,78,63.8698987583723,2.648875490858281
19,42,0.11148246789362994,0.7572580750302864,0.7483626672556908,0.31941686267792174,0.10138237727653743,0.2212293218501834,0.053789293839562116,0.7930213069894954,0.0,0.2,0.1,79,64.06328040201362,1.3688384677165013
19,43,0.0900288602207189,0.7349948465293483,0.726044643930517,0.3007845261296722,0.0771499707233386,0.20118464627135613,0.04630741138513836,0.595995507095478,0.0,0.2,0.1,80,39.24133667897229,1.3111383711133613
19,44,0.025969292097453807,0.6843144752219956,0.6883853637898096,0.2645046610468272,0.02012474821506588,0.1031087323727693,0.01544504776379511,0.021619246515105862,0.0,0.2,0.1,81,8.549296624359517,5.973653097194986
19,45,0.023777504995210662,0.6669953558256462,0.6660241561552922,0.25689278621112466,0.10703238814705932,0.1016073986989071,0.01801757787332575,0.02269254064686889,0.0,0.2,0.1,82,9.381626217018017,7.582771867810758
19,46,0.02380221198716532,0.66577924684575,0.6647282815451034,0.26307018689814354,0.018272533366937717,0.10592272055590625,0.01772280750208588,0.026618948080917172,0.0,0.2,0.1,83,9.581006029305186,7.908748352707946
19,47,0.023719577058685253,0.6704853372730344,0.6737973725300213,0.27478587484966277,0.006931011926103802,0.10594622620688052,0.01758900761821161,0.026449623654621966,0.0,0.2,0.1,85,9.565483945543322,7.740036544394355
19,48,0.023566341456608277,0.669289023822454,0.6725342811644153,0.2809120587750863,0.016359978204859522,0.10660425177776141,0.017528134085224058,0.027578367377884837,0.0,0.2,0.1,86,9.566601931168584,7.690394784893104
19,49,0.022441644854163195,0.6560345636284077,0.6544529455239632,0.27373324121750986,0.07538913658594346,0.10651527274430644,0.01755060716392379,0.032596685427076846,0.0,0.2,0.1,87,9.972388169776414,7.63413375248752
19,50,0.022378960020982795,0.660802801162518,0.6635870906404677,0.28571661331447856,0.007280016838114661,0.10654086855559461,0.01742420716603519,0.03247034328974728,0.0,0.2,0.1,89,9.955472971289478,7.480043756634325
19,51,0.022364735518221532,0.6604765594608232,0.663241360586006,0.288841734004543,0.009731351820048716,0.10708081326106657,0.01741007275453459,0.03302047888013524,0.0,0.2,0.1,90,9.940998187283498,7.29605151483329
19,52,0.0217094928700386,0.6545362134382156,0.652906696836624,0.31973301602676163,0.007013391834624264,0.10487554726430177,0.015401985263127,0.03121271130326736,0.0,0.2,0.1,94,8.73788867255126,12.509614400710095
19,53,0.02172730657799505,0.6484914968330113,0.6464872437984711,0.3351359744514083,0.03575760840770461,0.10219365961939665,0.01607553090340135,0.04221378454984196,0.0,0.2,0.1,96,10.23566159348092,11.551243700770057
19,54,0.020985736921675012,0.6623955066319503,0.6734987765522169,0.3241334429048143,0.007626630260571652,0.10377432019621109,0.017526718372210807,0.03226415094034864,0.0,0.2,0.1,98,9.294846575607838,5.45606192485253
19,55,0.020963906443978945,0.667205998803599,0.6826754003701738,0.34831916913802047,0.007262910616135813,0.1037743201962111,0.01752671837221079,0.03226415094034865,0.0,0.2,0.1,100,9.258695376910604,5.458880836812044
19,56,0.021166704038637657,0.6669645292853047,0.6824067212199593,0.35524373770377,0.011146528595898427,0.10555052853700538,0.02031308439315118,0.029564303995445913,0.0,0.2,0.1,101,9.718797780304604,3.915331735120131
19,57,0.024829442351226312,0.7148706054971279,0.769654120769457,0.5020510472896944,0.010857620221139463,0.1098353789583357,0.020432974398802,0.06647820333773183,0.0,0.2,0.1,122,8.2411751848669,1.9170412619617143
19,58,0.023101091554012382,0.7062697593175651,0.756562525841184,0.4928344949658992,0.027230437334002593,0.11275965930617741,0.01777556077976013,0.05809641384319738,0.0,0.2,0.1,123,8.12761607521705,1.9800740014174376
19,59,0.024891891344265518,0.7075039750354255,0.7577629306012507,0.4966052855363106,0.01633601793141285,0.11355673594538712,0.02212663750478493,0.06830574399754459,0.0,0.2,0.1,124,8.444650016042852,1.3970920951033172
19,60,0.023614900442138913,0.7098277346830798,0.7643781859610216,0.5019653265872165,0.02251253237280811,0.10909611259234005,0.02099057954771112,0.06020566445156579,0.0,0.2,0.1,125,8.237248347344142,1.1826057187431136
19,61,0.023597879890247135,0.7018886681846416,0.751886279574874,0.5039430093965966,0.037907455590141456,0.10856841892844632,0.02175204758639247,0.06366613609592828,0.0,0.2,0.1,126,8.436202209994137,2.782416968849488
19,62,0.02318386453876011,0.7060163882961066,0.760362604644174,0.5161172182115031,0.012312456034005777,0.10833377803213153,0.02132588960784761,0.06109683218540794,0.0,0.2,0.1,128,8.119284735533972,1.3422467512844125
19,63,0.023148320630403167,0.70574376876756,0.7600759113650555,0.5234667740614629,0.012325205759160154,0.10837133732573226,0.021326251365195788,0.061100512009760445,0.0,0.2,0.1,129,8.165122460695915,1.4389964694494044
19,64,0.022931117297805528,0.7086495863378761,0.7672454850066989,0.5319897415252507,0.027016778486242274,0.1076087530482637,0.02164288910923225,0.06131067324626184,0.0,0.2,0.1,130,8.07661074609016,1.5456270195381634
19,65,0.022931117291785805,0.7135966131586764,0.776565675631241,0.5483674238569626,0.010459731655954714,0.1076087530251731,0.021642889114937388,0.06131067323558753,0.0,0.2,0.1,133,8.076610743706567,1.5456270175239282
19,66,0.022869150071146784,0.6885194057330105,0.7296058939315219,0.4000235097830373,0.012979743287270543,0.10754056125190316,0.02182852789469259,0.060775490339367064,0.0,0.2,0.1,134,8.045481582894178,1.5597476425973844
19,67,0.022820828292334693,0.7174276301359909,0.7847097390932124,0.5607659501041176,0.017060451968067575,0.10690153667435222,0.02180435188146182,0.06150924057814513,0.0,0.2,0.1,135,7.678898301469912,1.4945879355590217
19,68,0.022248014083801764,0.7088881340865866,0.7797815135206003,0.5450084890197094,0.06944013343284268,0.11201388435997713,0.02794869173668877,0.062348512491833166,0.0,0.2,0.1,137,10.207322393606042,2.8526858226255505
19,69,0.02223464536407568,0.7137202528937353,0.7889808687495882,0.565461680783576,0.012270135287386375,0.11201388435997714,0.027948691736688756,0.06234851249183323,0.0,0.2,0.1,139,10.20272566246694,2.8396136336744986
19,70,0.02220054324833621,0.7183741878450294,0.797992858887087,0.5747282411258207,0.012960803488584145,0.11201388425465715,0.027948691809873187,0.06234851228947005,0.0,0.2,0.1,141,10.187494976097314,2.795871507212825
19,71,0.02218218921083717,0.7231634496807812,0.8071471934381634,0.5952694666839146,0.012438011752195681,0.11201388425465715,0.0279486918098732,0.0623485122894701,0.0,0.2,0.1,143,10.158947878482314,2.711966630324555
19,72,0.021572979371167568,0.720584934423653,0.8085411529734328,0.622124054451829,0.018815662374258565,0.10643769876721791,0.028993596131545108,0.06283935568796742,0.0,0.2,0.1,152,10.069821950996088,2.8825097461801024
19,73,0.022504086508910823,0.7294472921164713,0.8260368930513939,0.7182392077869247,0.014193718543898219,0.10327806341101751,0.028359879192241026,0.07572859869658398,0.0,0.2,0.1,170,6.170827726103107,4.917028896655708
19,74,0.020904153611086263,0.7262378775664553,0.8268256683216884,0.7335659711562456,0.06907972498499174,0.10466837001117922,0.02752073993603078,0.06868327417808484,0.0,0.2,0.1,171,6.90094173146663,2.8936951230107257
19,75,0.0210029287841625,0.721036777887787,0.8213238541908241,0.7406172411427489,0.028174124131436017,0.10412820972207462,0.027550471791858884,0.07503171564601761,0.0,0.2,0.1,174,6.760647021317418,3.0734765623063858
19,76,0.020884900703954632,0.7305739618596366,0.8395938015849325,0.7762333623258656,0.01325904163101706,0.10369984293922252,0.027376724356915683,0.07443411155146037,0.0,0.2,0.1,180,6.840386704261916,3.0304487181495445
19,77,0.02131883541260979,0.6992054039499244,0.7859614073570323,0.7499990344981384,0.03412968524533465,0.10492546799267899,0.03444125309764074,0.07128820813440136,0.0,0.2,0.1,183,5.563504368925923,7.674293703546049
19,78,0.019311749950238818,0.68488750995968,0.7709575392817419,0.7535597452835014,0.06486102521742731,0.11200080632700837,0.029693065304638888,0.07086190442699422,0.0,0.2,0.1,185,5.574476591983967,6.100810722718398
19,79,0.01901244289017877,0.6823767620363258,0.7683244518473455,0.7529133345774982,0.03135366200501165,0.1123593988484235,0.0289552641199445,0.07099753013482665,0.0,0.2,0.1,186,5.707942163384196,9.4051008637852
19,80,0.01929256312074617,0.6870579283437694,0.7773486016787058,0.7716129776933442,0.017757016784062198,0.11055622188812836,0.03101170828172975,0.07008655295641163,0.0,0.2,0.1,187,5.5519023858927685,8.009870006874623
19,81,0.018495788663494717,0.6809923205016809,0.770992536244396,0.7699429454811582,0.05670898196357056,0.11281920248715654,0.029103413471791427,0.06967121093934092,0.0,0.2,0.1,188,5.687409659833147,8.960787636987002
19,82,0.02008188276553401,0.674143297560699,0.7636810343221545,0.7965891571506731,0.03242304836319933,0.11893723628890038,0.02930556823303363,0.090614159352814,0.0,0.2,0.1,192,6.347752691112539,8.84240227367069
20,0,0.6514681900282024,0.9613620719237734,0.9593730385542676,0.05562643060581451,0.0,0.0,0.0,0.0,0.0,0.2,0.1,1,27.31098640208588,67.46751847813917
20,1,0.41378946604447764,0.9209666765266313,0.9168968265900396,0.05033098832584878,0.1573679637682668,0.07235157992750686,6.972532309563999e-05,0.00011105487766212,0.0,0.2,0.1,3,18.66860232288292,42.9479407296578
20,2,0.379443546404932,0.9134523590351524,0.9089823582008425,0.05133621928558267,0.06083038411104406,0.08638232600552606,0.00049028940768234,0.0018550688647845201,0.0,0.2,0.1,4,9.25584230628716,11.495777720334448
20,3,0.2476290485575482,0.8753483706826171,0.8689262020749733,0.04274732842207332,0.29571990837747164,0.08102805947607125,0.00027890129238258,0.00044421951064850995,0.0,0.2,0.1,5,12.52610215440179,25.844124222923995
20,4,0.2327949137742184,0.8701511012863065,0.8634445318926854,0.044959459781726906,0.044249755425406524,0.08828362121808978,0.00077929020039988,0.00272812243308438,0.0,0.2,0.1,6,7.208762531404495,3.295943497168637
20,5,0.13013787405263727,0.8180141062038881,0.8086339651644121,0.03256201808786164,0.40330946301915327,0.08440191575126356,0.0006275279078608,0.00099949389895911,0.0,0.2,0.1,7,9.378649890156222,10.701507280248132
20,6,0.08593999159394095,0.780979625922347,0.769683983154355,0.02692408019298053,0.1452449928202209,0.08619644482018272,0.00111560516953032,0.00177687804259402,0.0,0.2,0.1,9,8.845645358805822,5.515754028855585
20,7,0.08491518404577975,0.7848517639000829,0.7778723283343987,0.03524529578447476,0.004738491594053516,0.08640046899313655,0.0012030307444221599,0.0019161249631258301,0.0,0.2,0.1,11,9.075314445606033,5.312818078614462
20,8,0.07751259774691445,0.7717053417116788,0.7599194445157067,0.037119663851543645,0.033414982436027245,0.0904744003808418,0.00181345708960504,0.00287233493387219,0.0,0.2,0.1,13,8.10231569278867,3.6894846843380784
20,9,0.06121080474516044,0.7551338261281407,0.7465816883381874,0.04406136884395021,0.17357825848102576,0.10168411804272572,0.0038326387363452003,0.00498149867180094,0.0,0.2,0.1,14,12.882706679512026,2.8298967103181107
20,10,0.05798554208843112,0.7551250777463158,0.7506881049991825,0.04973937531174786,0.020828592558747853,0.1010796287923684,0.00398745614817226,0.0052280838142869,0.0,0.2,0.1,16,12.840870341732089,2.7449606277459258
20,11,0.05507891169150087,0.7454188952856463,0.7363582655410684,0.05112575442390516,0.020368710309341172,0.10623083901520387,0.00403102101675707,0.00621027112352667,0.0,0.2,0.1,18,11.999580741721692,1.6947235307569524
20,12,0.05285327105072058,0.7465787621275645,0.7416952998489076,0.05754653197092581,0.016267485667826133,0.10446659219235331,0.00414119518915635,0.006190637175758721,0.0,0.2,0.1,20,11.819191413008967,1.9001301171903
20,13,0.05026008180569601,0.7368242558990725,0.7273077895006774,0.05851361249037651,0.021335362251471986,0.1106805504425131,0.00450950196778805,0.007853079315214801,0.0,0.2,0.1,22,11.38936421938516,1.0261236165699192
20,14,0.04816464062024057,0.737828827786386,0.7324816819036118,0.06541113085559153,0.01711828181232255,0.10889205606448663,0.00461343724110317,0.007818160950390859,0.0,0.2,0.1,24,11.28045253869814,1.114911657115104
20,15,0.04666934847622963,0.7348996947500579,0.7294009044672695,0.0751952674422116,0.013187188045813153,0.10810383334710932,0.0050115991253423696,0.007188211196187511,0.0,0.2,0.1,26,10.244614323101116,1.0798792836828952
20,16,0.04635560385407469,0.7344397436014961,0.7289257875556804,0.0774790650444115,0.003851556183147601,0.10526563649791426,0.00460365105819516,0.00635249875191331,0.0,0.2,0.1,27,9.989305496989212,1.2289061149874254
20,17,0.04555167359109949,0.74248378991662,0.7456090120995331,0.083024784962681,0.017990842760070878,0.10787523444447537,0.00484309954062308,0.00818491912548237,0.0,0.2,0.1,28,11.89213024212057,1.271355867902462
20,18,0.04366563857045854,0.7283302410695252,0.7224745520698447,0.08741423716653249,0.0198220329326199,0.10406162796891318,0.00604374232961667,0.00875709703167258,0.0,0.2,0.1,30,12.141381806387123,1.9054065699827425
20,19,0.04322309062192962,0.7275253994638625,0.7216348452887135,0.08632232086044016,0.007232033613852749,0.11021381065708125,0.00542060478598475,0.00873054699597214,0.0,0.2,0.1,31,9.700302885830654,0.923976032025999
20,20,0.043058431005395144,0.7320058049881214,0.730459506934453,0.09496319489448823,0.004236215436472162,0.10920987447765296,0.00569187980985857,0.009134707366451191,0.0,0.2,0.1,33,9.84006880093724,0.8772768328136925
20,21,0.03973689029259492,0.7188805067607145,0.7125154888208208,0.09614676535863485,0.0699143090834027,0.10828432649786247,0.0070046676572826806,0.01127957198735116,0.0,0.2,0.1,34,11.75660975154392,1.0553132229200195
20,22,0.03919643559044533,0.7178048811243277,0.71139269898808,0.09840293131182914,0.009499820062430527,0.10625707400114882,0.00658804534102167,0.01051674251759092,0.0,0.2,0.1,35,11.554100571116372,1.2008945494998065
20,23,0.03712120518258594,0.7115266214315421,0.7047551259508751,0.10541799345488938,0.021184084326611726,0.11242281581020365,0.008245691655567811,0.01421608268299207,0.0,0.2,0.1,38,11.644747112154498,0.6717931412314311
20,24,0.03626051036119086,0.7095164076077646,0.702649696068848,0.10746723086929434,0.017308786763047694,0.11041588530496835,0.0078451099284102,0.013410787818682579,0.0,0.2,0.1,39,11.456006652363849,0.7404976131927026
20,25,0.03616762528800889,0.7140294674605221,0.7115078809653725,0.12053931563645295,0.007266692239369459,0.1124122696430121,0.00809058037474188,0.01402722093809386,0.0,0.2,0.1,40,12.036295664895736,0.6688308976089244
20,26,0.035268905310430095,0.7055288762223624,0.6984193513445321,0.11501091036020622,0.019878587816133605,0.10839343087545121,0.00982996277021885,0.01673372450662176,0.0,0.2,0.1,42,13.832533684265996,1.1382479767340796
20,27,0.03446932291182442,0.7035536414534062,0.6963507652358395,0.1170663496760157,0.017593649376498727,0.1063266649200443,0.00942522774763256,0.015923629573121812,0.0,0.2,0.1,43,13.629791979470646,1.307260274162276
20,28,0.03253141339697181,0.7246759326034188,0.7392075819850911,0.16801244107134022,0.012342684101610681,0.10284133023620702,0.00738402786220535,0.00937966800103226,0.0,0.2,0.1,45,14.125726666263532,2.8543499215738324
20,29,0.032882225819773125,0.6971088005921259,0.6895303288182901,0.12416111054502789,0.04127536441035887,0.1125324552170127,0.01149053608531438,0.02030638069754937,0.0,0.2,0.1,46,13.96461190733475,0.5723845661266578
20,30,0.032856183327995406,0.7019745671227448,0.6987650815877967,0.13412832845080436,0.004644943970706563,0.1125324552170127,0.01149053608531439,0.020306380697549357,0.0,0.2,0.1,48,14.05539117760098,0.5753195945868972
20,31,0.03180860949697096,0.6918969491854691,0.6840096704119174,0.13409548405414873,0.02814932597099851,0.11795346213176026,0.013431208071029049,0.02429307262843926,0.0,0.2,0.1,50,14.369599545857312,0.4730944208933718
20,32,0.029015388671154985,0.7177756238015396,0.7360532924441652,0.1882495038158529,0.013943707794979882,0.10910209098606573,0.00821031764072836,0.01107924973048287,0.0,0.2,0.1,51,14.162880592038883,1.793015401557612
20,33,0.03037891897319778,0.692355087350271,0.6886183386956015,0.14605604600085306,0.016189801305105972,0.11686674172582023,0.01305855422664955,0.023398046905840762,0.0,0.2,0.1,53,14.283249330676682,0.4894925722450294
20,34,0.027705537907684936,0.7185583738159771,0.7410026806178025,0.20032729338297867,0.011354607253704177,0.10713820150887811,0.007734903333187331,0.010504530421363959,0.0,0.2,0.1,54,13.58042983598169,1.8832865863552184
20,35,0.027814530194982316,0.7104891027259059,0.7283307898546164,0.20064674842420066,0.03863370456075334,0.12223319727934265,0.0107771985867667,0.017770634614513968,0.0,0.2,0.1,55,17.29246828946978,1.46588238029742
20,36,0.026619312449002865,0.706603919256042,0.7242577546603433,0.21268687412698434,0.010797413778697059,0.11735016253320153,0.01073503442856273,0.015492319858842371,0.0,0.2,0.1,59,13.849349437168543,0.8613794388701713
20,37,0.02656110369766401,0.7113635105165637,0.7333815591465788,0.22285134799450823,0.004359688387218279,0.1175408716024537,0.0106908540684514,0.01544589152186831,0.0,0.2,0.1,61,13.797751626720576,0.8162762545879889
20,38,0.0307315614193847,0.6808981466635962,0.6723036131225503,0.1652204060712943,0.007929468552360203,0.12992857571968572,0.020568148371726082,0.03741918103252902,0.0,0.2,0.1,62,18.419171624209536,0.4837831226687104
20,39,0.02537413508655051,0.7016530289168724,0.7230926313544991,0.23187226111972645,0.04891461931868818,0.11210371793458813,0.013779107347740622,0.02452815037646839,0.0,0.2,0.1,64,13.020863276467455,1.2813528854588017
20,40,0.027008855632797472,0.7020274361874563,0.7233829132727152,0.29203944738070814,0.008838272662834639,0.10212739698669761,0.01759979853386815,0.03697234921354658,0.0,0.2,0.1,72,13.143532811019178,1.7696867284968518
20,43,0.022524855361287805,0.6844487344870566,0.7090218212084105,0.3187883394366481,0.026807390832262842,0.10245801914847276,0.01826909182053838,0.03484736650558678,0.0,0.2,0.1,80,11.387189567414376,2.028030307843908
20,49,0.019359104319537943,0.6717008016313679,0.7038374070426138,0.42550875263548743,0.009678861101185359,0.09972361895115726,0.02044526884578031,0.03383852340676708,0.0,0.2,0.1,102,13.189279860940104,0.932705022962696
20,50,0.019350785210429475,0.6716595665302753,0.7037942110647984,0.43261141015921345,0.007756950512900771,0.0997316755645746,0.020418728939769808,0.03385913368483959,0.0,0.2,0.1,103,13.213742862742327,0.9245605699290796
20,51,0.017167230313150737,0.6728733898913993,0.7133700928775336,0.42622898240327284,0.01800102350553858,0.10026904928424328,0.01727827137309755,0.027982663457378286,0.0,0.2,0.1,108,14.6524154394432,1.4549564325858864
20,52,0.01681015453066217,0.6711437387168867,0.7115601978245087,0.429265387472435,0.017955338761124803,0.09951062817237975,0.016484787659648482,0.027859299469963288,0.0,0.2,0.1,109,14.750246443680991,1.4210801833802782
20,53,0.01667037726840595,0.673573934361763,0.7182251997686129,0.44479809680243176,0.026739295670874588,0.10026904928424332,0.01727827137309754,0.02798266345737835,0.0,0.2,0.1,110,14.240219796608146,1.3754800691477045
20,54,0.017056087477413873,0.6739275946419553,0.7185769067914812,0.4415955105963755,0.0068207180608949244,0.10298460481956596,0.01693179271234272,0.03258984048862877,0.0,0.2,0.1,113,13.84904006799681,1.0439219221049312
20,55,0.016895671124934734,0.6724839863409964,0.7170586539722741,0.4484659042767417,0.01779136190390729,0.10231966483985844,0.01694867304081677,0.03262154288120027,0.0,0.2,0.1,114,14.26197296921163,1.0390918699747818
20,56,0.01595473150067692,0.6869334010515751,0.7487457768202539,0.574776241361791,0.007798207237644874,0.10321559852321183,0.01895907214021747,0.024735794828921128,0.0,0.2,0.1,138,15.259653947759071,2.5139591023737213
20,57,0.016043767048086875,0.6765280606330142,0.7377388130593339,0.5845059849072282,0.053585757707349115,0.10313082338930273,0.02543802481176996,0.02459012456203971,0.0,0.2,0.1,140,15.655880316715104,1.430310396264889
20,58,0.014848011469027018,0.6968628626410577,0.7797574184238041,0.8457609599773103,0.007233353765903536,0.10848067561777683,0.01841757082646682,0.029984335550993602,0.0,0.2,0.1,191,16.01611169894804,0.6064872870484846
21,0,0.8678842909487146,0.9869031284494578,0.9862288742549578,0.06126323521789517,0.0,0.0,0.0,0.0,0.0,0.2,0.1,1,8.616573502199536,66.47925740208714
21,1,0.5621820827328476,0.9482624772404639,0.9455974638104186,0.05635903403194431,0.15056482972371607,0.08026333899871055,8.513350093257e-05,0.00013765790648506002,0.0,0.2,0.1,3,6.257010185070181,44.07147586462433
21,2,0.16058750336748553,0.841795519918496,0.8377484725074767,0.03725757474231127,0.4355989308289289,0.10422182713406437,0.0010978057213681899,0.00194082438267984,0.0,0.2,0.1,5,2.5652502671742434,4.512894401754209
21,3,0.14518399092872233,0.832747685071265,0.828241170023218,0.04007716271488945,0.03504389281235947,0.10317876676496013,0.00077553231382725,0.0013582225508095998,0.0,0.2,0.1,7,2.451383985932752,2.983510754232916
21,4,0.14002618162904665,0.824552957546456,0.8155084730672701,0.039245383035246884,0.012692408229017052,0.10058620621486142,0.00066203773294143,0.00111902206573301,0.0,0.2,0.1,9,2.216975316644564,2.595408038830626
21,5,0.14002513372391423,0.8294993049964341,0.8248279614627939,0.04495219385716778,0.0002470197380634821,0.10058620621486133,0.00066203773294143,0.00111902206573302,0.0,0.2,0.1,11,2.2203364329636197,2.599403507748229
21,6,0.12914849122869607,0.8223934452744504,0.8173383824329037,0.049820522298680156,0.05862137880572288,0.10624535090135152,0.00130169334017106,0.0033186527528129297,0.0,0.2,0.1,12,2.7169728289827404,3.3151312335999066
21,7,0.12914849126649364,0.8273404720951772,0.8266585990658516,0.05611060535904267,0.0005923676435149834,0.10624535090135152,0.00130169334017106,0.00331865275281292,0.0,0.2,0.1,14,2.7169740164861595,3.3151305766990333
21,8,0.12028910027432847,0.8110259647696931,0.8012798083165606,0.06131635228830156,0.04843726900277573,0.11567303030195496,0.00087214742398085,0.00174046393174912,0.0,0.2,0.1,15,3.4736161508051064,2.490047764462032
21,9,0.12028909205149825,0.8110259647696931,0.8012798083165606,0.06131635228830156,0.00034865133678816724,0.11567303030195496,0.00087214742398085,0.00174046393174912,0.0,0.2,0.1,17,3.4736136431296547,2.490046434478844
21,10,0.10960243788644064,0.8027503352376223,0.7925685812929296,0.07077971518759517,0.033471034327554675,0.1176656058953948,0.001379751284422,0.0025838327838576198,0.0,0.2,0.1,19,3.0467265783460227,2.784179742481771
21,11,0.10960243699093229,0.8027503352376223,0.7925685812929296,0.07077971466698939,0.0005345116420535539,0.1176656058953948,0.001379751284422,0.0025838327838576198,0.0,0.2,0.1,21,3.046730093316273,2.7841816253569247
21,12,0.10523077449630645,0.8140278468577813,0.8167545195844688,0.09120713009189997,0.017027357424768123,0.08550437928491825,0.0031269747958018604,0.0044476831735876,0.0,0.2,0.1,23,3.182288650683048,1.805421748341005
21,13,0.10474803234514107,0.8036551763204777,0.79763432812534,0.06995196207165268,0.0007962865518654275,0.11622205991000073,0.0016017922687926,0.00294286532366292,0.0,0.2,0.1,24,2.9418584769002383,2.2900874476904645
21,14,0.09789749033726869,0.8026007514854634,0.800607342237027,0.09012686157969005,0.05361055886939648,0.08825923172498631,0.00381630612990434,0.00565587440901498,0.0,0.2,0.1,25,2.9494341660672365,2.0150599331363765
21,15,0.09742156707558226,0.8071118560678863,0.8094663513425057,0.100776961042189,0.003293322118196331,0.08792313554172317,0.00397423902828258,0.0058869753193866396,0.0,0.2,0.1,27,2.9905620132467683,2.0505066883330647
21,16,0.0972456756771069,0.8069601952515939,0.8092984065010864,0.11744600425354086,0.004012696231198913,0.09164598266957766,0.0036849036149040303,0.008115283100337569,0.0,0.2,0.1,28,2.915415342072068,2.4263834336872026
21,17,0.09652771928224088,0.7965459634889763,0.790054469504931,0.09586993742386174,0.01594087994074564,0.10290960473191721,0.00521103958001119,0.01605780603558964,0.0,0.2,0.1,29,3.893510708964977,4.078712191687663
21,18,0.09259638286592473,0.8074791172354061,0.8139461636610326,0.11927762844560602,0.02552427685327472,0.09364831186614181,0.00364107336314827,0.01138367930909058,0.0,0.2,0.1,30,2.927972036619582,1.006534438253008
21,19,0.0917675983817978,0.8165601934888168,0.8316898384085826,0.11677614470838489,0.015343375682800671,0.1029441542925195,0.0052741098442380405,0.01625215690435928,0.0,0.2,0.1,31,3.34444509824791,3.445331686823794
21,20,0.08958281090301855,0.8094347182364058,0.8200714030370644,0.12195868935571343,0.012026119599548891,0.09249152958205914,0.0075860509066297006,0.013111483749186071,0.0,0.2,0.1,33,3.08190432192272,3.06539118347895
21,21,0.08548171232217205,0.8001808801037485,0.8062516750092348,0.13276119965504946,0.031132138151601655,0.09577542372968101,0.00470398885889476,0.01324874897056913,0.0,0.2,0.1,34,2.671481430588024,0.9870158933021924
21,22,0.08546268602723592,0.8051075258020145,0.8155504346466442,0.14155871809541623,0.002344932830383337,0.09577542372968101,0.00470398885889476,0.01324874897056914,0.0,0.2,0.1,36,2.6892042314329507,1.0026169745334024
21,23,0.0865329246768542,0.8009210750400464,0.8068023559782279,0.14228356312583343,0.0351910560330838,0.155868480957091,0.01331423558981976,0.040245305743533924,0.0,0.2,0.1,37,2.961811388073406,2.0935480853525457
21,24,0.08597629493717888,0.7952577532509837,0.796498327777722,0.1455703105505259,0.05634346008894214,0.08423339990894288,0.02825259337426478,0.05517637048194771,0.0,0.2,0.1,38,4.038181830095784,2.355303097871091
21,25,0.07151437084242879,0.7754685022460739,0.7756843777507636,0.1500359708257488,0.048846317885121546,0.08627375528846883,0.02938125466021793,0.054075373521385674,0.0,0.2,0.1,42,4.564967467243787,2.787036846684243
21,26,0.06352812584141204,0.762984369294265,0.7625709254747277,0.15635838908696417,0.04274967441551607,0.08948088652630619,0.03540968757993794,0.03942296197011938,0.0,0.2,0.1,45,4.032616819874246,5.239207940375273
21,27,0.0682042937670908,0.7707434034317845,0.7744771007735753,0.17486998860889244,0.035316920747987035,0.0874903271504608,0.04136268311264539,0.09954420941856365,0.0,0.2,0.1,47,3.922093663809199,4.106558560912797
21,28,0.08497619802234664,0.7874322064017771,0.7911561899562359,0.18489308979494073,0.03583853211782961,0.07398051948069999,0.06583258157482728,0.21937845087814445,0.0,0.2,0.1,49,4.251474282749568,6.232553025188468
21,29,0.0659591346490612,0.7651800218741381,0.7685430464110279,0.1777487001661114,0.07445098667895064,0.0777296940417101,0.04488093904763959,0.10887887791362605,0.0,0.2,0.1,50,4.478045150870639,5.448563782928657
21,30,0.0659591346490612,0.7651800218741381,0.7685430464110279,0.1777487001661114,0.019864497007369114,0.0777296940417101,0.04488093904763959,0.10887887791362605,0.0,0.2,0.1,52,4.478045150870639,5.448563782928657
21,31,0.06091010783079315,0.7547194069016065,0.7575354009911612,0.18524367874471334,0.10324949007309568,0.07503544448777759,0.0442795514944065,0.11173814666748094,0.0,0.2,0.1,53,3.610473929145528,8.607928365416763
21,32,0.0567816132400335,0.7499879611252557,0.7566739012415366,0.202366473258186,0.04532916893858459,0.07294152418545619,0.04079758744573691,0.1196669105432965,0.0,0.2,0.1,56,41.864174442150805,6.215171213384656
21,33,0.05619939351143795,0.7484209970376535,0.7550213298355086,0.21172613355130357,0.026694171213486072,0.0752125384460296,0.04244607449728049,0.11732959306539445,0.0,0.2,0.1,58,41.83210567309531,5.833479614130578
21,34,0.05352701720358978,0.7405658277028628,0.7467319984712525,0.20407954518512192,0.08646352708377145,0.0702929176783789,0.039712818123683005,0.12858338434877323,0.0,0.2,0.1,59,36.76529540220653,6.081677401695066
21,35,0.05295554318268813,0.7388774558053617,0.7449532290069324,0.20375978534371675,0.0277046573262743,0.07263482857295074,0.041323516646832446,0.1260384924684791,0.0,0.2,0.1,61,36.685425865761786,5.764802808666797
21,36,0.052955544021726864,0.7388774761679255,0.7449532435023263,0.20375979124864912,0.020868755852657676,0.07263482880293937,0.04132351946883995,0.1260385017360059,0.0,0.2,0.1,63,36.68542596751508,5.764802550247592
21,37,0.04616477788051137,0.7207412140372326,0.7219436573414019,0.21449769786793835,0.09303842957321835,0.08034261940437624,0.03792392355169683,0.09810309481213,0.0,0.2,0.1,64,36.68124588445245,5.825404713179735
21,38,0.04777440289902479,0.7354312476197594,0.7496201681292439,0.22956171042849138,0.026531905233521627,0.06457731348778897,0.03596887543746182,0.1263384369605855,0.0,0.2,0.1,67,38.10353149680998,9.28585336765743
21,39,0.04704348965565381,0.7285489163014118,0.7382747235681637,0.2323834180410893,0.033238680870506604,0.06468300773979484,0.03821978618497474,0.11995698614581414,0.0,0.2,0.1,68,39.57259584936728,9.326905807278628
21,40,0.04619376651320962,0.7257593576320457,0.7353418886327312,0.23848942309511076,0.030468045801835777,0.06455161350154741,0.03776960173644383,0.12079426692461041,0.0,0.2,0.1,70,39.8230318207674,9.140260511165987
21,41,0.04569024233885018,0.729331630552347,0.7432235487503935,0.24133743413656267,0.02916406091122859,0.06271874076197657,0.03782875660586243,0.11931881963905622,0.0,0.2,0.1,71,39.56579098662495,9.59369493299717
21,42,0.04408541159845601,0.7233182760454123,0.7368931547569947,0.25381268744886754,0.06757062571259215,0.06247078636486338,0.03780271925316865,0.12082193021619644,0.0,0.2,0.1,72,39.44347552801072,9.529650437131377
21,43,0.04618757443504053,0.7246416267741386,0.7381613649803175,0.24914805212325578,0.02620398042556276,0.060801708189809886,0.04195172166020096,0.13646733511439196,0.0,0.2,0.1,74,39.02708977159422,9.06597387773938
21,44,0.039259476443623195,0.7043071324838005,0.7128694246347506,0.24902239408184773,0.10636385713982571,0.07483337316804702,0.04614492954837924,0.087706451057403,0.0,0.2,0.1,75,39.30956739253664,9.73745463277356
21,45,0.0387026987952494,0.7116087713333769,0.7287774044808635,0.3619737757675144,0.018855571651939445,0.06345944475405464,0.02847161388549658,0.12432112610914589,0.0,0.2,0.1,106,16.857964182526743,10.442513804562449
21,46,0.030228027294330426,0.6819628434903563,0.6937079489207151,0.3683269980322189,0.171177250654826,0.06283316369111222,0.02322457065081896,0.09186312902420975,0.0,0.2,0.1,107,14.160598140607902,7.909581964859697
21,47,0.02545526780424576,0.6669700428070623,0.6780797507673909,0.38994890087337153,0.027195856462841658,0.06469649579303104,0.02333800005593556,0.06513634100412606,0.0,0.2,0.1,113,16.344417315854212,12.055518049092807
21,48,0.025360344419557538,0.6706166970345031,0.6860257587261144,0.3989183814782655,0.016906249388391588,0.06409225001864768,0.02386070989469048,0.06542267304763073,0.0,0.2,0.1,115,16.9012117845179,12.769973351674755
21,49,0.025097889644604115,0.6740366978761687,0.6937417508323168,0.42490866922375325,0.014205120059137126,0.06578302838968017,0.02372366673431968,0.06541851357460923,0.0,0.2,0.1,119,16.82395957329755,12.134028168854885
21,50,0.025072978676556265,0.6738754228089922,0.6935721755463647,0.4248716028708757,0.011911052787339331,0.06578302838968017,0.02372366673431968,0.06541851357460923,0.0,0.2,0.1,121,16.818149670686637,12.184792924509376
21,51,0.0367151476389525,0.693543589414431,0.7218731101011785,0.5255509232724591,0.024260834576086587,0.07068162140979474,0.036054159848947546,0.1605582026235577,0.0,0.2,0.1,140,18.100661886917987,6.880387771675359
21,52,0.03657886613789076,0.6926327407379512,0.720915340584949,0.5253492693914887,0.030181364397209365,0.07043713207851396,0.03612988401715504,0.16041240354429678,0.0,0.2,0.1,141,18.12570959600381,6.883046010686575
21,53,0.036448507095467764,0.6976757453286034,0.7344204508758904,0.551244530528001,0.0664000841154125,0.07079133860688773,0.03572877007337913,0.16791414838709823,0.0,0.2,0.1,142,18.23972847328929,7.260294962351115
21,54,0.034336123742792976,0.6904119205312864,0.7268497061732375,0.5642204060592592,0.06880627808945565,0.07116559961641182,0.03648516199370786,0.15338205148147666,0.0,0.2,0.1,143,17.93005420585489,7.380855234750373
21,55,0.03689402516307787,0.6924429193513969,0.7288494896664417,0.587507253871547,0.025802985312264222,0.07170301123735971,0.03719309342674253,0.1783388058922376,0.0,0.2,0.1,153,17.895502207491525,7.24886802891092
21,56,0.03476983223323389,0.6894091113436335,0.725761876708509,0.5645023844100743,0.030322628891282816,0.07080268202906129,0.038575235711460834,0.1556893150702411,0.0,0.2,0.1,154,17.43247102349017,9.985826464099745
21,57,0.03555153036359969,0.6896508351778848,0.725971688288561,0.5760219616396778,0.029327297013640653,0.07097178595978715,0.03751865317600937,0.16641624021110474,0.0,0.2,0.1,155,18.21883573953749,7.455757966615421
21,58,0.03388352076744792,0.7055648786188494,0.7633319270417884,0.6501750728146493,0.031484782836198155,0.07280873887189536,0.03635552655724877,0.16204343282096237,0.0,0.2,0.1,163,18.07046041395607,7.286502959185685
21,59,0.03387706406081467,0.7055101150235533,0.7632743574794243,0.6501624339428319,0.023523907383637972,0.07280873874608529,0.03635520191579582,0.16204343396065443,0.0,0.2,0.1,171,18.06346555688245,7.323311636643458
21,60,0.03704630386242809,0.7113766205300562,0.773383118967696,0.7082910206459574,0.04570596341525711,0.0690703117643921,0.04113836179516615,0.18710188046794834,0.0,0.2,0.1,172,17.933734370704784,7.034287945964178
21,61,0.03429490944918244,0.7083764408264488,0.770368476652727,0.7055100593423472,0.02497650885081338,0.06909876398357127,0.0399540850291646,0.16227519301237744,0.0,0.2,0.1,175,17.938345355450128,7.931509968048951
21,62,0.03560985823895034,0.7141561071579093,0.7804933264463738,0.7206796899405402,0.029722474845753397,0.06939015191400096,0.04145611823366588,0.17303126105865155,0.0,0.2,0.1,176,17.85846469184626,6.894516027712588
21,63,0.032558021012501825,0.7004363311978222,0.7579823519369162,0.7008868977391535,0.024545227344456494,0.07014046607875453,0.03620988577657725,0.15398396177684484,0.0,0.2,0.1,180,17.99359814593468,7.637107726069675
21,64,0.03493085806557293,0.7174103886859527,0.7880620265391892,0.7465993466295305,0.025548515356342488,0.07080240679888951,0.04561876069407482,0.15919242357433497,0.0,0.2,0.1,183,17.870205682608614,6.873482398517022
21,65,0.03172075069077872,0.7089441866979943,0.7752047397523367,0.7556891982159586,0.02234715139225657,0.07092425682688269,0.03969733127098187,0.13932256948086597,0.0,0.2,0.1,189,17.88201119448731,7.481354155517872
21,66,0.03175797721913794,0.7089245621631814,0.7751818258035691,0.7557194366636814,0.022170429518242753,0.07093200280319735,0.0400902000162819,0.1389798556452511,0.0,0.2,0.1,191,17.882713095020755,7.48232873803579
21,67,0.03645886517639199,0.7273333998026165,0.8066446208114015,0.8291638986375328,0.03161411044852619,0.07130446683356984,0.047368592325105194,0.1728297860615524,0.0,0.2,0.1,193,17.79268472333147,7.060061954142808
22,0,0.6147794641926349,0.9562007791174717,0.9539460052002914,0.05448914551080913,0.0,0.0,0.0,0.0,0.0,0.2,0.1,1,30.35630792276748,66.90627723068314
22,1,0.3844060896468591,0.9144053581530225,0.9099978338110146,0.048879337694400386,0.1628046685615876,0.06221968620474443,6.992898632203999e-05,8.844503255730001e-05,0.0,0.2,0.1,3,21.396750614083512,43.7874814633996
22,2,0.22422458986824384,0.8664447526622151,0.8595647498861406,0.04075211322348765,0.18705816834983374,0.06968113812347888,0.00027971594528817,0.00035378013022920003,0.0,0.2,0.1,5,13.835445974018167,23.396220547306108
22,3,0.10583692592782197,0.8045164391912553,0.7985617242359159,0.03376586982675417,0.2608984148183689,0.08901526389204209,0.00047425688204863004,0.00096517365986007,0.0,0.2,0.1,7,7.305470188697334,5.074388367229619
22,4,0.0933841809608898,0.7884010293361686,0.7774979178458309,0.031230383490837337,0.043692616621860546,0.08523905170752326,0.00053462797543904,0.0009065213005496999,0.0,0.2,0.1,9,6.196518104695349,2.5810202300901195
22,5,0.09338245070641873,0.7933463954728431,0.7868163398936976,0.047122189381248604,0.0002039705425055411,0.08523905170752326,0.00053462797543905,0.0009065213005496999,0.0,0.2,0.1,11,6.189480555424933,2.57098391875374
22,6,0.09060629086339118,0.7857090515675996,0.7746695422315325,0.03983101922603082,0.010471832298058191,0.08478972917307588,0.00045271822010053004,0.00063828504671027,0.0,0.2,0.1,13,7.652975627231261,6.59199360398034
22,7,0.0915487522827653,0.7912576088588514,0.7841025648240333,0.05857621644168274,0.08419540649616494,0.08231833521657735,0.02519107818226684,0.052104967114726695,0.0,0.2,0.1,14,5.10845732049042,1.580702935438413
22,8,0.05751558009973111,0.7488398536789722,0.7399095556617864,0.048032743556313026,0.13652159667985314,0.06289226746789912,0.00872737387558606,0.00570964353258286,0.0,0.2,0.1,16,8.068223569871344,7.967961914816684
22,9,0.056373007233269004,0.7471110036950915,0.7381023794964944,0.04975979531590935,0.013954743026741327,0.06575474963894894,0.0077594717709786,0.005572021962330189,0.0,0.2,0.1,17,9.262602873068856,11.836291634186788
22,10,0.05495316764430439,0.7497234669999908,0.7449698014182771,0.058627987908973694,0.011009410801564107,0.06399397619633164,0.00752096980428998,0.00566631075745246,0.0,0.2,0.1,19,9.315496543847011,12.71439836500011
22,11,0.05156884488585898,0.7434628728290972,0.7383628569467577,0.06973903294147657,0.02001128751636724,0.05794493506009537,0.009686569032000231,0.00600706712236408,0.0,0.2,0.1,22,7.41817906303929,7.85388341702871
22,12,0.051265171775110446,0.7425656838226834,0.7373766338665543,0.06461089656540162,0.019618623596582924,0.05679232572927499,0.01011570768547029,0.01347179187211873,0.0,0.2,0.1,23,12.397642200797945,15.85759055380519
22,13,0.04578893846947165,0.730683800445918,0.7248503991754092,0.06695401449455213,0.051315499354434066,0.06466351015521639,0.0114834506648077,0.01708492759963877,0.0,0.2,0.1,25,13.331534726859829,14.581407364965033
22,14,0.04228691919388649,0.7230258609577928,0.7168033669603818,0.06973329642546273,0.06277737366810528,0.05691068069038831,0.01124295623028558,0.01656840452082932,0.0,0.2,0.1,26,13.82623406574186,16.24153565946258
22,15,0.04264332291120831,0.7213975715002383,0.7149976791903357,0.09177044571829088,0.011105902166512562,0.05696189156092988,0.02086709126285103,0.01549983082053391,0.0,0.2,0.1,31,9.323813733374804,12.340905286377636
22,16,0.04038833207563857,0.7085756427087426,0.6973186191380379,0.08992691436396802,0.08214961087605752,0.11417920049976327,0.028208296787691878,0.01608123398049124,0.0,0.2,0.1,32,2.747656422775175,4.808091730192121
22,17,0.04037699620812799,0.7085530487957407,0.6972952479857857,0.09242933813637155,0.00732018360824036,0.11416541013035936,0.028185096938071502,0.016051533542619758,0.0,0.2,0.1,33,2.784835584226969,4.928688230744146
22,18,0.03899515266717744,0.7049031559052529,0.693456531037284,0.10315195082579057,0.017233595580875293,0.11463542113155933,0.020476454084479758,0.03164873963882822,0.0,0.2,0.1,36,2.9968072334250846,4.243703668486769
22,19,0.03587500465437845,0.6940510230314814,0.6820058301340923,0.09992369336437701,0.09881226536626006,0.11368725993008016,0.031516549769438226,0.01732152317051865,0.0,0.2,0.1,37,2.440320892334559,3.795707150442216
22,20,0.03393888045747009,0.6919631154442331,0.6839250646363626,0.10503403440998184,0.060080555665002776,0.1137942024310816,0.03171454258584585,0.01767422944995667,0.0,0.2,0.1,38,1.8993514072462443,3.118127668636547
22,21,0.03229312308836501,0.6799661977594962,0.6671566812475525,0.10748430253784585,0.03067112288987662,0.11306978698431265,0.03483376898413902,0.01830889286948271,0.0,0.2,0.1,41,2.4355062990609366,3.730311252449973
22,22,0.030537183509483277,0.6785596079193528,0.6698173269931583,0.11275723570628124,0.04924833619732295,0.12127911431029766,0.032393197480511546,0.01908125936792838,0.0,0.2,0.1,42,1.7550217801338683,0.9619192181136196
22,23,0.031250914941828904,0.6784440934994111,0.6696451031991345,0.11350108534765518,0.017949827346350103,0.12249976014340988,0.035290733093718,0.02314760677449485,0.0,0.2,0.1,43,1.7249969635237368,1.0800133472616946
22,24,0.023888529516117564,0.6522306221671201,0.642194811292485,0.11124773585765509,0.19423231645365385,0.12415055377262352,0.01898613391966274,0.03387929250687475,0.0,0.2,0.1,44,1.5822653757302216,0.7891542670733191
22,25,0.026183917656616883,0.6508210069597087,0.6405494590478732,0.1558107001515576,0.013458431221202997,0.10195884389904737,0.03060794797564582,0.0423291951399527,0.0,0.2,0.1,56,2.3053457594312263,8.093815214460903
22,26,0.026334350409340037,0.6467309816750121,0.6361933102889886,0.1639110483388589,0.021917358096679062,0.10165355961960473,0.03435821993502193,0.04562634213788744,0.0,0.2,0.1,60,2.011049373612272,6.441023861873087
22,27,0.024220202975091525,0.6428197945799019,0.6362458931825553,0.16948092311384017,0.03984392297243512,0.09879646449054474,0.02738520066615106,0.05051757007370965,0.0,0.2,0.1,62,2.584082508912438,11.15538597875739
22,28,0.02134348331942368,0.6371980249103021,0.6304576235899263,0.17198752852264215,0.03335616472720212,0.11256485749290349,0.028160465832304332,0.02509173110756263,0.0,0.2,0.1,63,2.248915169396935,4.983652967276989
22,29,0.02134348331942368,0.6371980249103021,0.6304576235899263,0.185989452649087,0.008141499185187823,0.11256485749290349,0.028160465832304332,0.02509173110756263,0.0,0.2,0.1,67,2.248915169396935,4.983652967276989
22,30,0.023284947176680233,0.6253677617299543,0.6137255129636343,0.18203382944575325,0.03830811519026462,0.09859535170080964,0.04481921933018919,0.02564007202679568,0.0,0.2,0.1,70,1.4077246251469635,5.155933641889652
22,31,0.022281265358639415,0.6309730744165044,0.6278833122864986,0.1885519357029781,0.039905012461303124,0.10501554330178957,0.03825434257918406,0.03353559615576255,0.0,0.2,0.1,71,2.0815360406244645,6.796486432950701
22,32,0.023878749092841472,0.6215309675076431,0.6096270143112393,0.19524947719805777,0.015449970845508377,0.10629734544907517,0.04889159749390985,0.0299635543165842,0.0,0.2,0.1,75,1.0690462751644292,2.6386270640396106
22,33,0.023645379716005423,0.6206558510811419,0.6087134937693276,0.2028275005423007,0.014826713600406346,0.098317549305113,0.04944201141479286,0.02757256274326226,0.0,0.2,0.1,78,1.1693453567741046,4.13661441686169
22,34,0.021547400852837774,0.6154103324418472,0.6073699722023834,0.21293800066579313,0.04664181554569446,0.09787372689768839,0.04527729451003285,0.02550108614574781,0.0,0.2,0.1,80,1.5025325363677304,5.78432181065376
22,35,0.10404122721460707,0.7345190366272945,0.7612927286350012,0.5902650570261719,0.09486987914735004,0.12422325139409288,0.02595966880399137,0.8927240748237507,0.0,0.2,0.1,144,3.635295168098085,6.972988334706311
22,36,0.10346023028434063,0.7325241282084548,0.7592163660933295,0.5928755520929824,0.10634934581504732,0.12873592247958865,0.026195689837138242,0.8881278522324013,0.0,0.2,0.1,145,3.116681794539101,7.931155132905064
22,37,0.11464077556927794,0.7485425760813768,0.7796016935800376,0.6127370033556437,0.10548278844521726,0.5380838442789757,0.026226409282745312,1.0,0.0,0.2,0.1,149,3.135682822330016,8.244653588445397
22,38,0.11450316971656938,0.7476865206321179,0.7787043096943395,0.6191536302612622,0.11144027966806513,0.5368360478018698,0.02596008087666315,1.0,0.0,0.2,0.1,150,3.1881964102009204,4.661116108201965
22,39,0.11443277049794769,0.7470476930719594,0.7780328010477009,0.6351989984824167,0.11012596783140649,0.5368781949680207,0.02593884036490194,1.0,0.0,0.2,0.1,151,3.1784550434954624,4.715846764367543
23,0,0.7573852327615975,0.9747762850995954,0.9734777490566139,0.05858749729384325,0.0,0.0,0.0,0.0,0.0,0.2,0.1,1,17.921323748703006,64.2219463341832
23,1,0.4957458866362295,0.9370589257468992,0.933817408856301,0.0538814227170324,0.14694535559151445,0.0751506748765948,7.401167200005e-05,0.00010884141820262,0.0,0.2,0.1,3,11.526419860300264,42.28413436794045
23,2,0.46869640001378826,0.9344770663978693,0.9310788698171367,0.05628927535099414,0.040071775485210195,0.07242564246381003,0.00121953384560783,0.00244520368349999,0.0,0.2,0.1,4,10.2305073885184,41.08204030916486
23,3,0.19252036446223056,0.8579910823877113,0.8547878246230541,0.040717369942251246,0.6170948827787233,0.06962330387776323,0.0006454633147971801,0.00089124049105867,0.0,0.2,0.1,5,4.218711426236396,9.329315207874052
23,4,0.175677161211099,0.8499424597404494,0.8463229155822899,0.03898463204009035,0.06394996153041077,0.07002963087188568,0.0007577603529945801,0.00104629758752424,0.0,0.2,0.1,6,3.889976295101182,7.348059073371478
23,5,0.1492358415792925,0.8359920221050395,0.8316549368019305,0.04085430092164375,0.11344652892806847,0.07525822798676832,0.00071947498679724,0.0010000819092613,0.0,0.2,0.1,7,3.22364568316214,2.973175012937722
23,6,0.13593530266656595,0.822087392380677,0.8128931447286871,0.039502338973918374,0.06778166476867561,0.07779972777949205,0.0016923464130118402,0.0034926536505771504,0.0,0.2,0.1,8,6.9854446687915726,65.75199056148006
23,7,0.13099962776184426,0.8285028276855116,0.8278986881672131,0.05447973653374198,0.02365881665105165,0.07525822798676832,0.00071947498679724,0.0010000819092612898,0.0,0.2,0.1,9,2.994857640862744,1.9401390205938889
23,8,0.11339228332632836,0.8058602332113823,0.7958266629171715,0.03949257254786299,0.1042256348882384,0.08076947743098303,0.00191438142901202,0.0038191779051849903,0.0,0.2,0.1,10,9.149977912277514,88.64312791338261
23,9,0.10771812773764607,0.8061537408122681,0.8002631733043375,0.0543194652965821,0.01791036444005715,0.08081139127183139,0.0014675167228642,0.00289163322907915,0.0,0.2,0.1,12,6.677815517657205,53.61916407546416
23,10,0.10235813182966647,0.8016469442256358,0.7955173105944146,0.05825536903808639,0.01897584887455177,0.08045114093799569,0.0016912461476961,0.00381308632743363,0.0,0.2,0.1,14,7.0559195710605485,58.52625848991922
23,11,0.09835797375337998,0.7980334679587523,0.79171307309961,0.06230142292599202,0.010307539435871439,0.0803798232909479,0.00209241276281643,0.003930380775012151,0.0,0.2,0.1,17,6.756101884459789,69.36678794087507
23,12,0.08809351054347954,0.7881182042122108,0.7812449843320473,0.07726960903398362,0.08528357896872332,0.08461757381665957,0.00539974941073112,0.00555271397292089,0.0,0.2,0.1,18,8.472506907897555,75.10828485239615
23,13,0.074224573813079,0.7725731824143032,0.7649063155285223,0.08729492486893276,0.061497943979041056,0.0868134404830944,0.00503374373232182,0.00500316778176254,0.0,0.2,0.1,20,7.733560398554939,51.08652869329023
23,14,0.07185246666932016,0.7745550297374896,0.7711061097547225,0.08624305905006564,0.013299649549993397,0.08353579364643593,0.00518179558614856,0.00520951720777185,0.0,0.2,0.1,22,8.217906253596011,54.367694403379474
23,15,0.07004368614927593,0.7769257551650826,0.7776732384498585,0.09421669961776757,0.01581429478398928,0.08426354169397814,0.008402674797279571,0.00733768921000789,0.0,0.2,0.1,24,9.19804678204822,59.19398515456133
23,16,0.06821244666157596,0.7648568962525454,0.7567825228902735,0.08848350614824982,0.013325065897065225,0.08635794395994122,0.0056430329526791,0.00578446064478772,0.0,0.2,0.1,25,8.895458834608043,77.83837015903954
23,17,0.0657915879658725,0.7564760073065218,0.7438389123861268,0.09603657722969976,0.03034921430260344,0.08662605115946376,0.00675538701636022,0.00604151613100556,0.0,0.2,0.1,26,8.74174244355822,80.40911446764821
23,18,0.06574415827868382,0.7613567577364313,0.7530894158907825,0.10433119508017001,0.0022127857991381906,0.08662605115946376,0.00675538701636022,0.0060415161310055495,0.0,0.2,0.1,28,8.716193590370604,80.32031765871376
23,19,0.0651104796204255,0.7704298781809502,0.7708751705483521,0.10380933025948418,0.006883904300611346,0.08685209010490973,0.00602942891794054,0.00582776166711818,0.0,0.2,0.1,29,9.011283539990751,80.95996123697265
23,20,0.06269357988625883,0.7619589624884717,0.7578430768905303,0.11465926388630289,0.016136954725766543,0.08742651686044796,0.00681613232308845,0.00553824887510517,0.0,0.2,0.1,31,7.491115316834574,67.70144479219177
23,21,0.0578357715351553,0.7644704656615455,0.7687230968736742,0.13300885033610724,0.030475715614197804,0.08744749959879955,0.006530610932842,0.0056720572432984,0.0,0.2,0.1,33,6.781150793770808,55.231678233933295
23,22,0.057475976047813654,0.7539953990586794,0.7494718024511589,0.09488647107466651,0.006343725855452989,0.08744749959879952,0.006530610932842,0.0056720572432984,0.0,0.2,0.1,34,6.823955820389042,55.40022043260554
23,23,0.05582699704780718,0.7661070052536699,0.7745586989873731,0.1411320999091613,0.023728744719345787,0.08946869477930812,0.0066485224259050305,0.00614836198617018,0.0,0.2,0.1,35,7.285206368023661,58.50102134551861
23,24,0.057306815355557705,0.7576880535454201,0.7573913134158575,0.14841755097059678,0.0035401966945243224,0.07508567767580325,0.0136081405754504,0.0073955047463069,0.0,0.2,0.1,41,5.839488655300891,7.748615862781515
23,25,0.056491264810164366,0.7612435918191386,0.7652473526525178,0.15764119197060605,0.008900525493398056,0.07517355029890116,0.013698124824373001,0.00741420065434459,0.0,0.2,0.1,43,5.880012953994456,7.918179646955908
23,26,0.05356121742057423,0.7511772571967839,0.7505395186583431,0.1692009179797782,0.04428404146931751,0.07587178164160605,0.0125241677075972,0.0106962108485764,0.0,0.2,0.1,44,6.811188709718211,6.395315080378859
23,27,0.05210284923810125,0.7486691128176124,0.7479107681894903,0.16851302688915398,0.02157157536553499,0.07695055813864445,0.0118667675869948,0.010354836855394869,0.0,0.2,0.1,45,6.58322930999907,6.073078317169353
23,28,0.051271490232792524,0.7519973124128723,0.75552346375846,0.17793351511780123,0.016951354749269083,0.07652429677569644,0.01251274494177743,0.01009930036796089,0.0,0.2,0.1,46,6.9656974250325465,5.971276950734476
23,29,0.05218080910824661,0.7461536405687823,0.7451093751405636,0.13401412855585532,0.036608766860204804,0.08530139455441296,0.0143202867492089,0.035834088031824265,0.0,0.2,0.1,47,3.3070296085784388,5.266944299368894
23,30,0.07755389397067151,0.763893700904658,0.7700031383479566,0.22186239987787915,0.10644726038475351,0.08476425070045265,0.09253760418834563,0.26723042806847286,0.0,0.2,0.1,51,4.598349188499712,10.916420465201377
23,31,0.07735803951903907,0.7583336894897946,0.7600363655328963,0.23422759772556903,0.047678992004177564,0.08266264044506172,0.09256626716176404,0.26757351878801455,0.0,0.2,0.1,53,4.184543557273297,9.772747182992822
23,32,0.07517012810926502,0.7570347261182898,0.7627900662785717,0.24286758598899405,0.06691603099262597,0.08567111854022846,0.09254736114597166,0.26740613359633203,0.0,0.2,0.1,55,3.903489455393458,11.07219748455563
23,33,0.07395209383893223,0.7681076850611096,0.77487722638503,0.23171337377739495,0.04793725973205068,0.104190632530491,0.09276424924849644,0.18069292183199767,0.0,0.2,0.1,57,4.197439400535821,13.929547367606594
23,34,0.07278576908002313,0.7496776993850995,0.7550551835139045,0.24122642022684565,0.0865857322139876,0.0847780401337888,0.09260497330412214,0.2671204237795347,0.0,0.2,0.1,58,4.490616231129464,10.979877918488304
23,35,0.062476639802700365,0.7592452649970428,0.7741427610727871,0.22947324531000324,0.036063405112740796,0.10004995438129895,0.07520504811828209,0.148363675830904,0.0,0.2,0.1,69,3.575616235049384,15.477332819122992
23,36,0.058988340550921226,0.7436906458161834,0.7576602454593655,0.2966259673573193,0.07348768754096438,0.09860941398089476,0.07850507795605326,0.16646524067933785,0.0,0.2,0.1,70,3.5066765955446018,14.318218602438469
23,37,0.058988348398681,0.7486376726369102,0.7669804334829862,0.30769521595278976,0.032347622882050536,0.09860941398089479,0.0785050779560533,0.1664652406793378,0.0,0.2,0.1,72,3.5066772265633688,14.318224534667332
23,38,0.05803803173764972,0.7452634206254405,0.7634295036680072,0.31364618310707093,0.048380992343775756,0.09511221740156989,0.07873736596956221,0.1665769353361944,0.0,0.2,0.1,74,3.655870982453493,14.202737225636133
23,39,0.05910056075314236,0.7437550799404352,0.7657484103094799,0.3368464713459259,0.0460246481640873,0.08386962909467359,0.08087336340057658,0.20379877471912922,0.0,0.2,0.1,75,3.4294440220865483,11.755248338849643
23,40,0.05707834020389549,0.7347440412675629,0.7562707797988781,0.3382384250069104,0.05398711673765364,0.0879461990409863,0.0809861628473494,0.20409896167907204,0.0,0.2,0.1,78,3.2859258309746595,10.72186170813914
23,41,0.05646768498507701,0.7548329742610845,0.7818358694416232,0.3616667995740207,0.03728271317202081,0.10571076012260354,0.07746109959558603,0.14830612733173684,0.0,0.2,0.1,82,3.7612275576445007,12.183287795306171
23,42,0.05467999684377122,0.7434882134480124,0.7657864906290012,0.35887193341969953,0.078609159264485,0.10129818428820236,0.0781255011433678,0.14738847930496451,0.0,0.2,0.1,85,3.438022214878532,12.437264567576037
23,43,0.0515268056989566,0.7235179002153564,0.7609153155341021,0.42034700550265525,0.04399900856278188,0.08891554802809891,0.08312171825002283,0.2047580832158194,0.0,0.2,0.1,96,3.113936940976826,11.060802526289518
23,44,0.051672343055388655,0.7228695503420465,0.7602182480177018,0.436149476221147,0.03783290993958778,0.08537682263382257,0.08375351054594957,0.20647557799068506,0.0,0.2,0.1,97,2.9016463505700565,11.259923806570926
23,45,0.05053035330768922,0.7179017726246315,0.7550131219413082,0.37325412454855694,0.050344262159154406,0.08559598992117072,0.08162514460224349,0.2071605947064928,0.0,0.2,0.1,102,3.88651748226906,8.793435259231225
23,46,0.05053035315580193,0.7179017726246315,0.7550131219413082,0.37325412454855694,0.037041526252801285,0.08559598992117079,0.08162514460224349,0.2071605947064928,0.0,0.2,0.1,104,3.8865174866045233,8.793435287240836
23,47,0.04933193627074646,0.7190904449779333,0.7644999618977918,0.3933167615249718,0.12001522397603015,0.08559598992117061,0.08162514460224392,0.2071605947064928,0.0,0.2,0.1,105,4.005442353208492,9.363480723563152
23,48,0.048611691701617166,0.720502115254425,0.7701171505785948,0.41666692896856145,0.0420739785836737,0.0911082405006743,0.08350758753209311,0.2006080633143313,0.0,0.2,0.1,108,3.039880589195894,10.875292138510286
23,49,0.04687646992332459,0.69897189051574,0.743343935628705,0.41769943664749437,0.09034870792847026,0.0892966238025735,0.08289915880800962,0.2049599009904381,0.0,0.2,0.1,110,3.3607357522682597,10.039670019928153
23,50,0.04687646953316672,0.7088659441571936,0.761984316877642,0.4395278321437984,0.037076091075429043,0.0892966238025734,0.08289915880800974,0.2049599009904381,0.0,0.2,0.1,112,3.3607358663801663,10.03967075497747
23,51,0.04718493956544632,0.7039174109363824,0.752644611650074,0.4387219932525934,0.05953845965435377,0.08517426402585698,0.08377641630373514,0.20668445785855308,0.0,0.2,0.1,113,3.10029403253902,10.40737474498209
23,52,0.04673350152037304,0.7046758548458889,0.7575608217615298,0.4497840827863643,0.041616161512282784,0.08593182790506064,0.08347035470554953,0.2072548004247332,0.0,0.2,0.1,115,3.17100908175071,10.426606485403449
23,53,0.04641143833409994,0.7168796064787096,0.7827511513521166,0.5638327725169893,0.03823288970840884,0.08870698649786905,0.08302704506156365,0.20758337065611937,0.0,0.2,0.1,145,2.7670319177504985,11.850737184118405
23,54,0.04616286537860938,0.7152475127987585,0.781039865233393,0.567148463702359,0.04852063090696007,0.08879201910044368,0.08260526794370224,0.2074917540522796,0.0,0.2,0.1,146,2.7018190866295524,11.851958578719586
23,55,0.04609557046196834,0.7425869429184135,0.8344883222436075,0.7749830666228046,0.038078950805085526,0.09137090039118351,0.08564641925459338,0.20322293690960708,0.0,0.2,0.1,192,2.547990893182567,11.626331255889262
23,56,0.04611823814597896,0.7473731607606041,0.8436372587075046,0.8141051313192204,0.03810397767678768,0.09137143813551867,0.08585855774256632,0.2032224548291917,0.0,0.2,0.1,195,2.545134778840445,11.627430575528264
24,0,0.8962725534907794,0.9897691294384706,0.9892424767677306,0.06189571591292335,0.0,0.0,0.0,0.0,0.0,0.2,0.1,1,6.160310664729566,66.28591209960818
24,1,0.5827991484055195,0.9514720177840228,0.9489720667574414,0.05706840942774092,0.14924077518492146,0.08064019452829399,8.454782119215e-05,0.00016642565032995,0.0,0.2,0.1,3,4.120575657427832,42.57662803284672
24,2,0.43464900618549684,0.9259474191097811,0.9220951552841538,0.054477152673856374,0.20531400770265032,0.0969404773062698,0.0011631359990622399,0.00546423079891123,0.0,0.2,0.1,4,4.25111341134431,9.772496391866364
24,3,0.16083410366465242,0.8419356687163444,0.8378954927167468,0.03729425515742996,0.6901843317971902,0.09464378137277737,0.00105910158960678,0.00208475710350008,0.0,0.2,0.1,5,3.1865318087044123,7.258913091910385
24,4,0.1340697331807625,0.8256917137107026,0.8208137140259683,0.03863966506470361,0.06380103959699988,0.09635483167958553,0.00113985169757817,0.0022311213913982697,0.0,0.2,0.1,7,3.693252489629828,2.9103613687899696
24,5,0.13185136362813227,0.8291306916105292,0.8285509420903979,0.045002894073264736,0.006061254832443448,0.09610263245677718,0.00100632816925485,0.00196829096333726,0.0,0.2,0.1,9,3.383620426264528,2.9875277748070665
24,6,0.12681231191173414,0.8256539882468433,0.8248947102074293,0.05260107216215374,0.009461992445479912,0.09767770579869656,0.0008724861087689099,0.00234821311369582,0.0,0.2,0.1,12,3.4721477724470016,2.4619413998141235
24,7,0.12228594255501744,0.8224136867822905,0.8214861844007947,0.05831277269195209,0.01315237530435335,0.10170294800537323,0.00110812845148652,0.0021452305157175803,0.0,0.2,0.1,14,4.703139735725337,3.972970984641484
24,8,0.12228595009201687,0.8273607136030173,0.8308063750252633,0.0650055875900152,0.0004361753126079738,0.10170294800537323,0.00110812845148652,0.0021452305157175803,0.0,0.2,0.1,16,4.703138097513367,3.972967381752538
24,9,0.1187450248472907,0.8248152834181798,0.828113221406286,0.07041781480840724,0.023105506126312233,0.09697500585988182,0.00164055975500987,0.00432230905701958,0.0,0.2,0.1,17,3.5120960680214326,2.767418864650117
24,10,0.11226374024470114,0.8197986809373616,0.822835362806357,0.07216046700667308,0.040349886586821385,0.09734711529392383,0.0018456468431504998,0.00449774699750511,0.0,0.2,0.1,18,2.6450026845975785,0.9375094112115356
24,11,0.11050834951030782,0.8233286297536181,0.8306655678980028,0.07905892465069599,0.006317121929442325,0.09730264581281957,0.00184136092424311,0.00449475747802245,0.0,0.2,0.1,20,2.9760239059834834,1.443792412537138
24,12,0.11037216123985577,0.8232165752447475,0.830548120616398,0.08190996088918069,0.0016243723023538286,0.09720977718923914,0.00183856705836355,0.00442603107406591,0.0,0.2,0.1,21,2.955934673387969,1.4510403736098785
24,13,0.10073682573279673,0.8102769559991844,0.8127184266214806,0.08564414014233795,0.0810352944384278,0.08833455670899612,0.00520451038093297,0.01818261369157895,0.0,0.2,0.1,22,3.7686996563052566,3.361254007508573
24,14,0.08616803453801643,0.8056970723915028,0.8160592496827829,0.12274208624382182,0.025234659944052964,0.09412580014476335,0.00762144390251881,0.02899578665149729,0.0,0.2,0.1,28,4.203051039770678,4.66010545991446
24,15,0.08587604737938156,0.8004375198859143,0.8064065996097444,0.12865779080227582,0.007607392606183255,0.09153385920398432,0.00798465656368544,0.02900859175604702,0.0,0.2,0.1,29,3.5476981368789517,3.204255363782398
24,16,0.1070641942463574,0.8312512542351521,0.8458333625185388,0.14510717019400343,0.03204306747768987,0.09681742899179778,0.04958216148392414,0.1809017743685064,0.0,0.2,0.1,34,2.5579155342141053,3.1176752023823995
24,17,0.10669021355112773,0.8308312462121159,0.8453922372224767,0.15344776904930627,0.029542812993592606,0.09814309774367533,0.04887257415462572,0.18222502297525184,0.0,0.2,0.1,36,4.283127124214369,1.3038090102089577
24,18,0.18157607092780378,0.8997189243303567,0.9129528148849979,0.24551491039005496,0.32344739446172094,0.0987013172403081,0.21890324314263027,0.7888337356254509,0.0,0.2,0.1,37,3.299380270750596,6.811264489978069
24,19,0.16666941263321242,0.8886630572500608,0.9061087567484676,0.2437338990142356,0.134184931838478,0.10349560403188351,0.17583380371233842,0.7462883321078647,0.0,0.2,0.1,38,2.542675535241633,13.21450889952698
24,20,0.18766453155376417,0.9066547477368782,0.9237022272190235,0.264595477289612,0.19562640018426267,0.10350185923301806,0.21487173709597104,0.9254847882244617,0.0,0.2,0.1,39,3.1774283274327404,14.90806889547512
24,21,0.18766453369422584,0.9116017762766792,0.9330224455710457,0.2829711880914419,0.1355228693526606,0.10350185765527012,0.21487173122516082,0.9254848171568255,0.0,0.2,0.1,42,3.1774283221486264,14.90807049470328
24,22,0.18763037248888156,0.9115338157733347,0.9329502524637596,0.2829672516222824,0.13617596300485588,0.10346956598471138,0.21488650377526172,0.9255911006357109,0.0,0.2,0.1,43,3.207067046107382,14.98910123064085
24,23,0.08334788250858197,0.8013505739200437,0.8220989794095699,0.1893434184831309,0.07208656038342376,0.09482602182849313,0.05530623030387414,0.27268772289496923,0.0,0.2,0.1,46,14.470351896640556,2.532139729493097
24,24,0.08353903501808015,0.806071130739758,0.8311505580125716,0.1988552392713577,0.04201206350529495,0.09512207468564338,0.056303709539484006,0.2766146706495077,0.0,0.2,0.1,48,15.87028291729272,2.675668145366136
24,25,0.08291086741689069,0.8054139007770955,0.830490329525257,0.2074473753334312,0.03860814516530588,0.09445728791219866,0.0550388483516369,0.27315408767329313,0.0,0.2,0.1,50,14.741291981833848,3.8922195880642394
24,26,0.0528837850117164,0.782740713089185,0.8163085109381664,0.24521940039396292,0.012768055356196923,0.09403761369059045,0.01999053625015281,0.06710367130617108,0.0,0.2,0.1,68,3.420147087571884,3.033697965430119
24,27,0.05288378752500183,0.7876877444005085,0.8256287320617111,0.25552424391601103,0.012074417496351042,0.09403763357308921,0.019990540891310728,0.06710370692982162,0.0,0.2,0.1,70,3.42015096400885,3.0336932963213856
24,28,0.04917536494057821,0.7965104510011674,0.847349247671363,0.34726635819635226,0.010785119563447668,0.07345503653750265,0.02293785314310463,0.04408121986601497,0.0,0.2,0.1,88,3.448664609929296,3.6344424517170575
24,29,0.04845243554213706,0.8001610730465928,0.8553199101337305,0.3544305435205443,0.0166841872741774,0.07247442222867981,0.022792751083785277,0.041725319477459735,0.0,0.2,0.1,89,2.810547521847405,3.440848723958569
24,30,0.04845243558645196,0.8001610731019245,0.8553199101890623,0.35798769922783513,0.008731180023539556,0.07247442209486632,0.02279275115301357,0.04172531989232199,0.0,0.2,0.1,90,2.8105475391625645,3.4408487251669437
24,31,0.048354086655140766,0.7999395325257641,0.855086908548321,0.36149628364235026,0.010460438047870845,0.07241445439635995,0.02279853808527878,0.04172007132851973,0.0,0.2,0.1,91,2.771207805840611,3.490438177962024
24,32,0.048145338850027364,0.8044272852867634,0.8639246341193193,0.36906909843234553,0.012243750211231738,0.07296545174492686,0.02280382605352651,0.04162853142247811,0.0,0.2,0.1,92,3.043582796433077,3.512920273560302
24,33,0.04550091750546421,0.7872720731689064,0.8376107205593815,0.3603784179996483,0.03352415394177496,0.07361376087232559,0.025093590695706852,0.04454239978102229,0.0,0.2,0.1,94,3.4079789360473765,3.5257587627448337
24,34,0.04550093001018522,0.7922191209007922,0.8469309132235993,0.36668217340955916,0.009473180214778061,0.07361378188036703,0.0250935911368478,0.044542419296234495,0.0,0.2,0.1,96,3.407978840845771,3.525758943912804
24,35,0.04550092994837169,0.797166147745955,0.8562511298809832,0.39239282522649566,0.009473018863530979,0.07361378201829749,0.02509359117869945,0.044542419456889734,0.0,0.2,0.1,99,3.4079788530183546,3.525758951043246
24,36,0.04297099715184562,0.8097371456202884,0.885920825425075,0.4187136299699056,0.08374048209953747,0.08361460688242653,0.0254750020751744,0.04813188114083553,0.0,0.2,0.1,100,2.626576216016257,3.49469348290829
24,37,0.04053772696489039,0.8036950277313636,0.8795884865221815,0.4280929692941886,0.0241317204765772,0.08406859935623114,0.02484940906822568,0.04533456327950426,0.0,0.2,0.1,103,3.025974193853494,3.764885365250476
24,38,0.040183754319946134,0.7974817699910041,0.8689302806143395,0.4315889615677665,0.020487328645568393,0.08361656487371788,0.02511718386945755,0.04608192138228012,0.0,0.2,0.1,104,2.809959267747101,3.613279468600543
24,39,0.04000883735191575,0.8068433419086989,0.8870102184282074,0.4543403007912126,0.01070038165501765,0.08443505322832927,0.025222594015750333,0.04598124984167461,0.0,0.2,0.1,108,2.4966330638273946,2.9474812513914523
24,40,0.051071516481546335,0.792557283814354,0.8548069321702735,0.4687079806302939,0.05567621796220749,0.12121314388012103,0.03223147503386819,0.1694546820162395,0.0,0.2,0.1,110,5.640013515907693,1.1672390308555152
24,41,0.12986155293200624,0.8733101221306148,0.9397123807427383,0.6071108060952184,0.10626371556342593,0.0774387709027894,0.08358037518145518,0.8676629097966615,0.0,0.2,0.1,122,5.035529284358133,1.955573354789545
24,42,0.1247218183065314,0.8672669876018138,0.9336033459273516,0.6092132026982355,0.10204057167902102,0.07797325336860364,0.0892958654043857,0.8085999289682227,0.0,0.2,0.1,125,2.3108855829073307,1.116426462728111
24,43,0.0868657751551374,0.83797239322755,0.9129585731474414,0.5900750682468527,0.06872031493911643,0.07618241255107223,0.05179048803236046,0.5104699296525922,0.0,0.2,0.1,127,2.6858355589444773,4.914829543114102
24,44,0.09302370768614945,0.8298670284364735,0.8957960267573928,0.5959717270602531,0.11625006215309383,0.07052285499197723,0.04622262048748577,0.5998795545285376,0.0,0.2,0.1,128,5.951297156320508,0.2699374625837963
24,45,0.038262292193344496,0.759453873391392,0.8162381241527481,0.463730104871065,0.04650615074508382,0.0774936455963406,0.03618211447836459,0.09216120363278837,0.0,0.2,0.1,130,8.761762943275023,22.9031241874693
24,46,0.037158331405219236,0.7597302934095312,0.8206465340204147,0.4859207559847805,0.023759829964511127,0.07924407579526313,0.0372654915762694,0.09013722209888873,0.0,0.2,0.1,135,8.853478224467354,23.0916045143058
24,47,0.13557704402835077,0.8922315266195848,0.9837233344213374,0.7364308428156137,0.11574303727125294,0.08231017577854459,0.07524508004001242,1.0,0.0,0.2,0.1,143,121.73607768255155,3.075454182826917
24,48,0.1311942539868059,0.8667162881765522,0.952785458472576,0.7166699813259972,0.27363430939974165,0.08041995158391296,0.07433850748970341,1.0,0.0,0.2,0.1,144,122.04959980079347,3.1316576443187767
24,49,0.12894125243563662,0.863913019426071,0.9580799202299298,0.7555932167090783,0.1287836561885751,0.08038036942644912,0.07384626513172135,1.0,0.0,0.2,0.1,151,122.33022913857566,3.142904290276018
24,50,0.1289412524266817,0.8688600462467978,0.9674001108543985,0.7689319189753625,0.11477001854297082,0.08038036942644908,0.07384626513172132,1.0,0.0,0.2,0.1,153,122.33022910347626,3.142904288419353
24,51,0.12884130302030936,0.8686965789012323,0.9672327558655947,0.7803775865607878,0.11527109573599378,0.0801409768760459,0.07340663966875868,1.0,0.0,0.2,0.1,154,122.45891244204137,3.14263121111368
24,52,0.1289168273622243,0.873666032585409,0.9765721340150854,0.793845821825582,0.11501671589370531,0.08038459979229783,0.07383444549153081,1.0,0.0,0.2,0.1,156,122.36858271793068,3.1437170050553465
24,53,0.12876869343780048,0.8680652846009298,0.9665672712984523,0.7918126636604439,0.11937065258533172,0.07998461612898991,0.07356955477396503,1.0,0.0,0.2,0.1,157,122.31392708704333,3.1264584326563654
24,54,0.09116327490797188,0.833251048529552,0.9359947968822939,0.8656934592720201,0.07826581313848038,0.09635239091156744,0.11658427234801397,0.5418903870937237,0.0,0.2,0.1,179,7.847778817398374,1.4606762391576145
24,55,0.07121312040380318,0.8174529323184433,0.9245214972394683,0.812112084597773,0.061005967124086194,0.0831485029397432,0.0730025666735353,0.4309839120215271,0.0,0.2,0.1,181,65.25489171334146,3.309148093817516
24,56,0.07107315818397868,0.8158408078847019,0.9228202164552672,0.8300169679627547,0.06256610022927528,0.08123483025420761,0.0727899970632201,0.4326144029938478,0.0,0.2,0.1,184,66.78120865905431,3.396907140541175
24,57,0.12748642501701793,0.8737067900447731,0.9848488292662751,0.9169225333814394,0.11768166486041673,0.1628916872064246,0.07413895893755099,1.0,0.0,0.2,0.1,195,9.492827732985775,3.692127117148177
24,58,0.12748504516815962,0.8835845955605873,1.0034720638352816,0.9361700069922296,0.11487355729387813,0.1628912218203085,0.07414438525833597,1.0,0.0,0.2,0.1,198,9.492426864888778,3.69222564423534
24,59,0.12748390087030453,0.8786309365179957,0.9941449022006565,0.9693972890290662,0.11487848776624358,0.16289122182029503,0.07414321118842976,1.0,0.0,0.2,0.1,199,9.49301016299482,3.692222719057283
25,0,0.8834470500183738,0.9884902894896892,0.9878977343467381,0.06162169295509778,0.0,0.0,0.0,0.0,0.0,0.2,0.1,1,7.600799118270353,60.23927917868316
25,1,0.5689933134857881,0.9493374827526041,0.9467276221606699,0.056597414634424144,0.15255591032506036,0.07450050947594394,8.549557863532e-05,0.00016878302722,0.0,0.2,0.1,3,5.205275529109706,41.9340031071147
25,2,0.41929562538052345,0.9237760112441056,0.9197440148484362,0.05502262387206915,0.21717857688070538,0.11821782550832427,0.00252179839617202,0.015945690123423208,0.0,0.2,0.1,4,5.118725467870969,40.02370014712736
25,3,0.19487939844773122,0.8590442111811509,0.8558875207114834,0.04102736843244321,0.5293498947334538,0.08697672138265847,0.00092239235201846,0.00182096169115731,0.0,0.2,0.1,5,1.664302267940256,9.809557951017696
25,4,0.15945873664576812,0.8411888172771214,0.8371113314121557,0.042037549460836286,0.07014082858228515,0.09936212369976563,0.0009458706290412201,0.00208592909808164,0.0,0.2,0.1,7,0.9769328422678902,2.0216165021642665
25,5,0.15881988721840767,0.8408124173207896,0.8367168447601865,0.045235160814677884,0.0030546558391097716,0.09912225747655179,0.0008873357654221,0.00195549774289198,0.0,0.2,0.1,8,0.9860153211314396,2.234018811738242
25,6,0.1541623796336642,0.8331423744655381,0.8245386955536262,0.041161662834481735,0.020493262927694017,0.09525674595177071,0.00066097135479898,0.00138592513442097,0.0,0.2,0.1,9,0.9590881674068102,2.5124532386336758
25,7,0.15389211562721541,0.8383568608318708,0.8340936789754374,0.049573381337088225,0.0064763725428799036,0.09806367049055824,0.0018882875795923602,0.007956117500231551,0.0,0.2,0.1,10,2.2085403433787665,5.37139438074181
25,8,0.15342856742703315,0.8330580835699766,0.8244080337944355,0.04967924342062209,0.0028076028009719183,0.09806455411565247,0.00179286164548456,0.00729561771721068,0.0,0.2,0.1,11,1.641737017445435,5.013186794441419
25,9,0.14857885499276186,0.8401114932739482,0.8400562474745108,0.06532018550875467,0.0241008121503117,0.0984335849685162,0.00192936399619075,0.00804764675906987,0.0,0.2,0.1,12,1.5367805719942291,6.937849841404311
25,10,0.14462749737240901,0.8275212039692726,0.8186185598117294,0.056194303665033384,0.008108206252705419,0.10058555969752134,0.0009535706061323901,0.00266389783679579,0.0,0.2,0.1,14,1.2999722913879723,2.745650429256556
25,11,0.2407943714098323,0.9301790668759583,0.9255158099616198,0.17230277337470842,0.12098108568766129,0.4534858897924839,0.0038360623768793,1.0,0.0,0.2,0.1,15,1.4519173651327706,5.0443512052608686
25,12,0.2331013477868713,0.920698581904212,0.9113494144101797,0.16660462011989297,0.1496026352704109,0.7859482779893725,0.0115430603677864,1.0,0.0,0.2,0.1,16,1.6653769407829668,56.520364533536565
25,13,0.226430699200217,0.9205435586183133,0.9153839713647491,0.1711827184518657,0.11465532257978346,0.43073014848767566,0.0038644048469598097,1.0,0.0,0.2,0.1,18,1.3805002514657938,6.187556489691625
25,14,0.127766598890805,0.8169976443588189,0.8074569501319551,0.06872057554655756,0.0035396062422925123,0.09690790992160508,0.00651306348288822,0.0102552250836209,0.0,0.2,0.1,19,1.1588880942036095,1.186915574854174
25,15,0.2227361070848635,0.9184028268123667,0.9130328911030181,0.18208195232216207,0.13334192245223292,0.9103246135091345,0.013591877513775611,1.0,0.0,0.2,0.1,20,1.7156827729551387,41.94335608009815
25,16,0.1615187663368133,0.8614630538916711,0.8549976772188195,0.14760294511800204,0.12238825867294509,0.11442805681137966,0.1706560485967705,0.3292605843966135,0.0,0.2,0.1,23,0.9211571780302592,65.2799559342408
25,17,0.13688763246281377,0.8402935201337715,0.8370263693094273,0.14697062300863228,0.15250956764846413,0.09982945074176611,0.15533995201884104,0.32696479421618063,0.0,0.2,0.1,25,2.018329247640869,48.82259151613666
25,18,0.12352086693945868,0.8223291219673374,0.8181404245169244,0.1483655842360412,0.13330343286418073,0.0978084921549334,0.14736493880904789,0.3422865409655978,0.0,0.2,0.1,27,1.514371162375092,29.9835120489743
25,19,0.11872352246206799,0.8189721211241964,0.8186596950736647,0.1691882049712477,0.10262143604930843,0.10403973680128589,0.16368354795660225,0.3231298902964077,0.0,0.2,0.1,29,1.548575183608191,33.669349717557495
25,20,0.11781911321235872,0.8279220441996845,0.8363507956139841,0.20376416130551708,0.06436081165040228,0.10442516880119576,0.16284712191992018,0.3163606778529918,0.0,0.2,0.1,34,1.5618805287153932,33.83845067278676
25,21,0.12202427971087729,0.8291147371650597,0.8371754969220276,0.2043412153634004,0.12822628271427725,0.09549334159348065,0.15228323290790455,0.42090179513411724,0.0,0.2,0.1,35,0.8309751322439866,16.263994967476137
25,22,0.11470216448888701,0.8198880965186686,0.8315963689746018,0.21317853102481393,0.12733126502834713,0.10879642264890528,0.1616441336280947,0.4014023701016506,0.0,0.2,0.1,37,1.9149374831676067,20.453110986136
25,23,0.1140098745755957,0.8097807279086254,0.8166950861853021,0.22385970219471057,0.09669545433787616,0.10093488182520685,0.1629290453821996,0.42895988305166616,0.0,0.2,0.1,40,1.7696205000024072,19.843500588598022
25,24,0.14663702680449853,0.8403604934454233,0.8510425574577838,0.27750175777324265,0.15865072695138768,0.10115863557332302,0.2414935741708523,0.6457703105070337,0.0,0.2,0.1,42,2.169181559923227,36.1681626349448
25,25,0.14663647976598898,0.8453060671676043,0.8603612135819653,0.2869549190235448,0.11288425133677152,0.10115863557332302,0.2414935741708523,0.6457703105070337,0.0,0.2,0.1,44,2.1691545802806758,36.16682741058142
25,26,0.13681069525059605,0.8392318338676693,0.8585572809519919,0.28705969212767785,0.11219294978210725,0.10531650828777632,0.21843371697743624,0.6016613029742365,0.0,0.2,0.1,46,2.075672291270539,28.475639364880838
25,27,0.14348452196667455,0.8286366627264939,0.8386373692725327,0.29536207224881655,0.15756896808218362,0.10326237394214854,0.24714271890751327,0.6495889118194704,0.0,0.2,0.1,48,2.1112490902470817,27.590841830574675
25,28,0.14348452629359582,0.8335836895472207,0.8479575598970014,0.3050463372473287,0.11438763522811904,0.10326237394214854,0.2471427189075134,0.6495889118194704,0.0,0.2,0.1,50,2.111249301720769,27.59084721104989
25,29,0.14131079095261145,0.8316845322314067,0.8500806705845108,0.3132536890973958,0.14088275517123722,0.1035211514232043,0.24714789025422643,0.6492806369746615,0.0,0.2,0.1,52,2.156744801105228,28.809823314750684
25,30,0.13497024971764715,0.8191723355829373,0.8331038408073443,0.3040264114227187,0.11574105024836058,0.10136342531005492,0.2349559081143037,0.6157795803400636,0.0,0.2,0.1,54,1.8323747763719256,23.84960943863696
25,31,0.14988360527176298,0.8388810446903315,0.8611930705002855,0.3527717829592537,0.13919187417054682,0.10117961591886006,0.2672115520129912,0.7204741968042427,0.0,0.2,0.1,58,2.145615274142825,32.261893329951164
25,32,0.14640839731688698,0.8201001825945892,0.837324511175044,0.35315553087872764,0.1795633134993268,0.10180748709291193,0.2665809352522116,0.7221978055289531,0.0,0.2,0.1,60,2.1298511103830693,28.27976403458455
25,33,0.1688790070339842,0.8425523153658301,0.8638174096407384,0.38260653163509606,0.17519185963230854,0.10520803162410909,0.42380735452795204,0.6473637998668745,0.0,0.2,0.1,62,1.801598129936273,29.03874152073656
25,34,0.16890125465836703,0.8471372133472563,0.8727514861347807,0.3928750081540029,0.15106319348487435,0.10452631056403339,0.42481797875858085,0.6463809914922777,0.0,0.2,0.1,64,1.8018562939231109,30.231633832466446
25,35,0.1686409054386498,0.8464253734309103,0.8720094557183627,0.3960982908044474,0.15433514959248723,0.10507618947317997,0.423756970232004,0.6472473902291208,0.0,0.2,0.1,65,1.8007775948466032,29.661566545835644
25,36,0.16814886595809247,0.8490142241400161,0.878850725533249,0.4094177221129011,0.16702233982136488,0.10500015675619967,0.423727814575625,0.6471799703807863,0.0,0.2,0.1,66,1.7433600928552129,29.07797088466298
25,37,0.12875420244399444,0.8028439513749601,0.8281885504993727,0.373164129324808,0.11413937959695632,0.10641960180108223,0.24441799706153738,0.6166332925966744,0.0,0.2,0.1,71,1.8943584115889165,26.52890281332988
25,38,0.12782035314712992,0.7973758554816238,0.822429352398122,0.37552587871876786,0.15475340186507128,0.10571503691411772,0.24482898429348815,0.6176779721812189,0.0,0.2,0.1,72,1.9198541764895876,21.645654860144724
25,39,0.15968693371999212,0.8114686862567547,0.8394936533454245,0.42391857773577546,0.3593538271936352,0.10186328703821593,0.42822445308537294,0.6146275288710535,0.0,0.2,0.1,73,1.6951297837221455,23.87579126743204
25,40,0.044951830624120684,0.6886613710907706,0.7121265085873968,0.33396231834932405,0.03366200052980759,0.09571306218744098,0.09676001192687328,0.1352129599491127,0.0,0.2,0.1,92,2.5139754530343854,2.666923011486669
25,41,0.03967920318166977,0.6896810326202572,0.717599796240075,0.3440435791170711,0.027654349747618864,0.0845710753338272,0.092233191642852,0.08936619374311483,0.0,0.2,0.1,95,2.72846593988905,1.436088839757509
25,42,0.03477443399672069,0.6814483821611269,0.7132500853931367,0.3449376861609517,0.09787720822166232,0.09021106869548866,0.08546953871162241,0.06632270929599622,0.0,0.2,0.1,96,2.77858326341652,1.5820888975270415
25,43,0.035972112982001855,0.6825225087859003,0.7143169583363622,0.35139879556279674,0.026023982469689268,0.08572084017419307,0.08427439668729,0.08086225546906632,0.0,0.2,0.1,97,2.779586052341796,1.7056337758021922
25,44,0.03697174886794735,0.6814645849852553,0.713138349889336,0.3555423860383397,0.04447862258081209,0.08532097085199056,0.08555279091623005,0.09116904897307292,0.0,0.2,0.1,98,2.6976488664420595,1.7938053593313483
25,45,0.03767431125923987,0.6867034210790628,0.7227263087362078,0.3731125022440146,0.030621610476910005,0.08766084025420373,0.0933507226761534,0.08316100851083455,0.0,0.2,0.1,99,2.7331956533904425,1.4244961018621336
25,46,0.04163499513366305,0.6983587775806895,0.7429994970500244,0.4181959266249414,0.034495215876700784,0.08864305143090764,0.0984603537530247,0.11551523369410807,0.0,0.2,0.1,105,2.0517575893944118,1.1490445357381482
25,47,0.042823939990997206,0.6984407922505165,0.7430170321388917,0.42281347786465107,0.04235485795616062,0.08674108870981474,0.10372838962661768,0.11832520682427297,0.0,0.2,0.1,106,2.126866208348773,1.143867450055964
25,48,0.03741275009537298,0.6924112022014957,0.7369515605495278,0.4087887491880119,0.03256666212164825,0.08042687735306212,0.08839443536675853,0.09566472802395144,0.0,0.2,0.1,107,2.700461137675054,1.5080077293256522
25,49,0.04150354953592537,0.701413956216416,0.7503254466152144,0.44781076958252725,0.03165082149460237,0.08854949559566926,0.09875724988779175,0.11589229309903248,0.0,0.2,0.1,108,2.0327906012807127,1.2350798486355508
25,50,0.035255926219269734,0.661354789153306,0.7001537910860204,0.4155773327559452,0.23434560665949533,0.08835934212907116,0.09492859435593558,0.08727861222604225,0.0,0.2,0.1,109,2.967089090176397,1.7518129794004529
25,51,0.03528429934988897,0.6659861130107835,0.70913895676649,0.4294259101715425,0.028352174812692147,0.0882318815211473,0.09516660563965948,0.08740068748247072,0.0,0.2,0.1,114,2.924179349574633,1.6955412957583125
25,52,0.03405440633226904,0.6737168567645866,0.7255635609063504,0.46572585696409236,0.03457251466284688,0.08823545515911208,0.09180533737132648,0.0826806863730714,0.0,0.2,0.1,115,2.702101001975624,1.5367163824928802
25,53,0.03737049706541472,0.6664032019930002,0.7094619074928503,0.4685017737650438,0.031399989113172634,0.08047723097671924,0.0938661469116866,0.11245606003486397,0.0,0.2,0.1,120,3.093103389128101,2.508516620841031
25,54,0.03770231574470139,0.6642738409691693,0.7071949720098777,0.47633751726212503,0.033937848365871874,0.08454309768909819,0.10782639582993281,0.08997018999768391,0.0,0.2,0.1,126,2.65814890110769,2.6373286269505
25,55,0.03612531812491492,0.6517451322210275,0.6981565424206693,0.48956805787457364,0.1637041156893146,0.08422970181547326,0.10501698806063302,0.09233077500678603,0.0,0.2,0.1,127,2.8450089254751454,0.9175009476689258
25,56,0.03589304827010281,0.645262979866617,0.691330763491428,0.49817647612474175,0.05641485491106674,0.08571227461438098,0.10474808462243279,0.09480221682004777,0.0,0.2,0.1,129,2.94652361739972,1.064320745674977
25,57,0.03174506623556861,0.6392560289108501,0.7016381507528444,0.5589956501065259,0.03868820366662047,0.09569781432463315,0.0931297718504654,0.08897845577415667,0.0,0.2,0.1,145,3.054288129673252,2.514995632649734
25,58,0.0317355691042806,0.6383853271152481,0.7048273469809514,0.5823369536402776,0.04345314494352019,0.094414666172982,0.09322535459102592,0.0914614308045449,0.0,0.2,0.1,148,3.056417337108297,2.057762453009174
25,59,0.03237777216910051,0.6416461821243905,0.7123359995105606,0.6009286808205873,0.038011109716246196,0.09388080131430393,0.09451106797484445,0.09637622587646597,0.0,0.2,0.1,150,3.047696074885692,1.906149359004948
25,60,0.031138238493516823,0.6325475162371039,0.702815389635748,0.5908585521969332,0.09142357042036456,0.09423227536373396,0.09301767835378684,0.09034445575242964,0.0,0.2,0.1,151,3.0718675737253465,2.0573527526425277
26,0,0.7886953073906744,0.9783833663469774,0.9772705135964657,0.05938323962905943,0.0,0.0,0.0,0.0,0.0,0.2,0.1,1,15.261213163847383,63.290258152208175
26,1,0.5147937091530165,0.9404228564845171,0.9373541045943296,0.05462973048831313,0.14793027677082934,0.08674887298560799,7.804026919373e-05,0.00017917661441174,0.0,0.2,0.1,3,9.771536260494194,40.54540891044783
26,2,0.35907393433983825,0.9097646354397215,0.9050202358250861,0.05179506212695073,0.2553414517161034,0.11519328703101227,0.0025217250504361603,0.0142161259984941,0.0,0.2,0.1,4,10.247088536174909,39.993811257894734
26,3,0.18397318094637172,0.8542980211267623,0.8508912206371275,0.04013337069711239,0.46215194967177936,0.10225615562229297,0.0011142540164417,0.00255827234225836,0.0,0.2,0.1,5,1.7247811220311782,5.941420093198169
26,4,0.16002418197886628,0.8413999656231542,0.8373430838332554,0.041927392557759194,0.048098841773230046,0.10050652976466706,0.00048242468551214994,0.00112243330745489,0.0,0.2,0.1,7,2.014027174999457,4.048212782169137
26,5,0.14511074627750684,0.8343243355059388,0.8297930423224285,0.04755542634727079,0.04146055686354175,0.11304255330936548,0.00556125789361527,0.01236284321054528,0.0,0.2,0.1,9,1.3537746929051715,1.3392768467683591
26,6,0.13570149792539735,0.8268525903854173,0.8220252898441343,0.05032839841181018,0.019814372572111102,0.10343698193608745,0.00147786459599762,0.0033171381957445498,0.0,0.2,0.1,11,1.9176761637394264,3.1250548144066768
26,7,0.13051362816502365,0.823381241675761,0.8183758947583403,0.05409997638754307,0.014155695370297806,0.10620175165226375,0.0014361333390075601,0.00327274614469387,0.0,0.2,0.1,13,1.6251693099066076,2.428912544787996
26,8,0.12682981299828663,0.8257264295002595,0.8249602794389402,0.06672527162037839,0.010586162927551955,0.10620175165226371,0.0014361333390075601,0.0032727461446938498,0.0,0.2,0.1,15,1.8033585540723287,2.6258038623034663
26,9,0.05165500740642767,0.7342565409118553,0.7281424905401076,0.053840576484009584,0.833842157005367,0.11548155002940334,0.04557632675127313,0.03914381809977257,0.0,0.2,0.1,16,1.8134178426481264,2.939226102504188
26,10,0.04879148968986556,0.7312948996185539,0.7291468859991417,0.05893694122788434,0.03972629129557539,0.11548155002940329,0.04557632675127313,0.03914381809977266,0.0,0.2,0.1,18,1.786661161784831,2.9354512653943146
26,11,0.02145149356357132,0.5664600657510183,0.5515726478888836,0.028784247118815994,0.6463906765358085,0.10948130076506091,0.0549691056365033,0.046646928201505525,0.0,0.2,0.1,20,2.0158143548627194,0.1719553197497945
26,12,0.021330648894249852,0.5668236581878338,0.5560641415094154,0.035227895145069535,0.034366454330219356,0.10951166046482944,0.0556040816968693,0.04718577056313007,0.0,0.2,0.1,22,2.0321294877220355,0.1607090170549668
26,13,0.021383328982566237,0.5472697188876138,0.531336934975237,0.03549028314735752,0.07747084912001868,0.11165829334213495,0.0601184784685986,0.04751094243619175,0.0,0.2,0.1,24,2.097587751576456,0.438833462084949
26,14,0.020862230481628725,0.5353862048803112,0.5188388224261611,0.04062214127564952,0.10935591151901708,0.1116583909898636,0.05989864497255658,0.048502895093422524,0.0,0.2,0.1,25,2.057227982439007,0.5786777916506077
26,15,0.017310399947558654,0.45747309218798327,0.43697767541052224,0.027715830171411722,0.31416387831348236,0.1083284954265643,0.053137739711219954,0.04981205224034652,0.0,0.2,0.1,27,1.967105176022812,1.1987190249750186
26,16,0.017214217453594888,0.45489298417497037,0.4342672396251211,0.029723296642648795,0.03523431768219124,0.10839680195172968,0.0526908877993215,0.05022123817007438,0.0,0.2,0.1,28,2.0305107019889603,1.306241922055115
26,17,0.016378380661097612,0.4358128069547607,0.41423180566204315,0.027713863136845655,0.15946479896219717,0.1078524543912061,0.051152631941464174,0.04805760555564698,0.0,0.2,0.1,29,1.9418694253052504,1.0368266818752887
26,18,0.016462865125542514,0.43508023449538574,0.4134565294197918,0.03024621259434604,0.021595066202608933,0.10802419490364033,0.051731204221425596,0.047870136314697706,0.0,0.2,0.1,30,1.9412129236184383,0.916424359099195
26,19,0.01644501680675707,0.43065459295437863,0.4129154429887445,0.03939545898271275,0.052669503217892585,0.10812899869355473,0.05129919908398935,0.049920463131582035,0.0,0.2,0.1,32,1.981500259724137,1.204782487899764
26,20,0.01639783713218968,0.4273901880938857,0.4094831040160564,0.04140605878912133,0.041794394672123175,0.10818743766908573,0.05152718232331784,0.04944241604465074,0.0,0.2,0.1,33,1.985118899109031,1.0423699598281717
26,21,0.017143148026185794,0.42638431369394314,0.41250138912794276,0.06385360033554147,0.02874844356524458,0.10974533027067242,0.05532234651144596,0.050117671188171564,0.0,0.2,0.1,37,1.9086862510140612,0.8572451921211185
26,22,0.016935983094686937,0.41156946005752754,0.3928103087315923,0.05743192310188017,0.04140046984260171,0.10952661780647234,0.055119152573658035,0.04956808346911696,0.0,0.2,0.1,40,1.9015793074493237,1.0274847308154462
26,23,0.01685444106509066,0.4160853692185388,0.40168119708724037,0.06373761426367545,0.0185187841301555,0.10936299588256364,0.05460536692813278,0.0498163568427948,0.0,0.2,0.1,41,1.8954123835047072,1.170145437264527
26,24,0.016844753106969756,0.4150763158120764,0.40062012271285463,0.0663300860839785,0.02399735238379569,0.10915079421784415,0.054446885334574105,0.05014748228165666,0.0,0.2,0.1,42,1.9028788005693895,1.0532550033622108
26,25,0.016779718590595013,0.4140818694095866,0.39957732799420936,0.06886490747115882,0.02309420405427295,0.10918173408252727,0.05442646368077676,0.04963616216507575,0.0,0.2,0.1,43,1.9028454665480852,1.051719099622911
26,26,0.01732844016352799,0.41166719051377954,0.40112444853348717,0.07772258937446629,0.07880604763793925,0.10854503648416935,0.05571250711297219,0.05335517173926083,0.0,0.2,0.1,44,1.899989019738572,0.4456813607873179
26,27,0.01698604718281265,0.41592105081384395,0.4097331327860855,0.11085418789109265,0.016582703083170225,0.11002483436567544,0.05559798947942418,0.05021452037796579,0.0,0.2,0.1,54,1.8991372704408456,0.6031486847459374
26,28,0.017081742499094367,0.41851751097506135,0.41657572018268035,0.12338315789611516,0.025118567055860207,0.1100119891244604,0.055570768157249206,0.051440212231973814,0.0,0.2,0.1,56,1.894464504024974,0.5100046395274158
26,29,0.0171102774226354,0.41846213891562856,0.4165160004987736,0.13575917583278033,0.016399195415862898,0.10996856078764881,0.05558512500142587,0.051702179175693044,0.0,0.2,0.1,60,1.895609592384886,0.8197555096720425
26,30,0.017165591264330128,0.41828730077407505,0.4163291853747643,0.13886879564282234,0.017393235182682616,0.11003868564082993,0.05608975614120443,0.05127109722373939,0.0,0.2,0.1,62,1.8978955015699133,0.7740005409895759
26,31,0.017164902822864113,0.41828234586908286,0.4163240073735451,0.14196108007388766,0.016397913579747403,0.11000170006283919,0.056081816070278276,0.051280738200898776,0.0,0.2,0.1,63,1.898483244397956,0.8082470021983734
26,32,0.016903830109687667,0.41699196372126474,0.4149801518046827,0.1476638830963546,0.020087014927296865,0.10999857676456055,0.05499129749608388,0.05094553261866873,0.0,0.2,0.1,65,1.894224942226342,0.5607816311895533
26,33,0.01696506625704377,0.41557453417665696,0.4134859077988228,0.1566869544964826,0.020019189738419846,0.10898615971856798,0.05489117902678827,0.05189281467875664,0.0,0.2,0.1,68,1.8968994097859968,0.5491922820596808
26,34,0.01698065178741294,0.40116186034246504,0.3900914308214386,0.16017922360253928,0.0517801882860946,0.10980883923400399,0.05487684271540679,0.05247816709727506,0.0,0.2,0.1,69,1.8960791395654324,0.5517703046493792
26,35,0.016982008198996493,0.40103851121280376,0.3899616068826407,0.1722636715004051,0.01648122489350285,0.1100175360247108,0.054814278481486,0.052628055509317775,0.0,0.2,0.1,73,1.8983076701847084,0.8661845826424658
26,36,0.017097618101663548,0.4146030282714454,0.4165733439122968,0.20717547810092615,0.021638480064864345,0.11004779726402193,0.055616300378260965,0.05229521527597194,0.0,0.2,0.1,75,1.90846486528518,1.1306299620181477
26,37,0.0170156324477524,0.43674766924501834,0.4604535779176636,0.2669871670809308,0.017803204491046706,0.10910123902254867,0.05513187889954855,0.05265351526246424,0.0,0.2,0.1,88,1.9135807834602951,1.1032426075452295
26,38,0.01730370266495585,0.4460100253473815,0.4784144950899603,0.3866707835593037,0.016852128378492714,0.10881322230187002,0.05422078278928862,0.057436483236006954,0.0,0.2,0.1,117,1.896560025769744,0.9539383395701246
26,39,0.01737297221002737,0.4453658834461387,0.47773333430725384,0.38821740475699984,0.022177667291815004,0.10879605009566139,0.05425585162879023,0.05811606591952347,0.0,0.2,0.1,118,1.8973860791007848,0.8033157321295737
26,40,0.01653722520444774,0.4471657859349457,0.48378647740746794,0.41201383921776963,0.019403503255760797,0.10884622258380366,0.054386158942401695,0.04967898173245263,0.0,0.2,0.1,123,1.9077771322288568,1.199779702148532
26,41,0.017303794726643472,0.47710153924902265,0.539934583813326,0.5998093906805093,0.016704874548879183,0.1088480890522454,0.05468954873977842,0.05677804307538763,0.0,0.2,0.1,168,1.912371601994033,0.8211854808571056
27,0,0.7883908928018506,0.9783489448957102,0.977234335801564,0.05937529813296714,0.0,0.0,0.0,0.0,0.0,0.2,0.1,1,15.358380360713156,65.91919911059219
27,1,0.528504065992442,0.942756915695434,0.9398087709877404,0.05513916302254693,0.13867197220387883,0.06898117077123939,7.128550473199e-05,0.00011348140398532999,0.0,0.2,0.1,3,8.595540685972743,40.7064407182822
27,2,0.4225530757043658,0.9235664827298187,0.9195883700181054,0.054031184409400884,0.15729373025824395,0.10966428570128492,0.00121005891680736,0.00599760956619838,0.0,0.2,0.1,4,6.915719073248926,40.0407159180788
27,3,0.1450063987501981,0.8327356814707059,0.8282150868689947,0.0435742992490843,0.7432601455198031,0.10826600828121613,0.0012469007392565,0.00303067181424873,0.0,0.2,0.1,5,2.978960091895031,3.0823007046824067
27,4,0.1449423378625437,0.8376431915595502,0.8374936899348377,0.04927214555893066,0.0007061564858868318,0.10826600828121613,0.00124690073925649,0.00303067181424868,0.0,0.2,0.1,7,2.992983467671539,3.091195796121826
27,5,0.1307515156444482,0.8235018405052884,0.8185043828111511,0.043694523479737235,0.07245437500690488,0.10818215708273003,0.0012103082643052901,0.00339727126648273,0.0,0.2,0.1,8,4.51791698034033,5.081687494679625
27,6,0.12902156392712077,0.8272493250407343,0.8265632662166722,0.062007226999412024,0.005219165691531462,0.10818215708273,0.0012103082643052901,0.00339727126648273,0.0,0.2,0.1,10,4.610290005572398,5.239129145008024
27,7,0.11610086140251495,0.8130089901412494,0.8074379303883433,0.049996978254760044,0.07863888340400693,0.09641291164849153,0.00318179006763293,0.0059494005130688,0.0,0.2,0.1,11,3.199473060525712,6.115471543545324
27,8,0.11573823540308811,0.8176548819682158,0.8164460306611855,0.06284117217576804,0.0016964835019572168,0.09899950210333817,0.00283824019664791,0.00575648732737065,0.0,0.2,0.1,14,3.092416578661745,6.921797005992788
27,9,0.11487643163049098,0.8120655159974632,0.8064473049913944,0.06527619720528144,0.0068057059043753095,0.09181629908041758,0.00353969996304502,0.00495826668957956,0.0,0.2,0.1,15,5.320184025819505,7.16138415970388
27,10,0.1127183768090692,0.8152146925299039,0.8138961141689162,0.07610141798460106,0.0035815214608555116,0.08409666447279515,0.00226503484167588,0.00380795747427215,0.0,0.2,0.1,19,1.6878638392131196,2.204062891533165
27,11,0.10833223150888624,0.8066822097832164,0.8008141537631294,0.07610459216309466,0.027364670849471653,0.09235789239255685,0.00172204917091794,0.00329173299265866,0.0,0.2,0.1,20,2.6234450477042923,2.403065703727997
27,12,0.10749686277506972,0.8109319002732261,0.8094010873267315,0.09145539212618135,0.0033734885243386337,0.09235789239255691,0.00172204917091794,0.00329173299265867,0.0,0.2,0.1,22,2.6409131069455243,2.404478546457827
27,13,0.10774467118038261,0.8161427030753908,0.8189809496677973,0.09439943972012148,0.0016427464099990235,0.09713410804039475,0.00222670057056252,0.00572260234759753,0.0,0.2,0.1,23,7.495014840603141,24.774288820000933
27,14,0.10444553487153373,0.8083495643309767,0.806686538496986,0.09309288471783271,0.020039280291750925,0.09176527361684773,0.00169115410281063,0.0032243428502550797,0.0,0.2,0.1,24,3.059565756974033,1.866796807199367
27,15,0.10561816973262064,0.8195138115018986,0.8265660207135418,0.11434201699817244,0.007233888108010219,0.09849107312414855,0.00286247622697522,0.01962059785516136,0.0,0.2,0.1,25,1.632649636375632,8.091719849483788
27,16,0.13870206849263272,0.8579491344209655,0.869224704591411,0.16116733190082083,0.06158618232223914,0.099550739214287,0.19241623388081602,0.00449387012572362,0.0,0.2,0.1,26,1.6051262382179765,5.588853040013852
27,17,0.13325814190624025,0.8481555889850425,0.8545594700897727,0.16119923006293363,0.11915586808903901,0.09756466807243566,0.21608914273336147,0.0055150887930867,0.0,0.2,0.1,27,1.697190955648807,6.421275118516429
27,18,0.0858481330646193,0.7953826571156659,0.7969306212028161,0.12629831140682465,0.0784755626824696,0.09853638785477,0.023519614129158258,0.00617845309054146,0.0,0.2,0.1,28,2.972261905282743,6.813427723497725
27,19,0.08186786573299432,0.7904476577184161,0.7916265466557585,0.13577317390851693,0.06323140931143795,0.08903956270144858,0.03312385544729401,0.009312461878886461,0.0,0.2,0.1,29,2.810864507276914,10.766042915935762
27,20,0.11597116630379399,0.8240714589062944,0.8251116596555882,0.1714961230402358,0.049117591116981586,0.09587001235700202,0.2163171708699291,0.0061061770929084,0.0,0.2,0.1,33,3.1840661775718533,8.804128183237177
27,21,0.11400432056203245,0.821114529420018,0.8219134789282974,0.2052655955491847,0.0547250324183886,0.09586921229930813,0.22085411443194114,0.014329008776719651,0.0,0.2,0.1,37,9.15645837672816,28.92091759741241
27,22,0.10457854053462821,0.8080206775319463,0.8081565347941504,0.2052360885794014,0.14566721506639085,0.09971540367354016,0.22001679036259655,0.01386817056454987,0.0,0.2,0.1,38,6.675350087608518,27.650599263011344
27,23,0.10407765113810025,0.8222010769327963,0.8354319943607813,0.22075586375544878,0.047049159879652414,0.09945907069090931,0.21930469198143338,0.013426809683081081,0.0,0.2,0.1,40,7.085278102283787,27.189597488807657
27,24,0.09706870130188648,0.8059314373815444,0.8142009746681474,0.22475908866266284,0.07506082690126277,0.09948256405227371,0.2193616531860371,0.01435503275832302,0.0,0.2,0.1,43,6.906277436045005,26.562153850543275
27,25,0.054336427452988584,0.7706280725120888,0.787355734481526,0.2098519795169881,0.016530644731431825,0.094967450799194,0.012561295376370591,0.03196624209943829,0.0,0.2,0.1,47,6.0936404447011885,22.080102895048608
27,26,0.09084170606780934,0.7982136978405959,0.8101407861276484,0.2550865435408332,0.07886647386957105,0.10491822441583046,0.2232945336158469,0.01885105402638363,0.0,0.2,0.1,49,7.004501464746595,26.777415360798635
27,27,0.09188099772695811,0.8076741673567205,0.8281946788305793,0.2673174218677225,0.06099675701153479,0.09944480259801604,0.23382751852024394,0.02314925624222327,0.0,0.2,0.1,51,7.160432426962903,27.322208409909862
27,28,0.04910053221316147,0.7590450967790611,0.775063921198418,0.24509144321622053,0.03422260143224688,0.09472995812103943,0.032131721755475975,0.014687098502913328,0.0,0.2,0.1,52,6.441748020947255,21.41120265945226
27,29,0.06905492352353804,0.7690197180065789,0.7841829355143946,0.26842299986075885,0.15630720573309012,0.09407108984562948,0.16572177812543337,0.01345860970929785,0.0,0.2,0.1,53,6.209351609787588,21.19043905046916
27,30,0.08038669944855169,0.7838345685319563,0.8032486123258645,0.31671076023750544,0.05044331423771357,0.09405350930412296,0.22596675185421228,0.01541091065943904,0.0,0.2,0.1,58,6.437573240356191,25.061965044307527
27,31,0.06827914937785737,0.7712559820048298,0.7906312004065403,0.30888351900844513,0.04076796969204625,0.09409083134560821,0.1671442895267414,0.0148121176382223,0.0,0.2,0.1,59,6.429015544412427,25.04102480091612
27,32,0.06836902475184671,0.7761001477806482,0.7998324882858133,0.3164299510613113,0.03759409266877654,0.09390980957398094,0.16832453656864038,0.01453849413040147,0.0,0.2,0.1,60,6.460031510497169,25.066416897467377
27,33,0.06785843261206587,0.7750657044494201,0.7987555341505735,0.3262949876449011,0.041229164635036744,0.09409083134560821,0.1671442895267414,0.0148121176382223,0.0,0.2,0.1,61,6.388108194569591,24.842984557760424
27,34,0.0775537507094568,0.7861539803576074,0.8139316400427076,0.34017865394782393,0.057381422181291296,0.09161581954213908,0.22547214751447373,0.01499535506972616,0.0,0.2,0.1,65,5.220217104707143,22.85064967482789
27,35,0.08789485183353553,0.8000249152801321,0.8320646092213837,0.36870660894584223,0.0618784273097477,0.08174672348922131,0.22678001178061424,0.1232072228080137,0.0,0.2,0.1,69,5.033583921262502,23.882206499430712
27,36,0.07558156727674321,0.7854378692123244,0.8173016714175673,0.3845555140166845,0.05095989882377317,0.0930230001540561,0.22500937423034212,0.01504359218240337,0.0,0.2,0.1,75,5.8750054193187085,22.178498837722444
27,37,0.08436016108464507,0.7993222116339895,0.8395692826999505,0.38850061350715587,0.11370777959776986,0.09915296672004753,0.25943262480122053,0.056626588549474756,0.0,0.2,0.1,76,7.30271990819691,29.334172536698787
27,38,0.07253497045285735,0.7782353164612593,0.8137993758095113,0.3663409859715782,0.09294899892550439,0.09395617549349929,0.2253039465237816,0.02367373563684745,0.0,0.2,0.1,77,6.416507442229576,21.69240409947981
27,39,0.06842709286420401,0.7698153083806596,0.8091041150150844,0.39179642618188254,0.09609012719279568,0.09393420678109941,0.22516710289829098,0.016231467112318827,0.0,0.2,0.1,79,6.384290659671799,21.651259568101143
27,40,0.06832957966431379,0.7754279168087105,0.823180447727398,0.42525476090428577,0.05858719075584908,0.09383927138651108,0.22818649115889614,0.02227724508872132,0.0,0.2,0.1,83,6.422482206912406,25.45078167288039
27,41,0.06786056290830457,0.7635342989098128,0.8024404010260641,0.39846905058428866,0.06197234053185059,0.09373013874164149,0.22706216059613887,0.023973477039280492,0.0,0.2,0.1,84,6.564987024104274,25.018937762370243
27,42,0.06713415625982619,0.7675877920409252,0.8108559659851365,0.4090270683585194,0.04878956571238781,0.09393064563727815,0.22672811611304086,0.0178607779531822,0.0,0.2,0.1,85,6.545113397324477,25.01568068674402
27,43,0.06639359971921101,0.8023039004838203,0.8802861272644645,0.5696869969548918,0.049005570332558174,0.09069615029853678,0.2290785214445572,0.017249202902946282,0.0,0.2,0.1,113,4.895370541960356,22.896137208665447
27,44,0.06569623656093053,0.8044727091362698,0.8866926836472647,0.5928401680840468,0.05764104621734493,0.09069709824184012,0.2283359148845034,0.01725445030424068,0.0,0.2,0.1,115,5.013405242279542,22.916807576153804
27,45,0.07625655229605581,0.8287163453909907,0.9239807776930085,0.6302450981418876,0.06971335539579289,0.0921513636667653,0.2649868048832297,0.052556769642820744,0.0,0.2,0.1,116,5.456528799538115,22.98953415898421
27,46,0.0651746520708727,0.8022167949456724,0.8843247601621183,0.6048809720578285,0.05277153400078372,0.08895165973963716,0.2279922317064861,0.01713990040948363,0.0,0.2,0.1,117,5.186352939912973,23.056976238933917
27,47,0.0627446396888952,0.7926516384061374,0.8783697650958938,0.6076758386903036,0.08608707426843358,0.09119442647032097,0.2290622020252612,0.01809559319888729,0.0,0.2,0.1,120,5.0219150192731385,23.925866475312603
27,48,0.062136739475314645,0.7926409792283813,0.8824640727651101,0.619191688094859,0.06816939538364548,0.09074088363101085,0.2294984908969317,0.01974662640297096,0.0,0.2,0.1,122,5.096643516696476,25.27386541470743
27,49,0.06213680128620075,0.7975880682002692,0.8917842995322603,0.638753992321973,0.0478746839599709,0.0907408835241697,0.22949880211942159,0.01974662546960174,0.0,0.2,0.1,124,5.096643574722879,25.27386531033646
27,50,0.07294566361657451,0.8280710660135255,0.9397527098257047,0.7232021888033436,0.05881628279301582,0.0912407171666832,0.265447459949736,0.05620488999045847,0.0,0.2,0.1,134,5.280832295456068,24.3314540488389
27,51,0.061386790589610704,0.8063143235116922,0.9133033755917047,0.7298221546380144,0.05132556385594787,0.09032232995506163,0.23110533790475948,0.01884022874643055,0.0,0.2,0.1,149,5.307337260029242,23.71308796080534
27,52,0.06053766944222686,0.80916222565394,0.9245252092102948,0.7551684672728648,0.057681786097288,0.09243273350615114,0.23206906080471618,0.01879066527561031,0.0,0.2,0.1,155,5.056386377491874,24.30594553162704
27,53,0.05994817952638179,0.8342204995750503,0.9755826302107135,0.8544934563114595,0.05074416964670571,0.0929219748376943,0.23234314793845043,0.018588073213719893,0.0,0.2,0.1,170,5.267020039937198,24.23895702744934
27,54,0.05993096491960502,0.834052264668989,0.9754054391616671,0.8681277778318826,0.04970022897540858,0.09280099248268307,0.23235967098042737,0.01861177282876701,0.0,0.2,0.1,171,5.411921324537369,23.982968179273044
28,0,0.7617780397312575,0.9752912103842876,0.974019219590086,0.058700465527808124,0.0,0.0,0.0,0.0,0.0,0.2,0.1,1,17.583735914764084,65.28636993635914
28,1,0.5007134633625713,0.9379477602886319,0.9347519908876639,0.05407856382125522,0.14549561375451725,0.07308528793013222,6.957178601314001e-05,0.00012857806301558,0.0,0.2,0.1,3,11.051632209146842,41.92641052288319
28,2,0.39165182484312105,0.9171230763700413,0.9127851731675887,0.05299947762247766,0.17411642846784453,0.13921654429243369,0.00120868229901594,0.01146939753469586,0.0,0.2,0.1,4,7.415318950643918,39.971637112791015
28,3,0.12914871198868066,0.8233768892973587,0.8183767748889895,0.033380000983975824,0.7698634602886224,0.10028340587188757,0.00127417888281565,0.0025352074345928602,0.0,0.2,0.1,5,5.106390850327632,3.164975775794637
28,4,0.1225398972726782,0.8185884211586754,0.8133554080992007,0.03702383173283628,0.01777480931818583,0.09357728380163123,0.0006231933970799999,0.00119405974405918,0.0,0.2,0.1,7,4.481862558954769,2.014488888286663
28,5,0.10602322546385354,0.809627709697472,0.8080518890140873,0.048932904460070425,0.05053376360551563,0.09357728380163119,0.0006231933970799999,0.00119405974405918,0.0,0.2,0.1,9,5.042812614194665,1.728368386535302
28,6,0.09265842911073868,0.7926691135367695,0.7860782919644094,0.04282365041888131,0.09776327275095237,0.0930378373271994,0.00136369204439355,0.00427265813891373,0.0,0.2,0.1,10,6.918935214686382,11.639472832717898
28,7,0.09265842868613403,0.7976161403574963,0.7953985085973574,0.057120166769958694,0.0007000394300143671,0.09303783732719949,0.00136369204439355,0.00427265813891377,0.0,0.2,0.1,12,6.918933747248984,11.639469906811874
28,8,0.0897784184037656,0.7898318159595847,0.783048292246803,0.05151730026457216,0.030756922095073257,0.11333971776549912,0.00192979730820412,0.01220740508598612,0.0,0.2,0.1,13,8.222297465953293,67.14429172420158
28,9,0.09083872619154992,0.7955269967795542,0.7927698473924072,0.06581635056858592,0.0353118786830652,0.09973118744104517,0.025869831299438067,0.03917169496879883,0.0,0.2,0.1,15,4.614544477339357,12.175239977676515
28,10,0.08675160414401602,0.7901240834453563,0.7868521456999893,0.07786700618765803,0.052615335862323774,0.08119177837010336,0.03238445367603807,0.07211329422792853,0.0,0.2,0.1,17,4.5210097779790575,20.457915128489788
28,11,0.08238253985584154,0.7901206212159996,0.7910668114380545,0.08998799502322972,0.023474909754950063,0.0849941024756145,0.02948682450833926,0.05852148835086377,0.0,0.2,0.1,19,4.495544481067889,24.573342167040582
28,12,0.1143283679206098,0.8159619759100009,0.8122745075991724,0.12898898461194894,0.05744748339232007,0.10443326208332258,0.07630591787449124,0.3233658952723308,0.0,0.2,0.1,23,2.521128260148912,21.037908116236054
28,13,0.07346668281208972,0.7795537798682449,0.7801299061592386,0.08932285151201885,0.02557135261211813,0.10479655120636534,0.020849754010727937,0.042015020355904494,0.0,0.2,0.1,24,6.633069041187387,17.28519613072589
28,14,0.09094636731734893,0.7863466133420158,0.7816737724497331,0.1301912254677983,0.10303373574630181,0.10243212369785182,0.073961733303448,0.2233156117488285,0.0,0.2,0.1,26,2.496905632030254,14.082271425178003
28,15,0.06762453125602316,0.7777328592185321,0.7861622164845428,0.12995477804448402,0.01452811684224941,0.07945620857537614,0.0195760621600788,0.10089658681845246,0.0,0.2,0.1,31,7.256344669005066,1.381192394815001
28,16,0.06042292582728534,0.7607285308495835,0.7642089339850766,0.11522947810897494,0.1001976594055585,0.07976631592046586,0.02011087736687616,0.09109987956504369,0.0,0.2,0.1,32,7.135506788606834,2.5873288363969302
28,17,0.06416872010654107,0.7683846862804441,0.7761257602401077,0.12824238614954214,0.035074236459357123,0.0770194049961399,0.03728241945907249,0.10570268361115213,0.0,0.2,0.1,33,8.224047857343825,1.7985991645346502
28,18,0.06208950256915195,0.7651692304481815,0.7727906772454609,0.1325978649851405,0.035207055148421665,0.07855240048470485,0.038144955063340716,0.09505979825455609,0.0,0.2,0.1,34,8.211284100585061,2.5010358867427733
28,19,0.062370649493182245,0.7692597139436864,0.7811376435358418,0.14826963036731758,0.036175249289107335,0.07950853969517216,0.03745686222252911,0.11053700085781473,0.0,0.2,0.1,35,8.327009426299734,2.504998636226062
28,20,0.06237064272172529,0.7742067218930035,0.7904578341603103,0.15723612241106086,0.01854529414362646,0.07950853969517216,0.03745686222252906,0.11053700085781464,0.0,0.2,0.1,37,8.32701364918101,2.505001631255122
28,21,0.06011286971010436,0.769407086580605,0.7854070213618366,0.16845213710435686,0.056606464655867356,0.07959636365232897,0.036779490742471735,0.11268157030009371,0.0,0.2,0.1,38,7.914634131639202,1.6584170867546066
28,22,0.057974166348816664,0.7523345554408116,0.7552060175720503,0.1570043132754996,0.016909717028484622,0.07870998371625881,0.03813942420029975,0.08939355686065212,0.0,0.2,0.1,42,6.15676222680284,3.418595193110587
28,23,0.057448614033734934,0.7560788796239101,0.763258774879831,0.16614510288513906,0.021511547250799318,0.07956901861184743,0.03818922449193171,0.08983962917620755,0.0,0.2,0.1,44,5.316164686560473,3.1341724765248555
28,24,0.053413317867966686,0.7622569036894369,0.7821309438013229,0.19502566921883632,0.022096540992376734,0.09018696017451025,0.02457909792560329,0.1130545775128337,0.0,0.2,0.1,55,6.622790390450529,1.9085902584061831
28,25,0.052934878592936586,0.7655864472235242,0.7897151569953355,0.2083523778013755,0.02793515394133852,0.08731899551757821,0.03170431242715294,0.10564526432457719,0.0,0.2,0.1,57,6.516238053112318,2.4298011816745264
28,26,0.04527886794073655,0.7546755512188766,0.7825162929427483,0.21244513593538425,0.06169635822792301,0.08744273861443096,0.03058279347787376,0.07773430087733708,0.0,0.2,0.1,59,6.84140456389402,2.394041034368033
28,27,0.07758930124558266,0.823773039545707,0.8667630487763469,0.2765120752280518,0.03218703036889189,0.08536783077451324,0.04934379690877297,0.18848336624794623,0.0,0.2,0.1,64,11.654428458502624,44.26091401869642
28,28,0.10098123647406824,0.8624976761391673,0.9113989615156515,0.349688909956952,0.04050089065478388,0.08819919505860498,0.07830851501670767,0.16955654861197914,0.0,0.2,0.1,76,10.048282155647453,50.0305162938811
28,29,0.10100143581500645,0.8625255394004259,0.9114284716528533,0.3532050982697149,0.0332196505488717,0.08819569435793469,0.0783239340646101,0.1694733386028681,0.0,0.2,0.1,77,10.05239666667386,50.03051129749421
28,30,0.11062311528484203,0.8788431280953839,0.9325818042500392,0.3649190084148899,0.09263955515835501,0.08661622632435345,0.09417901308435744,0.16161333694218327,0.0,0.2,0.1,78,9.079469391968068,36.87251923737859
28,31,0.1106231158775707,0.8837901548939213,0.9419019688438389,0.3757829287038289,0.03499746591622731,0.08661622629736655,0.09417901257571917,0.16161333773756592,0.0,0.2,0.1,80,9.079469282438874,36.87251885860682
28,32,0.10391624915127781,0.8765791150959352,0.9345350326392258,0.3781271216706796,0.03948199934284692,0.08812235989915419,0.08181303117554968,0.1445254022450423,0.0,0.2,0.1,81,8.690365936966716,34.868311626653565
28,33,0.10847273127471342,0.8861306130576592,0.9484792576815458,0.38611096534057937,0.04830307267702254,0.08721454433839357,0.09414765293100325,0.16209431809634406,0.0,0.2,0.1,82,9.643600007001597,40.11046929654226
28,34,0.07149329423982316,0.8125373556897105,0.8827872083168287,0.4474036999385504,0.04845952157309549,0.11274806144880345,0.0980209784108366,0.2836788519792368,0.0,0.2,0.1,98,10.02505635952226,14.952191835832854
28,35,0.07149054871627245,0.8174739843637003,0.8920964493714526,0.47013162718209117,0.04801272493444329,0.11274806144880345,0.09802097841083655,0.2836788519792369,0.0,0.2,0.1,100,10.027641443684423,14.961887264308547
28,36,0.07148219101401168,0.817442337009657,0.8920631585177689,0.46652599156917657,0.0482174068812008,0.11274806144880345,0.0980209784108366,0.2836788519792368,0.0,0.2,0.1,101,10.039538972597224,15.006262914923138
28,37,0.06037748660006391,0.8089556686971536,0.8877865732829916,0.49157598373117817,0.040504863570143254,0.11571349855812656,0.10418601219722372,0.16869164594224323,0.0,0.2,0.1,110,13.764951630268898,13.103002583567
28,38,0.05879869342272605,0.7815659950069899,0.8424954036770841,0.4973314499999549,0.05344360735603304,0.10826302674257367,0.08520461981579043,0.2100589055819805,0.0,0.2,0.1,114,10.749762782284275,13.006401548117648
28,39,0.058379193129759394,0.789817322849808,0.8594111580825479,0.5108241994460314,0.04417515389757527,0.1082707131079085,0.08514287061919254,0.20966166849905207,0.0,0.2,0.1,116,10.749368938922984,12.978792228901904
28,40,0.058401194428367526,0.7897314903356968,0.8593181627884123,0.5218767588939752,0.03858974692837677,0.10827640916765792,0.08521816843321849,0.21005111918762126,0.0,0.2,0.1,118,10.7524590346112,12.991008984442832
28,41,0.05496624069415841,0.7915277141684895,0.8695524949297385,0.5368268838367567,0.08229705805852537,0.11584841144221979,0.09193056293962992,0.17551286146460382,0.0,0.2,0.1,119,13.299121519979757,12.22440853598976
28,42,0.05666661793554752,0.7931757841526887,0.8711971380975253,0.5404387364720673,0.037823308472514416,0.11621036457486963,0.09552256039552928,0.18547440615803382,0.0,0.2,0.1,122,13.396842830044912,12.366958764216577
28,43,0.05191991437953104,0.7818080534300748,0.8553469825517919,0.5408330944016124,0.04162558347257474,0.11594538875005317,0.08894725372776326,0.15564246623444358,0.0,0.2,0.1,124,13.1416211116688,12.14648999404497
28,44,0.06402576540354792,0.7925304007043467,0.8659796409239066,0.5678996604285261,0.04835959239136551,0.1112912870518407,0.09589492657433342,0.2664013595545921,0.0,0.2,0.1,129,10.651635905848543,16.888705204213863
28,45,0.048919823836297636,0.7846506327941383,0.8666741375025373,0.6027078846154599,0.0421035740158492,0.10594733261430064,0.08967731930332301,0.13451830413522214,0.0,0.2,0.1,131,7.925933047317359,11.86316284016162
28,46,0.048652218995840484,0.7928136090461937,0.8834894933651686,0.6400290290240452,0.03357774036610135,0.10368442835600161,0.09017068169217396,0.13446908120170623,0.0,0.2,0.1,138,8.060109759421529,11.868615252271407
28,47,0.0617714529117603,0.78164450665782,0.8504835484591294,0.5236991013787874,0.04454651563075689,0.11126491519647042,0.09052571499129493,0.26378904667625036,0.0,0.2,0.1,140,10.542161004951152,16.875883249289917
28,48,0.24970350538826658,1.0036638760204208,1.0990254744877288,0.8713573440992811,0.23349052750134225,0.11102709066282741,1.0,0.3131255951691268,0.0,0.2,0.1,142,9.949196453012275,14.062383640536742
28,49,0.24926442265457827,0.9827164203455262,1.0645945638151308,0.7591068403470888,0.29140166955076036,0.11108927784655441,1.0,0.322768485997101,0.0,0.2,0.1,143,9.962314022758523,14.082910061661176
28,50,0.2487629004293223,1.0017408802245773,1.101094876478309,0.8911616442559805,0.2328157911608933,0.11099642086030848,1.0,0.3183924254099909,0.0,0.2,0.1,146,9.942361023172118,14.08341525258576
28,51,0.045550047574200565,0.7711842140170547,0.8566389004346344,0.5630242011354699,0.06127889482898227,0.10309105571984006,0.08533860915847956,0.14204515611269986,0.0,0.2,0.1,148,8.23666405640467,14.371482038889251
28,52,0.04473755858963089,0.7897858709009958,0.892710221829792,0.7368700654102801,0.034284798851434706,0.10361374938557255,0.08592544665521801,0.13347082037668845,0.0,0.2,0.1,149,8.029037743184828,11.86897152262574
28,53,0.04448396248969974,0.7686908116612365,0.8540578306392523,0.580483117500587,0.040083871281189364,0.10340222983786232,0.08616755544507673,0.13247742173020904,0.0,0.2,0.1,150,9.261751332642325,11.79617906289851
28,54,0.04233243472723013,0.7902149321141814,0.897383350520478,0.7439693263997028,0.03774329083713349,0.10291718038178238,0.08194140841399974,0.12133151262138608,0.0,0.2,0.1,151,7.897547286253243,11.72840939113996
28,55,0.03905138975191422,0.8008440973611376,0.9210753949274447,0.8983486028624138,0.025597595334305487,0.0987295255554222,0.07450711972628998,0.10507636469811203,0.0,0.2,0.1,197,8.566367015982207,15.169295339423712
28,56,0.03898004219531066,0.8004842286378857,0.9206978387697079,0.8868195135654066,0.03172866490787111,0.09720317132733515,0.07294769290538058,0.10803301481123148,0.0,0.2,0.1,198,8.542907661163984,13.75578286210474
29,0,0.7988519177533999,0.97952270883536,0.9784685681934137,0.05963433511277093,0.0,0.0,0.0,0.0,0.0,0.2,0.1,1,14.520876554458132,61.917981803483165
29,1,0.5240219805265103,0.9420025386811705,0.9390152865171973,0.054976810112558,0.14620135285229718,0.0815677114471345,7.637641763412e-05,0.00015149755222161,0.0,0.2,0.1,3,9.294097001439578,38.27143059140697
29,2,0.5120999551670533,0.9459690699913925,0.9431315295937482,0.059377695151542204,0.018477418719330885,0.09803471559766778,0.00252550801250352,0.00583619542580354,0.0,0.2,0.1,4,13.037362087445436,42.13743316789832
29,3,0.15878782898137958,0.8408629128438152,0.8367592038325768,0.037182799264398866,0.8133992123769057,0.1044577335164488,0.0014314681550026,0.00295172518470449,0.0,0.2,0.1,5,1.7949206934978872,2.974192032696769
29,4,0.14781722778593778,0.8343567008728963,0.8299319118495357,0.040442846137549976,0.024589255874599904,0.10321124137371346,0.00077047152901957,0.0015827400242925502,0.0,0.2,0.1,7,1.5476921421566303,2.082614338886549
29,5,0.14769701474290825,0.839231072766332,0.8391756895614081,0.04716538666341941,0.0005949405143251253,0.10321124137371346,0.00077047152901957,0.0015827400242925602,0.0,0.2,0.1,9,1.613960911006355,2.183916859449299
29,6,0.14768554442504644,0.8392241280875675,0.8391683811786853,0.05311895269971234,0.00036632232845890285,0.10321124137371335,0.00077047152901957,0.00158274002429253,0.0,0.2,0.1,10,1.6100026581439089,2.178069252305997
29,7,0.13671024284336258,0.8274306460809118,0.8226429081326514,0.052565389070284324,0.05471773185101413,0.1026467017806881,0.00107463600424699,0.00221556259992084,0.0,0.2,0.1,11,1.417850274837127,2.22880881852683
29,8,0.13120316080115366,0.8190715086556168,0.8096924124011399,0.052830043415477417,0.017757757596203395,0.1089332074915417,0.00302996240344187,0.00656634791325038,0.0,0.2,0.1,13,1.815620429656352,6.281444860446024
29,10,0.1301382125424304,0.8232867853412908,0.8182433183018574,0.07030134285529765,0.002446497672132752,0.10750249716746672,0.00301613507156178,0.0065710559265087605,0.0,0.2,0.1,15,1.4521092379743092,7.031800928618125
29,11,0.11547126184657464,0.807509429507629,0.79755220673951,0.05872933185311008,0.08268917537659572,0.09861836946852992,0.00255929648037022,0.00419140217728987,0.0,0.2,0.1,16,1.369158864082913,3.477941427717649
29,12,0.10913780722516815,0.8073969073316927,0.8015499853985707,0.07629783043261558,0.020843498251293283,0.10097879496758824,0.00262084560465341,0.00453582914685762,0.0,0.2,0.1,18,1.025046112565826,1.958828406176974
29,13,0.10878074174973625,0.8120489362762079,0.8105600249057112,0.08907696131689057,0.0021240223564696105,0.1009787949675883,0.00262084560465341,0.00453582914685763,0.0,0.2,0.1,20,1.054885644216802,2.0029666537712725
29,14,0.10502915272752791,0.7990964322362621,0.7886691613010642,0.06877919268150133,0.030686520155229872,0.09659261897313401,0.00483768766822509,0.00681056599988005,0.0,0.2,0.1,21,1.522378158479292,3.17556577175515
29,15,0.10390579499184449,0.8132144582313866,0.8157660764518475,0.0849152314382553,0.024981993072159696,0.09494215629890514,0.01045517138154336,0.01565915485400593,0.0,0.2,0.1,22,2.284341095476829,4.602414600713997
29,16,0.09676174960547648,0.7917399033204483,0.7808793519831272,0.07252767449386886,0.046942406435209964,0.09699311205595222,0.00798300961757451,0.01113206556022087,0.0,0.2,0.1,23,1.252311235442041,1.9950060695797511
29,17,0.08390636901828703,0.7884512548341427,0.7856121591680948,0.0809418210030607,0.11319705717975284,0.09209156590334097,0.009121433350701761,0.01782910548229878,0.0,0.2,0.1,24,1.183302249998972,3.136212566471225
29,18,0.07547306638641635,0.7830110991278398,0.7839081945162775,0.08804025173766297,0.0537672905078687,0.09158517364216999,0.013826187814855858,0.0282836415987618,0.0,0.2,0.1,26,1.0602388958498306,3.818622507622037
29,19,0.07105876009588587,0.7880950542317106,0.7976453791595044,0.13813908198305774,0.004164151807114298,0.09344705525188432,0.00728199234379281,0.0113517447852164,0.0,0.2,0.1,35,3.524425632441996,4.979132854658181
29,20,0.07102417616722184,0.7878832415377768,0.7973966499452525,0.14143298925255407,0.008593561656684654,0.09942932330162264,0.01017399864747134,0.010628100768978691,0.0,0.2,0.1,36,3.399982420509767,4.869907739034194
29,21,0.07017012182338643,0.7867791336860626,0.7962392263903192,0.14416250052619814,0.01108727720009196,0.09937461611272272,0.00996158056590212,0.01036377019823087,0.0,0.2,0.1,37,3.467543439552959,4.84997553636215
29,22,0.06804641124252732,0.7836623221002931,0.7929270878744781,0.1499432933387165,0.03324501653372866,0.09894533208991464,0.01153587298955326,0.013986906382355219,0.0,0.2,0.1,38,3.996302752169463,11.35719034136346
29,23,0.06605920574347424,0.7811618033233201,0.7903337228539999,0.15199050028536829,0.017049634942769575,0.09219863789688527,0.00922248819262338,0.01164332830110422,0.0,0.2,0.1,39,4.2950550393140725,11.673468889152383
29,24,0.06600471694948483,0.7860287799674281,0.7995694269034582,0.16739438860364733,0.003352770865423113,0.09209006064357839,0.00932525527567263,0.01150556592847138,0.0,0.2,0.1,41,4.312815872632757,11.768766571048213
29,25,0.06307579291684279,0.7816776928451393,0.7949825056180723,0.1697328797742987,0.038905962767712944,0.09207019866828381,0.01022052475850655,0.01201091718484002,0.0,0.2,0.1,42,4.357997325414733,11.199698242337025
29,26,0.06111401955757069,0.7837858062021829,0.8013300987439179,0.1843584002603643,0.008058254404721733,0.0922253515207876,0.00908735161665356,0.01185915155568438,0.0,0.2,0.1,46,4.721598833009805,10.686375701294743
29,27,0.058505461573893455,0.7883427754447655,0.8142535902919695,0.23095456734050177,0.013300083501514872,0.09229669260837853,0.01643555317379198,0.01756232077033694,0.0,0.2,0.1,53,3.604481892666629,3.81773432735568
29,28,0.05648880586901579,0.7798153591286336,0.8011601757057869,0.23003531019581946,0.034098369134434474,0.09128736996037362,0.01675698268203318,0.018575503740611628,0.0,0.2,0.1,54,2.9371693450943317,6.365243803371927
29,29,0.05452638815170855,0.7816172463824688,0.8071945889506034,0.23258854959419686,0.015433037640909066,0.09406848755492264,0.016678989794766348,0.014604762786974779,0.0,0.2,0.1,56,2.983361551605986,6.37252617105855
29,30,0.05379135649631372,0.7803684856717131,0.8058859005692279,0.24222258692458654,0.013833220342365511,0.0908633259528408,0.01579597296979262,0.01552194253910974,0.0,0.2,0.1,57,3.5900498648733867,6.766468740970133
29,31,0.053777871132361175,0.7852025122802537,0.8150828827394742,0.24917765372324596,0.006186989854462537,0.09406848755492264,0.01667898979476638,0.014604762786974779,0.0,0.2,0.1,58,3.2000065324546787,6.5711798609911085
29,32,0.05255542437701634,0.7781626894915737,0.8035715228756097,0.25826719028456296,0.008335233229033803,0.09640905655303614,0.012354204296810941,0.02143575226549431,0.0,0.2,0.1,62,4.111616736834953,9.41848690921314
29,33,0.04966108062619277,0.7827023220487324,0.8165920061796941,0.27807063857178116,0.04456416919174631,0.09533461544266379,0.01265985083823783,0.01885732072430258,0.0,0.2,0.1,63,4.499077112889541,7.1902452018730045
29,34,0.04637961372485018,0.7756732996925404,0.8091862757441488,0.2835924327834218,0.0331893486172829,0.09370315552366118,0.01358615200301726,0.019885177750644002,0.0,0.2,0.1,65,3.914914767075485,6.3475829581633
29,35,0.045786216591914966,0.7781791891051911,0.8158892836155905,0.29105532408216633,0.019009016007190467,0.099323175150853,0.0139713448023122,0.028899167278713,0.0,0.2,0.1,67,4.00356588490904,8.098279199872717
29,36,0.045500501152426695,0.7825333896597853,0.8245881292775804,0.29782761348948805,0.007788054960775618,0.09945919200991131,0.01396331454798457,0.028529498150818428,0.0,0.2,0.1,69,3.579657516902318,7.125124711801576
29,37,0.04535983299611985,0.7871641698035191,0.8335757260591139,0.3228844834851588,0.00688205626743375,0.09915111478519985,0.01393741768111754,0.02859224136742088,0.0,0.2,0.1,71,4.119084297881052,8.243616064627826
29,38,0.04505990050625381,0.780705204127261,0.8226318614850545,0.33730084230052887,0.014775105476102472,0.09063301490793534,0.01606973436221354,0.03091486972714106,0.0,0.2,0.1,73,4.055205318447737,11.377318668295658
29,39,0.04336050492300008,0.7775215836850795,0.8193146103437247,0.3391779831450362,0.010759501517296708,0.08776211060704049,0.01574757858122856,0.02567814760713133,0.0,0.2,0.1,77,5.970953000026473,14.795785217245331
29,40,0.04125399641680334,0.776632394592748,0.8224741810395508,0.34232227202845006,0.03071491405314236,0.09347647633239471,0.018456652354921298,0.024918724861462672,0.0,0.2,0.1,79,5.738822328543935,15.350670618294496
29,41,0.04031328047315055,0.7686276051706001,0.8099186295653515,0.3659980090806351,0.020004541261984244,0.08860742016084776,0.0184925643370153,0.028768098930039808,0.0,0.2,0.1,81,5.002640495951683,13.010113648863696
29,42,0.038964179602625604,0.7658752882296289,0.8070508017664184,0.357972048716513,0.023555919720072812,0.08816457246103537,0.01735495946451775,0.025958622810170712,0.0,0.2,0.1,82,5.7209336099440975,11.009681864536637
29,43,0.04027535282519912,0.7715869121597452,0.8170902409176243,0.37799176204252805,0.014792878397860858,0.08718806831612397,0.01940999033876749,0.03830370619699098,0.0,0.2,0.1,83,5.371569669928082,7.607923297694036
29,44,0.03743682086021284,0.7666266364281693,0.811960399000282,0.3720197591300698,0.031439442143571,0.08805661438751483,0.01730076142810792,0.02585039403281595,0.0,0.2,0.1,84,5.517077906172269,11.839084512177234
29,45,0.03811928256129622,0.756432928252368,0.7929426688957765,0.3579010672542332,0.019012247725384554,0.09584873317648376,0.01720780178031476,0.03814048130156483,0.0,0.2,0.1,85,5.114982479782661,13.374337421677067
29,46,0.03594538267739194,0.763066605479731,0.8082374837571887,0.3278147397829214,0.01853239975553915,0.0942433419598167,0.01793457974002416,0.02063093425260314,0.0,0.2,0.1,86,5.16922485142263,13.273986110849185
29,47,0.03684910594399072,0.7514002748861204,0.7876184105880955,0.3748538390934443,0.015692989397290358,0.09320540665836995,0.0185015934442526,0.04187701518990774,0.0,0.2,0.1,90,5.311022526265071,13.936662262425454
29,48,0.036534249775150476,0.7692768756917454,0.822866547192892,0.43518810217624915,0.012907093942161767,0.08692558708283424,0.02060366990862027,0.04207572566723687,0.0,0.2,0.1,94,6.668799398641812,13.227725766218304
29,49,0.03402818686790679,0.7561962184290894,0.8009884527942924,0.4373745758176671,0.0100002486029642,0.09234829390668534,0.02060751522302701,0.02013590888510921,0.0,0.2,0.1,96,7.240249333263997,12.573301470262557
29,50,0.034323470486886755,0.7636158563753848,0.8169488522160395,0.4394803807625209,0.038740894771308564,0.08797253465023451,0.02145641216097339,0.03362378509814634,0.0,0.2,0.1,97,6.419002083373454,13.589057268191077
29,51,0.03218209949665289,0.7480377161652001,0.7923640199376467,0.41497138099817504,0.04756331762634432,0.09216973944076026,0.02142533211606374,0.0274225333142002,0.0,0.2,0.1,98,4.737388333158298,19.527785387758254
29,52,0.03186779628261874,0.7569379445167189,0.8099648239379033,0.4459263260509786,0.012707961664151068,0.08704428733575052,0.01988601953062068,0.029449452406877092,0.0,0.2,0.1,99,5.399152221187442,9.836638030591503
29,53,0.03210091823305673,0.7564998697695968,0.8094789219361769,0.45711887302592547,0.01101391187317766,0.08460557116143973,0.02146867039981567,0.03119417561387683,0.0,0.2,0.1,101,5.110639701513735,9.310576008286391
29,54,0.02998936094363598,0.7567397323020385,0.8139084256642766,0.4551900527800716,0.03402250721308198,0.09438292545219452,0.02008939094630962,0.02252616510934239,0.0,0.2,0.1,102,6.628696869766831,13.068852492130398
29,55,0.03207618019324938,0.7581134573823101,0.8152322059821506,0.4695026598122628,0.01617847195416622,0.08910632342225717,0.028376974639021356,0.029391927387176033,0.0,0.2,0.1,103,5.908236466442562,16.277872086937045
29,56,0.029040047496379007,0.7410576564662871,0.7891448321776602,0.4530718764546358,0.028559189883597687,0.0934556123027056,0.022075133635925177,0.02578987948048277,0.0,0.2,0.1,105,6.728555369272262,12.106175012807617
29,57,0.026716414063386512,0.7471547186865516,0.8079285940434935,0.47291480304374184,0.03938221066569883,0.09106044640050581,0.02150119917484459,0.02356648799496814,0.0,0.2,0.1,107,5.040313919622204,11.044239084959433
29,58,0.02668862626824423,0.7519658369038114,0.8171056974351892,0.48875330481153567,0.007022809413337706,0.09103468415387413,0.021504145214983568,0.02359686191220307,0.0,0.2,0.1,110,5.056879619616193,11.054067170520238
29,59,0.026540065959082815,0.7563511058690462,0.825836680598002,0.523454454333208,0.007460868048632262,0.09156998818120479,0.02127887762816036,0.02375702877119082,0.0,0.2,0.1,115,4.999011369861224,10.767826909827908
29,60,0.027369744235350584,0.7498357734455683,0.8147899714852019,0.5456725374737732,0.012924455252293798,0.08808149813889024,0.0238661093744923,0.033634996778409795,0.0,0.2,0.1,120,4.698818020778469,12.822141500058573
29,61,0.025695160059650037,0.7512772605108237,0.820484810800036,0.5528604066809519,0.011485384777199441,0.0885552921801201,0.02193374550843246,0.025716549380591442,0.0,0.2,0.1,124,5.041014327764107,10.838096769953092
29,62,0.025692114616644713,0.7597161511444537,0.8375756171952876,0.589579950916929,0.010193135632974252,0.09095959664284894,0.025051265404521423,0.0232715687262912,0.0,0.2,0.1,129,6.998754789666839,10.891757712255185
29,63,0.024464900296649918,0.7428365682070441,0.8115800470600848,0.5703631412586508,0.06342641927350037,0.0907494841284293,0.02307393094350816,0.029177224686279903,0.0,0.2,0.1,130,6.64146699081602,12.372836107207448
29,64,0.024323204743390295,0.746812803822851,0.8198768129502677,0.5829638084979103,0.011563995936554335,0.09066184279005438,0.02320115663233551,0.029439391027300837,0.0,0.2,0.1,132,6.644760408596508,12.22848404778607
29,65,0.024323091607540943,0.7517592274050214,0.8291963800177833,0.5957157011137857,0.0075842580943999,0.09066184211170367,0.023201159485207852,0.02943939178709178,0.0,0.2,0.1,134,6.644760399571741,12.228477900365831
29,66,0.022259695597310634,0.7339380103335837,0.8022603944608899,0.6208132642157556,0.014775492599216292,0.09054079378070248,0.02338803879793644,0.02136174424088318,0.0,0.2,0.1,141,5.226365717609066,11.011551887979303
29,67,0.021458175669417802,0.727548214146764,0.7955251923692538,0.6663520073522144,0.013663150716497608,0.09113512758354284,0.021080359483556528,0.02917568328363132,0.0,0.2,0.1,149,4.6150507314517695,12.513786430037609
29,68,0.021535564242001502,0.7746764046918356,0.8862370115827735,0.8170852422198871,0.008437868345294685,0.08939829128008221,0.02471874148858855,0.027224583598092676,0.0,0.2,0.1,178,6.7347495723644135,13.861549286535835
29,69,0.021443779676281815,0.778373695152632,0.8942369709561221,0.8403777012144791,0.013118481124712833,0.08835445061362933,0.025292263759266,0.02727742203572553,0.0,0.2,0.1,180,6.645689755601816,14.436768239056118
30,0,0.8315613583980513,0.9830966896301528,0.9822264813708154,0.06042613959224132,0.0,0.0,0.0,0.0,0.0,0.2,0.1,1,12.28539715182396,59.3808928490832
30,1,0.5458856349424472,0.9456434224802837,0.9428435280683448,0.055781065597066984,0.14594355251808921,0.07873708202839881,7.586748215538999e-05,0.00016293326834305,0.0,0.2,0.1,3,7.250320771165838,39.04553243529488
30,2,0.44398208644446857,0.9290575278575317,0.9253265348710162,0.05583771157377057,0.1471330103591311,0.10055583743988326,0.00252513637884243,0.010282249664854439,0.0,0.2,0.1,4,7.852320631560106,40.391468748456205
30,3,0.33779155004729683,0.9029212598813823,0.8979206398711527,0.05034374607589492,0.18728760095212918,0.07841655639301291,0.00014718796949435,0.00030818447755392,0.0,0.2,0.1,5,4.154237608027568,20.968550716185167
30,4,0.19384684973618638,0.8588504958204972,0.8556941909483262,0.04580705501586587,0.19289876954124596,0.08212068651221077,0.000404635707995,0.0008472325876666701,0.0,0.2,0.1,7,1.6575848192644291,4.862667177537683
30,5,0.14373759587300816,0.8269039073613721,0.8179780991832236,0.03980029907205708,0.10436157958624596,0.07838719808435764,0.0007177518682059899,0.0014701941512408501,0.0,0.2,0.1,9,2.227758381346166,2.574403033708037
30,6,0.14041115481597027,0.8297660161884333,0.8251054144131851,0.047245879918452444,0.008463564087995451,0.07904980888957736,0.00074604137403305,0.001530948792271,0.0,0.2,0.1,11,2.298802456230528,2.074435383148624
30,7,0.14015143688749726,0.8345666328222521,0.8342689764495109,0.06344452705031857,0.0011259180525353355,0.07846016821338425,0.00087508909237297,0.00179062693173384,0.0,0.2,0.1,13,2.45857346297194,1.8657573559144036
30,8,0.13003405668187068,0.8229531837363223,0.817935440919342,0.06750160147593412,0.026662222879118323,0.082098623892564,0.00104146530266301,0.00219024955531838,0.0,0.2,0.1,15,1.9870573853195803,2.256984800412588
30,9,0.12516759196392296,0.829467185725612,0.833016793291785,0.07519884625240883,0.014057320557313327,0.08264380310556577,0.00127836819125042,0.00268159303643945,0.0,0.2,0.1,17,2.0023819632841144,1.5171728269180205
30,10,0.12351681932328007,0.8332585551813253,0.8411158931357375,0.08509368319360767,0.005582913527698727,0.08552128810450672,0.0014104353650579,0.0035639857547248,0.0,0.2,0.1,19,1.6370121231733412,1.2943185554162326
30,11,0.12008100040563212,0.8159166348476926,0.810520826386548,0.07295459764823979,0.02095149406649382,0.08589694493669754,0.00179266571947666,0.00375931834388199,0.0,0.2,0.1,20,1.9755643748699248,2.235643549451332
30,12,0.11524646198430627,0.8223023002699325,0.8254315022931392,0.08796184766658777,0.03499328460662272,0.08967761053783721,0.00334608346720506,0.00855842677738288,0.0,0.2,0.1,21,1.4966362295287106,3.599582965674929
30,13,0.107741239018866,0.8211914631115259,0.8283750866883604,0.09442754608858302,0.025760665808842523,0.08749600944349405,0.00368260052918904,0.00922271575726688,0.0,0.2,0.1,23,1.6499275666744826,5.890465422538147
30,14,0.10774125569076459,0.8261385276750721,0.8376953293297876,0.10229381280265296,0.0016588985011198334,0.08749600944349405,0.00368260052918904,0.00922271575726688,0.0,0.2,0.1,25,1.649919777969326,5.89046110078816
30,15,0.081465357623006,0.7907256355454886,0.7921481842460671,0.09850747708768136,0.21304014113480488,0.08897317478073248,0.007010404958424631,0.01698851335028137,0.0,0.2,0.1,26,0.9093536660976989,15.4165774900672
30,16,0.0814335492110226,0.7955965925780027,0.8013610533496034,0.10714233837636652,0.006130194434221099,0.08921686467771182,0.0081751045670029,0.01996916003288645,0.0,0.2,0.1,28,0.8249133284474703,19.3223429449364
30,17,0.08072074670978095,0.7992674949311703,0.8092157458386684,0.11706005774754732,0.020195377086526026,0.08518936305089067,0.01297939135024469,0.03438047412521339,0.0,0.2,0.1,30,1.3164765543910135,288.649847158422
30,18,0.0732365341838645,0.79446955590485,0.8082366537750543,0.13009568476836028,0.048975281655964334,0.08584217957102674,0.0157229606954815,0.03912790362861832,0.0,0.2,0.1,32,1.609794319262675,107.60587743730343
30,19,0.06404361462952494,0.7659552686261846,0.7658571123025538,0.13021492603712814,0.026810713413401095,0.08178291943788144,0.017798090295754403,0.043112330145996844,0.0,0.2,0.1,38,0.7841375871368675,2.4658662604918824
30,20,0.0613401446947575,0.7664003319522191,0.7704435776094921,0.13826136920626572,0.024966776740996406,0.08178291943788148,0.01779809029575442,0.04311233014599686,0.0,0.2,0.1,40,0.4938261529153974,2.7173422705321446
30,21,0.05531624874862798,0.7517229185794668,0.750946583108675,0.13461965508752158,0.04059193369440391,0.07880191538816096,0.01318790522328612,0.041746359131591484,0.0,0.2,0.1,42,0.4517015711032513,2.2988147121517946
30,22,0.04383182680123574,0.7353958270311599,0.7419396015240753,0.14277039770422917,0.2239419087231111,0.09773916809799839,0.023469458462622668,0.036018248503059555,0.0,0.2,0.1,43,0.7677741533706887,1.5494245058929896
30,23,0.04360743742357252,0.7344799207776502,0.7449291354879096,0.16236122082659957,0.04688214095805243,0.09440591857883215,0.03143436740085097,0.05231569053158264,0.0,0.2,0.1,45,0.712331142118479,2.0650287398776075
30,24,0.04338252283217947,0.7372943716331573,0.7519646095402112,0.16900081874979095,0.016942916355191427,0.10029883850853005,0.03440594076028115,0.05459978915699513,0.0,0.2,0.1,50,0.6826931494174541,2.086180677986858
30,25,0.03862145940757768,0.7234610468297846,0.7374400682812124,0.17493242270895135,0.06432365503206984,0.1025591145662878,0.033197968687457266,0.05295332004119303,0.0,0.2,0.1,52,0.6645844380387476,3.9223830545359184
30,26,0.037573853578037164,0.7258891598244666,0.7441343762829609,0.1932229280240273,0.019459645369928533,0.10486668171931818,0.03301579866950743,0.04890556645273732,0.0,0.2,0.1,54,0.5164085799936893,3.166479313819074
30,27,0.037677213982729524,0.7207167754290656,0.734564939677425,0.14546518232647918,0.015347014693679887,0.10363048796551343,0.03312942012153479,0.05106843558337611,0.0,0.2,0.1,55,0.5071235612142302,3.664195460045319
30,28,0.03944681175693927,0.729229405674936,0.7515970449116913,0.21503802604272926,0.04913532833056111,0.10722282484362618,0.042400202940667056,0.06277681146379731,0.0,0.2,0.1,56,0.7201115364179486,4.776032389518306
30,29,0.035825706666365593,0.7132623430240654,0.7307406806357756,0.2186988894020236,0.01933436428331373,0.10113089796133368,0.036639776926145416,0.06435921771215324,0.0,0.2,0.1,70,0.3139426643736625,0.9245547046777836
30,30,0.03436546905550626,0.7125575526311103,0.7341249031377172,0.2346093568483025,0.03514558753442498,0.09839066049648611,0.03621984734979962,0.0638763812058319,0.0,0.2,0.1,72,0.4149133559589342,0.94450942216723
30,31,0.03303767223883324,0.7091527623445466,0.7305814617954407,0.23027075271618128,0.033842567873876704,0.09557766531003635,0.034201411998116174,0.0608005120883911,0.0,0.2,0.1,73,0.5014274490834598,1.2066832331429354
30,32,0.033306027778980146,0.7000861987629479,0.7168524264657266,0.24662095965862216,0.03631990617927181,0.09275668537744775,0.039091058697811334,0.06602377684060765,0.0,0.2,0.1,75,0.3525422267616941,5.335448707489421
30,33,0.02910683062951405,0.678274048072053,0.6939233538984217,0.2511765861113997,0.05651986703740848,0.09821882079539085,0.041476389699790187,0.0600966768728885,0.0,0.2,0.1,79,0.376994491690356,4.564528545078327
30,34,0.03093375471180739,0.673428923014943,0.6886697907290577,0.26828975849800785,0.03283500207682965,0.09309700939686037,0.04522134780060106,0.08349657784301598,0.0,0.2,0.1,83,0.4132955759252523,4.750810034697933
30,35,0.031019816290643286,0.6727491702087337,0.6879435967813342,0.26831326239922354,0.024640069871418334,0.09371578726260833,0.04587106360101599,0.08442336014964733,0.0,0.2,0.1,84,0.4390344473358369,4.763914872135548
30,36,0.030680696328046465,0.6760534407571103,0.6955421405887713,0.2793706856086581,0.029437875672147548,0.09573592302528396,0.04575054148928859,0.083560709385778,0.0,0.2,0.1,85,0.489279026291626,4.811662652001202
30,37,0.027592414600542993,0.6640235240551718,0.6870584141387084,0.2978285727160259,0.14166768360440957,0.08280032325110442,0.03972530540297265,0.08648330028515551,0.0,0.2,0.1,86,0.0797661747774938,2.5623199845468907
30,38,0.02753891606894681,0.6784293449739951,0.7145613148847445,0.3493084645754045,0.01715627155236675,0.08280032290903457,0.03972530531907359,0.0864833013064081,0.0,0.2,0.1,92,0.0642746076757818,2.480449639066155
30,39,0.026389089399622034,0.6556841597657914,0.6783004556890836,0.24602844141786018,0.022620668608824182,0.08918720588911828,0.03788654040918325,0.08808126100445154,0.0,0.2,0.1,102,0.364387814077664,4.673907484355884
30,40,0.026767580140702085,0.6537122980620397,0.6761945047579925,0.3308327811443531,0.034859553120542924,0.08260629265635605,0.03683324389588092,0.09651527357101106,0.0,0.2,0.1,103,0.1923275727298839,5.220086732925464
30,41,0.027050258367779904,0.6568123802760496,0.6876339515373843,0.3944146054398626,0.025822812487091,0.09304177375534273,0.04625658674580782,0.0887813031284231,0.0,0.2,0.1,111,0.2012202237423268,0.4196354657323092
30,42,0.030315754405088997,0.6561238890005674,0.6867197448373723,0.4072823873403684,0.056115101485849424,0.0993539688469164,0.05520561554529248,0.10784510960956879,0.0,0.2,0.1,112,0.3659069815527775,1.372487991782072
30,43,0.030177680825730187,0.654645634865634,0.685165387076329,0.4204418786364543,0.024665827826311014,0.09935396884691641,0.055205615545292484,0.10784510960956877,0.0,0.2,0.1,116,0.3593906597121361,1.3245111124158229
30,44,0.026263881211565622,0.6518946364999714,0.6865730640443566,0.4153036734453391,0.03450690352735279,0.09729313491970455,0.04523327655791719,0.09247034281438335,0.0,0.2,0.1,118,0.3607746379994145,0.5973739432726191
30,45,0.02748450285470044,0.6478528229504782,0.6781402538775773,0.417173694344391,0.020930595186012816,0.0959990085580563,0.050201100641155884,0.09505878931427433,0.0,0.2,0.1,120,0.234431320433495,0.2602657019967921
30,46,0.021812462333851767,0.6214604301446541,0.6342025824866189,0.46873433700796147,0.014322617077956613,0.05719820221390255,0.03646459946478685,0.06671044678016892,0.0,0.2,0.1,142,0.2105722143613246,0.2070419559913189
30,47,0.019293474967641104,0.6150774787373051,0.6316962765834723,0.4776125861423759,0.031732434500415366,0.061084541126454936,0.03839140975707087,0.04600438403871304,0.0,0.2,0.1,146,0.2278342431059412,0.0426545895517853
30,48,0.018724429292225474,0.5957505640168522,0.6072308924387924,0.46798283955922765,0.06927332504177144,0.06005096906051518,0.04305306491424538,0.04154894284277425,0.0,0.2,0.1,148,0.2480933292945584,0.1007978364900677
30,49,0.018716850559351697,0.6005842397153001,0.6164318810002891,0.4841905250467255,0.013206135653263078,0.060050969060515214,0.04305306491424539,0.04154894284277424,0.0,0.2,0.1,150,0.2492705513633323,0.1044562672992215
30,50,0.01871685094819315,0.5956372132257818,0.6071116959087249,0.1717784438414646,0.0127657250625548,0.060050968766453834,0.04305306590431694,0.04154894417471573,0.0,0.2,0.1,152,0.2492705391118307,0.1044562753425142
30,51,0.019883386936132355,0.594460577058714,0.6058059182439155,0.527510334317533,0.015873527071247343,0.058704075564097895,0.04231959120523145,0.05633609883272106,0.0,0.2,0.1,163,0.2070451276100489,0.2349039537488372
30,52,0.02072196407251916,0.5945417810540766,0.6099469345692176,0.5650739332320113,0.02479492672541323,0.060465497393683364,0.039931024894417376,0.07332416900060931,0.0,0.2,0.1,168,0.2794079973403064,0.1832337723610853
30,53,0.020076551883052397,0.5886110650653275,0.6037271223032239,0.5731641477754044,0.036865089578912894,0.061618216934290725,0.03908546979033858,0.07186613205011687,0.0,0.2,0.1,170,0.2076911788820681,0.3364026106865951
30,54,0.021284137808336705,0.5691726500124459,0.5790630133141981,0.563757717308355,0.04285984966904426,0.06505316104440556,0.04261804361824406,0.0854932521293015,0.0,0.2,0.1,175,0.1842248008277275,0.3498432337244933
30,55,0.021881184776566788,0.568345959359719,0.5781594260139361,0.5830262800164868,0.01967722204601119,0.06415120494215724,0.04497682174406546,0.08744701982963234,0.0,0.2,0.1,181,0.1743823537329017,0.390661642970282
30,56,0.02183854494980103,0.5780373027269577,0.5965884470958703,0.6247801130264788,0.018140794596622996,0.06419801141419978,0.04490851010265804,0.08723534097596494,0.0,0.2,0.1,184,0.1741041338242736,0.3710114825432588
30,57,0.021377790530064385,0.5620212688894698,0.5674143625506922,0.18057636753501669,0.020223864999412706,0.06356425176395183,0.04292343514481537,0.08694781242686964,0.0,0.2,0.1,186,0.211162748062811,0.4271957076842409
30,58,0.021652113125744485,0.5815251695942338,0.604380780765794,0.6682070569738818,0.022105735202838477,0.06393024320427376,0.04428524143189329,0.08723444128605487,0.0,0.2,0.1,187,0.1907675896831241,0.4087591538145839
30,59,0.021092706937058045,0.569329550826003,0.5833449058079594,0.6187687770974165,0.031291219560494125,0.0652054775393473,0.04263704707704545,0.08576232218156668,0.0,0.2,0.1,188,0.1935992402828651,0.448261524194339
30,60,0.02104768235578785,0.5791012196302227,0.6018587264070371,0.6572937031272476,0.017272667085540906,0.06526209609701263,0.04255452956328232,0.08551365845457262,0.0,0.2,0.1,191,0.1933539843256497,0.4239466792987272
30,61,0.021080207902232972,0.5888766767831828,0.6203723704843509,0.7017185251964787,0.018327432806443507,0.06520606362023036,0.0426303403921122,0.08575754322218862,0.0,0.2,0.1,192,0.1930497905614398,0.4308484258842625
30,62,0.021036003161548786,0.5689816044272139,0.5829812694388519,0.6411602718201289,0.017573545285230575,0.06526264701215527,0.04254822170485576,0.08550923235135308,0.0,0.2,0.1,193,0.1930856924743462,0.4202147372768696
30,63,0.021036002416356725,0.578875629761553,0.6016216064733739,0.6838323049231331,0.017060677411602648,0.06526264701215527,0.04254822170485574,0.085509232351353,0.0,0.2,0.1,197,0.1930856737153644,0.4202144277652492
30,64,0.02103475128670212,0.5788110433991859,0.6015536131321765,0.6804948534336929,0.017577111501220224,0.06526209609701263,0.04255452956328232,0.08551365845457264,0.0,0.2,0.1,198,0.1928925735764801,0.4036750723363594
30,65,0.021369913405665582,0.5937052223936975,0.629552061104152,0.7326518130339639,0.019715886083301055,0.06510837325989406,0.043783809743300664,0.08653875135584406,0.0,0.2,0.1,199,0.1983709806990787,0.4509018629763101
