Run,Equation_Index,Hybrid_MSE_Train,Hybrid_AIC_Train,Hybrid_BIC_Train,Hybrid_MDL_Train,Hybrid_PSM_Train,Extrapolation_Divergence,Sensitivity_Interpolation,Sensitivity_Extrapolation,Lambda1,Lambda2,Lambda3,Complexity,MSE_Test_Interpolation,MSE_Test_Extrapolation
1,0,0.9598811641625523,0.9897757853838277,0.9894338577465596,0.9221367576125251,0.0,0.0,0.0,0.0,0.2,0.9,0.7,1,1.0722930973335525,0.96010705190808
1,1,0.8621447012904349,0.9754400792273515,0.9740313825885014,0.908719272588492,0.09492814545649544,0.08750527918559915,4.140282585916e-05,4.134634021967e-05,0.2,0.9,0.7,3,0.8614860078642342,0.9167631668183712
1,2,0.45295642905617983,0.8102267117724817,0.8034218262103602,0.7281642281123029,0.79636932737146,0.06663942908677066,0.00026853288281071996,0.00022986620534118,0.2,0.9,0.7,4,0.4225409459135306,0.4287157474400119
1,3,0.42304531250389593,0.7930220582012545,0.7856424711126446,0.7150005944598826,0.034549572968407424,0.06666658484453852,0.00024309738133098999,0.00022860991916171,0.2,0.9,0.7,8,0.3777573432867052,0.449431060990717
1,4,0.4176379379217816,0.7900471714371358,0.7825460726732721,0.7131582970828032,0.03199774066872137,0.06665813950791243,0.00069283504786361,0.00059505505242874,0.2,0.9,0.7,9,0.373122826282342,0.3637796871945212
1,5,0.4040990784693872,0.782403382129967,0.7763227858179984,0.7108517572604015,0.05413423134131858,0.06666416798140086,0.00079548812941817,0.00028233452340094,0.2,0.9,0.7,10,0.3506783681791071,0.3871888979945486
1,6,0.39201883375049745,0.7747282546111757,0.7683941066179313,0.7040827885879114,0.05092580921301776,0.06654940538230804,0.00072491396502756,0.00027326010921113,0.2,0.9,0.7,11,0.3406501109234485,0.3769188963582364
1,7,0.3864909974162857,0.7711452365101547,0.7646921327755782,0.7018373901373095,0.03138091424600124,0.06665268687760854,0.0006758253748759,0.00027021395392128,0.2,0.9,0.7,12,0.3365463891315459,0.3722523134525379
1,8,0.3630627546023781,0.755774127578261,0.7488005387152266,0.6859794788926659,0.09126343695127996,0.06666662146473823,0.00076713982084775,0.00042655792968733,0.2,0.9,0.7,13,0.3315231230803563,0.3196797090226816
1,9,0.3628547688782133,0.7554903287715324,0.7485112506555894,0.6874741469564204,0.014504060556719954,0.06665973656463645,0.00065994206200417,0.00039676619393875996,0.2,0.9,0.7,14,0.3342175495143872,0.3233657077251275
1,10,0.34581537338500284,0.7439391677836018,0.7382418081726105,0.6768613795941875,0.0733933567581298,0.06666662146473823,0.00076713982084775,0.00042655792968733,0.2,0.9,0.7,15,0.2970558656349636,0.3293352209674761
1,11,0.2907597796592358,0.702635063232636,0.7005404442664641,0.6336614913377957,0.12289939326921384,0.07436518661506757,0.00026959337141269004,0.00022837158409983997,0.2,0.9,0.7,17,0.2718268415411887,0.3214951730212798
1,12,0.26633707478002644,0.6812140057224292,0.6801034878815108,0.614391760632308,0.0660117048627933,0.07000914248708388,0.00028379306311147,0.00024026335678765002,0.2,0.9,0.7,19,0.2540557276629511,0.3129331475680137
1,13,0.25804854769516,0.6740204017870036,0.6743189065120077,0.6120513430879829,0.03588388195088687,0.07309320695081305,0.00031768090221436,0.00027011403110308,0.2,0.9,0.7,21,0.2313034884045531,0.2758895907689556
1,14,0.23816238557578148,0.6539226758744835,0.6535696226988084,0.6039918945183778,0.03811387963492745,0.0701146736365352,0.00030206007707324,0.00026609564525273,0.2,0.9,0.7,25,0.2258417784477468,0.2663630003944729
1,15,0.23674104143901925,0.652401125367054,0.6519918527050818,0.6066232083460343,0.018684831174321643,0.07096360462446631,0.00031831363763684,0.00023116914515253998,0.2,0.9,0.7,27,0.2363206297317077,0.2897638311001862
1,16,0.2305768810128207,0.6465009180760031,0.6475635358304305,0.6036409557994663,0.030957913395547407,0.07122032957977267,0.00032253294843753,0.0002689913079903,0.2,0.9,0.7,29,0.2354559802426576,0.2776354990963902
1,17,0.22937530413063167,0.6467044323137706,0.6511499280813418,0.6176348724846776,0.014073108179483259,0.06651895313812473,0.00030105647061121,0.00026355090392511,0.2,0.9,0.7,33,0.2106313039845947,0.2882329335617346
1,18,0.22269694544255342,0.6384855434171259,0.6409401915657417,0.6140149860819846,0.057980891822205775,0.07353724949253923,0.00025152471600975,0.0002046978230509,0.2,0.9,0.7,34,0.2414509520730597,0.2933927083695449
1,19,0.20716311807831594,0.6212524632766525,0.6248161210676533,0.6003964145154764,0.05744681290010987,0.07142326239756619,0.0002603298118741,0.00022832051196073998,0.2,0.9,0.7,36,0.2089189544569286,0.2548637268335885
1,20,0.20588064789180288,0.6196420742872721,0.623150937224886,0.5986062738171635,0.022400462170740716,0.07156194603493005,0.00026058476476136,0.00022861598366327,0.2,0.9,0.7,37,0.2073965821803813,0.2539501410933221
1,21,0.1865988442408035,0.5942609592219339,0.5968389425045199,0.5785599215596119,0.0847399162724947,0.08253947889604225,0.00044707547196522,0.0003629504563382,0.2,0.9,0.7,39,0.1971480751433111,0.1908854480976763
1,22,0.18120977248836687,0.5866767957068463,0.5889952239281908,0.5749661229749662,0.05447729539574612,0.08319831205208282,0.00048006744728726,0.00038738540671041,0.2,0.9,0.7,40,0.1866622019663331,0.1828382788657535
1,23,0.17702094206910512,0.5824027054668568,0.586324835230071,0.5696894072856137,0.021762747013019886,0.07275441302273541,0.00039810786004016,0.00028534171175814,0.2,0.9,0.7,42,0.1877690891317179,0.1828916822202307
1,24,0.1748903737485119,0.5799610707246171,0.5854637518497066,0.5757103817856271,0.03208469343760421,0.07476711246485732,0.00031524570464868003,0.00023209204175335998,0.2,0.9,0.7,43,0.1780284806388552,0.2047226581505679
1,25,0.16343912962442692,0.5619799241878523,0.565188066359194,0.5614856265271977,0.037754513207169334,0.0768121512785189,0.00047682798225099997,0.00035263452804949,0.2,0.9,0.7,47,0.1768834774664059,0.2050185633938914
1,26,0.13274776297237056,0.512190162704033,0.5171113110269571,0.5285447081260471,0.1367108267982716,0.07254539556401574,0.00034107185523698,0.00029103751837752,0.2,0.9,0.7,49,0.124900141640607,0.1649440033092648
1,27,0.11574970342234865,0.4786599559179868,0.48577426467070667,0.4975022408365495,0.044870317542951954,0.07572995554519542,0.00051051334166567,0.00042326316819197,0.2,0.9,0.7,55,0.1175147733135921,0.1158623421180171
1,28,0.10295726417014514,0.45059123919619404,0.4567908329126544,0.4734308739831891,0.14819810323008606,0.07288667322418108,0.00042550976094917,0.00032523520662017,0.2,0.9,0.7,56,0.107296892817438,0.1084655039661803
1,29,0.10026465263954629,0.4446737161720022,0.4523473844853099,0.4827325888687098,0.031044242779053013,0.07288667322418108,0.00042550976094917,0.00032523520662017,0.2,0.9,0.7,58,0.1028913152674578,0.1044623503766661
1,30,0.09428058052423449,0.42909050932047893,0.43623441523037515,0.4707727690303564,0.04105926554183527,0.07441305431480041,0.0003879884190499,0.00030840565414808,0.2,0.9,0.7,61,0.0920293233202724,0.1061063815015168
1,31,0.09427731594546247,0.4297885607010581,0.4386277223632423,0.4779064133066356,0.015468473935328278,0.07441305425025369,0.00038798841965572,0.00030840565476200003,0.2,0.9,0.7,63,0.0918881823846473,0.1060916520472292
1,32,0.08547366477950186,0.40433346634939693,0.4106344385384455,0.440230516745899,0.1393950523557158,0.07591545888839644,0.00050159288518752,0.00037798064709061,0.2,0.9,0.7,64,0.09369952760088,0.094911853407815
1,33,0.07784950593440416,0.3820371705371253,0.3892697593138909,0.4318382253210388,0.07049929508008686,0.07538903652542936,0.00046524207405809005,0.00035058810720672997,0.2,0.9,0.7,66,0.0861307867219158,0.0879633909803401
1,34,0.07530768113441189,0.37935323765925044,0.39820735591551776,0.49986359400124125,0.017141682510926123,0.07456751089376304,0.00043108498307186,0.00029602862133791,0.2,0.9,0.7,88,0.0741856153282448,0.0864230513310344
1,35,0.07483302516342535,0.37669086037059707,0.3937782233485977,0.505391610858094,0.025965086237450894,0.07506530936189314,0.00045417875908723997,0.00037245026747454,0.2,0.9,0.7,89,0.0706183912582865,0.0844499335693793
1,36,0.07466306331112846,0.37610438852756184,0.39317173235478203,0.507586849983223,0.018599171667581786,0.075302662682037,0.00043680442438726,0.00034442383324076,0.2,0.9,0.7,90,0.0707027453270622,0.0863844369237948
1,37,0.07419097113081694,0.37469882629574097,0.39172126878618024,0.5060402545896906,0.018907402005154263,0.07508285681085242,0.00042307742987596,0.0003352729012611,0.2,0.9,0.7,92,0.0699354181024627,0.0866661957545996
1,38,0.07075751759505167,0.36581877720873307,0.3875686340788162,0.5016480810911441,0.06742953762577898,0.07371258925695681,0.00043692007781586,0.00034226080092957,0.2,0.9,0.7,93,0.0742210204302906,0.083674978644244
1,39,0.06893395978332743,0.35596267553008754,0.36902399060973273,0.43755168857008186,0.025546814739399615,0.07373822209268589,0.00044069258200904,0.00030245992389838,0.2,0.9,0.7,96,0.0729429596675012,0.0810736395856987
1,40,0.06882254612863997,0.3601894479398444,0.38509128398075676,0.5297896271784637,0.015998731230318048,0.07427297638613224,0.00043589255589458997,0.00033891068040623997,0.2,0.9,0.7,104,0.0706980786465542,0.0845174638904625
1,41,0.06855615369202721,0.3589880521815187,0.38384642577981326,0.5435798949059679,0.017681806386115686,0.074722876353518,0.00044116232964338,0.00034432463838205004,0.2,0.9,0.7,107,0.0705632870032383,0.0748867450176237
1,42,0.06813667497769105,0.352546719560825,0.3654862975156981,0.4419517551949455,0.017993864595787504,0.07453031983076466,0.0004399718698827,0.00039768091550478,0.2,0.9,0.7,110,0.0707642708074956,0.0751849394494375
1,43,0.06633708572161565,0.3525820539702618,0.3805728579735627,0.5511700961769643,0.045775684232879775,0.07411285937991521,0.00044167900523150994,0.00039886089588203003,0.2,0.9,0.7,111,0.0705381361468415,0.0765745572110973
1,44,0.06451461049471104,0.34618708574072155,0.3756322577357744,0.5485028947030424,0.020607882470865025,0.07484736871560935,0.00044217134367668,0.00034727731407995,0.2,0.9,0.7,118,0.0695404657333389,0.0775482829808192
1,45,0.06275402724430136,0.3417127804175167,0.3760259318017899,0.5647474126561709,0.02612828842036393,0.07484360865122532,0.00042412901764516,0.00029416529443901,0.2,0.9,0.7,121,0.0655007314780193,0.0722505992424168
1,46,0.0593222468185243,0.3277734924195907,0.35995271405701607,0.5660732270089859,0.047396769582470036,0.07415963574850261,0.00043114262653993,0.00030514030304674,0.2,0.9,0.7,123,0.0686520933579965,0.073630211514003
1,47,0.056846111480123654,0.3181012499675064,0.351628906588647,0.5498818085175914,0.04050419383461648,0.0740448391362573,0.00044917730613421,0.00031723487844554,0.2,0.9,0.7,125,0.0653993193339596,0.0739901200602454
1,48,0.0555392026985987,0.31377567952999164,0.35050172066442004,0.5811599390188718,0.018936475313755377,0.07417464145197093,0.00044887736462911003,0.00031591348313567,0.2,0.9,0.7,133,0.0649822001375167,0.0697778369971719
1,49,0.05421517484909172,0.30922247475883385,0.3491387121599298,0.5860473002961173,0.020367455092706457,0.07443862020504506,0.00043360822175461,0.00031997661191780996,0.2,0.9,0.7,139,0.0616621215482186,0.0707897925799025
1,50,0.05344636495177404,0.30637308655279444,0.3478646011743458,0.6001845864644366,0.01995248322426958,0.07452977654333097,0.00045677133354319005,0.00032262362246883,0.2,0.9,0.7,143,0.0627180092883345,0.0681022945111027
1,51,0.05273405548757323,0.3037526382536859,0.3468278759204965,0.6051063706093149,0.020931656175713444,0.0745998855577634,0.00045938436032815,0.00032409891379752,0.2,0.9,0.7,146,0.0619634403106532,0.0675818562665538
1,52,0.05182270188808748,0.30072965876320484,0.3453803135774012,0.6243655431925393,0.019757225339526906,0.07390885118010923,0.0004624684857743,0.00032205032061177004,0.2,0.9,0.7,150,0.0607868718488316,0.0649284681040285
1,53,0.05014077099305707,0.2978540392834376,0.352447487970651,0.7289827192561817,0.01631469072913885,0.0728417924127301,0.00046324943765779,0.0003100989530961,0.2,0.9,0.7,180,0.0596309397008203,0.0722744981637569
1,54,0.04984224224658339,0.29110559731529323,0.33210091662088076,0.6035920496630692,0.020002189598234073,0.07240510805133313,0.0004595738129956,0.00031407075852893997,0.2,0.9,0.7,181,0.0581075238144737,0.0676469614102683
1,55,0.04870752654733856,0.28737228970200596,0.33325551891103694,0.6224558065966306,0.029624487193616548,0.07285525041019704,0.00046228698578285,0.00031158414773973,0.2,0.9,0.7,183,0.0599456677915571,0.0726766544726842
1,56,0.04774889490191334,0.2868299895463255,0.3427263603192196,0.7439365006745073,0.021021038657946804,0.07290116330560872,0.00046070298949325996,0.00031214495964299,0.2,0.9,0.7,187,0.0579738454056765,0.071350275302515
1,57,0.04653538453477034,0.28201962356642835,0.33776598149465775,0.7417955934399219,0.025766623802680633,0.07125657954352653,0.00046421062198842,0.00031455540696999,0.2,0.9,0.7,189,0.0576468790138961,0.0690416509237866
2,0,0.9974343201119472,0.9993582722895958,0.9993368161802247,0.9338310577518325,0.0,0.0,0.0,0.0,0.2,0.9,0.7,1,0.921127907727794,0.9723133669765948
2,1,0.6677975511235241,0.9103029360727811,0.9051547046992069,0.8360543525503856,0.269221589131815,0.06681388081618092,0.0004431779573225,0.00071635370657328,0.2,0.9,0.7,3,0.6475663256507159,0.6528001122932099
2,2,0.6419096275559152,0.8988385882194279,0.8933389609813142,0.8252085052045777,0.059960453338504624,0.06280653670043891,0.00035916791842768,0.0006052520134472901,0.2,0.9,0.7,4,0.6130920058958972,0.6183819278235441
2,3,0.58332736550158,0.8743024427877306,0.8696223423218982,0.8034139748607018,0.13336457156496734,0.06681388081618092,0.0004431779573225,0.00071635370657328,0.2,0.9,0.7,5,0.6089034702126596,0.5853033858964045
2,4,0.3587369652888538,0.7515057009728769,0.7427450524342897,0.6644316397417679,0.6053153734247099,0.06666334005155551,0.00010825185840793001,9.704373454395e-05,0.2,0.9,0.7,6,0.3439356343958919,0.373743446839513
2,5,0.35680267074945593,0.7501483022851139,0.7413423007724238,0.6651865093220007,0.0200731512278687,0.06665806538226743,0.00010812823728988,9.682739447571e-05,0.2,0.9,0.7,7,0.3423739282366561,0.3684220700997758
2,6,0.3353458869484229,0.7395278736272951,0.7303780791082936,0.6549733880298617,0.08738764555939367,0.06483726903756773,0.00012212353781609,0.0001152899915255,0.2,0.9,0.7,8,0.3175681711820513,0.3124924266244615
2,7,0.2775489141243388,0.6878973548483374,0.678693065793319,0.6009299769647162,0.12788791059115343,0.0648328898941818,0.00012146968191679002,0.00011511932130345,0.2,0.9,0.7,10,0.2865030601447846,0.3041932573908731
2,8,0.24037791193830324,0.6526992650288581,0.6439504298968761,0.5692414670453162,0.10426226402353934,0.07014902968128833,0.00019741613615537,0.00018709534140482002,0.2,0.9,0.7,12,0.2681781489565098,0.259046855110133
2,9,0.2240584818304012,0.635795489715131,0.6281449853055935,0.5593474390268517,0.0578977656132898,0.07124076265473804,0.00021606338181739997,0.00020818377980655,0.2,0.9,0.7,14,0.2647464201330797,0.2382056832106809
2,10,0.2078903915566481,0.6171059776739791,0.6087900162858602,0.5416224057163666,0.0647522023449794,0.07745496255443934,0.00019733167410458,0.00018766135509865,0.2,0.9,0.7,16,0.2231733336004941,0.2654196877176048
2,11,0.20182134864185738,0.6101613658665599,0.6032841346733049,0.5436253495257118,0.03396922060757459,0.07758854567214848,0.00019947231024112998,0.00018820447955757,0.2,0.9,0.7,18,0.2184432466177255,0.2539061809610141
2,12,0.19958204058750773,0.6083092272868555,0.6030364560827288,0.5484086394162838,0.0232975383491371,0.0781194025375514,0.0002428822753024,0.00021722066443848002,0.2,0.9,0.7,20,0.2181779553376629,0.2550544874221654
2,13,0.18282507615944296,0.5860041604358951,0.5799952054617593,0.535980860224194,0.12066216227440538,0.0760881038268517,0.0003114551833516,0.00029675747376168,0.2,0.9,0.7,21,0.2968190816381579,0.2415578211447274
2,14,0.17699976416710114,0.5778927745472143,0.5716131594151896,0.5238212856087828,0.05494587132363597,0.07631198026088257,0.00027726053989991,0.00025254555094144,0.2,0.9,0.7,22,0.2485798885349098,0.2388162833260278
2,15,0.1758359776829654,0.5775713028752212,0.5746184152787418,0.5322783864948756,0.01899143443126755,0.07746419434396855,0.00024316720035909,0.00023948537870149,0.2,0.9,0.7,25,0.181525711276194,0.1746219020594116
2,16,0.17286499190235816,0.5718297679508212,0.5653369777624461,0.522473459988145,0.0375874815236366,0.07812467418627515,0.0002348864209261,0.00023502195839864002,0.2,0.9,0.7,26,0.1660154881052425,0.1728571814197644
2,17,0.1722908023060203,0.5708590726322714,0.5643240138890336,0.5235820638041883,0.022418753718478332,0.07909018488475278,0.00029628082480394997,0.00029939424604164,0.2,0.9,0.7,27,0.1722251589065811,0.17381158592405
2,18,0.16091699834736378,0.5565908094640588,0.5546377820471337,0.5073131765082913,0.08845054242506642,0.07374641486591164,0.0001535890309473,0.00015645512279323,0.2,0.9,0.7,28,0.1343375796308666,0.1725759839181977
2,19,0.1277288687884012,0.5037901058159993,0.4950142665102031,0.44946286378728256,0.3064284315163917,0.07907620210358586,0.00024231287136637,0.00029100428491693,0.2,0.9,0.7,29,0.1189236262561308,0.1164682203851789
2,20,0.09582931574442007,0.42547362462895255,0.4141081898244447,0.3715788554666199,0.1838338729032934,0.07488536915610502,0.00022186634787927,0.00026815758800107,0.2,0.9,0.7,31,0.0963323263626232,0.089214186733443
2,21,0.0954644672577388,0.42473586844710254,0.41334042925072123,0.37299363612069936,0.018806045243966993,0.0756539928776552,0.00022492430600073,0.00027238128874693,0.2,0.9,0.7,33,0.0964108440915403,0.0905078444663319
2,22,0.09429673921962894,0.421566202622519,0.4117289182033261,0.37255868993998803,0.03346102799921994,0.07662449337274727,0.00024810827199334,0.00029745219606876997,0.2,0.9,0.7,34,0.0999123104976219,0.0918604159851059
2,23,0.08948576842404839,0.40845342300992515,0.3981731187013961,0.3603015437303436,0.08056063710754803,0.07714728663714901,0.00026349709695927,0.00032267136850991,0.2,0.9,0.7,35,0.0958442503781789,0.0911457241366274
2,24,0.061102097170742484,0.3167563719509584,0.3050999553658553,0.2659374995571422,0.46043555352594956,0.07459241609542618,0.00024798945570081,0.00029640542950636,0.2,0.9,0.7,36,0.0635926206760304,0.0576615104453437
2,25,0.05740292412577206,0.30273707218301804,0.29062335770164643,0.2527997137777262,0.08136061812927334,0.07306692719478958,0.0002248054897082,0.00027133452218452,0.2,0.9,0.7,37,0.0552551726689189,0.0523945165650324
2,26,0.04857050684673266,0.26280287121252566,0.2510201627691515,0.21176643611327708,0.21305239145904345,0.07368520470926263,0.00025090213579919004,0.00029956268055679003,0.2,0.9,0.7,38,0.0565614422371602,0.0499874903210683
2,27,0.045959536000756855,0.25300190860435445,0.2475834471532662,0.2355762523666865,0.021113915446110517,0.0731976439545106,0.00023208965977232002,0.00028044888261185,0.2,0.9,0.7,48,0.046475829262533,0.0469041012033952
2,28,0.040073224330503816,0.21826809525303273,0.2116720319650944,0.20471688664808008,0.10096789443804063,0.07550160644823042,0.00024352757738281,0.00029774545759479997,0.2,0.9,0.7,50,0.0491009733089939,0.0391895559817876
2,29,0.0393877530347708,0.2148415151025894,0.20980280214627023,0.21473600170288396,0.025469658490999466,0.07550160644823042,0.00024352757738281,0.00029774545759479997,0.2,0.9,0.7,52,0.0494592644071658,0.037938738571185
2,30,0.03930240405186785,0.21589391141363995,0.214235142148207,0.24421194649577455,0.015689880445508318,0.07544567220645507,0.00023554225490906,0.00028516941495194,0.2,0.9,0.7,61,0.0477382112552548,0.0394303234542649
2,31,0.03872897977081126,0.21340668933133716,0.2133385536369179,0.2433171181362657,0.020525964859821735,0.07521874276953448,0.00022859572497849,0.00027886187877669,0.2,0.9,0.7,64,0.0487325547284063,0.0394960455795151
2,32,0.027134684799547434,0.12991897388397333,0.12872618124111096,0.1727403851247371,0.1518965278423357,0.07539072339949672,0.00028975877777042997,0.00035923944838532997,0.2,0.9,0.7,67,0.0280125660727058,0.0328122607884626
2,33,0.02701968350218026,0.12865158233362675,0.129083935676492,0.18340133492011768,0.020838055719776663,0.0760148194539178,0.00029372118315496,0.00036401764739719,0.2,0.9,0.7,69,0.0269332921544446,0.0332348826845011
2,34,0.025352516843724943,0.11832218697476386,0.12009639841855511,0.1842239957983571,0.028110915216562855,0.07352764459568521,0.00031505457094624996,0.00039227548704657,0.2,0.9,0.7,73,0.0294944165128948,0.0317088980357725
2,35,0.025108026849143383,0.117564211182771,0.12098814879180034,0.19572086322921986,0.018442228414821304,0.07301442426027649,0.0003198114638527,0.00039833100449765,0.2,0.9,0.7,75,0.029302803853182,0.0324710697030575
2,36,0.024813487889034504,0.11268484581120987,0.10926046636433863,0.09758195041645355,0.024675116781588936,0.07273739516329435,0.00030833462929725,0.00038387763897165,0.2,0.9,0.7,76,0.0292807219691909,0.0318363442017852
2,37,0.024619800927901413,0.11210318105755829,0.11534025726517513,0.18966453162335045,0.032874892264704816,0.07367771158689344,0.00031589445377475003,0.00039565997056296,0.2,0.9,0.7,77,0.0286566676966016,0.0303308065684589
2,38,0.024521564731289542,0.1120496321247487,0.11695744043907441,0.1971009370544703,0.016476668297110298,0.0736107177355962,0.00031390254995353,0.00039190733666293997,0.2,0.9,0.7,80,0.0289697414763182,0.0302060164849753
2,39,0.02417785105789803,0.11054194798383317,0.11540615976136732,0.2413498657669442,0.016120138679080378,0.07264741028399291,0.00031715212686138003,0.00037162067907573,0.2,0.9,0.7,86,0.0311532898744097,0.0326329803281115
2,40,0.02360372582390998,0.10528089758172905,0.10996965337151084,0.21354461380456077,0.040516112971433316,0.07264333537116924,0.00030222371104038,0.00037207225776918,0.2,0.9,0.7,87,0.0308963716711093,0.0321511729649994
2,41,0.02385704084812638,0.10616668210881099,0.1125482221392682,0.24134736209345925,0.015523932768107748,0.07398989411204042,0.00030062916656322,0.00036376600566323,0.2,0.9,0.7,89,0.0309197663376977,0.0315682881550146
2,42,0.02344811633319243,0.10499524783486779,0.1113482830187858,0.2598597755106513,0.01914483700112937,0.07233906667341229,0.00030278177075299996,0.00037705760523958,0.2,0.9,0.7,90,0.0300682410773425,0.031376256892167
2,43,0.02342225531924511,0.10654089332828004,0.11796010423837085,0.2844689949301301,0.01553724094256424,0.07252114561210063,0.00030501121014050997,0.00037709421669849,0.2,0.9,0.7,96,0.0296729045272557,0.0311777624437707
2,44,0.023116473187269927,0.10313294047914144,0.11443634792348135,0.29444347977649227,0.023492913973577112,0.0727906691395077,0.00030741508151182,0.00037591395619343,0.2,0.9,0.7,98,0.0292874755056605,0.032015762144333
2,45,0.022830267533320275,0.1001769066614976,0.11138079085148837,0.27426262620404,0.019929311139276724,0.07289484083359274,0.0003080334685142,0.00037426583249317,0.2,0.9,0.7,101,0.0313662501913563,0.0320039689342539
2,46,0.022625938890782942,0.10029631901959118,0.11651997680427367,0.32573406179380376,0.01608766019544587,0.0728688364738492,0.00030982433873053,0.00037879934686857,0.2,0.9,0.7,111,0.0306458907105039,0.0322114606062397
2,47,0.02273099437722285,0.10323235631140787,0.1279076726319392,0.4246097265148228,0.015481634606661923,0.07359178642766451,0.00033353418436828,0.00040465235479747,0.2,0.9,0.7,132,0.0321391113266585,0.0346726815303338
2,48,0.02271028388723132,0.1039109164468593,0.1319507715621721,0.45365613844329755,0.016324306686132276,0.0738159946516441,0.00034663929461547,0.00040886035604056003,0.2,0.9,0.7,136,0.0321274174157628,0.0338765552176946
2,49,0.022705188210978822,0.10488747391395375,0.13630238466442893,0.4120199891320737,0.017728463560525376,0.07315825348187428,0.00036505474757795003,0.00063501695743183,0.2,0.9,0.7,137,0.0286900397280902,0.0337298822675463
2,50,0.02240635515791539,0.1015077491162206,0.12946956837992712,0.4479267683403412,0.023870149782122662,0.07353594123038545,0.00034581604094655,0.00039072918361313997,0.2,0.9,0.7,138,0.0313579859710676,0.0339558343969145
3,0,0.9731501758829687,0.993203034000636,0.9929757792592437,0.927015964817765,0.0,0.0,0.0,0.0,0.2,0.9,0.7,1,1.0176876225266296,0.962796400707538
3,1,0.6558363951397308,0.9046044460179442,0.8992790436827305,0.8297734057044777,0.26460165938164976,0.06669912376363522,0.00043134338681619,0.00019254477984492,0.2,0.9,0.7,3,0.6941819260614293,0.6528001122932099
3,2,0.6295226856653415,0.8930822304173873,0.8874016902163647,0.818858986626324,0.061376944502670304,0.06273715525210447,0.00035217798643848,0.00013853488945485,0.2,0.9,0.7,4,0.6616397692724809,0.6183819278235441
3,3,0.6233665264364117,0.8898916363138427,0.8841257336057576,0.8164703906496715,0.023093964337608127,0.059860854466892176,0.00030358668663183,0.00011199519701645,0.2,0.9,0.7,5,0.6520928161591619,0.6080135706271479
3,4,0.3212180862777858,0.7238051444430662,0.7141174550507886,0.6368618367328659,0.8249456225325732,0.06665586594161907,0.00013343242236808,9.884071878697999e-05,0.2,0.9,0.7,6,0.3716421657891902,0.3517777365636679
3,5,0.29768261446388755,0.7056054332035206,0.6969489618252149,0.6206411629499258,0.06266175918614171,0.07096632860630056,0.00020467975050958003,0.00014883145975107,0.2,0.9,0.7,8,0.3497508260323798,0.3328514909999343
3,6,0.294719512683795,0.7038007545217657,0.696756139404832,0.6267790387843548,0.02055236201157671,0.07093801746202164,0.00020448762133517002,0.00014750606553085,0.2,0.9,0.7,10,0.340966851021426,0.3273648396942722
3,7,0.2893655629610759,0.6991958289983987,0.6919970838060941,0.62355459182493,0.0219249126433841,0.07096441633716018,0.00020238311731235998,0.00014813590905042,0.2,0.9,0.7,13,0.3463008304315458,0.3439887801502539
3,8,0.2480588941484432,0.6621803922829771,0.655413784442898,0.582585663812291,0.2021560181097432,0.07113120605587736,0.00021862544697097,0.00016653606366055998,0.2,0.9,0.7,14,0.2800547709716431,0.2389454466934515
3,9,0.19407511815938477,0.6012341091048118,0.5957619638988422,0.5245671014236576,0.0898192832700883,0.07268837966847193,0.00024395325669987,0.0001782085792028,0.2,0.9,0.7,18,0.2159541395037341,0.1926474557199822
3,10,0.19285857876731677,0.6003902805436682,0.596562250410566,0.5268685736854332,0.01864194938987886,0.07222813186227,0.00030530534123957,0.00021328674869627,0.2,0.9,0.7,20,0.209204959306153,0.1851099597576505
3,11,0.15700019818357389,0.5481902059624916,0.5425677148324086,0.47973345653406746,0.14639991149914136,0.07969839872746136,0.00027936274984055,0.00020431778301445002,0.2,0.9,0.7,22,0.1784613666357394,0.1809645202758723
3,12,0.13844176127073904,0.517333090068625,0.5123510612007377,0.4596595403439897,0.04692906155780477,0.07946916518846252,0.00029017340400175004,0.0002410701447445,0.2,0.9,0.7,27,0.1537024076126015,0.14985491142082
3,13,0.137695860996713,0.5166956083278523,0.5133646133900749,0.4640488472173065,0.019539863458234642,0.07952828611573606,0.00027544633092785,0.00022499708261156,0.2,0.9,0.7,29,0.1539449361825904,0.148630665880446
3,14,0.13768520693355524,0.5166758314538524,0.5133441652099128,0.4676547068244839,0.016408763090821864,0.07952779721155787,0.00027563273256154,0.00022544701614177,0.2,0.9,0.7,30,0.1539750811065613,0.1486807726149621
3,15,0.13652946060740648,0.5152933711626333,0.5135883582441239,0.46768834690234307,0.026272932412947522,0.07931920548314153,0.00028529757276913,0.00023123722098913,0.2,0.9,0.7,31,0.150173601391492,0.1458067139195962
3,16,0.13485610043006602,0.5115010341373144,0.5079974611231584,0.4666164008397887,0.031220401311425745,0.07946442694529723,0.00026828308351449,0.00020450813419564998,0.2,0.9,0.7,32,0.1545171234955332,0.1503787228865247
3,17,0.13443216126591734,0.5106574532745296,0.5071235315893315,0.47270707626008135,0.018543790897713915,0.07945440021619421,0.00031393938340455003,0.00024010394266773998,0.2,0.9,0.7,34,0.1531103035136868,0.1493809878254007
3,18,0.13253462030308394,0.5071518756516031,0.5035029026750447,0.4688324655493379,0.03296190998809456,0.07944860666402569,0.00027236284066018,0.00020253847668216,0.2,0.9,0.7,35,0.1498143950520792,0.1505371073674423
3,19,0.1314968541606665,0.50591692176038,0.503899603452894,0.4713732737840972,0.02087948973512302,0.07921644345672041,0.00028144943812539,0.00021351437864901,0.2,0.9,0.7,37,0.1474205700085579,0.1487358424354063
3,20,0.13149111468204627,0.5058720649776622,0.5038519987357363,0.4783507226473442,0.016417410410782894,0.0794493175543573,0.00028348334550169004,0.00019817313871698002,0.2,0.9,0.7,40,0.1475624461179111,0.1476911999306107
3,21,0.13143194433129138,0.506467618935934,0.5061394403990584,0.48291537557589637,0.01654647782404416,0.07944947383667686,0.00027933284625965,0.00020077560766096998,0.2,0.9,0.7,42,0.1476026347455842,0.147935773726853
3,22,0.1310721679483149,0.5057713755920832,0.505419545980099,0.4891747688071135,0.01801068573329664,0.07944663790246774,0.00029078603955982,0.00020312064331228,0.2,0.9,0.7,44,0.1478246002600763,0.1469645082230936
3,23,0.13040109343267386,0.5066555751585418,0.5113509255986572,0.5037464047889,0.021957820439946173,0.07921288674512662,0.00028801639866799,0.00019437871983958,0.2,0.9,0.7,45,0.1459300446528068,0.1468212095606469
3,24,0.12836419242850028,0.5011255162231019,0.5022859471334791,0.4964859780565987,0.0372824310197534,0.07945058798299351,0.00037579789424515,0.00027727896507495,0.2,0.9,0.7,46,0.1435881941878047,0.1443739766306013
3,25,0.12702370674559027,0.4992897123434638,0.502063712508598,0.5108432932633771,0.017817785665434183,0.07945030717672048,0.00033712910678543003,0.00019717026570433,0.2,0.9,0.7,54,0.1439434413832905,0.1443964879501347
3,26,0.12652454360440293,0.5010774015049727,0.510597090809322,0.541439719278182,0.016914940817181597,0.07921400752979689,0.00034265706656624997,0.00033427337466091997,0.2,0.9,0.7,64,0.1568421639771915,0.1418068860781607
3,27,0.12653153170032608,0.507361981179362,0.532136127124614,0.728277312977765,0.016489754573065046,0.07945028848496206,0.00037463008181724003,0.00035464209879766,0.2,0.9,0.7,120,0.1440854515565135,0.1454473703543877
3,28,0.12649597280590102,0.508020243718941,0.5344890755387073,0.736698344207955,0.01651592686490691,0.07945028994528731,0.00036604368809657996,0.00033345322854196004,0.2,0.9,0.7,122,0.1441538814786624,0.1454041721158475
4,0,0.9869571281762077,0.9967209784087736,0.9966113512067288,0.9309110396125785,0.0,0.0,0.0,0.0,0.2,0.9,0.7,1,0.9618258711815616,0.967724417947192
4,1,0.8115823689006574,0.9582781346822311,0.9563832342674178,0.8899985415616452,0.14440509889020003,0.07456527300265338,1.841302814893e-05,2.236113826968e-05,0.2,0.9,0.7,3,0.7781704713700773,0.8448087800754365
4,2,0.4655672406515982,0.8171690241271788,0.8105943496582891,0.7358442587232229,0.6925222242329951,0.06665057991311722,0.00029247262728475,0.00027840872361333,0.2,0.9,0.7,4,0.4036353407714876,0.4228707273790129
4,3,0.3366992632786991,0.7356158975402213,0.7263218075268002,0.6514563756435957,0.2107661290996508,0.06664335597786919,0.00013160959588281,0.00016234589738844,0.2,0.9,0.7,6,0.2970366721207788,0.3460064370673212
4,4,0.3190200763404647,0.7229871449821058,0.7149133590507096,0.6416091467995267,0.04890282778438766,0.0705242174867472,0.00018880099413855,0.00023289386017524,0.2,0.9,0.7,8,0.2668167437533163,0.3319289433222837
4,5,0.31442542484294517,0.7186370440476532,0.7087455551883978,0.6420008994830129,0.02035441963423185,0.07083199421473745,0.00015879450817355,0.00019816666867186,0.2,0.9,0.7,11,0.2658750102693882,0.3247313956067609
4,6,0.3139646791221459,0.7183280024894663,0.7084162173703964,0.6481495189391461,0.017689767648817918,0.07215953231991676,0.00017659186220473,0.00022153457540146,0.2,0.9,0.7,12,0.2642043668914936,0.3370336434396551
4,7,0.29625020548612563,0.7047595231919459,0.696066282163509,0.6330557774316153,0.0855087264023972,0.07201368456335407,0.00019202623234242,0.00022920213589366,0.2,0.9,0.7,13,0.2412697865747265,0.3225990998151942
4,8,0.28258364596196184,0.6932922540658844,0.6858812439539395,0.6225980996392303,0.07328184545172277,0.07248847241509845,0.00024393472587814,0.00029449076869988,0.2,0.9,0.7,14,0.2217746117815679,0.2770954207891748
4,9,0.2752397347551909,0.6874554043770291,0.6814919359333351,0.6203034466959287,0.033778425946561115,0.0766993872467745,0.00026737387481691,0.00030844073331304,0.2,0.9,0.7,16,0.2212174270629961,0.2662367687085333
4,10,0.2688722005412279,0.6815584257403737,0.6753966806546582,0.6137707206101288,0.03020863391699321,0.07730482195719449,0.00021645898202839,0.00024789092126738997,0.2,0.9,0.7,18,0.2197766919048656,0.2614028016235964
4,11,0.26648344885920794,0.6793083572416483,0.6730720688648837,0.6171142216374134,0.021214077218273855,0.07718241861353724,0.00021959404044814002,0.00024899806512413997,0.2,0.9,0.7,20,0.2188441797727246,0.2543575649608952
4,12,0.25053456543899316,0.6654160072711913,0.6604239169023401,0.6051843216357904,0.0847477901855769,0.07133817620639896,0.00024154837997737,0.00031676062878233,0.2,0.9,0.7,21,0.2170164328376329,0.2325926869584441
4,13,0.24584295971422862,0.6609857440812765,0.655848130486069,0.5964325016750789,0.03722901562765282,0.07132862993361883,0.00021066931254041998,0.00024790372084883,0.2,0.9,0.7,22,0.2086681507773831,0.2162745146687878
4,14,0.22351620039418157,0.6366092810029573,0.6323281280132717,0.5762860136050895,0.07248554952606692,0.07136304430744772,0.00021331022694856002,0.00025082291450055996,0.2,0.9,0.7,24,0.1875390663191527,0.2080571920007735
4,15,0.21294000983495265,0.6251340181885473,0.6221327704155066,0.5743213975871811,0.04499617201273818,0.0723920540238648,0.00023711644786359,0.00028015672471591997,0.2,0.9,0.7,26,0.1776681296368951,0.2055492570804676
4,16,0.18876497520227073,0.594956530758024,0.5909419857813535,0.5467299139525904,0.088496114430756,0.0723717015108318,0.00032247623879687,0.00035624062651598,0.2,0.9,0.7,28,0.1759616139989822,0.1880707313212295
4,17,0.17996645620563279,0.5844817735792323,0.5834642126497837,0.5523014312844268,0.043493443348639395,0.0723855644048425,0.00025447118314953,0.00029472040455284,0.2,0.9,0.7,30,0.1691977216066059,0.1720832296485127
4,18,0.1718356045923256,0.5722080051757056,0.569105808486453,0.5353484943821621,0.07141175529942623,0.07237513978943592,0.00030036353935796996,0.00033669510673414,0.2,0.9,0.7,31,0.172261557102161,0.1557567786652769
4,19,0.14247699995918212,0.5267989865248514,0.525506289763752,0.4897855822202757,0.07303764246767042,0.07523545253177968,0.00023913902832865,0.00027842730487330004,0.2,0.9,0.7,35,0.1465458060325834,0.1292674445082272
4,20,0.12764023366541488,0.4998041281057434,0.4992752084003479,0.4922584952341543,0.029060549950286813,0.07582942723093544,0.00026554735863409,0.00030998048959779,0.2,0.9,0.7,45,0.114275130731885,0.1039513110859432
4,21,0.11798810139347322,0.48089364415994096,0.481401055216584,0.4751218595704752,0.11162243536059006,0.07610465235654015,0.00029442465808345,0.00033289795226288,0.2,0.9,0.7,46,0.1087021268982979,0.0991465874674595
4,22,0.11094086686715705,0.4665729599025322,0.46828350260543,0.46311318985553707,0.05092581313610641,0.07441110895245266,0.00031963836308603,0.0003542827308151,0.2,0.9,0.7,48,0.1050484576215952,0.0932199573453532
4,23,0.10759852606699513,0.4594931514456742,0.46263390840608015,0.4636991006805504,0.034780580620997315,0.07523194995058884,0.00031074306473284,0.00034450932563213,0.2,0.9,0.7,50,0.1067526156702927,0.0923255805527134
4,24,0.10755298715099612,0.4593877062674525,0.4625249233971598,0.4683458031964439,0.016076541267896323,0.07523194995058884,0.00031074306473284,0.00034450932563213,0.2,0.9,0.7,51,0.1067419564180937,0.0922442796190756
4,25,0.10610419920515031,0.4569499661420915,0.4616831118874959,0.46951826501390315,0.022621406691733518,0.07426351475533019,0.00032912859456271003,0.00036157844008368,0.2,0.9,0.7,53,0.1112845025809885,0.0926036762099536
4,26,0.10539727298484618,0.45465341786098384,0.45929390039667467,0.4715342902234795,0.029315684658237553,0.07640311272575746,0.00035541305006923,0.00039414783777051,0.2,0.9,0.7,54,0.1145244836592153,0.0948404359631849
4,27,0.10074139443162297,0.44687314085486124,0.45795529625264025,0.537359187894444,0.017602270339190193,0.07406249661827083,0.00039829555453165996,0.00040469739838204,0.2,0.9,0.7,77,0.0821280544497536,0.1054008748705354
4,28,0.08344198724022081,0.40039220584043506,0.40991991427894153,0.49105983222280053,0.24089668888142599,0.07406079564709164,0.00035989246966425,0.00046279960642870994,0.2,0.9,0.7,78,0.066433894376839,0.0856298642461282
4,29,0.08341939947676486,0.40103216534948666,0.4122531975193327,0.4987528828904097,0.015621473976384873,0.07406079564709164,0.00035989246966425,0.00046279960642870994,0.2,0.9,0.7,80,0.0669348379022982,0.0862785689908473
4,30,0.0809131148242524,0.39423291854575254,0.4068983880646162,0.5084499803583216,0.024568845581025546,0.07401201828851539,0.00038676639839789,0.00044770490550964995,0.2,0.9,0.7,84,0.0648021773396879,0.0864836525428474
4,31,0.07971548627193444,0.390604060243371,0.403148738061737,0.5125679915260961,0.021287794045370807,0.07401312723916345,0.00038324306148468,0.00042873396970477003,0.2,0.9,0.7,87,0.0637941720070259,0.0847579799447856
4,32,0.07957079661823284,0.3908747625441543,0.4051005767564026,0.517508532296043,0.01648793057452679,0.07402925630577488,0.00038464890206695,0.00041536448802152,0.2,0.9,0.7,89,0.0641412049474421,0.0841168114604632
4,33,0.0794725425193573,0.3863319061187691,0.3903742641245177,0.43657491265377607,0.016914241804255215,0.07401621169021277,0.00038186316160576,0.00042271634373028,0.2,0.9,0.7,90,0.0642453134117902,0.0849018782752211
4,34,0.0794125455841441,0.38615756581721283,0.3901942617348168,0.43638245638231943,0.015601535095116472,0.07401729601281073,0.00038078841761733,0.00041625660841885,0.2,0.9,0.7,95,0.0643631211577426,0.0847356212976816
4,35,0.07941085630162484,0.40000191932673373,0.43793555393721506,0.7537869250808966,0.015607200838630805,0.07409412076241913,0.00049168104711473,0.00044446900196187003,0.2,0.9,0.7,154,0.0715522742150704,0.0895408774857259
4,36,0.07874464333665948,0.3972131527757562,0.4333814261337157,0.7450890605776759,0.0257009632463556,0.07407938126681489,0.00049366839960144,0.00045365641996960996,0.2,0.9,0.7,155,0.0711192385873032,0.0900404694776988
4,37,0.0778761321167185,0.3951180545229028,0.43288702047907524,0.7974365443852329,0.016530564047545642,0.07407768651354442,0.00052118322131692,0.00046941443074596003,0.2,0.9,0.7,170,0.0775601782356532,0.090026365131547
4,38,0.07730161445043449,0.39396215341438257,0.43336374215722573,0.8049498080375723,0.020196360840064154,0.07408097678759633,0.00054506769628672,0.00046566903326503004,0.2,0.9,0.7,172,0.0718682255345902,0.0906870786772153
4,39,0.07715470601229422,0.39350530391367,0.43289176790886824,0.8140066985753358,0.016723718401984965,0.07408701181477702,0.00053953149789802,0.00046404509572491005,0.2,0.9,0.7,174,0.0709258096034551,0.0900977315614912
4,40,0.07631479418707542,0.39455562632446606,0.4423399696359609,0.8226087234383549,0.01746532085471211,0.07404976014104006,0.00038781513997426,0.00053624391287596,0.2,0.9,0.7,180,0.0664313005944203,0.08554384491948
4,41,0.07624832434630183,0.39433063925886797,0.44210729137017685,0.8295864456891298,0.01665539132631577,0.07407300606001668,0.00038819541197695,0.0005363452997412101,0.2,0.9,0.7,181,0.06466393011362,0.0832952172285034
4,42,0.07579453148327661,0.3935636973689589,0.44298649599235634,0.8535668721885264,0.016439036261112983,0.07404466987667375,0.00039848329284503,0.0005368426356421,0.2,0.9,0.7,189,0.067697955534791,0.0858087251780512
4,43,0.0754886162824123,0.3925534793040743,0.44194222710007625,0.8552932334451876,0.018020102868766073,0.0740428823299504,0.00039498806332046,0.00055322441005548,0.2,0.9,0.7,191,0.0679910514516984,0.0849311411666799
4,44,0.07540583995834771,0.39298527669221567,0.4440603124942763,0.8754008729668894,0.016226245949009198,0.07404515705049208,0.00038997272185586,0.00056258141148482,0.2,0.9,0.7,193,0.0678850263007135,0.0852918537497927
4,45,0.07535887355994586,0.3942302692840387,0.44869055112384715,0.8889516816736649,0.015772794130002647,0.0740486509363462,0.00039127430525438,0.00056962228394961,0.2,0.9,0.7,197,0.0673996061427865,0.0839830499448543
5,0,0.980394155802809,0.9950549014660093,0.9948895706202412,0.9290663561988846,0.0,0.0,0.0,0.0,0.2,0.9,0.7,1,0.989261730946668,0.9607143328070106
5,1,0.8037775382808362,0.9558746601085862,0.9538972359133358,0.8873304674706285,0.14641455792508817,0.074860852142388,2.245450499651e-05,2.5230924005170003e-05,0.2,0.9,0.7,3,0.8288650339812098,0.853447647489301
5,2,0.43142441493137246,0.7979673683398445,0.7907523896684447,0.7145897260899496,0.7733686927167462,0.0666641300685051,0.00025911685890773,0.00024240961820599,0.2,0.9,0.7,4,0.5093995827418428,0.4289046311270574
5,3,0.42692674269644537,0.7962593539563575,0.7906410035353066,0.7162190343382421,0.021452447771327092,0.06889636876679396,0.00032324255394101,0.00029862225998697,0.2,0.9,0.7,6,0.5077280528873053,0.4270124822124075
5,4,0.424146601830905,0.7943737321686533,0.7887120147066,0.71980615837259,0.016833720911962658,0.0666334997506567,0.00024611234947231,0.00020263055411983002,0.2,0.9,0.7,8,0.4705456896001801,0.3978062643147858
5,5,0.41519329923333764,0.7890121737289295,0.7831706320862056,0.7128234790805434,0.03978430770178414,0.0666537851709254,0.00025354525333078,0.00020978885453959,0.2,0.9,0.7,9,0.4669734864802313,0.3936846922603231
5,6,0.3841136004061261,0.769453507137882,0.7629573292020119,0.6938373357597427,0.10867154726108184,0.06665924323939437,0.00022212505360912,0.00027575275667462,0.2,0.9,0.7,10,0.503357746303254,0.4249728010522014
5,7,0.38388414505912916,0.7692975243766457,0.7627967004265772,0.6952934372231062,0.01438287527746718,0.06665527619150377,0.00023691779481907997,0.00023384927918956,0.2,0.9,0.7,11,0.4831067860781261,0.4045725304206155
5,8,0.3812364157862453,0.7683942388695233,0.7635224422441838,0.6973663192256228,0.02374332254809353,0.06818295243598334,0.00025492717359983,0.00031830107016618,0.2,0.9,0.7,12,0.5087440367287268,0.4331982129083805
5,9,0.37859253400460124,0.7667221226779416,0.7617865983004384,0.6972916008305091,0.023567324430254076,0.06921969802312712,0.00030464409315662,0.00029233573839239,0.2,0.9,0.7,13,0.4833405867099185,0.4083926099925661
5,10,0.37935825701740133,0.7683240912467902,0.7650754969727953,0.7090599179562574,0.01672342921502236,0.07124893667533763,0.00063969862717603,0.0009281980231529701,0.2,0.9,0.7,14,0.4256465179231835,0.4197994938906867
5,11,0.3484737434099543,0.7463761962936448,0.7424556767918379,0.6838302483774412,0.11107483640118601,0.06665762116613809,0.00018532424820506,0.00017678059153878,0.2,0.9,0.7,15,0.3962993087471348,0.3631149436256458
5,12,0.33477185768681605,0.737200433826059,0.7346205699858791,0.6779508673341752,0.04008903194108623,0.06984962919283542,0.00024495494877252,0.00023214283754424003,0.2,0.9,0.7,17,0.3828452432400405,0.356201021264513
5,13,0.32853816230710897,0.7332881955672276,0.7322343140541968,0.6825443299230382,0.03939634085667701,0.07102045866727721,0.00037261709725164,0.00037923693146445,0.2,0.9,0.7,18,0.3517882455834974,0.3249757082434281
5,14,0.32785307943085473,0.7333970578045361,0.734029387889679,0.6918752869986141,0.01494091681695546,0.06944897475675137,0.00037235475218953004,0.00037371879657342,0.2,0.9,0.7,21,0.352183414437268,0.3241232396282929
5,15,0.28941944634011124,0.7029261314644609,0.7042055437504819,0.6758268124547855,0.09100125777049631,0.07127882762893192,0.0002531351049299,0.00025809891246447996,0.2,0.9,0.7,23,0.3289718432211499,0.2779238986390914
5,16,0.2857585543593278,0.700353743929484,0.7032190730741444,0.6782407739833747,0.022416972677765497,0.071278197881248,0.00025313330765225,0.00025809691910204,0.2,0.9,0.7,25,0.3275097677177671,0.2858648261903161
5,17,0.25795195813528593,0.6753447343620076,0.6790142431661413,0.6629399019885273,0.0801341890698808,0.07495840637241864,0.00038029305237107,0.00038775034091756,0.2,0.9,0.7,27,0.302948215263734,0.2723683301556063
5,18,0.2355299759699441,0.6503176848845095,0.6481206382109682,0.6152385451269573,0.0725806479451369,0.0774618345366297,0.00032724039848545,0.00033625797873499004,0.2,0.9,0.7,29,0.2792838941952063,0.2468795406889449
5,19,0.23102041067609344,0.6456338365392179,0.6433320583906765,0.6230572347972861,0.02218909396065057,0.06972736764404042,0.00033324251954922003,0.00032140385758399,0.2,0.9,0.7,31,0.265637082140262,0.2765609619451959
5,20,0.22018255905726128,0.6341475915621162,0.633103341967991,0.624919408469731,0.07865640931552409,0.07439267660468982,0.00030687047720682,0.00031708252283261,0.2,0.9,0.7,32,0.2331135861651606,0.2459752858570972
5,21,0.20751514316883296,0.6200605910682009,0.6202290351756387,0.6192468868222089,0.03836632917457601,0.07244894353126807,0.00034178601383284,0.00032222113496146,0.2,0.9,0.7,35,0.2504681849232392,0.2511556981992056
5,22,0.19856039269362857,0.609049626562737,0.6088531788715871,0.6118331394068263,0.04139561826731793,0.07194982893311931,0.00034251913022964,0.0003229387248371,0.2,0.9,0.7,37,0.2468660071192343,0.2436966959575368
5,23,0.1954774840795122,0.6050961711308596,0.6047631837162962,0.616513001865803,0.03483595452753097,0.07259563717860998,0.00034297026648676,0.00032335716098907003,0.2,0.9,0.7,38,0.2385714974645771,0.2421759583814176
5,24,0.18804759599417373,0.5971028824516732,0.5998756255784349,0.6122867320976039,0.055574333778881456,0.06823930515712132,0.00034306989297941,0.00032229190175959,0.2,0.9,0.7,39,0.2351677797740848,0.2336914713441492
5,25,0.16771540898147333,0.5693653224303062,0.5728812589768626,0.5951108878646492,0.08332276886031671,0.06848822129138184,0.00033431211934366003,0.00031538514456664,0.2,0.9,0.7,41,0.2181269290989746,0.2146424474337138
5,26,0.16458554201732745,0.5652854837686113,0.5703307616718594,0.6017915791390303,0.026415378893872243,0.06927745965327294,0.00035036623768402,0.00033199051602769,0.2,0.9,0.7,43,0.205613812834647,0.2076012706946596
5,27,0.16412223578660576,0.5645579371347786,0.5695771348470311,0.600979873363404,0.018239039864178342,0.06955424883581639,0.00034833546648979,0.00033074950009800996,0.2,0.9,0.7,44,0.2065195020293986,0.2076911140794941
5,28,0.1344500781193682,0.5142479192597011,0.51919344534547,0.5443004166441457,0.0805361365520653,0.0783699136950408,0.00040735108697816997,0.00043993504429659994,0.2,0.9,0.7,48,0.1614893999936229,0.1426823032730443
5,29,0.125688715798114,0.5003315625112487,0.5065619830256406,0.5502580562345141,0.025899437004887914,0.0662970061628391,0.00045797968703722004,0.00047931194883381003,0.2,0.9,0.7,53,0.1412906558988332,0.1432663781577027
5,30,0.12613986848017553,0.5000217955449471,0.5078483619421533,0.5515245825132099,0.03032632465076713,0.07614069931927811,0.00044860789177031,0.00047317844033185,0.2,0.9,0.7,54,0.1393466827414121,0.1363525351469575
5,31,0.12056692959296324,0.48803611404775904,0.4937897504868031,0.5416466874905393,0.07073763922372248,0.07616815105350003,0.00044968772859354004,0.00047421430268158003,0.2,0.9,0.7,55,0.1327496314029085,0.1313355613926602
5,32,0.11633050263613744,0.4811109373278879,0.48999397949760687,0.5523207609750787,0.0281079399862194,0.0735481365915284,0.00045735678405259,0.00048079732528312,0.2,0.9,0.7,58,0.1296050521881377,0.134577214989697
5,33,0.11656527999280632,0.4782531968796266,0.486943484986185,0.5754546603664152,0.046332804958569375,0.08689881593630652,0.00052572731479949,0.0007309389281546701,0.2,0.9,0.7,59,0.1315432413780246,0.1299177029033213
5,34,0.11639780638947518,0.476401271870741,0.4849883256459102,0.5812520406020839,0.024581037870857466,0.09304002644772326,0.00052758017097108,0.0007389329623265701,0.2,0.9,0.7,62,0.1317266962091796,0.1251594805549623
5,35,0.1077708031767847,0.46627667061198425,0.47807857633495404,0.5574734673620432,0.03888521496185738,0.0631971412637889,0.00043711029108297,0.00042894759834627004,0.2,0.9,0.7,63,0.1283518303158425,0.1400682029726103
5,36,0.10610855264077179,0.46228075387059575,0.4739433834296737,0.5557429877692925,0.03370285369743502,0.06406476493455987,0.00043368908133204,0.00042716830996771,0.2,0.9,0.7,64,0.1268703568697345,0.13947108347059
5,37,0.1036525885867376,0.45497428153445674,0.46469663202001565,0.5510825222371395,0.05004069480709081,0.067679027499053,0.00042802106381008997,0.00042860571700962006,0.2,0.9,0.7,65,0.1272081432613318,0.1290362197694385
5,38,0.10600699250383012,0.44971295991412125,0.4590029968040074,0.5688247140449407,0.053075579867087,0.10442835351195412,0.00053295873348264,0.00074721471116634,0.2,0.9,0.7,67,0.1150004146265017,0.1136770539251701
5,39,0.09655217718035372,0.43975932977301774,0.457301534183359,0.5853079880561418,0.018461959548328036,0.07275339539521161,0.00034944648766209,0.00040479175949294997,0.2,0.9,0.7,77,0.1000366223071463,0.1168224653760674
5,40,0.10889389799395383,0.44824454595225505,0.46889281315200826,0.6128911675339658,0.037565676409661915,0.1334360652763603,0.00038327727727141997,0.005303428116768269,0.2,0.9,0.7,83,0.091720497375244,0.1033632900265698
5,41,0.09517505871328745,0.4344512094201682,0.45509530772969947,0.5990881206020391,0.01771918073779417,0.0796943675636235,0.00036337259517043,0.00115729211719096,0.2,0.9,0.7,84,0.094115759012337,0.1071005501007938
5,42,0.1016600811294172,0.42974989116012297,0.44980393053725853,0.6010903193428521,0.11556538196928672,0.12981701084867484,0.00038352747353567003,0.00530333772099425,0.2,0.9,0.7,85,0.0868404933135517,0.0953374277597214
5,43,0.08881254078150536,0.41774657667740245,0.4411621898938576,0.6239220908086539,0.01835022560834871,0.07750106495625628,0.00104270706046998,0.00149827279210928,0.2,0.9,0.7,90,0.0898401885732805,0.0990073238040719
5,44,0.09406313055587498,0.4136886955970316,0.43663080985852804,0.6163961029621414,0.09622971202438395,0.1283788535855644,0.00049365719970816,0.0020999808730650703,0.2,0.9,0.7,91,0.0869849055258574,0.0857257080716363
5,45,0.08275635656288774,0.39634107542013564,0.41898270017481254,0.6087508619904313,0.06284478807527431,0.0728282169787979,0.00092944131788839,0.00546697188209957,0.2,0.9,0.7,92,0.0859220242397818,0.0922455244691337
5,46,0.07747997138323577,0.3857032380270962,0.408082407511016,0.6030822975768271,0.03547283447593034,0.07222321605635354,0.0010473460300359399,0.00150364883605096,0.2,0.9,0.7,94,0.0863925273731923,0.08926301866988
5,47,0.07532682906970938,0.37989142904964146,0.40375528297068175,0.612917172198457,0.026411101140159977,0.07118916202023394,0.00104453260362773,0.0015000663896068101,0.2,0.9,0.7,97,0.0835962450891187,0.0890333621605304
5,48,0.07479509825689734,0.378651123145962,0.40414257709211215,0.6224513075674737,0.02124503633085498,0.07161929704807801,0.0009225190296944,0.0016553257192727,0.2,0.9,0.7,99,0.0809926883507391,0.096676073903493
5,49,0.0747652441231436,0.37992649156500824,0.40880388191976796,0.6395314660943039,0.016516712294841827,0.07170352851001396,0.00092241178370908,0.001655301057083,0.2,0.9,0.7,103,0.080936375499073,0.0965965192443189
5,50,0.07531796313817495,0.37955044797031984,0.41004525752845783,0.6496325180110092,0.019848905128281254,0.07797109627806058,0.00104461705581152,0.00149918418632424,0.2,0.9,0.7,108,0.0791343055170771,0.0936991701872562
5,51,0.0733116892162358,0.37319021180256806,0.39849201918972904,0.622231367054095,0.03196228712504572,0.07269329761088647,0.00092353676605887,0.0016480707858695198,0.2,0.9,0.7,109,0.0778795734098027,0.0961668497057269
5,52,0.07322295011707776,0.37125037051507825,0.39646457989831646,0.6284515681221776,0.029890217665546906,0.07610012837658288,0.00104475743293457,0.00148996705716989,0.2,0.9,0.7,110,0.0780957005779044,0.0912604170218732
5,53,0.07317124801308203,0.37078528317427334,0.3959799723402338,0.6279238562390381,0.018737931904965904,0.07667167048313996,0.0010478631470196,0.00149233928068499,0.2,0.9,0.7,112,0.0756202113689838,0.0928408253567679
5,54,0.07280169154211616,0.3725094783025943,0.40445183327708045,0.6647731412444832,0.022264203046933637,0.07633991424071343,0.00104603414532546,0.00149109426589491,0.2,0.9,0.7,113,0.0779130927763792,0.0903797793628183
5,55,0.07270234250522417,0.37294431605132533,0.4065740970719008,0.6731214090240054,0.01781343455975531,0.07619455352293103,0.00104622406732998,0.0014912115035291599,0.2,0.9,0.7,115,0.0777075526961594,0.0905720650056349
5,56,0.07269091981337412,0.3736204558984267,0.40894489172020054,0.6847391718295892,0.017285749088674977,0.07617615537672862,0.00104624787012834,0.00149122705706653,0.2,0.9,0.7,117,0.0776829961142262,0.0905967920291908
5,57,0.07258157555838042,0.37533873593593936,0.41573606794469453,0.7170731359989265,0.017480036339639758,0.07621240834182336,0.00104783729634784,0.0014929929566202,0.2,0.9,0.7,125,0.0776375463401634,0.0906337427972395
5,58,0.07349743885144218,0.3725789276689814,0.4044917823316465,0.6989440754372501,0.01869185914057203,0.08076931025173678,0.00107595216171573,0.00154634360352176,0.2,0.9,0.7,127,0.0747436403323311,0.0907764946218228
5,59,0.07340104529414808,0.3729148466788882,0.4065103559538619,0.7010608963904751,0.019155358504380143,0.08085084422970788,0.0010756756783452301,0.00154509585313708,0.2,0.9,0.7,129,0.0744732614772908,0.0915299882195324
5,60,0.0734265825517342,0.37353041564284484,0.4088159955083474,0.7109853911802089,0.019088049598581867,0.08125429626369364,0.00107293388960723,0.00153749708060414,0.2,0.9,0.7,130,0.0746750526519652,0.0907814242983028
5,61,0.07333461405548568,0.3731906525792159,0.40846458601884283,0.7193593899892035,0.019990089062265494,0.08130485152782317,0.0010729458703504099,0.00153522228128234,0.2,0.9,0.7,131,0.0749515205130181,0.0918273089011113
5,62,0.07246203254450734,0.37480299177102605,0.415180742568229,0.752399001972081,0.017791185847431022,0.0761926391127076,0.0011020007428168802,0.00150025330189695,0.2,0.9,0.7,133,0.0788521607771743,0.0919100327910801
5,63,0.071683742928846,0.3736364967613924,0.4173208079049975,0.7676641764711233,0.019417655682073032,0.07621089930808343,0.00104780257250861,0.00149152753413897,0.2,0.9,0.7,137,0.0778594200571995,0.0902703898926761
5,64,0.07168734651014662,0.37551800821137654,0.42427764796583567,0.8533065232693162,0.01754141906184014,0.07614135687897455,0.00112144178121334,0.00156041449272945,0.2,0.9,0.7,154,0.0817108234303792,0.0916497182424223
5,65,0.07111819773935264,0.372087894677109,0.4190513544661503,0.8471398590627701,0.03123202257851772,0.07677900953074199,0.00112117046037419,0.0017866845111323402,0.2,0.9,0.7,155,0.0753455741303714,0.0883951027036613
5,66,0.07148608437913259,0.37310749928801373,0.42342662356561095,0.9691906139322412,0.018401116036400315,0.08090554682917332,0.00112467161404447,0.00155528931790929,0.2,0.9,0.7,190,0.0740644128859889,0.0890845000904611
6,0,0.9937155058783631,0.9977186752402581,0.9959704755412082,0.9371362347812986,0.0,0.0,0.0,0.0,0.2,0.9,0.7,1,0.935824516212515,0.9601831198338294
6,1,0.8564525471174339,0.9732192797308628,0.9717618718715819,0.9063422092192087,0.11867147999868573,0.08370255561674544,3.637251818754e-05,4.316120982298e-05,0.2,0.9,0.7,3,0.8004061949928077,0.8987113052636544
6,2,0.48823123665039186,0.8290798447114532,0.8229080045527264,0.7490462768940361,0.6974073523852207,0.06664880497438642,0.00017608997055428,0.00023331013962708003,0.2,0.9,0.7,4,0.4448181895150232,0.4831564208241475
6,3,0.3603229745826179,0.7526187122635518,0.7438946711464491,0.6679201264229868,0.19859784859527274,0.06665648086773242,0.00010871877705102999,0.00012463928142904,0.2,0.9,0.7,6,0.3284234336684397,0.3661967447004107
6,4,0.33032279357348365,0.731525545367908,0.7237668914464891,0.6486091222552991,0.06649979108432694,0.06663457256995911,0.00013338366019348,0.00014959637502446,0.2,0.9,0.7,8,0.3106523369950736,0.3422000324512514
6,5,0.3017315748941372,0.7097529665148892,0.7028983441716855,0.6278622710427132,0.07216227389323548,0.07176742421173286,0.00023121652190991998,0.0002624202236935,0.2,0.9,0.7,10,0.3142612913116262,0.3287300508834029
6,6,0.29800122384862604,0.7066031416598773,0.6980106337763533,0.6270455273743175,0.023920998119546774,0.06661572945932255,0.00013017715930973,0.00018067507460658002,0.2,0.9,0.7,11,0.2706717438121898,0.2763781353649804
6,7,0.2968338097173836,0.7067893151296553,0.6982008732125038,0.6307061788898647,0.018661735493705013,0.06666615035496638,0.00014990293014642,0.00023325307325281,0.2,0.9,0.7,12,0.2586212365464206,0.2710279182323336
6,8,0.2737673043171944,0.6857590930196,0.6781390174367294,0.608802455963203,0.11187093253986456,0.0666515937326389,0.00016618281615423,0.00023291420673248,0.2,0.9,0.7,13,0.2489748901957899,0.2427433843296698
6,9,0.235555608134416,0.6503880708722265,0.6432163528880186,0.5736017190503555,0.10905019674870099,0.07178215188276071,0.00026928207205356,0.00037741339117412,0.2,0.9,0.7,15,0.2316688137801587,0.2113784954750878
6,10,0.1981526166875789,0.6056418413994578,0.5986357102210507,0.5333610155693316,0.12105645427732019,0.07272077217372688,0.00032586080080675,0.00046702615675085,0.2,0.9,0.7,17,0.2005390412441933,0.195247779139777
6,11,0.1910706788481931,0.5972221207481858,0.59160459224279,0.5285669439744138,0.037478638142917464,0.07259785761289123,0.00044666948409573,0.00042367932188275005,0.2,0.9,0.7,19,0.1647482951035935,0.1733589419588233
6,12,0.1871248683801945,0.591973352315429,0.586177083511146,0.5333422256945556,0.028289658618851174,0.07313746931102902,0.00039885463527524,0.00046844354450438003,0.2,0.9,0.7,21,0.1721397447782482,0.1723140079936395
6,13,0.18659537364315454,0.592001818868389,0.5878820366211491,0.542639594065332,0.016575508354898228,0.07273510052565116,0.00038291600865189,0.00044972407608243997,0.2,0.9,0.7,23,0.1700399876269885,0.1735360933175264
6,14,0.1837695855839334,0.5889303082885577,0.5863834205097653,0.5406365026761404,0.02102655469881669,0.07343990575919314,0.00026309508952449,0.00024571081892699,0.2,0.9,0.7,26,0.1910279627834162,0.1758109171075518
6,15,0.17484414503632043,0.5764919885151686,0.5735293538219375,0.5305994577049217,0.04524123369995998,0.07342384223800927,0.00025430203378592,0.00025452975169463,0.2,0.9,0.7,28,0.1780206456691841,0.1824289818416079
6,16,0.17086436200028382,0.5707262362765868,0.5675695952859839,0.5302099494752135,0.02919534132013719,0.07335028990557982,0.00028877951261205997,0.00028220913938619,0.2,0.9,0.7,30,0.167925343264466,0.1695529119723205
6,17,0.16968545776595165,0.5697880309641272,0.5682778994378734,0.5367990327467332,0.017320189007731312,0.07265321958850006,0.00025040371049607,0.00027613785796972,0.2,0.9,0.7,33,0.1619276058586968,0.1717115151930935
6,18,0.16419893414150413,0.5622432502756615,0.5621490829144005,0.5315204082290332,0.0556064948646591,0.07334473901604402,0.00024226755938222002,0.00024517897989158,0.2,0.9,0.7,34,0.1673471393969162,0.1690767272193178
6,19,0.1548278220633129,0.5469730122054911,0.5447009671732607,0.5288078073655569,0.032409135880309456,0.07273495112665149,0.00022955836310561002,0.00023759584157986,0.2,0.9,0.7,38,0.1525156458015798,0.1525392673159108
6,20,0.14838371755125318,0.5368164786128409,0.5358619970655957,0.5238840965018005,0.04280210658413116,0.07435525634875187,0.00029351999921173,0.00032261237062644,0.2,0.9,0.7,40,0.1440729311760483,0.1340553485097341
6,21,0.14510154035174852,0.5333483648141927,0.537293708716916,0.53752090032964,0.018740813938923757,0.07435261313254823,0.00029236039106279,0.00032405402993396,0.2,0.9,0.7,48,0.1470596336025807,0.1358495970203725
6,22,0.14440947213264796,0.5321633882938026,0.5360693769636486,0.5429395468522334,0.018208561014107064,0.07430009372204792,0.00029053949430066,0.00032990865825708,0.2,0.9,0.7,50,0.148524397841156,0.1370054881275348
6,23,0.1442392863078801,0.5325714982935609,0.5381628658620653,0.5476446711753462,0.016094548883264895,0.07434763280292965,0.00028851680924113,0.00032699826045794,0.2,0.9,0.7,52,0.1481834293356951,0.137436249559822
6,24,0.14415779096105452,0.5324193749790892,0.5380051680181922,0.5509058236995763,0.016174205971511525,0.07435939437124743,0.00029584277545132,0.00033449789842232,0.2,0.9,0.7,53,0.152251217744823,0.1359459732870059
6,25,0.13558386168194875,0.517066711725315,0.5221360400216684,0.5577033171587285,0.09037078827964412,0.0748563554064862,0.00030039291722698,0.00031924850444266,0.2,0.9,0.7,54,0.157543163141877,0.1352585099743929
6,26,0.1295256435749907,0.5056632741089571,0.5103504963904643,0.549631503027211,0.07090466689966429,0.07469939523574458,0.00032892574547317,0.00036067106000043996,0.2,0.9,0.7,55,0.1491227300102537,0.1232256967850266
6,27,0.1290204136535949,0.5054120746742543,0.5117633829509269,0.5583277768111954,0.017755300707342422,0.07482054514388596,0.00030761791070349,0.00033027726568084,0.2,0.9,0.7,57,0.1490068170078496,0.1255801001345123
6,28,0.12235832977593109,0.4922248159590455,0.49813492881158594,0.5294179402944621,0.0794990513891618,0.07480471157436461,0.00031671421827227,0.00033316048210183,0.2,0.9,0.7,58,0.1337300051737559,0.1175768737887761
6,29,0.12230342480630711,0.49211381151285044,0.49802025007137585,0.5508250567995506,0.015655172869945798,0.074804718323199,0.00031616810676105,0.00033241872008478,0.2,0.9,0.7,61,0.1333331796765106,0.1175887431465827
6,30,0.12110877520371992,0.48835317839637526,0.4907911506160334,0.5347256259595604,0.019275390894514365,0.07480546553990847,0.00030266420012244,0.00030090666361338,0.2,0.9,0.7,64,0.1228788494456636,0.1132974743244738
6,31,0.1206609967011362,0.4904996767617983,0.49970655615700693,0.5620617015347433,0.016813287411078143,0.07354105418288728,0.00027744939235717,0.00029185672124486,0.2,0.9,0.7,65,0.1217102818941772,0.1127049975319415
6,32,0.11395088424083773,0.47596322142674424,0.4846737686184846,0.5247171014154264,0.08743112466927651,0.07485081627484,0.00030257056491350004,0.00032308292020031003,0.2,0.9,0.7,66,0.1208210221415377,0.1067353219367263
6,33,0.11154784764836362,0.47153845804654404,0.4817768401130318,0.5388846788479387,0.02023317106911873,0.07420111360168938,0.00030186733866986,0.00034471602069024,0.2,0.9,0.7,71,0.1103463434723203,0.1056419981697741
6,34,0.10403235920735156,0.4542925575867597,0.46395513816762374,0.5250551670404738,0.057045459144882675,0.07421305513458931,0.00028313239492085,0.00032821535595585,0.2,0.9,0.7,73,0.1029733282834862,0.1064276885190059
6,35,0.09986265645005624,0.44492790061482185,0.4559500611955075,0.5376182600219125,0.02226631317954904,0.07411649513231106,0.00028257967835660996,0.00032291632207083,0.2,0.9,0.7,80,0.102581302053727,0.1035532900756702
6,36,0.09912645669443791,0.44309660415571567,0.4540574286084278,0.5459329002964907,0.017528202076794418,0.074091432987094,0.00028526492889292,0.00033012010201912,0.2,0.9,0.7,84,0.1011935980391687,0.1027585167732948
6,37,0.09907069990110325,0.4443614316495393,0.45870820552274827,0.5799821471113632,0.015436720434441666,0.07411132107178789,0.00028631473949665,0.00033174832369916,0.2,0.9,0.7,90,0.1017857196561383,0.1025665402939861
6,38,0.09883124621325434,0.44374325298482675,0.4580688965747968,0.5847670154581123,0.016858426211936586,0.07418807148039239,0.00028661967258703,0.00032922226926607,0.2,0.9,0.7,92,0.1023642555359899,0.1024685727229943
6,39,0.09880696892600833,0.4429752283319898,0.45560322072641524,0.5794841517017761,0.01562951501435575,0.07412577801482816,0.00029127456515811,0.00034206760988385,0.2,0.9,0.7,93,0.1002427005263362,0.1023207768009556
6,40,0.09875815214099021,0.4435975201346802,0.4579191212833207,0.5977399164909151,0.01544251930134304,0.07401383483307737,0.00028767842691244,0.00034226862506358,0.2,0.9,0.7,95,0.1018493055382641,0.1056125234688507
6,41,0.09833660305275657,0.44325435790225043,0.45923653447614865,0.6101499044761148,0.017832063168589273,0.07396363755013496,0.00029000631053983,0.00034773142011792997,0.2,0.9,0.7,97,0.1008169107421939,0.1054279808458061
6,42,0.0978136270386549,0.44190511079117073,0.45784141340184226,0.6198688842560227,0.016984216942554208,0.074057379731061,0.00029171091748959,0.00035103746509942003,0.2,0.9,0.7,101,0.1001930947563702,0.1040113451753343
6,43,0.09753223998473833,0.4411694904340247,0.4570806544813737,0.6271676716290501,0.01715894439843065,0.0741463354188768,0.00029103919832469997,0.00034956565611529,0.2,0.9,0.7,103,0.1003870761957966,0.1053547213188729
6,44,0.09742547165971742,0.44375047881026175,0.4664362061915411,0.7086782794189407,0.015374692451352357,0.074069167868321,0.00028868081263134,0.00035096733398023,0.2,0.9,0.7,123,0.099346659908925,0.1055076573238952
6,45,0.0972086479269771,0.4424434377668079,0.4634124458126983,0.7164903602763975,0.016733468814281394,0.07412087645494732,0.00029296446983871,0.00037746995164817,0.2,0.9,0.7,125,0.1026806842101146,0.106725644759201
6,46,0.09674395990179546,0.4419802814800019,0.46460597763030553,0.7321952084684502,0.016685447779232115,0.0741082551542592,0.00029006635313426,0.00037359584687401,0.2,0.9,0.7,129,0.1023701696179299,0.1081147991910389
6,47,0.09666582669766548,0.44317709666497196,0.4691863086110381,0.7404723281215587,0.016294817184831167,0.07415591505559142,0.00029079055723142,0.00037431377060169,0.2,0.9,0.7,131,0.0999645974352334,0.1070894003581427
6,48,0.09669992549527988,0.44467235926532317,0.4740752990737511,0.7661955730377709,0.01571254405241772,0.0741666619461105,0.00029179801737877,0.00037427655219297,0.2,0.9,0.7,134,0.0997821508641176,0.1074003613450714
6,49,0.0959676366219976,0.44361596118510627,0.47465787109266155,0.7688170806986384,0.016146235053212242,0.07388522318138904,0.00028415704159836,0.0003642954100282,0.2,0.9,0.7,142,0.1020069875002168,0.1084909116969971
6,50,0.0960408648403206,0.4438012240113756,0.4748493037382171,0.7749776913705934,0.01537544201939096,0.07390613122029704,0.00028355884882636,0.00036057029307166,0.2,0.9,0.7,144,0.1005887594678545,0.1085916005193211
6,51,0.09595282315552252,0.444991416658078,0.47942317605030194,0.8044747890099354,0.015389705337068306,0.07388247714458895,0.0002844746699953,0.00036445551150774997,0.2,0.9,0.7,152,0.1022645641568327,0.1085201596076578
6,52,0.09593197115547025,0.4449381259497713,0.47936810942233754,0.8104063850508423,0.015416025789054365,0.07388127794627806,0.0002845076687961,0.0003644831994939,0.2,0.9,0.7,154,0.102285509720149,0.1084836730858056
6,53,0.09586111741760499,0.44475060317838294,0.47917422090792133,0.816188915311344,0.015755415764204847,0.0738962375975593,0.00028430462888238,0.00036515756324272,0.2,0.9,0.7,156,0.1026181741388223,0.1078603989081019
6,54,0.09571336951760209,0.44578509140129763,0.4835871449448998,0.8397684603097982,0.016217988292468382,0.07389637587180521,0.00028441661230881,0.000364487167661,0.2,0.9,0.7,158,0.1018801842789236,0.1082140495914735
6,55,0.99558079381337,1.3456657334995008,1.3834685861705707,1.8968922479662287,0.9151615167743299,0.07434686155310323,1.0,0.00039656591606278,0.2,0.9,0.7,194,0.1026320498977806,0.1095462657569844
6,56,0.9955356030001636,1.3462423063170512,1.3857360616889671,1.9030471968625589,0.9153414149986127,0.07437373004183288,1.0,0.00040261138052753,0.2,0.9,0.7,196,0.1037252579039047,0.1081727684761017
6,57,0.995434664639056,1.3452774521744515,1.3830670892279102,1.905844573463077,0.915867635029647,0.07436395459194664,1.0,0.00040234154032008,0.2,0.9,0.7,198,0.1041624940469919,0.1090294861146032
6,58,0.9953556877708011,1.3457931337261115,1.3852722003540383,1.9151461632986972,0.9156559320260984,0.0743295512382153,1.0,0.00040036150150556,0.2,0.9,0.7,200,0.1046917561495926,0.109846480782103
7,0,0.9927563936431639,0.9981841003377502,0.9981233767257968,0.9325310747121663,0.0,0.0,0.0,0.0,0.2,0.9,0.7,1,0.9386938895655688,0.9625728600699917
7,1,0.6694391081258722,0.9103816098034117,0.9052356067215278,0.8361315110394126,0.26489298850022014,0.06676723686445836,0.00044358244950985,0.0007470420941479,0.2,0.9,0.7,3,0.6409977405033243,0.6528001122932099
7,2,0.6430840630365259,0.898868202278308,0.8933709486514599,0.8252376136249627,0.06058976981986891,0.0627782746056048,0.00036438179747311,0.00054727296198977,0.2,0.9,0.7,4,0.6081889503210448,0.6183819278235441
7,3,0.3547833532875749,0.7539239628346267,0.7435488106933226,0.6666715795531498,0.7433301891387317,0.0666643623836567,0.00034913821436855,0.0007883364387948,0.2,0.9,0.7,5,0.3626870169365962,0.2491603361606535
7,4,0.33607770623783045,0.7393630570186623,0.7301778315907091,0.6541274643461006,0.04680382762523619,0.0666607190453822,0.00027131610241922,0.00068090905020175,0.2,0.9,0.7,7,0.323290620792374,0.2666282175732765
7,5,0.3290322112520241,0.7305391163021987,0.722748213765376,0.6450568159979624,0.037403474661939926,0.06661286511843649,0.00012990434305376,0.00013003814800610002,0.2,0.9,0.7,8,0.3187207634990416,0.344967077203658
7,6,0.3075356468034838,0.7144834985573723,0.7077973523504039,0.6304911183046903,0.05728652838431025,0.07066885595700693,0.00018956279377365,0.00018975804852796,0.2,0.9,0.7,10,0.306684257904524,0.3303207143326054
7,7,0.29711161875281206,0.705924009544418,0.6989535939055157,0.6275421783470316,0.02481952941306176,0.07049478816515663,0.00016998455499527001,0.00018165473851697,0.2,0.9,0.7,14,0.2942216337414162,0.2901511245611491
7,8,0.26272691387986,0.6757283322332689,0.6693856768773925,0.602321373884224,0.06687377215867639,0.07469601132224958,0.00028777935321816,0.00030242867090331997,0.2,0.9,0.7,17,0.251340253107889,0.2684169336665281
7,9,0.2538300428028081,0.6677550721252649,0.6628198481885369,0.5977570926164311,0.036203799933923815,0.07432482499315436,0.0002919545047718,0.0003113640865811,0.2,0.9,0.7,19,0.2422607365721965,0.2537358477236741
7,10,0.21519009667733915,0.6262866961772056,0.6199644692661416,0.5570507490603611,0.11596666975690827,0.07432712102729239,0.00030092331182901,0.00031470198856329,0.2,0.9,0.7,21,0.199658618332832,0.2119865230064909
7,11,0.21160634722984437,0.6220091370369393,0.6155300806616109,0.5542795675500098,0.03857461697918293,0.07637659424861135,0.00030118494365672,0.00031776110728975,0.2,0.9,0.7,22,0.1940268783123298,0.2169461047999447
7,12,0.20653096883395186,0.6166603862007647,0.6116852450190808,0.5509421010845601,0.04312491486905918,0.07512796637174655,0.00025417981373980004,0.00027261794019648,0.2,0.9,0.7,23,0.1899522520721523,0.2027351700356926
7,13,0.1636070759044421,0.5601129041737487,0.5566154173169624,0.5102891615323484,0.045542945369671683,0.07162352595593277,0.00021785462678183002,0.00026685707856777,0.2,0.9,0.7,32,0.1494522261520569,0.14623927026682
7,14,0.16184513234910816,0.5577465332073954,0.5558183179384624,0.5150282236022187,0.024573063162148825,0.07513185260824087,0.00021902921597188998,0.00026810093477238,0.2,0.9,0.7,34,0.1676817173486313,0.1737066643653295
7,15,0.15962861780793489,0.5541826121745254,0.5521282370865512,0.5110595411828691,0.024766781917675906,0.0761593095878898,0.00022098169554834,0.00027018726732328,0.2,0.9,0.7,36,0.1725723790086407,0.1795360391271021
7,16,0.15935167516072768,0.5537348603321806,0.5516647934121187,0.5150826337643326,0.017911219020196524,0.07626467745857837,0.00022122128752662001,0.00027044328462008,0.2,0.9,0.7,37,0.1722737950686961,0.178619140204482
7,17,0.13654613122273238,0.5144572026163131,0.5110431722958121,0.4760318380595588,0.21181240178029598,0.08043246009390381,0.00026610970777712,0.00032834350004711996,0.2,0.9,0.7,38,0.1174510691691498,0.1351147673115248
7,18,0.12187853265849735,0.4873480719189211,0.4847238929153546,0.45320226977041483,0.14685357514794267,0.0771528912448807,0.00022541954912544998,0.00027494061701851,0.2,0.9,0.7,39,0.122359634875419,0.1455794924332453
7,19,0.1169556526176566,0.4772921561353999,0.47433813540005965,0.4374020789345757,0.06347743377462463,0.07622184475850904,0.00022217777413643,0.00027147660092131,0.2,0.9,0.7,40,0.1121593033440023,0.1303826079678405
7,20,0.11033167503767177,0.46282888329556104,0.45939181770184967,0.4260784394227577,0.08567881335022519,0.076114530849866,0.00022419798255362,0.00027364831073044,0.2,0.9,0.7,41,0.0985970081184769,0.1245002267375033
7,21,0.11031781413426309,0.46279780030294054,0.4593597232150991,0.4283877159432182,0.01576652409658573,0.07611393311809869,0.00022421202451114003,0.0002736634057358,0.2,0.9,0.7,42,0.0985428130171673,0.1244945020207504
7,22,0.09296019688432666,0.4201649402745938,0.4169546131848764,0.3890889019847104,0.22904030456830765,0.07849379564157967,0.00026850159137215,0.00033085569007225,0.2,0.9,0.7,43,0.0877362081127772,0.1043474648696747
7,23,0.09031331575772415,0.41277274201356734,0.4093111612776739,0.3849472384892509,0.05273419728001929,0.0790261956487059,0.00027857076903916,0.00033955706605197,0.2,0.9,0.7,44,0.0849623854377869,0.1030182644602024
7,24,0.08587699802717033,0.40423888064280405,0.40720028402790986,0.4306455283588422,0.02041246155896928,0.07592447974773407,0.00028023128154467,0.00034146081017557,0.2,0.9,0.7,55,0.091831916570093,0.1151018909866948
7,25,0.07786100518995845,0.37931271287829377,0.37976751652219404,0.38650644205382056,0.05492324380122808,0.0760722273335209,0.00028362824809782,0.00034576109117784,0.2,0.9,0.7,58,0.0763794485946844,0.1054186292156057
7,26,0.07228227463227424,0.3609758619108367,0.36081651974116763,0.38230486656983304,0.03801912332390029,0.07649977008038447,0.00025336641838563,0.00030461017832189,0.2,0.9,0.7,62,0.0691995784532014,0.0956076092348474
7,27,0.07186606749891286,0.3596584872724003,0.35945649685808845,0.3833996075491451,0.021884464778153572,0.07632396138826072,0.00024902432783336,0.00030072410679564,0.2,0.9,0.7,63,0.0684850350586216,0.0950449937694447
7,28,0.07159438929775207,0.3589579766227733,0.3587357519722315,0.3851824094517564,0.018526339328553333,0.07595099284213966,0.00023665994773391003,0.00028687045337036,0.2,0.9,0.7,64,0.0680689298724006,0.094207533334085
7,29,0.07089216380023079,0.3571506972538215,0.35853869721279474,0.3869775976344499,0.027988951195331638,0.07612137757297106,0.00023918525240547997,0.00028905923761275,0.2,0.9,0.7,65,0.067039163222043,0.0941566616352226
7,30,0.07075022170497694,0.3568417143469224,0.3582218567373583,0.3892220467659876,0.01670783853256055,0.0757965498706357,0.00023346713294605998,0.00028352668550878,0.2,0.9,0.7,66,0.0671058760824644,0.0935274303755971
7,31,0.06411929449928892,0.3313898294551855,0.33023675039017536,0.3622934373292733,0.13815108628612593,0.07686707474062573,0.00029054337652165,0.00034111374673839,0.2,0.9,0.7,67,0.0733261564425597,0.0852565936112332
7,32,0.06375016063954721,0.33019859197316187,0.3306738238642837,0.36483425860001434,0.02495197942065688,0.07739557024295488,0.00029542652199528,0.00034514931999068,0.2,0.9,0.7,68,0.073756880145789,0.0803625569758842
7,33,0.05999369867582121,0.3158007705124857,0.31579985559622337,0.3514893275386907,0.08488764811393953,0.07664269252898886,0.00028833451511202,0.00034316835535342,0.2,0.9,0.7,69,0.0661060053096134,0.0759780902507214
7,34,0.05993759647545451,0.31558654107109296,0.3155786185379833,0.35898783345476676,0.016839502206102794,0.07662273536329937,0.00028801613034784,0.00034263053417830003,0.2,0.9,0.7,70,0.0662187484148269,0.0757981867334869
7,35,0.057814296079339876,0.31039522445737827,0.31191610229483535,0.35943894774743,0.03909965521323673,0.07205988213865841,0.00028912041649748,0.00034345866187587,0.2,0.9,0.7,71,0.0655873649846866,0.0760232119850803
7,36,0.05684143865206291,0.3059611360148953,0.3056653308731587,0.34844364180751963,0.03241773748158114,0.07159122854815417,0.00028204702283723997,0.00033640323326651004,0.2,0.9,0.7,72,0.0642508617968367,0.076410423529045
7,37,0.055916511590199676,0.29983539566429174,0.3009771712579706,0.35077095266409547,0.028191523355117775,0.07601899814460153,0.00028152187077997,0.00033272161116112,0.2,0.9,0.7,75,0.0614035388982318,0.0693841803375524
7,38,0.05361540803422641,0.2912342792934957,0.29043488959359537,0.34244369369366023,0.052611240642213876,0.07349856013792513,0.00025496123684867,0.00030223730360424,0.2,0.9,0.7,76,0.0526366041706205,0.0689627925192342
7,39,0.0496045208480842,0.27055331575810393,0.270713795439414,0.313758928650308,0.12051488551202895,0.07626887804068595,0.00029301484397395997,0.00033832270451057,0.2,0.9,0.7,77,0.0612512763026906,0.0659110049880239
7,40,0.049128211703225726,0.26864046096660127,0.2687405607829587,0.31420155111946874,0.024406167078139248,0.07576031446350323,0.00028928084029705,0.0003353493996088,0.2,0.9,0.7,78,0.0604303815070894,0.0653366183839018
7,41,0.04690579751949347,0.26011454563346353,0.2632831633163011,0.3361351410338755,0.022047663656233365,0.07455164377271453,0.00025518551111956996,0.00030749336811461,0.2,0.9,0.7,85,0.0474629387923502,0.058939285853088
7,42,0.0469057973560894,0.26011454564601666,0.26328316332885415,0.3387960282108401,0.015355486444435022,0.0745516438448264,0.00025518550984634,0.00030749336708118,0.2,0.9,0.7,86,0.0474629391134375,0.0589392855215157
7,43,0.04376643522518056,0.24308128406202342,0.2456767631906964,0.31489704217336584,0.0984833067158574,0.07495865662613524,0.00027051012832614003,0.00032413142611968003,0.2,0.9,0.7,87,0.0519004012490849,0.0561797409298514
7,44,0.036703767808332274,0.20080034148370374,0.20364650272714369,0.2699110172928231,0.22524080082644574,0.07573458484771461,0.00031292705547016997,0.00036544972553647,0.2,0.9,0.7,88,0.0484083501661954,0.0511790215733583
7,45,0.03561759832884207,0.19516992273848763,0.19783666688722473,0.26633979201225133,0.041440916019311685,0.07457369392655819,0.00029122691206202,0.00034657651891874003,0.2,0.9,0.7,89,0.04536235747467,0.0456651267991781
7,46,0.03328554950280199,0.17868449422890145,0.18079665078830856,0.2507126945114471,0.09596091472090786,0.07523839791681496,0.00027249686275552,0.00032347406504993,0.2,0.9,0.7,90,0.043933273123872,0.0432988212689073
7,47,0.03292038970529202,0.1754138774448881,0.1774129472766208,0.2599375043603123,0.03202535110687877,0.07520246846465352,0.00033725359680684,0.00040951962759091,0.2,0.9,0.7,91,0.0477468802814105,0.0440710253284926
7,48,0.03270147789143555,0.17631485726054935,0.18336171000500442,0.27692061552601716,0.016705429632894866,0.07544789947973826,0.00028106284217133,0.00033157261536425,0.2,0.9,0.7,96,0.0444860688554408,0.0424933857000372
7,49,0.032124322748159545,0.17078702578265983,0.17597368433970126,0.29345468540182484,0.019087516725056312,0.07551793491675421,0.00032611043118046,0.00039987105678529,0.2,0.9,0.7,103,0.0437815108993085,0.0443131044042839
7,50,0.03118023415024894,0.1662880031476677,0.17467354115730713,0.2924034298213919,0.04352085248555098,0.07495940297806972,0.00030240666220518,0.00035635540567484,0.2,0.9,0.7,104,0.0422376835274839,0.0369752363550847
7,51,0.030721873548779952,0.16162796497729134,0.16484669772590096,0.28153090617955784,0.026857267192325836,0.07407492365581567,0.00032538242061575,0.00037481324298149,0.2,0.9,0.7,105,0.0402494887100058,0.0389025144757366
7,52,0.029816936493668632,0.15851117921181884,0.16331308786974205,0.2773491549089635,0.031214712949964866,0.0716440910102996,0.0003396794965736,0.00038999431779816,0.2,0.9,0.7,106,0.0402080413705255,0.0352809351634402
7,53,0.029021686457650776,0.1499816360628006,0.1561551632364253,0.2752125327782485,0.06251647431492549,0.07414293334287925,0.00030725299725211004,0.00036241758102276004,0.2,0.9,0.7,107,0.039720369013783,0.0354523540732766
7,54,0.0288905520214533,0.14601044065883262,0.15036881113461834,0.2741758784961738,0.02427869139279284,0.07567490077660623,0.00031070591244827,0.00036625330750826,0.2,0.9,0.7,109,0.0396369707950318,0.036414875995438
7,55,0.027864872807090223,0.1413747858076415,0.1472642088398696,0.2765307126263438,0.02715085499540283,0.07347823169060883,0.00031947588272459996,0.00037864853512004,0.2,0.9,0.7,111,0.0370261532927966,0.0313824574080188
7,56,0.02810810345200711,0.1423026467926813,0.15155544465289425,0.29244617060308165,0.01659762351041626,0.07539236250110479,0.00029777268027889,0.00035100789739848004,0.2,0.9,0.7,115,0.0384552140320491,0.0354684618797653
7,57,0.027685648343288634,0.1396399267156844,0.15047623334496127,0.2997619471600751,0.03182737807188066,0.07527337016274357,0.00030107493422652,0.00035398633539099,0.2,0.9,0.7,116,0.0381097476283305,0.0338727563701867
7,58,0.027700223655983822,0.139301105239563,0.15012399540456725,0.3019689472876374,0.016121189687098376,0.07561741023639279,0.00029649931055646,0.00035075904525302997,0.2,0.9,0.7,120,0.0376062917101932,0.034711045483767
7,59,0.027055921803520348,0.13969834245340093,0.15389822882605986,0.3177876724094723,0.015724113740301818,0.07261654591009639,0.00030096527593266,0.00035394132869052996,0.2,0.9,0.7,123,0.0382587207907509,0.0339485108025044
7,60,0.027575603056379204,0.13877028198953026,0.1495777456689594,0.3266130542294091,0.015604333214188885,0.07524771498732374,0.0002990747093,0.00035370375410448,0.2,0.9,0.7,128,0.0377464132132088,0.0343386923564823
7,61,0.026843787876451884,0.13823021113414963,0.15405119487534677,0.3320631574299728,0.025704792415516847,0.07286117611097785,0.00030206908522307,0.00035741256867793004,0.2,0.9,0.7,129,0.0382728825736144,0.0345895413785615
7,62,0.026237344274661848,0.13114901167774215,0.14171832136683052,0.3349231471945785,0.023065508384726634,0.07258564559859573,0.00032268932298520003,0.00037092449390996004,0.2,0.9,0.7,132,0.0356269613963986,0.0330837421121099
7,63,0.025938943689849024,0.12925589351056008,0.14143383595014353,0.34068724667799727,0.021338787572967248,0.07258564636628112,0.00032268931569459,0.00037092448671827003,0.2,0.9,0.7,134,0.0355897428295192,0.0329885556741916
7,64,0.02599179025678835,0.13013379738164293,0.14734950254839468,0.3807070517458758,0.01573057428907963,0.073643392807896,0.00031863051615371003,0.00038849775739797996,0.2,0.9,0.7,150,0.036985764180628,0.0324214731005475
7,65,0.025316913472074355,0.12516903583831718,0.14222301559370412,0.3835683029771271,0.022978243596499408,0.07296499167416035,0.00032325775075598003,0.00039340029247313,0.2,0.9,0.7,153,0.0384319999262603,0.0328499949058684
7,66,0.025250708612441213,0.12685855062127338,0.14898547944648383,0.44344970615564894,0.015319655296209527,0.07286998069095638,0.00032165708077124997,0.00039355297051123,0.2,0.9,0.7,164,0.0367152757123987,0.0329645414046989
7,67,0.025001004409207658,0.1251618236050924,0.14723430001752016,0.43535034464316963,0.022968995359421894,0.07253071849887868,0.00032111084708725,0.00039373936806476995,0.2,0.9,0.7,165,0.036760425245092,0.0327642955808826
7,68,0.024560308256143325,0.12251725747993535,0.14784491095465987,0.4487059053408746,0.020006623412924945,0.07265897110218919,0.00031099440718247,0.00038050700653559003,0.2,0.9,0.7,169,0.0359896612965341,0.0319802422268827
7,69,0.024499234125466802,0.12114632676742002,0.14475578312244325,0.46300214529579103,0.015638250944991574,0.07259045522994492,0.00032787340061544003,0.00039675191181589003,0.2,0.9,0.7,175,0.0376359989481515,0.0330953258297246
7,70,0.024478902831394284,0.12174528979521233,0.1470470269970652,0.4745804972547708,0.015319155521163648,0.07254307942681879,0.00032789068825163,0.00039648955375194,0.2,0.9,0.7,177,0.0376403534516531,0.0330530070321069
8,0,0.9914242858432302,0.9978487458568293,0.9977768153506973,0.9321597059943447,0.0,0.0,0.0,0.0,0.2,0.9,0.7,1,0.9457489548957796,0.9730636685874958
8,1,0.8180798402378862,0.9606561601055005,0.9588234364840957,0.8925764156237077,0.14314962816759402,0.07718415229856965,1.650159825048e-05,1.731675398643e-05,0.2,0.9,0.7,3,0.753608807639826,0.8420915682838421
8,2,0.4452431650165012,0.8058944793174047,0.7989453112467116,0.7233689821796979,0.75578171545018,0.06665435409538166,0.00024890094393867,0.00022655477518848002,0.2,0.9,0.7,4,0.4598889008304124,0.4347088820371322
8,3,0.43715089951716574,0.8022251642347613,0.7968061493430508,0.7219799848780573,0.026275652240863773,0.06889189063054453,0.00032989206373677,0.00029681444235441,0.2,0.9,0.7,6,0.4666224894669538,0.4265997137000987
8,4,0.4350646500462537,0.8009061711034932,0.7938147236124955,0.728871802063178,0.014074903570918458,0.06269062115846367,0.00032210777484935,0.00021664093847488,0.2,0.9,0.7,8,0.3903155897214653,0.3796328142282026
8,5,0.40118010948494226,0.7800183457676364,0.7704948486885487,0.7053947792663258,0.1191982615854361,0.07191185788409891,0.00027946554894459996,0.00027160439376549,0.2,0.9,0.7,9,0.4246200472142947,0.3891142298701648
8,6,0.38886301471765733,0.7732027694828828,0.7650320551433157,0.6983684291861858,0.06429280750405916,0.08156052700348163,0.00083774467346501,0.00069501268593964,0.2,0.9,0.7,10,0.3921166354473219,0.3642160402369969
8,7,0.3434428453701349,0.7423995220898311,0.7332769863590173,0.6672963865320553,0.15976226773983407,0.07409405735102458,0.00021597309815412003,0.00028652707954331997,0.2,0.9,0.7,11,0.3648573879075781,0.3103978666304205
8,8,0.3320682729025514,0.7334997233686569,0.7239670776194936,0.6604816662173273,0.07219798866992459,0.08644498787819382,0.0007183923187110499,0.0009194288615992899,0.2,0.9,0.7,12,0.3922851974956891,0.3031553432674221
8,9,0.3203659668657851,0.7235832086534632,0.7138208441285993,0.6515328107191776,0.048139164335494665,0.07178962323171026,0.0008389760688480199,0.0005990156160439999,0.2,0.9,0.7,13,0.3538885141072691,0.3080616048565954
8,10,0.31898563064015606,0.7224998257390416,0.7127020065340881,0.6520567690131825,0.020703592769868825,0.07181059198995622,0.0007723879465358501,0.00064630268478155,0.2,0.9,0.7,14,0.3568902945746597,0.3021294895799432
8,11,0.30426210635572776,0.7114115734826837,0.7028939463333499,0.6420524442916187,0.07642682421453967,0.07681015042055794,0.00046688075653754,0.00050450032432812,0.2,0.9,0.7,15,0.3311715911910934,0.3001699494684352
8,12,0.28933933164435194,0.6993021739595254,0.6920913857424936,0.6367657681945474,0.033798460523338514,0.07196184544245968,0.00040905583095138004,0.0002641669930825,0.2,0.9,0.7,18,0.3030347654674061,0.2448199394019505
8,13,0.23401120412644907,0.645951339235045,0.6369592550569421,0.5795700094696742,0.27290557367967294,0.07168759822985804,0.00037913763887558003,0.00026729576934515,0.2,0.9,0.7,19,0.2563629242125297,0.2112804398395496
8,14,0.22439449901967642,0.635391394746799,0.6260347061982814,0.5697139404698508,0.06806301755343817,0.07351576532328802,0.00036084738456983997,0.00025817128652519,0.2,0.9,0.7,20,0.235484176404697,0.1933888361848243
8,15,0.21790835244654277,0.6273471261219098,0.6160538769275955,0.5616898739486815,0.05003475101573246,0.0731917340537403,0.00023364951673304,0.00032861765342062004,0.2,0.9,0.7,21,0.2520044807066715,0.2008838901775791
8,16,0.20946024292779242,0.6174351982395792,0.6058097321097565,0.5525147084102022,0.0632867447068199,0.0734795796325907,0.00026975626855194003,0.00023347614612143002,0.2,0.9,0.7,22,0.2296051422497257,0.1827271698106122
8,17,0.2071454999674326,0.6153629463446725,0.6053408730112103,0.5550564558552462,0.021761428372400624,0.07338597751177364,0.00026692573039984,0.00023091962787818,0.2,0.9,0.7,24,0.2280982749597979,0.183342895837558
8,18,0.20443040964077128,0.6127553894401845,0.6043118193888649,0.5551578428159496,0.032397327994841296,0.07381356136257135,0.00029089659640154,0.00034433535309419,0.2,0.9,0.7,25,0.2339747539172136,0.1880955775365802
8,19,0.1501068213931962,0.5367421516053942,0.5290905972038998,0.4748385049563263,0.20402109221945275,0.07581409440403966,0.00024278385879802,0.00026516193547157,0.2,0.9,0.7,27,0.1657622226341106,0.17657652681631
8,20,0.14402925890490262,0.5268934364357678,0.5205745904614958,0.4689175819420439,0.042129575817892825,0.07720335330475894,0.00024987641439863,0.00028128422161946,0.2,0.9,0.7,29,0.1697396202194062,0.1793189180116336
8,21,0.14145694459434918,0.5200857521276301,0.5085155089641884,0.4847401046636127,0.0280518599982689,0.07769522967205583,0.00030987564707252,0.00040455306357567,0.2,0.9,0.7,31,0.1641527837303012,0.1538510537016389
8,22,0.141232556832883,0.5197242188253158,0.5081434635989005,0.4887303646920724,0.017579172364655407,0.07746988891742976,0.00030880798991584003,0.00040330701165817,0.2,0.9,0.7,32,0.1655310817069664,0.1530517912200521
8,23,0.11762772761528571,0.47777131097511444,0.47150348856648716,0.426227514128978,0.12176131440416903,0.0742757432223145,0.0002104178218281,0.00024346140870297998,0.2,0.9,0.7,34,0.1372069024662252,0.1405596640298674
8,24,0.11414050999058395,0.46875972285649226,0.4604937187967318,0.4208823430184328,0.05997743457932272,0.07781690483625048,0.00023703417302174998,0.00026169138390831,0.2,0.9,0.7,35,0.1281215629356126,0.1249830042527667
8,25,0.10740619691036342,0.4556652395441054,0.44863468646664423,0.4078712324766139,0.08890755969896462,0.07755059763334748,0.00024207518001054,0.00027256330872291,0.2,0.9,0.7,36,0.1279310346083426,0.1301056013213427
8,26,0.096795940814314,0.4291172801135229,0.4228690276204349,0.38385390129017,0.07900203278127782,0.0778791196317214,0.00023749095711692,0.00026513182017504,0.2,0.9,0.7,38,0.1155448994042117,0.1075961914553814
8,27,0.09599812038258347,0.42758612564944365,0.42295419066261686,0.4010728168991397,0.018044020737198095,0.07792450550417046,0.00029305792927457997,0.00036909328022222,0.2,0.9,0.7,44,0.1165989920716491,0.0989272736936962
8,28,0.09089677463655726,0.41580229526415574,0.41246968464843126,0.41451990518655185,0.026933709529635873,0.07510831045730541,0.00026531739805896,0.00029391495682042003,0.2,0.9,0.7,49,0.0988784345589228,0.0969729782860615
8,29,0.08169751556280844,0.3899887701857077,0.3874606690982853,0.3851467124986583,0.14485020471733712,0.07582601376826177,0.00025300212672636996,0.00028646142123691,0.2,0.9,0.7,50,0.0839335643676528,0.0867637432057536
8,30,0.08027371640549295,0.38630077336155416,0.3853197319271343,0.3821462194815456,0.026473368587313105,0.07606132011364054,0.00025250392387284997,0.00028585111386518,0.2,0.9,0.7,52,0.0833890682528774,0.0866663274878347
8,31,0.07879934549352698,0.380427475594386,0.37756909633142266,0.3937919670131685,0.042119339251209406,0.0770981810870929,0.00028249396776386,0.00033622906875734,0.2,0.9,0.7,53,0.0929340196880478,0.0766470714652159
8,32,0.07396828275587349,0.3652824713448846,0.36358597994789044,0.36131168210557213,0.09341808274426315,0.0779273080915848,0.0002520418129674,0.00029287705061653,0.2,0.9,0.7,54,0.08497757340421,0.0763372788395754
8,33,0.07204002813563916,0.3600777458380417,0.3582253779493308,0.37757349646483496,0.03808202075754243,0.075056693780483,0.00027401999488807,0.00030890718859417,0.2,0.9,0.7,55,0.0822585303377092,0.0756442980999487
8,34,0.0713783923711288,0.357085508844843,0.35678525748343737,0.37286044594269024,0.036868070703948964,0.07806097024798048,0.00026318809357278,0.00030835658499089,0.2,0.9,0.7,56,0.0808036989198217,0.0763395225867469
8,35,0.06742598159902263,0.34357263526956733,0.34282710698099916,0.36301754382687335,0.08044920146796275,0.07710060568959001,0.000261729836097,0.00030386761060911,0.2,0.9,0.7,57,0.0759596862825577,0.0717478932993743
8,36,0.06649821177424671,0.34099037845057595,0.3418317354328448,0.3593841014723722,0.021091230744974876,0.07689896558405063,0.00026172816463359,0.00030548817235383,0.2,0.9,0.7,60,0.0759986056546625,0.0723085510032179
8,37,0.06609745369698161,0.34095664107984175,0.3451412188358871,0.37922487933253274,0.019274052266226607,0.07684598892096337,0.00026027299853321,0.00030128413955774,0.2,0.9,0.7,62,0.0760499457549586,0.0722269020116045
8,38,0.06593610154848303,0.3412037153327499,0.3470701343123831,0.38399332517340323,0.01677010382168836,0.07660642354117986,0.00026011978823124997,0.00029904695274393,0.2,0.9,0.7,64,0.0754337096834203,0.0730653530121794
8,39,0.0652045386011527,0.33684531857088956,0.3392193919161624,0.38072696813337614,0.023222330654177163,0.07698737326000255,0.00026197103363111,0.00030578159722549,0.2,0.9,0.7,66,0.0749302256618951,0.0708908978463419
8,40,0.06521517473810001,0.3372350731580095,0.34129000686594463,0.38035603182203126,0.01699085108267936,0.07757147288751515,0.00026822732036807,0.00030597172845934996,0.2,0.9,0.7,68,0.073736257589968,0.0689910082645078
8,41,0.06477620319584614,0.33600726408555165,0.3416897410385703,0.3981853679269052,0.01935843571732512,0.07811306818447653,0.00026127649593707,0.0003021033082378,0.2,0.9,0.7,71,0.078235866354074,0.0757026331976759
8,42,0.0644852396528281,0.33557326454260666,0.34291275204364147,0.4097536312643806,0.01887581788551154,0.0781623996504601,0.00026465801124221004,0.00030089178884021,0.2,0.9,0.7,73,0.0795794043292931,0.0736551354298905
8,43,0.06341998959379906,0.3310574412187285,0.3365773196267528,0.39808582248989827,0.03397142937570467,0.07764155837671972,0.00026655728698150004,0.00030548381701064,0.2,0.9,0.7,74,0.0719416492856502,0.0655578628555863
8,44,0.06305141526437069,0.33173995656004435,0.34229834803106324,0.43828484331285833,0.01685763515377504,0.07760581029272037,0.00027782706049142,0.00030501282460533,0.2,0.9,0.7,82,0.0720205465595494,0.064855405440641
8,45,0.06270477699875272,0.32984802487295445,0.33867303752504924,0.4292931988465849,0.018694684136274474,0.07731338614026281,0.00027908222856102,0.00030947537212028004,0.2,0.9,0.7,84,0.0716582673952162,0.0650795065734179
8,46,0.06224207685367308,0.3286206708469002,0.34073742857797223,0.4427622970789294,0.021305378366424564,0.07932412212826233,0.00023227542284594998,0.0002679436799347,0.2,0.9,0.7,87,0.0732644608433798,0.0549874651975139
8,47,0.062031450974656,0.327731962613902,0.33982016763909495,0.4312445198991403,0.01650810730685847,0.07881635545470511,0.00026825524635612003,0.00031705101317645,0.2,0.9,0.7,99,0.0754445805064262,0.0703210631210738
8,48,0.06191023597854635,0.32725640908930603,0.3393287752733586,0.4330293178295324,0.01737307961078873,0.07879969431695438,0.00026853667401767,0.00031871698862081003,0.2,0.9,0.7,101,0.0755379029522597,0.0703357288657113
8,49,0.06180648172210754,0.3333545501397405,0.3606797347417968,0.5656413141472947,0.01620491063236405,0.07854596245727276,0.00027163254976418996,0.00031992657983794003,0.2,0.9,0.7,141,0.0746767101289722,0.070979969543025
8,50,0.061550950981149107,0.33564496200650407,0.36973751608333827,0.6847117676938103,0.016403758885379795,0.07809733783712562,0.00027321414978507,0.00031454734498844,0.2,0.9,0.7,151,0.0661110888960264,0.0579850509189111
9,0,0.9769252708043092,0.994169765745019,0.9939747902522348,0.9280863323571887,0.0,0.0,0.0,0.0,0.2,0.9,0.7,1,1.0029733056034291,0.96131830375188
9,1,0.7916724801749654,0.9510056733185689,0.9489157971648761,0.8821010491720908,0.150915700753816,0.06737160447079084,1.850312101574e-05,1.793243769251e-05,0.2,0.9,0.7,3,0.853123756760348,0.8452342234773026
9,2,0.44669877485730514,0.806722644648556,0.7998006642987322,0.7242843371676987,0.7145566142826663,0.06663295849631766,0.00025679962808399,0.00024370640362181002,0.2,0.9,0.7,4,0.4477973090563041,0.4290099929329491
9,3,0.39622664263761237,0.7772371531421194,0.7710032726862383,0.7008353461486141,0.050192806177516425,0.06658068442814577,0.00023079688863125998,0.00020052064150876,0.2,0.9,0.7,8,0.3979855928738454,0.3794703550593816
9,4,0.33960983360125696,0.7385320907419306,0.7310009339204937,0.6612249886745809,0.10782926929960589,0.06665791039890287,0.00025110716100800996,0.00028166566350410003,0.2,0.9,0.7,10,0.3810528137325292,0.3824123204106274
9,5,0.3315302050837559,0.7324788719591541,0.7247467950775743,0.6561544120086744,0.04285434486911662,0.06663905355293435,0.00023151916705556997,0.00024943086520373,0.2,0.9,0.7,11,0.3682053981173432,0.3659711515364123
9,6,0.30116813502452505,0.7093127195042946,0.7024761447891106,0.6392138395709769,0.1307694624738555,0.0666673605096317,0.00025308812927801,0.00029118160615058,0.2,0.9,0.7,12,0.3156741146789689,0.3229620230919133
9,7,0.29970280514176634,0.7081102878617537,0.7012350965130366,0.6330499485675894,0.019449106223633942,0.06664324203744267,0.00023264907517221,0.00025570149566664,0.2,0.9,0.7,13,0.3123423777963331,0.3113981091088023
9,8,0.29209620442756645,0.7021589400224242,0.6967552918460557,0.6392624477458124,0.045155711658763094,0.0666547257830769,0.00026267038254576997,0.00027214700662158,0.2,0.9,0.7,14,0.2875613297344587,0.3402158399969441
9,9,0.2862410245783124,0.6970821919385247,0.6915103678198863,0.6355224488804544,0.038100885875750425,0.06661142364447904,0.00023242668302507,0.00025571857266766,0.2,0.9,0.7,15,0.3017452998598591,0.3134484955500443
9,10,0.28452894840962223,0.696287025636705,0.6923604833995654,0.6450771316650383,0.017357097310657505,0.06660718704526096,0.00023267713816131,0.00025889627070202,0.2,0.9,0.7,17,0.3007571141878796,0.3082563360838408
9,11,0.2489337943081263,0.6628586204502168,0.6577466972831807,0.6015139299845074,0.1876721979821919,0.0766161964154253,0.00025701285745414,0.00025616100605861,0.2,0.9,0.7,18,0.26553931976818,0.3174985868852109
9,12,0.2092950626663199,0.6194387622692185,0.6129085198538611,0.5631404527377813,0.11759324898352254,0.0715265314173112,0.00026443895568953,0.0002663535157421,0.2,0.9,0.7,20,0.2147740390720868,0.2627759698286151
9,13,0.1855738224241029,0.591779681240856,0.585938332208169,0.533074892118023,0.047895845225649825,0.07837489003857484,0.00053304711113411,0.00044937002230890997,0.2,0.9,0.7,25,0.1624083473502279,0.201966052090244
9,14,0.1764594636734698,0.5780535586155437,0.5734688822558182,0.5319906528387298,0.06764021361805599,0.07425075761714003,0.00021202109824309,0.0001715290208101,0.2,0.9,0.7,26,0.1843261603696306,0.2098064826574319
9,15,0.16356562831717153,0.558390575539181,0.5531029967132683,0.5009496506377248,0.11849765035963504,0.07851874145914498,0.00054843742701941,0.00045913620222201,0.2,0.9,0.7,27,0.1344565581477524,0.1686490409448272
9,16,0.15719443888226903,0.5484312848291275,0.5428125780960397,0.49058330990518556,0.06449040583886523,0.07836399764759915,0.00053900855799377,0.00043469480118955,0.2,0.9,0.7,28,0.1347395409194498,0.1501386064094959
9,17,0.15615450404846695,0.546865030433849,0.541199642621682,0.4909855585189061,0.0230553201356655,0.07776597610380716,0.00050604888252515,0.00040464546177647,0.2,0.9,0.7,29,0.1357136136713778,0.14490247263202
9,18,0.1554013866801145,0.5463522736050285,0.5423416813781385,0.4955361258488991,0.019235515345180684,0.07776597610380716,0.00050604888252515,0.00040464546177647,0.2,0.9,0.7,31,0.134798913207576,0.1425182563289118
9,19,0.14363291219903715,0.5287604992289585,0.525838022327463,0.48577879227272125,0.04773188895859739,0.0781786209090829,0.00035630851386303,0.00028935261664061,0.2,0.9,0.7,34,0.1372152165862108,0.1408917249362494
9,20,0.13059526916082057,0.5046829448275844,0.5026379682912243,0.4638544126449308,0.07213940786990734,0.07699386906448114,0.00029579207885484,0.00024977866400789997,0.2,0.9,0.7,36,0.1291202337803003,0.1271125402026185
9,21,0.1271633300593779,0.4980179599647156,0.49573843840045945,0.4679711222022429,0.025077863416773497,0.07830887018463933,0.00035747213573434,0.00029332613851657,0.2,0.9,0.7,40,0.1265230088398551,0.1292189238159962
9,22,0.1201473911430761,0.48335441627209597,0.48058144482758436,0.4563122108231309,0.051160486078279624,0.0787394894682096,0.00036034046798608,0.00029906410783587004,0.2,0.9,0.7,42,0.1236977357250594,0.1235284399575974
9,23,0.10735455515644829,0.45686651359882174,0.4549026463803982,0.4327720363904329,0.0799671150165666,0.07530578261128129,0.00036178412887986997,0.00030112243278121,0.2,0.9,0.7,44,0.1051788650599023,0.1122243089670983
9,24,0.1015653121002472,0.4444181547180088,0.4453813599341601,0.43587504663743476,0.02897813963744617,0.07534868720873057,0.00036482521016529,0.00030689432960901,0.2,0.9,0.7,49,0.1009703856930059,0.1077677016174533
9,25,0.09775666478830915,0.4360369755626846,0.4384001134869323,0.44391098235672277,0.05823916895120479,0.074081547440453,0.00036950311563193,0.00031027816018993,0.2,0.9,0.7,50,0.0935793686900477,0.1001078622682008
9,26,0.09790413401909055,0.4353945440794361,0.436057462033882,0.423828660613341,0.016256615795426577,0.07516399024644785,0.0003627363983246,0.00030048749045965,0.2,0.9,0.7,51,0.099106074223924,0.0990148620475711
9,27,0.09436354999470911,0.42639607297108484,0.426760410477776,0.4185578452517949,0.03714720171971723,0.07480942728552081,0.00036397441301424003,0.00030131945541689,0.2,0.9,0.7,53,0.0972744301237653,0.0937662012167513
9,28,0.08944698912849863,0.4131719510494058,0.41309372613683926,0.4086028688902693,0.04760591953047729,0.0748421819676503,0.00036720329609957,0.0003036855278855,0.2,0.9,0.7,55,0.0882588316333106,0.0936266734127071
9,29,0.08874449029812996,0.41190135827399316,0.4134519534696176,0.4110991826704597,0.020369387576795645,0.07493160052639483,0.00036748111545423,0.00030427247121425996,0.2,0.9,0.7,57,0.0862910062627837,0.0945648965113955
9,30,0.08814316181913302,0.40922468419738367,0.41066704861843156,0.4387006928032759,0.023965601070280982,0.07729534774446846,0.00043899398871085,0.00033699742802088004,0.2,0.9,0.7,59,0.0775108450950766,0.0849693639761902
9,31,0.08028555204929787,0.3915996521978521,0.40249910856583465,0.4770529143545735,0.025240971137550736,0.07507569219767149,0.00042918106331946,0.00034731069637984,0.2,0.9,0.7,70,0.072231503103706,0.0828753895133926
9,32,0.08028555204929787,0.3915996521978521,0.40249910856583465,0.4873479742560127,0.015644555759518373,0.07507569219767149,0.00042918106331946,0.00034731069637984,0.2,0.9,0.7,74,0.072231503103706,0.0828753895133926
9,33,0.07785738650531104,0.3837128318150466,0.39268610173189566,0.47941599527855017,0.04767604782669527,0.07357323878369786,0.00044458039442606004,0.00035238371584288004,0.2,0.9,0.7,75,0.0704983150210191,0.0807463717698974
9,34,0.07778567363416232,0.38339712226153816,0.3940203026988622,0.488615602495377,0.022046588670787282,0.07537397103227275,0.00042918996016099,0.00034732131666503,0.2,0.9,0.7,76,0.0647388517353304,0.0694397131175788
9,35,0.07278177629482391,0.3649759965097698,0.37163094808784114,0.4708819063296096,0.04374895161911865,0.07636638598526725,0.00045762722256919,0.00038612950319552,0.2,0.9,0.7,79,0.064249918392378,0.0770509453930627
9,36,0.06667378294514707,0.3473499763668132,0.3584537840409405,0.4807872923029511,0.033808901013261075,0.07310101272892423,0.00044576891183629997,0.00037457239318066,0.2,0.9,0.7,84,0.0635318686416387,0.0659120732546336
9,37,0.06352711674236165,0.33356338480107406,0.3425186115991084,0.44510245378030283,0.04859247310418811,0.07495182121171959,0.00051770773067607,0.00042203465460408,0.2,0.9,0.7,86,0.0577616010671224,0.0547135382399012
9,38,0.06379344150447903,0.33428282940870674,0.3449223163761635,0.46912280496504555,0.01767585681334516,0.07689927271162895,0.00047908068559631,0.00041611264792835003,0.2,0.9,0.7,87,0.0649185392535101,0.0560703855913982
9,39,0.062048834828297435,0.330484863441529,0.3410318897129461,0.47580611639594095,0.028440996571233414,0.07194242580293214,0.00045601338984871994,0.00038645943996853,0.2,0.9,0.7,88,0.0574120396401785,0.0596162996496256
9,40,0.058370814301927545,0.31248375020707597,0.3223931740666,0.4612645955230284,0.06266279224152543,0.07736140146440339,0.00045501991878534,0.00036346310458811,0.2,0.9,0.7,90,0.0469900536170205,0.0469722874979435
9,41,0.05281294890187368,0.292057249305391,0.30298750706026645,0.4433847008177032,0.06393750053457066,0.07236696524070495,0.00047628473744378,0.00039869130112402,0.2,0.9,0.7,92,0.0517846193206686,0.0473884862053445
9,42,0.0526996374423004,0.2900831326288123,0.29926884213981675,0.44466134961788506,0.018817060670686454,0.07343062417443784,0.00046544602261804996,0.00039119644386252,0.2,0.9,0.7,94,0.0482734850808834,0.0479734540824052
9,43,0.050157346582436986,0.2772244263990312,0.2876374184711643,0.44332987584557737,0.04977704605253399,0.07545685137829586,0.0004904602794666201,0.0004067451085211,0.2,0.9,0.7,96,0.0474719625247583,0.0445661715603106
9,44,0.04213211868116478,0.23723481008187633,0.24632538738366316,0.39362609219889894,0.11127203202353889,0.0744281409987073,0.00034075409213883,0.00026183167507567003,0.2,0.9,0.7,98,0.0426074462514104,0.0463109194430877
9,45,0.041793180241102984,0.23680851628960836,0.249229211084746,0.4136476326821543,0.01713632328141226,0.07443567540806637,0.00032949552688153,0.00025196572389196,0.2,0.9,0.7,103,0.0410077730640278,0.044494596793723
9,46,0.041646317753522,0.23600835488527683,0.24840260395489738,0.4155616297650431,0.01724972407289847,0.07437167858099117,0.00033323375707700997,0.00025218789165222,0.2,0.9,0.7,105,0.0430581492014791,0.0462999847274986
9,47,0.0396390567431684,0.22386107911689584,0.23584616710654485,0.4161230844257377,0.0451185220277785,0.07478836512989953,0.00033487634466746,0.00025810543100636,0.2,0.9,0.7,107,0.0382759506988754,0.04343076437607
9,48,0.03944626758441943,0.22410076741274312,0.23777037157953462,0.4381538400500608,0.015626768661004445,0.07410186398915183,0.00033489544496523,0.00025853588638419,0.2,0.9,0.7,112,0.0383502164195761,0.0441217719506771
9,49,0.03938659997643061,0.22511148903072348,0.24382568527009768,0.4625270872230125,0.01632010307258405,0.07483846842218332,0.00033650661641501997,0.00025896093292509,0.2,0.9,0.7,119,0.0381396639355091,0.0434151997540253
9,50,0.03915013176934593,0.23202204907829924,0.26936225062687513,0.7008189373521309,0.015403304522630713,0.07423277083822426,0.00033908300843023,0.00026839316350396,0.2,0.9,0.7,176,0.0397734739106049,0.0453851460102587
9,51,0.039074806916688506,0.2327634089124785,0.2734708160409273,0.7341882285416591,0.015698078023722802,0.07447034242729618,0.0003384830583819,0.00026269405982949,0.2,0.9,0.7,187,0.0395498314789429,0.0450901864469696
9,52,0.03907480687050199,0.2334699994242143,0.27587296028222374,0.7369829400880161,0.01538267645419653,0.07447034242777924,0.00033848305881496,0.00026269405984197,0.2,0.9,0.7,189,0.039549831475548,0.0450901864493177
9,53,0.0388834376728272,0.23602947662033866,0.2868788920208137,0.7887560066188172,0.015849966766999242,0.07427970119232537,0.0003403848362917,0.00026186482811538,0.2,0.9,0.7,198,0.0402151033243933,0.0450039006678881
10,0,0.9754301330697159,0.993787316730512,0.9935795963706423,0.927662884988899,0.0,0.0,0.0,0.0,0.2,0.9,0.7,1,1.0085012317891673,0.9686731945652934
10,1,0.8255970366103222,0.9606376797625251,0.9589170138054262,0.8929167415983138,0.12180548182291359,0.060398899136234384,9.531741763947861e-06,8.520805406517817e-06,0.2,0.9,0.7,3,0.7752134476710507,0.8419878321034183
10,2,0.7328456107301949,0.931406323073199,0.9286652899289352,0.8623719684544328,0.1613687557081458,0.0666481623984145,2.5615266397289998e-05,3.601280441524e-05,0.2,0.9,0.7,4,0.6039038455689925,0.7436571773545899
10,3,0.6821023162907438,0.9127717783103725,0.909434647812278,0.8430852513777615,0.09902635493182076,0.06271629347238748,1.2387585456649999e-05,2.27841930708e-05,0.2,0.9,0.7,5,0.5733019689324015,0.6943850972775656
10,4,0.3450380668888816,0.7417459795874026,0.732657782306174,0.6567245007388263,0.8476398529302761,0.06666716752540566,0.00013947785357209,0.00010628506875473001,0.2,0.9,0.7,6,0.2807174189920496,0.3529236070750248
10,5,0.2680971494963983,0.6788149902002503,0.6675933196132998,0.5869751189856672,0.32476580208197986,0.07083476664042773,0.00016128294442648,0.00013293063614802002,0.2,0.9,0.7,7,0.1946958536572532,0.2723167075519346
10,6,0.2540377734518829,0.6659868948819149,0.6560073885814065,0.5767989045274049,0.04722331867639522,0.07083312642154134,0.00018223722039353,0.00014186920988316,0.2,0.9,0.7,9,0.1889633526032022,0.2586653247130137
10,7,0.2501418056328153,0.6619569755129531,0.6518230727612512,0.5722538321346645,0.02583129558755006,0.07351703376813505,0.00021027408275951998,0.00017735452018016,0.2,0.9,0.7,11,0.1773400458707729,0.2343356227132113
10,8,0.23921855805202374,0.6514714372852256,0.6426686075276036,0.5642378727663608,0.04116110589753502,0.0721624935268717,0.00020165624472312,0.00016029359369005002,0.2,0.9,0.7,13,0.1730583654028711,0.2272504081354633
10,9,0.21456742168097556,0.6251572140410399,0.6154891947886114,0.5474870814309251,0.07907192137521699,0.06946264538990984,0.00026673866347518997,0.00021822360166522,0.2,0.9,0.7,15,0.1718270411634526,0.2103647892857225
10,10,0.2059454520201831,0.6140607435948405,0.603986567811771,0.5370722778771724,0.07115771150985388,0.07491855449608066,0.00023623182207821997,0.00019814582896258997,0.2,0.9,0.7,16,0.164561447405679,0.2085488121928566
10,11,0.19326886125088827,0.5984912994284287,0.5895513266209772,0.5249971608289458,0.05606499340876179,0.07756271257984049,0.00022382422531781997,0.00018993309628122002,0.2,0.9,0.7,18,0.1500993063634449,0.1825759360215247
10,12,0.192461164050907,0.598141109306891,0.590861337381467,0.5291134926928668,0.018397185428359195,0.07756271257984049,0.00022382422531781997,0.00018993309628122002,0.2,0.9,0.7,20,0.1500452713063374,0.1811743214120504
10,13,0.18849174984349942,0.5930369670439937,0.5855996577851738,0.515244209417473,0.026876353816519004,0.07577266957095542,0.00020505801196365998,0.00016440228896698,0.2,0.9,0.7,22,0.1497815319223472,0.1676571643649066
10,14,0.18406018278791464,0.5919780332072507,0.5945266356417939,0.597329610951589,0.016864797402211935,0.07712182795609496,0.00021839642310522,0.00019908994668549001,0.2,0.9,0.7,50,0.1576536388094351,0.1669036541708107
10,15,0.18325601555275559,0.5907986358087648,0.5933078695323929,0.59356864392278,0.01841500403458528,0.07711414138669076,0.00021818135061583998,0.00019859522300822,0.2,0.9,0.7,52,0.1561377793621522,0.16657723465709
10,16,0.1753963206666176,0.579209068267764,0.5813374262781836,0.5873583134708749,0.0674938446756533,0.07605254399450803,0.00023641763828565,0.00019404103347444999,0.2,0.9,0.7,53,0.143019277742335,0.1663280810569251
10,17,0.1695748157449659,0.5720486299052046,0.5772733779090452,0.5861895373259237,0.05850083958228053,0.07704211456608075,0.00025737433423328,0.00022725280940199999,0.2,0.9,0.7,54,0.1435155587591458,0.1590549649896109
10,18,0.16774729865031882,0.5685527721393332,0.571983708422416,0.5814279699872857,0.020697663274368464,0.07785030777944171,0.00024789446227768,0.00022121403710725,0.2,0.9,0.7,57,0.1425966864869527,0.1580220650824495
10,19,0.16501147150389728,0.5644744392866663,0.5677719138696601,0.5769227964635244,0.035221260256645334,0.07750356455624549,0.00023634939000324,0.00021110952227259002,0.2,0.9,0.7,58,0.143194645602896,0.1583893018178585
10,20,0.16461382588462567,0.563585100471881,0.5668347386835905,0.5758794421939625,0.019871670860277274,0.08019721997317969,0.00023806213580613997,0.00021299003213839002,0.2,0.9,0.7,60,0.1435857185178475,0.1568561804037654
10,21,0.16404553806991082,0.5627153411781822,0.5659358934662165,0.5749160745201448,0.018513398818586234,0.08020178786684003,0.00023774571098997,0.00021274108435628998,0.2,0.9,0.7,62,0.143873081138533,0.1567030155155492
10,22,0.15838717321825352,0.554553003205169,0.5575386177636401,0.5649322449517599,0.032304134599005344,0.07435692260909713,0.00026393674695081,0.00022509057345062,0.2,0.9,0.7,64,0.1414903625295711,0.1551228917200303
10,23,0.15654903245954976,0.5517900997158034,0.5563240479000455,0.5771708538731127,0.03755568515972425,0.07885142947768356,0.00030298535078677997,0.0002232334842191,0.2,0.9,0.7,65,0.139121587065597,0.1514221043950857
10,24,0.15336921833421766,0.5475353524299833,0.5536087849542745,0.57864877871696,0.02722575800913353,0.07749291076378009,0.00027241548732794,0.00023050408402187,0.2,0.9,0.7,67,0.1433177901245619,0.1448055851691072
10,25,0.1509223655716342,0.5439590654520579,0.551572039070385,0.5815106916724316,0.03890338700806864,0.07958397821307836,0.00025038152257723,0.00020861543236783998,0.2,0.9,0.7,68,0.1314587245645744,0.1365909004595313
10,26,0.1468831137883512,0.5364014010568513,0.5404493829232649,0.5702948448706399,0.04056058601021847,0.07437140354463798,0.00033387032198615,0.0002415332021987,0.2,0.9,0.7,69,0.1388986991232998,0.1511639626000283
10,27,0.14655429448211543,0.5365835865351354,0.5423112164979632,0.5793301665571174,0.01606349924498122,0.07417495338030344,0.00033071974123178,0.00023177979585065002,0.2,0.9,0.7,72,0.1378295652836078,0.1447852004491671
10,28,0.14567125597257619,0.5350656491018522,0.5407419595196757,0.5776476917162856,0.022754194061654267,0.07425246319062061,0.00033209133905627,0.00023174264819843002,0.2,0.9,0.7,73,0.1373268048279659,0.1441527588373745
10,29,0.14535153262578412,0.5357860552316887,0.544822887586627,0.5963887438885879,0.016176223606535665,0.07556622957292791,0.00025717663200477004,0.00026942638819408,0.2,0.9,0.7,80,0.1272148669676842,0.1417425912777781
10,30,0.14482981509327447,0.5349686513961981,0.5439824850144985,0.5980990175989144,0.018676983906797794,0.07421117694041421,0.00032074275285166,0.00039027508353337004,0.2,0.9,0.7,81,0.1415669238258784,0.1457333850277266
10,31,0.14127835726143095,0.5282792841141292,0.5354065365440834,0.5849435855445823,0.04284324051946431,0.07378163437044068,0.00024985683344975996,0.00021873644147574997,0.2,0.9,0.7,82,0.1199670358074083,0.1356370361649828
10,32,0.14068764959778066,0.5272435909248729,0.5343364621924522,0.5886177112024722,0.020114535958263475,0.07377142275134152,0.00024690708062735997,0.00021435454723515998,0.2,0.9,0.7,83,0.126114314578451,0.136510893033032
10,33,0.13902008543569624,0.5266150926303074,0.5387119892235676,0.6003788096608552,0.02682782174401695,0.07238340756151956,0.00024737439229173,0.00021437904193276,0.2,0.9,0.7,84,0.1307843394804876,0.1391219893808364
10,34,0.1383276261260373,0.5282444896422865,0.5470853492015124,0.6588285539194421,0.015088371129914822,0.0718690560935923,0.00029208465589677,0.00022810196301845,0.2,0.9,0.7,103,0.1242375694880351,0.1350799977267854
10,35,0.13835051942557863,0.5282616937677022,0.5471021301151037,0.6588443503019245,0.014888422148454735,0.0720182691619369,0.00029220506447828,0.00022822108522590998,0.2,0.9,0.7,104,0.1241191576868394,0.1348640388459778
10,36,0.13823272181697727,0.5280487137325152,0.5468819603865083,0.658608345120141,0.015349992507259293,0.07201915665136452,0.00029346739461854,0.00022930461158636,0.2,0.9,0.7,106,0.124587169290434,0.1353366025393323
10,37,0.13704159430117963,0.5251818298770806,0.5422467191527657,0.6564668291890124,0.020123444861581012,0.07222825684690146,0.00025520145316225,0.00024241304005863,0.2,0.9,0.7,108,0.1231877124707374,0.1349992949164971
10,38,0.13702982957025128,0.5265746115731229,0.5470299796355206,0.6913766146089961,0.014853409767591788,0.07222828544129666,0.00025484355997543,0.00024138592535004,0.2,0.9,0.7,118,0.1230661033475398,0.1348292256696774
10,39,0.1365210866611348,0.5283889105298218,0.5555889448699648,0.7231239972120554,0.02013182776589503,0.07208542954162764,0.00039701783815898,0.00025678147900732,0.2,0.9,0.7,119,0.1242283393978926,0.141105874933716
10,40,0.13624019196288897,0.5278458508266493,0.555026450278086,0.7418599250290583,0.015530496772282378,0.07232046897513757,0.00037325104045593,0.00027473121350025996,0.2,0.9,0.7,128,0.1234425565692534,0.1333869241755976
10,41,0.13555010536193413,0.5272001472934995,0.5560274325500982,0.7514958023910616,0.025754822799729443,0.07258177480115217,0.00043616618457743,0.00027581278630287997,0.2,0.9,0.7,129,0.122830073326501,0.1369475103819767
10,42,0.13445994243329012,0.5253015406067725,0.5540695838583708,0.7548750352844892,0.017975919149928743,0.07208512066446465,0.00041058466715491,0.00026957879431119,0.2,0.9,0.7,130,0.1223576071062138,0.1349366885266212
10,43,0.13322633210277798,0.5229703649024515,0.5516587637804473,0.7468208224047196,0.028420177839580722,0.07208561526426707,0.00046042352200585,0.00027769415882060997,0.2,0.9,0.7,131,0.1232069895994665,0.1418606440290064
10,44,0.13298673647034695,0.5232326456969262,0.5536018135822397,0.7546626366668524,0.015059715654321444,0.07208561527884538,0.00046263624363162,0.00027082061566889,0.2,0.9,0.7,139,0.1232223459431731,0.1356624189885795
10,45,0.13296337406801972,0.5231947549033181,0.5535628769392391,0.7546213987282306,0.015067573529715859,0.07208561523845877,0.00045534129223455,0.00027079886242046,0.2,0.9,0.7,142,0.1229491440509409,0.1355861804782285
10,46,0.13296652688628788,0.523196889016654,0.5535649471904264,0.7546233036141567,0.01502605384042786,0.07208561522361834,0.00046010742622915003,0.00027083100849604,0.2,0.9,0.7,144,0.122792477583498,0.1356015743661948
10,47,0.13296432737579386,0.5246063946073993,0.5583654477796007,0.8001699656327474,0.01503578208812058,0.07208561521848068,0.00045961421601220997,0.00027080445096029,0.2,0.9,0.7,145,0.1232171634501491,0.1355487050949498
10,48,0.13296125297580524,0.5231617346655072,0.5535276201752583,0.7571563711509256,0.015375661320537685,0.07207325373984744,0.00049407671523186,0.00027260501994229,0.2,0.9,0.7,146,0.1233729902517076,0.1357237560392234
10,49,0.13293929809038055,0.5245150844527773,0.5582693623200532,0.8089885143196653,0.017514647569901065,0.07232051356543523,0.00046264495148472,0.00027321773849531,0.2,0.9,0.7,147,0.1238315478240749,0.1361093705930479
10,50,0.13284195474589164,0.5264358946484387,0.565269536582784,0.845961820414612,0.015521491734180012,0.07232051356525257,0.00048497358585716,0.00027248668925934,0.2,0.9,0.7,153,0.123712859542881,0.1371861721942696
10,51,0.1328403606948731,0.526433087926036,0.5652666368865285,0.8459587315999464,0.015097095310933248,0.07232051356525009,0.00048476851515352,0.00027249894615793003,0.2,0.9,0.7,155,0.12371608850161,0.1371864663155507
10,52,0.13263481127080795,0.5275316118115371,0.5697484015919214,0.8750088884760133,0.015065873052805864,0.07210293282708775,0.00045245528614692,0.00026198080496904003,0.2,0.9,0.7,169,0.1215784738992848,0.1378841797910101
10,53,0.13276569117988804,0.5264551864096614,0.5652957040223086,0.8460033400447201,0.01499432917452135,0.07150048288055909,0.00046703031803552,0.00026396325249417003,0.2,0.9,0.7,191,0.1231301597851919,0.1351277361331338
11,0,0.9493079561768833,0.9870113535130678,0.9865769900772161,0.919075973401095,0.0,0.0,0.0,0.0,0.2,0.9,0.7,1,1.1168189175556014,0.9574996750364948
11,1,0.7986027496735681,0.9538833390766854,0.9518567282525445,0.8851815893675208,0.12995815109577952,0.07235630545427943,1.0481071838189999e-05,1.328421187217e-05,0.2,0.9,0.7,3,0.875012153369549,0.8406796266522645
11,2,0.47288540717545935,0.8210467086817805,0.814605655810872,0.7401528986206376,0.653936771187312,0.06664587114741904,0.00020159000545829,0.00022781943584587,0.2,0.9,0.7,4,0.4477874963518889,0.4676095203892625
11,3,0.33216207801287434,0.7322147171952911,0.7228070959960042,0.6453267493066972,0.22868147145784132,0.06656274974636635,0.00013503724908146,0.00017274162017878,0.2,0.9,0.7,6,0.3540901091450144,0.359576995683466
11,4,0.318589965432024,0.722689162555229,0.7145998305253927,0.63777540070249,0.04197222250070651,0.07115279973725859,0.00020849710637322003,0.00026705595414279004,0.2,0.9,0.7,8,0.3286755344711347,0.34842513547511
11,5,0.30209868328901857,0.7097721463665776,0.7012792455965527,0.6266440795003162,0.04444343697486231,0.06666666114525296,0.00023704312425977,0.00029980683087887,0.2,0.9,0.7,10,0.334567977526147,0.2708450627604346
11,6,0.28899657489235153,0.6988865255662738,0.6916986262999639,0.6228152367958233,0.06808340609186778,0.0666393027375908,0.00028273141308598,0.0003756563731348,0.2,0.9,0.7,11,0.332737849844661,0.3169672600674285
11,7,0.2524498403457941,0.6652289691956784,0.6568623682429514,0.5871077904247888,0.18717381111903536,0.07350859616355461,0.00042143047827763,0.00050928462921868,0.2,0.9,0.7,12,0.2626292949714872,0.2227058352659596
11,8,0.22656773679922498,0.6384923635011882,0.6309038222690314,0.5549791994422127,0.0813428772276723,0.07321145973399878,0.00044259813194002,0.0005597881976295101,0.2,0.9,0.7,14,0.2177191704367446,0.2190195777649457
11,9,0.21325502401986943,0.6245000693817668,0.6148259933294106,0.5597445668789092,0.04606048247681558,0.0668183428554037,0.0002492644018091,0.00031603458374673,0.2,0.9,0.7,16,0.2399805057955677,0.1913086537639988
11,10,0.2122203516325229,0.6233340689362916,0.613637395672643,0.5603813763904332,0.016406153101116774,0.06440287763365501,0.00024489319578172,0.00031119027171255,0.2,0.9,0.7,17,0.2402285014020858,0.1862142923650131
11,11,0.1818806052140587,0.5933017474065041,0.5842102969334586,0.5315049317886501,0.21316755626440895,0.07190366462605391,0.00045043197745078,0.00057314507681513,0.2,0.9,0.7,18,0.1950986556364409,0.1491290857087694
11,12,0.17590797856007342,0.5761849597451322,0.5665908314456392,0.5129675412277025,0.03930669654949052,0.06346484304789832,0.00023158913075551,0.00028825841960276996,0.2,0.9,0.7,19,0.1848250891028466,0.1821326071709626
11,13,0.14118086420988366,0.5210379026109384,0.5112019769777156,0.46034086734219,0.29545674806824185,0.07190366462605391,0.00045043197745078,0.00057314507681513,0.2,0.9,0.7,20,0.1361792190687256,0.1538093906498457
11,14,0.12853335208864988,0.49818697442487314,0.489252051973476,0.4294895357316786,0.07292043303235345,0.0732039587626663,0.00042008765098506,0.0005322941596204699,0.2,0.9,0.7,22,0.1284160423922107,0.1442047503038387
11,15,0.12399922878710645,0.4871239214846423,0.47609794734389355,0.4327085792472403,0.07454151040348517,0.08012591536411733,0.00047008810385020997,0.0005920330140184299,0.2,0.9,0.7,23,0.1394604304966712,0.1452128984532023
11,16,0.11364779174403251,0.4658864131493544,0.4541703633780114,0.4092503548671092,0.11607047326637825,0.07714900838284275,0.00045016898547192,0.00061029035922652,0.2,0.9,0.7,24,0.1142262099680153,0.115978280071721
11,17,0.11069223705327767,0.4607887416978703,0.45224821334131604,0.40689379332974995,0.026609032027801814,0.0777083117307921,0.00036216456623589996,0.00047353237512768,0.2,0.9,0.7,27,0.1206710544869806,0.1231106550393113
11,18,0.10443712212150456,0.4485433555836038,0.4413031453254521,0.4107654648411147,0.03417390172871043,0.07149471919372696,0.00042843335694026,0.0005454774995119601,0.2,0.9,0.7,30,0.1127500276553861,0.1212875251282025
11,19,0.09693682645112563,0.42968220180737954,0.42014196104143114,0.4039813109259754,0.059040583080265836,0.07084241716791964,0.00045441039636334,0.0005882950886268101,0.2,0.9,0.7,32,0.1078821248001543,0.1085563030130278
11,20,0.08846704055182975,0.40516517821301284,0.3964267030611581,0.3777691182147149,0.1457595040078237,0.07856887364130012,0.00043007675383595,0.00056281161500887,0.2,0.9,0.7,33,0.1012091682260399,0.1048571258177684
11,21,0.0861434870775697,0.39682958231442084,0.3911021356782346,0.3781176141673054,0.03187676192754504,0.08618766250837465,0.00045518566995887005,0.0006649106886297701,0.2,0.9,0.7,37,0.0883132613680592,0.09836842019691
11,22,0.08513086440973977,0.3934235904827102,0.3859148897176621,0.37515198072673017,0.024265730073105313,0.08553531419601959,0.00045130551713296995,0.00066125205940098,0.2,0.9,0.7,39,0.0922610501548123,0.0991220271121285
11,23,0.08384362114411188,0.38991376547851925,0.3839542465008721,0.386823239021206,0.02867667118868998,0.08632094106969466,0.00045262808264853,0.0006650464905535301,0.2,0.9,0.7,41,0.0893399704103267,0.1007579771400061
11,24,0.08352589750073314,0.3890119370026137,0.38302327517575274,0.3930822368845152,0.022332955433807953,0.08616414193590402,0.00045399481587155,0.00066475812162912,0.2,0.9,0.7,42,0.0887736966074931,0.0986779257226908
11,25,0.0835856236138654,0.38901755744176136,0.3830261153092745,0.38582792363913493,0.01862400047137011,0.08677944702537116,0.00044791229699432,0.00062363615566414,0.2,0.9,0.7,43,0.0929356378561992,0.1035362158706577
11,26,0.08125113831210555,0.3826019232413995,0.378069028724098,0.3743665523593416,0.052528766009382846,0.08632150952083709,0.00046480065512781996,0.0006835722442174,0.2,0.9,0.7,44,0.0878239086962671,0.0910350364549576
11,27,0.07869422775653105,0.3731985237377533,0.36666993755643235,0.372729492595846,0.06229310095655291,0.08794868863303446,0.00047445886930734,0.0006048506849160699,0.2,0.9,0.7,45,0.0913757263985492,0.098616681796898
11,28,0.07667202243266955,0.36818980592556805,0.3648412701596832,0.34482044509633986,0.03346678097059221,0.08728742501412015,0.00046606067714285006,0.00064734238189347,0.2,0.9,0.7,47,0.0834240169118121,0.0924661372884834
11,29,0.07239164440507291,0.35239763560678583,0.3485053246055181,0.3412355401956979,0.058301373513253194,0.08957752628160029,0.00049161446031295,0.00063126127953178,0.2,0.9,0.7,49,0.0830139584211406,0.0904403313407593
11,30,0.06087154986345876,0.31024026872284316,0.30662213109754755,0.33721680044302327,0.2264358366730934,0.08680051328131938,0.00052230242844191,0.00087572954909919,0.2,0.9,0.7,50,0.0601887823467189,0.0645532302673157
11,31,0.041483236066298876,0.18773233728666697,0.17820200165254638,0.20208514362044583,0.3275363177534847,0.10573237859125673,0.00059812424481973,0.00151247151952412,0.2,0.9,0.7,52,0.0421303059084338,0.0355851833727749
11,32,0.04050970434658155,0.1861636452691799,0.17827794214296963,0.20446271447983283,0.02568106075906114,0.10201320621211318,0.00060617103251249,0.0014898156737393601,0.2,0.9,0.7,54,0.0420564926409912,0.0357230785411256
11,33,0.04137537939345605,0.18667824214838394,0.18211470028543064,0.2384919977140738,0.024582753394955626,0.10775670783583628,0.00059904408050128,0.00151960505361151,0.2,0.9,0.7,61,0.041871892275038,0.0354481992209856
11,34,0.04224984448722173,0.18806625887524558,0.18519073633815036,0.25989517344767377,0.024334063634270913,0.11258600627400231,0.0005746860772012101,0.0014665617866399402,0.2,0.9,0.7,65,0.0416945696786292,0.0386343789967555
11,35,0.03937133389085834,0.18559977086546134,0.18440830083756465,0.25931961219868727,0.022899369912011712,0.09851377219643592,0.00058077586365067,0.00143767762425686,0.2,0.9,0.7,66,0.0415147267040918,0.0347606478756627
11,36,0.03755925806592161,0.1801291717196236,0.17712705095810838,0.256778742589192,0.036603175298008946,0.09267588432925036,0.0005785183079086099,0.00122005395711685,0.2,0.9,0.7,67,0.0411324024415551,0.0345127741317433
11,37,0.038447993136783404,0.18025316617555917,0.17888932607461114,0.27182578911522426,0.022701395680543933,0.09662457595087603,0.00082840087011777,0.0013851012221746599,0.2,0.9,0.7,72,0.042326985166167,0.0344528114431172
11,38,0.04054850948581865,0.17587993073357433,0.1776011696817011,0.2836979119537774,0.03922524586774218,0.1124383387484332,0.00057539606385562,0.00199995906185594,0.2,0.9,0.7,75,0.0416038978971325,0.0327490072848531
11,39,0.04112733039018432,0.17033610892571321,0.17015277995474068,0.28329542412320846,0.04093855050500399,0.11798622084450235,0.00057298940994258,0.0024372153971235202,0.2,0.9,0.7,77,0.0405528666854837,0.0334513599559493
11,40,0.04190184156203805,0.16495028982551682,0.166198523165526,0.2978477626155279,0.06590969382066576,0.12811043974016437,0.00057306886067875,0.00211935835742567,0.2,0.9,0.7,78,0.0409729807386591,0.0339697637860523
11,41,0.041310162737489144,0.16172428738226352,0.16287153526877338,0.28631904237390127,0.042093093676465645,0.08631702584444498,0.00057725793854545,0.01376063015582878,0.2,0.9,0.7,79,0.0444559144602269,0.0382541345986253
11,42,0.04583610553372454,0.16562657014003224,0.16674996044356694,0.295798567856845,0.03547536797092625,0.10875422545306053,0.00058183522167608,0.01393807885644322,0.2,0.9,0.7,80,0.0454855971799421,0.0388866122767984
11,43,0.032615050068763383,0.1507097430098795,0.15510538079389397,0.2763117868264882,0.03648486303072001,0.08896803961732316,0.000584611512295,0.0013371254193195801,0.2,0.9,0.7,81,0.044207667094671,0.0381550739904615
11,44,0.9050658115473919,1.0207407239235127,1.0250440115806185,1.1705105090809385,0.8965112571075419,0.9576284873642675,0.00058092294555062,1.0,0.2,0.9,0.7,84,0.0407343533717249,0.0367091438651859
11,45,0.7880475137895927,0.9039135248182736,0.9098927116824186,1.0448609138901783,0.7779531548235978,0.8232619568351284,0.00058123815416353,0.8713243907108698,0.2,0.9,0.7,85,0.0413123115112385,0.0375333534184211
11,46,0.9133339813928325,1.028231116210723,1.0341733733067886,1.1854728809286603,0.9058805945290422,1.0,0.00058280017520046,1.0,0.2,0.9,0.7,86,0.0409912549098021,0.0372631470263826
11,47,0.5296343974476827,0.6444069979193954,0.660356360436565,0.9335708398596918,0.5181458147224969,0.6651716379484951,0.01121756802805591,0.5347165525973563,0.2,0.9,0.7,120,0.0381933514858967,0.0314281754894063
11,48,0.9083347102569369,1.0233489492271337,1.0409762495472294,1.329666005488419,0.896608398861569,0.910968543088407,0.01555541171818316,1.0,0.2,0.9,0.7,126,0.0381714500590748,0.0317586246104931
11,49,0.9405956482987138,1.0574078367173168,1.0801095668079266,1.3849590918416808,0.9287526326613478,1.0,0.031664924973210114,1.0,0.2,0.9,0.7,133,0.0381769878535261,0.0319489722306005
11,50,0.39227236507079283,0.5096144684516497,0.5340050600514787,0.8455436921684603,0.38067613505039255,0.5796381786613262,0.019827058251048822,0.35203814571258074,0.2,0.9,0.7,135,0.0381131683847121,0.0317950291019781
11,51,0.39240792851096273,0.50660893228733,0.5308804218229808,0.8450940689350063,0.3979434805172961,0.5819576821287766,0.01982800946313362,0.35216878398125895,0.2,0.9,0.7,136,0.0380338556570068,0.0319871935750186
12,0,1.0,1.0,1.0,0.9345415811267143,0.0,0.0,0.0,0.0,0.2,0.9,0.7,1,0.9090549675105511,0.9657674463227072
12,1,1.062072978004972,1.0638289108951786,1.0638093426955135,1.0015614863469668,0.06583412807380896,0.3219712692998059,1.371059594608746e-07,2.8605602676100003e-05,0.2,0.9,0.7,3,0.908917933990725,0.961622969995938
12,2,0.447164543841451,0.8070144998528961,0.800100004489991,0.7246000198532713,1.0137957288602222,0.06666472568707511,0.00026437668485658,0.0003212067234802,0.2,0.9,0.7,4,0.4474721464031034,0.4265868855446633
12,3,0.33991629148478686,0.7380043672538331,0.7287897160124106,0.654099192817197,0.1803757911224636,0.06658744636600462,0.00014126589165498,0.0001840435855341,0.2,0.9,0.7,6,0.2999174181634417,0.3468253362159779
12,4,0.3332907711249531,0.7337746176700047,0.7260904391572546,0.6527240161505278,0.02554866640689691,0.06658662878105916,0.00014091640490034,0.00018614881236782,0.2,0.9,0.7,8,0.296039463707109,0.3398221888968499
12,5,0.2881280565436932,0.6986000895131242,0.6897381905179859,0.6199076474636009,0.07265639324778993,0.06661668347423691,0.00016640076527064,0.00021010177411515002,0.2,0.9,0.7,11,0.2369551381807872,0.2565330150599064
12,6,0.2599611640851839,0.6775667252323189,0.669625479956321,0.5996533997330669,0.08078706433521543,0.07264186802303194,0.00029490334942652,0.00037235235550892,0.2,0.9,0.7,13,0.2183778364039028,0.236804417530048
12,7,0.21341372811279719,0.6235418989521718,0.6154660789569159,0.5508084801134238,0.13508281537962674,0.07264186802303194,0.00029490334942652,0.00037235235550892,0.2,0.9,0.7,15,0.1816414861717401,0.2049977705829591
12,8,0.20855441670478392,0.6177727542381446,0.6095004078883578,0.5451703080551307,0.029467506835450734,0.07428630420623535,0.00017104035482142,0.00021616052106358997,0.2,0.9,0.7,17,0.1810693046871614,0.1834092611541507
12,9,0.1584564704974883,0.549228202793844,0.5403041366842314,0.4749275228943782,0.18627168753051218,0.0776708966301382,0.00032150329179613,0.0004061538294753,0.2,0.9,0.7,19,0.1428491159776197,0.1356507245855379
12,10,0.15734177884197867,0.5482076294943385,0.5409238200283971,0.4784480521996811,0.020044720368811407,0.07753144274620963,0.00029597412453975,0.00037393365337358,0.2,0.9,0.7,21,0.1405403120934286,0.1337044542609836
12,11,0.11390379374253402,0.46765937131885427,0.4576889455617333,0.39776148550907164,0.21065891917953836,0.07656513324117621,0.00028605218697504,0.00037250155625975003,0.2,0.9,0.7,23,0.1189727258854574,0.1189074713350943
12,12,0.10929213536845592,0.4805114619686431,0.47265698253560234,0.4327671770187211,0.02443879333171586,0.07377874140692231,0.00035868658407706003,0.0004657283181667,0.2,0.9,0.7,28,0.1079277628278744,0.1201736981070049
12,13,0.07813862488694724,0.3764131356553207,0.3650777670465725,0.30228755088336323,0.4165980347887883,0.07377874140692234,0.00035868658407706003,0.0004657283181667,0.2,0.9,0.7,29,0.0873087314504039,0.0859060715965543
12,14,0.07321002663650783,0.3606510006565544,0.35046049684027725,0.30281322959354784,0.09278820093299123,0.07377874140692231,0.00035868658407706003,0.0004657283181667,0.2,0.9,0.7,30,0.0793224232963522,0.0817391203027228
12,15,0.06779224593739115,0.34343616741240274,0.33269027425754866,0.29389090479633295,0.03493686456816111,0.07107166135971074,0.00033240956175176,0.00040797507500052005,0.2,0.9,0.7,34,0.0800993078894484,0.0849896000283895
12,16,0.06443771710619231,0.33158366078121404,0.3204463426270414,0.28078484309464535,0.07142613047617762,0.07014483195630279,0.00035354143354099,0.00043608726634387994,0.2,0.9,0.7,35,0.0803970134750631,0.0719679319795111
12,17,0.06421527332758699,0.3310707091654006,0.3232463733399902,0.292992401832686,0.02657588395923503,0.0725102724006602,0.00031609432137165997,0.00039448646153227,0.2,0.9,0.7,36,0.0818196978988531,0.0702516604042296
12,18,0.06352083380016205,0.3285009287127195,0.320591788838602,0.29256258988454137,0.027167436550825416,0.07246490846550124,0.00030191776704973,0.00037749332569105996,0.2,0.9,0.7,37,0.0804084471038678,0.074502983006305
12,19,0.06261787552800556,0.3260529397681646,0.3197375143562594,0.2931308099616786,0.029665584831995533,0.07185600542453051,0.0003091356625973,0.00038643528111478,0.2,0.9,0.7,38,0.0782540524490574,0.0736266649546126
12,20,0.05923657937061109,0.31367954824152255,0.3119539548213936,0.310330311653905,0.020827736478955493,0.07378789263573404,0.00027859209624826,0.00039493614120111994,0.2,0.9,0.7,51,0.0728587761139414,0.0634873588635124
12,21,0.05921829636593783,0.31430909886026626,0.31427645359893674,0.32480006360063274,0.01538012762861392,0.07379144133180375,0.00027856097037936,0.00039511095255448,0.2,0.9,0.7,55,0.0728060292080019,0.0634447219510148
12,22,0.05920763142283556,0.314264964326085,0.31423083664854823,0.33179773530095324,0.01539291278603404,0.0737919808130128,0.00027859944078242004,0.00039513128648807004,0.2,0.9,0.7,57,0.0727604286224251,0.063480938131508
12,23,0.058339150249064504,0.3104575105405407,0.31029350853588955,0.33789137375085715,0.0342344799959675,0.07420674895661447,0.00027910054206688,0.00038534101443923,0.2,0.9,0.7,58,0.0681391822207413,0.0618632763834559
12,24,0.05703539591666843,0.30576235736155016,0.30711396486179826,0.3417251660948214,0.028391369586103374,0.0741402929820457,0.00027529514462109,0.00038005402603578,0.2,0.9,0.7,60,0.0694453803813831,0.0597436797268521
12,25,0.05648852035686811,0.30276514923018777,0.30234502685353315,0.3061707490052759,0.02636180711870111,0.07407512906919847,0.00027638047649145004,0.00037941141499009,0.2,0.9,0.7,61,0.0688537682492558,0.059168597043339
12,26,0.0548807953143763,0.29654314243726354,0.29758719748077517,0.3341284958332415,0.04892600962085047,0.07402998146090828,0.00027937614113741,0.0003754170877338,0.2,0.9,0.7,62,0.0669603941495629,0.0612766848833877
12,27,0.05307623999980741,0.2889325207004533,0.29139167782560377,0.35018823011284894,0.035693646014807144,0.07424638862444664,0.00028793657115115,0.00040241490190583005,0.2,0.9,0.7,64,0.0654665504579641,0.0592055723097311
12,28,0.05277817405163833,0.2875008756274598,0.28991146763496994,0.35392184333012766,0.02245305717106538,0.07433197663005757,0.00028915866055014,0.00040604682923525,0.2,0.9,0.7,65,0.0644649492521467,0.0582788541734482
12,29,0.05259799978834679,0.28750018244293835,0.2915837385259759,0.36112753427692185,0.018669615856183607,0.07419312444191566,0.00028848929083086,0.00040113776457087,0.2,0.9,0.7,66,0.0626857964902977,0.0590875918796878
12,30,0.05221842739381767,0.2872182866287046,0.2946367487900062,0.3826221775532291,0.017398793319948497,0.07413071449403277,0.00028789349508396,0.00039913089491544994,0.2,0.9,0.7,70,0.0615416037744956,0.0587368569740315
12,31,0.052070780111776245,0.28773015363689985,0.30017292755674785,0.43153266919339117,0.016226121340014717,0.07388242901093939,0.0003134863826471,0.00080382703576317,0.2,0.9,0.7,85,0.0633320080693446,0.0634254061166525
12,32,0.05205623783871869,0.28837654754066006,0.3025129297261074,0.43707325418706783,0.015759952407555875,0.07387006154199467,0.00031332337434972,0.00080465584652247,0.2,0.9,0.7,87,0.0633513921105129,0.0632766437094281
12,33,0.052093361271546984,0.28909581496047027,0.30492676193814555,0.4538999008183997,0.015718034527370632,0.07405868925507907,0.00031165186560739997,0.00081313146677132,0.2,0.9,0.7,89,0.0621558724817481,0.0622722312790692
12,34,0.05133415778280619,0.2871390352418766,0.30458450204513354,0.456780100140444,0.01835971790429786,0.07447947589447683,0.00028268285148171,0.00038731603680007,0.2,0.9,0.7,93,0.0612425679501513,0.06097940220797
12,35,0.04903702686454167,0.2736373376285932,0.2872782376987887,0.4400705688793748,0.045681299311074106,0.07475246982923041,0.00031283595903499,0.00066538675614159,0.2,0.9,0.7,95,0.0591551906207506,0.0610791254889776
12,36,0.04762770681849158,0.2693883242990385,0.28624231271856454,0.49884847352462464,0.01697391806146667,0.07404480134410446,0.00030061457352002004,0.0003996176075483,0.2,0.9,0.7,111,0.0585611871904664,0.0585688782899526
12,37,0.04798269823463698,0.28275391787556536,0.33180613099893513,0.7276282039846178,0.01585794433265287,0.07570604596784583,0.00030587528868513,0.00057127178121588,0.2,0.9,0.7,171,0.0571226977802679,0.0585991653610944
12,38,0.04790476766101101,0.27937546047998574,0.32162568788375173,0.7422372229893925,0.01681000724350313,0.07590947664144929,0.00032113565302455,0.00054946021676986,0.2,0.9,0.7,174,0.0579118485259345,0.05969990955219
12,39,0.047737083983478444,0.278864279534909,0.3211001899185459,0.7447408007276812,0.01785002981933241,0.07551336289295682,0.00032108490451232,0.00054422767463847,0.2,0.9,0.7,175,0.0578919433654379,0.0593116250191832
12,40,0.0476962780058735,0.2785773685545872,0.3208030205822893,0.7569025501842013,0.016536353525383452,0.07550869402860756,0.0003201587311382,0.0005750485217330601,0.2,0.9,0.7,177,0.0582244149239965,0.0600778640725532
12,41,0.04756943566630707,0.27888174791025244,0.32445761918783617,0.7556624968663131,0.021836357383291188,0.07567454807311919,0.00032993535923181997,0.0006780044858779,0.2,0.9,0.7,178,0.0579597269245152,0.0601795416998925
12,42,0.047433538947143646,0.27861462570363443,0.3241850318685901,0.7646062026674522,0.016199146544237798,0.07563058887425228,0.00033178681427591,0.00053992779219106,0.2,0.9,0.7,180,0.0581077059292998,0.0603227103024974
12,43,0.047412419864201645,0.28412430253315596,0.34325405512635726,0.8117431948687317,0.01587259251111058,0.0756343108956806,0.00032032848077534,0.00056595575426884,0.2,0.9,0.7,192,0.0573590844091927,0.0599281065338453
13,0,0.9661931304314033,0.9914118460304602,0.9911246405867913,0.9250327584159813,0.0,0.0,0.0,0.0,0.2,0.9,0.7,1,1.046070543770072,0.9617619338483137
13,1,0.801997735432601,0.9539179284458668,0.9519432383378755,0.8853824665637358,0.13534542006781197,0.06473529432495598,1.561954816654e-05,1.5384989676800002e-05,0.2,0.9,0.7,3,0.8091282110987177,0.8416109462544524
13,2,0.4405676382344414,0.8032385692106724,0.7962004485671942,0.7204284968277898,0.7480901925285949,0.06663012730891636,0.00024802533866079003,0.00023949049339869,0.2,0.9,0.7,4,0.4741325128223603,0.4315066563956182
13,3,0.3287526147523699,0.7296235668983361,0.7201295142576631,0.6448231686146899,0.1916502607053898,0.06666512331331764,0.00013572557951907,0.00013428662598138002,0.2,0.9,0.7,6,0.3306459779721291,0.3454144967745934
13,4,0.3219560525387051,0.7250957892443557,0.7171221358238471,0.6414913207831705,0.026258028406110034,0.06666273955722338,0.00013802261025381998,0.00013679455848146,0.2,0.9,0.7,8,0.3392136410190112,0.3393252633333334
13,5,0.3077758939461776,0.7146705998205837,0.7079924576280462,0.6333446252182522,0.04339778828901859,0.07042842636057364,0.00018700988286033,0.00018671798511749998,0.2,0.9,0.7,10,0.3030236255248474,0.3323672730166414
13,6,0.2956588075745455,0.7037429455818208,0.6950569094403469,0.6238402979913408,0.05879302699849486,0.06640467443974726,0.00013771860591198,0.00014142102277419998,0.2,0.9,0.7,11,0.3062012235620955,0.2939677524195289
13,7,0.29561266780320483,0.7037012581759982,0.6950141501613575,0.628386123970668,0.013641812463374623,0.06632054729766301,0.00014254960011653,0.00014479100989321002,0.2,0.9,0.7,12,0.309600418308102,0.2965383203208723
13,8,0.2818048404758272,0.6924551037002745,0.6850616959489038,0.6255722764066696,0.07188534677275694,0.06666194287796016,0.00014428032906843,0.00013971027231788,0.2,0.9,0.7,13,0.2827709044387531,0.232708227706417
13,9,0.2725769152546997,0.684199634362847,0.6764998570631885,0.6117946850685068,0.058886143089690236,0.07061844525398,0.00021215341424362,0.00021773713652515998,0.2,0.9,0.7,14,0.2749028653818857,0.2710976727267866
13,10,0.25143891552160136,0.6641640447367789,0.6557864559695153,0.5922685320006468,0.11396856018877788,0.07211322079670907,0.0001738564115869,0.00017485013341266,0.2,0.9,0.7,15,0.2534885434929907,0.2341581773966401
13,11,0.21894444818183015,0.6300703568372236,0.6222403818609427,0.5608232212534204,0.09698455119319718,0.0699250139724877,0.00015461130525058,0.00015219342323728,0.2,0.9,0.7,17,0.2135994104224546,0.1835291136355119
13,12,0.17291493516572232,0.5715144772218747,0.5633630051566877,0.5058859541952091,0.1615609918271281,0.07443231567937883,0.00025332232664263996,0.00024936075671628,0.2,0.9,0.7,19,0.167787474598297,0.1368049630347203
13,13,0.16186964375415452,0.5545095756154599,0.5457581236790442,0.49315030026960943,0.045232323854183756,0.07881065676443591,0.00029278250089898,0.0002877753127009,0.2,0.9,0.7,22,0.1300578135512076,0.131481753458549
13,14,0.1339229146933221,0.5073418535969221,0.49866989706380205,0.45009256447789414,0.1340088209211202,0.0816590425308385,0.00022237190715495002,0.0002149211444261,0.2,0.9,0.7,24,0.1141318528244604,0.1064730997328064
13,15,0.1288000738772249,0.498415247039806,0.4911244783798737,0.4432244271241613,0.0391137770436461,0.0802555522354341,0.00025418820207681,0.00024337617519997,0.2,0.9,0.7,26,0.1044887380066655,0.1024450589216016
13,16,0.12448803253227513,0.4897047850071315,0.48211671812915763,0.43734704663636664,0.03821046857077923,0.08130737002824226,0.00023617523243605002,0.00022409940140739998,0.2,0.9,0.7,28,0.1057664192589842,0.0948344401429247
13,17,0.1201325796960906,0.48075413822909235,0.47286653935173345,0.43629842970019334,0.03833985008471969,0.08123197081966196,0.00025309721594012,0.00023384951145063,0.2,0.9,0.7,30,0.0992314211750203,0.0886637558587487
13,18,0.11785235877294578,0.4758115579834421,0.4677546521088967,0.4302506195581169,0.04131234231491485,0.08147428341958465,0.00030121754974147,0.00027484870603823,0.2,0.9,0.7,31,0.0929378212915968,0.0776629123283725
13,19,0.11374487636273731,0.4676083095820075,0.4609488631884293,0.43116415212524756,0.038382309338039905,0.08159158292685406,0.00029017364189192,0.00026341752950858,0.2,0.9,0.7,33,0.0918964339085786,0.0771666002761842
13,20,0.11297563801146374,0.4666834792039571,0.461666979873753,0.43569651380022284,0.020519602106069817,0.08137664761343137,0.00028031622034974,0.00025404073676087,0.2,0.9,0.7,35,0.0918598489088933,0.0767853367577555
13,21,0.11194344186254702,0.4653307522028967,0.4635979777889177,0.4495684934659478,0.019151774161849797,0.083264694759074,0.00032248094964588004,0.000296509464722,0.2,0.9,0.7,43,0.1026902902270644,0.0755870609938964
13,22,0.10819939219431561,0.4568402537913008,0.4548276230588028,0.4622427119768902,0.05718264454078102,0.08262886203796077,0.00032689499106683997,0.0002990000949851,0.2,0.9,0.7,44,0.0929545327123604,0.0691953741245024
13,23,0.10521304624778191,0.45166928452836586,0.45118349822883597,0.4746567722682789,0.04070846556259885,0.07847036221469891,0.0003265863825203,0.00029867958811988996,0.2,0.9,0.7,45,0.0836953223375732,0.0643116073728263
13,24,0.10594783578561193,0.4515407135351,0.4493504741217903,0.4642284527462807,0.017460511553555227,0.08230844221651523,0.00035168428515735,0.0003757682366201,0.2,0.9,0.7,48,0.0901469668497607,0.0731337331387661
13,25,0.10415451193588963,0.4484478805643469,0.4494930019938742,0.4880779305477933,0.02848133588414964,0.0830016174564522,0.00038903973724472,0.00034593895954757004,0.2,0.9,0.7,50,0.0890575301356135,0.0687707305938618
13,26,0.10406494019639402,0.4482295197140117,0.44926731282107024,0.4679421773303163,0.017460147763547405,0.08299576407180871,0.00039102472052236,0.00034687848727574,0.2,0.9,0.7,54,0.0889384858779116,0.068619292820699
13,27,0.09983451902516913,0.4381717368760879,0.43722539953947875,0.447086720044586,0.058325527974017646,0.0797923033226703,0.0003190538803703,0.00032428582042285,0.2,0.9,0.7,55,0.0885845655097362,0.0704516577867099
13,28,0.09800094521790353,0.4351043072854605,0.43905875467027494,0.4654302155226213,0.02585810046623795,0.08144318807672471,0.00034297111546045,0.00035223831430635,0.2,0.9,0.7,58,0.0791341279084321,0.0604842938190847
13,29,0.09728571460087655,0.4325433223493833,0.4347400605941219,0.4626445955189261,0.021329074512100914,0.08140466461170331,0.00035067023088812,0.00036016367301115,0.2,0.9,0.7,60,0.0790395599738971,0.0588478162038192
13,30,0.09573925612783538,0.42818473761009546,0.4302287483307128,0.49232204016394526,0.03917966401637884,0.08209468752553636,0.00040808393082779,0.00038752565267276,0.2,0.9,0.7,61,0.0790672234574617,0.0585460952905452
13,31,0.09515606165273877,0.4276713487519502,0.4313765375383923,0.4700835548010774,0.018526902767308482,0.08139908575132965,0.00035820093283692,0.00037607709410981,0.2,0.9,0.7,64,0.0769782642735386,0.0598631450924529
13,32,0.08844354335373558,0.41006086715926976,0.4148491055246213,0.4726784206945977,0.1057010223385341,0.08135985087705967,0.00038427012690652,0.00035428642123844,0.2,0.9,0.7,65,0.072340770282951,0.0685612164478679
13,33,0.08387136888920135,0.39610316982108895,0.40041264751632516,0.4602617040685298,0.025925154099247352,0.08336579472203932,0.00033354868102446997,0.00036001234256199,0.2,0.9,0.7,73,0.0691154379471527,0.0704070121746912
13,34,0.08254466858739076,0.39202545560659147,0.396197676128429,0.45816171879283907,0.037064461580260714,0.08335689370296048,0.00035069600582921,0.00037916237096324,0.2,0.9,0.7,74,0.0726650984360712,0.0722338765998069
13,35,0.08044211617599663,0.389553412323269,0.3970283803429767,0.48434344432257437,0.019197665929034536,0.07700629442884967,0.00039377054646613004,0.00036299640019585,0.2,0.9,0.7,78,0.0686394258511803,0.0596371644216585
13,36,0.08051096477316416,0.3915819364395963,0.40413544925639205,0.532399733414475,0.0173936373777222,0.07806816223641026,0.00037108232358256,0.00030517809190134,0.2,0.9,0.7,79,0.077239765417405,0.0621369760144042
13,37,0.08020723008845863,0.39121517359293556,0.40542630971986254,0.5229953016609362,0.01894924226549013,0.07839771437421289,0.00036787676555273,0.00030225627704329,0.2,0.9,0.7,81,0.0806112759390207,0.0621758921858274
13,38,0.08019567468335509,0.38866514378146594,0.4010904325996708,0.5205072218921082,0.03016402306989518,0.08198719450108312,0.00043456118778027004,0.00041508951435849,0.2,0.9,0.7,82,0.061585363464469,0.0600314506020397
13,39,0.07962924617600513,0.3867841011775927,0.3991448291525111,0.508362295993247,0.026495272620013388,0.08250758110462512,0.00041586399042959,0.00036128301522497,0.2,0.9,0.7,83,0.0655781656951683,0.0683497011427625
13,40,0.07892996423896542,0.38512724472139503,0.39744103837634626,0.5142326201502215,0.019150882659399928,0.08106419679241887,0.0004381477579863,0.00038324283594301,0.2,0.9,0.7,86,0.0634436255475632,0.0613271437534774
13,41,0.07888078920579705,0.38486914329629085,0.3971727463286007,0.5139413061832411,0.017657895561241768,0.08128813811653765,0.00043936839150430005,0.00038433956744936,0.2,0.9,0.7,88,0.0624744121646393,0.061267087148671
13,42,0.07886329417566255,0.38479323879133953,0.39709400035219733,0.513855908380527,0.0170331449335534,0.08134852654564777,0.00043511517743808996,0.00038549045392819,0.2,0.9,0.7,92,0.062367012928115,0.0610369692483982
13,43,0.07881459636061777,0.38543721789877505,0.3994328189591715,0.5216918058796017,0.016947343419641853,0.08106030826630015,0.00043695045463978,0.00040659249144665003,0.2,0.9,0.7,94,0.0638086903317941,0.0614641507765063
13,44,0.07799807030816851,0.3841975948329235,0.4014948844068629,0.5454047247831699,0.023385914973049406,0.08138277942453566,0.00042263348835385004,0.00036347676005204,0.2,0.9,0.7,96,0.0613860617710332,0.0601169058990051
13,45,0.07630261117135483,0.3815789277168554,0.4071385397547196,0.663512883139135,0.018938505664563055,0.08192638794570756,0.00064487264790911,0.00033813035364146,0.2,0.9,0.7,114,0.0792920958188878,0.0590045797247599
13,46,0.07579040305721661,0.37930759420793286,0.403121111943626,0.6677034082774286,0.02449099763384061,0.0819627820957237,0.00057957963818059,0.00033624952238954,0.2,0.9,0.7,115,0.0706819919707967,0.060201908596326
13,47,0.07564269743624784,0.3795245113588742,0.40501717700811324,0.6847359412753289,0.018338619309591464,0.08202483364649053,0.00056734868056962,0.00033490806662276,0.2,0.9,0.7,117,0.0709109939655703,0.0594445268628133
13,48,0.07541728171461996,0.37871148537375443,0.40417606458483185,0.6808525124503159,0.018530097911624854,0.08224456569668108,0.00054895621696669,0.00033428337846624,0.2,0.9,0.7,120,0.0722031164490792,0.0593736131041655
13,49,0.0748455034210718,0.3738224466072362,0.3924336267705984,0.6727502727797372,0.020683413421091902,0.08237091790881232,0.00050273513253667,0.0004520811261385,0.2,0.9,0.7,123,0.0666054998203094,0.0575948332324218
13,50,0.07453726078632472,0.3731501536735973,0.3934059301250039,0.6770181208814023,0.024779447855421067,0.08233191718803137,0.00065592676853785,0.00047384368729555,0.2,0.9,0.7,124,0.0644639355215281,0.0608643075117666
13,51,0.074266499558694,0.3736375159292859,0.397253274827143,0.6994400595962983,0.018521827394025726,0.08231639716483644,0.00067644720383523,0.00045889748797542997,0.2,0.9,0.7,128,0.0639322834197203,0.0608391233616403
13,52,0.07373942310570614,0.3710282019183943,0.3928831979386439,0.7062939139818917,0.02059256923050109,0.08262444416201026,0.00065365993020775,0.00046756958864050004,0.2,0.9,0.7,131,0.0636485034550509,0.0604940796013152
13,53,0.07325081157084701,0.37442208217217454,0.40975789735779494,0.7786686493800903,0.01825979626747843,0.0824742091289864,0.00057016740493165,0.00096302723651982,0.2,0.9,0.7,152,0.0667503225787845,0.0585413150138005
13,54,0.07320777548858343,0.37426350442976514,0.4095938773415936,0.7784926179653568,0.018081095758435885,0.08247433033247036,0.00057336671780625,0.0009649473847526501,0.2,0.9,0.7,154,0.0669145242140028,0.0590074070605314
13,55,0.0731658705532069,0.37628060272310826,0.41669476413783096,0.8363815548968043,0.01771050527888932,0.08235016679633991,0.00059624024479069,0.00094647923759305,0.2,0.9,0.7,164,0.0657431274567636,0.0586395553334982
13,56,0.07293581207378255,0.3770605897796442,0.4208468736335899,0.8667298679884489,0.01787899896147535,0.08255267997686523,0.00057302358440515,0.0008249061570703899,0.2,0.9,0.7,174,0.066752365180595,0.0573299027103526
13,57,0.07295918715126713,0.3770841197490658,0.42087041330691305,0.8979257303094863,0.01762709132458462,0.08257342354991773,0.0005901051039853301,0.0008304160758862599,0.2,0.9,0.7,182,0.0670758283981665,0.0579859857196088
13,58,0.07295913579922537,0.3770832458990689,0.4208694993659053,0.904166203474663,0.017629997864867405,0.08257339874020338,0.00059036060884388,0.00083047896077639,0.2,0.9,0.7,184,0.0670772296871362,0.0579813438673275
13,59,0.07290525056081004,0.37701521745759564,0.4208008020199931,0.9103376861029275,0.01767768308824068,0.08237022132894758,0.00058229900431173,0.0008302980306973899,0.2,0.9,0.7,185,0.0660991922838254,0.0584499392165413
13,60,0.07276150450881809,0.3763001392963191,0.4200588518684705,0.9032947798889309,0.02156387682769591,0.08249761814645637,0.00059247136590354,0.0009072554224815,0.2,0.9,0.7,186,0.0662592105036705,0.0584178893118785
14,0,0.9679279842414343,0.9918597184950131,0.9915874891489633,0.9255286434844993,0.0,0.0,0.0,0.0,0.2,0.9,0.7,1,1.0384249968706845,0.9645767992487472
14,1,0.7987266520162787,0.9548531847680353,0.9528134186118862,0.886109181158311,0.1440306282712308,0.0791154499896102,1.742022990444e-05,2.024548545636e-05,0.2,0.9,0.7,3,0.8329586169063633,0.843960761681024
14,2,0.4331786988888681,0.7989770777653192,0.791796801942722,0.715711245621403,0.7592641526891127,0.06664167508854832,0.00024416978879332,0.00022722901206226,0.2,0.9,0.7,4,0.5057610633953823,0.432995200271305
14,3,0.3255723573546522,0.7271895540550802,0.7176136049779767,0.63975943350435,0.18729272163391344,0.06666775018468692,0.00012903906790332002,0.00016354611616239,0.2,0.9,0.7,6,0.3832235827902521,0.3612431931674074
14,4,0.30968967994843616,0.7155219956927265,0.7071996711862183,0.6307980519301862,0.04645205265740453,0.07039770105605817,0.00018241773252687999,0.00023119906365313001,0.2,0.9,0.7,8,0.3607115558050052,0.3490453457887365
14,5,0.3019777631658387,0.7099187605317343,0.7030766428975845,0.6289729199208955,0.030160689083955753,0.07096437869649166,0.00019234988643618002,0.00024470961887457,0.2,0.9,0.7,10,0.3709884181930131,0.3412101497912867
14,6,0.2985330574487194,0.7070091682867323,0.7000753331132387,0.6300186238948304,0.021018386350033495,0.07022280778696055,0.00018780740903343,0.00022400404565787001,0.2,0.9,0.7,12,0.3480202785087626,0.3317594253266618
14,7,0.27725469533834046,0.6878267676074566,0.6786011339445,0.6096495793044552,0.10087378756436213,0.06666384101437466,0.00016854893039668,0.0003419532612668,0.2,0.9,0.7,13,0.3419313324747313,0.2596644444235709
14,8,0.24897610361389583,0.6620964849893506,0.6536362342302361,0.5850073222865436,0.08369255485069775,0.07207246274323037,0.00028506927461823,0.00062175573230293,0.2,0.9,0.7,15,0.3030531007337091,0.2196375237095804
14,9,0.23982406593714709,0.6525601065477638,0.6438242008060815,0.5826949560590383,0.03334007738299632,0.06649070458393416,0.00017491375171968,0.00051068749280898,0.2,0.9,0.7,17,0.2777101534309658,0.2029540403103188
14,10,0.23566613087389124,0.6481066800493936,0.6391826221475067,0.574927591273576,0.04220403604164773,0.07211009396369567,0.00025995976908424,0.00047261206069207,0.2,0.9,0.7,18,0.2903070000244187,0.1976773066460894
14,11,0.21813509048144317,0.630489728820646,0.6226416999434774,0.5625597148200088,0.11029957869524891,0.07143176671920119,0.00030695147703856,0.00089619185845406,0.2,0.9,0.7,19,0.2450885157364779,0.1741969174976297
14,12,0.20218805068506038,0.6108105965572657,0.6039764344187546,0.5452929174115594,0.06132756140310139,0.07143176671920119,0.00030695147703856,0.00089619185845406,0.2,0.9,0.7,21,0.2376410601215749,0.1958080672452511
14,13,0.18320655599901345,0.5860127549605709,0.5766698442589396,0.5172876926852402,0.1365986401854933,0.07371462912701035,0.00031166131126826,0.0005643859425495401,0.2,0.9,0.7,22,0.2223998682152026,0.1487149062127783
14,14,0.1672195794710642,0.5630845867286269,0.554647235214049,0.49653832441027124,0.0707732490114363,0.07375370307022801,0.0003069226485663,0.0005456241344478699,0.2,0.9,0.7,24,0.201334662124521,0.1458582706234208
14,15,0.16576618369602336,0.5616578026972198,0.5548478965273784,0.5018916238433275,0.02025160826697378,0.07324155641261135,0.00031272881060750003,0.0005467013835367301,0.2,0.9,0.7,26,0.204533765111542,0.1452895482340086
14,16,0.16609737537150332,0.5613176023188563,0.554441066837387,0.5034606058571903,0.021813933021896235,0.08053931462055533,0.00048677838627817995,0.00059889966034304,0.2,0.9,0.7,28,0.1843289848507553,0.1471362386453256
14,17,0.1591797937674763,0.5510761709236396,0.543885744396073,0.4943283266166378,0.061604796494411265,0.07690440464452927,0.00039920780235097,0.00052928639027103,0.2,0.9,0.7,29,0.1948066822703233,0.1293737090947186
14,18,0.15488970344542255,0.5451713437328858,0.539468483010886,0.49290270393954666,0.030799862275521367,0.07499594350470365,0.00039431134521474,0.00052103178738578,0.2,0.9,0.7,31,0.183733231909959,0.1238060778952209
14,19,0.1414537723355147,0.5216802781539948,0.5135149910644294,0.4698338810106679,0.12715414242189907,0.07622514403880841,0.00032557769127606,0.00047215339246862,0.2,0.9,0.7,32,0.1756873318491903,0.1156808875971068
14,20,0.14007195183945267,0.5198663663283524,0.5133094442670854,0.473032476088333,0.02228137161440773,0.0766271593577683,0.0003291552768243,0.00047644112533161003,0.2,0.9,0.7,34,0.168807709838297,0.1162857333755474
14,21,0.13894357883982128,0.5188494993951167,0.5139422638481886,0.4772528142777254,0.01897718552065459,0.07490950532282656,0.00032765191980604,0.00046707372002326,0.2,0.9,0.7,36,0.1774679952643933,0.1155930296301894
14,22,0.13846138711413475,0.5181288827011171,0.5132050840009968,0.4855146762945488,0.01612561365593182,0.07342953556238171,0.00034194875285552,0.00054998479958503,0.2,0.9,0.7,39,0.1718312658806195,0.1161747542401819
14,23,0.1385125010753567,0.517708845200963,0.5127496442634838,0.48988066428319554,0.018586220668837413,0.07655137154930643,0.00034449438830385,0.00056731821286103,0.2,0.9,0.7,41,0.1652369936564775,0.1267064751428219
14,24,0.13651010556454546,0.512243203030342,0.5037408360930956,0.4853430001590052,0.038583547119169385,0.07906914713723309,0.00032267726307645,0.00058266535007595,0.2,0.9,0.7,42,0.1677500048047076,0.1144049976799525
14,25,0.1358862281838446,0.5117957618344117,0.5049503469756778,0.4995154283626669,0.01930028632951362,0.07906914713723309,0.00032267726307645,0.00058266535007595,0.2,0.9,0.7,44,0.1691590009253683,0.1103104852627286
14,26,0.13563851161344018,0.5112092860896843,0.5043392206963673,0.5056333360149187,0.017377716172991324,0.07980311130207522,0.00031934694661728,0.00059251701250365,0.2,0.9,0.7,49,0.1678048243371411,0.1108254748245717
14,27,0.12793972890745084,0.5001272735005725,0.4996012684895759,0.5040637207144786,0.07940592031986868,0.07576673426131737,0.00034340829900764,0.00056475468479324,0.2,0.9,0.7,50,0.1522832427422205,0.1191192169569098
14,28,0.11131973545901018,0.4656614878698434,0.4623360999560583,0.46432921559750784,0.17520695271611306,0.07150828265806566,0.00043737119666463996,0.00059181648276708,0.2,0.9,0.7,51,0.1198714224654506,0.114581789556841
14,29,0.8318723684293641,1.181113124666816,1.1774818721685933,1.1859253578902211,0.7840692508669814,0.1966207888034936,0.00042623616288731006,1.0,0.2,0.9,0.7,52,0.1164132348736235,0.1098410663729444
14,30,0.8316264482704397,1.1788321007175537,1.1750811945588637,1.1808926549001972,0.7583559647855845,0.20304519873846347,0.00043998388753256,1.0,0.2,0.9,0.7,53,0.1176273227985349,0.1122785003505237
14,31,0.09730941670441663,0.4343018999259122,0.43493733712218935,0.475102361491739,0.029808972862541774,0.07133996982275953,0.00048445695451423,0.00084976009962528,0.2,0.9,0.7,60,0.115263292845794,0.1066298316903353
14,32,0.1184377877006273,0.45183952115781073,0.4522781440342639,0.49449572252836543,0.05299579954875658,0.1488788088214677,0.00048396688708017,0.01215862513820244,0.2,0.9,0.7,62,0.1129587203871788,0.1009187748343931
14,33,0.09482098546927341,0.42841626246936293,0.43052256660533245,0.4901658565437509,0.016436049837866295,0.07192186827202161,0.00050094631936093,0.00084407287374147,0.2,0.9,0.7,66,0.1136150601041764,0.1039532006200027
14,34,0.09024381488883647,0.417967265330284,0.41810033692516013,0.47953427080382266,0.03412550408766105,0.06512002208966641,0.0005009274173896001,0.00073277186430964,0.2,0.9,0.7,68,0.1001682609812806,0.1047966325675618
14,35,0.09015531412728295,0.41851804759320393,0.420343100478647,0.4840286346460199,0.014111253595124962,0.06491166976193705,0.0004930745990366001,0.0007325912792067,0.2,0.9,0.7,71,0.0991237498886491,0.1048920505841528
14,36,0.09123746574316563,0.4154527314467452,0.4220346433959844,0.5726248592863645,0.0194694888437925,0.08863494831374492,0.00042703296877309,0.0007217925604192,0.2,0.9,0.7,127,0.1027241550435641,0.0747923096852291
14,37,0.09029519024844015,0.4124640909959274,0.4172808777298621,0.5619247583820663,0.028491559383817658,0.08752782785900368,0.00043655900883565995,0.00073814313649505,0.2,0.9,0.7,128,0.1001209221981118,0.0725357094290015
14,38,0.08496654465331961,0.40106823767653044,0.4055737478162974,0.5654961942578295,0.038937117679934866,0.07842999982161246,0.00034448809050982,0.00047416917466334003,0.2,0.9,0.7,130,0.095042486374026,0.0763081150026538
14,39,0.08453330026703001,0.4011607729106887,0.40735265221934186,0.5728358088134913,0.017321252946437663,0.07684861611461877,0.00033698337719408,0.00045085922776413,0.2,0.9,0.7,131,0.0930374533673255,0.0743257905782538
14,40,0.08471526069686257,0.4004068645458251,0.40489155344246147,0.5647680913815761,0.017976273838072224,0.07824555165949894,0.00034219119808763,0.00047458698758555,0.2,0.9,0.7,132,0.0948500838838109,0.0752398929486264
14,41,0.08434806347033201,0.4012376825280017,0.40910256480233137,0.5859321211942163,0.01682472883361579,0.07703288235837988,0.00033321652324661,0.00046694939369722,0.2,0.9,0.7,134,0.0932517066320245,0.0778496484347082
14,42,0.08377752733048648,0.398529420951022,0.40628625161095794,0.5832211559017771,0.024392055439535636,0.07912612447988931,0.00038905204666605,0.0005444305097236999,0.2,0.9,0.7,136,0.0948512736654148,0.0793941044189231
14,43,0.08331621588744052,0.39722655799492823,0.40494103957487665,0.5817825310448715,0.018055511013838114,0.07900041171193768,0.00038303996480519,0.00053601734027745,0.2,0.9,0.7,140,0.0942559753402921,0.0789028473958774
14,44,0.08319353010930652,0.39682764168449763,0.4045282472714749,0.5813391253597553,0.018548894800807677,0.07917809161822513,0.00037385677590749,0.00052001849799279,0.2,0.9,0.7,141,0.0938318894144297,0.0752674463027365
14,45,0.08293101122071114,0.39796755646302057,0.410718838410752,0.6559669611137553,0.016795457188444458,0.0791152094554752,0.00043519419171050004,0.000596645688892,0.2,0.9,0.7,173,0.1031738846702704,0.0768262412991649
14,46,0.08288194966816348,0.3978725682754254,0.4106215505210448,0.675922320606463,0.016717410925833537,0.07937752628613051,0.00040324880241108,0.00052537169657262,0.2,0.9,0.7,176,0.0919817315075358,0.0755165973109971
15,0,0.9743392209566073,0.9935079409168025,0.9932908682465075,0.9262690071749394,0.0,0.0,0.0,0.0,0.2,0.9,0.7,1,1.0144491988535391,0.9593592859345252
15,1,0.9306133789310609,0.9896245587028135,0.9889308137046983,0.9234359926805981,0.0449363391471247,0.05182022399321703,3.9908412584103785e-06,4.797139410495789e-06,0.2,0.9,0.7,3,0.9885660571899156,0.8725770669904476
15,2,0.5118258003642768,0.8409310847940638,0.8351584339832447,0.7621788829516861,0.750189120327042,0.06664825114639508,0.00014661180169159,0.00014781027214769,0.2,0.9,0.7,4,0.4971406828578997,0.5193250564698716
15,3,0.3283055951869839,0.7292807635609031,0.7197755851403748,0.6444453985845129,0.2842139064604291,0.0666388640763381,0.00013779619262007,0.00012448118747589,0.2,0.9,0.7,6,0.3303268771588165,0.3453875316403778
15,4,0.309606215630742,0.7154578654706707,0.7071331707839303,0.6323549585809589,0.051765730358658314,0.07055835887271188,0.00019600371163994997,0.00017756266626259,0.2,0.9,0.7,8,0.3023396198824768,0.3319577149000425
15,5,0.28141713097441656,0.6915700737565807,0.6824220951030925,0.6119054359855909,0.07484421786115944,0.074578999627573,0.00014960240501664,0.00013534759746265,0.2,0.9,0.7,10,0.3011165746608183,0.2707512609746553
15,6,0.2629650525283528,0.6752475188738261,0.6672098759800484,0.5994766189419372,0.05806480300170307,0.07648670027685046,0.00020987452515917,0.00018935435108264,0.2,0.9,0.7,12,0.2712992490848951,0.2624588381033872
15,7,0.2617328249192039,0.6747686813221717,0.6683869505872789,0.6082197318455425,0.018486238276448942,0.07648670027685046,0.00020987452515917,0.00018935435108264,0.2,0.9,0.7,14,0.2712476474418552,0.2548911377073931
15,8,0.25357920103858195,0.6669339428898635,0.6603512288739558,0.5927713496966098,0.04367534532978394,0.06664182390928358,0.00025751786569043,0.00033351661248002,0.2,0.9,0.7,15,0.2703390489149815,0.2653181990937717
15,9,0.20259756312427826,0.6110926347835696,0.6042540743820948,0.534992747891161,0.15674680301438845,0.0735225736815805,0.00049780566247683,0.00064471821315196,0.2,0.9,0.7,17,0.2396933558487197,0.2065487972246405
15,10,0.19365625387573124,0.6008220419702158,0.5953519600114944,0.5321841770425305,0.038128875039910574,0.07005952914975164,0.00026334330337937,0.00022782494795289002,0.2,0.9,0.7,19,0.2104848471289795,0.2101276809598271
15,11,0.17892030982005047,0.5806598150873769,0.5744777818279548,0.5063563883493496,0.11880281250247268,0.07351107865456549,0.00046844648697878,0.00059126520084283,0.2,0.9,0.7,20,0.2000355209466066,0.1679233831266065
15,12,0.12201133168735503,0.48525164914564195,0.4758843852101943,0.409583773685657,0.47735898960954226,0.07281610759772456,0.00046147799633420997,0.00058221483153676,0.2,0.9,0.7,21,0.1342805480166351,0.1040424423221059
15,13,0.1206154589637698,0.48379270224194554,0.4777200413258871,0.4183445806695682,0.018197920662319563,0.07248426107391544,0.00050444390186836,0.00064087345542582,0.2,0.9,0.7,26,0.1341236239858611,0.1007452945198567
15,14,0.11777511289967875,0.4793674362759697,0.474840589957833,0.4402877387470953,0.016948392714654228,0.07092551344352374,0.0003427469253285,0.0003599715836487,0.2,0.9,0.7,36,0.1312303936887217,0.1432713081056893
15,15,0.11054773626784803,0.46418225519147854,0.45916117674865076,0.43001534706783867,0.05003106102580198,0.06989073615798198,0.00023739620557728,0.00021283828385124,0.2,0.9,0.7,38,0.1193218801544636,0.1091296494837459
15,16,0.09924079600310981,0.4372855987117001,0.4330101862780938,0.412332433053533,0.15301430639820796,0.07342074803182892,0.00028946346147375,0.00028560930626331,0.2,0.9,0.7,39,0.1171251133628473,0.1033126285334607
15,17,0.09255951332521295,0.4211456922990355,0.4163506261871207,0.38813730763649,0.09006461353164452,0.07020746170888606,0.00031945293546888,0.00030893940518094,0.2,0.9,0.7,40,0.0984761655864714,0.0955952843368409
15,18,0.09150546063360462,0.4190103519680381,0.4158158110081706,0.40059180395308763,0.02133108851165339,0.07020746170888606,0.00031945293546888,0.00030893940518094,0.2,0.9,0.7,42,0.1023544777591205,0.0946679297491689
15,19,0.09074324473463913,0.417898760885269,0.4163435889280953,0.4009140064442888,0.01643415428025159,0.06948924578118468,0.00031239599347414,0.00032604040892009,0.2,0.9,0.7,46,0.104900513267146,0.0910027243755511
15,20,0.0727001943001697,0.3635060810206056,0.35846174922855356,0.34606209771050317,0.27447668056048086,0.06929467136165715,0.00030813846180177,0.00031996348232125004,0.2,0.9,0.7,47,0.0814596883922609,0.074777513861749
15,21,0.05632664776525801,0.3009363300408521,0.29544936415091794,0.2897656262656753,0.1700848171175241,0.07189594932974938,0.00039838762862209003,0.00041432617407612,0.2,0.9,0.7,49,0.0600700860712907,0.0586959226106571
15,22,0.05638553719164996,0.3014745410823982,0.2976731937309247,0.29655006593406624,0.015879314688391186,0.07255308910611544,0.00039606682715260003,0.00041344367472238,0.2,0.9,0.7,51,0.0603519390397665,0.0587801343610946
15,23,0.056160885603786605,0.301215659325865,0.2990775513518919,0.30250652939445216,0.017497265678043834,0.0725468209979257,0.0003978541546475,0.00041415052945140997,0.2,0.9,0.7,53,0.0595099668331623,0.0591319938477743
15,24,0.05536941715266575,0.2977355626611578,0.29548031375565925,0.3060158807845775,0.02086524946466194,0.07267151159764497,0.0003981302370519,0.00041116733292306,0.2,0.9,0.7,56,0.0607672704347566,0.0581109756273
15,25,0.049227735217166196,0.2697341216754097,0.26654443608500705,0.28466926750466154,0.15058545239515364,0.07230115340012538,0.00040684454370110997,0.00042511791235731006,0.2,0.9,0.7,57,0.0556925013060706,0.0479548426499654
15,26,0.04690247907827993,0.25902877090625026,0.25715408022416647,0.2817957781244977,0.0426900231660063,0.07213755416617298,0.00040636088110119,0.00042798172799567,0.2,0.9,0.7,59,0.0533130047674613,0.0480413920214686
15,27,0.04668050203985102,0.26082383213433014,0.2656976648487576,0.3391781030088316,0.015340443732758516,0.07226987433324897,0.00036670240805772,0.0004071451632216,0.2,0.9,0.7,77,0.0549397536206318,0.0450604345203506
15,28,0.04610250263247886,0.2580850866968185,0.26620163267373975,0.3792274320159592,0.017746580748186528,0.07338636883344907,0.00041066184520154004,0.00043995269596595004,0.2,0.9,0.7,86,0.0532146366016229,0.0513873226303971
15,29,0.04363309675981887,0.2441777777529908,0.25015669906287213,0.3621581533435709,0.07958890727760899,0.07323152543219671,0.00043883883847853,0.00047612807004284,0.2,0.9,0.7,87,0.052511718762196,0.0474733670990327
15,30,0.0426373023123363,0.2394743615013344,0.24696857029061794,0.36426235577394356,0.02842607423946149,0.07314680400468185,0.00044051398449231,0.00047100957586166,0.2,0.9,0.7,89,0.0513166796274423,0.0468632219689501
15,31,0.04260226414836167,0.23936137556957304,0.24685217283358632,0.3533967311601697,0.0159958210190079,0.07285120893255256,0.00045015704056858996,0.00052739661138739,0.2,0.9,0.7,90,0.0498324533205406,0.0453553105369804
15,32,0.04139001079777271,0.23372911953116485,0.2443744695571901,0.3972380165802925,0.022184356866781628,0.07321607901295993,0.00044227916967248,0.00047456149826452,0.2,0.9,0.7,95,0.0489683979656402,0.0473819717599942
15,33,0.0405861208645323,0.23305062142250205,0.25370301291047437,0.4672413087713247,0.01635554612453766,0.07330793288059566,0.0004317969199627,0.00053972433224316,0.2,0.9,0.7,121,0.0500912618921283,0.0443848578784912
15,34,0.04031964508891435,0.2329692874271601,0.2569632793383747,0.5030254071474323,0.016849718970466953,0.07318357463200212,0.00042073057542186,0.00056928006918888,0.2,0.9,0.7,126,0.0507560999249356,0.0427041452413216
15,35,0.04013560573899819,0.23484767552810915,0.2639260172073831,0.5822466381780422,0.015257646792778088,0.0728845969079653,0.00039893196531067,0.00043665609966669005,0.2,0.9,0.7,147,0.0504354569616771,0.0370675900450696
15,36,0.03994410454850212,0.23358484253651626,0.26262001782789207,0.5884454204358299,0.016840563763905782,0.07270323010767821,0.00041562336433485997,0.00050713392441205,0.2,0.9,0.7,151,0.0517743038042977,0.0360194066938838
15,37,0.03915368154900924,0.23172014714691364,0.26738085891751806,0.631915458944417,0.017788708409638476,0.07283611818172843,0.00042647960013672,0.00044714031199059997,0.2,0.9,0.7,160,0.0478436293303186,0.0380436565434797
15,38,0.039021120161616726,0.23158193277080913,0.26890964573215376,0.6404433758988274,0.01734333931885774,0.07283987627748993,0.00042617443108414,0.00045919166554036,0.2,0.9,0.7,162,0.048387587565836,0.0379884290218831
15,39,0.038750256651408445,0.23061269848554944,0.26957972066066804,0.6659101493964379,0.01690933200900204,0.07282349509166385,0.00042770357565729,0.00047077608318173,0.2,0.9,0.7,167,0.0491305505469925,0.0379066400315605
15,40,0.038466711760243875,0.22827220871114515,0.2654896806435354,0.668510743476843,0.016378633184725436,0.07283586416512257,0.00042595912369156,0.00044219898668596,0.2,0.9,0.7,174,0.0500697138529466,0.0366232607772947
15,41,0.038287333241551154,0.22855746890697062,0.26912816022224073,0.6963657108560166,0.017096181870709534,0.07283509351780146,0.00041858969636964004,0.00045925304313098003,0.2,0.9,0.7,177,0.0490071319674724,0.0369452282087169
15,42,0.03829716074878373,0.229954643816314,0.273915408050703,0.7217433509072307,0.015305593942516925,0.07288473762509515,0.0004260737679231,0.00045678579266732,0.2,0.9,0.7,183,0.0504538909680453,0.0364425849278638
16,0,0.9608882609455871,0.9893309749264951,0.9873022789221751,0.9267648059273204,0.0,0.0,0.0,0.0,0.2,0.9,0.7,1,1.0682201601225214,0.9601287260699384
16,1,0.8047391118392585,0.9552017995372547,0.9532494693054686,0.8867380997056868,0.13100481440228007,0.06785563626024006,9.142351248304254e-06,1.035039932994e-05,0.2,0.9,0.7,3,0.8687799923480802,0.8422601898575053
16,2,0.439802332308287,0.8028177702398505,0.7957642890055265,0.719958689461051,0.7536049292760777,0.06664806869476422,0.00027248401963564,0.00025841340351399997,0.2,0.9,0.7,4,0.4803151411292434,0.4251620843705524
16,3,0.43702545847387725,0.8019267318838714,0.7965156935583257,0.722552356175403,0.01760059928567149,0.0666684962017882,0.00026015150266893,0.00025556482464801,0.2,0.9,0.7,6,0.4766141184018251,0.4263258724148528
16,4,0.3982502676404896,0.7790427932932743,0.7728216096700128,0.7018849796225874,0.07383827352027045,0.07322678561528026,0.0002868914965927,0.00026695583067138,0.2,0.9,0.7,8,0.3941179935955531,0.3553580862269442
16,5,0.3920276446173909,0.7756054413999264,0.7709572008876673,0.7016919387352407,0.023505747654415248,0.07098672842743926,0.00026330387871390003,0.00025655583323646,0.2,0.9,0.7,10,0.4390134576346846,0.4070218788881032
16,6,0.3895528660691126,0.7750929726663863,0.7720642728802406,0.7048043332823888,0.021192596188490287,0.07576346103220384,0.00032773616645051,0.00031462665822451,0.2,0.9,0.7,12,0.3875541674528173,0.3545766245778343
16,7,0.3472942650120217,0.7452317910781268,0.7395594678413193,0.6803389054480411,0.15268406057075057,0.0719187472080707,0.00032263532098236,0.00027500776087396,0.2,0.9,0.7,13,0.3615418357075379,0.2968890426995277
16,8,0.34909588137520775,0.7479318575425707,0.743955638074169,0.686357560693557,0.017048166448618132,0.08106390563202395,0.00040708165632492003,0.00037708002212313,0.2,0.9,0.7,16,0.3086558171463436,0.3285652862746937
16,9,0.3258626578690866,0.7303703755070381,0.7257928262529051,0.6794535461574162,0.1034455174604769,0.08253081158824022,0.00048605877397908003,0.00045901595497068,0.2,0.9,0.7,17,0.2838937939678237,0.2917886521984057
16,10,0.31821953427800115,0.7241245716700224,0.7193754178982582,0.6747755347568013,0.04103615509233327,0.07770796519609877,0.00039672992039365004,0.00035995058684293996,0.2,0.9,0.7,18,0.3007511527646891,0.2747608575983705
16,11,0.3194268679759948,0.7260502860922257,0.7229962279287621,0.6738788282818763,0.017479629918850995,0.08314412394976481,0.00047612599246925997,0.00046532472369892,0.2,0.9,0.7,19,0.2850900515275056,0.2965565765255458
16,12,0.3095154379655244,0.718305179270103,0.7167461092603029,0.6702794481923797,0.04398711843719787,0.07269272633527049,0.00023044723362927,0.00026221072690483,0.2,0.9,0.7,20,0.3317846400986609,0.3200957878296367
16,13,0.31144013192550507,0.7202363243032676,0.7186771126510206,0.6722135343462738,0.0169073879658607,0.08130299700858154,0.0003815074677047,0.00037285268984811,0.2,0.9,0.7,21,0.284280758542576,0.2832260175577986
16,14,0.26632894308336863,0.6791661287278692,0.6729336906688683,0.6111587230779278,0.20157035997273448,0.07496446812296591,0.00035756978972063,0.00033737260842569997,0.2,0.9,0.7,22,0.3021159158610703,0.278172903993986
16,15,0.26817900454746474,0.6835278574482404,0.6807088637096849,0.6423608001080374,0.018323452024404076,0.08422956778816268,0.0006079836301801799,0.00062500679204636,0.2,0.9,0.7,26,0.240115430938,0.2454601137721538
16,16,0.26649403868265975,0.6815372822310832,0.6803262471399556,0.6443561935132418,0.02516595525993997,0.08543082707690217,0.00042128706922343,0.00041362466951278,0.2,0.9,0.7,27,0.2884428148828867,0.2763747466395244
16,17,0.21469549987454245,0.6270301148865078,0.62399697160091,0.588559242691438,0.2836319897656269,0.08488192723255658,0.00048073768704073004,0.00046975860608967,0.2,0.9,0.7,28,0.2277223876442038,0.1889460839302203
16,18,0.19226391847062851,0.5992938449567139,0.5969929120798209,0.5714369374929472,0.08715021358247979,0.08626764930502948,0.0005320609598928699,0.00053211278103985,0.2,0.9,0.7,30,0.2057651903633008,0.1644549542864003
16,19,0.19226354835575932,0.599293348997798,0.5969923972762612,0.5737800635065957,0.018107406815712934,0.08626764930502948,0.0005320609598928699,0.00053211278103985,0.2,0.9,0.7,31,0.2057599446800681,0.1644550347005151
16,20,0.16354513339617768,0.5577765470606887,0.5540530819600493,0.5315933951395315,0.22619668673716664,0.09112467876338892,0.00056705856886408,0.00056281819821159,0.2,0.9,0.7,32,0.1733317552652166,0.1516669847943654
16,21,0.1517073611886353,0.5391364852060326,0.5364610869591748,0.5164520027496246,0.06579607539281793,0.09146274742110597,0.00053278739795742,0.00053393875575811,0.2,0.9,0.7,34,0.161871519148278,0.1397029838111769
16,22,0.14841442125537171,0.5354848715080164,0.5344117063049707,0.5198052785715456,0.02112638400764055,0.0854676716277466,0.00029179931892677,0.00031785499192363997,0.2,0.9,0.7,38,0.1712951611390594,0.1432702563090072
16,23,0.14557357353334488,0.5311448181000733,0.5299305815026836,0.5068232943218364,0.0401588829115695,0.08521260280428891,0.00025232310012477,0.00026851286023397,0.2,0.9,0.7,39,0.1637459507869809,0.1581532252627663
16,24,0.14231730943567844,0.5252663676244078,0.5238670546635406,0.5091312404797037,0.04188903967148527,0.08345131989088625,0.00026722246411458,0.00026040975631836,0.2,0.9,0.7,40,0.1668667111797865,0.1532004306618069
16,25,0.13556095973007143,0.513323382681413,0.5131894786562962,0.5016397218774593,0.07874789826905865,0.08459753364395159,0.00024788267624771,0.00026455168099415,0.2,0.9,0.7,41,0.1557864889385071,0.1358622034692968
16,26,0.11896666145518464,0.4798660747666574,0.47694769191428604,0.4588382637945148,0.06978368578770175,0.08320051741800688,0.00031360798995056004,0.00031441893131061,0.2,0.9,0.7,44,0.1564763231788734,0.1317750205687752
16,27,0.11626447740190775,0.4767559522103156,0.48041694997897816,0.5057856339400724,0.020540297143083367,0.08331542552103097,0.0003693788058577,0.00039437820942018,0.2,0.9,0.7,53,0.1419375309538108,0.127863281727792
16,28,0.11453865909968901,0.4737769616412218,0.48066319873578695,0.5202579340355785,0.02189921829512766,0.08650297019480331,0.00032727275366488,0.00034910795368433,0.2,0.9,0.7,59,0.1357014118384088,0.1218846775598513
16,29,0.10033299443030723,0.4396051974795622,0.4453361396650827,0.4879198901662442,0.06003173925143089,0.08867913841178154,0.00027937580232501003,0.00032950610168409,0.2,0.9,0.7,63,0.1160618687021979,0.1048572200214601
16,30,0.09393101725417709,0.4253422469243053,0.4323032768740364,0.47880505713555876,0.05094714255621624,0.0833556435003169,0.00028779719988558997,0.00034049166981861003,0.2,0.9,0.7,65,0.1065382559755652,0.0922320961469643
16,31,0.09386013254098069,0.4249595373807582,0.4319040629674392,0.4809453251824301,0.019634171600751333,0.08386970905955955,0.00029265704706785,0.00034522461359348,0.2,0.9,0.7,66,0.1071610899050156,0.0921459225229089
16,32,0.09233953829329737,0.42185316389909716,0.4287134086303272,0.49279206878274767,0.020765054791890475,0.08092267045954495,0.00029500698644804,0.00034773870489171997,0.2,0.9,0.7,69,0.1060052852262429,0.0932098185254164
16,33,0.09207658551310705,0.4199479737796486,0.4250631114915881,0.4892301081631449,0.018773193052642235,0.08243787431747315,0.00029339757219311996,0.00032111978436034,0.2,0.9,0.7,73,0.1054196324039123,0.0912091775375857
16,34,0.08469340656139926,0.40003141638791173,0.404498169378017,0.47488100641600806,0.06346838795373172,0.07963869261727892,0.00031482118913654997,0.00034162333686221,0.2,0.9,0.7,75,0.1030499873528401,0.0862564305804931
16,35,0.08331806718941161,0.39562965883227114,0.401603819013419,0.47936911560478607,0.03061348783632567,0.08229860231963335,0.00030676791668605,0.00033290232402031,0.2,0.9,0.7,77,0.1025427241417888,0.0817638357054807
16,36,0.08249923289371472,0.3934335216451076,0.4009990909996942,0.4557368918775146,0.02221477008370821,0.08328389318878784,0.00031574377439329,0.00034203270944422,0.2,0.9,0.7,80,0.100166301140344,0.0802694272366014
16,37,0.07932068552808842,0.3880325216688153,0.4004697270628551,0.509854292673283,0.019988314490597636,0.07712724812134746,0.00032286641232243997,0.00053414826791225,0.2,0.9,0.7,88,0.1046934279157483,0.0987132674596051
16,38,0.07819880295315607,0.3849364594591651,0.39893775814136545,0.5136828734711651,0.025751499765292986,0.07758368073032154,0.00034112143022851,0.00056434926071636,0.2,0.9,0.7,90,0.104734274224834,0.0974501740974453
16,39,0.07833921472380116,0.38416993427531576,0.39646586164409775,0.5292494100551729,0.0168106673531822,0.0789184107241116,0.00034633075424163,0.00051005710130788,0.2,0.9,0.7,94,0.106722931871373,0.0960633113812325
16,40,0.07693765013254725,0.3844886814967921,0.40185176983847226,0.5305887245756719,0.015706161644956963,0.07271980761562392,0.00039698337297452995,0.00047626546710573996,0.2,0.9,0.7,100,0.1080494550132169,0.0987832176623335
16,41,0.07316917194390556,0.3713291316629117,0.3915633842716537,0.5169951499052682,0.09161103852103923,0.07788361448678463,0.00034071711368786,0.00046815397524653003,0.2,0.9,0.7,101,0.0967340132771115,0.0971017435925123
16,42,0.07111871762296,0.3650732358933572,0.3834462971338871,0.5218612543082468,0.039679960972479014,0.07447736575138661,0.00039456224623053,0.00052059942810913,0.2,0.9,0.7,102,0.0915004014270931,0.0988180373165382
16,43,0.07071177325439586,0.36388297828877625,0.38055700268800874,0.5213290439596431,0.015700117833506885,0.07290066739048531,0.00036322676521183,0.00046970071240746,0.2,0.9,0.7,103,0.0924121372606114,0.0960963760930384
16,44,0.06866388228117544,0.35820274434763827,0.3780315351338966,0.5161729003082437,0.049487426277898754,0.07279821738151944,0.00035262018207307997,0.00047620505231001,0.2,0.9,0.7,104,0.0950335724033837,0.0972873527431664
16,45,0.06790525205930308,0.3563824403178707,0.3761618272341609,0.5390313637919636,0.016061538764509598,0.07101480950373537,0.00036070610702256,0.00048542506210518004,0.2,0.9,0.7,110,0.091663581326064,0.0951806195435554
17,0,0.9672550565658004,0.991686089747561,0.9914080746317656,0.925336401333028,0.0,0.0,0.0,0.0,0.2,0.9,0.7,1,1.0411314097369866,0.9666582777344734
17,1,0.661880247963933,0.9072479201165082,0.9019966089428313,0.8326554484870375,0.25612833624983633,0.0667139781363967,0.00047611900872597,0.00074284409227954,0.2,0.9,0.7,3,0.6715397150385654,0.6528001122932099
17,2,0.45133837369033053,0.8093257522991809,0.8024907057552791,0.7271664966015665,0.48105396187290556,0.06666160406351165,0.00027123023430648,0.00022086883913142002,0.2,0.9,0.7,4,0.4303937026619468,0.4265785662321951
17,3,0.4493908174452871,0.809154794292612,0.8039698944779542,0.7305044646225177,0.017505576425779615,0.06860126752926032,0.00033653150007377,0.00026941891029478996,0.2,0.9,0.7,6,0.4242612167431818,0.4230733806564452
17,4,0.4018156858575028,0.7805150301459386,0.7727103032753032,0.7011604171733137,0.0818346472207182,0.06804410063547592,0.00021322599699887998,0.00016931997780932,0.2,0.9,0.7,8,0.4260298648312497,0.3999212224957764
17,5,0.3538716593717985,0.7493634900607595,0.7421362005197458,0.6706978776084866,0.09569357012367477,0.07462870461084685,0.00039455758506489,0.0003126561759559,0.2,0.9,0.7,10,0.3628670391231557,0.3649684114655565
17,6,0.3537646644438985,0.7493332224269674,0.7420995406044965,0.6732727916644853,0.016587255211675977,0.0752461164659402,0.00042022970782170006,0.00033299933506281,0.2,0.9,0.7,11,0.3595028178767758,0.3640424469213431
17,7,0.3441213628916458,0.7418263227581273,0.7326474999047312,0.666484905029696,0.05252476293968961,0.07962719100885911,0.00026510420062355,0.00022922337703762998,0.2,0.9,0.7,12,0.3460446532281568,0.3518986275948639
17,8,0.33178405500151253,0.7336134595711301,0.7257896548571064,0.6610712444330501,0.0423169892013234,0.08549061232972098,0.00032796946703424,0.00027916432485134,0.2,0.9,0.7,14,0.3196068355498205,0.3218610089317584
17,9,0.2805694421027509,0.6908737848116195,0.6816817240428277,0.6145038778023934,0.21414242781877513,0.07682354047813095,0.0002705869272568,0.00022727348462130002,0.2,0.9,0.7,15,0.2542372179992423,0.2755956196437511
17,10,0.2719481098352125,0.6822863144693204,0.6711419210145834,0.6075186596087638,0.05281185967505798,0.07547720233893097,0.00030080088128485,0.00028598418252879,0.2,0.9,0.7,16,0.2860862722385696,0.2872162795642674
17,11,0.2433556557611274,0.6557423767601743,0.6470539684772137,0.581486418536522,0.15120297806341007,0.07628242154930298,0.00021412350911465,0.00017925330427923,0.2,0.9,0.7,17,0.2191939609979208,0.2179958381168324
17,12,0.23743880841677673,0.6502326657041735,0.643017395171369,0.5810126869027568,0.03213847057671143,0.07812968134664089,0.00025825060587142,0.00021619426388991,0.2,0.9,0.7,19,0.2012264651917372,0.2051415746135941
17,13,0.23545337744896383,0.6497349154847228,0.645885696206913,0.6000321910769414,0.015454052206993406,0.0722739751189054,0.00028056375744231,0.00020057891700335,0.2,0.9,0.7,26,0.2237279815177145,0.2008783285979853
17,14,0.2300996683000226,0.6431906443080269,0.6374429837999673,0.5878450859349654,0.04425173143525718,0.07325659181994529,0.00030575413078385,0.00021655319590929,0.2,0.9,0.7,27,0.211011881487048,0.196017754916639
17,15,0.2284838287982127,0.6421043637802355,0.6379911615293966,0.5915488700171163,0.019485998034892385,0.07342365295381507,0.00030483144887735,0.00021747650031458,0.2,0.9,0.7,29,0.2067869009633832,0.1954434110982671
17,16,0.22391884565484546,0.6374919199866352,0.6348411118685694,0.60151468266666,0.03354875654290574,0.08169395551009602,0.00028879576047984,0.0002385269236338,0.2,0.9,0.7,31,0.2258666696807698,0.2060870355133426
17,17,0.2177535292504572,0.6306410897260472,0.6278042333752338,0.6007746402899115,0.028970939421519872,0.0748596141272263,0.00035557086474257,0.00026706138054935003,0.2,0.9,0.7,33,0.1839759875088224,0.1849716458743042
17,18,0.21754436056576204,0.6311066829009754,0.6299573936494999,0.6068153172262309,0.016056823957777373,0.07491357283474334,0.00034503434542778,0.00026250520534769003,0.2,0.9,0.7,35,0.1838088192711134,0.1834288428429671
17,19,0.2239352827364475,0.6359833357183149,0.6344975404911242,0.6098694421057278,0.07922113430121078,0.0939499256028123,0.00135414410735671,0.0148690144358752,0.2,0.9,0.7,36,0.226965246340567,0.2276119254209912
17,20,0.1628377150026088,0.5562361209888177,0.5524419462258776,0.5249938848722008,0.35475247994985976,0.09209478000196189,0.00061770615804241,0.00104089450411094,0.2,0.9,0.7,37,0.2112226671628232,0.1831811146817354
17,21,0.1556580525740755,0.5449514238912723,0.5407973654384449,0.5148049542369083,0.07112441844818293,0.09094748036306263,0.00050704269164457,0.00076470654205669,0.2,0.9,0.7,38,0.1939932574825536,0.1820611592568794
17,22,0.15740921368180558,0.5465396482737723,0.5423704062831579,0.5296046281316251,0.021998177919772943,0.10045926025870996,0.00051379965064787,0.0009561956569635801,0.2,0.9,0.7,41,0.1911648873370711,0.184054180597998
17,23,0.15433335711194765,0.5425952572246758,0.5383537912729832,0.5144302041475877,0.029796377351735074,0.09235677081435643,0.00045658180403924,0.00079604154630061,0.2,0.9,0.7,42,0.1908463843321758,0.1811547924993809
17,24,0.15573689255765,0.545240461025049,0.5476494248809171,0.5611306183527422,0.024670157910852662,0.11000416898193048,0.00052423210966747,0.0010382707806084299,0.2,0.9,0.7,55,0.1864875519100431,0.1808163824335489
17,25,0.1514502709924827,0.5400548602799319,0.5456679352631228,0.5658072357411119,0.028969483566859897,0.1079868065151228,0.00026459253184303,0.0005092390432865,0.2,0.9,0.7,59,0.1540823536648866,0.1728147729215148
17,26,0.14970378537130383,0.5355921873656962,0.5377110492158945,0.5775370673054115,0.029717167629854442,0.10764190108981997,0.00032580131623643,0.00057887936092157,0.2,0.9,0.7,61,0.1391607613749634,0.1466069218703901
17,27,0.14826877677090303,0.5330704045698564,0.5351047513919897,0.5747434664473547,0.03447461058149079,0.1077020571087474,0.00032102953339615,0.00057472135201753,0.2,0.9,0.7,62,0.136772333034566,0.1420503623486004
17,28,0.14448485719121046,0.5287203381453247,0.5356369643446885,0.5595267451737683,0.05150870596821958,0.10622509587072315,0.00027732237959553,0.00054242177520817,0.2,0.9,0.7,63,0.1563788933218734,0.1667484420384346
17,29,0.14381679760892352,0.5242716112441178,0.5309102653835797,0.5645756364603757,0.06606041448909278,0.1087791369833592,0.00035186253901045,0.0052369778469850995,0.2,0.9,0.7,64,0.1627837136779741,0.1651123698349586
17,30,0.13811066060272745,0.518890023816851,0.5271967595888172,0.567817461475547,0.022460827776596005,0.09471407615551433,0.00039026052666932997,0.00168200543658921,0.2,0.9,0.7,66,0.148316988212428,0.1705268534183623
17,31,0.14012721496117903,0.5171013537854784,0.525139583588076,0.5779115906089248,0.065650097704721,0.11075690363868831,0.00040264911093956004,0.00599820620764207,0.2,0.9,0.7,67,0.1558522024428161,0.1624435425458932
17,32,0.13083421588738917,0.5024922578228047,0.5101698306117659,0.5447058335162706,0.07520281563901404,0.10700953247291414,0.00043818345251928997,0.0015614865409057,0.2,0.9,0.7,68,0.1486243608264046,0.1593949628801783
17,33,0.12384819530442645,0.49471966400572254,0.5039942573775573,0.6125019733579241,0.01865630027422076,0.08069185344488625,0.00037466425252712,0.00125969201764483,0.2,0.9,0.7,79,0.1285119481157245,0.1241303934851152
17,34,0.11879589674737405,0.48743322670045447,0.5031637376638614,0.6060540726895156,0.032777342241628954,0.07940955031903732,0.00032442466820463,0.00118385158824476,0.2,0.9,0.7,82,0.136074527219302,0.1535370520177367
17,35,0.12099660286354369,0.48548368900497346,0.4959911763249068,0.6086578567204441,0.04245977393476795,0.08026123903324613,0.00038010966620045,0.00693776172178887,0.2,0.9,0.7,83,0.1474970151293437,0.125401852372749
17,36,0.11290099363984467,0.47262395885297115,0.48615185461881594,0.6148362737184718,0.044252334108225606,0.08489567218884278,0.00027066411501762996,0.00120089542333118,0.2,0.9,0.7,85,0.1256743366336467,0.1205659773233688
17,37,0.10102852872127469,0.446232273536069,0.4572622088814913,0.5679168352374656,0.0551553621073771,0.07690561330435422,0.00027549125218281,0.0010659900811501,0.2,0.9,0.7,88,0.1086914665229252,0.1137183382242268
17,38,0.10006394542073498,0.44381028360092406,0.45475861167607046,0.5705543792987207,0.02822398292745305,0.07701441003565937,0.00027439707874472,0.00106237856705965,0.2,0.9,0.7,89,0.1094036576706511,0.1137083668497717
17,39,0.10037502885622661,0.44358058913190096,0.45615506402466255,0.5854176002411247,0.02256531769980224,0.08202940033888163,0.00028973855108096997,0.00123808379026465,0.2,0.9,0.7,91,0.1062513033199874,0.1123262343187869
17,40,0.09848564447627055,0.44073966518969604,0.45326139867540904,0.5716620695917257,0.01881823994086722,0.07654779237141875,0.00026234236711578,0.00103350359662541,0.2,0.9,0.7,94,0.1066965737234382,0.1120935609543733
17,41,0.09889481332195317,0.44245434424766406,0.46001778014957717,0.6143175254253844,0.01793292396457861,0.08052062105842461,0.00027842513711711996,0.00121951368583258,0.2,0.9,0.7,103,0.1061433920294676,0.1150048122403283
17,42,0.09734501080751183,0.43964609498236856,0.45714039808146273,0.6278709152074888,0.026496301112690742,0.0772755216466963,0.00027940341052688,0.00108810981033129,0.2,0.9,0.7,104,0.1046482567323222,0.1106190118322661
17,43,0.09780868868225248,0.44028968500193416,0.4594506007953634,0.6415125656490485,0.021486077889296466,0.08080641701099141,0.00028164162418762,0.00122232761533803,0.2,0.9,0.7,105,0.1007935745879491,0.1033895312047609
17,44,0.09664076368529222,0.43723741219438855,0.4562956968861939,0.6382061949454808,0.024724794593015235,0.0807111373284445,0.00030815343833809,0.00123972051452411,0.2,0.9,0.7,107,0.1005048613821712,0.1023605875468685
17,45,0.09651431464190195,0.43741979186552815,0.45815203269314886,0.6571890558043253,0.018191791619512825,0.08105005536990431,0.00032254612558687,0.00129762320095788,0.2,0.9,0.7,111,0.0996963936765015,0.1031546432990799
17,46,0.09587272206278008,0.43742622179249185,0.4615079970112505,0.6896513154388616,0.017752083782054538,0.08059315167786296,0.00029000298194915,0.00123729841767801,0.2,0.9,0.7,123,0.0989834547455226,0.1029333253045147
17,47,0.09601939932589175,0.43716200035467473,0.4612218071270651,0.6721334218413617,0.018263726082866933,0.08244721258395453,0.00028381581707065997,0.00127590228677405,0.2,0.9,0.7,128,0.1052176713384826,0.1094947779474654
17,48,0.09563952927215441,0.4362006264056191,0.4602291014158702,0.6710720058162444,0.022160086454837854,0.08231541459840841,0.0002802939230821,0.0012836152938557502,0.2,0.9,0.7,129,0.1042297046694821,0.1093593740755569
17,49,0.09558698380456808,0.4375273541814814,0.46494509956087704,0.7021661101946297,0.017648729788077987,0.08216284338981064,0.00028014640950558,0.0012820287229679,0.2,0.9,0.7,133,0.1040122949601424,0.1090729363722803
17,50,0.09547191582734676,0.4371612069341404,0.46456546336102744,0.6989312138906335,0.017945829340513954,0.08220785270161056,0.00029518849343562,0.00130353717655206,0.2,0.9,0.7,139,0.1049626447935653,0.1093611363461761
18,0,0.9583687027781425,0.9893821665119957,0.9890270899125958,0.9217009419827998,0.0,0.0,0.0,0.0,0.2,0.9,0.7,1,1.0806573016617746,0.9570983242265644
18,1,0.7882613694041348,0.9502893442795451,0.9481570479785463,0.8812487294799071,0.14293648914797955,0.07014092084036036,1.649531101047e-05,1.8883530379879998e-05,0.2,0.9,0.7,3,0.8679778146295718,0.8422830399358577
18,2,0.4404707049643316,0.8032150722565605,0.7961741663064188,0.7203991114338177,0.7257309840787012,0.06666170982967022,0.00027030267383746997,0.00028851988655115,0.2,0.9,0.7,4,0.4754264187741286,0.4259982046873539
18,3,0.4376703721549672,0.8023052910852535,0.7969072767423688,0.7229767214385235,0.017571376833616422,0.06647789386059147,0.00026698658041614,0.00028569701529951,0.2,0.9,0.7,6,0.4767751410487487,0.4247037819498995
18,4,0.33696351873443803,0.7365254477547976,0.7289334156319556,0.6584127514066762,0.17264928080079384,0.06661924484571632,0.00013054293649303,0.00018164106563604,0.2,0.9,0.7,8,0.3431638209340734,0.3625525931425231
18,5,0.32913061702797325,0.7313970814155615,0.7252967728080364,0.6564339946506919,0.028620174836004028,0.06779523255462253,0.00014526854891637,0.00020213069153672,0.2,0.9,0.7,10,0.3328843664106645,0.3556144223741254
18,6,0.3238713985740011,0.7274152935760102,0.7211730964112838,0.6519977250039672,0.034677384773522515,0.06894900988291272,0.00016165525206639,0.00022493160518547,0.2,0.9,0.7,11,0.3254307851308264,0.3512132645981746
18,7,0.32232489824860544,0.7269503714912788,0.7223600678152455,0.655407757123796,0.020560782255570304,0.06953277169127121,0.00017077953935453,0.00023762739180336,0.2,0.9,0.7,12,0.3228728153869322,0.350088928210192
18,8,0.32180257372336013,0.7265968774659671,0.7219867159354983,0.654991000776536,0.01735132225116346,0.07056715740652668,0.00018851004834004,0.00026229811419491,0.2,0.9,0.7,13,0.3207617267224019,0.3502860071524635
18,9,0.31283808986838707,0.7200294656731154,0.7169012046005871,0.6577737668802148,0.023911993547573514,0.0666658030344923,0.0001376441234727,0.00017781422511771,0.2,0.9,0.7,16,0.3560325588399742,0.3102603694460423
18,10,0.26254980211329093,0.6769954709340694,0.6740262072388165,0.6197800964741922,0.12724614275019272,0.07561525575412206,0.00033012607654306,0.00053112176991123,0.2,0.9,0.7,18,0.2509922453248052,0.264408389189981
18,11,0.19991656292767057,0.6083777803047284,0.6031101828169037,0.5450818508312285,0.1825282598793778,0.07515998532461468,0.00041715783831775,0.00071600803586594,0.2,0.9,0.7,20,0.2102433234328861,0.1804809327130495
18,12,0.19577791868440328,0.6038769904257921,0.6001366646514954,0.5448850161477204,0.027935481412382064,0.07477458523287735,0.00037052190250263,0.00063559983401981,0.2,0.9,0.7,22,0.2042272781419129,0.1773830291585996
18,13,0.19527682530573529,0.6039567830389191,0.6018929954291028,0.5407662907272051,0.017056528091314235,0.07451283153151725,0.00036795887209172,0.00063147495960128,0.2,0.9,0.7,24,0.2022223994203479,0.1779971442889653
18,14,0.19511743619041966,0.6037850654301434,0.601719423825772,0.5427072288316203,0.01582845688942128,0.07393619884210995,0.00036750158966171,0.00063076523329878,0.2,0.9,0.7,25,0.2020994866996218,0.1783681694227474
18,15,0.18951408776446144,0.5979337607554012,0.5990193671998191,0.5556122750146725,0.024178397801979338,0.07351747093019009,0.00036595909793342,0.00062062820823012,0.2,0.9,0.7,29,0.2036572859101242,0.1602212385142513
18,16,0.16866792544706033,0.570132399923322,0.5685734036746608,0.5490279613996004,0.06701768272937765,0.07972674620806965,0.00037304197479327004,0.0006767482732922901,0.2,0.9,0.7,32,0.2098238455395445,0.1614384572718361
18,17,0.15145652938939053,0.5414121006610217,0.5405507470247777,0.5136166037975483,0.15201795674048882,0.08162146684521315,0.00038199436345037004,0.00071844261441463,0.2,0.9,0.7,33,0.1823021625411363,0.1330323113150083
18,18,0.14185322766625244,0.5254197899884956,0.5257068521747834,0.5132388189295785,0.055476089777891674,0.08026880383314486,0.00036258295152572,0.00064973922252813,0.2,0.9,0.7,35,0.1719865029120832,0.1246804455600799
18,19,0.1411081143965778,0.5238129887299311,0.5240452676052976,0.5184619964422227,0.020216020749023823,0.08027097905420422,0.00037271626519553,0.00068075316631151,0.2,0.9,0.7,37,0.1638092313205925,0.1349383230449011
18,20,0.11988891962389178,0.4825633240422173,0.4797578794390462,0.458027391834419,0.2111580960845198,0.07961268526233489,0.00027333403120254003,0.00041895085504475995,0.2,0.9,0.7,38,0.1302165444072128,0.1016492105364315
18,21,0.11328738972072562,0.46872927412880816,0.4671234122974591,0.45539849142050715,0.0527039230313796,0.0810570581990144,0.00027226684662936,0.00042454549307958,0.2,0.9,0.7,40,0.1310352589625097,0.1006373019094606
18,22,0.08894653855874413,0.4123130375419517,0.4088653526729831,0.39721478589036563,0.107327893485932,0.07436640395350438,0.00027582481239433,0.00042409470478726996,0.2,0.9,0.7,43,0.1141109613240689,0.0876355274879575
18,23,0.0837506046472843,0.39724294692670026,0.39496565617962004,0.38404047069752095,0.05075597671465245,0.07401142070251573,0.00027611847207783,0.00042308201296206005,0.2,0.9,0.7,45,0.1067941289768061,0.0824719127116217
18,24,0.07890931057508097,0.38303568595819776,0.38196098405872236,0.3771820195990017,0.049314819446558744,0.07316001563615927,0.0002766583249434,0.00042077791793206,0.2,0.9,0.7,47,0.0946276458535645,0.0790481018436299
18,25,0.07630788007413608,0.3745448768897697,0.3715206753473046,0.37494627958265336,0.05178623523872994,0.0722137272264646,0.00027825764098574,0.00041814067547960005,0.2,0.9,0.7,48,0.0992943674747281,0.0801694921007513
18,26,0.0704695224945777,0.3564385234870207,0.35615048796311355,0.36715913679905243,0.038810081336724464,0.07252078045986579,0.0002794411505633,0.00042430214015107997,0.2,0.9,0.7,52,0.0940118646445108,0.082864659838556
18,27,0.07044305924225194,0.35601464164400864,0.3557079938839058,0.36922181108444335,0.017851562760188264,0.07317905292707928,0.00027887096088064,0.00042657882871806996,0.2,0.9,0.7,53,0.0954056364417976,0.0855533130776481
18,28,0.06772681932200926,0.34601342566794596,0.34370397359600274,0.36403817306739966,0.05963379366546708,0.07266732398926995,0.0002798121277904,0.00042006371217747995,0.2,0.9,0.7,54,0.0957913058902281,0.0795439017880198
18,29,0.06753319707791024,0.3460654235269289,0.3454301536295177,0.37039117801373567,0.016613564216534853,0.07257004752969937,0.00028153202005254,0.00042347820502837,0.2,0.9,0.7,56,0.0959818386175877,0.0795776360832592
18,30,0.06368336305756603,0.3335237925576606,0.3358162013379762,0.3745022539228451,0.026170104372967424,0.07210954395759238,0.00027891450880999,0.00042152702925376997,0.2,0.9,0.7,62,0.0904393764127069,0.0735181452465912
18,31,0.06325805918248284,0.3325401749532493,0.3364707726696448,0.3798860534166586,0.019153414048433598,0.0722000739198748,0.00028260743971561997,0.0004271066118983,0.2,0.9,0.7,64,0.0898712335733757,0.07329413852326
18,32,0.059922003884919445,0.3206748618742681,0.32921441806874036,0.40825824503366265,0.02519162837895824,0.07348224680873705,0.0002980689105696,0.00047050909146149,0.2,0.9,0.7,71,0.0793402208389049,0.0652130414581759
18,33,0.05659928682202556,0.30713079660240855,0.316884706064718,0.4000613308858245,0.05032957999234547,0.0738895515529848,0.00032776321966261,0.00051592977506724,0.2,0.9,0.7,73,0.0752986721528898,0.0631457478899637
18,34,0.05530673532136056,0.3024536254210074,0.31372508667622506,0.40238305781614303,0.020536878130296445,0.07362696739923993,0.00032110617099680996,0.00051310759083944,0.2,0.9,0.7,78,0.0743756442486235,0.0630714211666964
18,35,0.0546677421630468,0.30064860415839156,0.31353451476107075,0.4156506343976607,0.02116918415379139,0.07321633711037255,0.00031894640895762,0.00051021829577486,0.2,0.9,0.7,80,0.0738319515767351,0.0618325416631211
18,36,0.05456018788465462,0.3013782883114646,0.31763040310795604,0.41264214480423284,0.017153991728190852,0.0734770134616338,0.00032370976927442003,0.0005169149763115699,0.2,0.9,0.7,82,0.0736877346107358,0.0618901353991882
18,37,0.05456236445050208,0.30137857490743875,0.31763060712018526,0.4333160722743712,0.015357292513234571,0.07349243489704378,0.00032352936235544,0.0005166311803642099,0.2,0.9,0.7,84,0.0737096950278461,0.0619317131378871
18,38,0.054466064818819104,0.30192465751414543,0.31986946860096166,0.4337209179704157,0.015474822412136154,0.07312814651670926,0.00032144588918337,0.0005126325808967,0.2,0.9,0.7,86,0.0735939379652958,0.0622988450389076
18,39,0.053965148506663174,0.30348962018972325,0.3265186999653008,0.5081944681628751,0.01481773849688413,0.07018555977319012,0.00037011996356777,0.00060050969288751,0.2,0.9,0.7,100,0.0710022428198634,0.0553829674205562
18,40,0.051796355716980116,0.29449115279178034,0.32055735681068004,0.4995324810129986,0.02351816095758113,0.07147623930582837,0.00033381960842673,0.00052731322966725,0.2,0.9,0.7,106,0.0668001373096222,0.0542761437387207
18,41,0.05012265768882598,0.28643333178623387,0.31222814917956465,0.5079196615782385,0.024861765081622435,0.07167823023948365,0.00034758295373527,0.0005350201989247399,0.2,0.9,0.7,110,0.0661035616438792,0.0519318548368353
18,42,0.04979398852039918,0.28633353222489905,0.3154693816021285,0.5117574218315022,0.01863506146432854,0.07160596676657505,0.00034711210305508,0.00053427186792277,0.2,0.9,0.7,112,0.0652219242184934,0.0513125067642067
18,43,0.046808232240338817,0.270383021071383,0.29730926520344175,0.5149747492916243,0.05241496983770064,0.07200062743683287,0.00037484648193493003,0.0005703465730425401,0.2,0.9,0.7,114,0.0650104057900117,0.0490736715582484
18,44,0.04677920994099868,0.2695330476734164,0.29475897770946274,0.5436681758233447,0.015480576341642072,0.07199292808888236,0.00037501672314852,0.00057080716050612,0.2,0.9,0.7,116,0.0649932474690144,0.0490516357372433
18,45,0.04662735880627771,0.2725414663649151,0.3062296566656511,0.5521658921971133,0.01529960132562572,0.071710850835977,0.00037177637778460003,0.00056859972171078,0.2,0.9,0.7,126,0.0641743651340801,0.048517398739554
18,46,0.04660613919093146,0.2738840808165288,0.31096132576325725,0.5696606905689515,0.01516470853748764,0.07164970327401408,0.00037215476370889,0.00057244532054883,0.2,0.9,0.7,129,0.0641355202809227,0.0485862421942271
18,47,0.04641590963275193,0.27125466317132063,0.3065643660640342,0.5732812670894699,0.020516699798910784,0.07244524571972637,0.00040948155781873,0.00062585216277572,0.2,0.9,0.7,131,0.0636685563364925,0.0495505947121698
18,48,0.04561667693060842,0.27364593770851386,0.329083429705426,0.7985260068828645,0.016400093133474434,0.07486590224724188,0.00039832693536617997,0.00060099159807948,0.2,0.9,0.7,180,0.0639760808050277,0.0608765157918549
18,49,0.04561158880354985,0.27361817194319327,0.32905472968915384,0.8016303383768016,0.015820123862088798,0.07486609678326513,0.00039829191952269003,0.00060126961509157,0.2,0.9,0.7,182,0.0640014076104089,0.0609106995784133
18,50,0.04495500590404385,0.26942060642797727,0.3230448801178753,0.7816218812010439,0.024218980917139945,0.07486742236614727,0.00039799930618173,0.00060165834631274,0.2,0.9,0.7,184,0.0634443834116173,0.0607965510789612
18,51,0.04492933749831388,0.2699808273439012,0.32529567754294475,0.8070081482377408,0.016114897585724854,0.0748666249791242,0.00039959047853316,0.0006027710940751201,0.2,0.9,0.7,186,0.0631271243234214,0.0607647499140258
18,52,0.04481615321917071,0.27008615457294755,0.3270764990486907,0.8126127447866058,0.01720849408533314,0.07486696979747136,0.0003986553613361,0.0006020429045774501,0.2,0.9,0.7,188,0.0632856897697268,0.0606859680069625
19,0,0.9952227613157978,0.9988038333484026,0.998763850771519,0.9332171816351987,0.0,0.0,0.0,0.0,0.2,0.9,0.7,1,0.9291483343130342,0.9701968470565784
19,1,0.8181413034033085,0.9601148324705009,0.9582911643965893,0.8920640042552057,0.14399815726167925,0.07311373201986764,1.729993568248e-05,1.97104933498e-05,0.2,0.9,0.7,3,0.7495919763199896,0.8433720393221243
19,2,0.43874285049354833,0.8022071651431603,0.7951335087052692,0.7192824250449718,0.7751834307677626,0.06661410763322737,0.00027076718664319,0.00026075299996245,0.2,0.9,0.7,4,0.4824673062839461,0.4259108609836693
19,3,0.43261053580418546,0.799633259590677,0.7941244050223237,0.7190997997607453,0.02385712857295218,0.0692559340369103,0.0003295485112516,0.00032856713253287003,0.2,0.9,0.7,6,0.4900643166613936,0.43160493490329
19,4,0.43621300984071437,0.8050071396051787,0.7994636395312085,0.729812650327201,0.02344167980404036,0.10058328153202264,0.00039541207127430003,0.00045091615964108,0.2,0.9,0.7,9,0.4602960108067581,0.4351892040341946
19,5,0.40440918260784253,0.782416768316713,0.7763525473716667,0.7091992703742918,0.0863573701446122,0.0664205942895447,0.00029701049875277,0.000312062576917,0.2,0.9,0.7,10,0.4290890623175912,0.3644208960951924
19,6,0.3798964401333372,0.7673236076244082,0.7607005510470983,0.6929420649418546,0.09684707679184569,0.07531852991639014,0.0001966000120561,0.00021202082728483002,0.2,0.9,0.7,11,0.4242467685410217,0.4025333339218994
19,7,0.3557024747314418,0.753788243285582,0.7449489350084545,0.6787835523066742,0.10814118677611778,0.08598371793888489,0.00042777937714950996,0.0007869648519974201,0.2,0.9,0.7,12,0.3838598849712588,0.3409922339672245
19,8,0.3451673867093456,0.7447369114147082,0.735604139700645,0.6702933731095623,0.05394500761738556,0.08542669105629731,0.00035735840446017,0.00064377749576454,0.2,0.9,0.7,13,0.3653327666520877,0.3302028817103544
19,9,0.34635976357501547,0.7458696507469615,0.7382821060867996,0.684957671694344,0.025008384145987737,0.11213790540628385,0.00013850136704892,0.00032314730897906003,0.2,0.9,0.7,19,0.3096935943024055,0.3178691220489518
19,10,0.308325809859977,0.7144970249656953,0.7061252543165406,0.6562435868277373,0.052774302546589824,0.07315209269565694,0.00014156035452813,0.00014517880500858,0.2,0.9,0.7,22,0.3298204392489877,0.2935430704394416
19,11,0.29529338548045325,0.7044728223838976,0.6974082685443002,0.6535417201300174,0.04390603625491981,0.07762431765872879,0.00012986242244959,0.00014450247192129,0.2,0.9,0.7,24,0.2913567354320854,0.2987787105469513
19,12,0.29161844428169975,0.7019013299375266,0.6947453452745125,0.6583629977089793,0.021236967789838194,0.07806686850221285,0.00017931329821256002,0.00018642607501286,0.2,0.9,0.7,27,0.3039440002955175,0.3459894225074415
19,13,0.27255188369874245,0.6867631197861354,0.6839332222862097,0.6465038795359579,0.05725045929521779,0.10163782036599292,0.00056412194032578,0.0007963579809804999,0.2,0.9,0.7,30,0.3247639928124476,0.2643353007234775
19,14,0.25053708743290476,0.6644836678627021,0.6594820053654987,0.6234095389073429,0.04862116195280888,0.06764074469218853,0.00020094656076851,0.000503779820613,0.2,0.9,0.7,32,0.2811232106683528,0.2765086548374887
19,15,0.24264771345168265,0.6564842309993446,0.6512224155067711,0.6145744859896101,0.0326935744849502,0.06672756476477,0.00019092588158009998,0.00046359755801055,0.2,0.9,0.7,34,0.2675502736310373,0.2680490729947659
19,16,0.22242790661195444,0.6340820174299527,0.6278970023316792,0.5954088611689697,0.1529899076814226,0.0934813124835492,0.0001321523870292,0.00033371439140322,0.2,0.9,0.7,35,0.2339757182510762,0.2373516376945374
19,17,0.20445374795673785,0.61591610168815,0.6091699937482351,0.5837816523635898,0.049641739562911784,0.08526270940832495,0.00025198720327772,0.00054773981481494,0.2,0.9,0.7,38,0.2084193597192627,0.2209248192656507
19,18,0.19617814398382363,0.6039962265160277,0.6001824106992609,0.5751625194964828,0.07128980545393354,0.08704442058036561,0.00025394029678626,0.00059062780431734,0.2,0.9,0.7,39,0.2294090269930335,0.2085491371353521
19,19,0.17520795979206888,0.5750755448598063,0.5686746283605699,0.5441774538653876,0.14489396045344213,0.07965186037799835,0.00023472731833704,0.00051076683341211,0.2,0.9,0.7,40,0.1881369242187308,0.1864604752369623
19,20,0.1727409599602893,0.5694361544523588,0.5626980715275043,0.5374606894467965,0.0700639298092123,0.10064360700588362,0.00026977891330942996,0.00081618939188677,0.2,0.9,0.7,41,0.1791035280475482,0.1846867617286966
19,21,0.16802132323240132,0.562858057103032,0.5575719313355272,0.5357870387542367,0.05565042268055142,0.10064360623593598,0.00026977890859565003,0.00081618936661237,0.2,0.9,0.7,42,0.1723657768788722,0.1799221584354157
19,22,0.16744892016499893,0.5619745388153004,0.5566588671553105,0.534806773614302,0.02308121489615166,0.10064360700588362,0.00026977891330942996,0.00081618939188677,0.2,0.9,0.7,44,0.1710072301262726,0.1793423901656258
19,23,0.16396775313067177,0.556946754941086,0.5531170979788212,0.5348761674035248,0.051887196338755444,0.10249075694888354,0.00032385745478815,0.00097979866491031,0.2,0.9,0.7,45,0.179020151256207,0.1763730123129662
19,24,0.14868346519465447,0.536704732144795,0.5307039733090133,0.516088000640728,0.09511114110276729,0.07778870399718883,0.00025812160048433,0.00052965573974441,0.2,0.9,0.7,46,0.1751311185143391,0.1580446363458039
19,25,0.14399377985666487,0.5254642722765289,0.5190201608632123,0.5033862334744345,0.07429587808258367,0.08743833006099633,0.00029138234572816,0.00061343560805919,0.2,0.9,0.7,47,0.1562423482294782,0.1535047599224155
19,26,0.13228312710459744,0.5060835170795212,0.5007307774143563,0.4879985783992115,0.10203230297322181,0.07778870399718883,0.00025812160048433,0.00052965573974441,0.2,0.9,0.7,48,0.1592063135520372,0.1418306654921112
19,27,0.1291444569778541,0.5000829472496905,0.49453009682190274,0.48770687513362077,0.030640953089814467,0.07778884999940432,0.00025223460543559,0.00051462521282154,0.2,0.9,0.7,50,0.1504804225474174,0.1350727757898955
19,28,0.130525603942843,0.5014410618658687,0.4958843634250323,0.49379272266122987,0.018479296748104404,0.08511424276193875,0.00026156097322796,0.0005137106217721099,0.2,0.9,0.7,51,0.1457213775421983,0.1388311017477673
19,29,0.12401832687848918,0.4886640385434623,0.48103619746107457,0.4738686294891777,0.071253307333537,0.08077329690082163,0.00027284699637419,0.00054171358413121,0.2,0.9,0.7,52,0.1369350105392537,0.1318007873736442
19,30,0.121188454339999,0.48261092346810125,0.4780752006881108,0.49769672665214576,0.02901398149368653,0.08840549242543791,0.00027396324178920997,0.00046701272916116997,0.2,0.9,0.7,56,0.1348237155244016,0.135267241737209
19,31,0.1119954973716229,0.46401935900112806,0.4589008098664918,0.46760466467395007,0.04527293385533633,0.08331771552866175,0.00020105398157887997,0.00035513619329626,0.2,0.9,0.7,59,0.1277241639302082,0.1179644868193601
19,32,0.10842249601530883,0.45342944175938144,0.4478902623610208,0.4748335957706436,0.08122013805048366,0.09318272222046639,0.00020244337343043,0.00037627023063203,0.2,0.9,0.7,60,0.1141967681783565,0.1233859718831068
19,33,0.10759689552553797,0.45114916111770687,0.4455299133992088,0.4699037341868784,0.02280129094434643,0.09377502333640088,0.00019975924718148002,0.00037360187338012,0.2,0.9,0.7,63,0.1129849247967605,0.1203659933102419
19,34,0.10678086413922279,0.4503739438348617,0.4447540612501231,0.4715171567129974,0.019132196500164147,0.0899563277528884,0.0002054135460189,0.00037710460360813,0.2,0.9,0.7,64,0.1103343661560982,0.1190049031700864
19,35,0.10473864861540681,0.4451103176698859,0.4409663996278557,0.47202363998008134,0.04993903285098656,0.09297829137846177,0.00020062914095000998,0.00037214295199198,0.2,0.9,0.7,65,0.1095879995992016,0.1148893094114103
19,36,0.09692505235812987,0.4285454835856698,0.4255729943155583,0.4750361287413978,0.036443425902681896,0.08431656074918198,0.00026591075614909,0.00048153188904517997,0.2,0.9,0.7,69,0.09562922825562,0.1024124448013639
19,37,0.08982338739098812,0.40732764547478145,0.4036081420938283,0.45142312188478817,0.07273365942685049,0.09013309063652056,0.0002551742895849,0.0004366284812685,0.2,0.9,0.7,71,0.0859814358030397,0.0975634820296221
19,38,0.08889152837883064,0.40533385907438085,0.4015596353123532,0.4442813228663352,0.01933828129739147,0.08831732989200633,0.00026028192087763,0.00043830639822463004,0.2,0.9,0.7,78,0.0857949330942481,0.0982775429859121
19,39,0.08816957771663873,0.40229313023293756,0.3984000664937628,0.4458332811876361,0.035956503032882954,0.09083571955703015,0.00026246371579837,0.00044918824592948,0.2,0.9,0.7,79,0.0829822885002135,0.0972751248457685
19,40,0.08790387320150866,0.4013927234900317,0.39746727032829965,0.44482975406023967,0.021136779328711757,0.09114209904009464,0.00026572036707559,0.00045489415624799004,0.2,0.9,0.7,81,0.0821875776152917,0.0976146547657641
20,0,0.9613849507947345,0.9901665578827505,0.9898377047092624,0.923653972624797,0.0,0.0,0.0,0.0,0.2,0.9,0.7,1,1.0647740081949262,0.9662726693215172
20,1,0.7946184222508911,0.9532690579785046,0.9511898728764165,0.8843987699218104,0.14237584593422647,0.0770856258957423,1.732747947593e-05,2.039442069083e-05,0.2,0.9,0.7,3,0.8476268368652019,0.8432532141813049
20,2,0.45754480827226973,0.8127703884680436,0.8060501640628163,0.7309795807514313,0.6868618774019379,0.0665954708240006,0.00025809916043734003,0.00027267601789698,0.2,0.9,0.7,4,0.4049764472265275,0.4306588175272232
20,3,0.45585342289447844,0.8127208288447707,0.8076576899260229,0.7344613229353428,0.016926256641870505,0.06822637314327433,0.00029951698256905,0.00031643302504766,0.2,0.9,0.7,6,0.3935858875153123,0.4295214788728929
20,4,0.4557776391849256,0.8133860974879742,0.8100171261473652,0.7384003440987867,0.01424142242055418,0.0682068222923394,0.00030360829546027996,0.00031878279796992,0.2,0.9,0.7,8,0.3923618877715338,0.4280237650144178
20,5,0.3842365762686878,0.7687866046084545,0.7606001792490527,0.6927454592063599,0.11703759732068346,0.06666265434439124,0.00015261505479147,0.00019467568295964002,0.2,0.9,0.7,10,0.3706570524967694,0.4081205268911509
20,6,0.3791913855136905,0.7664669303989396,0.7598456909101122,0.6969438969594254,0.023934504949233104,0.06962456945501988,0.00033659116067882,0.0003577947526748,0.2,0.9,0.7,12,0.3199804468382434,0.3320157682639723
20,7,0.3181215334698327,0.7222313602520779,0.7141401067404881,0.6536243140953374,0.12080970499231677,0.06819152452097196,0.00034198630982295,0.00036888887134952,0.2,0.9,0.7,14,0.2724011546379024,0.2726602135122927
20,8,0.3128091320937706,0.7220261497612721,0.7138349588012036,0.6588148033546456,0.027451642642784563,0.08225775797678311,0.00033799471239101,0.00033192986886338,0.2,0.9,0.7,17,0.2522477930717266,0.29073874632447
20,9,0.28629600207150596,0.6969776327321675,0.6896073026240512,0.6353630049340413,0.12790218643327358,0.08080993126019477,0.00082485048285395,0.0006975312360753001,0.2,0.9,0.7,18,0.2021646431407725,0.2380105543654366
20,10,0.24970936973032495,0.662511063430403,0.6540427417588575,0.5993304675811804,0.1758456349142815,0.0749065400013051,0.00050972083296359,0.00045915766296874004,0.2,0.9,0.7,19,0.1898224824177981,0.2035215517788773
20,11,0.24901315037360966,0.6617673155709559,0.6532879455567501,0.6004931370715673,0.016732065240831605,0.07314356592453715,0.00046627630464725,0.00042827916298948,0.2,0.9,0.7,20,0.19274244291435,0.2046747934630851
20,12,0.23833351375063813,0.6511937122365684,0.6440188957658839,0.5913817456053766,0.07129958274437928,0.0749065400013051,0.00050972083296359,0.00045915766296874004,0.2,0.9,0.7,21,0.1888424447943038,0.1813147500746473
20,13,0.22712541603876446,0.6397235830825795,0.6338097356532805,0.5833412753919535,0.04817140945548347,0.07918557954989577,0.00047127781970767005,0.00045612435303955,0.2,0.9,0.7,23,0.1783355901976421,0.1742956362724514
20,14,0.19371273123487534,0.6005454446600709,0.5950221895048933,0.549150920943772,0.11035949913754806,0.07463132900503754,0.00051937935632168,0.00046885244230427,0.2,0.9,0.7,25,0.1457735919796223,0.1430555831380576
20,15,0.1927559272950338,0.5992398510950503,0.5936559886067592,0.547659678974673,0.025460613026835614,0.07732756970591795,0.0005022344079758,0.0004446829972274,0.2,0.9,0.7,26,0.1479247594190161,0.1445456203081957
20,16,0.17017435963644165,0.5678287609229837,0.5628206204733632,0.5177881283694186,0.17941200885996392,0.08441719199263549,0.00044267318025502,0.0004547144103201,0.2,0.9,0.7,27,0.1231642827338039,0.1331082418110914
20,17,0.16346824976454385,0.5601138580352484,0.5566140296698224,0.5147411797479801,0.02423324616123756,0.07067350334193467,0.00041170941891775,0.00039049802016159,0.2,0.9,0.7,30,0.1568895012545183,0.1436833631574445
20,18,0.16045444839999698,0.5539178379792215,0.5485008733695889,0.5025732037913089,0.03143789803547961,0.07612671203575742,0.00042960510616766,0.0004333948575565,0.2,0.9,0.7,32,0.1458124722542512,0.1549631207333119
20,19,0.154617636325408,0.5472090097784886,0.5466016645103838,0.5093839934858045,0.035750890660791436,0.0739553032636871,0.00037486043163912003,0.00034735687310012,0.2,0.9,0.7,34,0.1462055383867905,0.1361785571331068
20,20,0.13436776608507325,0.5120566289228381,0.5102730437499882,0.47539342391666445,0.07203047674016877,0.07351415549848136,0.00044230398104328,0.00042085019218322995,0.2,0.9,0.7,37,0.1203002308647083,0.1247284029588369
20,21,0.13270583757787305,0.5096582738513183,0.5094662101105154,0.4801277627903164,0.02043006157128776,0.07351485869315648,0.00044689326809508,0.00042419791366208,0.2,0.9,0.7,40,0.1204537759587156,0.1205098956689457
20,22,0.13047717470525733,0.5059857542069083,0.5056906074810645,0.4778554280168429,0.01981237792839359,0.07131807619027951,0.00035298588533276,0.00033036987944977,0.2,0.9,0.7,43,0.1239336735347964,0.1093849287978482
20,23,0.1252230522392378,0.4940401936231438,0.49328610166342957,0.47322107422950244,0.08310530512656336,0.07881725670479382,0.00051198867048861,0.00052462390441599,0.2,0.9,0.7,44,0.1239096803443896,0.1146855327943846
20,24,0.11090365754804558,0.465450902763204,0.4670962976159145,0.4495688865572729,0.08816046087690545,0.07851124875086894,0.00032890818677611003,0.00035116456006163997,0.2,0.9,0.7,46,0.1056623389526924,0.1038440043225488
20,25,0.10773499877254093,0.45632376008503667,0.4543080717663272,0.432047060776288,0.05574744049871656,0.08027635863418273,0.00033296466358515,0.00035610469100322,0.2,0.9,0.7,47,0.1009926065226185,0.09457691856135
20,26,0.10705297891948799,0.45575017382522154,0.45539499944530515,0.4348306816065276,0.021456576033550966,0.07921457467258299,0.00032263640714227,0.00034156866710277,0.2,0.9,0.7,48,0.1020324968293247,0.0903162401274702
20,27,0.10708638798192768,0.45482604655422554,0.4527606372625114,0.4303899201826251,0.018722152420315743,0.08021636232216432,0.00033398699260202,0.00035689376756614,0.2,0.9,0.7,49,0.0997867975658925,0.0929375079049364
20,28,0.10681499527818336,0.45435934727152866,0.45393689886433003,0.4356062095156685,0.024619773939078445,0.08235236940911436,0.00031496203388965,0.00034149367987661996,0.2,0.9,0.7,50,0.1066128965442181,0.0952120338720851
20,29,0.10486986166600568,0.4496333434941248,0.44739530530180993,0.4223002698225286,0.025268035439023295,0.08015959713618824,0.00032274788535879,0.00034423210994005,0.2,0.9,0.7,52,0.0992088649943369,0.0883255466520201
20,30,0.10468214555250001,0.4506398870083033,0.4534353492614351,0.45057667061005885,0.020895735704238423,0.08242388990414165,0.00032142263748976,0.00038005348499978,0.2,0.9,0.7,54,0.0981359331700565,0.0922471741067143
20,31,0.10437818896144836,0.4497380588157348,0.4524992906896808,0.44956485082281183,0.02212385654263684,0.08296617997418634,0.00032887779488296,0.00038901807438882,0.2,0.9,0.7,55,0.0967096372577178,0.0922087105783175
20,32,0.10270255180132154,0.4494063717330057,0.45555475416887764,0.4684726665784762,0.015559004036154659,0.07366713944364871,0.00052909759699035,0.00046492692812463997,0.2,0.9,0.7,79,0.1023318071721181,0.1020709932040721
20,33,0.08573487269826421,0.40842386358443566,0.42156308436684414,0.4699320382423606,0.0873728522991802,0.07338018109229169,0.00052793184233254,0.00048004275474833005,0.2,0.9,0.7,82,0.0801927767597055,0.0758780115865283
20,34,0.0855253892064991,0.40994244816269587,0.4281482433772527,0.5240216445258609,0.01562531615871543,0.07337680092495925,0.00052848033796926,0.00047945832254373,0.2,0.9,0.7,103,0.0801364236518826,0.0757725639961779
20,35,0.08514724962549117,0.41093991190276635,0.4341942848687219,0.6423059905869709,0.01563476756720601,0.07346299810362611,0.00052814789269658,0.00047902983462456,0.2,0.9,0.7,145,0.0797420544144132,0.0753487528403308
20,36,0.08509460201293566,0.41360770991920864,0.4436388759092374,0.7053687090492003,0.015545801474682956,0.07347967565367221,0.00052817287018484,0.00047894965962742,0.2,0.9,0.7,165,0.0797452680765495,0.0753251306814365
20,37,0.08489732757232318,0.4126195740755374,0.4409508789307849,0.6846427543833493,0.015423086977636726,0.0727564518453373,0.00052227783242021,0.00047490821993086,0.2,0.9,0.7,174,0.0804613268588308,0.0756463090332177
20,38,0.08499005870586392,0.4154978351546891,0.45060926812086294,0.7650244268687638,0.0154899771375725,0.07328660520405743,0.00052810805353248,0.00047923069583321,0.2,0.9,0.7,188,0.0797019050783221,0.0752747617811141
20,39,0.08488089840725667,0.4145510184767282,0.44796019831836226,0.7320757239531777,0.015565157712711317,0.07308509638313879,0.00052889093644446,0.00047856434197501,0.2,0.9,0.7,195,0.0804122279559074,0.0759042357085637
20,40,0.08436907806270794,0.41345081072951806,0.44848955839339033,0.7657405603570568,0.017511076018505795,0.07391741004340094,0.00052839950951265,0.00047956270743772,0.2,0.9,0.7,200,0.0798286240269279,0.0742993418932383
21,0,0.9876674772154347,0.9969006449169419,0.9967970090862464,0.9311099666530754,0.0,0.0,0.0,0.0,0.2,0.9,0.7,1,0.9587867327825598,0.965293877658265
21,1,0.8203492935844423,0.9595067817808988,0.9577251496071616,0.8915903637245784,0.13446714301504006,0.06380313056192466,1.700286104705e-05,1.483214800142e-05,0.2,0.9,0.7,3,0.7332803034402512,0.84256132052939
21,2,0.4584005489093546,0.8132246413634138,0.8065208256510613,0.731486195294776,0.7276028514104111,0.06663482869115359,0.000254513355971,0.00021471691722705,0.2,0.9,0.7,4,0.4052666471075912,0.433792030092772
21,3,0.33509225151282085,0.7344075552034638,0.7250741839633273,0.648599658033984,0.20421542813041077,0.06662840626499401,0.00013702619715757,0.00011207040276131001,0.2,0.9,0.7,6,0.3170486276334393,0.3521299296324057
21,4,0.326694731494904,0.7294600775973115,0.7233050029310397,0.6498105085950305,0.02125109274374813,0.06663554692125614,0.00014076681738684,0.00011131008157203999,0.2,0.9,0.7,10,0.3151752200772708,0.3385340088229884
21,5,0.30827076205179793,0.7158727792062232,0.7108914722732739,0.6383563520399373,0.052700039088098595,0.07243611755285022,0.00024383619317866001,0.00019281125379388,0.2,0.9,0.7,12,0.3068732182135967,0.333478787907765
21,6,0.30471633175737084,0.7134140938412915,0.7083950029743247,0.6551641619644716,0.01793134511435267,0.06666398648908058,0.00013387835494745,8.464222308097999e-05,0.2,0.9,0.7,14,0.2823757671116254,0.2855820594906347
21,7,0.2692690545694221,0.6835239761271121,0.6791735681516843,0.6266749997400805,0.08890153771076134,0.06661035987975258,0.00022960812744953,0.00013865491674395,0.2,0.9,0.7,16,0.2817729102710147,0.2477366779550761
21,8,0.23633560372156032,0.6544276856215128,0.6507408773485224,0.5991291966495856,0.09639076281993168,0.07092255363931788,0.00038768644641337,0.00021363053970292002,0.2,0.9,0.7,18,0.2619044001204907,0.2171510793490524
21,9,0.19844290273287657,0.6074072072814974,0.6038021349321651,0.5543911632886286,0.12286116073338459,0.07323410432515834,0.00043244947217117,0.00026114600657174003,0.2,0.9,0.7,20,0.2285282343484554,0.2055433479999175
21,10,0.19543313746483898,0.6043211222814204,0.6022865824287439,0.5576769938378837,0.024280992123963827,0.07282083804029324,0.00046783990886573,0.00025779826235913003,0.2,0.9,0.7,22,0.2295211601142167,0.1911522446151497
21,11,0.15737376039655557,0.5495432514524113,0.5440081280472469,0.497118877089044,0.27683404825508634,0.07257267205259164,0.00041952705992378,0.00026047465880423,0.2,0.9,0.7,23,0.2073223708620263,0.1523322356113307
21,12,0.1547174221417249,0.546027993565346,0.5420490897539484,0.4983536141234798,0.025093980622792174,0.07238256685669227,0.00041047757450715,0.00024881520912065,0.2,0.9,0.7,25,0.198017338176369,0.1486540933569819
21,13,0.1529529345883916,0.5429489392384548,0.538854629932571,0.4971708398045452,0.032184672535940304,0.07385815804095278,0.00048018310434854,0.00026899455303948004,0.2,0.9,0.7,26,0.210028455880377,0.1464425536545525
21,14,0.13957867402821988,0.5179958816889514,0.512978364568927,0.47299783638887477,0.15191273885295664,0.08774143417657708,0.00036008579998727,0.00025092461200323,0.2,0.9,0.7,27,0.1814376200562573,0.1495334043010033
21,15,0.13824105194558378,0.5158282009653398,0.5123928045444383,0.475853337699472,0.0268039849145211,0.08969193572668893,0.00045215416515813,0.00031508215114831,0.2,0.9,0.7,29,0.1828057658251186,0.1557021124171221
21,16,0.13303590844249497,0.5076553618325116,0.5040065475044797,0.4716802757602936,0.04768639852574537,0.08097049905966267,0.00043561093912661,0.00027071102370744,0.2,0.9,0.7,30,0.1777523089891216,0.149275869662441
21,17,0.13265632578877584,0.5069097879449795,0.503234977848261,0.47085216202895913,0.020584766221044055,0.08112729066170396,0.00043583868053741003,0.00027112417697862997,0.2,0.9,0.7,31,0.1776061719680128,0.1493982110201533
21,18,0.1231644986119152,0.487813719353532,0.4851360153521071,0.4598248846815675,0.11917816541777806,0.0866289591895541,0.00040544743472127,0.00028736299277447,0.2,0.9,0.7,32,0.1714365936070102,0.1323054937480491
21,19,0.11654883377909957,0.4770362821950796,0.47408975845527457,0.44976296449393977,0.034812100385616794,0.0728970103617164,0.00040886583592873,0.00029417198969741,0.2,0.9,0.7,34,0.1734122931821372,0.1252298773350572
21,20,0.11069143338234617,0.4659518809747271,0.4643337307691395,0.4407405843012905,0.04091472363555172,0.06865883914968136,0.00047372031042593,0.00026521643384275,0.2,0.9,0.7,36,0.1676478804237583,0.1237517420014776
21,21,0.1080187260131897,0.45841574559262116,0.45650588417316085,0.44207957352577415,0.05777570746493844,0.07508599848497773,0.00039649957947551003,0.00022481551960347001,0.2,0.9,0.7,37,0.1577893945987595,0.1074680785703949
21,22,0.1057595450309577,0.45459653849850223,0.4542494836771459,0.4412058480467899,0.034084889790419196,0.07215767101761963,0.00041875232899194,0.00023876569084317,0.2,0.9,0.7,38,0.1595045323284635,0.1142256963644798
21,23,0.1013606608954886,0.44286978574860303,0.4421014027928916,0.43807154070609305,0.0769467608979149,0.0762875588387258,0.00045700468682689994,0.00025726335792785996,0.2,0.9,0.7,39,0.1513577968373105,0.1011583707479282
21,24,0.10134478176775423,0.4442440021205304,0.44686542027549275,0.45664092337701045,0.01589621055943896,0.07628565002611246,0.00045724538299395,0.00025756154697202996,0.2,0.9,0.7,43,0.1512868080711061,0.1009861151846168
21,25,0.09908042942890655,0.44088923452094064,0.44344881410885034,0.45309430002785783,0.017360111332455318,0.06858774880765114,0.00048314108486502,0.00027293983643657,0.2,0.9,0.7,46,0.1569104105432968,0.1023108527054793
21,26,0.09833716246161149,0.43969335529859366,0.4438835632370337,0.46561736246370455,0.019083980389134964,0.06877656193947826,0.00048398640039196996,0.00027401226842556,0.2,0.9,0.7,48,0.1545433212564751,0.1002095348282291
21,27,0.09161525950439621,0.421970589362356,0.4255597892499962,0.44338340991538094,0.05818228856610211,0.06996556239760363,0.00048700073810068,0.0002881477297713,0.2,0.9,0.7,50,0.1483839467080708,0.0934857049484426
21,28,0.09048695463184668,0.4174077980117545,0.4191562846699671,0.444850649815723,0.022140163813772904,0.07298465695140628,0.00040658640635400005,0.00022226267751470998,0.2,0.9,0.7,53,0.1377519802069517,0.0942053938760827
21,29,0.07994418627187877,0.3869249678952543,0.3893127497384711,0.41480046623467376,0.16869995030700047,0.07441916289664306,0.0004903922990159,0.00027356065344714996,0.2,0.9,0.7,54,0.1228433958329152,0.0771913846532347
21,30,0.07982725564284084,0.3874543365908873,0.39153469351909476,0.4295544281896366,0.015645501379681608,0.07410154469129471,0.00047153175153729997,0.00026303947743568,0.2,0.9,0.7,56,0.1222940521394206,0.0772400648443217
21,31,0.079879136074988,0.3881379755865636,0.3939101718943311,0.4367645661683773,0.01578508999377851,0.07441916289664308,0.0004903922990159,0.00027356065344714996,0.2,0.9,0.7,58,0.1226589069143615,0.0770521855196089
21,32,0.0779173453560633,0.3820290835776543,0.3875969906517231,0.4458067733532551,0.025393739733614105,0.07452390134669129,0.00047340406157531,0.00026631837184905,0.2,0.9,0.7,61,0.121662583986729,0.077632543271515
21,33,0.07776640639450176,0.3851613185272196,0.39919474282942946,0.5054291579820414,0.015620055235837121,0.07445298306883781,0.0004627635037793,0.00025116760630318,0.2,0.9,0.7,74,0.1223447364112011,0.0804098243617759
21,34,0.07683229210327044,0.3827053743802871,0.3966643770368938,0.5140138644275924,0.01741638550895053,0.07324597034184518,0.00047122359429016997,0.00025618740773723,0.2,0.9,0.7,79,0.1182366313095868,0.0964897903913052
21,35,0.07623820063482488,0.37985418881084626,0.393703559316449,0.5081148476785342,0.023616476298789227,0.0754366347019813,0.00046303573265026,0.00025146578657924,0.2,0.9,0.7,81,0.1165335101116143,0.0826888217203048
21,36,0.0725304280676334,0.36937645358961124,0.38456233627873015,0.5119062725244663,0.03259191379992261,0.07316849126906325,0.00046281911412437,0.00026115439447274,0.2,0.9,0.7,84,0.1122028122597558,0.0854267293320047
21,37,0.07245466800289443,0.37059650258512844,0.3891679013389069,0.5225615413524096,0.01540918497773677,0.07303862932598434,0.0004627960749819,0.00026090688606277,0.2,0.9,0.7,88,0.1121105014947243,0.0852139045017675
21,38,0.07166758175823446,0.3690884709557691,0.38762560676158486,0.5346054757792706,0.01637926362466686,0.07062620051217343,0.00046304087992276,0.00025928312309258,0.2,0.9,0.7,91,0.1113886923837535,0.0840503298401921
21,39,0.0716956506571723,0.3697937462936047,0.3900250508559561,0.5511263021929816,0.014865124229547479,0.07082768262001961,0.00046301194241904996,0.00025951348229991003,0.2,0.9,0.7,93,0.1114492055927689,0.0841112975556747
21,40,0.07168706298026012,0.3697752399622101,0.3900060761982241,0.5511062276659753,0.014793414006930666,0.07080790059830319,0.00046284219914093994,0.00025903090943598,0.2,0.9,0.7,95,0.1114591630683987,0.0836539647621903
21,41,0.07165109420924211,0.37094911738066,0.39456140324881017,0.5871562776362028,0.014984040123832447,0.07105163718140667,0.00046299801705335,0.00025983769440361996,0.2,0.9,0.7,103,0.111363084857582,0.0840450032247042
21,42,0.07177646063881882,0.3697354458140568,0.3916221748011527,0.6119775013044784,0.015633707886376386,0.07301104893321828,0.00046146612937985004,0.00025896531992,0.2,0.9,0.7,113,0.1115786932814981,0.0837726445316106
21,43,0.07165033340163707,0.37055655065361737,0.3958123151359253,0.6313313222248278,0.016867292938500533,0.073355699890759,0.00046660893021118,0.00025099636518672,0.2,0.9,0.7,115,0.1139495962609461,0.0810749223620372
21,44,0.07142080587299224,0.37079843462535295,0.3977386137113617,0.6222938072298038,0.015943940477243367,0.07269665105213367,0.00046599621208062004,0.00025202983912771,0.2,0.9,0.7,117,0.1141795103268327,0.0833642737067818
21,45,0.07111383314927476,0.3693515993277517,0.39457573969682763,0.6330123897753048,0.017977423204709176,0.07197256221602202,0.00048360067504011,0.00025404517180113,0.2,0.9,0.7,118,0.1150393269555212,0.0818100248347225
21,46,0.07119542773410806,0.36895910809645616,0.39416084771510135,0.6412317575200598,0.016909701680146744,0.07345789505028365,0.00046366994526767,0.00025157290052428,0.2,0.9,0.7,120,0.1142110872617097,0.081607632145654
21,47,0.07025160399802342,0.3686015669768464,0.3971554091977276,0.6392505667111774,0.017508386343908354,0.07037374076518768,0.0004778610002369,0.00025124067984711,0.2,0.9,0.7,122,0.1144758300550123,0.0824112741871323
22,0,0.9655637888507004,0.9912492577597463,0.9909566174675111,0.9237681889334552,0.0,0.0,0.0,0.0,0.2,0.9,0.7,1,1.0498862785433536,0.959278785430292
22,1,0.8126040432109471,0.958233857228255,0.9563551062386554,0.890006053296851,0.12943802523548367,0.07194833142427735,1.694003598638e-05,1.860766754055e-05,0.2,0.9,0.7,3,0.7713193360179231,0.8422410964752841
22,2,0.44953071923458265,0.8083346454017257,0.8014650374053734,0.7260649944777853,0.7376307330230361,0.06664001923887951,0.00027737531059825,0.00028104086332759,0.2,0.9,0.7,4,0.4367564900265449,0.4277289084473494
22,3,0.4482659029677282,0.8083919712177942,0.8031915696620338,0.7288481300558558,0.015819808745254037,0.0672750549448087,0.00028326568473976,0.00028851700897862,0.2,0.9,0.7,6,0.4332823106706077,0.4302262070140981
22,4,0.3322096980220731,0.7329596975121904,0.7252483013836516,0.6501953150831287,0.1956664806071339,0.06665988955104038,0.00014766208868968001,0.00015433337661243,0.2,0.9,0.7,8,0.324477406418188,0.3450124498957171
22,5,0.33130483361640783,0.7322749591997234,0.7245407816986721,0.65542370040245,0.015223314420482543,0.06666432453053885,0.00014553629186980001,0.00015171441652392,0.2,0.9,0.7,10,0.3213720380618064,0.3440511414386824
22,6,0.320224166548297,0.7245903321196315,0.7182500756152228,0.6460659509367224,0.05795653033100132,0.06925313533083687,0.00021519918655958002,0.00022275737534409,0.2,0.9,0.7,11,0.2883864321214976,0.3426409891523886
22,7,0.2970372740532827,0.706350052577009,0.7010930195941735,0.6336942297718141,0.04319803163867334,0.06663866061736823,0.00014825212061251,0.00014789730131207,0.2,0.9,0.7,14,0.3321879297681679,0.3066731487917397
22,8,0.27206453998433466,0.6850692404317122,0.6807725705070118,0.6194132549014764,0.06683733419168791,0.06657183345786197,0.00015634873038226,0.00015529940773665,0.2,0.9,0.7,16,0.2834201625670361,0.2763209917954244
22,9,0.27052943682230585,0.6836561785482782,0.6793118967245803,0.6178477996903541,0.020481996948209506,0.06650466246364174,0.00016697913867725998,0.00017602644318931999,0.2,0.9,0.7,17,0.289999409692341,0.2743313059909621
22,10,0.24053892361234844,0.6549826838784248,0.6513119272533486,0.5904562805617499,0.16302355231575438,0.07169425011222279,0.00026108536263238,0.00026287136857694,0.2,0.9,0.7,18,0.2392391013789487,0.2513639151084507
22,11,0.23761642208381678,0.6519056629942613,0.6481320895138718,0.5924424414813365,0.02218139829464628,0.07171324085947522,0.00025359401426335997,0.00026478973203812,0.2,0.9,0.7,20,0.208016761043329,0.2597849104427893
22,12,0.20820040491044972,0.6189121098244073,0.6140344551397496,0.5602630685306587,0.09508394721689047,0.07167384942275248,0.00025385758960432003,0.00031200214541773,0.2,0.9,0.7,22,0.1977669944692482,0.2228028875006512
22,13,0.20210848962742028,0.612774162736971,0.6093649798173091,0.5627676081604145,0.03257198610391631,0.07170215281598169,0.00022816410949042,0.00025990306250432,0.2,0.9,0.7,24,0.186437756958174,0.2196187272338173
22,14,0.20048256520906885,0.6094753002908087,0.6042834815682595,0.5576542263731606,0.024602069097220902,0.07154045240589219,0.00025079863660356,0.00029415640601571,0.2,0.9,0.7,25,0.1976313201672854,0.2122598124132833
22,15,0.18206875891349714,0.5861613640144617,0.5818630861316391,0.5413612486936557,0.07291560193564896,0.07153700917789316,0.0002410014345878,0.00025652831078313003,0.2,0.9,0.7,27,0.1697577072906565,0.1782634029511807
22,16,0.1790291894986754,0.5846969698651784,0.5870374241967151,0.5706435837130777,0.01696615300481307,0.07153700924813126,0.00024100143855148,0.00025652831723315,0.2,0.9,0.7,36,0.1642163079016911,0.186101210539425
22,17,0.17843268526381795,0.5871712650933991,0.5979370677368799,0.5778467569868888,0.016282580564956763,0.07399454062342684,0.00025955088169646,0.00025755272793886,0.2,0.9,0.7,43,0.1709533024920658,0.1514717132287569
22,18,0.17759214885290966,0.5871195947604395,0.5962272363671456,0.5840428081280579,0.017317739254317063,0.0718759804880035,0.00021382290429215,0.00026013806323366,0.2,0.9,0.7,44,0.1804269369614505,0.1498401078440626
22,19,0.16893308191003598,0.5728510035180079,0.5814700632771419,0.5772345186417519,0.04653040261896227,0.07169189773403373,0.00059228614243415,0.00031586790693742,0.2,0.9,0.7,46,0.174193739983447,0.1734501649150588
22,20,0.16092337697408596,0.56178177741623,0.5717211618527714,0.5642659164656861,0.06914311254136873,0.07020287643337257,0.00031014335241295,0.00031165551017885,0.2,0.9,0.7,47,0.1502534768157878,0.1240900254822864
22,21,0.1472460638359839,0.5379846040663461,0.5437463732730708,0.5319268453714714,0.13194018748857675,0.07563917468160455,0.00034244680757144,0.00034125633033752,0.2,0.9,0.7,48,0.153198453360512,0.1196332502574434
22,22,0.13177613278904218,0.5130643118063468,0.5214077358680259,0.5196374554266289,0.07105714694005329,0.0646088873310353,0.00041222622106636,0.00036569366663374,0.2,0.9,0.7,50,0.1373243666322424,0.1203535214334601
22,23,0.10917864717530715,0.46585986071453445,0.4742451494789081,0.4834147943364763,0.13508922734897452,0.07247113942037144,0.00033433778683664,0.00042458844940367,0.2,0.9,0.7,52,0.1088261082824535,0.0861238594940039
22,24,0.10916750932704604,0.4658342864852153,0.4742187192450866,0.480837487165275,0.015214715118319335,0.07247113942037145,0.00033433778683664,0.00042458844940367,0.2,0.9,0.7,53,0.1088096895437742,0.0861077242191492
22,25,0.10026658253332997,0.44522746100540267,0.45458777491042385,0.46671942940314437,0.06743755329324073,0.07346273841831606,0.00034336777234508,0.00042863849250223,0.2,0.9,0.7,55,0.1073801436351018,0.0820233559916662
22,26,0.08704001936795941,0.41185272630332637,0.42012450478545543,0.44390967118601143,0.06709091789290117,0.06883790694129721,0.00040871492117926,0.00049202797668279,0.2,0.9,0.7,58,0.094076966693767,0.0757510076887506
22,27,0.08615455370092753,0.4104985026455654,0.42040480576826017,0.44502788100477075,0.01866990122986965,0.06784574057529134,0.00039299545049874,0.00045903686282663004,0.2,0.9,0.7,60,0.0941004008593376,0.0818405404250591
22,28,0.08019301736945957,0.392653479471668,0.40029525278743117,0.4305938914360585,0.09664284487619347,0.06734318355309228,0.00036125085158426,0.00046803468605210996,0.2,0.9,0.7,61,0.0913652074011137,0.0721475322864309
22,29,0.07882454986697653,0.39000468888417006,0.4025635178689687,0.4531194842332964,0.01853916426058357,0.06889730228158021,0.00036672622685076,0.00045062754621667,0.2,0.9,0.7,67,0.0890984618348388,0.0731818386375633
22,30,0.07790406070540706,0.3874221220658882,0.3998990570644837,0.4576532531182346,0.020187404212988827,0.06834897777602467,0.00037371931754743,0.00040760150823594004,0.2,0.9,0.7,69,0.0894120026221162,0.075918650672911
22,31,0.0776814911190785,0.38842911028171645,0.4042880835118181,0.46535309250772444,0.014486622533520416,0.0677733716632096,0.00036391822168464,0.00039191203079509,0.2,0.9,0.7,73,0.0912789886398172,0.0807566852753074
22,32,0.07564154061827968,0.3813893017259894,0.3970033876646062,0.4792203943026423,0.021545589143878868,0.06900227488539183,0.00036299125069189,0.00044718778197819003,0.2,0.9,0.7,78,0.0873730551783206,0.0719935004026454
22,33,0.07507338950024572,0.38137902741184837,0.4003426218893804,0.4780659743692711,0.016276117656456743,0.06819844714219021,0.00035782115709917,0.0004272812894767,0.2,0.9,0.7,81,0.0843202402679251,0.0729238765709732
22,34,0.07356102412310915,0.37737596561821307,0.3962189684847332,0.4895444561121876,0.019700288528403147,0.06628201352135958,0.00035683119249564,0.00040890434841773,0.2,0.9,0.7,84,0.0842173796824053,0.0749250337435467
22,35,0.07374545516697255,0.3742149090781633,0.3862506766380128,0.43761348742899975,0.015186175140188789,0.06827972247460207,0.00036445401028107,0.00041964837237365004,0.2,0.9,0.7,88,0.0849997482938873,0.0728511629187731
22,36,0.07424472361022108,0.37887633558682493,0.40274340895358085,0.5281000384215607,0.020512999760283635,0.07221721402527714,0.00038394173005933997,0.00046792935465308995,0.2,0.9,0.7,89,0.0866027808920808,0.0689798830302407
22,37,0.07395667056130817,0.37916032761052293,0.4047164767887325,0.5389562821750149,0.01512178821088635,0.07111100399527845,0.00038085253585778,0.0004605382218474,0.2,0.9,0.7,93,0.0861109200834912,0.0688453948292285
22,38,0.07318654053820944,0.3774922751384307,0.40466701319652426,0.548937871482605,0.0176049704144231,0.07072856212349886,0.00038287542446782,0.0004629437455197,0.2,0.9,0.7,97,0.0870706167998701,0.0689181300205038
22,39,0.0726054143966056,0.3762353246097486,0.4050395451130048,0.5605858647017584,0.017222308176429807,0.07074219541858831,0.00039399236523302,0.00046241142494671,0.2,0.9,0.7,101,0.0861481242212693,0.069596245424881
22,40,0.07236273017237209,0.3775387176516468,0.4114022481267311,0.5852993398623907,0.015324380455907722,0.07074339478733314,0.00039516002890485,0.00046295803047505,0.2,0.9,0.7,109,0.0877871570798744,0.0686887464364726
22,41,0.07175255739661023,0.37563165745600124,0.41109550108561327,0.5964700010206999,0.01782350052277455,0.07177135735410596,0.00039459317841673,0.0005049695384775501,0.2,0.9,0.7,114,0.0854087763168303,0.0681606458299309
23,0,0.9661155922704917,0.9913918782932346,0.9911040119335116,0.9239260986359915,0.0,0.0,0.0,0.0,0.2,0.9,0.7,1,1.0473230421630455,0.9598162938814014
23,1,0.9272057435403367,0.9881490510874082,0.987431213916057,0.9218833248813116,0.04079447701325602,0.04804506700229666,3.623769645914415e-06,4.223355781065226e-06,0.2,0.9,0.7,3,1.000494324172153,0.8742056420729176
23,2,0.6453903408397109,0.8993640634705461,0.895548770214,0.8268869508866871,0.46270911864499786,0.06664709906404721,5.9266726322929994e-05,0.00011326137394505999,0.2,0.9,0.7,4,0.5306616526460269,0.6490078038030361
23,3,0.6223037510628899,0.8896761529996321,0.8855645845356008,0.8175080300940092,0.05560331996900662,0.06271564564724416,3.429874252193e-05,8.637422411591e-05,0.2,0.9,0.7,5,0.5255639013152761,0.6280218202000182
23,4,0.33047465061315034,0.7309337420745695,0.7214834412142205,0.6439069236996047,0.7878541258501727,0.06663784796575578,0.00013421517882898,0.0001461508704634,0.2,0.9,0.7,6,0.3674826026611136,0.3626632003121082
23,5,0.3142659089030244,0.7192062024923347,0.7110072675237815,0.6339381915210667,0.04660920746905376,0.07041216280038723,0.00019057994701754,0.00020752813051771999,0.2,0.9,0.7,8,0.346606223393181,0.3513043491258661
23,6,0.3135487005624544,0.7193138279193079,0.7127945529776677,0.6453705482058937,0.015046616504181527,0.06970064631357306,0.00020136999566316998,0.00022237760420382,0.2,0.9,0.7,11,0.3451741595332407,0.3437071370056046
23,7,0.3135821775566362,0.7200714998566861,0.7152453787014884,0.6484514812605418,0.014744064477112653,0.07041216280038722,0.00019057994701754,0.00020752813051771999,0.2,0.9,0.7,12,0.3453921609985712,0.3430084756723996
23,8,0.2569074866379626,0.670741575890832,0.6659674509277248,0.5993180362231109,0.06119175142235688,0.0666665616762242,0.00011632847610329,0.00010986314443514,0.2,0.9,0.7,17,0.290078287469084,0.2674089827295521
23,9,0.19329781474355417,0.6002829154641037,0.5947859323773926,0.5320150279711353,0.19004849037970767,0.07155157633174823,0.0002373616373077,0.00021435815261394998,0.2,0.9,0.7,19,0.2326534704042759,0.1997034571161271
23,10,0.1778447994563387,0.5800679230333246,0.5755555578988211,0.508813506551654,0.0665654426627216,0.0729537611715978,0.00026618787668464,0.00026041906004871,0.2,0.9,0.7,21,0.2055460229772883,0.1779376251749365
23,11,0.17783625119692886,0.5800558906387544,0.5755431295916061,0.5130373793630876,0.015070644702971477,0.0729537611715978,0.00026618787668464,0.00026041906004871,0.2,0.9,0.7,22,0.2055464377376013,0.1776927002872657
23,12,0.16971984173066226,0.5690967174229187,0.5658890423278335,0.506902913787605,0.0716575771419402,0.07297453887294444,0.00027589639051606,0.00025874067051843,0.2,0.9,0.7,23,0.1942255269920711,0.1707614012233178
23,13,0.12521572377994802,0.4934243696688698,0.48768506335920764,0.42311668285038767,0.1986552015439255,0.07316844751625795,0.0002700027640982,0.00026486515579608,0.2,0.9,0.7,25,0.133891619709731,0.1086530273305244
23,14,0.08412158062353138,0.3972187340118696,0.38829487485130726,0.3223874514279075,0.24503195314617632,0.06828715878469724,0.00027390970402221,0.00026929252773246,0.2,0.9,0.7,27,0.0933159226206447,0.0892348464785686
23,15,0.0830145130847944,0.39470004605367964,0.38736363797299206,0.3328397186419848,0.021931551073633565,0.06831817388681441,0.00027473464287247997,0.00027027004050012,0.2,0.9,0.7,29,0.0910451234054529,0.086720526224371
23,16,0.08032141239088643,0.3859901394690985,0.37835031172507805,0.32917967117967306,0.036466466427949644,0.07014353351557796,0.00027414424835659,0.00026950750809608,0.2,0.9,0.7,31,0.0903164610502096,0.0840584304710731
23,17,0.05547311611951265,0.2993959133038448,0.2905490995277849,0.24211188432002878,0.22456555588986238,0.06748334049948165,0.00029570652376078,0.00028987071634892,0.2,0.9,0.7,33,0.0591441482537766,0.0570694999860982
23,18,0.053812150884720834,0.2921516433742911,0.2847252950210061,0.23470963381469903,0.03453820241152662,0.06885442570331424,0.00029668157249270003,0.00029094601853889,0.2,0.9,0.7,35,0.0583633898496211,0.0508075600909644
23,19,0.05176674382424137,0.2835194353149544,0.2774763658124103,0.23551715136983065,0.03642655935122336,0.06885442570331424,0.00029668157249270003,0.00029094601853889,0.2,0.9,0.7,37,0.0555157056833977,0.0495244503121727
23,20,0.04154114638746684,0.23238839742381592,0.22297091904726232,0.17726395352271454,0.25763159740179886,0.06761314106115406,0.00031469093399139,0.00031223494213501003,0.2,0.9,0.7,38,0.0463575409534214,0.0478809952863252
23,21,0.04121774000321921,0.23042559127118636,0.22094139038909608,0.17508478774135136,0.023673080448375274,0.06778156545432543,0.0003141220271904,0.0003113371149405,0.2,0.9,0.7,39,0.0457122459099091,0.0473309170133102
23,22,0.041776439856629925,0.2293085011541527,0.22142304830359047,0.19331275575131285,0.018624430365963944,0.07309874109655914,0.00032747690868903,0.00030558156255872,0.2,0.9,0.7,43,0.0444373216955521,0.0403995012348419
23,23,0.03312976609145515,0.17960965830791603,0.17175626202051808,0.13907768445046784,0.13510356313065747,0.0697110653011678,0.00033265051033492,0.00032758509618421004,0.2,0.9,0.7,45,0.0359213837532681,0.0358013343091528
23,24,0.026280135050281223,0.12826758864205517,0.11870078664005593,0.09585045078410818,0.1386250975730018,0.06874547364970071,0.00038092143916398,0.0003964479648942,0.2,0.9,0.7,47,0.0312245460044588,0.0334620370154588
23,25,0.022886555694893403,0.09816675716439546,0.08592500597994282,0.06583511005464837,0.1563161047584047,0.06842537256649253,0.0003753979731612,0.00034537804378515,0.2,0.9,0.7,48,0.030417257681907,0.0337395597055966
23,26,0.021381031998611615,0.08750679009884225,0.07659261106850254,0.0618237628021185,0.06740177231114523,0.06677402708755553,0.00035067183974511003,0.00033210828924646,0.2,0.9,0.7,49,0.027129917156722,0.0313748067319967
23,27,0.020088375297636588,0.07009366228123232,0.058581897771145613,0.039002911186066455,0.10104220336745197,0.06886549223261111,0.00037874275222788,0.00035316834225225,0.2,0.9,0.7,50,0.0276672608448373,0.0308653258575369
23,28,0.01972681538763346,0.06621054116692218,0.054568912745868434,0.027869710123721952,0.03304456945163101,0.06886549223261115,0.00037874275222788,0.00035316834225225,0.2,0.9,0.7,51,0.0271598499549364,0.030811667243632
23,29,0.019670579460148854,0.06636395289914841,0.05639955612740602,0.05115591866160922,0.015241816597674073,0.06883702111583298,0.00037899447493501,0.00035347645496225,0.2,0.9,0.7,54,0.0269070783098697,0.0303577591009237
23,30,0.019333337150723683,0.06612615765931591,0.056165022826023245,0.0560439493438175,0.014068144629623096,0.06718867686570673,0.00037575226388697,0.00034943923698256996,0.2,0.9,0.7,56,0.027241046702702,0.0318867494984053
23,31,0.019028415839092556,0.06458491001937398,0.05457841637922189,0.061457582519374,0.02012013568952219,0.06625973108339664,0.00037644050514207,0.00034996742922694,0.2,0.9,0.7,57,0.0278036688394754,0.0335621199683102
23,32,0.01919330626281787,0.060649071667798114,0.050491816316576565,0.057026539588037696,0.0360007624713537,0.06908266462558282,0.00038156932613288,0.0003553454764403,0.2,0.9,0.7,58,0.0274143340203822,0.0295681570980017
23,33,0.019007664113246857,0.05891662694467537,0.04870249452512755,0.06226007237579926,0.022624915871469555,0.0689313618051271,0.00037971232419198,0.00035577800933836,0.2,0.9,0.7,59,0.0267384773906085,0.0289304743525551
23,34,0.018475731561103357,0.05612094244793331,0.049162808027676266,0.05874263844617792,0.024055621356226336,0.06838444988912686,0.0003396829592,0.00032300071018311,0.2,0.9,0.7,61,0.0253426141633492,0.0277447075855618
23,35,0.01837918512562942,0.055729056783540176,0.05042976073299318,0.07004037500676162,0.016846758168499103,0.0683838518639879,0.00033969288890541,0.00032298559683251,0.2,0.9,0.7,63,0.0255917540003349,0.0271412692846467
23,36,0.01818520538664906,0.05139685565230441,0.04093690722847762,0.014208583890365717,0.01687927791802066,0.0683838518628567,0.00033969288892409996,0.00032298559680384,0.2,0.9,0.7,67,0.0252501626733076,0.0271499639919788
23,37,0.017537936721679706,0.04826816636439767,0.0477355352870055,0.10733849576106752,0.01865967633543549,0.06817265681106677,0.00035723960494516,0.00034489111165324,0.2,0.9,0.7,75,0.0254765048201057,0.0274303289766685
23,38,0.017268337705173515,0.042405231630453524,0.0366590770868239,0.08571817478500379,0.032634908406035314,0.0683527619409968,0.00037134590774285,0.00034807307148604003,0.2,0.9,0.7,76,0.0231022133320277,0.0249796763762671
23,39,0.016791107671377467,0.03733329577725919,0.03141958518410112,0.06908439918409712,0.026336955450394845,0.0680415973107705,0.00037270454749193,0.00034826645275976996,0.2,0.9,0.7,78,0.022534354152575,0.0245833159526946
23,40,0.01462399044886171,0.014052059376833523,0.014052059376833523,0.07450964860959279,0.07703200992939012,0.06733058191329314,0.00037464764815016004,0.00035537158691393,0.2,0.9,0.7,80,0.0210006872229798,0.0235997324768777
23,41,0.014332135420813496,0.024076248719164944,0.049499345415344655,0.30352681985391,0.013810779495033903,0.06593768522007423,0.00037128174511925,0.0003730971447258,0.2,0.9,0.7,133,0.0217390681405048,0.0268232674628898
23,42,0.014321800584410044,0.024758235125885784,0.051876364940630845,0.3152548243822031,0.0138112435626254,0.0659139567385775,0.00037113936480023,0.0003669365551886,0.2,0.9,0.7,135,0.0217187993051148,0.0271044656751434
23,43,0.014286623173294478,0.02354864676100267,0.04895432351627272,0.3176929563354085,0.014388574354259713,0.06590162142634297,0.00037131962552256,0.00037348125857882003,0.2,0.9,0.7,139,0.0216388131960945,0.0270297511814197
23,44,0.014278737582007615,0.02588794377721817,0.05805852685318087,0.34661894030643214,0.014164791225289861,0.06601111105316593,0.00037675925095723,0.00037862274401257,0.2,0.9,0.7,146,0.0215723595758377,0.0258614798108774
23,45,0.014062641509213263,0.024980371816169803,0.060466103955151326,0.3986543808974093,0.01475904858909623,0.06587671705653708,0.00036912913494793,0.00035692018232438003,0.2,0.9,0.7,157,0.0236014757303147,0.0262482184515415
23,46,0.01399571369865528,0.022963789973405438,0.058379198192678707,0.4300247889695701,0.01469378330415913,0.06613244866278215,0.00039099628895093995,0.00037927914229712,0.2,0.9,0.7,169,0.0236513326318546,0.0269301835965704
23,47,0.01386960751625184,0.02756893210872007,0.07484545556137262,0.48854787352908335,0.013836832590855387,0.06573205291787271,0.00037030460394739,0.00036418036090979,0.2,0.9,0.7,180,0.0239963047186535,0.026157089270323
23,48,0.01377941826332557,0.02838964642846412,0.07736909048917787,0.5930661368199064,0.01368730814288858,0.06496102464862837,0.00040120599127736994,0.00039304412935048003,0.2,0.9,0.7,194,0.0246431526255124,0.0270615083305684
23,49,0.013821533284486518,0.02589389814178801,0.06977162908944701,0.5955758985241651,0.01399923048703914,0.06546747690709327,0.00037756740072681,0.00038569519348941,0.2,0.9,0.7,195,0.0236555402202366,0.0264839867810544
23,50,0.0135518082556271,0.026586708707701665,0.07383928182358189,0.6074545087272676,0.015822101462865935,0.06427504267762577,0.0003817098701516,0.00038596763170734,0.2,0.9,0.7,196,0.0241285520361046,0.0273102649031064
23,51,0.01354772563732946,0.02713651265477942,0.07607913442861482,0.585314927213351,0.013742799659244388,0.06419956832612839,0.00040229033608685005,0.00039225494604291,0.2,0.9,0.7,199,0.0246347388392579,0.0268625838240521
23,52,0.013968640323294366,0.026642611659758522,0.07555226442936173,0.6070810688697862,0.018747523421533987,0.06676147692404497,0.00038584946015311,0.00038440060621082,0.2,0.9,0.7,200,0.022958732024784,0.0274589578121139
24,0,0.987696308970107,0.9969078902298013,0.9968044938188523,0.9311179919518757,0.0,0.0,0.0,0.0,0.2,0.9,0.7,1,0.9590043219271728,0.9685151485067162
24,1,0.8045017390986677,0.9566952834865503,0.9547163857697398,0.8881465560061338,0.15188100530411713,0.07921741314875938,2.0246778039590002e-05,1.9114922686949997e-05,0.2,0.9,0.7,3,0.8164298960612532,0.8483764670132358
24,2,0.4500431833631956,0.8085846058925534,0.8017261405851278,0.7263502336197174,0.7214023051290351,0.06666390664331447,0.00025518488466213,0.00018389712380978,0.2,0.9,0.7,4,0.4353601734662666,0.4310476309180626
24,3,0.4039290039216964,0.7826939504712226,0.776587811743406,0.7083285722275084,0.049500436944642505,0.07466826124367229,0.00026043228312116996,0.00019001819354319002,0.2,0.9,0.7,8,0.358434442607734,0.3641629849118037
24,4,0.40003323966438104,0.7819841664556049,0.7774322559248404,0.7137834570218295,0.023236176991340392,0.08771866151830657,0.00043422745465188995,0.00025280448913627,0.2,0.9,0.7,12,0.3995940348439916,0.3398919705875003
24,5,0.3916481549167446,0.7759594109997863,0.7712667038789968,0.7091085148899329,0.03672137798685772,0.07897275996644507,0.00037505468209676,0.00023711655967995998,0.2,0.9,0.7,13,0.3944847076411374,0.3468070946090842
24,6,0.3116223728452746,0.7183967440824257,0.7135319854614004,0.6559585528172954,0.10417157233347477,0.06666471596861827,0.00037178615453505,0.00030437517158803,0.2,0.9,0.7,16,0.3050613325640581,0.3452046570630185
24,7,0.3043773846524741,0.7124908414086497,0.7074302741031346,0.65143249544931,0.042238405228803955,0.06663076153196593,0.00034750552362405,0.00027397770462193004,0.2,0.9,0.7,17,0.2977681283251475,0.3293948143635634
24,8,0.30102152548423855,0.71041677666264,0.70695935854553,0.6515804833064038,0.027213967432799004,0.06663772466011439,0.00033516463103342,0.00026141351535277,0.2,0.9,0.7,18,0.295952849555804,0.3247322381513567
24,9,0.3004185961098001,0.7099111935657144,0.7064379561122752,0.6551541863318493,0.01608874518918133,0.06666244786975412,0.00030968462966816,0.00024169347413183,0.2,0.9,0.7,19,0.2931935376736564,0.3199029305687128
24,10,0.2737442614344924,0.6881716718221997,0.6838771360890182,0.6308349801307257,0.14209192064945075,0.07604111831753649,0.00116921386255349,0.0004882733930675,0.2,0.9,0.7,20,0.296831107538191,0.2465519847512534
24,11,0.25532184755945975,0.6700027221619319,0.6667911570525393,0.6217851367003342,0.09876743959132331,0.07816892087027386,0.00028072813637549,0.00022754571609397001,0.2,0.9,0.7,21,0.2736359146139295,0.2426468234049679
24,12,0.23492488215963062,0.6494901392669138,0.6471858512573049,0.6037819817157677,0.07543953392914196,0.08955007141546217,0.00034426246420406,0.00025928697933037,0.2,0.9,0.7,23,0.2679603538300477,0.1992038496396912
24,13,0.2077003963452369,0.61985600567519,0.6182260289277047,0.5865467719444679,0.09519578124852383,0.09086655910680756,0.00030150355952345,0.0002241380995575,0.2,0.9,0.7,25,0.192624070096454,0.1717583815158533
24,14,0.20764052527245153,0.6197786046953274,0.6181456950950063,0.5864599280227428,0.019029312620401466,0.0909232115833874,0.00030097249873578004,0.00022337598150588,0.2,0.9,0.7,26,0.1929517238712794,0.1720977045872081
24,15,0.18401760466930664,0.5885005222081829,0.5874790841279419,0.5570782780685415,0.17118581686220707,0.09276998310675648,0.00034792883868279,0.00025702513890286,0.2,0.9,0.7,27,0.1708710571101276,0.1381598649323553
24,16,0.18398179943030554,0.5884462995144314,0.5874226664684528,0.557016992357416,0.019378106838014476,0.09283341605237784,0.00034739777789513,0.00025626302085123996,0.2,0.9,0.7,28,0.1713896271564877,0.1384176411925682
24,17,0.17959791478083503,0.5849949188781535,0.5822881134156805,0.543731746496217,0.02451857551856569,0.07685499714204187,0.00039057339188274,0.00031655044534370004,0.2,0.9,0.7,29,0.1623335996856402,0.1760203814966681
24,18,0.15627237560847226,0.548784972283383,0.5465455345039858,0.5134580159000903,0.0996364479313842,0.07592296067195949,0.00038982077112203,0.00031607783047944,0.2,0.9,0.7,31,0.1436770482593154,0.1449284494509174
24,19,0.1506996414442223,0.5399938766278605,0.5407478689977503,0.5208515162722066,0.04630700225469788,0.08406357911046537,0.00045498437407704003,0.00031854032355385,0.2,0.9,0.7,33,0.1534064752211473,0.1852595395678211
24,20,0.12865889537086053,0.5015649611690024,0.5010883905381308,0.4721084526577098,0.10503169022852607,0.07682548021556429,0.00030399115167689,0.00025451325776740003,0.2,0.9,0.7,35,0.1163732777613845,0.1232505266027341
24,21,0.10790761379928328,0.4581746535653776,0.45791169482658867,0.4434204328100493,0.12350578309556454,0.07762249817125949,0.00035609919004173996,0.00027672701252337003,0.2,0.9,0.7,37,0.1012960757661131,0.1013300280156256
24,22,0.10704529839871524,0.45774214209273617,0.460812356299887,0.44874997184883453,0.01712688258591518,0.07697789385750944,0.00036492366530614,0.00028743890670439,0.2,0.9,0.7,44,0.1003899196109748,0.1023924822486548
24,23,0.10524559966324662,0.4537355883227608,0.45502241489573736,0.4476233142372089,0.028014989277429406,0.07381300793976622,0.00033466703994636997,0.00026885926475848996,0.2,0.9,0.7,45,0.0986148714724279,0.1066641983435744
24,24,0.10523948025093724,0.4542483060404241,0.45721989497580723,0.4547516367017475,0.016149779936929703,0.07440823549992151,0.00034146018099219,0.00027407902559092,0.2,0.9,0.7,47,0.0985033309326244,0.10523632529516
24,25,0.10518484226382381,0.45403252056282106,0.45699466259541777,0.45941302046898297,0.016140168816117618,0.07474676309022937,0.00034284239831118004,0.00027098218311241,0.2,0.9,0.7,49,0.0989943201656945,0.1058000736474982
24,26,0.10177678800689959,0.44817573085758966,0.452651540767244,0.46108390700338475,0.027504854047311476,0.06882501502785818,0.00037895216545769003,0.00031168648430918,0.2,0.9,0.7,51,0.0980422696294033,0.1131422701915742
24,27,0.1009725614194279,0.4478909200145168,0.45570670625776766,0.48088562833471055,0.0160112837599824,0.06802883650049693,0.00037022359745898,0.00030838370859706,0.2,0.9,0.7,55,0.0973549427910504,0.1112914949436904
24,28,0.1030638390291597,0.4481920184233003,0.45425055333965714,0.4780096303590799,0.021494361257164325,0.08249834132837704,0.00034612560422899,0.00028126191815712,0.2,0.9,0.7,57,0.0993756425847532,0.0997039030079126
24,29,0.10316056465371891,0.4450796735019054,0.44764584092587145,0.4479340394158114,0.023219614891919305,0.08913010425713047,0.00034559484034350004,0.00028551002387147,0.2,0.9,0.7,60,0.0972755515101491,0.1054849413747934
24,30,0.10024142708704319,0.44449985557244037,0.4538208621784676,0.4916456803528157,0.017072090320361902,0.07630445009317538,0.00031859854063316,0.00028779759942249,0.2,0.9,0.7,63,0.0919727890475214,0.0986860956321682
24,31,0.09751898456657435,0.43213594447596104,0.439269389393201,0.46224132643487553,0.09017142828614398,0.0915506602636046,0.00033709758769926996,0.00027485543400035,0.2,0.9,0.7,64,0.096676089805128,0.0917973335013945
24,32,0.09517903066664792,0.4297304953227595,0.43686041569986367,0.46953883338035135,0.01667506529055655,0.08014885871070888,0.00032806777165268004,0.00025834120997021,0.2,0.9,0.7,67,0.0969870182403495,0.0913392201585335
24,33,0.09668269583928085,0.4309948364514122,0.4397692457099032,0.4752026276932303,0.022295314277970178,0.09045404074305537,0.00034033227140332,0.00027617790137546,0.2,0.9,0.7,69,0.0965095438079156,0.0918834563614751
24,34,0.09663929592394123,0.430938631203568,0.4397123701852068,0.4751435491193384,0.018577742048799403,0.09028418725322493,0.00033972017402941003,0.00027391140933380996,0.2,0.9,0.7,73,0.0964824836885193,0.0910006654262777
24,35,0.09645362657835775,0.430447675003619,0.4392049965917523,0.4745988311474697,0.019743318261043034,0.09028418725322493,0.00033972017402941003,0.00027391140933380996,0.2,0.9,0.7,75,0.0955823681569007,0.0905678984891642
24,36,0.09454870417301584,0.43034283947463986,0.44748497527608794,0.5547446090552275,0.018734473383896097,0.08574836171466144,0.00036431870746304,0.00031256243977700003,0.2,0.9,0.7,88,0.0981127071515162,0.0861848195681682
24,37,0.09622079727155704,0.4304315918865361,0.45246380542953774,0.5952909910359655,0.025109721893105515,0.10425105436674317,0.00044960066325734003,0.00041311480261521,0.2,0.9,0.7,96,0.0920001302871831,0.0843430451059664
24,38,0.09310647818658084,0.42562830056969075,0.4475717957125212,0.597844859124495,0.03225638328848229,0.09420603588749432,0.00035600878320137,0.00033241274642086,0.2,0.9,0.7,97,0.0893792725467145,0.0879462935373496
24,39,0.08824833524034689,0.41459213109741516,0.43123786963238464,0.5295627961088606,0.02290983648295911,0.08135255035518227,0.00034567308358484,0.00029879598653214,0.2,0.9,0.7,102,0.086792429505631,0.0860042998046246
24,40,0.08586167260218683,0.4141665749232924,0.43754987546817864,0.5829337432481083,0.015113726167025828,0.07185898644572304,0.00033294089621402,0.00028933160543758,0.2,0.9,0.7,129,0.0855093768189176,0.0856500368673671
24,41,0.08520919993303643,0.41798433339409663,0.4532120045057678,0.6887540495266179,0.014774763367488045,0.06991516911355765,0.00033249553076114,0.00028034395987959,0.2,0.9,0.7,141,0.0852559099156802,0.0868030267198078
24,42,0.08529902938158174,0.41802784999566006,0.45325312387401456,0.6887899815707579,0.014765991888871344,0.07049369750075758,0.00033085848632199,0.00028113167988049,0.2,0.9,0.7,143,0.085172575668459,0.0862501714185082
25,0,0.9686627101519844,0.992049174800914,0.9917832970561122,0.9257384100804548,0.0,0.0,0.0,0.0,0.2,0.9,0.7,1,1.0360651475072695,0.969663208208294
25,1,0.6638522192072788,0.9079709535890375,0.9027536132807904,0.8334900662626017,0.25462192552409235,0.06679397536631644,0.00043253599706324995,0.00035795552655870004,0.2,0.9,0.7,3,0.6624083612478935,0.6528001122932099
25,2,0.48122617039598237,0.8254182524697637,0.8191254770064805,0.7449978847869639,0.4064760556709153,0.066665566760027,0.00016729976772325,0.00017686859223048,0.2,0.9,0.7,4,0.5055484570097204,0.4914033895213532
25,3,0.3481161841800626,0.7485299828444744,0.7379817257079031,0.6607172467250211,0.4101734142493229,0.06665533217396952,0.00035348955220766,0.00047490734172025,0.2,0.9,0.7,5,0.3886941020406653,0.2491603361606535
25,4,0.2858631993498473,0.6946636693465578,0.6839861344709841,0.6045458017647602,0.13385592349300848,0.06665533217396952,0.00035348955220766,0.00047490734172025,0.2,0.9,0.7,7,0.3007103233855442,0.2464809048769448
25,5,0.2543996297176249,0.6661981337953099,0.6561975325997096,0.5769230248087522,0.08913777514015045,0.07132085571177552,0.00054718231610108,0.00073513035265957,0.2,0.9,0.7,9,0.2544783239188135,0.1959417573957544
25,6,0.2543395654304656,0.6661390002343763,0.6561358734919637,0.5768557419387342,0.015657466722637393,0.07137769257552397,0.00055023483787331,0.0007392313649563699,0.2,0.9,0.7,10,0.2542014267177315,0.1955610835768274
25,7,0.2480668167333015,0.6612695566700889,0.6544323533879292,0.5787678815398691,0.02662703963708923,0.07327625188034606,0.00062730487648419,0.00074331986094665,0.2,0.9,0.7,13,0.2927025050859878,0.2202474008934112
25,8,0.22916541777685848,0.6406455175244629,0.631455811496611,0.559377235624966,0.11074770472337382,0.07370066814937008,0.00043898017973851005,0.00047672958431545,0.2,0.9,0.7,14,0.2573724213202435,0.2085856088545281
25,9,0.22443310410777131,0.6354758637099369,0.626133669234607,0.5567140802090076,0.03697726290636629,0.07111938365808206,0.00038256359912039,0.00041611429091965,0.2,0.9,0.7,15,0.2550350188078357,0.2121241812415734
25,10,0.2177945227365284,0.6286011363515462,0.6206863677166663,0.5513088380808376,0.054209839364673225,0.07361163624534298,0.00034938264522636997,0.00037222250118603003,0.2,0.9,0.7,16,0.241938447753718,0.2064898686452665
25,11,0.19224038143014627,0.5972829236355727,0.5883175316762271,0.5237048687245394,0.09157747074599874,0.0728743838199573,0.00047879931100889,0.0005610981136329001,0.2,0.9,0.7,18,0.2126427207604273,0.189015368939814
25,12,0.18321663366538196,0.5859141522414653,0.5748876779431725,0.5087334951968209,0.07584774929966243,0.07419966524518264,0.00048091314698827997,0.00056353901932162,0.2,0.9,0.7,19,0.206662702501048,0.1945070382280541
25,13,0.16541405209782448,0.5596428284060007,0.5494031531789973,0.4826931824705218,0.14153714718405175,0.07514774261516007,0.00048706171791445,0.0005703274536294,0.2,0.9,0.7,20,0.1792084916112552,0.1899294453489682
25,14,0.16512731259728178,0.5590990768413703,0.54884789158738,0.48340602067271027,0.016305635342259386,0.07419966524518264,0.00048091314698827997,0.00056353901932162,0.2,0.9,0.7,21,0.1719329126975017,0.1713920035882689
25,15,0.1615546171104968,0.5544949740471026,0.5457587970298577,0.48155146826713463,0.04297025671720285,0.07461548183430451,0.00048482628080001,0.00056574482185272,0.2,0.9,0.7,22,0.1773415633753266,0.1922036271315852
25,16,0.1604681917356926,0.552657407509161,0.5438636558475585,0.4808409692769319,0.022956350675052303,0.07405620617924186,0.00048230977883781,0.00056326487887382,0.2,0.9,0.7,23,0.1695186210545146,0.1743290148894503
25,17,0.14013017053061075,0.5201354371201266,0.5135951580509703,0.45867470650484526,0.05697478102373702,0.07588274610529769,0.00033191397835046003,0.00035883941572843997,0.2,0.9,0.7,27,0.1287555103364638,0.1172039077234232
25,18,0.1391484379026749,0.518411893809213,0.5118153117637523,0.4603633653026085,0.02385502847546532,0.07568964971914616,0.00033133002398967,0.00035795662281833,0.2,0.9,0.7,28,0.1297344965345645,0.1167101438064197
25,19,0.13444032775393927,0.5136128815452742,0.515225570263641,0.5346058388808218,0.016827296164529087,0.07367642345650731,0.00034887685716292,0.00047941916754483003,0.2,0.9,0.7,55,0.1618255487428591,0.1514987997291152
25,20,0.12918997673532162,0.502057913699748,0.5015787367768831,0.5295475556861801,0.07386001483235823,0.07365059466026704,0.00046889180597912,0.00176555556867961,0.2,0.9,0.7,56,0.1570714852663984,0.1483256000357588
25,21,0.12488485325709489,0.49510192758754196,0.4960898262222604,0.5189274241571578,0.048698721832896176,0.07370499602381486,0.00035070137747168003,0.00071707546339278,0.2,0.9,0.7,57,0.1555557221321852,0.1469403064095141
25,22,0.12349772946741963,0.49256417425020316,0.49347518911454313,0.5258158383937327,0.02089492687618786,0.07369722250598891,0.00035216916895393,0.00037658922712011003,0.2,0.9,0.7,59,0.1531583179862577,0.1569560228195825
25,23,0.12259313840773779,0.49048691569706576,0.4913202544286176,0.5356664515927202,0.018380799540962667,0.07369850904609836,0.00035088314188850997,0.00072801998766331,0.2,0.9,0.7,63,0.1546385411108957,0.1637243247801662
25,24,0.12220638122356925,0.4899529993042241,0.49077666825317173,0.5325257844062069,0.01672705354864257,0.07367993476231144,0.00035714533336568,0.00037670973497477996,0.2,0.9,0.7,64,0.1501803091014418,0.1443069910504757
25,25,0.1203719223754965,0.4859553515101587,0.4866375837853218,0.5554271364223663,0.03608150446638983,0.0736859466573736,0.00045141777854814,0.00058505582305795,0.2,0.9,0.7,65,0.1568424408961965,0.1506193902129258
25,27,0.11647451421424249,0.4796752068343748,0.48515685457044216,0.6001894066026469,0.017945903336973996,0.07367981036460146,0.00055266592844969,0.00072843960334804,0.2,0.9,0.7,79,0.1493420213567924,0.1483455720602835
25,28,0.11621723919332264,0.4781450355934433,0.4818955801244967,0.6016205649247899,0.01855942965291309,0.07368560818983065,0.00059679137412457,0.00101160282282323,0.2,0.9,0.7,81,0.1495154282916173,0.1458398711715977
25,29,0.1143229276751432,0.47596241808068074,0.482997985980537,0.607479608265698,0.030960694620054328,0.07367392180356373,0.00057281889963969,0.00044104883781485003,0.2,0.9,0.7,82,0.1502322464810946,0.1404152728881655
25,30,0.11332412862007087,0.4745050307306773,0.4831642398013294,0.6133420172586631,0.020760986918374507,0.07367790682765733,0.00058474163044636,0.00040597302545196997,0.2,0.9,0.7,84,0.1502087309757271,0.1400938363911236
25,31,0.11319089535811322,0.4762120276624046,0.4899407881032443,0.678908926375882,0.01577491887836344,0.07368716385900427,0.00064122083316519,0.00047204975645154,0.2,0.9,0.7,103,0.1487851743549023,0.1407209038576874
25,32,0.11301054504658627,0.47651940139351334,0.49193027960381597,0.6951794963834825,0.016619957870817614,0.07368713955113473,0.00064033065677006,0.00047641718639508,0.2,0.9,0.7,105,0.1489820395323264,0.1405044295711448
25,33,0.11322447246953539,0.47809565124590214,0.49689450627322607,0.703932995031842,0.016055706833575913,0.07368776547060053,0.00066100057600083,0.00081624987631628,0.2,0.9,0.7,108,0.1483603535877087,0.1430380632190436
25,34,0.1127408019285011,0.47806269884536473,0.4985414336205205,0.700271992849503,0.016389221668587327,0.07368690290914469,0.00064846272868216,0.00044536302543213003,0.2,0.9,0.7,111,0.1486352018347009,0.1522568915534318
25,35,0.11258524320201238,0.4784251609445239,0.5005879116174049,0.7102732289331312,0.01605206511883387,0.07368675157290985,0.00064815250116162,0.00044711774421418005,0.2,0.9,0.7,115,0.148658701343916,0.1529080848321046
25,36,0.1124202214297612,0.4787652176559426,0.5026112123982605,0.7989794644942807,0.015747082732191456,0.0737000975363977,0.00063166486761976,0.00046704640574263994,0.2,0.9,0.7,131,0.1486696973762063,0.1367143180986451
25,37,0.11219043904601872,0.4801598253931861,0.5090622526136049,0.8215334826411823,0.016212460480004433,0.073700950333677,0.0006398929829705,0.00071123187759346,0.2,0.9,0.7,142,0.1496561852936971,0.1393093415782913
25,38,0.1118507295731464,0.4803202464759585,0.5109056837611775,0.8653662013472981,0.01609873630999712,0.07370073233876044,0.00063977140020966,0.00046789143778242,0.2,0.9,0.7,146,0.148879185449632,0.1388671992010402
25,39,0.1121696033498084,0.479932213108989,0.5088220478900591,0.9564437347913991,0.015998785572583715,0.0737020878919912,0.00062609395100185,0.00094140325943552,0.2,0.9,0.7,172,0.1470960332060907,0.1305105768901989
25,40,0.1120419796440374,0.4796370429244175,0.5085165289974789,0.9511857408291972,0.01605233725882648,0.07331859999240045,0.00056252853335404,0.0011530460372957498,0.2,0.9,0.7,180,0.1487571551091516,0.1422439688261372
25,41,0.1109389780795482,0.4768936319107623,0.5040209734976963,0.954530639486369,0.023848481642447208,0.07331900247577845,0.00055890240050241,0.00066643487832579,0.2,0.9,0.7,181,0.1499398648327526,0.1473142570159573
25,42,0.11061501517593138,0.4766733483213945,0.5054599086055214,0.9701756806131067,0.017547116870582694,0.07331864492097552,0.00056888636551918,0.0008818998520154,0.2,0.9,0.7,184,0.1478299139846215,0.1446002713272178
26,0,0.9459472826689307,0.9861264334263888,0.9856625017963359,0.9180961881551881,0.0,0.0,0.0,0.0,0.2,0.9,0.7,1,1.129425494963772,0.9586499943915854
26,1,0.9458435621273293,0.989073715118138,0.988573095444467,0.923504390086946,0.006702451978001513,0.0202173484288522,2.2709184231038518e-07,1.544231985285816e-07,0.2,0.9,0.7,3,1.128008365818033,0.9473408104461264
26,2,0.45521854483110474,0.8115029968117478,0.8047391588376102,0.729571863867603,0.9221710120799292,0.06663269055673163,0.00027546897981351,0.0002928462222318,0.2,0.9,0.7,4,0.4264977614989492,0.4237225350613738
26,3,0.4550742739405837,0.8114150498790053,0.8046488689268063,0.730735628274417,0.01409939830273007,0.0666566020002502,0.00026148529145635,0.00027791637578118,0.2,0.9,0.7,5,0.4149910660959409,0.4269375084414056
26,4,0.3170822537952147,0.720563003211942,0.7107660711108461,0.6347919436233033,0.453112696599058,0.06657019175657575,0.00014115122114692,0.00014926163994888,0.2,0.9,0.7,6,0.382639654258323,0.3458215377751812
26,5,0.31703772469040314,0.7205294502025194,0.7107311624511726,0.6332316576737499,0.013752932819866096,0.06663365476952736,0.00013790601472438,0.00014614464046562,0.2,0.9,0.7,7,0.3769429616856379,0.3453733082095453
26,6,0.30166778112944953,0.7089439105784564,0.7003991768225766,0.6251348340668261,0.07858114403212758,0.07063405863897917,0.00021447936057541,0.00022627597823916,0.2,0.9,0.7,8,0.3590109061079142,0.3387344995047566
26,7,0.236478807075769,0.6492261395003605,0.6419805798213669,0.5644499436021568,0.09176867995947817,0.07517925473320237,0.00050753934412231,0.00059426244612244,0.2,0.9,0.7,12,0.3347216021481865,0.2840984195805236
26,8,0.22773965222599052,0.6398254732763382,0.6322910804888623,0.5676417952740445,0.023525877750992106,0.07271678917465456,0.00037264575390129004,0.00038257952303254997,0.2,0.9,0.7,17,0.2472718538060018,0.2383503714772438
26,9,0.22375015370172527,0.635297883704332,0.6275885671175898,0.5644931708591217,0.04117845181514677,0.07573729723821472,0.00040147557226253997,0.00048720904517876004,0.2,0.9,0.7,18,0.222585666583716,0.2210547177133898
26,10,0.22291403869070905,0.6343625060556137,0.6266235948107842,0.5673509108865591,0.020089976065185568,0.07545924269243863,0.00040727606589495,0.00048686675288957997,0.2,0.9,0.7,19,0.227631187486875,0.2269276523409906
26,11,0.20133008422715462,0.6095892912560575,0.6027102053820408,0.5405698202623583,0.13652283314476338,0.07353727578366025,0.00034639141493943,0.00041888734830698005,0.2,0.9,0.7,20,0.224290129108206,0.203426173851424
26,12,0.199125624032169,0.6075846310353241,0.6023166434676112,0.5450572970317809,0.021252490566966396,0.07278968260371449,0.00032609914717222,0.00039390791164831997,0.2,0.9,0.7,22,0.2320464778760622,0.2038875681982383
26,17,0.11371949423630988,0.47397705093418596,0.48092747271029906,0.503784700019906,0.03368220129697838,0.0757673528929501,0.0005061883900308401,0.0007309218481643799,0.2,0.9,0.7,54,0.1285000214763516,0.1252318572279819
26,18,0.10681464146825886,0.4597036685625087,0.4695190019080534,0.5032785022001803,0.03525000763524173,0.07584532629727843,0.00056328572460125,0.00070597998791381,0.2,0.9,0.7,58,0.1007225464833434,0.1071535603472905
26,19,0.10572033656021557,0.45709875979262155,0.46682606908058427,0.5055471526315647,0.02896035602567391,0.07600368997421728,0.00055542719141056,0.00070980073397274,0.2,0.9,0.7,59,0.1018541968253562,0.1092550269087256
26,20,0.10549466880238212,0.4572393303328684,0.46864245104907154,0.5069948396124913,0.019085227224800546,0.0761355826926443,0.00055233968136854,0.0007108787961564299,0.2,0.9,0.7,60,0.1034092724702203,0.1091234802319627
26,22,0.10163608924745647,0.4475965501153997,0.4586690658491238,0.5299110219567047,0.05214770835654833,0.07594749593651659,0.0006630584288788101,0.0009712819317227201,0.2,0.9,0.7,70,0.0993736463585605,0.0978019304970752
27,0,0.984158465969228,0.9960118002857974,0.9958784680964915,0.9301258362079621,0.0,0.0,0.0,0.0,0.2,0.9,0.7,1,0.9730212795318036,0.9671153172627166
27,1,0.8084264390313182,0.9582265855726092,0.9562843901157396,0.8897954571900709,0.14747792201550913,0.08140529834963868,1.707340746682e-05,1.66424630658e-05,0.2,0.9,0.7,3,0.7956207100661317,0.8424518669716627
27,2,0.4453170693845439,0.8059207312130205,0.7989736066647086,0.7234017344768733,0.7395684762950578,0.0665979918827441,0.00024613943931543,0.0001953014108509,0.2,0.9,0.7,4,0.4715476888415027,0.4403377517428435
27,3,0.44280463834961364,0.8054888227282969,0.8001770173161233,0.725587073362146,0.018708873578955718,0.06938736286028412,0.0003182785150849,0.00025254076799919,0.2,0.9,0.7,6,0.478374932090278,0.4436681076514392
27,4,0.32666517746008794,0.7287323548281571,0.7208804961217012,0.6480649333787297,0.19774618763494695,0.06665935340226137,0.00014714919126193,0.00011737273699582,0.2,0.9,0.7,8,0.3401140523804605,0.34219430309411
27,5,0.30234621627352887,0.7102338520987961,0.7034004702163549,0.6301281558858141,0.0636952598346116,0.07132170596557968,0.00022294042614466,0.00017950633381815,0.2,0.9,0.7,10,0.3301976026753254,0.3322108163726538
27,6,0.2384494282657945,0.651697292801773,0.6445484569062205,0.5726614589756109,0.08884756158768792,0.07370351793826589,0.00047065860376967005,0.00046260132082999,0.2,0.9,0.7,14,0.2264648218969102,0.2215461056117686
27,7,0.2262287090375943,0.6388166359779357,0.632908993043824,0.567645882018183,0.04754770471257891,0.07370351793826589,0.00047065860376967005,0.00046260132082999,0.2,0.9,0.7,16,0.2150512682951953,0.2266610673711525
27,8,0.20076226798636468,0.6097287609349331,0.6045439702663443,0.5474726516156067,0.0500648973846034,0.07247187721877538,0.0002054023531359,0.00014857179343712,0.2,0.9,0.7,20,0.1990440374270324,0.1925266348091274
27,9,0.19989872695413552,0.6094040330573948,0.6058804205776782,0.5519246644583098,0.017381458853719237,0.07243558343319396,0.00020764315382932,0.00015091004390786002,0.2,0.9,0.7,22,0.1984407862548555,0.1877570689096545
27,10,0.1996848580676533,0.6097914651115228,0.6079531901640488,0.561601483585666,0.015374497252304654,0.0720975937918245,0.00023768241557194997,0.00018979106657497998,0.2,0.9,0.7,24,0.1967271662815658,0.1934632121611596
27,11,0.16795543769601468,0.5677929046725265,0.5662551391546873,0.528585447052765,0.054245958640217105,0.06733371672327647,0.00020276416137679,0.00018772571588268,0.2,0.9,0.7,29,0.1723852853762583,0.1779063759645864
27,12,0.1673918603730061,0.5676577074203806,0.5677866796733553,0.5337812935347706,0.01588913049043382,0.06742825131071793,0.0002031894158384,0.00018820933996512,0.2,0.9,0.7,31,0.1712247247216815,0.1784481165332788
27,13,0.1673918603730061,0.5683642979316212,0.5701888334069882,0.5446808896119404,0.013800302866743391,0.06742825131071793,0.0002031894158384,0.00018820933996512,0.2,0.9,0.7,33,0.1712247247216815,0.1784481165332788
27,14,0.16618203048722563,0.5651007117317621,0.5634683132939733,0.5129006740130692,0.016310094869089246,0.06802439852051755,0.00020124060310571,0.00018922309738979,0.2,0.9,0.7,37,0.1660514194413642,0.182114573984591
27,15,0.1350211477586387,0.5130365213349555,0.511260363876808,0.49101564360742567,0.10574458003860732,0.07836164243120201,0.00031722761616308,0.00028005394357673004,0.2,0.9,0.7,40,0.1628191534982306,0.1762559029891749
27,16,0.13009279376806338,0.5042010539045411,0.503795511728484,0.49587550227880517,0.039711728557059574,0.07924809500565382,0.00031529384860149,0.00027946193542243,0.2,0.9,0.7,42,0.1597232980705156,0.1757501238672185
27,17,0.1250893366724488,0.4951981828089887,0.4961787768699113,0.49179049579685336,0.03747951385917204,0.07703640755801434,0.00030541352308583,0.00027195377882573,0.2,0.9,0.7,44,0.1503430977101853,0.1504921906441051
27,18,0.1187943287158511,0.48257435620357825,0.48314051876021546,0.4711928005745646,0.07575095833932036,0.07643574521639918,0.00024238413672298,0.00019670512933709,0.2,0.9,0.7,45,0.1433207895203422,0.1496379361656619
27,19,0.11707554577901257,0.4794306452887873,0.4815569201526808,0.4833649416516926,0.02239066838944598,0.07745278795262774,0.00023960434008268,0.00019562682015340001,0.2,0.9,0.7,48,0.1429046806896651,0.1500692383725075
27,20,0.11659446658910376,0.47851755392453854,0.4806166156069475,0.49168745405928693,0.01771662403113694,0.0768833446822657,0.00024235147644865,0.00021292281226489997,0.2,0.9,0.7,50,0.1420451842208721,0.14868773499244
27,21,0.1087148081413298,0.4606196068682636,0.4604533070735356,0.4677028976390806,0.09830678566582463,0.07617218504223869,0.00024327446744333998,0.00019924787231184,0.2,0.9,0.7,51,0.1358114547087252,0.1215847230750223
27,22,0.10277313853184991,0.448066713579593,0.45082414169724516,0.47553463827044007,0.0494609422152476,0.07619131537972514,0.00024339220901216997,0.00020917086959567997,0.2,0.9,0.7,53,0.1305474518490812,0.1162190934414058
27,23,0.10246429799126362,0.44732183100850453,0.4500543866925617,0.47986682421316795,0.017407720727108122,0.07620078366901287,0.00024349654698719,0.00020539850838581,0.2,0.9,0.7,55,0.1304091896652398,0.1157784708059115
27,24,0.10219119444005224,0.44726652102656406,0.4516667884802943,0.4913206317804662,0.01769129420624552,0.07654257409073575,0.00024413085439795,0.00020753768547083002,0.2,0.9,0.7,57,0.1305377180849642,0.1169405724215706
27,25,0.10075987948015117,0.44315805889352555,0.44740696861159096,0.48473615997617947,0.038046076066342,0.07860582429653934,0.00025284924051521,0.00020406918638168,0.2,0.9,0.7,58,0.133967673454061,0.1148584328683964
27,26,0.09956890485103063,0.44095548214180863,0.44680377698781415,0.4913304762692266,0.023031402009743983,0.07841958843901996,0.00025542652106625997,0.0002065084876598,0.2,0.9,0.7,60,0.1329008857121264,0.1141956810398238
27,27,0.09877535707535082,0.43964909772010907,0.44712512906108226,0.5042766150342286,0.020993677490686407,0.07850306908811527,0.00025407422806011,0.00020656496008630002,0.2,0.9,0.7,62,0.1331726644336845,0.1120838487356112
27,28,0.0971016247530269,0.4349312242222252,0.4405826906326663,0.4898887633117629,0.03462859117551864,0.07768324834701568,0.000262244094767,0.00021142706093497002,0.2,0.9,0.7,63,0.1324431900199786,0.1200050933597968
27,29,0.09656321310875685,0.4342236299322806,0.44152261693205813,0.487746159763139,0.022912001001787134,0.07770942050651589,0.00026850677007236,0.00022751697982475,0.2,0.9,0.7,64,0.133354097566363,0.1166763876247543
27,30,0.09571003752799465,0.43205996876882835,0.4392874333292477,0.48798769314271856,0.026293480643138217,0.0776019146259718,0.00026759831435552996,0.00022437969324391998,0.2,0.9,0.7,65,0.1320155026481272,0.1127111045041671
27,31,0.09560067690050891,0.43103788814366595,0.4365585773439563,0.4929046340473488,0.01756190174482416,0.07775861072192279,0.00026459681256794,0.00021166129157404,0.2,0.9,0.7,66,0.1323700848064343,0.1154778081376511
27,32,0.09538455691388265,0.4305031179243904,0.4360064625623461,0.49280825733566913,0.01844319932079378,0.07773041837495893,0.00025945230379159,0.00020338506847144,0.2,0.9,0.7,67,0.1311644632980929,0.1175049570592014
27,33,0.09536447313790135,0.43259358327702574,0.44318310291798085,0.5097339518981355,0.01597343071846711,0.07758525449352979,0.00026496466292788,0.00021654645537558001,0.2,0.9,0.7,68,0.1303738154081478,0.1134619284884716
27,34,0.0950461642606068,0.4324869074472191,0.44474514561949985,0.5276393663461323,0.01654485529652566,0.07754221285510106,0.00026613266882835,0.00021236896799844003,0.2,0.9,0.7,74,0.1297487079458366,0.1128970280605223
27,35,0.09479170337006959,0.43253409336707715,0.4464659389356614,0.529120594207748,0.019076166582213814,0.07753166471801945,0.00026577806659315,0.00021119443067679,0.2,0.9,0.7,75,0.1297731284850256,0.1128727922915577
27,36,0.09477794770121568,0.43249846055393704,0.4464291224048185,0.5317925331459546,0.016064823642775294,0.07753185044192952,0.00026567592852801,0.00021091951184748,0.2,0.9,0.7,76,0.1298055071107345,0.1118140801333597
27,37,0.0946769525290489,0.43078359689892504,0.44131229605688965,0.5238474350150429,0.016441058182008295,0.07760289576167023,0.00026695957762317,0.00022182465734393002,0.2,0.9,0.7,79,0.1307785980889604,0.112294343323118
27,38,0.09462303583943535,0.4313497693234983,0.4435693461878444,0.5367231900527871,0.016254341419516635,0.07759793153646953,0.00026727667339268,0.00022197702823203001,0.2,0.9,0.7,81,0.1305634802590227,0.11194846657334
27,39,0.093053798489759,0.43019114475380604,0.4490629527574815,0.5520125510859828,0.025243857644572255,0.07731190728647483,0.00024069922620046,0.00019832325361217998,0.2,0.9,0.7,83,0.1262696722917204,0.1108995982580111
27,40,0.0927804628213835,0.42738983338271946,0.4411531319453409,0.5580032351297128,0.016581642884213748,0.07710534725272575,0.00024428352276941,0.00021244599724148998,0.2,0.9,0.7,87,0.1256969782526402,0.1111692638453579
27,41,0.0921762264223814,0.4271166065014805,0.4442132605267143,0.563406943196724,0.024206824323868455,0.07728068123678962,0.00025204786300809,0.00021059390639193999,0.2,0.9,0.7,88,0.1262094549243642,0.1111483634670756
27,42,0.09210043541904124,0.4269192617607702,0.4440094398914919,0.5659923866772255,0.0167655517933615,0.07728763009327427,0.00024854281709158003,0.00020776035495674003,0.2,0.9,0.7,89,0.1261178058761967,0.110667548237625
27,43,0.09145594323015303,0.4244244589253252,0.4397583240488402,0.5870364296040417,0.017114458992157546,0.07728295988714515,0.00026196505331772997,0.0002330851483566,0.2,0.9,0.7,96,0.1272763907394314,0.1056751374901191
27,44,0.09022407150959409,0.42249177848881053,0.44110510722763485,0.6161661867246719,0.019087024376421284,0.07728426340383332,0.0002597171634375,0.00022552392348586998,0.2,0.9,0.7,101,0.1279496803560977,0.1040602488238941
27,45,0.09007538779777119,0.42489973644181095,0.4502810951053164,0.6206857369204843,0.016368524957730866,0.07729480900569444,0.00026237729747634,0.00022733381030353,0.2,0.9,0.7,105,0.128273753684408,0.1035508942388295
27,46,0.08976980457220028,0.42264996764751284,0.44461232718961274,0.6429132359210866,0.016660305894362012,0.07728939357774159,0.0002613567107478,0.00022633962279123,0.2,0.9,0.7,110,0.1275025853189888,0.1039635626049617
27,47,0.08954174899022613,0.4226433748496039,0.44627586657663304,0.6877525219916582,0.01622039816254207,0.07728852711068253,0.00027581897137835,0.00027561762591897,0.2,0.9,0.7,123,0.130005512454333,0.1045147939903453
27,48,0.0886207237845348,0.4206748387692774,0.4442525525034868,0.688474559647066,0.02301937520209031,0.07567357971745,0.00028136193178341,0.00025732697806251997,0.2,0.9,0.7,124,0.1281012943809952,0.1044383142750284
27,49,0.08812249448871035,0.4204907968593924,0.44740238993567705,0.7061054440792456,0.017758322744583024,0.07626018389209774,0.00028693989447673,0.00024639280936173,0.2,0.9,0.7,128,0.1225829583091513,0.1006345721545717
27,50,0.08758390334408142,0.42395043593384285,0.46268169491012134,0.826130100393168,0.015931975179775914,0.0762714498207521,0.00029056716979141003,0.00021698082680853998,0.2,0.9,0.7,155,0.1224660385684219,0.0982761160021518
27,51,0.08752747565531585,0.42379331300300627,0.4625193471441615,0.8322572390699575,0.015918831042751873,0.07626942475528237,0.00029003663727461,0.00021669987093526,0.2,0.9,0.7,158,0.1222134774016201,0.0980119402919932
27,52,0.08740550246982694,0.4234508061478439,0.46216541774621195,0.8289000179594342,0.01732244940463417,0.07626643303713246,0.0002907670102917,0.00021526973070424998,0.2,0.9,0.7,159,0.122465563114012,0.0980461516029284
27,53,0.08732112698603633,0.4232003127450543,0.4619063207763544,0.84684826887538,0.015921623686632747,0.07629585353836119,0.00029034656726068,0.00021684356648386002,0.2,0.9,0.7,164,0.1225597622922954,0.0980717069512947
28,0,0.9660256208204395,0.9913686329144773,0.991079987767391,0.9249849125525054,0.0,0.0,0.0,0.0,0.2,0.9,0.7,1,1.047304824209134,0.9712949388201924
28,1,0.7812936296502352,0.9485939405665328,0.9463776847049029,0.8792843755845786,0.15465517963604597,0.07421056165520144,1.841291526262e-05,1.778003275683e-05,0.2,0.9,0.7,3,0.9010247694865916,0.8456428288165688
28,2,0.44889015577479124,0.8079391148260592,0.801059018194768,0.7256351138027721,0.6901183690894723,0.06666531044394622,0.00024248074375802999,0.00020166205735472,0.2,0.9,0.7,4,0.4455591744695556,0.4349670448183902
28,3,0.3224647310339678,0.7247789157635876,0.715123288986929,0.6394601788393414,0.21480886466765867,0.06666158862767498,0.0001346435340257,0.00011728770241512001,0.2,0.9,0.7,6,0.3534342187936669,0.3455814410125197
28,4,0.30308970334082186,0.7101454924717223,0.701636964981124,0.6264525553682178,0.05437174540125403,0.07139120470102195,0.00021112586649792001,0.00018403000919503,0.2,0.9,0.7,8,0.3310080305790882,0.334264060012294
28,5,0.2993191099004209,0.7077096167263093,0.7007912771701368,0.6273324231730288,0.022253996664875583,0.07137526724075219,0.00021874404577985998,0.00019273499524264,0.2,0.9,0.7,10,0.3273160423237206,0.3309213152312171
28,6,0.27475380318389986,0.6862216400655082,0.6785774654473352,0.6069527336289395,0.12008486566064111,0.07197289254910036,0.00027919548851784,0.00025684470721952003,0.2,0.9,0.7,11,0.2979103054364239,0.2575993422046101
28,7,0.26114682268671996,0.6741788714868036,0.6678006678428565,0.5987770638251925,0.04607402467422629,0.07262287057033706,0.00024936870562722,0.00024782738050766,0.2,0.9,0.7,13,0.2838242998398386,0.2439155469743597
28,8,0.2468109081850336,0.6607570916803331,0.6556006651477808,0.588116798975874,0.049428060954309655,0.07288378379423709,0.00024443434749779,0.00023752350362418002,0.2,0.9,0.7,15,0.2720440227653682,0.2376296456660231
28,9,0.21373818152909688,0.6245559082349941,0.6181718528038822,0.5531094956437921,0.10439131262900561,0.0729225359346839,0.00055929140798819,0.00055282137788404,0.2,0.9,0.7,17,0.241442268670231,0.189380837709014
28,10,0.1908308268724007,0.5962436246194088,0.5889260077396535,0.523811139476988,0.150481327862746,0.07286151630103956,0.00036112573597277,0.00026310483357827,0.2,0.9,0.7,18,0.1777522729896174,0.1825465526812207
28,11,0.18840042684871738,0.5936694742333697,0.5879297802448277,0.5255025336203815,0.03239538290910139,0.07299424802960355,0.0004937021201781401,0.00039408116823263004,0.2,0.9,0.7,19,0.1861128378603717,0.1662663193240718
28,12,0.18772372564751386,0.5928341484693694,0.5870733508851046,0.5321949700669182,0.016638289923268004,0.07303015882942315,0.00035936356615732,0.00026438600952898,0.2,0.9,0.7,21,0.1680248781790462,0.1747277410485497
28,13,0.15798741672691483,0.5496187083314035,0.5423932279628862,0.4856180521763076,0.22904923819996065,0.07586409929126221,0.00037261573298355,0.00027601233970797,0.2,0.9,0.7,22,0.1270299567849102,0.128494509074757
28,14,0.14401111186949164,0.526468626045348,0.5184779493291408,0.46216400394332025,0.12550811362433603,0.07456390422928924,0.00036958454303098997,0.00027108752779825,0.2,0.9,0.7,23,0.119974772866875,0.1176887531571978
28,15,0.13714811502839086,0.5144328287646094,0.5060452669599579,0.45102389299002793,0.0728238631175451,0.07378385329125238,0.00036263087160817,0.00026475312392109003,0.2,0.9,0.7,24,0.1172297641813613,0.1177465459867257
28,16,0.13541062570298001,0.5120508658906253,0.5052589125367438,0.4511592022753626,0.029660398678479426,0.07325808057866391,0.00036590831795504003,0.00026779223216793,0.2,0.9,0.7,25,0.1132712331997384,0.1105610578095136
28,17,0.12242980502573628,0.4872076629881716,0.4795803185606107,0.4294848666096192,0.1380225256017616,0.07383056675403683,0.0003799267373807,0.00028582331672980996,0.2,0.9,0.7,26,0.1299469940175708,0.1533823480484801
28,18,0.11428361205127965,0.47198239117133645,0.4655487157044908,0.41786550257978,0.050970482079515614,0.06932475797726644,0.00036833199606732,0.00027085414691512997,0.2,0.9,0.7,28,0.0983007804923993,0.0989679792637209
28,19,0.09540150583276039,0.4282541173613729,0.42203495054586493,0.37466489667898284,0.12068484801836526,0.06859242619908504,0.00036981445286687,0.0002727680445154,0.2,0.9,0.7,30,0.0853329534576126,0.0981958973089483
28,20,0.09035429965090327,0.41548288623915564,0.41050401974307327,0.36582599017028994,0.0803970857883392,0.0688456251944767,0.00043287719568873,0.00031483566834792,0.2,0.9,0.7,31,0.0807705801883529,0.0894127658487536
28,21,0.08795765806181027,0.4089983305425882,0.40380347116679344,0.359586085296961,0.0457728357490871,0.06913786536177373,0.00036982275365481,0.00027633495279922,0.2,0.9,0.7,32,0.077041348137385,0.0922182212574133
28,22,0.0875832935906083,0.40865594638311925,0.40512156908958663,0.3670182925056244,0.01687081210678668,0.06913786536177373,0.00036982275365481,0.00027633495279922,0.2,0.9,0.7,34,0.0766462832062675,0.0921726748496572
28,23,0.08507797811019058,0.4013343916679546,0.39920984398165366,0.3580714608862214,0.056275466192407225,0.07067500311093275,0.00050259317468774,0.00040446553740722,0.2,0.9,0.7,35,0.0938315825310635,0.0910860895976099
28,24,0.08329960714165707,0.39700332628300183,0.3964080536895207,0.3685009705439239,0.026859821021759264,0.07065751192346312,0.00047231747555681006,0.00035556358444047,0.2,0.9,0.7,37,0.0848061877900952,0.0897690517343725
28,25,0.07993388355529951,0.38559949573253466,0.3796197893486874,0.3598962537429574,0.057613375336814626,0.06945376058539933,0.00037675188430517004,0.00028105997279528,0.2,0.9,0.7,38,0.0790293938563496,0.0945319273669223
28,26,0.07863953301584073,0.38179521912953024,0.3756907740539754,0.35814472242310896,0.03244359221085126,0.0691267527283583,0.00037253591421261003,0.00027430901274178,0.2,0.9,0.7,39,0.0783369921692539,0.085731041855214
28,27,0.0738313845818867,0.36829051444626126,0.3667447300389302,0.3565535519110469,0.0400526606892447,0.06953041530662571,0.00043443157562968,0.00031616009585111,0.2,0.9,0.7,42,0.0733496494734274,0.0804404087067327
28,28,0.07252416953892353,0.36386509187809074,0.36216987888816904,0.361719078605472,0.019974124846110677,0.06975114600577098,0.0004326469469818,0.00031742588421587996,0.2,0.9,0.7,46,0.0694628645754351,0.0756982766902342
28,29,0.06511676799890355,0.337704163619209,0.33845835311155753,0.3397143538411484,0.15172856529971937,0.07231965775006857,0.00047912835257381996,0.00036375925162371,0.2,0.9,0.7,47,0.071796645211934,0.0739271585323105
28,30,0.06146047188265041,0.32400596792195424,0.32430551286011283,0.32455869227218737,0.08098775537149341,0.07180146026989652,0.00048019025797439995,0.00036510640032253003,0.2,0.9,0.7,48,0.0703178029146994,0.0703840696219202
28,31,0.060344528089340044,0.3202025223100894,0.32204579654330057,0.3238504445946739,0.026098005499671516,0.07194603435329627,0.0004809671415003,0.00036617200546485,0.2,0.9,0.7,50,0.0706107181735466,0.0694585017450778
28,32,0.06025134047408959,0.3199266224274011,0.32176177340245893,0.32615455028874407,0.016214917824637295,0.0717779364416109,0.00048139240590774,0.00036662015353001,0.2,0.9,0.7,51,0.0701669898264515,0.0691554011953701
28,33,0.058594755331912954,0.31360486967647094,0.31689721732290155,0.3332099085079707,0.023791669178789,0.0722615606957528,0.00048303295724205005,0.00036895685682715,0.2,0.9,0.7,55,0.0721984869501288,0.071020894894216
28,34,0.05859181564407002,0.3135507306162188,0.3168408125987357,0.3436861666601497,0.01524197016679533,0.07233369601915193,0.00048266060356346997,0.0003683654057985,0.2,0.9,0.7,59,0.0721240258445767,0.0709091615033776
28,35,0.058583997531641015,0.31421112192884526,0.319195067133366,0.35081258861707043,0.015283197737141782,0.0723560910212941,0.00048251963085691005,0.00036814028428724,0.2,0.9,0.7,61,0.0720095168239447,0.0707921543977895
28,36,0.05750683353687639,0.30884533823609206,0.3119760775592519,0.37435700094004065,0.018481792572840737,0.07263054289737503,0.00048301497491617,0.00036849765531294,0.2,0.9,0.7,68,0.0701249861144102,0.0692712331747808
28,37,0.0574263520806474,0.3101020275952806,0.3166205276207024,0.38978451122978136,0.015406562031644543,0.0723475565835602,0.00048312039513684,0.00036852896223964,0.2,0.9,0.7,70,0.0703565798105664,0.0687310521740389
28,38,0.057476326225740025,0.30940109121470405,0.31422209839850856,0.4097896663042646,0.01527211582323338,0.07266273545119592,0.00048360727172623,0.00036870197316903996,0.2,0.9,0.7,76,0.0702486587164873,0.0694820893392191
28,39,0.057258766443906234,0.3092314621566695,0.31571912805558483,0.4282909564367711,0.017309010982055412,0.07258710893418248,0.00048447062382176,0.00037187130095429996,0.2,0.9,0.7,78,0.0692757997900798,0.0680850488595863
28,40,0.05697665469044055,0.3086172499904642,0.3150903578570348,0.46018409423716444,0.015562869994232618,0.07169646013233526,0.0004844480350353,0.00037087644176848,0.2,0.9,0.7,82,0.0696376747729898,0.0684291498042668
28,41,0.05693258832368596,0.31089056112107244,0.32412358775979566,0.46404921486032275,0.016766555874563698,0.07227509418698873,0.00048322329055096997,0.00036969594522591996,0.2,0.9,0.7,84,0.0699044679876601,0.068613427203883
28,42,0.056807901098532634,0.3104810803816431,0.3237016400005999,0.4693319192219678,0.016015514559124054,0.07208979232460724,0.00048360908989267997,0.00036972596094113,0.2,0.9,0.7,86,0.0693118678495482,0.0681475973848531
28,43,0.05674905893993999,0.31072468848429835,0.3256231210147226,0.49409804703232335,0.016459688914073813,0.07242159483589539,0.00048342356103291996,0.00036909652725241,0.2,0.9,0.7,88,0.0694244340393998,0.0682980332755154
28,44,0.0562662362513641,0.3063275320276201,0.3160609267136324,0.47054600332397317,0.01808600987828516,0.07271290917687909,0.00048978928695665,0.00037276512619064,0.2,0.9,0.7,92,0.0688434466091225,0.0661779152580388
28,45,0.05623638793991751,0.30761335460973105,0.3207336033893365,0.517401471065982,0.015321165104803624,0.07271225664244621,0.00049083845839402,0.00037131850560657997,0.2,0.9,0.7,100,0.0686959680362627,0.0660705132451964
28,46,0.05620688098166298,0.30819711275080863,0.32300884873942914,0.5660132443343698,0.015341439139917918,0.07271378031361884,0.00049087804743658,0.00036922032097394997,0.2,0.9,0.7,106,0.0682917236012972,0.0652951352656023
28,47,0.056102596400122974,0.3084261121708196,0.32491712136952083,0.5798862969184746,0.016038760870090433,0.0727001475962735,0.00049262681369823,0.00038376819653945,0.2,0.9,0.7,109,0.0686451191035548,0.0648787738973333
28,48,0.056026730501394326,0.3083247155259997,0.324814614793104,0.5827235982564694,0.015344891135565388,0.07242964566169038,0.00049090116087222,0.00036595277350007,0.2,0.9,0.7,110,0.0672674474455608,0.0635833485886112
28,49,0.05580633989838835,0.30932334944741224,0.329195895885497,0.5971021450177751,0.01522678850827956,0.07162904842621022,0.00048501440633487,0.00037142568162454,0.2,0.9,0.7,116,0.0674352257680124,0.0658111324531298
28,50,0.05603320108952845,0.3136812643472133,0.343722403913537,0.6263643238697392,0.015419113298365305,0.07294369972832054,0.00048314128163348,0.00036921726989101,0.2,0.9,0.7,121,0.0670517386529339,0.0653881795135136
28,51,0.055912316054610806,0.3113153597026491,0.33626438078000315,0.6351122370230654,0.015594690082276298,0.07252894469664464,0.00048396826136883005,0.00036807579878192,0.2,0.9,0.7,123,0.0671224014772729,0.0657861624922883
28,52,0.05579593354489493,0.3128991772544765,0.3429165948274597,0.6370077562938063,0.017858048166420625,0.07257304813727175,0.00048504859243545,0.0003687254309558,0.2,0.9,0.7,124,0.067795558191145,0.0663281041162021
28,53,0.05569028416065782,0.3123165560592964,0.34231322754766813,0.6393707759047358,0.01825649901613492,0.07275794296809121,0.00048651066239446003,0.00036814438790724,0.2,0.9,0.7,125,0.0672575898933317,0.0654004606690559
28,54,0.05560107414524798,0.30984362543578575,0.33474215898144416,0.6333218699348045,0.016901314513916268,0.07270826003519834,0.00048641973336804,0.00036820344409949004,0.2,0.9,0.7,126,0.0672522422108614,0.065036058707709
28,55,0.05431174933594986,0.3059928035860152,0.3324433349784156,0.6550701177583876,0.017146402451645046,0.07143115900289157,0.00047849870822572004,0.00036569401330997,0.2,0.9,0.7,136,0.0672128830214212,0.0663200864705577
29,0,0.9782154836547555,0.9944993412263973,0.994315436863031,0.9284512385860019,0.0,0.0,0.0,0.0,0.2,0.9,0.7,1,0.997363076944648,0.9690355652243152
29,1,0.6780214597529508,0.9138275154760273,0.9088061727908976,0.8399834871370053,0.2476097976360166,0.06659518255151775,0.00041527795992107994,0.00042933168584302004,0.2,0.9,0.7,3,0.6052539242881055,0.6528001122932099
29,2,0.4453716204267407,0.8059586675945761,0.7990122978163945,0.7234419074072197,0.5272512145918731,0.06665410249497442,0.00022731326924467,0.00022661837312929002,0.2,0.9,0.7,4,0.4791244244493751,0.4433163387834061
29,3,0.3423664348521975,0.7455062692679181,0.7348585434753565,0.657385549922021,0.33544806085626006,0.06664964981318139,0.00034695199087734,0.00041488166324595997,0.2,0.9,0.7,5,0.4116804061800664,0.2491603361606535
29,4,0.2753462527368006,0.6852698163264084,0.6742798195689598,0.5941500960495437,0.14640914870023644,0.06664964981318137,0.00034695199087734,0.00041488166324595997,0.2,0.9,0.7,7,0.342876966011525,0.246836936211251
29,5,0.23955557930647992,0.6510927028910299,0.6405866968117666,0.5601983654806604,0.10314279197490256,0.07160558201558091,0.00055260910046225,0.0006608043439811,0.2,0.9,0.7,9,0.314964361600715,0.199626480349205
29,6,0.23891580791770442,0.6511203902540611,0.6422832693430346,0.5731226004388162,0.016689115448303073,0.07160442738472048,0.00059508865257715,0.0007770534889254899,0.2,0.9,0.7,12,0.3253457095345872,0.1859208970712055
29,7,0.22447493131909402,0.6339443615695189,0.6211481938962079,0.551608527429963,0.09921757343166142,0.0801028055853872,0.0003455576270674,0.00041406625609193004,0.2,0.9,0.7,13,0.259676440120517,0.2034647790121464
29,8,0.21915350055695937,0.6292329960896553,0.6196185358993229,0.5506865648124655,0.046899933886471686,0.07813308676105495,0.00065138347673099,0.0007804301451494399,0.2,0.9,0.7,14,0.2830091471442484,0.1952002404401173
29,9,0.2153728207426737,0.6252727059675329,0.6155408692000652,0.5565683729378774,0.025687606274127604,0.07820112159253037,0.00036967887648695,0.00048020184252718005,0.2,0.9,0.7,16,0.2192559682377981,0.1801531058629042
29,10,0.20194453906821672,0.6095910137954941,0.6009898270119718,0.5331942291745286,0.09853818335099948,0.078420524742751,0.00065016583041443,0.0007799886410010699,0.2,0.9,0.7,17,0.2828134977671495,0.1583920158569645
29,11,0.16946979010400523,0.5633780252148625,0.5482471937086631,0.48442530156391217,0.11975381263644265,0.07600869551698904,0.00038421558229781,0.00046738536521986,0.2,0.9,0.7,19,0.2023148366461202,0.1865480279159868
29,12,0.1633331961442726,0.5547712243864849,0.5410202633556691,0.48302552399066084,0.03126656269722106,0.07661659402228359,0.00038171556516598,0.00047978015183637,0.2,0.9,0.7,22,0.213690522198169,0.1748422848644972
29,13,0.14239807509023517,0.5233885237082424,0.5118829201491913,0.45322858306836034,0.19672114403236549,0.08248771728763944,0.00055827807774613,0.00067263604402515,0.2,0.9,0.7,23,0.1696360177645267,0.1126686691750048
29,14,0.12546508690960698,0.49064982159138193,0.48139847911604183,0.4310092569156881,0.09416123765145731,0.08167267358335385,0.00056629831836741,0.00067623092155049,0.2,0.9,0.7,25,0.1589716926976418,0.12539538991565
29,15,0.11054464352229425,0.4582207674051625,0.44622828658267594,0.40624648812239067,0.09178778291727803,0.07952638867905935,0.00055226961244404,0.00065870408046541,0.2,0.9,0.7,27,0.1380841802333682,0.108926622291585
29,16,0.09505078376046575,0.42160281562427615,0.4084113930948902,0.3597888125610643,0.1900584032414559,0.07570005395695831,0.0005401114711609,0.0006783125371509901,0.2,0.9,0.7,28,0.1144680782742744,0.1192149660717542
29,17,0.09079914325300038,0.4092031059674538,0.39723503635716945,0.351171234642195,0.05145062274490947,0.08076134844683305,0.00054407532811705,0.00067740623103706,0.2,0.9,0.7,30,0.1066147974550088,0.1149810391408262
29,18,0.0884239977757392,0.40136430759899216,0.3874545650870347,0.3524270617907714,0.026195068496722592,0.08197901175636622,0.00054417665696619,0.0006549560190965799,0.2,0.9,0.7,34,0.1079237860082448,0.091596282150507
29,19,0.08665126830914399,0.3970659714636278,0.3846861684400817,0.3618782570679472,0.02927751897418733,0.08148437215768439,0.0005694000066248899,0.0006892723981442699,0.2,0.9,0.7,36,0.1113495084087682,0.076980516920225
29,20,0.0776712470301133,0.3701899084452436,0.3602391243054659,0.3318968367444236,0.15864987957508625,0.08394809860868944,0.00056665819501174,0.00067848076409861,0.2,0.9,0.7,37,0.1044894896140175,0.0656027483713736
29,21,0.07568809043284624,0.3655392185461642,0.353802382916978,0.3307965711103826,0.02244428020250551,0.0783993574229296,0.00049140963602177,0.00059260226002879,0.2,0.9,0.7,39,0.1027572616392495,0.0762862834617055
29,22,0.06451518086509093,0.32331226213003406,0.310132949941737,0.2882331506163624,0.2266313240909552,0.08278105759570888,0.00051349448834149,0.00061407626766296,0.2,0.9,0.7,40,0.0875308412197411,0.0660620369069896
29,23,0.06451013839817774,0.32329337194861024,0.3101134387152141,0.297426285163891,0.017477903992793496,0.08277921521347086,0.00051354284544723,0.0006141391457958601,0.2,0.9,0.7,43,0.0874298804955809,0.0664450600175609
29,24,0.06426967487949353,0.3220000472170613,0.3087727718785039,0.30058832840914673,0.021003777247383892,0.08338166202479183,0.00051467599050637,0.00061553605538575,0.2,0.9,0.7,45,0.0861664033796801,0.0666497945019949
29,25,0.06426585133083851,0.32196386827669793,0.30873513998976054,0.30285104236131377,0.017788511199413423,0.08341676888181239,0.00051485176474538,0.0006156980104911599,0.2,0.9,0.7,46,0.0861138972775131,0.0665556702867919
29,26,0.06300071374029406,0.3180480892628742,0.30636455658737954,0.29995436320407576,0.03925923584268177,0.08278037184643465,0.0005156587165832699,0.00061657207883847,0.2,0.9,0.7,47,0.0841230794737545,0.0664398949327713
29,27,0.06265415795932851,0.3169042085304345,0.3051851020541754,0.3033829747047498,0.02253034724159933,0.08241342262424879,0.00051173483699784,0.0006121658006159501,0.2,0.9,0.7,48,0.0852195081952272,0.0629014927766127
29,28,0.06241116668609377,0.3165817822265591,0.3065232022738883,0.30927326629422935,0.01908364401157226,0.08248350457034069,0.00051445754089008,0.00061496584241886,0.2,0.9,0.7,51,0.0833655676033175,0.064190429166498
29,29,0.061264410075001115,0.3113346324764971,0.29942982556571457,0.3065929969886572,0.03920852502064962,0.08232012639511313,0.00051223894372218,0.0006152232850990299,0.2,0.9,0.7,52,0.0812886570581767,0.0647152152458703
29,30,0.0607123756192204,0.30997172552042807,0.2996953767068636,0.3137822505533464,0.022158023192613046,0.08199567558432344,0.00051341427208082,0.00061635271719002,0.2,0.9,0.7,54,0.080093052784511,0.0653107738043058
29,31,0.06008990791407001,0.30794163921816253,0.3009320831625579,0.3412918861911572,0.02014600335575258,0.08308140654448783,0.00054813415954975,0.00065362378215956,0.2,0.9,0.7,61,0.0788268199450136,0.0653007730331215
29,32,0.05967405707117553,0.3051850360493517,0.2930791532977737,0.337298262089609,0.01744968563915772,0.08159694498278107,0.0005207744442000701,0.00061617427103981,0.2,0.9,0.7,67,0.0784824876819852,0.0661994611853417
29,33,0.06026137847572909,0.31071680787553624,0.3104797230634696,0.3508790647129102,0.017815917893538674,0.08426276141095572,0.0005505936302723699,0.0006558184291116899,0.2,0.9,0.7,68,0.0793841188367888,0.0662767467306809
29,34,0.05863557209064341,0.30481805120096933,0.30605858508277545,0.35371821872659154,0.03352752622027688,0.0838155259090475,0.0005511343660925801,0.0006573836017325101,0.2,0.9,0.7,70,0.0773677894298762,0.06714094080281
29,35,0.0580553100324083,0.30206178597161254,0.30154253964926164,0.3691503088394506,0.01994869216058161,0.0831613288241392,0.00055180386679114,0.00065921452916913,0.2,0.9,0.7,74,0.0772721136359774,0.0687334841573032
29,36,0.05763187203278163,0.30074228469531644,0.3018490640112859,0.36470568375063733,0.020991328598903305,0.08346751353475249,0.00054874018275286,0.0006517412239262,0.2,0.9,0.7,77,0.075892770412996,0.0663229692629183
29,37,0.05692819381642446,0.2976913822209657,0.29869640197647174,0.37140339385516696,0.021338594711152556,0.08342488456131933,0.0005491984037577201,0.00065227222816476,0.2,0.9,0.7,81,0.0764222232945067,0.0664383653817961
29,38,0.05690548770804475,0.2975541024397191,0.2985542453388635,0.36117621558638174,0.017867941027640905,0.08347080217863213,0.00054877529931258,0.0006519780865652501,0.2,0.9,0.7,84,0.075835356768894,0.0660077284156416
29,39,0.05684737305449096,0.29807193592204817,0.30076195454332905,0.3865796936850622,0.018463319776788865,0.08337317225378453,0.00054896349692306,0.0006524736695041899,0.2,0.9,0.7,85,0.0764369219394138,0.06639630647153
29,40,0.05683878441850313,0.2972741357193422,0.2982650463260128,0.3608669186559576,0.017767447258228868,0.08345039115686795,0.000548837080274,0.00065214226717415,0.2,0.9,0.7,89,0.0760286370889455,0.0661137591467791
29,41,0.05607720456352361,0.2998086614407882,0.314262507194856,0.437432916579789,0.019183735490577725,0.08301312542130128,0.0005487605592696001,0.00065845613264693,0.2,0.9,0.7,98,0.0797213877081758,0.0543420600026954
30,0,0.9675484834828315,0.9917618205176867,0.9914863174706656,0.9243356994067182,0.0,0.0,0.0,0.0,0.2,0.9,0.7,1,1.042541689750868,0.9583663595833904
30,1,0.926624976348551,0.9891171469235175,0.9883799606321432,0.9227893555994946,0.044642778417859734,0.05577438601762007,4.725021336606414e-06,4.659478732170196e-06,0.2,0.9,0.7,3,1.0075292886188558,0.8703492793231564
30,2,0.4412321001904731,0.803640662239398,0.796614314321601,0.7208690631000518,0.9259254401517764,0.06665916873345815,0.0002857003478768,0.00025548363076025,0.2,0.9,0.7,4,0.4921799022868481,0.4230810407161625
30,3,0.31887608147632407,0.7219737433152581,0.7122244971193216,0.6363557179247217,0.21098732275695467,0.06664468460104264,0.0001380303396133,0.00011075988136486002,0.2,0.9,0.7,6,0.3682487020019215,0.3453940831470415
30,4,0.3149793923834433,0.7199110097819872,0.7117135647518753,0.6381375415694931,0.02548792723183472,0.0733788667667966,0.00026283229308702997,0.00021090489006063,0.2,0.9,0.7,8,0.3458457673597905,0.3515577406304904
30,5,0.30488188743392536,0.7115742080310731,0.7031235379775366,0.6307072576502009,0.05101938901092059,0.0698665925868983,0.00022176962254522002,0.0001764177594426,0.2,0.9,0.7,9,0.3488957671242574,0.3447733270491286
30,6,0.3012288724658807,0.7085579175179348,0.7000044583034464,0.6230943398395901,0.021806038696262044,0.07028768534258198,0.00020074925113382002,0.00016445986590677,0.2,0.9,0.7,11,0.3436888821925312,0.333840041099116
30,7,0.2837831103962984,0.694303380921183,0.6869420225534885,0.6181411879862181,0.038791269369403934,0.07069362563254736,0.00020613562348892,0.00017908278233179,0.2,0.9,0.7,14,0.3211595651054204,0.3128346899357477
30,8,0.280371902429652,0.691293950441302,0.6838248731213733,0.62041554968578,0.030301572470413988,0.07183823830233306,0.00019458680836714,0.00017051945694617,0.2,0.9,0.7,15,0.3122329524806089,0.3094212918145912
30,9,0.2750636739376724,0.686494267406907,0.6788654129454655,0.615104139768947,0.037814092737748155,0.07181265961275685,0.00018667331717752,0.0001560764360842,0.2,0.9,0.7,16,0.303327325109659,0.3005044523491431
30,10,0.24658113273525573,0.6597850918288838,0.6529349282771247,0.5897947768295473,0.1476321550956959,0.07170425033964442,0.00019798961520476,0.00017832570276650998,0.2,0.9,0.7,17,0.2616442022128045,0.2549606763591288
30,11,0.24370429570412447,0.6587887391602831,0.6519246211490481,0.5907622083114401,0.025442780449782244,0.06875073772405489,0.00017235519459526,0.00022773566232488001,0.2,0.9,0.7,18,0.2911210446674125,0.2200155284687617
30,12,0.22604242949398742,0.6372947985249988,0.6280108057919385,0.5643564970881799,0.11077955830287779,0.07326506387526295,0.00016689462172247998,0.00019244296395382,0.2,0.9,0.7,19,0.2334339759126001,0.2336744494619703
30,13,0.18851728124302608,0.5932416444514504,0.585828619638519,0.524516513244231,0.23522302421442934,0.07251572765757867,0.00023163930749081998,0.00031557596530096,0.2,0.9,0.7,20,0.2121076347706882,0.1881230566492773
30,14,0.18515224596102908,0.5887434624420975,0.5811801697310884,0.519536491244714,0.025824340103394607,0.0725150610127184,0.00023215256281105,0.00030856568364239997,0.2,0.9,0.7,22,0.2070648771923344,0.1844979734480502
30,15,0.1838928218540697,0.587039956811737,0.5794196084838821,0.5176525632743091,0.019074881044957522,0.07250371200243487,0.00022836155747323002,0.00032100284944668,0.2,0.9,0.7,24,0.2068883534783891,0.1814328248095823
30,16,0.15084761905446506,0.5393995773293734,0.5351806063773694,0.4922624513303095,0.04274863277089462,0.07431655286321685,0.00037058441429474,0.00053418721753005,0.2,0.9,0.7,33,0.1779707894344627,0.1561603314076524
30,17,0.15083507676814317,0.5393784451366365,0.5351587691833753,0.49223900634838086,0.015621162377959791,0.07431655302970384,0.00037058437429608,0.00053418717820313,0.2,0.9,0.7,35,0.177951723571974,0.1561634930922301
30,18,0.13306332025908213,0.5067042652793671,0.4996934936741381,0.4706802558095857,0.048153869766515374,0.08008587516067191,0.00023140516987757003,0.00020041223803087,0.2,0.9,0.7,40,0.1365566447997158,0.1594371727257192
30,19,0.127619752811676,0.4971782759567381,0.4915304460511567,0.4593749340519106,0.0280942058520107,0.0774634978566247,0.00030825877014171,0.00044361231606642,0.2,0.9,0.7,44,0.1385461874716256,0.1475727172788923
30,20,0.11601563553076838,0.4723211190930888,0.4641605319302313,0.43260040225198215,0.07560715218992088,0.07935285701774267,0.00027838565647524,0.00035342135749301,0.2,0.9,0.7,46,0.1290876153512128,0.1481729303645874
30,21,0.11099930767176784,0.46274000913669994,0.45760445890964324,0.433014200938465,0.04287173056733313,0.07882238446582737,0.00031138726297915,0.00039658116685507,0.2,0.9,0.7,48,0.1293097669009175,0.1334499144273139
30,22,0.10684103808217374,0.4517009914047584,0.44285001528240675,0.4097710110902285,0.03993241376348716,0.07931365881128541,0.00029428854514540004,0.00038195700627657,0.2,0.9,0.7,50,0.1233406983581864,0.1351138427080356
30,23,0.10378426785237266,0.445864766084448,0.4401625080522342,0.41971543438655246,0.05155299800875233,0.07908246296177807,0.0003308079807841,0.00040030978097437,0.2,0.9,0.7,51,0.118487343622643,0.1260629660087343
30,24,0.10122587663925643,0.439793735640126,0.43389179520366344,0.40761755749026385,0.04532876686346654,0.07852679057284392,0.00032466884477917003,0.00042495967920896,0.2,0.9,0.7,52,0.1220879427679162,0.1232057095257888
30,25,0.10075594169236325,0.43862606438384744,0.432685270392837,0.40632208281808185,0.019068306725939736,0.07853396813027165,0.00032115859739198,0.00041921164756425,0.2,0.9,0.7,54,0.1216492834515168,0.123367789352736
30,26,0.10066230701805583,0.4389084855814898,0.43464490718847765,0.4088811358626691,0.019031907604654556,0.07898528339452623,0.00033974212147905,0.00044395323950494,0.2,0.9,0.7,55,0.1203164893303767,0.127295702767704
30,27,0.10066106592631612,0.4389054020108384,0.4346417197877144,0.410595383394812,0.01642809963417004,0.07898528339452625,0.00033974212147905,0.00044395323950494,0.2,0.9,0.7,56,0.1203168467846983,0.1272907748911987
30,28,0.10027796737791031,0.4379470967994214,0.4336511797595702,0.42084601237927866,0.018761509517137787,0.07896760531143517,0.00034255337959404,0.00045343831514715,0.2,0.9,0.7,58,0.1196402593439216,0.1216708180613623
30,29,0.1001144881724582,0.4394669520978546,0.4402333761746221,0.4390410625738099,0.01830525129928827,0.07930055512545234,0.00036245790332509,0.00051479061183757,0.2,0.9,0.7,60,0.1157656019389903,0.1236678961789195
30,30,0.09991448760300421,0.4390376390125663,0.43979127526693773,0.4385710045753348,0.017427177398162425,0.07923283861936695,0.00035114667299966,0.00048165551062459,0.2,0.9,0.7,62,0.1172869994108741,0.1246605388357917
30,31,0.09619926250923785,0.42931776951850664,0.42974098526868343,0.4326988933362407,0.04062447915814377,0.07924502815848614,0.00043591850708537004,0.00060002954750098,0.2,0.9,0.7,64,0.1101263469336061,0.1227447491857414
30,32,0.09445995577998961,0.42473811694185865,0.4250078396870374,0.4325323891223636,0.02780128302146495,0.07924659624468978,0.00044486693013342,0.00060326280727779,0.2,0.9,0.7,66,0.1070626409428579,0.1198246108900919
30,33,0.09390702326227289,0.42319252516120315,0.42340900062922077,0.435721942173732,0.02444164292526419,0.07928776526526599,0.00048198537646665,0.00061074564175535,0.2,0.9,0.7,67,0.1058408086988519,0.1176782044285135
30,34,0.09372063058090363,0.4242083056811622,0.42780458297756324,0.4398388256881792,0.018296291651358022,0.07918280014012244,0.00044452007879589,0.00060362590650393,0.2,0.9,0.7,68,0.1052097232835749,0.1177034971831649
30,35,0.0910115888226348,0.4159529642074463,0.41759706109655215,0.44103473462159143,0.029193213590664548,0.0797477414306125,0.00051822759675487,0.00052769035086383,0.2,0.9,0.7,71,0.1021345898564037,0.1150926562307807
30,36,0.09083019322037723,0.4161145148203302,0.4194350451635813,0.45302010649358204,0.017736144269819298,0.07978370625905272,0.00051829986440388,0.0005550848463728899,0.2,0.9,0.7,74,0.1022830080802842,0.1181419895452996
30,37,0.09076576052854375,0.4158552414368567,0.41916556772793256,0.45235629201452165,0.0183353849594333,0.07976346196878134,0.00054041960682683,0.00059828232685274,0.2,0.9,0.7,75,0.1119736236841161,0.1122780543076078
