Run,Equation_Index,Hybrid_MSE_Train,Hybrid_AIC_Train,Hybrid_BIC_Train,Hybrid_MDL_Train,Hybrid_PSM_Train,Extrapolation_Divergence,Sensitivity_Interpolation,Sensitivity_Extrapolation,Lambda1,Lambda2,Lambda3,Complexity,MSE_Test_Interpolation,MSE_Test_Extrapolation
1,0,0.6431445611099564,0.9015169278652524,0.8356772624440771,0.0037126713552783843,0.0,0.0,0.0,0.0,0.5,0.8,0.2,1,6328.096169968375,6994.644494371916
1,1,0.6659183183744667,0.9324257849628558,0.8658360611020729,0.04199479367683629,0.05058226714169326,0.07039654402387599,7.806692045648e-05,0.00013697358343827,0.5,0.8,0.2,3,5988.334115031348,7123.986898293119
1,2,0.6696635826380121,0.9488802215050742,0.8810725586085087,0.06722879837938545,0.10856283351373879,0.09060127439829212,0.0091878115898059,0.0310215930538905,0.5,0.8,0.2,4,5541.561691482352,7255.523004847028
1,3,0.540742841632701,0.9217898686725179,0.855691306041502,0.09137786546745284,0.5469524058541727,0.08608014532280392,0.037754940592171035,0.06624354432282525,0.5,0.8,0.2,5,3183.3390862262377,5428.108192069795
1,4,0.47821165688756506,0.9087627120749001,0.8317689452893658,0.140750452261251,0.3592530934922429,0.08715372352446393,0.07156351571980772,0.18128746361430143,0.5,0.8,0.2,7,2916.637912065059,4295.217858363379
1,5,0.47255904497908874,0.9139547518772179,0.8329280823158157,0.1724558715171319,0.24811449963972676,0.08522860632137344,0.09713264237214611,0.22752654699670752,0.5,0.8,0.2,9,3479.8286901760102,5252.9572115475
1,6,0.46367688565285514,0.9078584499104413,0.8254979443886414,0.17894547976987346,0.19466172011976496,0.08686426714277859,0.0968575963716137,0.23299842961378703,0.5,0.8,0.2,11,1969.510719611833,14168.621696157705
1,7,0.5810444812125545,1.0507418658119558,0.9926507859630752,0.3352439197151389,0.33341815968662286,0.06961382854085116,0.23883351986287438,0.36115469805302175,0.5,0.8,0.2,13,6025.922933094537,2837.234247564664
1,8,0.5754308510793116,1.052453034124471,0.9845268623712937,0.3959989932301182,0.5578320925013782,0.08778278626872223,0.27264209499051156,0.4761986173444971,0.5,0.8,0.2,15,6104.772428213506,2931.9946852391963
1,9,0.5403248707048008,1.0153048817928423,0.9424961750775577,0.3918044173228733,0.4481315345461798,0.09448723930713147,0.26337116270245664,0.4533308964731929,0.5,0.8,0.2,17,4136.610689480518,2444.241596441336
1,10,0.5391370299522663,1.0139395024849673,0.9408998356219748,0.3989056722441429,0.35330064956024204,0.09429890356130172,0.26343557522825506,0.4534608954469112,0.5,0.8,0.2,19,4022.337182298674,2484.484196781635
1,11,0.539457383280219,1.0142024322600247,0.9410901117744626,0.40812319599230934,0.35223659331829954,0.09464086037260197,0.26402235638299854,0.45369349110560425,0.5,0.8,0.2,20,4098.875606357978,2602.981852046018
1,12,0.5245248300974332,1.0069568534194862,0.9433097334484883,0.4072721724535383,0.49641766686999134,0.06694121964413095,0.2873928818921837,0.4404299922096942,0.5,0.8,0.2,21,8243.15895072625,2891.007060490753
1,13,0.5280931054682677,1.0058165076109953,0.9389249753596349,0.42915543309769955,0.43508468024773383,0.06452042684996505,0.3032352200695383,0.47213308106612695,0.5,0.8,0.2,23,5804.317986028517,2561.1076596304165
1,14,0.5302044126237317,1.0130469383195466,0.9557534424168994,0.4508916667210552,0.45463485943738363,0.06725936895691631,0.31844474219427477,0.48391714039247463,0.5,0.8,0.2,25,8550.443150440198,2987.713378159697
1,15,0.4678864086780076,0.9513547573124728,0.894127172795581,0.39365853130876005,0.32562320216398405,0.060032704332071564,0.26990157682873117,0.3857679303426527,0.5,0.8,0.2,26,8506.460303215252,2599.891414294479
1,16,0.4990488706758221,0.9853649364665251,0.9374788021632476,0.4436670895310417,0.43914547749808885,0.06737390496356062,0.30183062177700204,0.4605595263351671,0.5,0.8,0.2,28,7899.006476560658,3458.1028734563743
1,17,0.4609004068427778,0.9326375747037301,0.8703325182206938,0.41275471890143467,0.39188561282311973,0.06046706269023414,0.2734049812220929,0.42532778530865817,0.5,0.8,0.2,29,7307.2914297927155,3450.47873264765
1,18,0.4911843870347807,0.9722998380391233,0.9222580772773343,0.45173954054383786,0.3968341339901293,0.06317868308554267,0.30292491595919196,0.464279616863368,0.5,0.8,0.2,30,7444.055630945647,2903.1022254951195
1,19,0.48448116788208273,0.960215786082907,0.9081016169702154,0.45875293086271707,0.4090620091752991,0.059957544601741644,0.30439906100111386,0.4665226277653679,0.5,0.8,0.2,32,7690.131884198636,2902.542296279419
1,20,0.4944043558116221,0.9576087786750086,0.8920023666777448,0.47319294288527625,0.39836676160382034,0.06146520355142734,0.3079024653944759,0.5060824827313732,0.5,0.8,0.2,33,6782.236656136689,3256.3461289250727
1,21,0.8390810657566417,1.308366507633416,1.253929720277235,0.8238479996010672,0.803140815478051,0.22240865263609472,0.5216388325064656,1.0,0.5,0.8,0.2,34,10116.158741711388,9425.6006087327
1,22,0.7446014293520551,1.2205163303510738,1.1774818535304998,0.7415931100363911,0.6721538051399678,0.1963333460057572,0.425783951770111,1.0,0.5,0.8,0.2,36,8498.607852504074,6007.443138355504
1,23,1.3035265104838476,1.753488256748515,1.6833187374790592,1.3126445588539224,1.2231510867111346,1.0,0.6259944782907843,1.0,0.5,0.8,0.2,38,8595.839919872722,3256.0590994238555
1,24,0.7669367712869564,1.2561765895878476,1.245858309770506,0.8124481177470928,0.7075550773131334,0.08233903764238659,0.6439025311091745,0.6062551446450517,0.5,0.8,0.2,45,9570.20142699098,3727.4786944710913
1,25,0.7686608382196921,1.2567888832734186,1.2461464578366073,0.8214926138680105,0.6866588504508768,0.08248298454782312,0.646395552951412,0.6084484145454109,0.5,0.8,0.2,47,9561.31839213575,3748.201384023275
1,26,0.76863939874172,1.256357856088424,1.2455965674269933,0.8339379802721404,0.682733661634902,0.082925847906852,0.6464378603936549,0.6084874757475894,0.5,0.8,0.2,49,9705.557712532089,3583.84311730946
1,27,0.7674765576290421,1.2637767171177794,1.2652602924658458,0.8431237767589917,0.6963468077817437,0.08360309937819582,0.6467277158083763,0.60876792929279,0.5,0.8,0.2,51,9633.119897299764,3832.613140724848
1,28,1.1157207350417109,1.560884082513019,1.5185464116753307,1.2234284201989458,1.0725610490853072,0.07960217787318763,1.0,1.0,0.5,0.8,0.2,57,11337.079588677689,2807.411987883761
1,29,1.1066846096796648,1.532188525812344,1.4848116200349002,1.244616300629689,1.0816328520989722,0.08106124930614911,1.0,1.0,0.5,0.8,0.2,62,10611.275908947067,3156.212082844278
1,30,1.0893751462671633,1.5124232600579586,1.464433684093869,1.2558699448785042,1.0279782222640115,0.04868662016451417,1.0,1.0,0.5,0.8,0.2,69,15390.119064109016,5234.998447289922
1,31,1.0885942964177524,1.521010308705563,1.4855729430889153,1.2653874922954527,1.0333186778069947,0.04868662016451417,1.0,1.0,0.5,0.8,0.2,71,15325.56946086114,5317.958188428599
1,32,1.0847063673345905,1.508321627864716,1.470750905417924,1.264645545781984,1.111018215083107,0.048223615806930534,1.0,1.0,0.5,0.8,0.2,72,14354.33883738282,5603.154041790418
1,33,1.0817634679281753,1.5108531320148761,1.4849170002708048,1.2723940251014139,1.0792846081699476,0.04682894195388049,1.0,1.0,0.5,0.8,0.2,73,14033.516645459458,5768.7992379947145
1,34,1.081120648365546,1.4819693575018016,1.4286640618316262,1.2575925570540674,1.0805324473571223,0.04985681517443951,1.0,1.0,0.5,0.8,0.2,74,14199.007979697251,5958.761703516523
1,35,1.0783129041568162,1.4670628687808998,1.4109700267206888,1.2737372267590354,1.0831440354112383,0.05259758585790013,1.0,1.0,0.5,0.8,0.2,76,13608.983603749535,10557.362024724212
1,36,1.077771398852632,1.4718090008972566,1.4273778285962637,1.2848884107684317,1.0549569886972785,0.05531690885933398,1.0,1.0,0.5,0.8,0.2,78,15295.48919162837,10769.357200950337
1,37,1.0765628662663624,1.4683054049309725,1.4233588428410309,1.2941314519745015,1.0376749658311062,0.05432870342182962,1.0,1.0,0.5,0.8,0.2,80,14951.993003528318,10700.82117029474
1,38,1.0753776644452553,1.4683327281654965,1.4341602495141956,1.3048381967800105,1.0748695856008372,0.05797600404662551,1.0,1.0,0.5,0.8,0.2,82,16003.337898775764,10502.06654939472
1,39,1.0727549205012088,1.4602487410527842,1.424885243489763,1.3173253648351302,1.0397607356711627,0.05571669957406722,1.0,1.0,0.5,0.8,0.2,86,15231.715914005686,10844.247982604322
1,40,1.0778885016646864,1.498637256719039,1.502197307164398,1.437411935218363,1.033228798002764,0.0661805909372731,1.0,1.0,0.5,0.8,0.2,109,8794.23912938791,6105.388259922191
1,41,1.071754763612191,1.483393392683122,1.4955855103598716,1.4378269652815034,1.1212935420335954,0.06430040164345995,1.0,1.0,0.5,0.8,0.2,111,7629.1723900761235,4026.613259309728
1,42,1.0673323096180927,1.458553188394714,1.466472435262889,1.4502953928800906,1.1193282935871498,0.06452051292783784,1.0,1.0,0.5,0.8,0.2,113,8002.092321554922,5975.318973310629
1,43,1.0639052596262129,1.4388338321056167,1.44341312225689,1.4520833874353791,1.1001477368964887,0.06408639203656533,1.0,1.0,0.5,0.8,0.2,115,7821.334746314828,5828.936375085071
1,44,1.067153059223056,1.4387341843969284,1.4426337763822283,1.4740530970758676,1.0498130123856544,0.07182533387814435,1.0,1.0,0.5,0.8,0.2,117,7785.010282005525,5780.627814053751
1,45,1.0627435914030645,1.4229276982980943,1.4137880633401732,1.4622680253950404,1.0330420502210411,0.0630730899135597,1.0,1.0,0.5,0.8,0.2,118,7717.383181209467,6380.580817986641
1,46,1.0665787226949153,1.4465904014161781,1.462929615053896,1.4811753542724537,1.0571280073971998,0.07167941566676861,1.0,1.0,0.5,0.8,0.2,119,7759.938739131021,5795.820228316348
1,47,1.0652541302741512,1.4409129062467205,1.456374307716522,1.483873536844435,1.0531911477913272,0.07057650009246734,1.0,1.0,0.5,0.8,0.2,121,7632.205486952586,5949.759447132623
1,48,1.0606552160166483,1.398575899814634,1.3849717477872823,1.4724111695658297,1.0957644545663217,0.06650794194549045,1.0,1.0,0.5,0.8,0.2,123,7984.945537069683,4988.933585259872
1,49,1.0578585990526406,1.3843350641704693,1.379273462672588,1.4819335628183008,1.2156380196620997,0.06767943010790248,1.0,1.0,0.5,0.8,0.2,124,7757.031193723972,4877.755047992804
1,50,1.0572928299754947,1.3768898710318425,1.3704889511943643,1.5000466950941522,1.0478641703729408,0.06843061272326284,1.0,1.0,0.5,0.8,0.2,128,7674.260760413978,4803.362045408829
1,51,1.0568429466868072,1.3733183647211833,1.3663115909460395,1.5070723780289608,1.0465448874438512,0.06836212322771083,1.0,1.0,0.5,0.8,0.2,130,7676.614758570559,4894.02812137863
1,52,1.0554920020401255,1.353342354933971,1.331900118524877,1.5053649608359594,1.0923295708022394,0.06757676996377623,1.0,1.0,0.5,0.8,0.2,131,7554.579755984851,5012.347098535693
1,53,1.0532224376049661,1.3519467884975567,1.3415187468238532,1.5149167112427597,1.1137754036082683,0.06557378478572251,1.0,1.0,0.5,0.8,0.2,132,7246.870320325116,4989.657187308454
1,54,1.0533361750729906,1.369364240013916,1.3839598688772492,1.5688367762741493,1.0385094840586342,0.06700763818009595,1.0,1.0,0.5,0.8,0.2,140,7171.091917643597,5046.858925735816
1,55,1.051436355174101,1.3364334048887059,1.345148808516741,1.5746192120084033,1.1546984916874594,0.06981466081407822,1.0,1.0,0.5,0.8,0.2,142,7368.542247943496,5114.297166473772
1,56,1.0481806040153578,1.3309545361995456,1.3392522204953474,1.5789037587794879,1.040387591147382,0.06373557476289321,1.0,1.0,0.5,0.8,0.2,144,7183.940876443232,5121.394111190539
1,57,1.0457686503923647,1.3128013018802558,1.3072472890305395,1.5758552146535088,1.064607165918316,0.059778380357397506,1.0,1.0,0.5,0.8,0.2,145,7074.605981784121,5348.290620038972
1,58,1.0469056383561137,1.3318079729190127,1.3514053464195508,1.6122257022876452,1.0487767896482925,0.0628984920850703,1.0,1.0,0.5,0.8,0.2,147,7091.73830598036,4486.718238857771
1,59,1.0473963972028715,1.3143964241852089,1.3197424505614768,1.5893228402570634,1.0835724990154996,0.06509234962337605,1.0,1.0,0.5,0.8,0.2,148,7247.753862140467,4587.507250188146
1,60,1.0460356659886187,1.3129005200230341,1.318221348386022,1.6068333574221965,1.032243854857054,0.06239528460180134,1.0,1.0,0.5,0.8,0.2,149,7046.621428978373,4463.946306758511
1,61,1.0460356660136843,1.3241048686780743,1.3424261139017246,1.6302949908799043,1.0311983860881684,0.06239528459094292,1.0,1.0,0.5,0.8,0.2,151,7046.6214272483685,4463.946310591512
1,62,1.0459813905845712,1.3115099629675802,1.3165816305976945,1.6302217359040816,1.0363261155907666,0.06252262354588475,1.0,1.0,0.5,0.8,0.2,153,7013.100858046007,4577.646807804758
1,63,1.0504516977761795,1.338197105677627,1.3692341328768485,1.6315141186164712,1.0360390587862625,0.07149701034810027,1.0,1.0,0.5,0.8,0.2,158,7273.6438554753795,5096.966572995997
1,64,1.046199153070511,1.3656387805757688,1.4353198234328017,1.686153670047393,1.035319274895908,0.0633292284215678,1.0,1.0,0.5,0.8,0.2,162,7100.963396002274,4761.276312501997
1,65,1.0445766639175043,1.3207830000946261,1.3606015743445126,1.6719558698803323,1.189482149896206,0.06353044549611919,1.0,1.0,0.5,0.8,0.2,163,7590.362047498338,5064.942779711408
1,66,1.0492611335535837,1.3186819566588406,1.3572496265278533,1.6803236851630685,1.0877042660075433,0.07393627437993688,1.0,1.0,0.5,0.8,0.2,164,7203.502157687723,12532.060298691727
1,67,1.0395395099155231,1.305813847228919,1.3547435844957814,1.6825282688782026,1.137017100784588,0.056604684733787644,1.0,1.0,0.5,0.8,0.2,165,7494.16673011415,5050.91683520646
1,68,1.0375924828248102,1.2470151068609538,1.2746391713373797,1.6782385143336975,1.198012022434453,0.05840662177725566,1.0,1.0,0.5,0.8,0.2,167,7345.127736500493,5182.024878802625
1,69,1.0375607722927997,1.2576159498028645,1.2981371230076377,1.6982617846144403,1.0313015628978104,0.05840662177725566,1.0,1.0,0.5,0.8,0.2,169,7353.495522995616,5132.485865631728
1,70,1.0379380293126725,1.2546493038287196,1.2945662573440682,1.6055037447273814,1.0379781700988744,0.059529730686696036,1.0,1.0,0.5,0.8,0.2,172,7264.301896217085,5222.239452338032
1,71,1.0379814580437783,1.2289284970182754,1.2751985569473057,1.7306460106737318,1.065543008819864,0.06331077092664164,1.0,1.0,0.5,0.8,0.2,180,7199.769859332659,4715.554768224953
1,72,1.0381658799546938,1.219761764419776,1.264359236941448,1.7419009029198114,1.0458997412651345,0.0645127687429058,1.0,1.0,0.5,0.8,0.2,185,7331.818470948148,5279.939057356641
1,73,1.038734916644376,1.2415307859177862,1.3119131953334435,1.7795730931252185,1.0358251035881276,0.0657561735794989,1.0,1.0,0.5,0.8,0.2,188,7319.36226005884,4791.621246208718
1,74,1.03869806075556,1.2518412451591387,1.3350709944783643,1.8001057213598823,1.039091837142246,0.06575617357949884,1.0,1.0,0.5,0.8,0.2,189,7322.175100045131,4779.686534309889
1,75,1.0377266932667875,1.226848050634779,1.2837887703068425,1.769510883363658,1.0358912467904762,0.06395193725961305,1.0,1.0,0.5,0.8,0.2,192,7393.492532911425,5193.092420886734
1,76,1.037213289129936,1.2811045310105207,1.4028243727344554,1.834801498870226,1.0330344865499104,0.0630318728275549,1.0,1.0,0.5,0.8,0.2,198,7226.576534675088,4578.492355489445
2,0,0.6561914119546178,0.9059938119293248,0.8409208212321314,0.004125318391028411,0.0,0.0,0.0,0.0,0.5,0.8,0.2,1,5838.701153768161,7738.23237532027
2,1,0.6865711390409945,0.9459911808741844,0.8800561780783374,0.05208861862742727,0.06260790954555398,0.08987579566720164,7.440955467995e-05,0.00016658966063781,0.5,0.8,0.2,3,5679.354008972681,7642.945016623757
2,2,0.7130519119110479,0.9867573747967548,0.9194848552383104,0.10226572273828347,0.14816295453491635,0.10800611807934957,0.022430491372228557,0.10829834911869689,0.5,0.8,0.2,4,5822.3512821982295,7059.985935587387
2,3,0.5372654108197091,0.9305337562606983,0.8623146428680455,0.11136450638249148,0.6764087028524298,0.11081320709110401,0.04184456055100686,0.09368247359772808,0.5,0.8,0.2,5,3265.6686866489363,5723.367621327269
2,4,0.4484803634586939,0.8874200004020556,0.8074321588243958,0.13528887632256334,0.37323067432208956,0.09269950465145495,0.06982152941436194,0.15508742208952878,0.5,0.8,0.2,7,3422.9398909841925,4470.444789811565
2,5,0.45878243587749523,0.899815084210521,0.8189435459943685,0.15236944808388136,0.18681349041114054,0.092769407207143,0.0839029857381175,0.1863651207998679,0.5,0.8,0.2,8,3308.572999901912,4317.147880922094
2,6,0.43774231363807875,0.8853428521625915,0.8011572179795453,0.16061036502409756,0.2916538334452719,0.0798262452495069,0.09860879068103881,0.18429787981164142,0.5,0.8,0.2,9,3711.3224161299695,5367.1042281542495
2,7,0.4193070021627233,0.8724627817597628,0.7832576144206669,0.17984290821770765,0.27400260839692936,0.08140792003490817,0.1124634629000862,0.20707310786791014,0.5,0.8,0.2,11,2222.7458937491347,3841.525569583164
2,8,0.40792055879684525,0.8735141887883717,0.7947632907750164,0.2005929431281335,0.2287649593236093,0.08356045644473827,0.12136579184594738,0.18966349269446764,0.5,0.8,0.2,13,3977.2989680676897,5390.264802338143
2,9,0.4037740657557093,0.891822145769875,0.8389129467052363,0.1967051249851824,0.18016045809931586,0.08325758661285053,0.11780200074390837,0.18882322717309408,0.5,0.8,0.2,14,3951.22130659503,5383.738381026376
2,10,0.39105282797149327,0.8566298931732854,0.7743203010933175,0.20917446834079007,0.31923636841986464,0.07944906618529561,0.12378457229537196,0.2097423826980624,0.5,0.8,0.2,15,2412.391741205386,3719.8436869287216
2,11,0.3669658381718153,0.843463271983525,0.7732707901847454,0.19630705602476944,0.1795386041138819,0.08368912747922702,0.10659891401518524,0.17182432644544615,0.5,0.8,0.2,17,2404.84210360047,3605.822586671703
2,12,0.3936221784177275,0.8583763645951009,0.7740637390759758,0.22947151463207474,0.21694368728790694,0.08199535994495186,0.13903499668220604,0.2095917990031894,0.5,0.8,0.2,19,2507.9352284913634,3524.590880666465
2,13,0.3900738405715593,0.8543434292233824,0.7692314242805364,0.23496184948878435,0.21107752455846457,0.08261733854372025,0.13930369721726027,0.21013406772367701,0.5,0.8,0.2,21,2471.6344169475096,3488.071957367991
2,14,0.4145573446489472,0.8778669540308216,0.7914518988690086,0.2698768669611659,0.2791692205797389,0.08237214244063953,0.15002077831720353,0.32354115295898656,0.5,0.8,0.2,22,2476.5015324475303,3379.5327743978405
2,15,0.7710770813171688,1.2446973697360282,1.1696975467416224,0.6468248201441174,0.6604615283112181,0.1320589724752152,0.4059552787674793,1.0,0.5,0.8,0.2,23,3163.516237224464,2497.270088632175
2,16,0.5057414245024916,0.9721915611600889,0.8922553316186659,0.4051588679418482,0.5433863624470705,0.08826810372169766,0.2133817098728353,0.6613640152590818,0.5,0.8,0.2,24,2841.904738382148,2637.568694535067
2,17,0.4776834219294197,0.9543108613057594,0.886648907912375,0.3972204791618432,0.33010447120186026,0.07088899543081147,0.2330757333005863,0.5018143581274265,0.5,0.8,0.2,28,2713.028640665136,2485.992274421532
2,18,1.1921695482857693,1.6677098370402896,1.5995241968391192,1.1174765387626906,1.043607649454117,0.07744859021080816,1.0,1.0,0.5,0.8,0.2,32,4030.9493324238647,33556.47141927933
2,19,1.1895650656543855,1.663849633890379,1.594961858566109,1.12535593486906,1.053283980638153,0.07792902309167173,1.0,1.0,0.5,0.8,0.2,34,3973.5001121817086,33517.26489323686
2,20,1.1582911746948439,1.620993381471185,1.5388991803568484,1.0934760914117094,1.0169153330469705,0.08619253934124506,0.9567736305862423,1.0,0.5,0.8,0.2,35,4223.553397680983,34281.40490846838
2,21,1.1671896619258446,1.6415271590332725,1.5802865962544776,1.118173910932617,1.2472128574669776,0.07339309762582356,1.0,1.0,0.5,0.8,0.2,36,4675.282416450754,34915.3529570833
2,22,0.5659465911147771,1.0618205861079337,1.0262337724875916,0.5369140509645335,0.45018317988345496,0.06746812598937284,0.43585113293807654,0.27097488726382823,0.5,0.8,0.2,37,2685.5275428844543,73938.55654988304
2,23,1.161901358478901,1.6321126267148458,1.5691701402203353,1.132672046173601,1.0930733622023296,0.07443937401030509,1.0,1.0,0.5,0.8,0.2,38,4577.232328521272,35064.89364758703
2,24,0.5285893923631719,1.010276067018315,0.9784981137486325,0.5325928770269578,0.7465392775589197,0.05691542163697971,0.4194149162655371,0.3177163372115793,0.5,0.8,0.2,39,2594.7879216299057,72572.1165400867
2,25,0.5251732934698,1.008268040113633,0.9864495740601178,0.5624111869264367,0.473417595084218,0.06410946614361326,0.41797892734947534,0.3281995948006084,0.5,0.8,0.2,42,2488.113016332871,71590.6655486162
2,26,0.5286574127290856,1.0193474283914128,1.0094548266315906,0.5834301710762475,0.460140444493343,0.06410379348965356,0.42565930150390996,0.328241227029731,0.5,0.8,0.2,44,2487.602592966964,71614.78090974892
2,27,0.5284262091343256,1.0174263946901372,1.0070380928927132,0.5930278746314146,0.4493090446868726,0.0658660730664199,0.4257355377134543,0.32839843927713475,0.5,0.8,0.2,46,2480.6247901608804,71594.91460552523
2,28,1.1176603709128423,1.5836432331814543,1.547075554212783,1.1580529708484493,1.0325324232184603,0.05773641577870061,1.0,1.0,0.5,0.8,0.2,48,2849.525556613854,73658.33500605848
2,29,1.1174632888885294,1.5742533044542235,1.5450226271059952,1.1731112022790091,1.157012768146898,0.08268866846146775,1.0,1.0,0.5,0.8,0.2,50,9096.307823044408,73754.23964648621
2,30,1.1161778225382455,1.554137154995057,1.509914237082368,1.1779740858360046,1.1248778911028794,0.0881255107827065,1.0,1.0,0.5,0.8,0.2,51,8874.280145222074,69589.23079450181
2,31,1.1032253690430727,1.5434931757956305,1.5100056745030666,1.1868724500116437,1.0816262835734687,0.07088121166298945,1.0,1.0,0.5,0.8,0.2,53,3344.211042149912,68579.50942928165
2,32,1.102773890901934,1.5541860530037124,1.5336839329521932,1.2080890304677918,1.035171629800631,0.07003436249479085,1.0,1.0,0.5,0.8,0.2,57,3292.935022500229,68550.63127579037
2,33,1.0988425631300045,1.5498298234062695,1.5394581773869314,1.205161963320882,1.0654803080741913,0.07243324711309519,1.0,1.0,0.5,0.8,0.2,61,3394.26992006475,66401.96876135639
2,34,1.1007650907190933,1.5618991077795015,1.5642675599180607,1.238925894912262,1.0413547955472158,0.07720424027281844,1.0,1.0,0.5,0.8,0.2,65,3701.081801660081,73355.38597299662
2,35,1.0998816952110406,1.5700183966905634,1.5848589265682864,1.258543610896072,1.0598207366004022,0.07720424014589602,1.0,1.0,0.5,0.8,0.2,66,3701.42957399811,73129.19939039978
2,36,1.0998697320926116,1.558233633344283,1.5599372676400864,1.255216048014973,1.044355339706194,0.07763748650227417,1.0,1.0,0.5,0.8,0.2,67,3506.7603616884016,73137.97690208197
2,37,1.0990280234435583,1.556354279226525,1.557808611343429,1.2650661200992734,1.0485714303400913,0.07678996675843446,1.0,1.0,0.5,0.8,0.2,68,3674.472907995848,73140.01507713055
2,38,1.096972259962509,1.5623572391546683,1.576058483653046,1.2630892218716145,1.0685444929673344,0.07518777296758442,1.0,1.0,0.5,0.8,0.2,69,3554.980852301948,73064.86697364012
2,39,1.0968090950802967,1.5491669784078277,1.549437252944051,1.2819318914533766,1.0438908386774461,0.07624333949170745,1.0,1.0,0.5,0.8,0.2,72,4112.44290661466,74179.25608750251
2,40,1.2759482387713057,1.7101891510273302,1.7166498819131684,1.50377165898274,1.3717305006733422,0.45540941550988867,1.0,1.0,0.5,0.8,0.2,74,5212.475070874376,75893.58212431768
2,41,1.089109657295763,1.5184898081152294,1.5239458910328711,1.3281296825946771,1.0469958117674356,0.08374335955588665,1.0,1.0,0.5,0.8,0.2,80,2439.830679658377,75489.43024457147
2,42,1.077139512996013,1.4943438957196513,1.5290049233328264,1.3518688711789726,1.4407466879854587,0.08263337249093297,1.0,1.0,0.5,0.8,0.2,81,6681637.407857104,74893.45208641599
2,43,1.0798740661009307,1.483634662752398,1.5048287887583232,1.3594699617739587,1.0639519167272038,0.08907020024615815,1.0,1.0,0.5,0.8,0.2,82,950661.1128519996,75152.64498545209
2,44,1.0755393840514644,1.487144118233823,1.5206462760652562,1.3619762062825307,1.0687486664877803,0.08176978402385375,1.0,1.0,0.5,0.8,0.2,83,6680877.475840451,74746.83405837962
2,45,1.076570509610977,1.4726654871596525,1.4922778883622791,1.3613146121717432,1.0796386383594798,0.08560391106275891,1.0,1.0,0.5,0.8,0.2,84,2681.695823903238,75105.95861204722
2,46,1.072185883726056,1.467375369005908,1.4868044847643416,1.3665410352696779,1.0455088042169793,0.07716415396103565,1.0,1.0,0.5,0.8,0.2,85,9676251.350520618,75125.36271415232
2,47,1.0749703171180198,1.4451076388024466,1.4487148165384864,1.375532081254639,1.1591354454578828,0.08798709346042459,1.0,1.0,0.5,0.8,0.2,86,950056.7976171154,74666.09980230831
2,48,1.074099676831624,1.4412937043665455,1.4443057359140021,1.382202942668851,1.05584412851162,0.08730962727482103,1.0,1.0,0.5,0.8,0.2,88,949804.4181689952,74526.30189070952
2,49,1.069159237801207,1.4507842560190858,1.478193894941881,1.3906819734986253,1.0727543383320692,0.08019910969262015,1.0,1.0,0.5,0.8,0.2,90,2699.4078550967006,74879.80795714425
2,50,1.069976446634582,1.4061742704619988,1.3922284090840067,1.3728598045345415,1.0620214563620027,0.08569534343359007,1.0,1.0,0.5,0.8,0.2,95,2513.367836625521,75113.4723738186
2,51,1.0740775386102845,1.4448482708944923,1.480880775952187,1.4304818554224454,1.089860611125558,0.09704409568884134,1.0,1.0,0.5,0.8,0.2,97,5609.320492903253,77463.21046028374
2,52,1.0667450093742064,1.3863145110904493,1.3690924145633088,1.3846549578827292,1.0675898181780048,0.08423569374000756,1.0,1.0,0.5,0.8,0.2,99,2614.774086191652,74712.69217940285
2,53,1.0658304882756588,1.3848642863758107,1.3783539909382891,1.3984564652114533,1.0739360793481272,0.08565620848377595,1.0,1.0,0.5,0.8,0.2,102,2382.768261466481,74874.91915818918
2,54,1.0642653153848105,1.3765517795405473,1.36873428537464,1.4079737096940166,1.0688072494174212,0.08429698309130476,1.0,1.0,0.5,0.8,0.2,104,2398.275584458532,74528.18212124801
2,55,1.0641674458980985,1.3752804931851141,1.3672361735305423,1.4115421732470932,1.0514795692444043,0.08440333887997012,1.0,1.0,0.5,0.8,0.2,105,2438.267900826192,80794.21457298148
2,56,1.0639785651856923,1.3710836930605654,1.3622662688560159,1.4187058775755477,1.0740165560775081,0.08503804740867524,1.0,1.0,0.5,0.8,0.2,106,2372.464547872782,74356.2972457294
2,57,1.063061781709636,1.3776790352672441,1.381151233423152,1.4361384906230465,1.0517548629094842,0.08412140097994113,1.0,1.0,0.5,0.8,0.2,109,2968.076084815394,74585.50985456108
2,58,1.0526894046503106,1.4136933235518396,1.4911875874348524,1.496428719031716,1.1152203359094197,0.0681909851643322,1.0,1.0,0.5,0.8,0.2,111,4843.193891814075,75563.95482756609
2,59,1.0523389206593783,1.408319145117177,1.4848608208255616,1.5072932972892106,1.053717645227386,0.06857072665789023,1.0,1.0,0.5,0.8,0.2,113,4865.931158309728,75239.47402128117
2,60,1.0521790621890281,1.4070219786485663,1.4833482613339048,1.514790361857398,1.0386376386825007,0.0684916277522367,1.0,1.0,0.5,0.8,0.2,115,4916.585579188118,75237.69238983572
2,61,1.0609553753888954,1.3978495412405019,1.459900559074587,1.5006249820585746,1.0957041443013866,0.08744067090634529,1.0,1.0,0.5,0.8,0.2,116,5057.915012398112,75787.74298328624
2,62,1.0580488752426471,1.3653212735112472,1.400012835956047,1.4756636730107988,1.0969644499890523,0.08306603707212976,1.0,1.0,0.5,0.8,0.2,117,2964.970808526802,75260.6515654718
2,63,1.0598580663063442,1.395058601454248,1.467684356568167,1.5105941486096361,1.0873853147178694,0.08777896017866735,1.0,1.0,0.5,0.8,0.2,118,4971.4795044300645,75466.68633406424
2,64,1.0565105869220628,1.3642472402737527,1.4099252713291095,1.4853406698121117,1.079642317880298,0.08202992560946495,1.0,1.0,0.5,0.8,0.2,119,2535.717940033686,74631.80297629799
2,65,1.058587631808205,1.3386157030678487,1.3682169200441379,1.4907128284315845,1.1700035311479484,0.0891014062169059,1.0,1.0,0.5,0.8,0.2,120,2960.972868992433,74789.27918339072
2,66,1.055196442438515,1.3408421205275718,1.3824071041664245,1.5020086066380687,1.0557650477623246,0.08325327044099964,1.0,1.0,0.5,0.8,0.2,123,2921.0930000625776,75058.3916193453
2,67,1.0547737105783965,1.350476321092945,1.404829441769495,1.5744149135865122,1.042075775439948,0.08259401532381629,1.0,1.0,0.5,0.8,0.2,134,4808.860118395226,74418.82903341699
2,68,1.055024365537542,1.3467546546289393,1.400372272745923,1.57842084521516,1.0719061150182279,0.0837385858673733,1.0,1.0,0.5,0.8,0.2,135,4808.82696008037,74417.38900435601
2,69,1.056182930526885,1.3511871222274145,1.4163408841084,1.5910534894028125,1.103266761525901,0.08729643196644912,1.0,1.0,0.5,0.8,0.2,136,4859.9261495022565,74317.78085059187
2,70,1.0563157160589622,1.3616732493920827,1.439670809440317,1.59507012654006,1.0502485730019775,0.08769238962400001,1.0,1.0,0.5,0.8,0.2,137,4892.818809504688,74324.21658328906
2,71,1.0537300874248183,1.3468120197266564,1.4116105137712067,1.5682337588826185,1.049942869772976,0.08269520055642912,1.0,1.0,0.5,0.8,0.2,138,4899.507087976309,75262.6170854931
2,72,1.0529504305942838,1.3502933462987459,1.4268153939961938,1.5710205603858836,1.092810916058711,0.08216446683249924,1.0,1.0,0.5,0.8,0.2,139,4866.736872625312,75391.30036775631
2,73,1.0518939657343267,1.3222224856465208,1.382845976186738,1.573258364125975,1.1591879759176027,0.08227631708942333,1.0,1.0,0.5,0.8,0.2,140,4424.52551157184,74681.05185426943
2,74,1.051944266230758,1.3414098391270557,1.4274364132582782,1.5931688371181643,1.0535953375677165,0.08281583154627345,1.0,1.0,0.5,0.8,0.2,142,4361.071410090803,74810.32237773904
2,75,1.05075992644926,1.330379318488369,1.414610265777445,1.5992596989385595,1.0774819470330548,0.08172498982328011,1.0,1.0,0.5,0.8,0.2,144,4299.472567426103,74551.85827211376
2,76,1.052362864165481,1.3864584098368482,1.5463751853725392,1.7500781274103514,1.053748058616567,0.08649403143453543,1.0,1.0,0.5,0.8,0.2,153,87668.50809929523,74483.38474204946
2,77,1.0518004781537396,1.3783943294818637,1.536951565421566,1.757066189646307,1.0708470828370187,0.08624337103123446,1.0,1.0,0.5,0.8,0.2,155,87553.6134098535,74257.50187585162
2,78,1.0478072147292006,1.3610506670379037,1.5062187750138571,1.7346222970071992,1.0552564439052001,0.07850351678331675,1.0,1.0,0.5,0.8,0.2,156,5713.832377413076,86091.90680029233
2,79,1.0498165848965137,1.3616587337452704,1.517550372018887,1.7400068741863397,1.088303158217584,0.0839021328889337,1.0,1.0,0.5,0.8,0.2,158,5507.253432457396,78137.2680493107
2,80,1.0466265187768409,1.2979363046898456,1.4099866410320572,1.7355327816797523,1.138797252271448,0.08020124987193272,1.0,1.0,0.5,0.8,0.2,160,4301.421858717869,85719.85042942077
2,81,1.0467084337160542,1.3062507881399978,1.4307694474070074,1.7516328531013572,1.05117146266492,0.08063950896517318,1.0,1.0,0.5,0.8,0.2,162,4313.521618375065,78157.9831265019
2,82,1.0461180952778146,1.313302347874401,1.4501836852158145,1.771103864381373,1.0463928355492074,0.07978286713502376,1.0,1.0,0.5,0.8,0.2,166,4386.398301477983,78026.41992714076
2,83,1.0481514866016177,1.380311870540363,1.605792205571352,1.833655123908806,1.0670290460482323,0.0850240500141063,1.0,1.0,0.5,0.8,0.2,170,7663.065375645594,76415.4268733229
2,84,1.0494702988817532,1.3571756794721759,1.567293353101342,1.8260349128625928,1.1407821173188508,0.08874656030454742,1.0,1.0,0.5,0.8,0.2,171,7177.41031571683,85531.16282224187
2,85,1.0422707073309758,1.308104576431806,1.5107936415761103,1.836714389634482,1.3422998763937473,0.07735838674900565,1.0,1.0,0.5,0.8,0.2,172,23742.30133654205,88029.83868927864
2,86,1.0424032882302317,1.272180984733046,1.4464590103832649,1.8402454116806672,1.1368388586944467,0.07847384797167212,1.0,1.0,0.5,0.8,0.2,173,24545.09939767473,88196.63904454604
2,87,1.0439064966352785,1.29291745956213,1.4926362562761617,1.8415394706598576,1.0522351822756368,0.08167137078417858,1.0,1.0,0.5,0.8,0.2,175,23564.705222598488,86814.54918698111
2,88,1.0416924328950976,1.253067980573821,1.4241028261005413,1.8465860633786113,1.148527268122844,0.07812303791895456,1.0,1.0,0.5,0.8,0.2,176,23623.16459507788,87987.01748783805
2,89,1.0416577298819092,1.25737453055754,1.4402023786610705,1.866718504952323,1.0638109322600475,0.07842930053417567,1.0,1.0,0.5,0.8,0.2,178,24577.35861494053,88112.49141598037
2,90,1.0414400993736068,1.2432363780626603,1.4125860732724573,1.8663246455030726,1.058543695548283,0.07813959019501344,1.0,1.0,0.5,0.8,0.2,179,24549.481663603925,88145.43097679442
2,91,1.0436642914674972,1.2669586976596108,1.4621492358699033,1.8808794256342887,1.0446152786584373,0.08263684765060422,1.0,1.0,0.5,0.8,0.2,181,23377.72562407559,87061.42957441324
2,92,1.0405565642267633,1.2502670071745485,1.4320388120710588,1.885926899222954,1.0553500800496192,0.07654697006109488,1.0,1.0,0.5,0.8,0.2,182,24419.5362179787,87789.57680215336
2,93,1.040784359860687,1.2441172903319853,1.4247687471832107,1.8857429185294146,1.084342639694442,0.07733181389798757,1.0,1.0,0.5,0.8,0.2,183,24583.964621701285,87868.41856461414
2,94,1.0430935440954772,1.2798722994335838,1.4994959228074667,1.8962436631093464,1.0413637147312411,0.08195835358312459,1.0,1.0,0.5,0.8,0.2,186,7344.8965911845635,89415.42609056638
2,95,1.041184355275342,1.2852322602497979,1.5282006308060845,1.9003070045633985,1.0484691534676462,0.07888295512030821,1.0,1.0,0.5,0.8,0.2,198,7120.288914890235,80994.04581608498
3,0,0.8893577374420154,0.9738199903148445,0.9203627086272101,0.010360729544651427,0.0,0.0,0.0,0.0,0.5,0.8,0.2,1,2476.329664230657,8284.225276350258
3,1,0.8866794870392926,0.9879321249781121,0.9334946806513831,0.033065510199273784,0.03982178499273288,0.03945945654403858,0.00011592375110809001,6.442396946943e-05,0.5,0.8,0.2,3,2402.9189792846782,8069.217531638076
3,2,0.846051463257172,0.977631143368647,0.9213329511463948,0.03494867175290849,0.09629065310911267,0.016395304085963,0.015089625713914251,0.00065428106980675,0.5,0.8,0.2,4,2451.6920959042045,8220.79690507463
3,3,0.6272010258985086,0.9629877502560443,0.9032580979834046,0.09882440167454941,0.7611456948324347,0.04826697799299396,0.07283991919410687,0.04048037339596096,0.5,0.8,0.2,5,1667.5946985626713,5060.923192823444
3,4,0.54362171044304,0.9479792547031577,0.8776011705253285,0.1480077831518884,0.3545579280119111,0.05131948196576874,0.11898449245124501,0.08411670565322824,0.5,0.8,0.2,7,1579.145554223645,2960.6955991132586
3,5,0.458344434543442,0.9048567933531416,0.8212298939740068,0.18051674547815685,0.442064434335388,0.04539132189242688,0.15672233482162964,0.11918640224247654,0.5,0.8,0.2,9,2066.5858980363205,5497.135804918017
3,6,0.48032944750564827,0.9288240714319123,0.8441254323074285,0.21961406329888344,0.21718228386436306,0.044260472248677366,0.19003260229763944,0.13990053286653278,0.5,0.8,0.2,12,2023.990361402436,4557.827077960729
3,7,0.7933520765842463,1.2431483320242651,1.1573421250402702,0.5460009844928901,0.5667078138009374,0.04748334750579869,0.4252939267378236,0.7947556308335879,0.5,0.8,0.2,13,1990.6139585552971,67056.10707435153
3,8,0.4747532056699785,0.9248378413093673,0.8388766323937903,0.2294265848093804,0.20894030083296794,0.04422969924174576,0.1939298642872836,0.14131898578661778,0.5,0.8,0.2,15,2028.9361429187984,5267.271714492339
3,9,0.6361963057323337,1.1104589359770067,1.0488279061840808,0.4124643565875272,0.41229131252072015,0.04586401598252714,0.39707972569310324,0.18948139349227938,0.5,0.8,0.2,17,2286.5281196982523,7675.806478987511
3,10,0.6301175607627499,1.0948251510813687,1.018091002107382,0.4219052637227738,0.4721149803918727,0.046940166272249936,0.40430881345755665,0.19711581368242873,0.5,0.8,0.2,18,2246.051334429314,15603.408010590285
3,11,0.5537398537867861,1.0297846935983657,0.9658152575250456,0.3510463514436482,0.32105785670636205,0.0433128966171592,0.32113986985904147,0.164518774054692,0.5,0.8,0.2,19,2122.097385900641,14929.78865965272
3,12,0.5558881613283227,1.0320749864020229,0.9678433903158296,0.3630962711474145,0.32063989527845727,0.04349299968904289,0.3250285027747015,0.16762039732792833,0.5,0.8,0.2,21,2129.641470316505,14822.6461384105
3,13,0.5502385511843831,1.0265383400980785,0.9620813318592188,0.36314059091153755,0.32026734452687566,0.04227731017401065,0.3212376134678826,0.16472209134558655,0.5,0.8,0.2,22,2119.400204441511,14823.373453791944
3,14,0.5070347710186,0.9727510786124374,0.8942067071831553,0.3312056757465636,0.2900374424164949,0.03218526420367795,0.28903092053216806,0.13759547943076195,0.5,0.8,0.2,25,2428.063246077634,6784.975289129061
3,15,0.5077374466263085,0.9847056548055916,0.9163156955641562,0.3551754952710231,0.3496088434281166,0.0328433852257176,0.3064251682119546,0.15321834206102952,0.5,0.8,0.2,27,2207.786253911245,16525.04519221182
3,16,0.48405828103369525,0.9602617214539758,0.8894226205795887,0.3514277135713529,0.331997799081469,0.03278170259479485,0.2957372875743121,0.14541042901641907,0.5,0.8,0.2,29,2249.529749178163,14603.868505488086
3,17,0.54074638019218,1.016328558617958,0.9443848838848152,0.42404681187676124,0.38962438620101103,0.03301326870901842,0.36593657103937527,0.17661679973106117,0.5,0.8,0.2,30,2494.210245452184,16877.597932133394
3,18,0.672237074021741,1.135703256498541,1.049278142473999,0.5697355899487195,0.5044264592115693,0.026883616201933108,0.5484114167953476,0.1581746316014136,0.5,0.8,0.2,33,2421.162239466227,6269.204461456907
3,19,0.6358710369107606,1.1070502361082801,1.030431823069059,0.5578880960082012,0.5269966416952474,0.0264393741981535,0.5196520905542739,0.16828074913466667,0.5,0.8,0.2,35,2199.964141176953,4719.377414485475
3,20,0.6662981658765507,1.1338068740435265,1.0545474401658972,0.6068796744236793,0.5586247237955719,0.03690565875853976,0.5634204020126015,0.17793352242203614,0.5,0.8,0.2,37,2044.671297985052,15484.553342412975
3,21,0.6256126774952977,1.1017351761986445,1.0338839096264485,0.5813087365967651,0.503279793438766,0.0289833048769028,0.5263584575964183,0.17609569872032355,0.5,0.8,0.2,39,2105.2073883426137,12673.19365748101
3,22,0.641333156094946,1.1156197768850147,1.0467331939845002,0.6091631202375125,0.5118251367777786,0.03252937892186722,0.5446702726925883,0.1936336868448149,0.5,0.8,0.2,41,2021.5681629667656,10973.073542589747
3,23,0.6668774626749236,1.1391797977971867,1.0692357463212958,0.6500932509670411,0.563628828484902,0.031176510193874678,0.5823262685764001,0.19506651162086297,0.5,0.8,0.2,42,2232.679624821994,14753.64330029218
3,24,0.9748757874106757,1.463262557828389,1.4162847884898577,0.9733339639469103,0.8646147473610728,0.31133900036317547,0.6052343307738594,1.0,0.5,0.8,0.2,47,1830.9226575411008,9663.86951539729
3,25,0.9837484108272254,1.469803872964124,1.4218048375550043,0.9885168353553708,0.8939622289613198,0.3283498009609596,0.6102330755796885,1.0,0.5,0.8,0.2,48,1656.3940302225262,7847.258205646275
3,26,0.9836706800612056,1.4808784593468636,1.4458578992492497,0.9972886586725449,0.8528125098553456,0.3283498009609593,0.6102330755796886,1.0,0.5,0.8,0.2,50,1655.6632093648072,7832.352679861297
3,27,0.8856357256715595,1.3625688057989584,1.3108977111461984,0.9291907581544945,0.8038361061552177,0.34212583163169524,0.4943822278441143,1.0,0.5,0.8,0.2,54,2200.613211351103,9831.234576221425
3,28,1.262459318133151,1.7208225442077147,1.6534414254584988,1.3387305324603314,1.2637749909430551,0.30369470838206575,1.0,1.0,0.5,0.8,0.2,55,2024.481268609208,424673110.7253392
3,29,1.2599876747286631,1.713851250345777,1.6449581958287434,1.336986133215184,1.1839867772539758,0.30740970638741694,1.0,1.0,0.5,0.8,0.2,57,1961.481460722239,424621513.0206232
3,30,1.252532205292981,1.6958283925381838,1.6235244654608538,1.3436011721516599,1.2252884568082472,0.311197077845027,1.0,1.0,0.5,0.8,0.2,59,2042.66591470277,424597967.63064766
3,31,1.2486830428252325,1.6890326627045429,1.6158063721702038,1.3478828027124734,1.1926983169640737,0.30837776784203447,1.0,1.0,0.5,0.8,0.2,60,2011.5520550440065,424615968.6254064
3,32,1.2474733881099245,1.68433137285051,1.6100019735588809,1.3585533561315042,1.2037897936599387,0.31185772720049254,1.0,1.0,0.5,0.8,0.2,61,1960.3210034172268,424862060.7240087
3,33,1.2426896691863363,1.6964868586876787,1.6466347214581052,1.3926401817303777,1.212125207797754,0.3091487391626825,1.0,1.0,0.5,0.8,0.2,62,1910.61824368768,425066424.1673599
3,34,1.2396071269378546,1.6862463950335043,1.6343580778405495,1.369828112070324,1.239271374694584,0.3124466210247149,1.0,1.0,0.5,0.8,0.2,63,1889.2647665064585,425128374.0264574
3,35,1.241417965594998,1.6627400580574512,1.5840425282307757,1.3701391237239282,1.1928065295226926,0.31968757248789303,1.0,1.0,0.5,0.8,0.2,64,1860.8786723619207,424851602.8006171
3,36,1.240960443641918,1.6616150850944227,1.5827245233716434,1.367065999365009,1.1683433988551466,0.31969299410835833,1.0,1.0,0.5,0.8,0.2,65,1884.3820772648503,424579520.4649898
3,37,1.2379433337971584,1.6527270212266192,1.5722502617479461,1.3762717927831938,1.2242745122061076,0.3204402178126811,1.0,1.0,0.5,0.8,0.2,66,1829.5586502714648,424837598.57187855
3,38,1.2349712307510876,1.6444448947761208,1.562556579277033,1.37883406557258,1.2177842954208438,0.3203617579511091,1.0,1.0,0.5,0.8,0.2,67,1842.5260841215852,424855216.2396029
3,39,1.2339178919869223,1.6559491432069973,1.5975142697050912,1.3892866323612085,1.268062780953515,0.328305863060717,1.0,1.0,0.5,0.8,0.2,68,4276.132193751399,6558.139248318703
3,40,1.231158829231558,1.645967957596984,1.5857171703806978,1.3994399538728108,1.189443518013943,0.3295496228091247,1.0,1.0,0.5,0.8,0.2,71,4200.428031652251,6638.930342242695
3,41,1.2129939374837126,1.6183837221078006,1.5558206620388386,1.3911248320433143,1.2449973087991928,0.3013860666411387,1.0,1.0,0.5,0.8,0.2,72,4233.600804165255,4405.797286395549
3,42,1.2092618672647415,1.6104277323193292,1.5468464519460008,1.4171385948086497,1.1590629218133843,0.2973643464733502,1.0,1.0,0.5,0.8,0.2,76,4854.954155018302,7485.878046546997
3,43,1.2036164703351608,1.5955595538392586,1.5297905791616742,1.4173113001558517,1.2359190981827972,0.29317696814816613,1.0,1.0,0.5,0.8,0.2,77,4698.216062307592,7580.157797666638
3,44,1.2050137539342032,1.5711177253399728,1.488969720480649,1.4288442132307242,1.290742110384237,0.30615486984415835,1.0,1.0,0.5,0.8,0.2,78,4038.514634392762,18422.244433482407
3,45,1.1949739382097593,1.5618135091503969,1.5008275676430396,1.4329971666576287,1.1892386981360898,0.29924213893996265,1.0,1.0,0.5,0.8,0.2,83,4533.729660251171,19702.908056007967
3,46,1.1844357982458515,1.5304204035271682,1.4543414793496792,1.4275034219199563,1.1839572172810462,0.28330164863707724,1.0,1.0,0.5,0.8,0.2,85,4638.2638238878,22590.0440026166
3,47,1.1931199450968737,1.5472812785442185,1.4835511633625378,1.4540159691283099,1.1643971496469254,0.3022260539253747,1.0,1.0,0.5,0.8,0.2,87,4666.090895862029,20300.961061240632
3,48,1.1889458737436172,1.5177757342785618,1.438039332620206,1.4515970135130505,1.2116608346020503,0.3007261539712195,1.0,1.0,0.5,0.8,0.2,89,4629.453256637964,19977.941918864584
3,49,1.1732616056184617,1.500056615138637,1.4305516866274508,1.4584469208918822,1.2507191036883623,0.27521755085677635,1.0,1.0,0.5,0.8,0.2,90,4680.985106649243,20365.290578306725
3,50,1.1825659434375542,1.4945046302588185,1.4326695324293672,1.4770957211647686,1.2605803781514988,0.30395760991667453,1.0,1.0,0.5,0.8,0.2,92,4612.444370782816,15533.339086652846
3,51,1.1812963621050647,1.4837411477759959,1.419997418467622,1.487065082297161,1.1912804957059302,0.30472035077618437,1.0,1.0,0.5,0.8,0.2,94,4589.55807685291,15443.911244123468
3,52,1.1836946367455758,1.4767641994611025,1.4111480550289695,1.4971161949644156,1.2335095799982398,0.31263319307418336,1.0,1.0,0.5,0.8,0.2,95,4664.62549502296,15718.838052745288
3,53,1.1864662858858386,1.478102225531853,1.4122044263650082,1.5140833377609113,1.162890614905496,0.318599291688189,1.0,1.0,0.5,0.8,0.2,98,4611.558095311942,14991.289932059011
3,54,1.18289893276847,1.493196651485176,1.4525582785808306,1.5182333575151088,1.1864811752191602,0.3126331930741833,1.0,1.0,0.5,0.8,0.2,99,4635.0093419950645,15537.24477160545
3,55,1.1698949154404539,1.4500468344973154,1.370963931721975,1.5014058121675824,1.1547077246070963,0.28705273104758444,1.0,1.0,0.5,0.8,0.2,100,4332.081671239404,17544.299801874666
3,56,1.1694985960689879,1.4391762191061253,1.3689601280430173,1.501589044524102,1.28029804685497,0.29117676376682844,1.0,1.0,0.5,0.8,0.2,101,4278.78127864771,16903.11749491593
3,57,1.1670560837985546,1.4351525527139983,1.364600572973001,1.517104544390352,1.1654457858986016,0.2870527310475845,1.0,1.0,0.5,0.8,0.2,102,4292.173951979631,17294.442344276846
3,58,1.166746102208734,1.428970254428284,1.3573031501938668,1.5061618437303679,1.1814036698707877,0.2877112066023546,1.0,1.0,0.5,0.8,0.2,103,4292.070516237803,16975.223111594805
3,59,1.1718764198686837,1.4067325951988041,1.3081047260746994,1.5079097553206584,1.159327719082642,0.2992610507415981,1.0,1.0,0.5,0.8,0.2,107,1904.590590755856,9799.013346539305
3,60,1.1598087275776785,1.3894415567263958,1.300653041521884,1.5201482932828871,1.2685247625412692,0.27918807190193584,1.0,1.0,0.5,0.8,0.2,108,4307.430186800394,12231.439305024707
3,61,1.1607824775777222,1.353357090407121,1.2466534363347692,1.5041439168931217,1.343828906226171,0.2868220852432141,1.0,1.0,0.5,0.8,0.2,109,2056.2974031606173,10449.884748160292
3,62,1.1593665662783805,1.3464039345773693,1.2386559803564166,1.506132034321011,1.1852564962747938,0.28511069225362073,1.0,1.0,0.5,0.8,0.2,110,1889.1863185841853,7971.760150989711
3,63,1.1573379757082074,1.3397396077733839,1.2311200641486433,1.5074837376963715,1.1764983191465033,0.2819623081972904,1.0,1.0,0.5,0.8,0.2,111,1845.8937034670284,9923.544776986037
3,64,1.1565144768615894,1.3283160200933222,1.2177101748770918,1.5099842934200265,1.2221129797207977,0.2823112939937098,1.0,1.0,0.5,0.8,0.2,112,1888.582197775265,10068.436821594714
3,65,1.156580341595616,1.3273832190932613,1.2165906784903304,1.513435544840321,1.1489102746047668,0.28262515117211096,1.0,1.0,0.5,0.8,0.2,113,1900.255912742081,10024.882615400897
3,66,1.1564148553634246,1.3383249829225845,1.2405149607916277,1.5284348369261,1.1418742243031195,0.2823112939937098,1.0,1.0,0.5,0.8,0.2,114,1884.9520427153036,10025.62012224621
3,67,1.155809150324598,1.322796619080075,1.211291858608583,1.51941424378845,1.169200172563487,0.2817704141038652,1.0,1.0,0.5,0.8,0.2,115,1907.2130976819549,10071.017203934043
3,68,1.1555216255399146,1.3264428039955563,1.237506037253203,1.550701253041604,1.1701698887937362,0.2843383428507911,1.0,1.0,0.5,0.8,0.2,120,5091.212756598155,10844.604811753648
3,69,1.1552557957830643,1.346032059554714,1.2826235520726719,1.573785689695631,1.1614692943623357,0.2842195705569225,1.0,1.0,0.5,0.8,0.2,121,5475.0382965678855,10908.709210365803
3,70,1.1561717595047833,1.3344866204272672,1.2578453087504815,1.5782423146702385,1.152529730399742,0.28625025895500494,1.0,1.0,0.5,0.8,0.2,122,5542.566542073389,10967.908040662474
3,71,1.1533602928827693,1.3330267626461811,1.2785090104860883,1.5838050494861156,1.3000704854004201,0.283796935347571,1.0,1.0,0.5,0.8,0.2,123,6485.359578346075,30489.791414921965
3,72,1.1532358499586814,1.3262939481747624,1.2705630266739079,1.5907972499065235,1.1930805402636349,0.2845005265018159,1.0,1.0,0.5,0.8,0.2,124,6471.518764106872,31348.62857767003
3,73,1.15250791817041,1.3186474547646048,1.261653664912214,1.5934557317815183,1.1921749729925872,0.28395530463739377,1.0,1.0,0.5,0.8,0.2,125,6519.503953566226,31263.860910806798
3,74,1.1506198439673891,1.3094212355731478,1.2510883982408525,1.6029902176513262,1.1679521259783643,0.2811399900624814,1.0,1.0,0.5,0.8,0.2,127,6494.790684749456,31111.67164832568
3,75,1.1511067912647166,1.3061213311613273,1.2470987247679723,1.617125788070689,1.1483633443208543,0.2825967261344088,1.0,1.0,0.5,0.8,0.2,131,6173.481265730336,31525.32442414585
3,76,1.1522629325556204,1.28220079719048,1.196691127176365,1.608701604648547,1.1526609710598146,0.2852466904482145,1.0,1.0,0.5,0.8,0.2,133,6204.425346011896,31716.78711544182
3,77,1.1502342877396097,1.2793862527023434,1.193734530089196,1.6186487684459705,1.145866849621541,0.28127664382120243,1.0,1.0,0.5,0.8,0.2,134,5485.474219775022,30927.76074886076
3,78,1.1504750382724733,1.2676904612402697,1.1689051199380087,1.613973695644142,1.1462759661669255,0.28184714432531005,1.0,1.0,0.5,0.8,0.2,135,5077.316550760034,30164.23765984744
3,79,1.1489877998540352,1.2557006901241399,1.155008779565307,1.6156739884830744,1.2179672009733442,0.28013439863597034,1.0,1.0,0.5,0.8,0.2,136,4236.70283987531,30967.283787639517
3,80,1.1505577855702636,1.2830396752324196,1.2199292970840407,1.653212111763964,1.1613645374335484,0.28417122950895785,1.0,1.0,0.5,0.8,0.2,139,6216.364231630072,31445.26604560951
3,81,1.1493551770485724,1.2925324736737618,1.2423306505697236,1.671420984245638,1.1418336449205564,0.28182212989902805,1.0,1.0,0.5,0.8,0.2,143,6241.072743205893,31543.155591524952
3,82,1.1482658932796357,1.290302371976177,1.239893749610356,1.6776870632087035,1.1486749749163607,0.27977663323726387,1.0,1.0,0.5,0.8,0.2,144,6193.595306186884,31799.81530268407
3,83,1.1479687844036395,1.2810640171589485,1.2290412518181741,1.6769915246785045,1.2055474450499466,0.2801508435857272,1.0,1.0,0.5,0.8,0.2,145,6165.468892671036,31605.88952215412
3,84,1.1490109120263945,1.2804238545721949,1.2280977222561194,1.7243917262094188,1.1422868244464852,0.2824135927780581,1.0,1.0,0.5,0.8,0.2,154,6777.740033249494,34038.238280293226
3,85,1.1490068349638858,1.2915469949560878,1.2522074760379212,1.739034933789865,1.141418766241792,0.28241359277805833,1.0,1.0,0.5,0.8,0.2,156,6777.490426020997,34079.08031525767
3,86,1.148811885857242,1.2844034765574708,1.2438121732454934,1.7475967775883008,1.1917856372317153,0.28274609734212286,1.0,1.0,0.5,0.8,0.2,157,6759.460065075135,31637.77987710398
3,87,1.1488153307606481,1.2846864710940802,1.255131799474619,1.7560528999662104,1.226404514900102,0.2838376321883867,1.0,1.0,0.5,0.8,0.2,158,6802.059900997071,34490.37596136312
3,88,1.1510620513618257,1.2962682582549938,1.279376703300325,1.802892784431539,1.1471587030000843,0.2885335895927351,1.0,1.0,0.5,0.8,0.2,163,6802.152709653429,33728.907357804695
3,89,1.14990898045388,1.2926063638180743,1.2752635030004786,1.8053522167649516,1.1626183866378152,0.28647927756235586,1.0,1.0,0.5,0.8,0.2,164,6925.461707249999,34051.984616527174
3,90,1.149892448751187,1.2911126760905478,1.2735056725039444,1.8089743874484319,1.1534776215005598,0.2865774746876273,1.0,1.0,0.5,0.8,0.2,165,6909.210455295708,34107.17259220297
3,91,1.149397610992109,1.2907048395773404,1.2841097175106382,1.8321276594909166,1.182822655024376,0.2865774746876273,1.0,1.0,0.5,0.8,0.2,167,6907.741281556046,34404.05970312928
3,92,1.1493487817597623,1.2904277524763939,1.283791845405195,1.8320674627691824,1.1436654856730912,0.2865001212928332,1.0,1.0,0.5,0.8,0.2,171,6779.13453303198,33423.26323702989
3,93,1.151109875910974,1.2906574630213068,1.283747159288862,1.8506059800392083,1.1489756387621624,0.29016410645876733,1.0,1.0,0.5,0.8,0.2,174,6732.997726297375,33324.0321590911
3,94,1.1485458961706196,1.2801809464615586,1.2718573410953289,1.8513780496221834,1.2000052800176104,0.28571515961152494,1.0,1.0,0.5,0.8,0.2,175,6824.894903924498,34009.20130659267
3,95,1.1493394984607197,1.2955607960505937,1.3118428354945282,1.86482625180279,1.2008887850079648,0.2879543410911059,1.0,1.0,0.5,0.8,0.2,176,6777.021239890208,26189.64017354471
4,0,0.8021607911716064,0.9507901779016893,0.8933888889545047,0.00824319303519446,0.0,0.0,0.0,0.0,0.5,0.8,0.2,1,3753.92073634071,7410.693878293279
4,1,0.8385533703138542,0.9947982362451104,0.9368907086580179,0.05833543640115104,0.05730076301322211,0.09369478138847172,8.747159149222001e-05,0.00023335821689445002,0.5,0.8,0.2,3,3958.795927546421,6862.047535684059
4,2,1.5844788987498117,1.8660683276664485,1.7988640285110866,0.9813331949865767,1.373351203280136,0.3971463261430096,0.7174334184462141,1.0,0.5,0.8,0.2,4,3659.968685104716,376024.5898549557
4,3,0.6245609463192242,0.9688770910992189,0.9080960876663803,0.11194989760583632,0.34977501222943536,0.04541492374557134,0.09177382814576324,0.03201574149782202,0.5,0.8,0.2,5,1959.498479403781,4287.403531135229
4,4,0.625806658967274,0.9702573826444567,0.909458970776848,0.11824103601529415,0.10471444501781935,0.04541811344422379,0.093475712718907,0.032609452119399966,0.5,0.8,0.2,6,1948.0924863103749,4271.230351113555
4,5,0.550821337514989,0.9679842412409313,0.8951792332930512,0.18095180006853356,0.6685165399195608,0.05442966673582496,0.14713211609714316,0.1346346046782348,0.5,0.8,0.2,7,3947.291066152824,7433.902147918459
4,6,0.5229742797451297,0.9589785642596097,0.8802793982000107,0.2085481753961924,0.3146168306715933,0.0587937070883255,0.1751943341204819,0.13852929451072984,0.5,0.8,0.2,9,2048.005418912624,4903.349108828619
4,7,0.5473496619388534,0.9904197576600279,0.9087682450614332,0.2591176052607212,0.36599861908803494,0.0756797654800475,0.20100913476183302,0.2364596518463172,0.5,0.8,0.2,10,3190.539218605925,9185.377117421192
4,8,0.46571921131998434,0.9269122633669229,0.8544075884210824,0.20938142331176332,0.3525777237207552,0.04938585679095679,0.1735300093323085,0.15106962442396427,0.5,0.8,0.2,11,2764.677099233155,4646.19599991217
4,9,0.5216433405807767,0.9740728363758949,0.8858070388372012,0.2837441754747048,0.37739408854612316,0.08465541605905151,0.21574244822728422,0.26646167269563403,0.5,0.8,0.2,12,3195.395150471015,16834.465079709753
4,10,0.521635573928741,0.9740661687489754,0.8857992961678351,0.2899606460987966,0.26826155372644944,0.08465541605905152,0.2157424482272831,0.2664616726956357,0.5,0.8,0.2,13,3196.7646859563847,16826.15211410814
4,11,0.49197523131242105,0.9462804804766074,0.854780797227499,0.27931656361133544,0.39114696348826133,0.08562853741472844,0.2038846415409036,0.26691618784724697,0.5,0.8,0.2,14,2415.4888598473817,17812.982704310234
4,12,0.47509234163437664,0.9296912593704076,0.8357004751086332,0.28239985128737477,0.30805852258078675,0.08625619847034516,0.20032133976547212,0.2693834144569568,0.5,0.8,0.2,16,2426.921770601072,18110.10299437986
4,13,0.48675877237173293,0.9408307606301356,0.8446178534355665,0.3120082721976227,0.326686582677862,0.07077768057112986,0.23998323924227655,0.27000477269354073,0.5,0.8,0.2,18,3025.51291845904,16575.15249574486
4,14,0.44408505750525995,0.9071819478281941,0.8205332611430773,0.30314087135867984,0.32666555770949113,0.058112684437242566,0.22466189489885777,0.2390192313882656,0.5,0.8,0.2,20,1986.112450380556,23745.6693255165
4,15,0.6656523407553961,1.125520087544064,1.0358160965135461,0.567973358797204,0.5343051590927431,0.0451657412189842,0.3406899506343847,0.988171929478548,0.5,0.8,0.2,23,2039.9315248873595,1069781.469080275
4,16,0.6912901147081743,1.1507725730528418,1.060760636745477,0.597839233391902,0.5261093709762643,0.04445444771936965,0.3719893619985599,1.0,0.5,0.8,0.2,25,2047.002898703468,1134928.7359745137
4,17,0.6808896534940223,1.1402580385669812,1.0501600731484033,0.5937325487150735,0.5132890315576774,0.04472575022978572,0.3593051391417287,1.0,0.5,0.8,0.2,26,2045.98873251691,1109174.4238603646
4,18,0.6884021196325938,1.1470278087906673,1.0563651843644937,0.6035018789303812,0.5429519823784001,0.04438084447368666,0.37210445176115087,1.0,0.5,0.8,0.2,27,1999.9140462537675,1135149.892113844
4,19,0.4349097111148485,0.9025252144254068,0.8233099297454931,0.3560409109721279,0.33689738805714387,0.04770783668455325,0.2509253304749538,0.24321099112933608,0.5,0.8,0.2,28,1914.6063490520323,23079.62560387315
4,20,1.2777584194201899,1.7434220939354195,1.6630102820818522,1.2287821900864146,1.1372768551304862,1.0,0.5264000983064794,1.0,0.5,0.8,0.2,31,2035.361584859696,3820713.45034074
4,21,1.245795152351491,1.730235476323154,1.6737827859008814,1.2108361991672292,1.1390645688800363,1.0,0.4968095967456955,1.0,0.5,0.8,0.2,33,1853.63948384959,3933914.822233501
4,22,1.262608713624334,1.7449002484049743,1.6873402230677919,1.239252031499463,1.14115717977293,1.0,0.5232227087212602,1.0,0.5,0.8,0.2,35,1929.8539355982996,3816882.982311548
4,23,1.630081016546219,2.0928512781541615,2.018477486745272,1.6217643823464798,1.6555201730960944,1.0,1.0,1.0,0.5,0.8,0.2,36,2088.488881605953,3829310.19698544
4,24,1.6264106703351626,2.0866059342734404,2.0111625670544693,1.627463977250916,1.5218123867919948,1.0,1.0,1.0,0.5,0.8,0.2,38,2039.88817098712,3831894.262602876
4,25,1.6180855473449196,2.0941979678269904,2.0422181514153794,1.6428121051921378,1.5518524151503965,1.0,1.0,1.0,0.5,0.8,0.2,40,2208.6702968462696,3931025.389646505
4,26,1.617680576379832,2.082223935669368,2.0171118242240826,1.6383326248460783,1.5052230495575378,1.0,1.0,1.0,0.5,0.8,0.2,41,2034.9717897283008,2378070.5668767085
4,27,1.3414248910556956,1.8265577761102667,1.7867778998464507,1.3812966611964523,1.253036279124503,1.0,0.657289183382112,1.0,0.5,0.8,0.2,42,2322.6285244559253,3946567.494137041
4,28,1.6040795801790917,2.077929642003998,2.034245695371104,1.6590825062013816,1.5796091583787508,1.0,1.0,1.0,0.5,0.8,0.2,44,2377.749640216291,3945583.4282342033
4,29,1.6001631221296642,2.0472064139151667,1.9760973298157993,1.6483709661950556,1.5290358237420376,1.0,1.0,1.0,0.5,0.8,0.2,46,1847.459325632736,2391378.151319665
4,30,1.5979901111120347,2.0424561571474187,1.9705335001025577,1.6545660791556742,1.5165881939863222,1.0,1.0,1.0,0.5,0.8,0.2,48,1873.7948003043089,2391365.4445237587
4,31,1.5976476968468827,2.0419730106429856,1.9699676290804686,1.6726589092884507,1.5052931671535623,1.0,1.0,1.0,0.5,0.8,0.2,49,1574.432393680012,2400528.986474728
4,32,1.2949596959944885,1.7575461909556054,1.7103013345553633,1.3800664664454523,1.2491123507452233,1.0,0.6255116088138359,1.0,0.5,0.8,0.2,50,1300.002794704195,2542752.8012107625
4,33,1.5882952926744824,2.0199547969087854,1.9441787002840245,1.6682328337880818,1.6032342320381214,1.0,1.0,1.0,0.5,0.8,0.2,51,1716.1067394280774,2397112.532457625
4,34,1.290106468989414,1.7411710331434092,1.6905325832039735,1.3977560774946707,1.2155760922264933,1.0,0.6298124681403946,1.0,0.5,0.8,0.2,54,1293.9813519858722,2544879.9088555174
4,35,1.2631817421874372,1.7003806038103133,1.6359863099366836,1.3755699868274915,1.2094792750283998,1.0,0.5983417722192519,1.0,0.5,0.8,0.2,55,1410.0229053892467,2544187.73725194
4,36,1.2913851283684397,1.7349829759320223,1.682250327752894,1.4155134084935304,1.2371736092878927,1.0,0.637362931337784,1.0,0.5,0.8,0.2,57,1889.9810893110807,2544207.1056169835
4,37,1.2938722161017202,1.7355251118734645,1.6822583436331944,1.4291865490819953,1.22444212274093,1.0,0.6419392396582357,1.0,0.5,0.8,0.2,59,1897.1708492158969,2544235.7388616446
4,38,1.5706798925745957,1.9833724344061516,1.912412955664294,1.717540466386271,1.691381697791061,1.0,1.0,1.0,0.5,0.8,0.2,60,4463.669496306078,1635890.625375397
4,39,1.5703477939449655,1.9823714355443498,1.9112405974138695,1.7275201754090388,1.5035131262366772,1.0,1.0,1.0,0.5,0.8,0.2,62,4500.120916002398,1645658.7574115372
4,40,1.561221894044169,1.9642611350438075,1.9011106268661964,1.7481273761777947,1.5344375509539,1.0,1.0,1.0,0.5,0.8,0.2,68,3731.4984560590287,3426912.4032042176
4,41,1.5580311420038455,1.9526447612327076,1.8875049195477598,1.7404450904132889,1.5791948089791867,1.0,1.0,1.0,0.5,0.8,0.2,69,3929.4767894525817,3396172.0353880017
4,42,1.5497330641775975,1.9201522185032631,1.8494477967578162,1.747645532730416,1.6134803890384448,1.0,1.0,1.0,0.5,0.8,0.2,71,3838.9735223870985,3398711.527530843
4,43,1.5487832917179658,1.8937321742490265,1.7963395808801208,1.743901847033302,1.5282108695030965,1.0,1.0,1.0,0.5,0.8,0.2,72,3357.626092919268,3414170.252584096
4,44,1.5468815914789846,1.9078119797594781,1.834994135912193,1.749910134003061,1.5580519042384877,1.0,1.0,1.0,0.5,0.8,0.2,73,3927.873213810272,3407090.731504731
4,45,1.5454018353585697,1.890024973682107,1.803079246483417,1.7629022703626418,1.523358394828408,1.0,1.0,1.0,0.5,0.8,0.2,75,6280.903664175449,1167223.3475022423
4,46,1.5409541951900585,1.8685078577555827,1.7778771201626853,1.771084855707548,1.5747144805577065,1.0,1.0,1.0,0.5,0.8,0.2,77,6570.749417049793,1215471.813222005
4,47,1.5375341554498816,1.8505486901318695,1.7568423872040708,1.7762294914379204,1.5627331945312295,1.0,1.0,1.0,0.5,0.8,0.2,79,6029.914324081407,1151230.5943041672
4,48,1.53510795686734,1.8369113415051652,1.7408695227667943,1.785172004452555,1.5955298245664202,1.0,1.0,1.0,0.5,0.8,0.2,80,5762.279451450012,1223296.4614282218
4,49,1.5338784288519873,1.8296024256484802,1.7323088863141232,1.7810902863250402,1.5507309615841511,1.0,1.0,1.0,0.5,0.8,0.2,81,4409.128491521768,1467479.3846082026
4,50,1.5307116644330179,1.8097315297117575,1.709034947128723,1.7860530177660132,1.5693921400884887,1.0,1.0,1.0,0.5,0.8,0.2,83,4124.6487681198505,1482995.143336656
4,51,1.5268441956716707,1.760393825948438,1.6290844057258485,1.788837093973524,1.5470245191420482,1.0,1.0,1.0,0.5,0.8,0.2,87,4103.120164659695,1483602.7730313437
4,52,1.5261372982542845,1.7551000721044014,1.6228841023444407,1.7949814768805274,1.5123217290183637,1.0,1.0,1.0,0.5,0.8,0.2,90,4022.7929571131695,1523598.669681966
4,53,1.5261027124703672,1.7660430155966906,1.6467828355781167,1.809351246955677,1.5009153790238867,1.0,1.0,1.0,0.5,0.8,0.2,92,3994.763514793934,1523268.708945687
4,54,1.5259271708448925,1.7535345474967976,1.621050402021703,1.8081126357934305,1.5093264308322005,1.0,1.0,1.0,0.5,0.8,0.2,93,4309.874139910491,1475030.7593211543
4,55,1.5258222586045103,1.7639045879684383,1.6442781476542792,1.81586665709325,1.5056028139655184,1.0,1.0,1.0,0.5,0.8,0.2,94,4040.3068576429528,1522856.2344914218
4,56,1.5233779689627138,1.7443795538075355,1.6214093206778746,1.818434237556999,1.636512087412899,1.0,1.0,1.0,0.5,0.8,0.2,95,3858.1538771947767,1475779.847151424
4,57,1.5233324848613286,1.7887944973271792,1.7177576547113287,1.8760945808398282,1.5002953393060967,1.0,1.0,1.0,0.5,0.8,0.2,104,3155.322135305011,2406316.3013460687
4,58,1.51887912115766,1.7368247905788141,1.6458059469212454,1.8714527337093316,1.642363865860937,1.0,1.0,1.0,0.5,0.8,0.2,106,101181.10617842074,2774800.267840656
4,59,1.5167367812085126,1.7254250291601825,1.6435356387853142,1.8886483984478908,1.5526445080807418,1.0,1.0,1.0,0.5,0.8,0.2,109,99272.61334041094,2772889.814104682
4,60,1.5164870266610273,1.7226502705731552,1.6402856861271442,1.8954731920623542,1.5097461448262905,1.0,1.0,1.0,0.5,0.8,0.2,111,99866.18827607646,2771901.16180439
4,61,1.5153444735559565,1.709392805716037,1.6247578283308473,1.9048557742984538,1.5924116012474807,1.0,1.0,1.0,0.5,0.8,0.2,112,101043.45342740792,2773491.0536507363
4,62,1.5146108512772973,1.711670911580001,1.6385077592701733,1.9111120244345334,1.5311744632256616,1.0,1.0,1.0,0.5,0.8,0.2,114,100521.96156015983,2773179.931695689
4,63,1.5142415075064235,1.7294468049458405,1.681491450715088,1.9410577784469638,1.516178645699204,1.0,1.0,1.0,0.5,0.8,0.2,116,102045.04250528544,2772181.1085495087
4,64,1.5135461547355116,1.7092645821214423,1.6467709591107007,1.9474435348372732,1.5313953748984686,1.0,1.0,1.0,0.5,0.8,0.2,118,104709.61290246509,2834415.942678672
4,65,1.5135156997819654,1.7200628893990288,1.6705004690876548,1.96636499750252,1.5014040096220636,1.0,1.0,1.0,0.5,0.8,0.2,120,104695.94232163456,2834355.7376468563
4,66,1.5123240684742272,1.7485514366812656,1.7481948753764873,2.0235248552686276,1.5228084241025053,1.0,1.0,1.0,0.5,0.8,0.2,125,4360.468471249218,2460494.6135838185
4,67,1.5122671227475528,1.6805059104665927,1.6020055350899742,1.973390125807968,1.5028306299174128,1.0,1.0,1.0,0.5,0.8,0.2,127,2400.004320938659,2488604.120507246
4,68,1.5086518606176527,1.6667582895485376,1.6302304520235988,1.9909051261643678,1.9093830134795458,1.0,1.0,1.0,0.5,0.8,0.2,128,2100.496940796485,2515553.485489846
4,69,1.508086183598536,1.6559745142783384,1.6175998617342977,2.001060161187804,1.5249938147057553,1.0,1.0,1.0,0.5,0.8,0.2,131,2013.7145966490684,2519633.956654028
4,70,1.5079353314826263,1.6530219523068066,1.614141710009211,2.0045078724588095,1.5103094407475062,1.0,1.0,1.0,0.5,0.8,0.2,133,2025.9012195576167,2519683.836157494
4,71,1.507868105011968,1.6628973916328975,1.6367900677562308,2.020447396782412,1.509265544351272,1.0,1.0,1.0,0.5,0.8,0.2,134,2035.0538598611445,2519479.41683828
4,72,1.507705960543176,1.6484606116350944,1.6087992681471435,2.018118229975428,1.503229730781601,1.0,1.0,1.0,0.5,0.8,0.2,141,1292.7812247813656,2521030.012709008
4,73,1.5063517523624113,1.6531269246895814,1.6475098591083512,2.071060030413932,1.6013632153003383,1.0,1.0,1.0,0.5,0.8,0.2,143,7025.958714562157,2500894.803972333
4,74,1.5055887212254453,1.6460771059763735,1.6503343586464816,2.159712381428559,1.5057700261298013,1.0,1.0,1.0,0.5,0.8,0.2,165,7126.705970870593,2687140.15905576
4,75,1.5051948643951316,1.6360832735312736,1.638629082962177,2.1699535496204208,1.5698244972814623,1.0,1.0,1.0,0.5,0.8,0.2,166,7072.474399752074,2686971.7278645234
4,76,1.5049716991027002,1.6302091796981022,1.6317489338409898,2.176849140519599,1.5204966697075986,1.0,1.0,1.0,0.5,0.8,0.2,168,6965.437521418309,2685929.826542914
4,77,1.5049679913186302,1.6301205344530383,1.6316451951946631,2.184286486049651,1.5003451738873765,1.0,1.0,1.0,0.5,0.8,0.2,170,6982.20181945884,2687319.425475452
4,78,1.5044973005186775,1.6508144549022659,1.6891281504954452,2.2149193693579257,1.5450948388495434,1.0,1.0,1.0,0.5,0.8,0.2,172,6992.765177201351,2686123.9670664435
4,79,1.5044890164374272,1.6617844108318163,1.7130586417966875,2.2355674971938497,1.500814122621969,1.0,1.0,1.0,0.5,0.8,0.2,174,7030.280215869703,2685752.2768933857
4,80,1.5043317146213424,1.6572943624786987,1.7077996632857448,2.2428052125393627,1.5156738284753686,1.0,1.0,1.0,0.5,0.8,0.2,176,7054.994078478512,2688456.2390108537
5,0,0.6082461388547634,0.8890836842741882,0.8211147449164453,0.0025701283600943494,0.0,0.0,0.0,0.0,0.5,0.8,0.2,1,6548.559839128705,7949.630026841793
5,1,0.6247479362130423,0.9146884143500836,0.8458009735166658,0.036440242923266385,0.04969707742548928,0.06174640415969551,9.799641766906e-05,8.14820591139e-05,0.5,0.8,0.2,3,6385.956396009149,7831.4716797377405
5,2,0.5969553777317111,0.9014808855286991,0.8310483780716313,0.03375133126637609,0.08990549652344508,0.03033653889744859,0.01410778814344465,0.00164181407894401,0.5,0.8,0.2,4,6189.284138990312,8153.5815942592335
5,3,0.85593370453018,1.1852052864752598,1.1118902576117526,0.3370011772039942,0.44510109900622447,0.01540158793765382,0.3930626752851636,0.02593650242472741,0.5,0.8,0.2,5,5802.47726154762,8040.831517271692
5,4,0.5241111987241537,0.9091927783293531,0.8572484275069697,0.08713527207343827,0.2446879753029349,0.06842259628360924,0.02314442352358241,0.01614564529266829,0.5,0.8,0.2,6,4595.335725600586,7040.523422620817
5,5,0.4894339583689736,0.9207195968525691,0.8753922225351652,0.13242218702343272,0.2237329894747604,0.08571629142617408,0.04031862358961852,0.09219824158117643,0.5,0.8,0.2,8,3930.247297800598,6197.821778566593
5,6,0.48545258868161506,0.9167227042031639,0.8713860752057853,0.12846240092421776,0.08976150947287073,0.0856144563010399,0.03714575616038756,0.08543081506048625,0.5,0.8,0.2,9,4019.6013737543135,5852.2448163395175
5,7,0.5175600106421578,0.9625562217122641,0.9138947372334432,0.19192762771864263,0.2904680452073483,0.08570646895054898,0.08771897397202058,0.20914674461154528,0.5,0.8,0.2,10,3266.4287321377674,5441.664564452776
5,8,0.530767162972181,0.9946139631931344,0.9567225966406868,0.24097284190575488,0.2796842253954431,0.04285031606140585,0.18771014812984171,0.08571073870386989,0.5,0.8,0.2,11,2570.0123315067003,9362.792035819928
5,9,0.48037089928053844,0.9500714533351358,0.9101839333903372,0.20239226828604895,0.23725027907857266,0.060174150792315015,0.10797223552283271,0.19691702193392305,0.5,0.8,0.2,12,2610.373195706202,4445.656210761883
5,10,0.4620857090402322,0.9327589179558968,0.8740512264728193,0.220537265479995,0.42112938004993655,0.04081843000958058,0.1762946698605939,0.11138644779110751,0.5,0.8,0.2,13,4555.215402175225,131116.28977856174
5,11,0.4894338047554536,0.9628897112121824,0.9020647097631993,0.27966241994479457,0.25503753563606923,0.04751927066085871,0.1969571966611156,0.22445480019631298,0.5,0.8,0.2,16,4350.684023844607,131344.20659696238
5,12,0.4886331675348219,0.9856086296642329,0.9508057997865385,0.29843442752324556,0.23220724467371048,0.06335829088008524,0.20720478463821138,0.14479996566947592,0.5,0.8,0.2,17,4287.113675752175,150739.5684221392
5,13,0.40986301910602313,0.9064415706382455,0.8709387695727198,0.23355149903286895,0.1622704923932142,0.06455415123884875,0.1254074251317411,0.09360158899896348,0.5,0.8,0.2,19,4095.100934444104,80889.20857713198
5,14,0.45670110468318736,0.9672645199342347,0.9397581317828917,0.30786337589488755,0.33210744718141194,0.049334140827198905,0.21534100539937978,0.1661065511682974,0.5,0.8,0.2,21,3832.400646130841,117678.87760347864
5,15,0.4561293313498939,0.9667056360265949,0.9391036137581543,0.3137654201966234,0.2340572041850126,0.049334140827198905,0.2153410053993797,0.16610655116829715,0.5,0.8,0.2,22,3867.389860235413,116585.6381323506
5,16,1.243373552763259,1.730676656261008,1.6726292937603011,1.1296648484237513,1.2237386572486892,0.08498363876985607,1.0,1.0,0.5,0.8,0.2,23,4398.821504038895,7714.384329694129
5,17,1.2144300787274258,1.7166917321743378,1.6771946274782035,1.155204634376191,1.2015402825671215,0.09921029496487944,1.0,1.0,0.5,0.8,0.2,25,3676.6380233576433,8490.33696926804
5,18,1.1871342919284997,1.680893157712173,1.6364627181179776,1.1508161115168272,1.1432381700582424,0.08522554577504202,1.0,1.0,0.5,0.8,0.2,27,3659.8675349963696,6907.499380738474
5,19,1.1857423115675794,1.6791117399266826,1.6344868033349187,1.1584949334750732,1.0459259214746248,0.08393483230027782,1.0,1.0,0.5,0.8,0.2,29,3602.7315901820307,7015.434637508418
5,20,1.165492449418889,1.6881017500054192,1.6804030035735706,1.1521238088304795,1.071762642456437,0.058927464957926834,1.0,1.0,0.5,0.8,0.2,31,2957.6952957454296,11974.083405349404
5,21,1.1848678864417876,1.7059082690301,1.6975082036902645,1.178150107773098,1.0656712306650584,0.10273142622999198,1.0,1.0,0.5,0.8,0.2,33,3222.101368186577,14321.050167364596
5,22,0.9152411856731806,1.4520910593975653,1.4669379353535716,0.9262161792915702,0.9035382061785067,0.06596952261560567,0.8215522820202036,0.5049776768299521,0.5,0.8,0.2,34,2994.381103713759,15212.76589277737
5,23,0.9161120629011436,1.4521026972774569,1.466610051882807,0.9312570649863948,0.8001347388892025,0.06470006409141857,0.8243514349518424,0.5069194557317009,0.5,0.8,0.2,36,2888.4215755843243,15105.104868880366
5,24,0.9116903805608978,1.4577516071320544,1.4848178902569433,0.9424593514631955,0.7992480731855128,0.06380765429081674,0.821637381437483,0.505128793877501,0.5,0.8,0.2,38,2974.5804315151554,14971.967237120338
5,25,1.0730246091317828,1.6004171872810589,1.6117165668734519,1.1095069296393314,1.0731044899601894,0.03023400778780886,1.0,0.7257224287517878,0.5,0.8,0.2,39,3381.8501036321272,13449.210110959555
5,26,1.0698744496583876,1.591494966845156,1.6101787398694563,1.1347061327247825,1.0874368460434203,0.04851232077355283,1.0,0.7433669883971137,0.5,0.8,0.2,41,3122.716227208226,14588.358496725788
5,27,1.0707792096514797,1.5794014062079647,1.5845313925655822,1.1432991948071751,0.9827925558432102,0.04962748933331003,1.0,0.7522874703851042,0.5,0.8,0.2,44,3068.0262124023475,14787.182840545458
5,28,1.0669198712636474,1.595936691366866,1.6264533520929816,1.155869657699461,0.981347102878434,0.04823262701579911,1.0,0.7443443366045521,0.5,0.8,0.2,47,3123.6034708311017,14151.650597323776
5,29,1.0667589555022554,1.561951113101962,1.5534022508688659,1.1013634762791191,0.9755727532517275,0.04823262701579905,1.0,0.7443443366045523,0.5,0.8,0.2,48,3123.5832867032573,14189.802676128074
5,30,1.083300208067637,1.6057351197615053,1.6342935035814077,1.2062667199005825,1.0135737210904336,0.052740339648012766,1.0,0.8392403881790207,0.5,0.8,0.2,52,3541.8065943305146,23980.23915854096
5,31,1.0821493697986044,1.602401399980279,1.6303261002067488,1.2130067026815743,1.0075209270454115,0.052949329691947836,1.0,0.8405485595671973,0.5,0.8,0.2,54,3533.2193595547105,23978.38187382776
5,32,0.6302117663461411,1.0978198393778025,1.0715313720576405,0.7305587102647755,0.6376895830648255,0.09001363717931987,0.37840432075914776,1.0,0.5,0.8,0.2,55,3559.691657407281,22861463.89607367
5,33,0.6228056504731688,1.0785472726483036,1.049044259043164,0.7325175026517616,0.6783304535406787,0.08547294838530417,0.3806147510064189,1.0,0.5,0.8,0.2,56,2916.276697790075,22860666.032216765
5,34,0.6222586321314838,1.075926867026991,1.0458775364454465,0.7387941656127439,0.5589382510422085,0.0864560908710221,0.3807127474240878,1.0,0.5,0.8,0.2,58,3016.9958006730485,22858231.66116668
5,35,0.6495277150052251,1.100647917958603,1.0699324079637713,0.7670510611703818,0.6035998445713635,0.09514187290341594,0.4110476860253843,1.0,0.5,0.8,0.2,59,3013.51575976648,22869643.05064789
5,36,0.7000524848865215,1.1438881052994492,1.111301217308213,0.837188213704809,0.7068780139203514,0.09069384139092894,0.48153717201692803,1.0,0.5,0.8,0.2,60,2953.583139657777,22859475.19945782
5,37,0.700050080767068,1.141181162773853,1.1079105834036251,0.8415019280995211,0.6458027539842303,0.09101103974579364,0.48294527977778207,1.0,0.5,0.8,0.2,62,2939.821029950609,22866500.02378117
5,38,0.7022045960798857,1.142667831992218,1.1092293272405915,0.8472736450842588,0.641173508746083,0.09185110416677772,0.48550417989595684,1.0,0.5,0.8,0.2,63,2939.0492084148614,22867552.64378643
5,39,0.7227265639421467,1.1720561909833427,1.1510329778514323,0.8782362812910411,0.6797967716763551,0.09867906626500472,0.508238271845812,1.0,0.5,0.8,0.2,64,2934.7477410782026,22876160.726402137
5,40,0.7006277233300373,1.1474603043532847,1.1258163828432253,0.8740968624972145,0.6433976456820271,0.09094490453828746,0.4868574042344653,1.0,0.5,0.8,0.2,67,2918.728365884042,22866069.619954266
5,41,0.6994861849818448,1.153937730557694,1.1444108675633569,0.8897306626651131,0.6444044542614629,0.09064692904512525,0.4875839915377528,1.0,0.5,0.8,0.2,71,2857.2301181043813,22801866.859390013
5,42,0.6997350049268157,1.1640458334933022,1.167190085622151,0.8980585012030369,0.6429581907703535,0.08968196976589603,0.48922204485979764,1.0,0.5,0.8,0.2,73,2864.5523218951,22797285.00787735
5,43,0.7001940842112262,1.1633024417032702,1.1661529836281699,0.9058826424653779,0.6432046906057903,0.0897251422826548,0.4904097208009054,1.0,0.5,0.8,0.2,75,2854.774213817626,22804854.42302589
5,44,0.6972495905559153,1.1466187592807882,1.1358533579676158,0.9137481823952738,0.6436746378870464,0.09192672347501152,0.48667516934186067,1.0,0.5,0.8,0.2,78,2717.930975053957,22798776.35794572
5,45,0.7208837774386658,1.1565613245278292,1.132197169317129,0.9352739613322507,0.6841966758168201,0.09283056306227712,0.5169099253801541,1.0,0.5,0.8,0.2,79,3013.6138456593035,22809752.90192647
5,46,0.6440856265085453,1.0790733053338806,1.0545436372900425,0.8826740528628008,0.5843876241665239,0.11040167640224881,0.41027689034127224,1.0,0.5,0.8,0.2,86,3332.4228538271864,110916982.91564412
5,47,0.6518892983698961,1.0594801376111624,1.0077600922500853,0.8781946437297024,0.6416910186068872,0.11173521841862974,0.4216435759328652,1.0,0.5,0.8,0.2,87,3318.7788527761345,110820108.61814617
5,48,0.6486821887465153,1.0778557452377018,1.0519412998514868,0.8919704922254139,0.5982554719101414,0.1109206017715407,0.41853805041515224,1.0,0.5,0.8,0.2,88,3238.4595210467,110787426.37888391
5,49,0.6516158607957938,1.0674656496964599,1.0280505747262763,0.8922652119857313,0.6144211729022522,0.11142427429133558,0.4228911698154413,1.0,0.5,0.8,0.2,89,3350.1537987390234,110940878.42673048
5,50,0.6515022963689581,1.078252160403344,1.051766108528868,0.9025388399794478,0.5954824853430847,0.11142427429133565,0.42289116981544145,1.0,0.5,0.8,0.2,91,3350.314330284696,110935427.2493574
5,51,0.6486156025393401,1.0636729508997038,1.0240715964845721,0.9036098945651614,0.5936603735820479,0.11233099935702928,0.4189434043741135,1.0,0.5,0.8,0.2,93,3325.929359067998,110823350.68980904
5,52,0.7403502404726339,1.1888924001327656,1.1882625411072387,1.012991338704039,0.6843513844493619,0.11217906576768133,0.5337671252207163,1.0,0.5,0.8,0.2,94,3418.765235414948,110856651.32001242
5,53,1.099388436876237,1.5738066787356624,1.6103767299441931,1.4234755347455619,1.1183884537487292,0.08984854262405811,1.0,1.0,0.5,0.8,0.2,95,4537.889149272063,841080029.337857
5,54,0.6822305106239326,1.0874498169072648,1.04556200883834,0.9536608178426522,0.6469824082030255,0.11377880446669657,0.46444833693849275,1.0,0.5,0.8,0.2,96,2934.1653784188265,110780236.87215474
5,55,1.0897317235454835,1.5603679870084985,1.6170411420094208,1.4262854178121809,1.15452051090713,0.08703376989614761,1.0,1.0,0.5,0.8,0.2,98,4651.557587614108,841027448.550568
5,56,1.0893748919090567,1.5699073172963482,1.6392933878677372,1.45548772800015,1.045485458684177,0.0870614816813586,1.0,1.0,0.5,0.8,0.2,104,4703.202610073893,841010571.3207535
5,57,1.0896484411614105,1.569046271959307,1.6381835598244823,1.463385586830501,1.0491948559943607,0.08824545055516833,1.0,1.0,0.5,0.8,0.2,106,4781.548665314648,841011085.1845518
5,58,1.0878545097826127,1.5736671889957872,1.6547593512018193,1.4809459614873037,1.0649676670411117,0.08728991859720893,1.0,1.0,0.5,0.8,0.2,108,4688.804156014713,841014530.8183553
5,59,1.0866434057243914,1.5578066064125597,1.6251508731953417,1.4802480485381524,1.0585962517306473,0.08670622921252198,1.0,1.0,0.5,0.8,0.2,110,4698.466488126129,840984807.618557
5,60,1.0875520443124504,1.5447818396422235,1.598536115435518,1.507600687919232,1.0690327943063405,0.0899491194097984,1.0,1.0,0.5,0.8,0.2,111,4680.934170039189,840961369.8954703
5,61,1.0848187614560254,1.566556134880477,1.6573622803072865,1.5475843400412084,1.0604196061952513,0.0890407090276347,1.0,1.0,0.5,0.8,0.2,116,4663.642787003328,841029449.0462215
5,62,1.0829556461088958,1.5493056843727868,1.626223410676605,1.5424417667443213,1.0557460140590766,0.08731786194566343,1.0,1.0,0.5,0.8,0.2,119,4565.104807176854,841010563.8068736
5,63,1.0825805341070518,1.5687423743781126,1.6711128038174925,1.565180199271668,1.0550382125585522,0.08777682073411226,1.0,1.0,0.5,0.8,0.2,121,4691.761698062006,841014956.6231589
5,64,1.0824198946114205,1.5460430750716299,1.622385098143235,1.560802556502032,1.0448727899570107,0.08751566285513328,1.0,1.0,0.5,0.8,0.2,122,4688.466618960776,841024056.500603
5,65,1.0817828410755903,1.5541010265987842,1.6429150636117285,1.5683046758916368,1.0652797220269234,0.08739469760832402,1.0,1.0,0.5,0.8,0.2,123,4560.904990765925,841006269.9181144
5,66,1.0908988880191375,1.5366994369818288,1.630751662976902,1.5842530969596695,1.3769547590370916,0.12083450892476093,1.0,1.0,0.5,0.8,0.2,124,3816.36328182084,146890859.06153852
5,67,1.0867262998396663,1.5365845701639533,1.6421999551817008,1.6097802720294168,1.0692193533070256,0.11498413676115371,1.0,1.0,0.5,0.8,0.2,129,3845.073477894325,146883365.26506147
5,68,1.0884902073746219,1.5352402935109513,1.6402334153685263,1.6349764631195638,1.0682371969960152,0.11956261293760077,1.0,1.0,0.5,0.8,0.2,132,3672.172338267895,146891274.87456733
5,69,1.0872375568135826,1.5330711417630922,1.6378810817074076,1.6412726778111641,1.0624153896263087,0.11736342092930611,1.0,1.0,0.5,0.8,0.2,134,3760.711609459637,146884952.4868696
5,70,1.0870621948620336,1.5433262550148685,1.6609821949767924,1.6532676461075921,1.0649424991371623,0.11726999639422624,1.0,1.0,0.5,0.8,0.2,135,3774.5357091899846,146882549.8311124
5,71,1.1036341037550128,1.5457676345112732,1.6498394679542854,1.6691283599097944,1.0994988274790376,0.15137610934869572,1.0,1.0,0.5,0.8,0.2,136,3708.802363571637,66195637.28817078
5,72,1.099397276015467,1.707543307552988,1.8998836745219074,1.7207557041069597,1.0510582543561817,0.09117714609270341,1.0,1.0,0.5,0.8,0.2,150,5337.960769404832,840947674.72892
5,73,1.0951603752856423,1.6841958271463386,1.8722799793241667,1.727701701489414,1.1228508947986935,0.09418780527681483,1.0,1.0,0.5,0.8,0.2,151,5149.020297161855,841094467.5818121
5,74,1.0892048512220964,1.6567794250609138,1.8401676720474927,1.7330034640531762,1.1191436778475221,0.09419571961969923,1.0,1.0,0.5,0.8,0.2,152,5035.690743929325,840960301.6135005
5,75,1.0889924578204817,1.6507958894526145,1.8329523782722645,1.737439256372742,1.0854150256425374,0.09661396799827382,1.0,1.0,0.5,0.8,0.2,153,4955.755170091802,840954502.3299211
5,76,1.0920179185878236,1.6792479524492798,1.8774638071801186,1.7468000683021625,1.093746267927496,0.09538630321660704,1.0,1.0,0.5,0.8,0.2,155,5467.2895395669175,841000627.4698942
5,77,1.0920875091265385,1.6785445796010257,1.876593235485019,1.7587465774266469,1.0502774421210626,0.09593265931296394,1.0,1.0,0.5,0.8,0.2,157,5469.059414467341,841002548.1535137
5,78,1.089825034045978,1.6790698048130093,1.8883006843447259,1.7610138928074697,1.0696407430927366,0.09580892354003093,1.0,1.0,0.5,0.8,0.2,159,5433.628007140162,840954650.9373952
5,79,1.0909610017413511,1.6971969827046578,1.9206772783699775,1.7776146441887548,1.0520992017574538,0.09506923359964921,1.0,1.0,0.5,0.8,0.2,163,5469.897454326581,841002225.3190068
5,80,1.0903323045396691,1.6932057686060122,1.915960220301134,1.7898653797369135,1.0734073032248774,0.09556358175861099,1.0,1.0,0.5,0.8,0.2,165,5470.219638830355,841000621.8468442
5,81,1.0905982574246331,1.695056198530074,1.918150557998836,1.8017508943569684,1.0490227557125518,0.09529498104767016,1.0,1.0,0.5,0.8,0.2,167,5483.641493559744,840994178.3182288
5,82,1.0957746932125507,1.7254809230344175,1.943693904107151,1.7933087659219715,1.0802793143935607,0.08373468557606253,1.0,1.0,0.5,0.8,0.2,169,5900.442847630609,1813971830.0815637
5,83,1.0939343309647267,1.732275791282021,1.9628957549232753,1.8166983360314488,1.090368961987469,0.08184697937973742,1.0,1.0,0.5,0.8,0.2,170,5936.967371123899,1813974664.575254
5,84,1.0927083380020126,1.7254507791837839,1.9547980106402825,1.824718361418384,1.0645809420852244,0.08306029233908438,1.0,1.0,0.5,0.8,0.2,172,5876.962020987418,1813982369.5828
5,85,1.091752478953589,1.7300829249566636,1.9711690960115875,1.836971724235549,1.0575218114645073,0.0846513420547169,1.0,1.0,0.5,0.8,0.2,174,5838.269550367737,1814042426.517012
5,86,1.0932343149239092,1.7223618754179053,1.9508881723245108,1.8504466638355315,1.0803579133562848,0.08646984845756213,1.0,1.0,0.5,0.8,0.2,176,5798.984410338582,1813876119.93422
5,87,1.092894797061183,1.7320878915150952,1.9733614670048636,1.8707877050347481,1.0433397506393116,0.08646984845756214,1.0,1.0,0.5,0.8,0.2,178,5800.8820104547,1813882620.4021611
5,88,1.0936146074332331,1.7690812414029122,2.0394943735505766,1.9210294173728475,1.039513916214251,0.07898874710115265,1.0,1.0,0.5,0.8,0.2,190,4495.70035082023,14820.40469252616
5,89,1.0935884880871602,1.7661668880082626,2.035900943175556,1.9176781575991255,1.0592580233190492,0.08109007126075476,1.0,1.0,0.5,0.8,0.2,191,4456.353126187021,15044.331420684755
5,90,1.094081175454633,1.7653344399668538,2.034786036216682,1.9223750876945103,1.0873746518725984,0.08272411181966732,1.0,1.0,0.5,0.8,0.2,192,4479.263640473443,15154.16205954157
6,0,0.9646302106311722,0.9919586709709902,0.9416077403596876,0.012028603597799217,0.0,0.0,0.0,0.0,0.5,0.8,0.2,1,1347.1691016899426,8216.98775085299
6,1,0.9687528668573088,1.0130909175752858,0.961849303111717,0.04127976260201108,0.044496743924516434,0.052450937713635196,0.00010509115076175,0.00011897876605684,0.5,0.8,0.2,3,1341.80318662831,8239.858363615698
6,2,0.8555322554207136,1.0514006580480362,1.0045128473086422,0.1308857494376712,0.45657090167512415,0.11395097522842364,0.0399646599349393,0.07490589158956878,0.5,0.8,0.2,4,1248.596089582216,44668.34011157035
6,3,0.7277463435527448,1.0310747938352727,0.9752344748725367,0.1463397988068008,0.5078944330580455,0.06433498715060723,0.10104030911537949,0.1143926126358524,0.5,0.8,0.2,5,1282.749269164623,6439.282240658859
6,4,0.7256143059379002,1.0899022726071368,1.0263830835014849,0.26694915651414386,0.39266614372229275,0.0991296743248014,0.20666881454528654,0.12321967374908831,0.5,0.8,0.2,7,1416.1717732584932,5393.393186140242
6,5,0.6129847552595026,1.0190235626253603,0.9635156445104088,0.2135869135824647,0.39008246468167584,0.07186239832136733,0.1410049690503202,0.18929850422542122,0.5,0.8,0.2,8,1058.5915193191315,40953.47374054111
6,6,0.5546978281620472,0.9652411660487035,0.908872907998431,0.16825761045556897,0.17292030018236454,0.09571200201340246,0.0770342061737452,0.1417637109754683,0.5,0.8,0.2,9,1086.6891100351525,6502.772056229416
6,7,0.5470512282065849,0.960456310769185,0.9035193884659398,0.17698566542160654,0.14796820725115073,0.09260924265559932,0.07711736761453233,0.1418669330613095,0.5,0.8,0.2,11,1065.566741399091,6388.428698502228
6,8,0.5434519197263753,0.9616990182786246,0.9037556205474494,0.18504754198947115,0.1845363482589387,0.08696471036130063,0.08511573591802264,0.1595837567155186,0.5,0.8,0.2,12,1071.570150236836,6176.258820247997
6,9,0.6525926980528813,1.072117800635014,1.0138985670238616,0.30221382193742696,0.26676773657117053,0.06995760092255811,0.21178955962542254,0.25555258900526445,0.5,0.8,0.2,13,1223.2886564473993,39506.07846953344
6,10,0.5290352734749113,0.9552818093277893,0.8955322720348954,0.19773825896376873,0.21003320275846865,0.09534098497651872,0.08839510926839873,0.1461710578868436,0.5,0.8,0.2,14,1066.364886908645,6250.726604149906
6,11,0.5331406979754629,0.9926429815431088,0.9394201654863625,0.2708921406209099,0.3438566083141184,0.08276675388173126,0.1668222250956097,0.1836898522894162,0.5,0.8,0.2,16,1150.643899190881,39491.374763334985
6,12,1.4018183664889454,1.8503385976352713,1.7839948413622684,1.1487885724696771,1.0819264304021259,0.16236488277083566,1.0,1.0,0.5,0.8,0.2,22,790.2778639420325,103420985.57414784
6,13,1.3815095364723897,1.8470695777015735,1.7912249110850802,1.154105221835249,1.1832855502704978,0.1626302158678379,1.0,1.0,0.5,0.8,0.2,23,734.5705906724946,103421554.15532738
6,14,1.3790654144445655,1.834019195192749,1.7648766671259601,1.152881392655097,1.0932846245851904,0.16241078504233517,1.0,1.0,0.5,0.8,0.2,24,775.0268846860771,104662693.81425647
6,15,1.378060014544513,1.8445947662866888,1.7882695267507864,1.1600169865509833,1.0891793692661698,0.16329336718545548,1.0,1.0,0.5,0.8,0.2,25,725.6404905409217,103425372.38743392
6,16,1.377507342216105,1.8440894246067514,1.7877346435186414,1.1584554795992525,1.0824596129442237,0.1626270069182662,1.0,1.0,0.5,0.8,0.2,26,725.9415131381295,103486917.3576418
6,17,1.3616399880934196,1.8300610921595715,1.7727223899819666,1.1625261777423952,1.0930935186037969,0.14606122767709695,1.0,1.0,0.5,0.8,0.2,28,710.7283711661908,103552724.2299913
6,18,0.7795417678760436,1.2667421750281815,1.2158588105361103,0.6439970549867359,0.6256999023470696,0.05575142356565958,0.502844503892627,0.532870079125199,0.5,0.8,0.2,31,858.0976470199382,332361.6680819966
6,19,1.194581553015418,1.6932237395473315,1.6549037349762696,1.0677674723862742,0.9605018847463982,0.03813245723582317,1.0,0.677447530891542,0.5,0.8,0.2,34,783.0691003809536,2760680.2840503408
6,20,1.1556547120992027,1.65486815961452,1.6150558175284122,1.0488441415162104,0.955342652589455,0.03990282110135577,1.0,0.5248140990068988,0.5,0.8,0.2,36,765.1876352719921,389565.653495873
6,21,1.162520774098278,1.683877239685599,1.6658172856795523,1.0886516940255717,1.1296070784781558,0.04080822047350498,1.0,0.6796011486818311,0.5,0.8,0.2,37,747.8226056313441,2893852.0613173167
6,22,1.158411213033992,1.6680785294741454,1.6359459475188345,1.0929703587612307,1.0017007138581253,0.04060178251645326,1.0,0.6884396863163003,0.5,0.8,0.2,38,796.4340646310869,2767895.360539624
6,23,1.1566850488111944,1.6546476820726357,1.6085850460577948,1.083936614058035,0.9994822061464625,0.04178433718011375,1.0,0.7014889023359128,0.5,0.8,0.2,39,875.0759250824531,2769448.190060781
6,24,1.2098925172649375,1.7187173094458654,1.6851810645795837,1.1488661470933836,1.0232269509194327,0.0790007928710914,0.9716545076921672,1.0,0.5,0.8,0.2,42,957.9203357111772,273881.85192823235
6,25,1.1248692240152147,1.6491078148864124,1.635318770940109,1.10626424774095,1.2161187595289604,0.04134940021861787,1.0,0.703246806524576,0.5,0.8,0.2,43,712.4274290733512,2882794.9491026704
6,26,1.1207391724131583,1.6331337935844066,1.6059212189285492,1.1070537546011054,0.9762728308526398,0.04061750958051521,1.0,0.6935769568955763,0.5,0.8,0.2,44,816.0983096468162,2767367.562689167
6,27,1.10446339925758,1.6304743558494588,1.6243469647653788,1.1101730218330177,1.1637430268726139,0.04497127863080585,1.0,0.7008768025399778,0.5,0.8,0.2,45,691.9119551855094,2887790.844251926
6,28,1.1018319489724886,1.6029050883108706,1.569588940307417,1.1158367448120163,1.0126496277600907,0.04071609563501052,1.0,0.7203878430394222,0.5,0.8,0.2,46,997.375241368352,2765698.0863983296
6,29,1.0976397554719668,1.6072840032167535,1.585780314596856,1.1208519600857434,1.0131273547612332,0.04399314728050353,1.0,0.7127559467864534,0.5,0.8,0.2,47,803.2334682985136,2888568.1661403514
6,30,1.094324366510301,1.6003738231188553,1.5773585213563,1.1274718303846043,1.027610457299788,0.04359976831665771,1.0,0.7233196356701816,0.5,0.8,0.2,48,964.1255044669304,2764482.0188059374
6,31,1.094526294641643,1.6002661698068141,1.577107286545937,1.129322782330114,0.9735161010825616,0.04576718810179165,1.0,0.7215565860143509,0.5,0.8,0.2,49,807.1280111320631,2888243.53941772
6,32,1.0936254869076474,1.598838704113182,1.5754797878920523,1.1345492134757265,0.9746281052442607,0.04358381866342944,1.0,0.7257169836399335,0.5,0.8,0.2,50,968.2987771513478,2764399.6134127597
6,33,1.0901783615264165,1.5811899803322496,1.5436307101342968,1.1389299862557607,0.9919848713385486,0.04217963523268783,1.0,0.7320371074816838,0.5,0.8,0.2,52,968.1487177106944,2770025.203261249
6,34,1.1596660981336375,1.6697833063415257,1.6569560153298688,1.2319854051361494,1.0540445918633485,0.0821836477004872,1.0,1.0,0.5,0.8,0.2,56,766.010228125396,283003.58731923613
6,35,1.1482666850698238,1.6514389177018247,1.6453666126337114,1.2449027784659168,1.1753211420706535,0.09602385686058544,1.0,1.0,0.5,0.8,0.2,58,864.917538907602,384376.5183987196
6,36,1.1322233338241419,1.612798204419169,1.590225208791469,1.2660426039954984,1.1124348776215742,0.08202744185463172,1.0,1.0,0.5,0.8,0.2,60,813.5026310199794,405411.31774480006
6,37,1.1319605721089405,1.5894367970165881,1.5603941489248407,1.2673394765294226,1.3191773909488165,0.11085943985798026,1.0,1.0,0.5,0.8,0.2,61,981.3770336264892,403126.8284782436
6,38,1.1281774583897168,1.5850318488726944,1.5558237776283679,1.2672082942870688,1.0553670259577397,0.10398178765833772,1.0,1.0,0.5,0.8,0.2,63,945.777663589898,403779.8452371492
6,39,1.1279056108329204,1.5954685656135241,1.5791295404971766,1.2768107442431844,1.0546672308302345,0.10398178765833772,1.0,1.0,0.5,0.8,0.2,65,954.5375491090967,404087.0017411215
6,40,1.134477237893448,1.5860034966644332,1.5553850738558055,1.2969656767737217,1.1140580863203713,0.12239583137947443,1.0,1.0,0.5,0.8,0.2,66,1079.3383049601794,403074.0899065568
6,41,1.1294798572461264,1.600232242271051,1.5947963520943593,1.3009931284690388,1.0742563953919586,0.11559456951587796,1.0,1.0,0.5,0.8,0.2,68,971.9047132690214,369789.7220210833
6,42,1.1294798576833007,1.61143659135437,1.6190013805017094,1.3143424664190297,1.05779745484525,0.11559457036157653,1.0,1.0,0.5,0.8,0.2,70,971.9047112516556,369789.7069027673
6,43,1.1285584789157344,1.6180972173404482,1.6377223270134953,1.335400292167789,1.0784360813204121,0.11748580014677781,1.0,1.0,0.5,0.8,0.2,72,1192.1940579894913,354718.92173399945
6,44,1.1266606922087876,1.624498743314826,1.6564017581726442,1.3308384066461425,1.0723284319130253,0.1163189769468466,1.0,1.0,0.5,0.8,0.2,74,1012.0895872763838,346706.8756090183
6,45,1.1269818624610608,1.5982890085735315,1.6031392414289394,1.3334389932497983,1.1050654185294433,0.12100072246829949,1.0,1.0,0.5,0.8,0.2,75,956.7748994366968,373609.5668769524
6,46,1.124282154945955,1.5717656900361552,1.5502833832808245,1.3317293977011404,1.070011811462997,0.11664212294425365,1.0,1.0,0.5,0.8,0.2,76,999.0095363669012,405372.09642297926
6,47,1.1240227815818629,1.5885040136513386,1.5916843527216835,1.3398182660925417,1.1156538881675306,0.12093234460820376,1.0,1.0,0.5,0.8,0.2,77,940.1031131230042,374115.79028886737
6,48,1.1178698767821065,1.568035115173721,1.5677860982065528,1.3485097962109243,1.1064834222068776,0.12004407615344057,1.0,1.0,0.5,0.8,0.2,80,945.9903619197028,391478.4959149016
6,49,1.1156542111725234,1.5710910783752479,1.5824544083651668,1.3614282302359282,1.0882196742815415,0.11995750302899819,1.0,1.0,0.5,0.8,0.2,82,924.7483757833144,392250.4792587569
6,50,1.1120583971199987,1.5365623493869687,1.5199592570923992,1.3578319506541272,1.0994311408741804,0.1186711727746802,1.0,1.0,0.5,0.8,0.2,84,980.8776414844126,394135.9043760836
6,51,1.1102802678146917,1.5546181679954398,1.5634293726632682,1.3777388225364027,1.070363539870406,0.11681768424488033,1.0,1.0,0.5,0.8,0.2,86,953.7683113432548,122574.32218604696
6,52,1.1093090839649584,1.5162551792360797,1.4852084548843727,1.3791672347725425,1.0935722146801123,0.11731581977150014,1.0,1.0,0.5,0.8,0.2,87,1001.8611640814712,67159.37994071424
6,53,1.1050841852656184,1.5276776114599493,1.5211148378236288,1.3782534020106663,1.118451553912239,0.11306276456157975,1.0,1.0,0.5,0.8,0.2,88,967.649571090404,131982.92390529433
6,54,1.1072222470283468,1.4946204448002418,1.4486968832187364,1.392870358874738,1.0747595303233304,0.1183686315017746,1.0,1.0,0.5,0.8,0.2,89,965.4428082983662,66334.91494532344
6,55,1.1019483624613382,1.4817709567088022,1.4447419985802048,1.3870273243687108,1.225603146652441,0.1182111115029699,1.0,1.0,0.5,0.8,0.2,90,1044.5826287978252,66891.99806718824
6,56,1.1008084540855807,1.476901320379592,1.4390694832042075,1.3970274992377343,1.0916631412716864,0.11784754808130674,1.0,1.0,0.5,0.8,0.2,91,1046.3606798518774,67348.98089795609
6,57,1.0998211311217112,1.4718062368560647,1.4330950068480068,1.3965979141562115,1.0948644149812257,0.11792860385565851,1.0,1.0,0.5,0.8,0.2,92,1047.2368556944634,66805.78553955979
6,58,1.1043987031842541,1.4705291630026847,1.4305733031433483,1.3733831286956895,1.1156959005593843,0.12990988283214325,1.0,1.0,0.5,0.8,0.2,93,1153.4510419895964,66635.26528476637
6,59,1.09388589605961,1.4427930799744397,1.3992277658456447,1.4004944476651644,1.2056091004954175,0.11658908643872037,1.0,1.0,0.5,0.8,0.2,94,1023.2030448526288,106874.4848429965
6,60,1.0938245419457837,1.4426549122656487,1.3990736806862814,1.3968703023554667,1.058899123212452,0.11649876071569634,1.0,1.0,0.5,0.8,0.2,95,1023.356118418005,115068.40228352044
6,61,1.0924416727391808,1.4320172570076484,1.3865267071479142,1.4070684868941812,1.097704859553398,0.11752136233490515,1.0,1.0,0.5,0.8,0.2,97,1022.6388075690433,114901.68929350744
6,62,1.0996156811652615,1.467495080668504,1.459916210690579,1.461664106888801,1.0782783866859504,0.13398061423556706,1.0,1.0,0.5,0.8,0.2,101,1185.556558561669,73684.37754787007
6,63,1.098555954517268,1.4718921241743426,1.4761480608565412,1.457019027598153,1.0903277736616352,0.13398061423556704,1.0,1.0,0.5,0.8,0.2,103,1166.415128944635,74070.06127992574
6,64,1.0984695777998235,1.4825416920821992,1.4997030326935656,1.4677578854490678,1.0689236263284243,0.13398061423556706,1.0,1.0,0.5,0.8,0.2,105,1154.9872163680036,74353.79078155819
6,65,1.092294283308641,1.4199033916191406,1.371972500949586,1.436738549398693,1.0645497846521104,0.12179277865727962,1.0,1.0,0.5,0.8,0.2,106,1113.9216927403247,73669.42270699341
6,66,1.0898043736311502,1.4403601025330566,1.4292597022904778,1.4603966043583747,1.1535112346309313,0.12083658080056725,1.0,1.0,0.5,0.8,0.2,107,1109.4698498224118,73585.90135739624
6,67,1.0843609339427505,1.3912519752556276,1.349940903431441,1.456248521302136,1.2254530131739816,0.11660001477350176,1.0,1.0,0.5,0.8,0.2,108,1081.7685230989491,73721.18444285894
6,68,1.0852720002789373,1.4107238895729526,1.3946560261822338,1.4719268986500393,1.0907034085062215,0.11957627030040056,1.0,1.0,0.5,0.8,0.2,109,1089.830912735733,74307.8284376035
6,69,1.0812241055454206,1.3808649937684585,1.359768251043139,1.4687346896297229,1.2644217996860674,0.11858659466366968,1.0,1.0,0.5,0.8,0.2,110,1148.007769365306,74118.66128861136
6,70,1.079628027586799,1.3617336131116198,1.3372687872712052,1.471182706243918,1.128515118915862,0.11965838708700505,1.0,1.0,0.5,0.8,0.2,112,1151.92920212484,73987.22814767889
6,71,1.079120976836569,1.3450467181702415,1.306632265900259,1.4744978456472329,1.0792067324267063,0.11977762590111614,1.0,1.0,0.5,0.8,0.2,114,1152.9806767589116,73837.68815614707
6,72,1.0789913195889596,1.3319460601960993,1.2910684798332606,1.463391311219619,1.161790481380035,0.12234182019939273,1.0,1.0,0.5,0.8,0.2,115,1145.3990056562066,75544.69110253561
6,73,1.0769961954637635,1.3163235439339103,1.2728764141458186,1.4687734384000397,1.1129114910359315,0.12110350231725212,1.0,1.0,0.5,0.8,0.2,117,1104.5078524893904,74416.45815517347
6,74,1.0763197987665505,1.3075901874378448,1.2626319260646894,1.4754347987142118,1.0914401980624298,0.1212854848851227,1.0,1.0,0.5,0.8,0.2,119,1119.0665764458274,75188.37865773466
6,75,1.0759276897187005,1.2990427736493693,1.252560521039159,1.4860364915144997,1.1230827898840767,0.12198843416748859,1.0,1.0,0.5,0.8,0.2,120,1132.4305201422776,75896.56060158683
6,76,1.0710716314783484,1.2221698089659994,1.1843748390168138,1.5010185530431348,1.7689868839153455,0.12562106743989795,1.0,1.0,0.5,0.8,0.2,121,8655.067421216248,78380.6566283319
6,77,1.070479410584987,1.2115256326499682,1.1719165246806695,1.511237851587841,1.1368008821348112,0.12551798807154937,1.0,1.0,0.5,0.8,0.2,122,8689.172447851011,78113.8819199951
6,78,1.0700880962235475,1.2108746532894177,1.171218855978492,1.5108323491825602,1.0633040886703808,0.12476174896904288,1.0,1.0,0.5,0.8,0.2,124,8555.055741430027,78364.75686409659
6,79,1.0703337583435801,1.2197669904865456,1.1926511307776146,1.5260511328916733,1.0814711284127616,0.12551798807154937,1.0,1.0,0.5,0.8,0.2,125,8635.885759295388,78311.96542801347
6,80,1.0702332697467363,1.2079720518916273,1.16776676060639,1.518346971112323,1.0666860509991083,0.12537319677656153,1.0,1.0,0.5,0.8,0.2,126,8682.90056807857,79106.3898532933
6,81,1.0698997906663201,1.1933473083997128,1.150573196041793,1.5282807761095538,1.1674590661395459,0.12612426970242924,1.0,1.0,0.5,0.8,0.2,127,8511.991630918725,79211.96314502535
6,82,1.069749973006582,1.1998034643768183,1.1692048170519336,1.5319518956473617,1.0800067243094185,0.12626311812791863,1.0,1.0,0.5,0.8,0.2,129,8419.804871539774,77313.53517033267
6,83,1.068556007471494,1.2016654990263282,1.182607910242526,1.553311014262942,1.1217320903116084,0.12462470573619885,1.0,1.0,0.5,0.8,0.2,130,8502.933031533217,77290.72629089514
6,84,1.0699172430555013,1.19072480092518,1.1584701168614695,1.5506767405374668,1.0717348922557168,0.1274460124445352,1.0,1.0,0.5,0.8,0.2,131,8510.634919230937,79332.99210515509
6,85,1.068846445480427,1.1828933203519938,1.1494295558572776,1.5643630399053008,1.0876793665518076,0.12590388835888486,1.0,1.0,0.5,0.8,0.2,133,8442.421475351022,76175.3791655753
6,86,1.0682265857620081,1.199282931322282,1.1908560894557576,1.5868309928422535,1.1017345408589385,0.12512562787571035,1.0,1.0,0.5,0.8,0.2,134,8535.757193331141,81328.70076035468
6,87,1.0691280152130613,1.1799598711737402,1.1569236057230519,1.5945019307676749,1.0857074657590016,0.1276760388739458,1.0,1.0,0.5,0.8,0.2,137,8476.924832951674,77762.42092590309
6,88,1.064341573346344,1.1790456658639574,1.178713012717282,1.6084834436314501,1.1270116540515378,0.11954090801304648,1.0,1.0,0.5,0.8,0.2,139,8315.89444617992,77463.85394504984
6,89,1.0643151472992418,1.1862193605766371,1.1981761407770894,1.6199034950869844,1.074390757893971,0.11978216334986383,1.0,1.0,0.5,0.8,0.2,141,8302.591895385378,77079.50720721099
6,90,1.0640568523728622,1.1659004461905638,1.1632861090851168,1.6190606353854444,1.1239991002550451,0.1198963574117752,1.0,1.0,0.5,0.8,0.2,142,8262.239277191293,76966.50525422285
6,91,1.0640022621277714,1.1725978375035555,1.1821952076690398,1.63438764816212,1.068090047157233,0.12009436768208148,1.0,1.0,0.5,0.8,0.2,146,8401.47960803878,77871.58243925034
6,92,1.0632913119681766,1.156583624120021,1.1524547117700739,1.6487724746531114,1.0668725989871477,0.1189495339794839,1.0,1.0,0.5,0.8,0.2,150,8329.465366621906,81724.2143204876
6,93,1.059030191351607,1.1403603341131963,1.134116186052053,1.596523728647324,1.0987404433158112,0.11120565687646733,1.0,1.0,0.5,0.8,0.2,152,8281.91520166061,76139.75073291003
6,94,1.0584955402480132,1.0992231991803316,1.0637678159862705,1.6556218974919739,1.1210772556623665,0.11123862527539416,1.0,1.0,0.5,0.8,0.2,154,8311.808037393615,76344.0965241031
6,95,1.05763385452138,1.0915974842235887,1.0549507534764684,1.6657161618485326,1.0670980127152752,0.10990150695293646,1.0,1.0,0.5,0.8,0.2,158,8300.641497869636,77541.90839982513
6,96,1.0601932498810533,1.0849825697390465,1.090861938043102,1.698740969155306,1.1554635876389154,0.11770000556778201,1.0,1.0,0.5,0.8,0.2,162,8391.643824326673,82762.58911073356
6,97,1.0594806495116553,1.0756860017897827,1.0911065824080117,1.7166160998174593,1.0938205193154211,0.11709954639235505,1.0,1.0,0.5,0.8,0.2,166,8440.757043295187,82520.17584271505
6,98,1.0587179886255909,1.0694753585840893,1.083944480215749,1.723341516843651,1.0773024201116277,0.11578840704060875,1.0,1.0,0.5,0.8,0.2,168,8357.963034132456,82581.66109200066
6,99,1.0593180115379113,1.0589064692323777,1.0824740393110812,1.7305192932449616,1.0986858847348713,0.1178129384647553,1.0,1.0,0.5,0.8,0.2,172,8447.695505826265,82461.06815743093
6,100,1.0590791468031118,1.0696692315411074,1.1062019555882854,1.7504477274874544,1.0589593845711767,0.11734230380628481,1.0,1.0,0.5,0.8,0.2,177,8459.706670439507,82667.54161849954
6,101,1.0590227444868223,1.067883879534016,1.1041153885088026,1.7582374569544579,1.0709448952767098,0.11728971329819242,1.0,1.0,0.5,0.8,0.2,178,8390.01967818335,80939.05475991135
6,102,1.0594451968747078,1.0644010551431662,1.0999522170656266,1.7703315930535644,1.0869383108679884,0.11826914036716034,1.0,1.0,0.5,0.8,0.2,179,8346.664559339259,80826.62296134446
6,103,1.0594171036371312,1.0627063666346075,1.097967403458581,1.7621937163124326,1.0709011312393957,0.11826914036716034,1.0,1.0,0.5,0.8,0.2,180,8358.346248916405,80775.23275847916
6,104,1.059814804607813,1.0735630621910441,1.121694705941199,1.7748464344457424,1.064854373936462,0.11908977897678823,1.0,1.0,0.5,0.8,0.2,181,8349.327565392234,80728.32515957323
6,105,1.0597382034349658,1.0731067969590733,1.1211722548277465,1.7747402113213118,1.0621687483904048,0.118949325517099,1.0,1.0,0.5,0.8,0.2,182,8356.871628315703,80501.27513195692
6,106,1.060000683199186,1.0685135893777955,1.115733856113912,1.809499047284312,1.071307756254074,0.11963561424394986,1.0,1.0,0.5,0.8,0.2,185,8392.828087850825,80375.59941801775
6,107,1.0595819993377253,1.0600746137419648,1.1058989397117613,1.8203617742690048,1.0879966247047355,0.11905710438756903,1.0,1.0,0.5,0.8,0.2,187,8382.022702126416,80093.053538111
6,108,1.0599542635875572,1.093532953996049,1.1782673212538985,1.8613124522100362,1.0602483709266817,0.11981827446538915,1.0,1.0,0.5,0.8,0.2,198,8300.200060855956,79841.61448143396
6,109,1.059357461609352,1.0900612851942013,1.1742957479414013,1.8724564447865664,1.0695581004358607,0.11871492321870378,1.0,1.0,0.5,0.8,0.2,200,8312.343057931404,80077.51503604407
7,0,0.7080529351620791,0.9229536903391642,0.8607852300314258,0.005684717174335176,0.0,0.0,0.0,0.0,0.5,0.8,0.2,1,5272.118751306345,8587.343653980564
7,1,0.7158131898259489,0.9418992142524168,0.8788352745146576,0.03277560774101516,0.0424400358570698,0.0481506145590692,0.00010521765220967,7.671314551957001e-05,0.5,0.8,0.2,3,5205.5116331844665,8599.742662838558
7,2,0.6659367309329397,0.9973884913889032,0.9382095754617795,0.1420718243688369,0.49466790855346804,0.12977108852196678,0.04142382783169663,0.11830551012944332,0.5,0.8,0.2,4,4410.455193163619,43614.71142003719
7,3,0.5476405948873876,0.9220382428604302,0.8570156978978495,0.08593408772633902,0.31780989851374675,0.05883971727207192,0.05396188451206363,0.03934307421000492,0.5,0.8,0.2,5,3229.0901160406984,6597.545714095783
7,4,0.5891795236094428,0.9651730443663646,0.899937712140491,0.1302108882870955,0.13430349809329384,0.05900207381978345,0.10079562491570429,0.07348908932592457,0.5,0.8,0.2,6,2735.000803502143,6063.407108942711
7,5,0.5330068897581408,0.925397873643942,0.8722981887599576,0.10635571925394689,0.1135621787911719,0.07237457647515629,0.04130030053043442,0.04839730732943004,0.5,0.8,0.2,7,3020.450130362157,6215.3022336109925
7,6,0.5097607402937009,0.9448293193677145,0.8828481974001833,0.1737325637051374,0.5124490058801898,0.08472121870891339,0.09538571234376028,0.15764858433944814,0.5,0.8,0.2,8,2377.9462815708507,40880.13710417795
7,7,0.5029288081547953,0.951710652277625,0.9019896508514518,0.1795843787005765,0.1650674945071702,0.08472121870891337,0.09538571234376028,0.15764858433944814,0.5,0.8,0.2,10,2437.045289628796,41639.3222603148
7,8,0.4973843052507305,0.9373617519284128,0.8739358118529501,0.18422384550006243,0.18005408288690256,0.08509661208506637,0.09613513561765104,0.15855756875672655,0.5,0.8,0.2,11,2389.3375110356947,41567.26905435579
7,9,0.475687366560233,0.92351938730252,0.8574346417452356,0.18941504418698907,0.26116385459590497,0.08803513803575753,0.09610106286107747,0.15976228594440472,0.5,0.8,0.2,12,1845.7618210558423,37616.00346218917
7,10,0.46555535168359286,0.92061028994714,0.8514395042504738,0.20969821186119078,0.23097339499845548,0.10320397727358036,0.10255212060245548,0.17158891590924613,0.5,0.8,0.2,14,1696.9409155823807,38388.12133837413
7,11,0.44772817833861994,0.9076457328373645,0.8356272703045496,0.21619747146227083,0.22958636632144278,0.10129941621457783,0.10719979545945937,0.17607957678689323,0.5,0.8,0.2,16,1304.1913146371433,33449.802124298345
7,12,0.4201301747948737,0.880125200035298,0.8080741501840529,0.19325648327652217,0.14579537109113283,0.10727992544797191,0.07390875384851119,0.15764037038479659,0.5,0.8,0.2,17,1605.8639860952833,33541.52080556502
7,13,0.5240502195764087,0.9976652449794183,0.9366671463626379,0.31878337913384763,0.34124122966443454,0.08078974583277293,0.21011246297718472,0.26758893511338616,0.5,0.8,0.2,18,2513.7106098504155,1070370.658746797
7,14,0.5081110525174912,0.9954623670451721,0.9443076534760946,0.32783023056061245,0.33141034250350876,0.0746329392768169,0.21346132919521882,0.2947258765157686,0.5,0.8,0.2,20,3133.8759782460884,1089788.085262251
7,15,0.5073210088330173,0.9949095341631878,0.9432754262480817,0.3373440470747861,0.2790548031263162,0.07678849154020971,0.21641376800961193,0.28875825412780987,0.5,0.8,0.2,22,3125.731158600967,1068898.3369256645
7,16,0.5625781120885218,1.05070736655006,0.9975485805964542,0.40890093791598636,0.35478919732419106,0.08497535958310984,0.2854577253172949,0.3156193746476169,0.5,0.8,0.2,25,1977.505586981784,1060444.2362632882
7,17,0.6475837461061146,1.1358084172433283,1.0818154747295692,0.5092464088914833,0.44087899783330053,0.06403265674998064,0.3895343747132693,0.4015278675222538,0.5,0.8,0.2,27,2641.691969690072,2496431.379878114
7,18,0.5580656219209467,1.0462989687781123,0.9917718165226536,0.4206717983751192,0.3592729183493343,0.08503530866570647,0.28734563080944425,0.3258286535405416,0.5,0.8,0.2,28,1943.9966535780688,1059414.9636438803
7,19,0.6414974026664364,1.1268291188393185,1.065931033736241,0.5459887819653434,0.7154722534428792,0.05791355329006866,0.4305785979491512,0.4093556345176661,0.5,0.8,0.2,29,2075.7882624454214,2496178.015657014
7,20,0.6143535120972964,1.1082086889275153,1.0578102906018332,0.5375378444606976,0.49087774301382936,0.06726117305389433,0.40518897245573643,0.4114359831023856,0.5,0.8,0.2,31,2136.778475991747,2495939.332399483
7,21,0.6476613252336122,1.124618284619038,1.0572625886707758,0.5901359409387019,0.5714649212357532,0.06252791153507968,0.4573870084424702,0.46806677037858363,0.5,0.8,0.2,33,2086.8252613284835,2527315.103871404
7,22,0.619016500068509,1.1028277856598188,1.046042795863281,0.5805279332067738,0.5215394782883388,0.05478261489149686,0.45292229685880814,0.4112547513451948,0.5,0.8,0.2,35,2031.620515951045,2472934.8788446924
7,23,0.649509304235817,1.1274734922098981,1.067850858557207,0.6233520446681203,0.571046438933571,0.050670119156962165,0.4595156018417068,0.6012416969116933,0.5,0.8,0.2,37,4190.463463365615,2474902.0380896046
7,24,0.643040139782523,1.1095667644567984,1.0452048270144128,0.6399845467690297,0.6196020834233341,0.051162254859219734,0.4735668470533751,0.5926388189709163,0.5,0.8,0.2,39,4163.060816212885,2474797.674482484
7,25,0.6450744357930833,1.106812082235931,1.0406725355394133,0.6529274271798379,0.5668354728499448,0.04758869688186359,0.48428281805123746,0.5968352009666333,0.5,0.8,0.2,41,3913.7712532256073,2473355.977969396
7,26,0.6428821252624362,1.10434418002895,1.0381051354159836,0.6603967444355425,0.5307293233174154,0.04747299997915757,0.4829477161281758,0.5930300317102896,0.5,0.8,0.2,43,3912.1132958360017,2472811.596904972
7,27,1.244700635758279,1.7256730625868133,1.6936495535562734,1.3035859483953536,1.2423611722932122,0.2887275771177744,1.0,1.0,0.5,0.8,0.2,45,2680.77640377047,28703634887.94477
7,28,1.2796086072636468,1.7168527276402763,1.6623823155989124,1.3658771706512436,1.3944509442277633,0.40381439832064003,1.0,1.0,0.5,0.8,0.2,47,2632.2548883681693,6017745080.622872
7,29,1.2192161236265437,1.665971187219285,1.6240547750700043,1.3126958825093562,1.1512916554319133,0.2848570463378991,1.0,1.0,0.5,0.8,0.2,49,2748.0494670338526,28703714863.84209
7,30,1.2163345541153725,1.6401692776589352,1.5821946781718457,1.3175786781972596,1.2702552317540452,0.2913703150200154,1.0,1.0,0.5,0.8,0.2,50,2763.090779317235,28702755311.04349
7,31,1.1101082996958866,1.531043518008498,1.4723298784236845,1.2250565610480235,1.0451879703464957,0.08174909845932195,1.0,1.0,0.5,0.8,0.2,57,2243.079564945845,382193715096670.9
7,32,1.1116524812978628,1.5430466989321203,1.497144009550774,1.2396809759155878,1.0505910932616855,0.08556109898188059,1.0,1.0,0.5,0.8,0.2,58,3556.397238294571,382233678015830.4
7,33,1.1081952537595954,1.5249913231573082,1.4652350832879775,1.231166428746872,1.0756506748296015,0.08182150515881823,1.0,1.0,0.5,0.8,0.2,59,2222.2232294662376,382193765027499.8
7,34,1.1014412302103993,1.4991067364761521,1.4346898224088476,1.2233548494713948,1.2322076510151494,0.08448136708919479,1.0,1.0,0.5,0.8,0.2,60,2693.320885757425,382233616881124.9
7,35,1.098495168621284,1.489174236378141,1.423109710186499,1.2356726881670537,1.0755464830769261,0.08385742853324657,1.0,1.0,0.5,0.8,0.2,62,2405.816959292845,382233627783337.06
7,36,1.096401365681128,1.4836350623802483,1.4167671394871504,1.2409450286696087,1.0575001389295224,0.08216162836593047,1.0,1.0,0.5,0.8,0.2,64,2470.56733790719,382233548929068.1
7,37,1.0943755018059127,1.4707980875469657,1.401449082770822,1.2510455762382584,1.1438336105753413,0.08546176599313374,1.0,1.0,0.5,0.8,0.2,65,2599.653399998219,382233646748292.4
7,38,1.091729175185108,1.4583633728883514,1.3868120402797106,1.2470495708817828,1.1329664863627273,0.08631296396282628,1.0,1.0,0.5,0.8,0.2,66,3667.5480913634287,382233601456425.25
7,39,1.5376617754257118,1.9072672859296402,1.8786831320436146,1.7250021573810306,1.622825409518765,1.0,1.0,1.0,0.5,0.8,0.2,69,2196.1948309282807,277590728324564.6
7,40,1.5369778409626054,1.9035082830305046,1.8742803090401174,1.7379923366031134,1.5065654540588336,1.0,1.0,1.0,0.5,0.8,0.2,73,2216.201656046393,277590708448557.6
7,41,1.530385807436662,1.8188651528019206,1.7308146823583017,1.73832110787791,1.7786562455948827,1.0,1.0,1.0,0.5,0.8,0.2,74,3586.5871227386683,382194085903401.9
7,42,1.5289669880008556,1.8315950203084803,1.7678879612121132,1.7544302427321246,1.5335292175423774,1.0,1.0,1.0,0.5,0.8,0.2,76,3520.2378136230536,411328227339716.9
7,43,1.527050700327601,1.817935788188299,1.751889506596426,1.75660500706177,1.5476977421819387,1.0,1.0,1.0,0.5,0.8,0.2,78,3527.793338762492,382194103504174.1
7,44,1.5264966112008687,1.8138261364991453,1.7470761252690412,1.7630931680893964,1.5143506802807254,1.0,1.0,1.0,0.5,0.8,0.2,80,3479.2542658934026,382194113995829.6
7,45,1.5258956987066756,1.8204870957911459,1.7659594459975714,1.7730127252832053,1.515867854202739,1.0,1.0,1.0,0.5,0.8,0.2,82,3517.2473846261337,411328249555448.3
7,46,1.5253389426030248,1.8161936569497403,1.7609307134764833,1.7830254431522017,1.5149952428025895,1.0,1.0,1.0,0.5,0.8,0.2,84,3481.7317912790904,411328320491752.6
7,47,1.5244633490137613,1.831683580071147,1.801236950485367,1.792858203416749,1.5241776930781834,1.0,1.0,1.0,0.5,0.8,0.2,86,2467.4371090243267,382194120378967.2
7,48,1.523717753959354,1.814416477928659,1.769930779223557,1.795807197940656,1.5423887876646531,1.0,1.0,1.0,0.5,0.8,0.2,87,2425.8772273772165,382194071157387.6
7,49,1.5233302445027694,1.811191740007001,1.766153931353493,1.80603011347439,1.5112466199795995,1.0,1.0,1.0,0.5,0.8,0.2,89,2407.935793100598,382194084792827.4
7,50,1.5228291696493264,1.8069533518288745,1.7611898304368532,1.8091758672001694,1.5295716144365212,1.0,1.0,1.0,0.5,0.8,0.2,90,2407.895641805625,382194084791961.0
7,51,1.5220607635745886,1.7890936857145665,1.7291897060292165,1.8085169836997714,1.5464607230984695,1.0,1.0,1.0,0.5,0.8,0.2,91,2379.437017051706,382194108204549.3
7,52,1.0548967448277502,1.3457118220273834,1.3229157113986514,1.4829314142278747,1.0365553856554144,0.06812789590642221,1.0,1.0,0.5,0.8,0.2,122,2087.0899332414147,34399834056770.555
7,53,1.0542577549574375,1.3430507604316044,1.3198664702048306,1.4750023711732214,1.049499321619919,0.06733839130138743,1.0,1.0,0.5,0.8,0.2,123,2084.6281589790333,34399826612001.867
7,54,1.0533535596613803,1.3458067902293636,1.3341790064690087,1.4778737118950034,1.092539576159464,0.06730469494829246,1.0,1.0,0.5,0.8,0.2,124,2114.807695496813,34399834017888.805
7,55,1.0529042473552221,1.3554916880651096,1.3566600897482963,1.4962381324985203,1.0416588049097,0.06665177794706192,1.0,1.0,0.5,0.8,0.2,125,2139.180609235291,34399779832308.883
7,56,1.0529295498672853,1.3426975048757803,1.3305572735617643,1.5040388165466692,1.0461028618904686,0.06707057584804528,1.0,1.0,0.5,0.8,0.2,126,2153.940034813561,34399782633561.945
7,57,1.0528092390956931,1.340865740313533,1.3283993547411799,1.4883668686434641,1.046908096078098,0.06721648423655989,1.0,1.0,0.5,0.8,0.2,127,2119.962609242129,34399834298733.105
7,58,1.0528651301927756,1.3520977016225382,1.3526264455611576,1.5036192066855671,1.0338883729354291,0.06733462457737947,1.0,1.0,0.5,0.8,0.2,128,2079.103890172395,34399836360647.797
7,59,1.0527549040545372,1.3497532653049593,1.3498566417788609,1.5146065867450205,1.0424828333382439,0.06761330496160929,1.0,1.0,0.5,0.8,0.2,130,2117.800689499346,34399833793867.08
7,60,1.0519792112298028,1.3121117786188548,1.2943647111221996,1.510196155790686,1.2334923133330453,0.07137829704425472,1.0,1.0,0.5,0.8,0.2,131,2175.6005349943525,34399804619646.824
7,61,1.0526055608121194,1.3095732366616246,1.2912317615432973,1.5108185099481954,1.0610723922987944,0.07324272564676769,1.0,1.0,0.5,0.8,0.2,132,2231.04228156734,34399803322490.133
7,62,1.051702392422191,1.3004662919077326,1.2805894189694655,1.5172361931292138,1.0990954071829147,0.07295996553667881,1.0,1.0,0.5,0.8,0.2,133,2234.8740626232798,34399803603550.75
7,63,1.051702392733691,1.3004662918805456,1.2805894189422786,1.5172361932160607,1.0364814396762185,0.0729599654823051,1.0,1.0,0.5,0.8,0.2,134,2234.874062572294,34399803603550.75
7,64,1.0511711156639492,1.2805896777968162,1.2461944226774333,1.5159449369386417,1.0984216007941867,0.07334140628212885,1.0,1.0,0.5,0.8,0.2,135,2238.0143685606963,34399803538194.586
7,65,1.0499212316091855,1.2862397001227774,1.2640444609813732,1.522678854234708,1.0684108023282437,0.07158179234219421,1.0,1.0,0.5,0.8,0.2,136,2186.1387633019326,34399800194347.52
7,66,1.0503265783488236,1.3152294936751996,1.3311021805364096,1.5464128800382142,1.0493564697549773,0.07324010582771853,1.0,1.0,0.5,0.8,0.2,139,2242.612561774098,34399795944421.773
7,67,1.0495296998850943,1.3083416431647485,1.3230857764604111,1.5530087283615333,1.059426950089211,0.07264408068321378,1.0,1.0,0.5,0.8,0.2,141,2240.040114669334,34399794832059.05
7,68,1.0479620412192225,1.3187889047122405,1.3576155852969711,1.5633036692795157,1.1134614988026181,0.07112546137264601,1.0,1.0,0.5,0.8,0.2,142,2297.375448693136,34399793702993.2
7,69,1.0477363051588962,1.3130674272401794,1.350882305314181,1.5705509636325197,1.0770639722826199,0.07149925097677726,1.0,1.0,0.5,0.8,0.2,143,2295.23520233587,34399792590633.32
7,70,1.0475688878635654,1.299305655647991,1.323680346994955,1.5699313610541037,1.0538401951259242,0.07151881977049294,1.0,1.0,0.5,0.8,0.2,144,2303.238107886308,34399792517297.3
7,71,1.045750203858329,1.3039594874334293,1.3404662331826243,1.5679734958227696,1.0694773830214468,0.06855975945848566,1.0,1.0,0.5,0.8,0.2,145,2296.061053857919,34399797332058.92
7,72,1.0466483065505234,1.3001105764309453,1.3357470407633996,1.5767449560869542,1.071061826493088,0.07102579438504994,1.0,1.0,0.5,0.8,0.2,146,2287.5715472081297,34399803100307.73
7,73,1.045590594478546,1.2985269937426274,1.3340672527198312,1.5908660545151248,1.0383620427367442,0.0689822096266488,1.0,1.0,0.5,0.8,0.2,147,2212.7539942043904,34399794043357.074
7,74,1.0453984625180688,1.282619129309693,1.3043332135978352,1.5937642910674672,1.0514646991005419,0.0692175923952328,1.0,1.0,0.5,0.8,0.2,149,2269.0329230067177,34399792202737.52
7,75,1.0453102449976743,1.2924248150003244,1.3268998796214666,1.6056133668418644,1.0394760684462934,0.06921759239523284,1.0,1.0,0.5,0.8,0.2,151,2275.332076343183,34399795111549.35
7,76,1.0444541953090107,1.2874640634507883,1.3211891213977902,1.6002012383450597,1.0646708951601176,0.06805393177176527,1.0,1.0,0.5,0.8,0.2,152,2327.7461653933656,34399776372090.84
7,77,1.0470036964042848,1.2543079078827857,1.2705762235695814,1.6056457560839352,1.1289330986207293,0.07619268474200086,1.0,1.0,0.5,0.8,0.2,154,2045.721483759347,39714835152924.23
7,78,1.046422856242972,1.2432519452206465,1.2576244234646687,1.6197388354858384,1.115434682506942,0.07622138394356247,1.0,1.0,0.5,0.8,0.2,155,2095.080695131814,39714835268790.37
7,79,1.0470276110888046,1.2346145426504949,1.247318486861969,1.6227628184235168,1.107274782691051,0.07843109430827039,1.0,1.0,0.5,0.8,0.2,156,2225.737135586466,39714896969197.92
7,80,1.0466755673876682,1.2317813088493148,1.2440381234080309,1.6297937470453199,1.0481095595909353,0.07798760112573008,1.0,1.0,0.5,0.8,0.2,158,2254.616556046293,39714897357492.36
7,81,1.0458315379813226,1.241418681321364,1.266545734431814,1.6459759786592978,1.0434916412773614,0.07637489347515967,1.0,1.0,0.5,0.8,0.2,159,2137.154146227356,39714836845795.14
7,82,1.0468116915630452,1.240853739540707,1.265702416627269,1.6534946763649838,1.0506461365460733,0.07849607641359478,1.0,1.0,0.5,0.8,0.2,160,2214.933630338909,39714917303774.29
7,83,1.046795693700975,1.2177487911843619,1.2274594804548558,1.649156130915858,1.12705441184554,0.07965710448793498,1.0,1.0,0.5,0.8,0.2,161,2084.040370611224,39716980843193.05
7,84,1.0451299466694486,1.1795065561871316,1.1826739160940296,1.6493800919970378,1.306600407391196,0.07958808406890476,1.0,1.0,0.5,0.8,0.2,162,2152.896478738828,39716978783012.92
7,85,1.0450743859993805,1.1892812972502678,1.2052042965569914,1.6616435435459092,1.0447643227862473,0.07958808406890476,1.0,1.0,0.5,0.8,0.2,164,2155.996414456129,39716979930625.945
7,86,1.0441045381025391,1.1814437768041028,1.1961437928842955,1.6678901637214236,1.0640330761616255,0.0781954419664863,1.0,1.0,0.5,0.8,0.2,166,2139.472953049542,39716983312540.22
7,87,1.0458010835816074,1.1926126628237794,1.2200050247101542,1.6819228054329045,1.0534098192407482,0.08172366750277486,1.0,1.0,0.5,0.8,0.2,167,2113.09147491935,39716980222070.08
7,88,1.0452520612310605,1.1792179439843742,1.1933177973859854,1.6802475176405525,1.0522875547701274,0.08075264897236303,1.0,1.0,0.5,0.8,0.2,168,2147.399834945535,39716961395619.24
7,89,1.045337690845401,1.2268131191079594,1.3154155551924547,1.633577777189375,1.1125800424154049,0.08237413908882234,1.0,1.0,0.5,0.8,0.2,170,2112.9605516629936,39716980222069.484
7,90,1.0423117736198466,1.1061607519713286,1.1078593619535388,1.6501653184037428,1.130479192319878,0.07946493442815847,1.0,1.0,0.5,0.8,0.2,174,2042.3372939070389,34401825393685.168
7,91,1.0421704652892512,1.1057585769662763,1.1074114390374765,1.657450580850137,1.040544061781778,0.07919690097304496,1.0,1.0,0.5,0.8,0.2,176,2017.5821000750725,34401833474710.76
7,92,1.0427263679451562,1.0920843357148005,1.0802041024630733,1.6561060848050477,1.0619835824957644,0.0804745924105284,1.0,1.0,0.5,0.8,0.2,177,2046.4546542517155,34401830619843.1
7,93,1.041486644656279,1.1190172747823603,1.1451818738555717,1.696752825694759,1.0586679161216295,0.07828744068621987,1.0,1.0,0.5,0.8,0.2,179,2042.499158884662,34401825393685.04
7,94,1.0425889633254106,1.094170737502183,1.0937120308140122,1.6979895063366681,1.048879474388771,0.08067981603895083,1.0,1.0,0.5,0.8,0.2,182,2062.021538561083,34401837666007.125
7,95,1.0410374744347424,1.1612026609768458,1.250018692466152,1.688304649224716,1.1092292243427837,0.07807594631284057,1.0,1.0,0.5,0.8,0.2,183,2082.752139791519,34401837384527.8
7,96,1.041291350781189,1.0906922775569086,1.1008839738204332,1.7162922884888085,1.0647071961625227,0.07875832219052839,1.0,1.0,0.5,0.8,0.2,184,2078.68870854242,34401835167443.625
7,97,1.0426598303292292,1.1244867809088999,1.1734720479175647,1.7626657837061257,1.0417197859481349,0.0815532111091719,1.0,1.0,0.5,0.8,0.2,193,2055.4097142985347,34401791907860.96
7,98,1.0429994017224804,1.1224004547417732,1.170960061741456,1.7572375757710008,1.0470035025636641,0.08235067626619844,1.0,1.0,0.5,0.8,0.2,196,2025.6031657902445,34401790871813.117
7,99,1.0428107788757772,1.0992292277304259,1.1327241096898546,1.7542000735719325,1.1253186067838234,0.08252398113698535,1.0,1.0,0.5,0.8,0.2,197,2076.1706170274374,34401851051443.77
7,100,1.042639808259247,1.1207926165383149,1.1801702731772032,1.7691953257407997,1.045918442584314,0.08221270805913772,1.0,1.0,0.5,0.8,0.2,198,1993.6809179691604,34401812485043.312
7,101,1.0417361981643658,1.1085156503258995,1.1548633762526674,1.7777173232906878,1.0414223265910387,0.08041316376627314,1.0,1.0,0.5,0.8,0.2,199,2074.6445785808564,34401851376061.24
8,0,0.9715185392425278,0.9935479596847923,0.9434691961836249,0.012176214320389107,0.0,0.0,0.0,0.0,0.5,0.8,0.2,1,1198.4437216261465,7671.279404044189
8,1,0.9900394772806268,1.0293787135482568,0.9784016698278059,0.05616518491986379,0.05939222237141255,0.0819237728721522,9.158662429444001e-05,0.00020398985418201002,0.5,0.8,0.2,3,1364.070827993687,7012.180407012359
8,2,1.1565991077165287,1.4326535975882468,1.3792193719859267,0.5468495805228638,1.1538188374807476,0.10118013589516975,0.37137507466127034,0.8785835543492599,0.5,0.8,0.2,4,4006.501595852733,3135.569295109509
8,3,0.6941973264520788,1.0272713262392212,0.9678488391253913,0.16312278494655785,0.39723370706921435,0.10036314098789148,0.08254789338033316,0.1838579908737494,0.5,0.8,0.2,5,1254.860433665775,4662.49042929165
8,4,0.6577823040016028,1.038012055066822,0.9721347699294289,0.21420945215390166,0.3339422831102445,0.09131061849941949,0.13713745069238117,0.23028749343232646,0.5,0.8,0.2,7,1307.059635101676,5297.274420616968
8,5,0.5728993515283608,1.0014501146746113,0.9250787645276332,0.23863812907348023,0.4392083079711888,0.10451849422972914,0.13620343582319144,0.3245758926664283,0.5,0.8,0.2,9,1326.601567652399,1862.882493045617
8,6,0.5655624252011686,0.9967005966412714,0.9195183846575039,0.24392915144776597,0.24265953809135718,0.1042998558317368,0.13629892754043435,0.324669845779615,0.5,0.8,0.2,11,1352.5658947886398,1850.877489662988
8,7,0.5681010118870206,1.00139084993618,0.9234949908974782,0.25608021270981285,0.2640913240541577,0.10407012073037711,0.14431254211004063,0.3374756162028283,0.5,0.8,0.2,12,1410.6791391449185,1809.296752902996
8,8,0.5589941279876894,0.992425753517288,0.9144808979376486,0.25048889513972056,0.22829322285756137,0.10408564745051237,0.13658540269216174,0.32495170511918525,0.5,0.8,0.2,13,1380.1295981219826,1840.784957439478
8,9,0.5523637706649038,0.9894769726909658,0.9102035444359027,0.26015863098137004,0.2853027950581953,0.10444148404658216,0.14231547619425308,0.3251881173257945,0.5,0.8,0.2,14,1302.8677062778163,4139.0100282831045
8,10,0.5137431936446823,0.9910629198135086,0.947942511552541,0.26787446371511264,0.2737996554917255,0.09792226779500252,0.14191001662524627,0.2661400350384307,0.5,0.8,0.2,16,1888.7567707503915,30332.83537367561
8,11,0.48379988607730984,0.9688070080583425,0.9206331454531139,0.27965698093274144,0.3260180572805346,0.0942073270613274,0.15130049453683678,0.2741268229826926,0.5,0.8,0.2,18,1666.9625745967492,31235.592108908902
8,12,0.4820319866889119,0.967419460128457,0.9188704328735783,0.2905768702351278,0.23142352023478513,0.09563345668537107,0.15137620236580154,0.2742746422315306,0.5,0.8,0.2,20,1680.9591941480612,30954.30087956924
8,13,0.49357634894010155,0.9928932611114969,0.9526317271502805,0.33911216560139334,0.32963391877522,0.09072007863487348,0.19622868944956945,0.3160964141148487,0.5,0.8,0.2,23,1682.8709288726125,40978.85955574019
8,14,0.8963488415680196,1.3733225513303122,1.3049918942875194,0.7669881410139578,0.7226424229913173,0.13128403977878342,0.5185427106556899,1.0,0.5,0.8,0.2,25,1537.692568184592,57156.13808189639
8,15,0.8900399706964208,1.3661383119127102,1.2950772070101468,0.7823626798732775,0.7449369203677367,0.13343005812339856,0.5281505158141602,1.0,0.5,0.8,0.2,27,1032.1208469875014,50277.89969599218
8,16,0.8879532734523179,1.3638380937454102,1.2923869956354472,0.788085183359021,0.697160657104025,0.1335591498870853,0.5280413382587226,1.0,0.5,0.8,0.2,29,1013.4415670239076,50314.54722010674
8,17,0.8863625418727825,1.3621836806300598,1.2905723829193825,0.7925504614147667,0.695257100266689,0.13351439617120736,0.5271706921196609,1.0,0.5,0.8,0.2,30,986.1722235731736,51060.92990276196
8,18,0.8900972031532344,1.3655390267421197,1.2933746836685986,0.802500278289128,0.7173921535054499,0.13234140145422446,0.5361344752156882,1.0,0.5,0.8,0.2,31,942.87170514742,48324.63778806567
8,19,0.8538977024311574,1.3291338868027058,1.256673850769102,0.7700565089162397,0.6724444014354054,0.12940266007832274,0.49462340786635994,1.0,0.5,0.8,0.2,32,1055.2995237039058,47569.15234907328
8,20,0.8557512385998021,1.3412067007416473,1.2805011816454712,0.7775297899758862,0.7193481725541893,0.13226471299864634,0.5030142511298786,1.0,0.5,0.8,0.2,33,2263.6123687900026,58272.46052412357
8,21,0.8514721418339062,1.3367620998302463,1.2758697180186114,0.7825193924102061,0.6689999935524633,0.1373748976470126,0.4956287199258946,1.0,0.5,0.8,0.2,35,1462.7997227809683,54347.44035176147
8,22,0.8449708405641776,1.373590352233146,1.3631987258922786,0.8187539734500437,0.6965846647335903,0.13374429452472314,0.4988704760026124,1.0,0.5,0.8,0.2,37,1139.4518914240812,49487.71621408224
8,23,1.2275921272004455,1.7296341765127323,1.6899873969678145,1.2161159445409508,1.1297727085109295,1.0,0.4542767410959977,1.0,0.5,0.8,0.2,39,1177.0845528993948,44484.83691142061
8,24,1.1798954855916242,1.6780132449937908,1.6359253601894082,1.1852485525625978,1.125610156838925,1.0,0.40756831369619667,1.0,0.5,0.8,0.2,40,1430.0985436625035,45261.530516503095
8,25,1.2167347691189567,1.698125583245318,1.6401193341510485,1.238010210344159,1.114074857129618,1.0,0.4680112565743924,1.0,0.5,0.8,0.2,43,1120.6142083019952,45047.53280817807
8,26,1.1874050260827518,1.6656124305337439,1.6061007013803863,1.2185480481984845,1.112087753258567,1.0,0.4383590051536645,1.0,0.5,0.8,0.2,44,1244.337810341229,45480.08747512072
8,27,1.1704940894575173,1.6569070500077072,1.6090628353510354,1.2148028758644738,1.065740133434336,1.0,0.4232008089103977,1.0,0.5,0.8,0.2,46,1347.7731539273173,45945.6670140355
8,28,1.155566866947032,1.6400198113359497,1.5913413624709247,1.2115010139284341,1.0435565253322816,1.0,0.4081806716660165,1.0,0.5,0.8,0.2,48,1267.8799253049017,47239.80075077758
8,29,1.1608263805451384,1.6385826379977597,1.5872309313018058,1.2285020860469904,1.095228702429139,1.0,0.42589663050071325,1.0,0.5,0.8,0.2,50,1342.9996623924349,48442.74827816962
8,30,1.1595917428736977,1.6362684306739317,1.584507234230723,1.2376765898137558,1.0491417208987404,1.0,0.42599212221795585,1.0,0.5,0.8,0.2,52,1351.2151807303112,48200.65351066611
8,31,1.1511450109995836,1.6378650979069096,1.598670127789815,1.2431816652485466,1.0396309538153645,1.0,0.4171541310458887,1.0,0.5,0.8,0.2,55,1411.4687993908676,48485.53757552736
8,32,1.1672118179701534,1.649419505752044,1.6085872809337836,1.2694171588058645,1.1216101750255074,1.0,0.4435475798685241,1.0,0.5,0.8,0.2,56,2515.8730140991474,48317.02288666236
8,33,1.2099978391941195,1.702653059317733,1.6745540628249056,1.3708078133762556,1.0995181538572147,1.0,0.4980350079918051,1.0,0.5,0.8,0.2,66,1393.929796683027,47513.41717113858
8,34,1.2108350895692914,1.703093345578708,1.674854850481135,1.3790649039295897,1.1025313792119422,1.0,0.49960388857108723,1.0,0.5,0.8,0.2,68,1395.655329010891,47462.048925699135
8,35,1.1545160271958916,1.6453960864610933,1.6166777690433816,1.3284134247940953,1.0643451606720342,1.0,0.43098410104244733,1.0,0.5,0.8,0.2,69,1306.0086489612254,46086.09563811584
8,36,1.172166228620861,1.6734396114280934,1.6574422736550847,1.3569996482384352,1.068960471351936,1.0,0.45407374993358396,1.0,0.5,0.8,0.2,71,1292.1713451347964,46743.30080892908
8,37,1.183178037024101,1.6778859892845925,1.659695524775578,1.3423857323832609,1.1252309263193672,0.16102196542626634,1.0,1.0,0.5,0.8,0.2,73,2239.393837525449,54118.87940931972
8,38,1.1826404189904736,1.6765612004666473,1.6581117252419149,1.3458409793541133,1.0914315732575581,0.16139709690446655,1.0,1.0,0.5,0.8,0.2,74,2134.728059041496,54680.014450774375
8,39,1.1784139871339103,1.6690629623527458,1.6495532833792164,1.3439138081859194,1.1233557830401055,0.1587822329003042,1.0,1.0,0.5,0.8,0.2,75,2177.704915693292,56065.48620217674
8,40,1.1755080766338113,1.6610276981826881,1.6399383168951027,1.3544952707018376,1.1124974778292867,0.16116051535046066,1.0,1.0,0.5,0.8,0.2,77,2122.5673551602317,55128.48135612482
8,41,1.1771325853905603,1.6615409766924636,1.6401039757009273,1.3602567505691552,1.097809815998968,0.1662471442692552,1.0,1.0,0.5,0.8,0.2,78,1947.169948903,55103.85610243592
8,42,1.1738671095475832,1.656924351669951,1.6350875435852454,1.3646315150218447,1.0967074314920524,0.16168191692664508,1.0,1.0,0.5,0.8,0.2,79,2119.062762551884,54906.85546537508
8,43,1.1691511402033,1.647609478248112,1.6244027869946212,1.3694516804662047,1.1356868230038075,0.15905071346293234,1.0,1.0,0.5,0.8,0.2,80,2134.530968711721,54970.6965549374
8,44,1.1491765956581184,1.6251071352528725,1.6110218988236873,1.370141811370909,1.2261284920798583,0.13693821322741068,1.0,1.0,0.5,0.8,0.2,81,1926.8730594192195,56576.157802773385
8,45,1.1480532533894376,1.6102692917486803,1.5925246329975864,1.3747074877575298,1.1496211717800902,0.14999859547344443,1.0,1.0,0.5,0.8,0.2,83,2332.352140065591,56727.373195504304
8,46,1.1441398019738271,1.603832364431587,1.5854354609616437,1.3751940964782363,1.085629484547532,0.1447419062173485,1.0,1.0,0.5,0.8,0.2,85,2316.9124293059467,57223.8168584103
8,47,1.1443732695486364,1.6031149790335781,1.5844732066042222,1.3792447379656925,1.083080241664115,0.14616669254558304,1.0,1.0,0.5,0.8,0.2,86,2131.0209784988087,56975.1127639202
8,48,1.1432984164364235,1.601196811706661,1.582339062983748,1.381938523178595,1.0812006035582238,0.14485243051502855,1.0,1.0,0.5,0.8,0.2,87,2278.701533281629,57690.38593566336
8,49,1.1435997934643813,1.605190222776835,1.5974152931017889,1.4095523591149528,1.1560471357035824,0.15282831090863788,1.0,1.0,0.5,0.8,0.2,88,1900.671707839712,62460.25816794429
8,50,1.139511444755387,1.606034324981455,1.6097188940528406,1.4073435517371944,1.1366719990905263,0.1501049398046525,1.0,1.0,0.5,0.8,0.2,89,2280.226104408946,58473.399652272186
8,51,1.1340769414845477,1.5755628412604712,1.5629085638355653,1.4057783350031545,1.2114903745480246,0.1505550875249971,1.0,1.0,0.5,0.8,0.2,90,2155.844457523446,72637.50810806386
8,52,1.1323516848122235,1.580968622258718,1.5803564304952957,1.4192257105631203,1.094475577126163,0.15015238490303834,1.0,1.0,0.5,0.8,0.2,92,2274.654521361186,69997.14009824317
8,53,1.1313882275770155,1.565898670731794,1.5516062844755187,1.42253826771808,1.089049533344404,0.15035873256991394,1.0,1.0,0.5,0.8,0.2,94,2106.866589703538,72547.87430752422
8,54,1.130742222719782,1.5641500905979226,1.5496005830654707,1.4257198655188763,1.0801597467847515,0.14986132055651388,1.0,1.0,0.5,0.8,0.2,96,2228.3376506997447,65177.98316081306
8,55,1.1285525178989029,1.6035772859778417,1.6402869790551609,1.496789129593395,1.0769162372501655,0.14775909491475891,1.0,1.0,0.5,0.8,0.2,106,2294.015623889401,62500.56061583587
8,56,1.1261452080580319,1.582678146029851,1.604715414473626,1.506940734801814,1.1420669642943493,0.14789471746541188,1.0,1.0,0.5,0.8,0.2,107,2126.9488379448057,66229.60556119129
8,57,1.1261301146672242,1.5826172825636167,1.6046440244374442,1.5069349287720502,1.0743727433376056,0.14789471746541188,1.0,1.0,0.5,0.8,0.2,108,2143.980083195529,66098.6867076385
8,58,1.1247423649065222,1.5767876197414858,1.5978068887931374,1.521324929455315,1.0945452598480003,0.14800187272032234,1.0,1.0,0.5,0.8,0.2,110,2077.217636107371,66429.1826923996
8,59,1.3108581431880577,1.7619640985679446,1.7827616362691296,1.6925509312036058,1.2707735730910243,0.5209442631248795,1.0,1.0,0.5,0.8,0.2,111,1995.9048915843089,67798.52934830527
8,60,1.3141485665061412,1.7551960601448304,1.7737546238662278,1.7085333748861558,1.2968482145961355,0.5335548578292123,1.0,1.0,0.5,0.8,0.2,114,2086.697699109057,66561.00663360443
8,61,1.3065884415899904,1.7452243011340898,1.7632508846648973,1.7122749729263431,1.2671007253142366,0.5198252261665786,1.0,1.0,0.5,0.8,0.2,117,2023.2910839610076,66566.53786838625
8,62,1.118092367604465,1.56580344687621,1.596361826286576,1.5429054376173215,1.0911267208696331,0.14404877106552033,1.0,1.0,0.5,0.8,0.2,118,2309.3276830888176,66990.18452553819
8,63,1.3054880804688718,1.758609240086429,1.8008974320108952,1.7501484763711161,1.287176473470925,0.5220920880386065,1.0,1.0,0.5,0.8,0.2,120,1968.305072391005,68062.45404538795
8,64,1.3146581386861163,1.7325685091577718,1.767376165853508,1.7753180661405692,1.4310110260864188,0.5573708998617322,1.0,1.0,0.5,0.8,0.2,122,3086.63192884523,65934.93163503305
8,65,1.3749803359341881,1.7890449318238941,1.8230551142038427,1.855077305467299,1.3479441976674436,0.6796358555278154,1.0,1.0,0.5,0.8,0.2,126,2598.2366554999835,53349.66919073276
8,66,1.3088067492697422,1.7205286064014942,1.7647571073522115,1.8013526519134184,1.389825136422827,0.5526884178098633,1.0,1.0,0.5,0.8,0.2,127,3129.9368231011176,66586.28242219656
8,67,1.302096450314312,1.6850732882339379,1.7020124177552605,1.8076448975679393,1.2883356473950818,0.5416387101640535,1.0,1.0,0.5,0.8,0.2,130,2650.5761640575406,58744.07679164061
8,68,1.3032441665093801,1.6663026197511763,1.6900227632948104,1.8124809344883717,1.5308047820111297,0.554322384236445,1.0,1.0,0.5,0.8,0.2,131,2443.5827016095463,67506.04825756924
8,69,1.2966182806359219,1.6558981322364412,1.678874155394528,1.8208987639506895,1.286265408634583,0.5422038915542183,1.0,1.0,0.5,0.8,0.2,133,2583.9362839992405,64476.08521963992
8,70,1.29308994006967,1.650056799507344,1.6833882291107012,1.8298824528321964,1.3773955685717219,0.5390051829735745,1.0,1.0,0.5,0.8,0.2,134,2376.5029389020738,66203.1957953927
8,71,1.2900700410901909,1.6280201972006385,1.6576716328997856,1.8385982714827407,1.3439875327662887,0.5379077402540774,1.0,1.0,0.5,0.8,0.2,136,2499.263448239241,66402.9455434338
8,72,1.2895757903689125,1.611851335685771,1.6276436729018917,1.8298224079159786,1.3040109899721115,0.5380057996425793,1.0,1.0,0.5,0.8,0.2,137,2524.086281374984,66921.43481051116
8,73,1.2889047396323137,1.6098816814759502,1.625424766460622,1.8477778785981893,1.271886793722193,0.5369752862075149,1.0,1.0,0.5,0.8,0.2,140,2490.0325254716645,65840.75360373236
8,74,1.2904299493410307,1.60336754715734,1.6173734604458223,1.8568579746275127,1.2814060754966952,0.5419007143206386,1.0,1.0,0.5,0.8,0.2,146,2531.366962695534,288373.6026961028
8,75,1.287304925312297,1.570189087071691,1.5785076950937211,1.8649889629897725,1.502855940608509,0.5419629322901751,1.0,1.0,0.5,0.8,0.2,147,2689.203803732299,289502.31267743144
8,76,1.2854778538069576,1.5571292577529356,1.5524415589896754,1.8766028000213135,1.2694372204220734,0.5383159118061076,1.0,1.0,0.5,0.8,0.2,148,2405.2429474766623,289398.34125679487
8,77,1.2860397426377046,1.5673048644319552,1.5753195222081728,1.87115562967576,1.281992223468534,0.5397443999682533,1.0,1.0,0.5,0.8,0.2,149,2428.8540798990507,291331.9169868759
8,78,1.2825055535918413,1.5595564053409527,1.5667805344640304,1.875043359924572,1.2990110096945282,0.5334765032307897,1.0,1.0,0.5,0.8,0.2,150,2392.1011242195736,289953.31440924096
8,79,1.282436442684117,1.5582419051512357,1.5652328186927615,1.8824061365059301,1.271546942476603,0.5335713139301305,1.0,1.0,0.5,0.8,0.2,152,2398.671009766861,290347.5249651809
8,80,1.282506742611967,1.5660860218775479,1.5854360380402286,1.8800018242447345,1.293282125275424,0.5343435530707533,1.0,1.0,0.5,0.8,0.2,153,2565.346906310484,291121.39435386576
8,81,1.2775381356147866,1.5194043173527918,1.5200871137187828,1.8956211224799062,1.4960589403144182,0.5295648675476637,1.0,1.0,0.5,0.8,0.2,154,3188.595958980321,65728.27395680209
8,82,1.2781408836296977,1.506738599627693,1.5049782941277097,1.9070576511271151,1.3161090995215547,0.5327647205779014,1.0,1.0,0.5,0.8,0.2,156,3181.9258582285324,65414.67561178552
9,0,1.0,1.0,0.9510262383316989,0.012767904366277633,0.0,0.0,0.0,0.0,0.5,0.8,0.2,1,781.8546428463583,8001.541735541956
9,1,1.0061895601581043,1.0243998062250486,0.9745155018063578,0.04539089094695129,0.04828272364684475,0.05922232646947889,0.00010725661360837,9.750412846396e-05,0.5,0.8,0.2,3,750.5536819822771,7868.089025500393
9,2,1.2902221330276782,1.4328441978714013,1.375908523872208,0.5044807084038532,0.7690355268267597,0.0727610151370449,0.44975293536534294,0.41576155504565593,0.5,0.8,0.2,4,2050.2562396800377,3963.041035090403
9,3,0.7410661081932292,1.054772509288331,0.9975840952275831,0.17713750591510824,0.7064916081849208,0.07263612672476423,0.13355810384718295,0.12141411216340567,0.5,0.8,0.2,5,779.0753984461219,5405.576237134425
9,4,0.6840845689628005,1.0781040878510924,1.0097473809616277,0.26429863578605395,0.48340174897300203,0.09575475663982565,0.197762604831506,0.24952575318652928,0.5,0.8,0.2,7,1247.6255921705292,7399.780792509689
9,5,0.7146393409484822,1.1227634873740107,1.051820835687161,0.3278422650904427,0.3705891737274414,0.09905172431749666,0.25263500651185666,0.32059048703077336,0.5,0.8,0.2,9,1721.7920019007738,7319.256854731728
9,6,1.435479586327979,1.8713669692985446,1.8249868702180523,1.1152469418126076,1.0594211747837858,0.1006942089437162,1.0,1.0,0.5,0.8,0.2,15,2213.304288933668,35492.74537043269
9,7,1.4014681610370292,1.8578540833760262,1.8057231247900865,1.1347896883439827,1.1876877175614242,0.14082922051064908,1.0,1.0,0.5,0.8,0.2,17,612.4299927960712,39691.16904283609
9,8,1.3963532656822844,1.8545713661466847,1.801787191330383,1.1426511777385853,1.0842697327895465,0.14189291896555264,1.0,1.0,0.5,0.8,0.2,19,628.8954259616494,39685.89636065059
9,9,1.3963533651595432,1.8321626689166133,1.7533772666839338,1.1274310868516952,1.0709465887695104,0.14189291914728755,1.0,1.0,0.5,0.8,0.2,21,628.8963216463865,39685.87603044779
9,10,1.3956723985826758,1.8765122950844735,1.8496498085611242,1.1610953781993971,1.0741620812853032,0.14188332751701815,1.0,1.0,0.5,0.8,0.2,22,598.1921676945465,40780.10540076605
9,11,1.3880470051142038,1.825960166426542,1.7463817507983117,1.1375823137285863,1.0985402167363854,0.13874976085190246,1.0,1.0,0.5,0.8,0.2,23,884.7040492976181,39617.12219789638
9,12,1.349456105416535,1.8266757219441645,1.7836227040207928,1.1382141924142324,1.1014940612605622,0.10187279076606318,1.0,1.0,0.5,0.8,0.2,25,288.87565812600644,38486.023624619
9,13,1.6123963264120065,2.103394224572051,2.0719645857980247,1.4290609170114847,1.3524958935053963,1.0,0.7806148479743223,1.0,0.5,0.8,0.2,27,1468.9327005439336,95715.08846857928
9,14,1.6460984314959086,2.130476138643291,2.0828746090608763,1.4851838265309534,1.4459488188048055,1.0,0.8516208819211235,1.0,0.5,0.8,0.2,29,2258.2451985872062,246025.01732873885
9,15,1.3112421202031415,1.8297466413310237,1.8207622331650912,1.1801995699332464,1.057292705307212,0.09839956959311368,1.0,1.0,0.5,0.8,0.2,31,179.8677083804359,39259.59280760762
9,16,1.3176386782977552,1.8361867903251967,1.8270903628843755,1.1866706607392121,1.0604090749869217,0.11258809017590996,1.0,1.0,0.5,0.8,0.2,32,184.24386023021844,41182.9776050631
9,17,1.2849594447198462,1.806197113409221,1.7935023415394,1.1850198751994043,1.194081546474458,0.09463154048284587,1.0,1.0,0.5,0.8,0.2,33,209.22173926909716,34388.48376289515
9,18,1.2715787280031812,1.793369721511614,1.7786913314582566,1.182704494661856,1.1269052776959254,0.09214180225188587,1.0,1.0,0.5,0.8,0.2,34,208.4242762044392,35321.190570928295
9,19,1.2600467381636322,1.7367144504792693,1.667018251988602,1.1576088934304607,1.113336986429723,0.10368342906792852,1.0,1.0,0.5,0.8,0.2,36,238.91099429427783,35742.16817602085
9,20,1.2588105766019122,1.7690155751838483,1.7380963973319175,1.1929088252815052,1.0564203499467621,0.10368116064695505,1.0,1.0,0.5,0.8,0.2,38,246.56569455937296,35999.38182481952
9,21,1.2486162968792982,1.768887259956579,1.7486865477828804,1.211533722836348,1.1472282335089528,0.10766958599746153,1.0,1.0,0.5,0.8,0.2,39,227.32650730652125,35869.989470396315
9,22,1.223045483941572,1.7495516729816876,1.7373874141435772,1.2163270052928035,1.1533470745420178,0.10456079859651064,1.0,1.0,0.5,0.8,0.2,41,230.3155448191388,36613.0646568298
9,23,1.2210756235307063,1.7580352634480574,1.7583090317472323,1.225678351467954,1.0643083522726011,0.10568809147699668,1.0,1.0,0.5,0.8,0.2,43,268.96763980974475,36230.49752363672
9,24,1.2190032547481007,1.7438174966629663,1.730421324361526,1.2300424572258106,1.06738877866277,0.10747981713175421,1.0,1.0,0.5,0.8,0.2,45,265.4136241079358,36827.49497585967
9,25,1.2027794910877825,1.7317774178449654,1.7271894815916689,1.2382942838468085,1.1404609825436212,0.10994946602771882,1.0,1.0,0.5,0.8,0.2,47,269.53553610799787,36866.29359112364
9,26,1.1829998940322473,1.7041458184963256,1.6957922992340742,1.245976267471619,1.1261171345718606,0.09866183133260432,1.0,1.0,0.5,0.8,0.2,49,422.6372309469958,36844.33976536013
9,27,1.1817287244990244,1.6955794882096393,1.6841915190763392,1.2602119308280573,1.1203571438184423,0.11696675300932544,1.0,1.0,0.5,0.8,0.2,51,770.4420601709969,31948.17691396044
9,28,1.174119941741026,1.7246495195568623,1.7622109268259931,1.3105480076692761,1.0813153603929577,0.12112536623861395,1.0,1.0,0.5,0.8,0.2,57,2841.1238373882984,48131.41445083877
9,29,1.1687313993173587,1.715303061287058,1.751473416684216,1.315440504581905,1.087699458870146,0.11867684045100632,1.0,1.0,0.5,0.8,0.2,59,2684.244576294727,47047.545935067705
9,30,1.1622979210488213,1.7146099014458753,1.761939135819943,1.3232880932231883,1.0957666521051304,0.11638919438103797,1.0,1.0,0.5,0.8,0.2,61,2774.2942231530324,46925.325588080486
9,31,1.1446757769775056,1.6900863235242758,1.7448137668253623,1.3202684427615663,1.1694162678933204,0.1103591739116084,1.0,1.0,0.5,0.8,0.2,63,4037.055503330332,46860.01822274733
9,32,1.1462113427600447,1.6770318066031835,1.717777139687206,1.3406772140223602,1.0790666811592493,0.11812202674712076,1.0,1.0,0.5,0.8,0.2,65,2727.740137011022,46691.95558137919
9,33,1.1460024848263377,1.687717106152734,1.7413740400473188,1.3578530793601908,1.060868175420271,0.11812202674712076,1.0,1.0,0.5,0.8,0.2,67,2710.9800526044087,46576.06781481984
9,34,1.1448596465472727,1.6721328315418138,1.7118675804215961,1.3556148977639362,1.097653888176471,0.1201264601300398,1.0,1.0,0.5,0.8,0.2,68,2816.085783935734,43657.70370889078
9,35,1.1315779011367266,1.6350350929565818,1.6683647530379164,1.3521656188688216,1.322009344324069,0.12073081524311424,1.0,1.0,0.5,0.8,0.2,69,2689.467832806901,47679.44561921786
9,36,1.1241735344003,1.6320283721496018,1.676633142789978,1.3506325870831941,1.0912603723939056,0.11245824485719,1.0,1.0,0.5,0.8,0.2,71,4075.8162910839615,50207.27943857327
9,37,1.1240700893286852,1.642903784548738,1.7004530057814753,1.3679901390255083,1.0573636158451567,0.11245824485719,1.0,1.0,0.5,0.8,0.2,73,4070.63787622316,50170.87823295129
9,38,1.1237989718754746,1.623153064463115,1.6656484718305131,1.377470542665744,1.101533278060079,0.1193422884073172,1.0,1.0,0.5,0.8,0.2,75,2663.478856278071,46336.96618482115
9,39,1.110602600288597,1.575318040403283,1.578561868096781,1.3613554344213383,1.0483518640561,0.09381875284095724,1.0,1.0,0.5,0.8,0.2,82,1658.7707364957955,30204.628482876546
9,40,1.1060831422269797,1.6071270177892747,1.6603202518187452,1.4017180403768166,1.1296094862484813,0.09177323385624946,1.0,1.0,0.5,0.8,0.2,83,1752.2384893266972,27363.18878273406
9,41,1.1059983209294069,1.606242114373779,1.6592441042337709,1.4054185781530673,1.0500220112591137,0.09223691107830431,1.0,1.0,0.5,0.8,0.2,85,1764.120179531657,27257.4036425749
9,42,1.1054327924499328,1.6054180060322853,1.6583582311979237,1.4193113899429584,1.0469189614650385,0.09131016582090248,1.0,1.0,0.5,0.8,0.2,87,1724.2937733683757,27162.80126524375
9,43,1.1043526218659474,1.60155667696043,1.653835765085512,1.4189541622776607,1.0726024505295493,0.09130827771971466,1.0,1.0,0.5,0.8,0.2,88,1742.945567697109,27214.42942461906
9,44,1.0977615524703255,1.5699571591415433,1.6060151131223237,1.4084312335970137,1.0769007726956255,0.08813019381729846,1.0,1.0,0.5,0.8,0.2,92,1757.2383140840527,22093.53043541829
9,45,1.0979211326647487,1.5859364580514994,1.646490908170822,1.4351933264943055,1.107776852694317,0.09284247453940604,1.0,1.0,0.5,0.8,0.2,93,1825.9735118836008,28324.162681465405
9,46,1.0950600918942448,1.598344432968034,1.683290956318029,1.4665849857715079,1.1114336730264325,0.09163211203604084,1.0,1.0,0.5,0.8,0.2,94,1819.058522721229,24318.32825009354
9,47,1.0828431479632454,1.494157774959404,1.5169252131864985,1.3994976449053025,1.4609094544847627,0.09174249644914154,1.0,1.0,0.5,0.8,0.2,95,1301.9791651945868,28427.208528089715
9,48,1.0828394431044812,1.4927508794273252,1.5152254375159577,1.410450593962127,1.0521487636559992,0.09234971088876835,1.0,1.0,0.5,0.8,0.2,97,1276.8178526945733,28158.443035344942
9,49,1.0826544841493457,1.4889511010936134,1.5106731900123942,1.4214731002778203,1.062110697283517,0.09353706071172377,1.0,1.0,0.5,0.8,0.2,99,1328.7103373054583,28498.394361177467
9,50,1.0826654194880427,1.507260498124029,1.5648302193903791,1.455589402674907,1.1141993378039672,0.0997648112761198,1.0,1.0,0.5,0.8,0.2,101,1462.9310291694856,33584.1991856969
9,51,1.0826248559675034,1.5050607849815558,1.562189842518219,1.4705066558052327,1.0592407963314645,0.10051074139506573,1.0,1.0,0.5,0.8,0.2,103,1482.797862781928,33616.17258400573
9,52,1.0775728194042828,1.4495531776120187,1.4642755131013625,1.4371739147375424,1.1871118873897635,0.09648768749283004,1.0,1.0,0.5,0.8,0.2,104,1517.3993287115634,30555.562226817136
9,53,1.0774684919331234,1.4485657260146663,1.463110919357728,1.4482052267869736,1.051902859849208,0.0965807744317472,1.0,1.0,0.5,0.8,0.2,106,1510.481641855537,29755.29614690703
9,54,1.0770957925969535,1.4244747600183447,1.4127565418674386,1.4260306807808156,1.0588487833085731,0.09628026809741433,1.0,1.0,0.5,0.8,0.2,107,1514.389797097038,29699.185392702253
9,55,1.0666732886586594,1.4547755830175622,1.5266264876454019,1.4762208403945511,1.3466197560131914,0.0868461867282755,1.0,1.0,0.5,0.8,0.2,108,1530.8279851984466,27328.319436105
9,56,1.067641244150914,1.4665725781827839,1.5513510010717577,1.506673302418999,1.0450373263166728,0.08888356826505919,1.0,1.0,0.5,0.8,0.2,113,1473.974269064633,33325.56396917159
9,57,1.0652009914306115,1.4505920525921423,1.532750740727204,1.5045862021162668,1.1506182191104084,0.08751940219073391,1.0,1.0,0.5,0.8,0.2,114,1480.3783178893416,25691.763528223863
9,58,1.0642597053434897,1.4471252801267118,1.539650506794202,1.515588465866738,1.0981723387882152,0.08893748738780143,1.0,1.0,0.5,0.8,0.2,116,1650.4291354285026,25771.472743782284
9,59,1.0624611591198838,1.4129679766370589,1.4775955930899785,1.5322450993524763,1.0567170205111167,0.08758637044958276,1.0,1.0,0.5,0.8,0.2,122,1536.058902817048,21971.072467647664
9,60,1.0594258875279168,1.4055788683924149,1.4911580422505848,1.537290547647302,1.2492100069513847,0.08696232915561106,1.0,1.0,0.5,0.8,0.2,123,1732.9328645976752,21666.740121345483
9,61,1.0621322125874995,1.3821839871893056,1.4519791235759363,1.543366534724526,1.1043031812966921,0.0950874839831998,1.0,1.0,0.5,0.8,0.2,125,1680.3810120509977,25318.86239617235
9,62,1.0621292469556254,1.393351407454532,1.4761408451046647,1.5549522277547432,1.047672536360518,0.0950874839831998,1.0,1.0,0.5,0.8,0.2,127,1679.8117709813723,25313.523418244917
9,63,1.0611566508866217,1.3801119938784285,1.4497030938774476,1.5652904793255196,1.0547334913861937,0.0933277723617338,1.0,1.0,0.5,0.8,0.2,128,1776.3204555740783,24195.60407568353
9,64,1.060214178003989,1.3952557385862117,1.4896724571001323,1.5721255737035964,1.094197830737736,0.09252463034875684,1.0,1.0,0.5,0.8,0.2,129,1764.661069736737,26306.40860249359
9,65,1.056145644651559,1.3455287646714178,1.4205899473966956,1.550969219407077,1.3040258894097854,0.08969622218022294,1.0,1.0,0.5,0.8,0.2,130,1650.1459428726769,21448.92130341125
9,66,1.054279236957468,1.324553927954076,1.3961231339992661,1.5645188075199985,1.1154711694837414,0.08852712269999294,1.0,1.0,0.5,0.8,0.2,132,1693.835702332644,21493.070742006887
9,67,1.0546647626852477,1.3205541498478401,1.3913248583002635,1.5723015816973318,1.0612072898944713,0.08985232821602714,1.0,1.0,0.5,0.8,0.2,134,1719.129359940449,21629.97250837749
9,68,1.0531933999683432,1.3003673373956548,1.3677416274549048,1.5814561675547196,1.113898016930006,0.08914424488751543,1.0,1.0,0.5,0.8,0.2,136,1855.182788122504,21228.2441752682
9,69,1.0532242426987377,1.2995399249387622,1.3667588488901454,1.5933023395935968,1.047796896401938,0.08930267256609115,1.0,1.0,0.5,0.8,0.2,138,1931.9448302988724,21346.822955102027
9,70,1.0528790484932713,1.2904967195764683,1.356143549613171,1.5963919154795825,1.0768155589130977,0.08957582900993742,1.0,1.0,0.5,0.8,0.2,140,1931.9534190271224,21550.08037223653
9,71,1.0530802602125737,1.2938657350854537,1.3710635235935336,1.619590608403892,1.065111479495029,0.0908327287709708,1.0,1.0,0.5,0.8,0.2,143,1817.330856107924,21141.94553220977
9,72,1.0527420269930832,1.2926286449646913,1.3696645755590995,1.6306890608115883,1.0484283566980435,0.09024976106731984,1.0,1.0,0.5,0.8,0.2,145,1854.2636525082803,21416.6574865333
9,73,1.0523824220924636,1.288864491747063,1.3652872705972319,1.6263508353265215,1.069944747917556,0.0898811182246408,1.0,1.0,0.5,0.8,0.2,146,1931.0064842342128,21288.223184948387
9,74,1.0522118689953137,1.2835238754059843,1.3590166823997682,1.6374199987756775,1.0829734275061682,0.09006127882861051,1.0,1.0,0.5,0.8,0.2,147,1912.9639582248376,21617.98546923052
9,75,1.052452495886642,1.2812117321877878,1.356245587004177,1.6490261278986065,1.0548296645778947,0.09079708057585753,1.0,1.0,0.5,0.8,0.2,149,1928.8859697326172,21790.63481877153
9,76,1.052783433946351,1.292557373750684,1.380557893386301,1.6730339594430572,1.0461438904361446,0.09147527891123408,1.0,1.0,0.5,0.8,0.2,152,1988.9933359568024,19802.57258311497
9,77,1.0520670324096082,1.3119548079496506,1.4365353095592133,1.7342413935180963,1.0522467058882563,0.0913250513701358,1.0,1.0,0.5,0.8,0.2,167,1877.035231738068,21929.956060611992
9,78,1.0520670324269883,1.3343633343217742,1.4849448406174555,1.7631698814157446,1.0456625688554237,0.09132505140209111,1.0,1.0,0.5,0.8,0.2,171,1877.035234448506,21929.956082318407
9,79,1.0520282960180523,1.3320865631516294,1.4822672788102702,1.7544002021117482,1.0621018513921787,0.09145252508846871,1.0,1.0,0.5,0.8,0.2,172,1906.8841380986544,22834.07885859636
9,80,1.0517867462044834,1.3297700187124895,1.479579302289147,1.7751798796716873,1.0606992546136464,0.09115681300334226,1.0,1.0,0.5,0.8,0.2,173,1805.5910168494927,21791.193223623264
9,81,1.0520227615950546,1.3244580471084593,1.473275108378622,1.7704672809553406,1.0865580819102554,0.0921217182747422,1.0,1.0,0.5,0.8,0.2,174,1927.3827113916925,22840.53604776848
9,82,1.0519739105057233,1.3344906885774754,1.4961074529627836,1.7829085183841935,1.0501364620520708,0.09212171830664674,1.0,1.0,0.5,0.8,0.2,176,1920.2744061580056,22797.09254099238
9,83,1.0517815386232634,1.3318286746189159,1.4930041799716676,1.7904761461828724,1.0549772358811909,0.09195091117388857,1.0,1.0,0.5,0.8,0.2,178,1977.214613328185,23050.09189781844
10,0,0.7922326238700641,0.9480128548427701,0.890135917967599,0.007990598170689141,0.0,0.0,0.0,0.0,0.5,0.8,0.2,1,4142.118626963242,8787.441425597292
10,1,0.8026249739410889,0.969503127316961,0.9108730104057773,0.03687496713747954,0.04127994628475099,0.05157062828531409,0.00010196117805215999,0.00010985789032766,0.5,0.8,0.2,3,4167.72697989299,8929.762531177656
10,2,0.7959303461121116,0.9699855894169904,0.9109127862868771,0.04204966189224878,0.04866150846782464,0.033029202424883594,0.01469684997786569,0.00341769688157765,0.5,0.8,0.2,4,4442.534521102825,9643.839795151038
10,3,0.6105050277542201,0.9756872340273,0.9122100163337207,0.13142728689733513,0.8369632235032389,0.06323992110201436,0.09203802457461996,0.09916620622521369,0.5,0.8,0.2,5,2976.852578017777,6589.6696206581255
10,4,0.5396059388617872,0.9426516440080331,0.8725742313651931,0.13798734419465672,0.26357575533527167,0.0555236481013322,0.10072594189691286,0.11122510659404336,0.5,0.8,0.2,7,2260.7626319686265,15966.85785334931
10,5,0.541416152195379,0.9566499499184815,0.8838540672369092,0.1700725011021823,0.21559873451418915,0.059095396424664035,0.1267896938637954,0.1474018077005226,0.5,0.8,0.2,9,1783.9079778738628,35210.97798208216
10,6,1.2949926445085624,1.7269990377733906,1.6658817553642462,0.94810734992371,0.9823853723492533,1.0,0.28415558657058965,1.0,0.5,0.8,0.2,10,3015.461226495648,6696.251669074087
10,7,0.485642551987724,0.9172467349144791,0.8399296248742112,0.16520354470841941,0.27701041410593413,0.04009005778823767,0.13096555863114534,0.11319582706957396,0.5,0.8,0.2,11,2208.075488472858,15887.647316322826
10,8,0.5501661961648125,0.9867360993766664,0.9076881350397363,0.25376336016460377,0.297675759923951,0.03478215073562269,0.2340624056986786,0.11206051184354326,0.5,0.8,0.2,12,2695.081068168636,15858.19841336781
10,9,0.46954510337655997,0.9100879750838453,0.829428264651831,0.18180669716294212,0.2253129794324076,0.04507014923787312,0.14026652801249467,0.12533804478890995,0.5,0.8,0.2,13,2206.5335649196654,15839.769050270226
10,10,0.7799086094372198,1.2218340789361855,1.1405658070938358,0.5070921100016124,0.49998250346317424,0.15986237926895377,0.24398083169045268,1.0,0.5,0.8,0.2,14,2625.6700285959405,15987.887213973016
10,11,0.48232447534892847,0.9269304069500807,0.8443520200267901,0.2135625879260507,0.24121488420158643,0.053287597201573535,0.15833315916659435,0.1727592384248938,0.5,0.8,0.2,15,2214.141045561318,15794.605591607466
10,12,0.7488875794631982,1.1951891496991454,1.1116848081972044,0.49077376893866415,0.48041063195157563,0.25177342644914413,0.16955120589450773,1.0,0.5,0.8,0.2,17,2106.6785225797485,15418.788587569585
10,13,0.45445257102706765,0.9137130506498303,0.8421474607943241,0.21037501170402656,0.21846110866894974,0.04381608033966499,0.16016529720464856,0.12503922665718792,0.5,0.8,0.2,18,1053.2507789206943,12445.873326741748
10,14,1.152226361399531,1.611902838535589,1.540049020855333,0.9200343206314425,0.8865776892484016,1.0,0.2186508970077587,1.0,0.5,0.8,0.2,19,1406.498804345208,12493.53675784094
10,15,1.24462381678509,1.7316550831632982,1.6731127989250096,1.0902379413142795,1.5638678738268994,0.09272115414834632,1.0,1.0,0.5,0.8,0.2,20,1108.0781251996086,14412.438778360116
10,16,1.239789242443815,1.737332745802796,1.6907340846188805,1.0975570995699995,1.0685576821235032,0.0940104143572878,1.0,1.0,0.5,0.8,0.2,22,1147.853852601444,14179.867499483847
10,17,1.216655572945311,1.7106547808333525,1.6603684138149168,1.1053849918054568,1.0794821373161216,0.08372085765249389,1.0,1.0,0.5,0.8,0.2,26,1438.9318500907684,13141.12975234572
10,18,1.216658070257069,1.7092254454133495,1.6578092288746782,1.1169928134243836,1.0700445101012013,0.0940572495202375,1.0,1.0,0.5,0.8,0.2,28,1428.7956721939504,15564.37120637729
10,19,1.2158639167539373,1.7193937474294947,1.6808005606282441,1.1326942446215826,1.0506272224809274,0.0940572495202375,1.0,1.0,0.5,0.8,0.2,30,1411.0526339617998,15413.093830635862
10,20,1.2092856276172175,1.7117554809624116,1.6723828651341388,1.1311031013257682,1.0546236155924884,0.08788390794311743,1.0,1.0,0.5,0.8,0.2,33,945.0187170327396,22546.7740781618
10,21,1.2122321798110105,1.713977425784379,1.672867020211137,1.1601312491050866,1.1012629685649578,0.1126223442803151,1.0,1.0,0.5,0.8,0.2,35,1198.675804292189,23488.15645190256
10,22,1.1898088276928833,1.688436653459476,1.6540340924493235,1.1649733336376817,1.1749793543105904,0.11262234428031506,1.0,1.0,0.5,0.8,0.2,37,1040.326297874571,21191.56361337016
10,23,1.1905553912108942,1.6846943761650965,1.648384726425687,1.1915755583635927,1.0896634741525952,0.1274097151782617,1.0,1.0,0.5,0.8,0.2,40,1459.3267558175453,22829.40716065246
10,24,1.1801811179326647,1.6776185353413018,1.6512354092909864,1.2048833236077205,1.1261470228165114,0.12674818147078115,1.0,1.0,0.5,0.8,0.2,42,1458.6875188015788,20267.30435372835
10,25,1.179830738812263,1.6653895043021627,1.6257645643540877,1.2127633089905465,1.066954172203986,0.12751597456908212,1.0,1.0,0.5,0.8,0.2,45,1440.1587954754525,22208.65182241906
10,26,1.1778209858800268,1.661951377589067,1.6218064731865305,1.21863047732448,1.0739582016881002,0.1267130744420623,1.0,1.0,0.5,0.8,0.2,47,1408.7764237605877,22309.24499686132
10,27,1.1891524060272005,1.6805685533479442,1.6520312918233155,1.2347797226916155,1.1073914922480192,0.15780500288435634,1.0,1.0,0.5,0.8,0.2,49,1362.6956398422235,11835.778634584223
10,28,1.189978701993197,1.6812576193169917,1.6526759100342046,1.2378765604624398,1.0815347780821902,0.15970184200378482,1.0,1.0,0.5,0.8,0.2,50,1368.3144723241828,11829.265906300709
10,29,1.1794188157515813,1.6600205333607325,1.6278934694029006,1.2422309456958305,1.2239504589317407,0.15863192360982886,1.0,1.0,0.5,0.8,0.2,51,1312.064686749596,7684.871781936677
10,30,1.1794188152035567,1.6600205333023534,1.6278934693445217,1.2422309456360876,1.079316659291443,0.15863192349307087,1.0,1.0,0.5,0.8,0.2,52,1312.06467516168,7684.871649779394
10,31,1.1756220288717518,1.6510642770394388,1.6173219294483654,1.2508810609625438,1.145743098689807,0.15958366620399994,1.0,1.0,0.5,0.8,0.2,53,1304.1553844874825,7593.89501504797
10,32,1.1756220284874856,1.6510642769825672,1.6173219293914938,1.2565191435291898,1.0797919614393137,0.15958366609025693,1.0,1.0,0.5,0.8,0.2,54,1304.155374347698,7593.894885805523
10,33,1.1745792711601102,1.6493259369132687,1.6153690522473696,1.257147837349751,1.0881157571252587,0.1586126459548311,1.0,1.0,0.5,0.8,0.2,55,1313.9017685372723,7537.790033167461
10,34,1.1737180856873513,1.6460961272807173,1.611421058809463,1.2634336572797316,1.1094722354192386,0.16053987556497198,1.0,1.0,0.5,0.8,0.2,56,1291.9523094398992,7651.808604537798
10,35,1.1683744840148962,1.6629285361817108,1.654185993166158,1.2709291994769878,1.077801212518667,0.1501874139553519,1.0,1.0,0.5,0.8,0.2,57,1452.3927512651694,5872.037571292622
10,36,1.2002772016882806,1.6913984894822711,1.681633137646464,1.3118224075639453,1.1511697608916567,0.2190712629105628,1.0,1.0,0.5,0.8,0.2,58,1396.1861922633657,7858.721366964548
10,37,1.1992712824209035,1.6877861794655353,1.6772561495122558,1.3157721497715578,1.1415942779877344,0.2207775017230027,1.0,1.0,0.5,0.8,0.2,59,1423.1829438457048,7699.969487224122
10,38,1.1542552895082137,1.62458492399932,1.608949668254312,1.2820099332832433,1.2876295577941383,0.15399554298120724,1.0,1.0,0.5,0.8,0.2,60,1471.083865490257,6122.57052330877
10,39,1.185573999502397,1.6529626170199956,1.6365773425684893,1.3143227690203823,1.123832429422011,0.21950979728692022,1.0,1.0,0.5,0.8,0.2,62,1409.2478284092954,7536.849521164813
10,40,1.1851984851923654,1.6523331672892694,1.635880631913835,1.3198772126499463,1.1122594438206406,0.21903631008355823,1.0,1.0,0.5,0.8,0.2,63,1406.856825892357,7532.547016201586
10,41,1.1827778407016254,1.64670220346429,1.6294048176299958,1.3199732755844498,1.143273854018355,0.2176404186960863,1.0,1.0,0.5,0.8,0.2,64,1424.0205914913945,7179.304864943301
10,42,1.1750329593709543,1.638415575016199,1.6311024085221513,1.3402369368452136,1.1686259043183704,0.21388439231558123,1.0,1.0,0.5,0.8,0.2,66,1535.0669468843512,6426.211444164961
10,43,1.1405450985649845,1.6025862059714087,1.6051785413633441,1.3156425355525274,1.1409148917201644,0.1559640430452454,1.0,1.0,0.5,0.8,0.2,68,1338.4906429949406,5881.6736924444
10,44,1.1388187129664418,1.594635700102853,1.5957286848832364,1.3228508989014247,1.1093793426903076,0.15757256152680263,1.0,1.0,0.5,0.8,0.2,70,1345.5213943597212,6208.501006678477
10,45,1.1333615665429342,1.5456423760746902,1.505388764908351,1.3470961074096242,1.0858109788094576,0.15419748787243145,1.0,1.0,0.5,0.8,0.2,81,1186.3660147089054,14515.041302549083
10,46,1.1323436104776554,1.5529596692062226,1.525040709610994,1.3607412017779208,1.0905557402504729,0.1541974878724315,1.0,1.0,0.5,0.8,0.2,83,1145.4298542947377,14199.952763892008
10,47,1.1503800031144351,1.5656299385157533,1.5364729739247507,1.3866919263061497,1.1475052121481986,0.1939972028771516,1.0,1.0,0.5,0.8,0.2,84,1258.527292439072,14188.693759016403
10,48,1.1292037242367885,1.5323171608878003,1.4899459411951126,1.362180664984461,1.0848645577602436,0.15227677284654562,1.0,1.0,0.5,0.8,0.2,85,1178.3932660712835,14587.304934028343
10,49,1.1295080726067177,1.5316982046822936,1.4891158560392703,1.3562185416740813,1.0853361807233977,0.1535038308180184,1.0,1.0,0.5,0.8,0.2,86,1090.560506978727,11989.9076675146
10,50,1.1283947402996592,1.5285107008791645,1.4854552324197081,1.365830696978181,1.0859756834785186,0.15265440531482416,1.0,1.0,0.5,0.8,0.2,88,1067.3194136379504,12104.25333755689
10,51,1.1496327799609656,1.547795114018948,1.5042956513535148,1.3942528004810197,1.11632682428897,0.19640825183021154,1.0,1.0,0.5,0.8,0.2,89,1229.4176447688217,12001.050968678954
10,52,1.1268966324703262,1.523821223241751,1.480041505327229,1.3719894460473363,1.0872836717167562,0.15173376219862847,1.0,1.0,0.5,0.8,0.2,90,1071.4581081288682,11908.780284936774
10,53,1.1268924031205803,1.519284452973704,1.4744834948713275,1.383380169448398,1.0981177513370046,0.1545860417485899,1.0,1.0,0.5,0.8,0.2,92,1126.4872651267106,11824.824238655468
10,54,1.124589597523318,1.5191809860039336,1.485376075635265,1.4106293640206606,1.1185700767605216,0.15537925184688678,1.0,1.0,0.5,0.8,0.2,94,1205.4803828083204,12954.515513092225
10,55,1.1220817926035533,1.5116219245022766,1.4767059207682982,1.4161665319778318,1.0992779764381315,0.1532370146869615,1.0,1.0,0.5,0.8,0.2,96,1235.1267197666384,13108.300704294084
10,56,1.1213653782979758,1.5085142348336877,1.473075388207785,1.423035518261446,1.0872274175086254,0.15312781388917135,1.0,1.0,0.5,0.8,0.2,98,1235.084719145342,13064.236798803602
10,57,1.119693131712289,1.5049992580755427,1.4691587130989119,1.4217355417612911,1.091792383422049,0.15078913428711604,1.0,1.0,0.5,0.8,0.2,99,1271.0724395350912,12687.859192246313
10,58,1.1198422110219537,1.5045762974180512,1.468611367104493,1.4290923042052874,1.0807624133367773,0.15139572985170088,1.0,1.0,0.5,0.8,0.2,100,1243.5809688850743,12725.271893826935
10,59,1.1181605380780328,1.4902105136362407,1.4409238456965292,1.431030475583119,1.0787738458068041,0.1488245110220643,1.0,1.0,0.5,0.8,0.2,103,1078.3538216913153,12848.229631834614
10,60,1.1185693907715368,1.4862669087633364,1.4360389779476477,1.4356178662075132,1.114360483306854,0.15192965359366212,1.0,1.0,0.5,0.8,0.2,104,1198.3098577388937,13447.233959914618
10,61,1.118170124540587,1.484408068337282,1.4338656486734747,1.4425045486341108,1.082372744997925,0.151884638420328,1.0,1.0,0.5,0.8,0.2,106,1228.720172217239,12887.70421521797
10,62,1.110901766022174,1.4535604406674958,1.398026201940114,1.4416576483489254,1.2777599325451166,0.1484859839160042,1.0,1.0,0.5,0.8,0.2,107,1197.7074973786318,14841.590935361408
10,63,1.0819295196734091,1.538961211619316,1.62459126717647,1.4722620409426048,1.0501561528936383,0.0942992262226518,1.0,1.0,0.5,0.8,0.2,132,1285.9855852533467,30442.613433755207
10,64,1.07907686453196,1.5407929783129648,1.6703036060798355,1.5971345828084094,1.0847090566595925,0.10317445035344538,1.0,1.0,0.5,0.8,0.2,142,1300.9484856138104,55207.08423779606
10,65,1.0765071682875136,1.5406176726355725,1.6813845910087333,1.6104814173974684,1.0859779089491626,0.10078559673898475,1.0,1.0,0.5,0.8,0.2,144,1352.6117064873863,46869.87174969306
10,66,1.0763461896509874,1.5382451011300493,1.6785760616707193,1.6219722533529635,1.0564948116737336,0.10113144332772228,1.0,1.0,0.5,0.8,0.2,147,1342.389019660237,46530.4682839577
10,67,1.075746125777675,1.5348335117169165,1.6746115442760516,1.6291912443658845,1.0616360033438943,0.10076594665482683,1.0,1.0,0.5,0.8,0.2,149,1349.2524865169908,47033.27087106968
10,68,1.0753365682951113,1.5510174269386157,1.7156560002311434,1.640793230708344,1.0974198977215552,0.10163727525159168,1.0,1.0,0.5,0.8,0.2,150,1232.7680850718702,48334.6622169061
10,69,1.074319145367134,1.5157459782082465,1.652075482633191,1.6357459800993468,1.0984382525357432,0.10286334622776154,1.0,1.0,0.5,0.8,0.2,152,1245.6752658457203,49721.37501850864
10,70,1.0734229491013854,1.5119172401483982,1.6585166895095178,1.6473546434444557,1.1636992307862075,0.10468620979801065,1.0,1.0,0.5,0.8,0.2,153,1240.0185984468349,57934.7556989497
10,71,1.069205315116414,1.4657720810493338,1.5826387104252089,1.6546865856652897,1.1264801330206522,0.1007952892909169,1.0,1.0,0.5,0.8,0.2,155,1233.5149234429148,51388.13390481493
10,72,1.069184468365755,1.476765972049875,1.6065970228434925,1.6588844885972274,1.0511313791081958,0.10079528929091697,1.0,1.0,0.5,0.8,0.2,157,1236.161330388452,51400.28792090497
10,73,1.0631623133656227,1.4608729246656933,1.5888323645183047,1.6761634708124376,1.0836044090722177,0.09086704328111343,1.0,1.0,0.5,0.8,0.2,159,2716.220411190975,47950.71652081631
10,74,1.0631578885232802,1.4720304289729376,1.6129825376588272,1.6960160809805627,1.0455969052526335,0.09086704328111356,1.0,1.0,0.5,0.8,0.2,161,2708.936254753485,47929.27608528753
10,75,1.064157855486088,1.4859900112572333,1.6620574887088397,1.7051517645320546,1.074888357804676,0.09694374592249572,1.0,1.0,0.5,0.8,0.2,167,1235.6096248136316,48653.917412749695
10,76,1.0650980070071243,1.4941673995375304,1.6824932218362287,1.7339146905593368,1.064911612740162,0.09955671436798949,1.0,1.0,0.5,0.8,0.2,169,1348.1114816279728,51666.31168236321
10,77,1.065452163284727,1.480089926892291,1.6548125380092584,1.72599132890585,1.0627035267339955,0.10084977077690085,1.0,1.0,0.5,0.8,0.2,171,1339.2318389324562,51942.748053054114
10,78,1.064765579347248,1.484454246772135,1.671030367120669,1.7492560949847733,1.0736853446785666,0.10056412087179552,1.0,1.0,0.5,0.8,0.2,173,1338.4559920813676,51509.03299692814
10,79,1.0649055620707386,1.483372646558397,1.669721501411798,1.7655977355789672,1.055174041647531,0.10105566174680616,1.0,1.0,0.5,0.8,0.2,175,1348.3833277222427,51146.14778445404
10,80,1.06311848386353,1.4843243667227297,1.6821013236098703,1.7517818339585207,1.0708231892533915,0.09891202350048012,1.0,1.0,0.5,0.8,0.2,178,1241.488703518961,49760.59108435125
10,81,1.0622865245352027,1.4922072299972793,1.7025236206821213,1.778671611335468,1.0551051427820268,0.09765683720871297,1.0,1.0,0.5,0.8,0.2,181,1241.751641816023,49112.2343498663
10,82,1.0612712641081388,1.4961287171266184,1.7182861354176957,1.7898951871845867,1.071974370534209,0.09663220959481375,1.0,1.0,0.5,0.8,0.2,183,1227.4595885395595,49164.16358640449
10,83,1.0612940062110325,1.4811646025550176,1.6896230960810488,1.7927265730386182,1.0628679152137543,0.09726906610711053,1.0,1.0,0.5,0.8,0.2,185,1266.867961008324,49576.706960224
10,84,1.060375153374565,1.4765043069083355,1.684272874258889,1.7996158960921127,1.0620807710636566,0.09600536163889994,1.0,1.0,0.5,0.8,0.2,187,1253.1185470482692,48250.93694905691
10,85,1.0608522324480973,1.4762957376027923,1.6839378850948177,1.8404110917914454,1.0492806299103028,0.09706501690795796,1.0,1.0,0.5,0.8,0.2,194,1274.0273939498252,49752.72872791114
10,86,1.0602310497782517,1.4732980483418656,1.680502514072601,1.8437020015811318,1.0570278113494083,0.0961808018314386,1.0,1.0,0.5,0.8,0.2,196,1270.4558394724947,49573.32937380108
11,0,0.9479124776397997,0.9880552028219449,0.9370358909469955,0.011670124676483594,0.0,0.0,0.0,0.0,0.5,0.8,0.2,1,1594.1202572244688,7447.518020471225
11,1,0.954058538902676,1.007749947193941,0.9560072279617713,0.038598613483113206,0.03867618037505861,0.04763842942806326,9.836315272015e-05,0.00010433135660194,0.5,0.8,0.2,3,1581.351922312843,7112.236651167639
11,2,0.9164019000669619,1.0027982110615967,0.9492296745487189,0.04564199739741387,0.10407013317345493,0.034426236360832155,0.01449090885411963,0.00410935365430019,0.5,0.8,0.2,4,1479.0671787135002,7243.502654430772
11,3,0.7697601043703156,1.049018750782185,0.9956556240204105,0.15116158688283582,0.670956403111415,0.05840500879488052,0.10883419048372797,0.11543772666723182,0.5,0.8,0.2,5,672.148991959103,6258.860415249133
11,4,0.7105690194988432,1.0689721330383377,1.006613384164843,0.22343238404815752,0.3940599999771877,0.07628838735027345,0.17045192706977602,0.18665879543173805,0.5,0.8,0.2,7,587.2918940694009,8454.806955516327
11,5,0.7044111258169387,1.087373231488387,1.0357454816839229,0.24895083898340667,0.27488985148734674,0.08756204184205296,0.15735951853966007,0.31309399595714604,0.5,0.8,0.2,9,779.6410640237222,3943.817064781512
11,6,0.5640217976457897,0.9596752323689111,0.9060102534413523,0.14361238067207724,0.1580271630384438,0.08117765517137598,0.06382540104492809,0.12418094325196857,0.5,0.8,0.2,11,680.9375057650906,2672.2040780504717
11,7,0.5212218655497425,0.9450484729492754,0.8858683643589991,0.16445044660330882,0.24653877831255605,0.08456215928048373,0.0792298351914402,0.1419862104430957,0.5,0.8,0.2,13,773.416488488858,3215.931495577045
11,8,0.5194997403537522,0.9664624971057454,0.9331130829726777,0.16371899555922922,0.14097750888188426,0.08456215928048379,0.0792298351914396,0.14198621044309606,0.5,0.8,0.2,14,732.7921917939135,3330.1892671335445
11,9,0.8381589647084648,1.2580164287436326,1.1840727307192762,0.496493386095439,0.5334758459375233,0.0753792649040716,0.4246185444465995,0.4557207921558251,0.5,0.8,0.2,15,636.6334115305863,5390.0281675922215
11,10,0.7980674555754417,1.228371402133522,1.1514671381995327,0.48896945566977906,0.5166196526399698,0.07814081861147916,0.41627385954949164,0.420406039541407,0.5,0.8,0.2,17,851.9340343496588,7069.618665881288
11,11,1.417196669559452,1.8563586717141636,1.7762869011627338,1.136221268537218,1.2318085811592345,0.2053076010850922,1.0,1.0,0.5,0.8,0.2,18,627.4293184772005,47562.53098732099
11,12,1.3882928105314967,1.8355742722068873,1.7514931644626455,1.1434254862716988,1.1869974858002263,0.21056092987270567,1.0,1.0,0.5,0.8,0.2,20,605.4024863590231,49390.38200016271
11,13,0.7078130686053423,1.1688914624594449,1.0960207481302617,0.49809099857048333,0.456086989353199,0.04951217419578925,0.431610353715687,0.33901545803845645,0.5,0.8,0.2,24,543.1205893418369,10271.718242655374
11,14,1.309806271214781,1.7841724902181928,1.722432033059757,1.1159338828875003,1.1291118529280517,0.1056886919025239,1.0,1.0,0.5,0.8,0.2,25,1071.3535542447246,3869992.941665076
11,15,0.955132070012958,1.4201763696083691,1.3428258160620528,0.777673293070418,0.82172824481948,0.08534166304386652,0.5907747930769964,1.0,0.5,0.8,0.2,26,633.8941476988996,26464.90021971913
11,16,0.9479218786963626,1.4129707932066708,1.3356141481279111,0.7750690988365314,0.7083813433228623,0.08959238389143913,0.5791560003032494,1.0,0.5,0.8,0.2,27,632.1862403119899,26489.486300143188
11,17,1.2409847091709112,1.7043314008971555,1.617938225304691,1.1156243090897278,1.4210336006194129,0.10449463740482404,1.0,1.0,0.5,0.8,0.2,28,641.879047698956,155778.7618623991
11,18,1.2404185534728134,1.714863174062778,1.6413553382575075,1.123223222718162,1.0545562563108042,0.10449463740482397,1.0,1.0,0.5,0.8,0.2,30,649.2224304520522,155649.475532883
11,19,1.2382872062984578,1.7126720526426853,1.6391216621548312,1.1493005294455017,1.0506132716347467,0.10060956018208007,1.0,1.0,0.5,0.8,0.2,35,1166.095828818201,322624.2541850255
11,20,1.2342677153905959,1.7079722752047148,1.6336659556570525,1.1568422257337185,1.0654343704464957,0.10003828527637412,1.0,1.0,0.5,0.8,0.2,37,1127.202178650296,322355.4438068168
11,21,1.2248884454180036,1.7079326731133098,1.6448652218867925,1.1643508369138338,1.084987091823673,0.09812326114855487,1.0,1.0,0.5,0.8,0.2,39,1152.5400773160943,376587.9482567275
11,22,1.224042529253603,1.6956467974645164,1.6193631721780046,1.1560374864505805,1.0537195371518022,0.09847851856974445,1.0,1.0,0.5,0.8,0.2,41,1256.1580795642178,361918.66553262086
11,23,1.2191109306955332,1.6894103697376408,1.612089224454434,1.1614745616019744,1.0702141095652815,0.09812227991080533,1.0,1.0,0.5,0.8,0.2,43,1219.306413777992,361597.2595590004
11,24,1.2139876293979297,1.682687911195117,1.6042251336001458,1.1638808505196494,1.09539631082465,0.0980098812269118,1.0,1.0,0.5,0.8,0.2,44,1132.5004276603954,361305.7267668289
11,25,1.2085150256603465,1.6864339156866903,1.6196688032938584,1.1750019288335138,1.0757203843201075,0.0983080336589236,1.0,1.0,0.5,0.8,0.2,46,1126.6595279331962,384584.9622242687
11,26,1.2069165399361004,1.6952054990557335,1.6408191772173863,1.1978566241869169,1.0639094756425378,0.1007037197555671,1.0,1.0,0.5,0.8,0.2,48,1163.8737145436617,17102721.68370723
11,27,1.2016104892772488,1.687727931987827,1.632116202342329,1.202691628557963,1.0747901862483333,0.10005868070609687,1.0,1.0,0.5,0.8,0.2,50,1123.9870173268716,17103007.860682648
11,28,1.200881407797319,1.706697233064369,1.6756906504409208,1.215663417518802,1.1106685351276144,0.10948377471719697,1.0,1.0,0.5,0.8,0.2,51,762.306487318625,17119586.58858426
11,29,1.1891043024602612,1.6764369874774692,1.6289937843700806,1.2026016016777878,1.1955764044894757,0.11149810159197937,1.0,1.0,0.5,0.8,0.2,52,1211.1591782536966,5261091.01627739
11,30,1.1769914221391877,1.6593542740812226,1.6098114541527668,1.2114117783976042,1.0937813442848374,0.10185244538183096,1.0,1.0,0.5,0.8,0.2,54,1220.8644154498909,83615208.59166361
11,31,1.168242005738824,1.6544810208634175,1.6151076782611933,1.21941058121144,1.166765513386075,0.10276183255141061,1.0,1.0,0.5,0.8,0.2,55,1185.1719224929243,83613919.92197384
11,32,1.1661423714615384,1.6506012045376317,1.6105759795748267,1.225619054282989,1.0645992552150183,0.10261457826373199,1.0,1.0,0.5,0.8,0.2,57,1218.7942781408012,83609298.04632679
11,33,1.1626301174722076,1.6317250898186695,1.5772219492522477,1.219898948419712,1.1125081015114864,0.1045231033874688,1.0,1.0,0.5,0.8,0.2,58,964.3726240034764,83615563.28465873
11,34,1.1597854399922958,1.6263952468342875,1.5710369242685676,1.222377382856766,1.0867978487491405,0.10384947096573276,1.0,1.0,0.5,0.8,0.2,59,972.2135584773284,83610994.03797017
11,35,1.1572205846952055,1.6211990336279607,1.5649550954654388,1.2251535248733552,1.0880336529694576,0.10380007258745765,1.0,1.0,0.5,0.8,0.2,60,984.4235874866464,16793698.777908858
11,36,1.1460210924314231,1.6459552683803111,1.6388623720106965,1.2542442716288753,1.1647615862695027,0.09697553971190198,1.0,1.0,0.5,0.8,0.2,61,1130.503924478109,17163981.758465976
11,37,1.145732912427055,1.6451850927924678,1.6379420935999598,1.2611358969633748,1.0516541863738846,0.09718757766234169,1.0,1.0,0.5,0.8,0.2,63,1140.6865666694289,17174824.089557577
11,38,1.130853056215494,1.5870319842827387,1.5576398751769325,1.2627092619792926,1.4285231943116135,0.11013074399424665,1.0,1.0,0.5,0.8,0.2,64,926.9816482469312,19547579.13792851
11,39,1.1129032964727554,1.5320821319049136,1.493417633029006,1.2638261600559308,1.2450657419210427,0.1085177454864618,1.0,1.0,0.5,0.8,0.2,66,1035.5646343412986,17172379.401118387
11,40,1.1107950807569817,1.5351328276675085,1.508072472046443,1.279601640253562,1.081293281455568,0.1085177454864618,1.0,1.0,0.5,0.8,0.2,68,1051.2160491320044,17168953.91195851
11,41,1.104691374579205,1.5023061927208126,1.4586805172587183,1.270616387394747,1.198168533370931,0.10690446767740018,1.0,1.0,0.5,0.8,0.2,69,1026.041027686358,17127792.135511693
11,42,1.103687086796278,1.5093166040492816,1.4779732808418211,1.2868761858831463,1.0679590366124259,0.10690446767740018,1.0,1.0,0.5,0.8,0.2,71,1057.411664614679,17122855.85911023
11,43,1.102089871269074,1.480856725563155,1.4225133097287797,1.2563928485097748,1.0939776699205555,0.10646874280720624,1.0,1.0,0.5,0.8,0.2,72,1052.0229165633814,17125809.092684265
11,44,1.1012900177720888,1.4976184444981555,1.4641916548648004,1.307351633441877,1.0629367914815675,0.10783883209666374,1.0,1.0,0.5,0.8,0.2,77,1873.3523301662092,17125987.8408131
11,45,1.0987683436960964,1.4863007053262367,1.450943922299279,1.31312148022174,1.092921726592214,0.10774232624587284,1.0,1.0,0.5,0.8,0.2,79,1791.3569363396405,17125184.66658543
11,46,1.0912153596993697,1.48267293643108,1.4587317894809229,1.2995528853123266,1.1136215800077163,0.09658879117988328,1.0,1.0,0.5,0.8,0.2,80,1440.153940295835,5206200.73206474
11,47,1.0896615378957188,1.486103003068882,1.4738309789809183,1.3263779975048584,1.0749714686207197,0.09658879117988328,1.0,1.0,0.5,0.8,0.2,82,1374.543763011066,5210753.572491505
11,48,1.0917590747508679,1.496699236645868,1.4968392374991555,1.339176188318094,1.0768502734529153,0.10224500375360143,1.0,1.0,0.5,0.8,0.2,83,3410.585436256584,5210149.575754503
11,49,1.0891948612325877,1.5031956910537825,1.5158900938905302,1.3363686131950463,1.0654876907309678,0.09803919634405957,1.0,1.0,0.5,0.8,0.2,84,3349.2648347400805,5205266.2657558825
11,50,1.0884408409071384,1.4822139451517733,1.4799944763704305,1.3442691439355572,1.1294918795153372,0.10082915834941467,1.0,1.0,0.5,0.8,0.2,85,3393.3655280098915,5209847.463759988
11,51,1.080977688335341,1.4325053214260917,1.410882019148971,1.3363788711065991,1.179347435975913,0.09860095051615045,1.0,1.0,0.5,0.8,0.2,87,3159.8040973118527,5206056.506999488
11,52,1.0804329595354283,1.4282033854394218,1.405818476693784,1.3431233741571476,1.064976150622477,0.09889169285264916,1.0,1.0,0.5,0.8,0.2,89,3118.751830848315,5205347.410529341
11,53,1.0774128447239981,1.4415713756807744,1.4439726800646104,1.3400315812026686,1.0722711194729473,0.0949969371994238,1.0,1.0,0.5,0.8,0.2,91,1532.809042820418,5213503.859273693
11,54,1.0732028039783523,1.4249262719272768,1.414079567349975,1.343045210364452,1.0536015347777838,0.08700575780032267,1.0,1.0,0.5,0.8,0.2,92,1566.0109427340035,5211670.025420465
11,55,1.068224741926783,1.3954888326261319,1.3905811441670115,1.340111618329899,1.3320810925977378,0.08818944318780415,1.0,1.0,0.5,0.8,0.2,93,1543.2502394003682,5213216.779378878
11,56,1.0675988868736,1.3747462749897064,1.3551028285702902,1.3570928252074408,1.0801056532570503,0.08937782405520908,1.0,1.0,0.5,0.8,0.2,95,1512.2149212203483,5215512.339547252
11,57,1.070904043049391,1.3737042928763934,1.353218185816119,1.367934079518319,1.0829600005490967,0.0971335675129803,1.0,1.0,0.5,0.8,0.2,96,3203.29747838801,5210376.071584813
11,58,1.0666097348588544,1.3633399782014133,1.3525295776024187,1.3815785394059261,1.1142408081060864,0.09282542265159832,1.0,1.0,0.5,0.8,0.2,98,3388.109450522368,5214551.187381242
11,59,1.064266536109169,1.3583853018653678,1.3470757792539063,1.3794799424470712,1.06457524693963,0.08874528555457063,1.0,1.0,0.5,0.8,0.2,99,3278.8874463340208,5209570.816560088
11,60,1.0614856992435293,1.3270952216210274,1.310377183890737,1.3911949604373963,1.2655943115847206,0.08932772583360755,1.0,1.0,0.5,0.8,0.2,100,3157.4241816049007,5209710.261254503
11,61,1.0604068697076765,1.3118448633184185,1.2924670865098855,1.3791524812485143,1.0992768640000021,0.08988823471257297,1.0,1.0,0.5,0.8,0.2,102,3162.845988148419,5215330.630390702
11,62,1.0601246252039727,1.3096364126168978,1.2898988053387754,1.3897482588749561,1.0593847070848361,0.08967364791637844,1.0,1.0,0.5,0.8,0.2,103,3157.94337796042,5214056.167164346
11,63,1.0592402448832419,1.3002837293877356,1.2789665889423334,1.39603727432,1.109148469387511,0.0894157245299845,1.0,1.0,0.5,0.8,0.2,104,3094.2661616407004,5214972.040492254
11,64,1.0591747763813724,1.265834665569571,1.205372516625014,1.3353906776675053,1.0504192124325555,0.08941572452998474,1.0,1.0,0.5,0.8,0.2,105,3095.015655186676,5210913.089538195
11,65,1.058818784266124,1.3061064483006735,1.2968680998258362,1.4136393014458448,1.0761331724852163,0.08941572452998443,1.0,1.0,0.5,0.8,0.2,106,3093.2681608339367,5212698.420471912
11,66,1.0556287314953514,1.2622538429458983,1.2455183032248476,1.3985558458543583,1.1975307418923367,0.08926568736465826,1.0,1.0,0.5,0.8,0.2,108,3330.7004460768426,5269311.265202606
11,67,1.0549244441212808,1.2640325411321038,1.2587035519546548,1.4122346085688593,1.0770252197872079,0.0890321104216816,1.0,1.0,0.5,0.8,0.2,110,3141.6135143916435,5272707.8591283085
11,68,1.0543502734036343,1.2482271236892932,1.229162756811,1.4115288827375265,1.059189856144159,0.0884089861593426,1.0,1.0,0.5,0.8,0.2,112,3279.3358489080592,5269950.98853896
11,69,1.0545089290388359,1.2073921936917316,1.1479821462672457,1.346779790590275,1.0996805348596141,0.08966217961251476,1.0,1.0,0.5,0.8,0.2,113,3353.1583522503047,5279933.812161548
11,70,1.05380223602929,1.2220161086303,1.187321022016359,1.4141165554078154,1.0969300129570003,0.0891122138242085,1.0,1.0,0.5,0.8,0.2,114,3327.72656375992,5280792.8878641
11,71,1.0530995168169437,1.213340179841028,1.1771992897572676,1.4203714943940167,1.0738026394356803,0.08864483918188135,1.0,1.0,0.5,0.8,0.2,116,3259.266537444285,5280433.89128164
11,72,1.0525635971594702,1.2339399531561652,1.2235695217345501,1.4456038751184161,1.0462090070741237,0.08771934472717918,1.0,1.0,0.5,0.8,0.2,120,3205.0235356284597,5267875.547974998
11,73,1.0526877331979472,1.2225340728817913,1.1991042071109388,1.449406578009197,1.0464059265152021,0.08800492768473968,1.0,1.0,0.5,0.8,0.2,121,3249.081436756963,5273937.6771456525
11,74,1.052578482967921,1.2222661213694495,1.209782725338874,1.4562099613499622,1.1283074723375786,0.08905044899338951,1.0,1.0,0.5,0.8,0.2,122,3221.107788817165,5273415.397024152
11,75,1.05222507386021,1.1991066156709351,1.1715311928133483,1.4551466010932588,1.0874238419766178,0.08956279749733784,1.0,1.0,0.5,0.8,0.2,124,3274.5500688878697,5281838.6361514665
11,76,1.0516428619407077,1.1918682910699445,1.16309573188546,1.465243769823802,1.068948017866405,0.08906696519078149,1.0,1.0,0.5,0.8,0.2,126,3244.082082560781,5280840.835815891
11,77,1.0515169652006442,1.2029125318590355,1.1871345604661379,1.4764757681046694,1.044535215368999,0.08881855466099725,1.0,1.0,0.5,0.8,0.2,128,3239.847214717115,5280663.812545579
11,78,1.1683029505075013,1.3470559844619103,1.3691560925697537,1.6497168734701144,1.1672264142386988,0.32299920610285027,1.0,1.0,0.5,0.8,0.2,136,3196.666677257444,5196931.261493864
11,79,1.16760961790228,1.3365197786014098,1.356855407966805,1.6485356733013175,1.1972476861085626,0.32253318085716615,1.0,1.0,0.5,0.8,0.2,138,3158.747459034676,5196186.597263126
11,80,1.1671866360460328,1.3268005808673689,1.3454731086319653,1.6551826274361165,1.195171530780288,0.32251706970951866,1.0,1.0,0.5,0.8,0.2,140,3166.654083872846,5202196.588518609
11,81,1.1659060467647164,1.3229095766116858,1.3411156334800707,1.6613154048700913,1.179122981758338,0.3201823414261169,1.0,1.0,0.5,0.8,0.2,141,3179.7614134514524,5205794.60373487
11,82,1.1658873642262189,1.3170426719601165,1.3342046237094098,1.6609832185372115,1.2028941977447987,0.3206417411449612,1.0,1.0,0.5,0.8,0.2,142,3182.4404825034103,5203227.583221254
11,83,1.0503082278262637,1.2336757700007976,1.2895894745615426,1.626002287260034,1.045725651453366,0.08960038524127312,1.0,1.0,0.5,0.8,0.2,153,3252.7596131216574,5269073.9431008
11,84,1.0494199484901408,1.2110983900695904,1.2631510526672385,1.6200756794601423,1.123514463153884,0.08953707658358352,1.0,1.0,0.5,0.8,0.2,155,3198.138805356507,5235010.956917767
11,85,1.0487813106024,1.2126214739584873,1.276069205248797,1.6424524429506162,1.0771880192873104,0.08892271718289027,1.0,1.0,0.5,0.8,0.2,157,3214.3417912544446,5234530.125662112
11,86,1.0488459902701175,1.2113752907837505,1.2745906046590834,1.6501384738619975,1.0493172847082748,0.08914578463734502,1.0,1.0,0.5,0.8,0.2,159,3213.387941880753,5235011.995796753
11,87,1.048424315585617,1.2278769410234418,1.3161206794624405,1.6580237079952687,1.0841087749066318,0.08868956551924716,1.0,1.0,0.5,0.8,0.2,160,3227.8740315383584,5235988.840499097
11,88,1.0486221921436125,1.1997795631277075,1.2609797423453581,1.665952525632408,1.0872688055350528,0.08948848787715276,1.0,1.0,0.5,0.8,0.2,161,3211.8781701291955,5235756.740560631
11,89,1.0483723441604988,1.2091345860981317,1.283052231487044,1.6933589267941997,1.0502670273622547,0.08909526980091827,1.0,1.0,0.5,0.8,0.2,163,3222.359890044684,5237139.738994184
11,90,1.0482680986498347,1.2058566939723887,1.2792126406375308,1.69700298235799,1.0559961306463352,0.08909786596575746,1.0,1.0,0.5,0.8,0.2,165,3226.987839251023,5235757.328385701
11,91,1.0482082421363381,1.2010800810364095,1.273601956623795,1.70453778013393,1.0616510404840684,0.08928604302234014,1.0,1.0,0.5,0.8,0.2,167,3225.246383088636,5232508.60486632
11,92,1.0474433030870807,1.1823124979667694,1.2516558804937437,1.6988999914633702,1.1740600697891401,0.08886989787027078,1.0,1.0,0.5,0.8,0.2,168,3614.2365990158055,5234342.971552664
11,93,1.0471428620651064,1.1924313852612864,1.2746369778007047,1.7265551776521855,1.0452861853641877,0.08831544725422188,1.0,1.0,0.5,0.8,0.2,173,6012.050300007582,5234422.202789898
11,94,1.0472492683933117,1.203439071759142,1.2985917428973746,1.7267532127324943,1.0464490720335735,0.08854614442268807,1.0,1.0,0.5,0.8,0.2,174,6180.30857434988,5235663.368184437
11,95,1.0472731746062174,1.180182285088564,1.24918007040083,1.729945194852429,1.0455996119523137,0.08864629280128349,1.0,1.0,0.5,0.8,0.2,179,3515.380873088196,5242033.507427296
11,96,1.0471957130529477,1.1886363231273755,1.2701635573867807,1.7454600683351955,1.0538708495508884,0.08864629280128346,1.0,1.0,0.5,0.8,0.2,181,3524.969087719221,5243085.474567154
11,97,1.0470569438091697,1.187407209381314,1.268742291757553,1.7531381590915576,1.0481431102251701,0.08843180724977316,1.0,1.0,0.5,0.8,0.2,183,6165.686937585022,5242610.327336657
11,98,1.0467625219638568,1.2051643679244493,1.3117332385434393,1.82051743529747,1.046890202166446,0.08809172992112257,1.0,1.0,0.5,0.8,0.2,194,6087.542760087578,5235496.595368184
11,99,1.046311320694271,1.191720575094711,1.2960033026527094,1.8350674624445122,1.0750517219929743,0.08790200630417097,1.0,1.0,0.5,0.8,0.2,197,6168.9960428159375,5234536.967848124
11,100,1.0460173300421143,1.1784710451758167,1.2694454045801253,1.8257621240183395,1.0499468747685199,0.08740617855578905,1.0,1.0,0.5,0.8,0.2,199,6165.084996108472,5235202.778415684
12,0,0.8836262484414701,0.97237807325243,0.9186738224679404,0.01023079352208939,0.0,0.0,0.0,0.0,0.5,0.8,0.2,1,2551.7963512014067,8255.198064372069
12,1,0.9007733452880068,1.0016751761229399,0.9472606882260233,0.046693612561143086,0.04795542063366812,0.06669854473793489,9.620781181176e-05,9.14958022705e-05,0.5,0.8,0.2,3,2507.6608697246384,8386.102500889901
12,2,0.8396318099637867,1.0476101757286747,0.9859995166284259,0.1440147602186253,0.4153290918532226,0.1445757930111493,0.03944502497231627,0.08777502872104063,0.5,0.8,0.2,4,2086.108972204232,42540.36484392266
12,3,0.6461005401641459,0.9977009724096516,0.9359748043863928,0.14412814126484347,0.6720440407718186,0.08232038590538168,0.09665909799690162,0.09192498562662989,0.5,0.8,0.2,5,1711.0437220441822,5606.264866714444
12,4,0.6248475725426366,1.0255509636263167,0.9559129825562998,0.2185357631963719,0.3718618053840054,0.09496450647530814,0.15354721343581118,0.20300527454375472,0.5,0.8,0.2,7,1332.1504836781216,7174.364424400463
12,5,0.5941537362787014,1.0156977570334391,0.9570410884559729,0.2308566074754885,0.28414496967875297,0.11366401217060591,0.13610412296922028,0.1797000143476672,0.5,0.8,0.2,8,1727.4502227881578,38937.94775701349
12,6,0.5881851370129034,1.01215819359182,0.9529495426615984,0.23912724652707032,0.21259023205239036,0.11288244747868796,0.13617766177225882,0.17977709502586242,0.5,0.8,0.2,10,1669.2312005746558,38605.81588751462
12,7,1.1324299028910385,1.5471282527983374,1.4747671216751248,0.7695413280531139,0.7597312595694479,0.04629166627693586,0.7953394098580505,0.4449096476272336,0.5,0.8,0.2,11,4641.890005584062,4818.501759511902
12,8,0.6037930551994617,1.0426778483192083,0.9795720227351058,0.29604662123020037,0.40213128298878503,0.10769141487214547,0.1487081907514963,0.4090130328096075,0.5,0.8,0.2,12,1884.0000894130349,38954.98454670135
12,9,0.6025934301508159,1.030693052367921,0.954460762637237,0.29329079739529523,0.2596984804700667,0.10759518891350114,0.1487105217436321,0.4090152158567391,0.5,0.8,0.2,13,1888.62345404737,38949.09620735694
12,10,1.1862134166208684,1.6356068155013468,1.5500999961300104,0.9448840732262498,1.2918437974605836,0.048595825236456405,1.0,0.44670113098815084,0.5,0.8,0.2,14,4869.539380157772,4432.93995366234
12,11,0.8899623614353378,1.3413234438037331,1.2541851506708734,0.6705036196166576,0.6954537228542021,0.06778982195559237,0.6366288118178258,0.4284165343509437,0.5,0.8,0.2,15,4369.336946567224,38293.39781777503
12,12,1.1286413820738206,1.603678096341917,1.5412354522949143,0.9403351437014621,0.92995726554385,0.07505073450808611,0.8472717802431964,0.8055396107315687,0.5,0.8,0.2,16,5257.373848536941,304015.04080030124
12,13,1.1220333364458233,1.5865418078357525,1.510155603008893,0.9389708760813003,0.8951838354337177,0.07348823429098944,0.8501716703911774,0.7957187716852664,0.5,0.8,0.2,18,5268.515896993198,299813.22593438666
12,14,0.9111239023154457,1.3879235226898723,1.3223059050720793,0.7409873527277869,0.7704296982078045,0.06443786298201912,0.6951377851493831,0.4545303026661022,0.5,0.8,0.2,19,4305.896869194008,37605.78848271826
12,15,1.1115334782921116,1.5773948606502612,1.4980741438752703,0.9558304536211591,0.9133388804673398,0.07660523243525556,0.8544607974816797,0.8107097638234337,0.5,0.8,0.2,20,5591.218583624337,304033.1273163674
12,16,1.1092474570351885,1.5861548281032236,1.5173985447683778,0.9558454218723057,0.9941424833419956,0.06531898047350963,0.9280328492672286,0.6035409084696945,0.5,0.8,0.2,21,27354.894928788457,38035.232403461065
12,17,1.1619844952093126,1.6263034556658722,1.5412497537094056,1.0409997817348766,1.100942062829021,0.07470453912864794,0.9568256490404412,0.8179238721969394,0.5,0.8,0.2,22,25290.744946000294,298755.2072142939
12,18,1.1605106668867302,1.63583029777946,1.563489915302854,1.0489072031896791,0.9722140648987474,0.07470453912864791,0.9568256490404426,0.8179238721969423,0.5,0.8,0.2,24,25413.67110726265,298275.0005891729
12,19,1.1761745274599642,1.640078701377091,1.5544400553588122,1.0714657295668182,0.9957369234779844,0.07362375887112955,0.9762579944486289,0.828852907388044,0.5,0.8,0.2,25,25658.092451817083,298700.03899904486
12,20,0.8816989503112159,1.3538992631375835,1.2781459994618136,0.7732485900522015,0.8314238567916381,0.0709480230348741,0.7221084656255841,0.45617127824089554,0.5,0.8,0.2,26,4439.024453350082,38926.09457457802
12,21,0.8314110726479141,1.2916534347728816,1.2022530298118907,0.7263009337299502,0.6703232013832701,0.0727892665059305,0.6599614951544711,0.46382658534672566,0.5,0.8,0.2,28,4447.755026183055,38831.75479945942
12,22,0.9064130902801889,1.3761922769332056,1.2984967055672605,0.816594656569552,0.7908528180378946,0.06855878824914272,0.7650756506034573,0.45844715156932264,0.5,0.8,0.2,29,4430.750583173567,39161.51000625835
12,23,0.8308477882586878,1.33203060327695,1.2918001617745343,0.7877484832733558,0.7006430864927085,0.06961837385135575,0.6864485205862648,0.42628914212929114,0.5,0.8,0.2,31,4773.165067806507,38666.27672106346
12,24,1.0208630194217054,1.4960683801705539,1.4352222179359124,0.9900501373106546,1.1993251547093715,0.06703020457519898,0.937185582374414,0.5283556751967525,0.5,0.8,0.2,32,4574.54340140572,39236.4011617714
12,25,1.0622295253365808,1.5333982227534133,1.4708612845586069,1.0415958323058452,0.9706232692539796,0.06054265672310334,1.0,0.5293296066859765,0.5,0.8,0.2,34,4451.973102273714,39279.76507644188
12,26,1.0591883501693287,1.5281657956888084,1.4647522377498403,1.046259233223325,0.971804413676161,0.057857791511876235,1.0,0.5354747735200296,0.5,0.8,0.2,35,4443.545728729261,39260.623259491935
12,27,1.0549649937472747,1.5181223425523784,1.4522524089717095,1.055682046571797,0.9766805962290592,0.06224543343266464,1.0,0.5460030046687094,0.5,0.8,0.2,38,4958.276044849867,37281.42085519536
12,28,1.050489632026445,1.5198931958761268,1.4654082540768534,1.063352939732952,0.9705582282236085,0.06224543343266464,1.0,0.5460030046687094,0.5,0.8,0.2,40,4982.306066550303,37574.13563100941
12,29,1.041530481217885,1.5023639108129159,1.445085992009874,1.0702784713449103,0.9943116425930565,0.0621910187778217,1.0,0.540036838384186,0.5,0.8,0.2,42,4908.371113229446,38548.238181993525
12,30,1.0413953774792357,1.512901294853183,1.4684526701028164,1.0815283462387308,0.9429137579381168,0.0627632189823924,1.0,0.5402773639047209,0.5,0.8,0.2,44,5017.130784880379,38247.275483844605
12,31,1.0264527404594008,1.481174073804745,1.431587182087376,1.0870052077557693,1.042575815700404,0.06202267509176529,1.0,0.5335073854730756,0.5,0.8,0.2,46,4654.252044222683,38334.3113164026
12,32,1.026363670219732,1.4800266210812703,1.4301332251238026,1.0941139311144048,0.9445875462898232,0.06190110558351537,1.0,0.5370223428811028,0.5,0.8,0.2,48,4724.718591047453,38270.458601670616
12,33,0.9682258463868231,1.4536843333940073,1.4422711762223706,1.0828939657590613,0.8920120854049404,0.05930845950549908,0.9240604112784766,0.5627057852972587,0.5,0.8,0.2,50,4973.582985541272,206004708.0969134
12,34,0.9661447859541997,1.4575372313576005,1.457632169199973,1.0964070965084134,0.9132710557471947,0.06037328897745371,0.9247587661548549,0.5640693998384733,0.5,0.8,0.2,52,4900.353819414509,206014568.33143327
12,35,0.9674920144929166,1.4570263701721018,1.4566053090722813,1.0918347110936757,0.9062827261811234,0.060816868926498624,0.9267611763288544,0.5674619208832725,0.5,0.8,0.2,53,5299.647359943156,206046434.34502175
12,36,0.9649763523406414,1.4341562359910691,1.4182428630495072,1.0926596455600173,0.9901243542011394,0.06436607886420187,0.9276923161640249,0.5692800736048914,0.5,0.8,0.2,54,5063.2009459988085,206048503.9484344
12,37,0.9053657119891856,1.3937006522299031,1.402929267694578,1.0569083702988629,0.841939102827342,0.057556221888549954,0.884939706975995,0.4680777017841766,0.5,0.8,0.2,57,5266.628823001168,206064581.73375437
12,38,0.9970857345349747,1.45714713708119,1.4388460109923868,1.148892949632082,0.9562666232065921,0.05613023724946804,1.0,0.4853060516576261,0.5,0.8,0.2,59,7047.553574400657,205689099.7278929
12,39,0.993128134472175,1.444124750655376,1.42351788325281,1.1474167063859577,0.972607142668346,0.05696336444561882,1.0,0.4854295435243112,0.5,0.8,0.2,61,6847.634636481972,205721058.0692586
12,40,1.0254516085304333,1.4647253638854483,1.4309880806744075,1.1709202922855573,0.9634303771899272,0.06586903916686984,1.0,0.6259830201019996,0.5,0.8,0.2,62,4987.173962028244,95556.76770286074
12,41,0.9935617514941029,1.4658338853379766,1.4709450996328781,1.1683896158889562,0.9327365307224298,0.058924193350893675,1.0,0.4852975154488928,0.5,0.8,0.2,63,6815.569777059929,205724252.5858957
12,42,0.9794952781763382,1.403296254592836,1.386532636436359,1.1682184159169258,1.288909446433719,0.0522155745687221,1.0,0.5044903923948629,0.5,0.8,0.2,64,4856.025159807161,195765074.4168731
12,43,1.0043719580360424,1.4165522619282254,1.397140454540433,1.202500847306292,1.0114283336253895,0.05703929787395712,1.0,0.6360282387013417,0.5,0.8,0.2,66,5306.642274026194,195772009.9851576
12,44,1.001532192561531,1.4147147323352887,1.406070114488956,1.2112356805570939,0.999595064610673,0.057039297873957076,1.0,0.6360282387013437,0.5,0.8,0.2,68,5552.702289475029,195815727.5597323
12,45,0.9752162336970827,1.3962783344799992,1.4104815237874087,1.2178815411134947,0.9975588777588897,0.05247200576768217,1.0,0.5352804050610329,0.5,0.8,0.2,70,5700.287707135501,195832176.74302223
12,46,0.9879688788212975,1.3614765847444272,1.344368430325916,1.219956884687472,0.9685660386899321,0.05809183693860498,1.0,0.6143058422286823,0.5,0.8,0.2,83,6254.881889719438,37255019.03228549
12,47,0.986090283075286,1.3635521241563056,1.3579433397588552,1.2289040524466674,0.9821525406623909,0.05775227647999145,1.0,0.6133383765886601,0.5,0.8,0.2,85,6325.096492666668,37124980.21267165
12,48,0.9807027017824953,1.3513948905205928,1.3443951716324791,1.2378777239073664,0.9758742696820923,0.05778856004252282,1.0,0.5930707667358435,0.5,0.8,0.2,87,6025.833220724479,37003141.11164237
12,49,0.9841283207679492,1.3529737126137455,1.345595964488894,1.258951080417669,0.9590367562978145,0.05811280628791993,1.0,0.6111917486108192,0.5,0.8,0.2,89,6153.105146043274,36981890.54775056
12,50,0.9804683977283769,1.3673577246006883,1.3850910479089587,1.2774422029774923,0.9847624742247176,0.056386276679092295,1.0,0.6013661655236303,0.5,0.8,0.2,90,5681.595398563231,37010087.31565605
12,51,0.9798287893502964,1.3602111152178014,1.3766247960874465,1.2877847772364166,0.9759478967321474,0.05695828232593699,1.0,0.6027308753719074,0.5,0.8,0.2,92,5680.462062405042,36990944.3586669
12,52,0.9816703952241844,1.3524539515733194,1.3669362654464727,1.282936666555655,1.0312198505585268,0.05890075508413598,1.0,0.6154773380368875,0.5,0.8,0.2,93,5350.22871928898,37428330.7495615
12,53,0.979364484553919,1.357338413996933,1.3840185678804389,1.2987148313752603,0.9836476959624157,0.0596308709519644,1.0,0.6054927450988948,0.5,0.8,0.2,94,5643.716170638681,36991742.13933887
12,54,0.9790442508916337,1.3567266275805785,1.3833485681582636,1.291028196395285,0.9530168126448566,0.05927513785545595,1.0,0.6050225357987551,0.5,0.8,0.2,95,5644.12575250129,37000061.9367118
12,55,0.979017527073747,1.3414633994232474,1.3542811604445117,1.294921710271138,0.9840433155165621,0.05882061014498553,1.0,0.6093242464576515,0.5,0.8,0.2,96,6329.62712612847,36908929.66511006
12,56,0.9769464857530827,1.3487385162094487,1.3741875728447368,1.3077185708862018,0.9570390794037494,0.058278938906175505,1.0,0.6018167243127059,0.5,0.8,0.2,98,5659.462023074861,36997012.18227842
12,57,0.9650813638786856,1.330894588363521,1.3551588211504666,1.3030671792924466,0.9868929279068986,0.053768017056743424,1.0,0.5584631317605253,0.5,0.8,0.2,99,5680.825523889655,36253350.22986555
12,58,0.9828957062023231,1.3425652541033088,1.3656178963962333,1.3475980276311812,0.9696724321204313,0.0590328197519143,1.0,0.6390253597024417,0.5,0.8,0.2,103,6185.392012098664,36904277.212935805
12,59,0.9832144924440265,1.3302985217007202,1.3400789285307393,1.3479414003091685,0.9689642240401182,0.05913427677157077,1.0,0.6413925648282912,0.5,0.8,0.2,104,6198.221445930416,36896534.66881578
12,60,0.9834453277912346,1.34904988434633,1.3840686679349872,1.3628476077497047,0.9690033852594417,0.05899120621202893,1.0,0.6457368610555467,0.5,0.8,0.2,107,5794.144044977296,37203678.08799447
12,61,1.0546043519819728,1.4503186344945307,1.5344726579888148,1.597144602757867,1.0356067150396697,0.06367006473785078,1.0,1.0,0.5,0.8,0.2,138,4805.976981856308,50153643.003738895
12,62,1.054173353924069,1.4454097706305702,1.5286964928584932,1.6006875115313168,1.0496880060991758,0.06398029133497572,1.0,1.0,0.5,0.8,0.2,140,4792.855677483059,50153255.96516124
12,63,1.0530722391508907,1.4343259025117778,1.5156883328195245,1.6229047323501764,1.0517518109437394,0.06428314167332198,1.0,1.0,0.5,0.8,0.2,144,4810.398604813437,50156392.35943562
12,64,1.0526318983069642,1.477038982264619,1.6100840875712785,1.649864469041801,1.0449366838363217,0.0638066733219145,1.0,1.0,0.5,0.8,0.2,145,5059.867626674044,43182212.67164043
12,65,1.0522560795995732,1.425367969297618,1.5051697122735685,1.626074236291287,1.0829186028062665,0.06459348987505692,1.0,1.0,0.5,0.8,0.2,146,4797.068368686256,50155990.493320525
12,66,1.052187015409922,1.423389314028586,1.5136912650726349,1.6303175658727558,1.0851064678779703,0.06742997827299371,1.0,1.0,0.5,0.8,0.2,148,4782.658170173058,50193901.19752839
12,67,1.0506021722883019,1.4098754937810816,1.4870414671712393,1.6476602337563888,1.033137544151198,0.06439211750267183,1.0,1.0,0.5,0.8,0.2,153,4758.639483073328,44584056.22149272
12,68,1.050296402503206,1.3823590700826065,1.4326138186614166,1.6512281507164583,1.069514935190705,0.06480452012677136,1.0,1.0,0.5,0.8,0.2,154,5718.31291351305,46231307.92329264
12,69,1.0512805144556008,1.374190535835256,1.4227162834598701,1.6516483264883421,1.105127150051654,0.06865976137924372,1.0,1.0,0.5,0.8,0.2,155,4400.924499894058,50169774.79939826
12,70,1.0509231359246862,1.3813931115908242,1.4422340437654617,1.663411668274258,1.048168074815084,0.06865976137924372,1.0,1.0,0.5,0.8,0.2,157,4440.465302146375,50158732.3569437
12,71,1.0493344342261444,1.397853741196782,1.483876871345837,1.6899734158581292,1.0398428520545755,0.06632842224686744,1.0,1.0,0.5,0.8,0.2,162,4324.890426306714,50173870.34557937
12,72,1.0399754778647894,1.3527362587611809,1.4211754707381807,1.6764657550678959,1.088323582576244,0.052026102376249085,1.0,1.0,0.5,0.8,0.2,165,5363.41296301113,51350205.62224669
12,73,1.0396553994184103,1.3599690066909311,1.4407313776116324,1.6838863323610382,1.0398310825460666,0.051995835384432934,1.0,1.0,0.5,0.8,0.2,167,5410.986488924236,51340414.72086662
12,74,1.038766191605787,1.3228201244481659,1.3640904384039148,1.7037715879087607,1.0353018965771665,0.05065045763152122,1.0,1.0,0.5,0.8,0.2,169,4760.770469454153,51235262.69671079
12,75,1.0409167179932668,1.3276662924256184,1.380363802519437,1.7029201186585385,1.0602348467934923,0.05630768254693132,1.0,1.0,0.5,0.8,0.2,171,4705.190187474969,51276807.47451
12,76,1.0387151042106422,1.3200515664800403,1.3717506375194146,1.7363084985732906,1.0671628105031337,0.052738371453829515,1.0,1.0,0.5,0.8,0.2,172,6095.1826843243625,47112540.2487656
12,77,1.0384359693138787,1.3197102709996031,1.3713967171496042,1.7399244231173117,1.026680826094319,0.052203494073928366,1.0,1.0,0.5,0.8,0.2,174,6103.107912363894,47088318.39372717
12,78,1.0377131754991593,1.3090227297206893,1.358877967709358,1.7427983329449124,1.10006771110169,0.05221405551696749,1.0,1.0,0.5,0.8,0.2,175,6024.8804465016165,47099052.7893955
12,79,1.0371308788918399,1.3075724332599463,1.3572683137457466,1.7499440961927568,1.028838099262236,0.05117424340023803,1.0,1.0,0.5,0.8,0.2,177,6023.923258519526,47081157.71022628
12,80,1.0384109949719296,1.2964694566447459,1.3438973410712365,1.7508651275501037,1.0739705383660265,0.05545415586929917,1.0,1.0,0.5,0.8,0.2,179,4714.27281711843,51220673.24813935
12,81,1.0380959069443334,1.3231771096803695,1.408403476140401,1.786406276879422,1.0360281305830479,0.055695992086127286,1.0,1.0,0.5,0.8,0.2,185,4780.054533010866,51508506.777675696
12,82,1.0380184740940557,1.3118423065098859,1.3840582351616173,1.8045199491392685,1.0280586755559962,0.05555099719561244,1.0,1.0,0.5,0.8,0.2,187,4816.279592986502,51497045.9704793
12,83,1.0379674680834179,1.3105427136725203,1.3825312076823433,1.7927913335690124,1.0369081600098593,0.05560792054171089,1.0,1.0,0.5,0.8,0.2,188,4779.292941397526,51471264.28940424
12,84,1.037546017710565,1.328247716497283,1.425456942250339,1.8207547805945499,1.0594866784992572,0.05531261307562896,1.0,1.0,0.5,0.8,0.2,189,4780.982912448266,51500653.55934947
12,85,1.037796486279655,1.3337604375649164,1.4428891116360443,1.8338011299529844,1.0503213347122111,0.05655408204894905,1.0,1.0,0.5,0.8,0.2,191,4763.76586598041,51501561.83244991
12,86,1.038015228332947,1.3083157254369875,1.3908520468169228,1.8364902654012298,1.0367323549924072,0.05738800427504196,1.0,1.0,0.5,0.8,0.2,194,4781.408326293062,51465422.34123978
12,87,1.037989367361301,1.3078604461937804,1.390318852484189,1.8364468378300383,1.0302819937547933,0.05738800427504198,1.0,1.0,0.5,0.8,0.2,196,4763.136874940488,51468922.33760162
12,88,1.037969317766534,1.3043901203780044,1.3862223359110646,1.8479932668963304,1.0544216038159373,0.057760200690409415,1.0,1.0,0.5,0.8,0.2,197,4746.69115215052,51466120.6209138
12,89,1.0372088404037896,1.3015346526761273,1.382986920014141,1.843254322300848,1.0437346609065172,0.0564861435892147,1.0,1.0,0.5,0.8,0.2,198,4723.149229874544,51449556.66142339
13,0,0.7780583715403271,0.9439833856414367,0.8854163672943871,0.0076173987845341365,0.0,0.0,0.0,0.0,0.5,0.8,0.2,1,4439.243963808355,8925.380749018175
13,1,0.7847710848516799,0.9648924905408611,0.905330248052366,0.0371989818722487,0.04701613205330399,0.05321837477035628,0.00010929867962031,0.00011956903581750999,0.5,0.8,0.2,3,4443.399649323817,8930.219642020938
13,2,0.7298094169919274,1.0055385732447608,0.9521342515529172,0.11957345309003514,0.3751726058094176,0.09706405966067572,0.039283706432725676,0.08079132086503696,0.5,0.8,0.2,4,3306.8851281729358,47686.68966544165
13,3,0.8055733655959001,1.113400211584125,1.056915035389673,0.24733123275051747,0.3501138237297502,0.09489154640085676,0.20514660158014242,0.052028066729852995,0.5,0.8,0.2,5,2793.8855959114344,5626.585897739209
13,4,0.6127128606972669,0.9775135667731032,0.9141035841207188,0.14465554039091677,0.4104864021329267,0.06468114735886196,0.09264498472649034,0.10030428788336836,0.5,0.8,0.2,6,3224.796228306267,6861.043247053836
13,5,0.6443121797014292,1.0352762912711597,0.9823922979706642,0.21982438123174053,0.28447264692866997,0.09672999614900868,0.14035754142073753,0.13437610422507842,0.5,0.8,0.2,7,2179.353439353036,4324.831165930189
13,6,0.5516096736931199,0.9809495529993683,0.9204438657344233,0.202010529089642,0.4884590152834769,0.0733854449418444,0.1310207323730004,0.18097196278238892,0.5,0.8,0.2,8,1879.1053191170265,41475.857265357634
13,7,1.2811880586073536,1.702456997115738,1.6283411475523635,0.9418932714108934,0.9279778502741487,0.05476465154407721,0.8582397501157292,1.0,0.5,0.8,0.2,10,2905.411108768405,6515.216034108932
13,8,0.5543432334399306,0.9875958587724778,0.9260809867889155,0.22584317754130628,0.20344441701992116,0.07322360762649446,0.14302383253981452,0.1960597566589668,0.5,0.8,0.2,11,1924.6495109488656,42563.513223343085
13,9,1.240891828402527,1.6908699251772934,1.623949104101547,0.9611973774072431,1.1455427800631692,0.05869924403799287,0.8696666876000148,1.0,0.5,0.8,0.2,12,2096.604894722529,19048.55395320166
13,10,1.3167554443929097,1.7699773700298336,1.7016610139151782,1.0596431466006548,1.0407763350641237,0.04895274071729519,0.9848290680077035,1.0,0.5,0.8,0.2,14,1865.3659730761915,18719.44865818192
13,11,0.8227905014555432,1.2895631343345522,1.2331109554674362,0.5737564755573217,0.5736970276621309,0.05479009370564467,0.37495120774966656,1.0,0.5,0.8,0.2,15,1564.407960816578,42405.14981374961
13,12,0.7892930475987485,1.2458379718295522,1.1758703227883596,0.5487980124206921,0.5083440323141544,0.055073612848428856,0.33788207936129544,1.0,0.5,0.8,0.2,17,1131.3532393302676,41071.97123719063
13,13,0.7863277360091028,1.2434433143242194,1.173160800226265,0.5580610096793239,0.5037049554155778,0.05389573305109948,0.3379229128740864,1.0,0.5,0.8,0.2,19,1129.258541600097,40522.27928478141
13,14,1.30674495100959,1.787520350078298,1.7425090173336215,1.1044542048541959,1.052997746521323,0.04643269122539514,1.0,1.0,0.5,0.8,0.2,20,1751.044146641124,20256.464623964
13,15,0.5819598839967424,1.0531505870306503,0.9940843092672057,0.3754538413203934,0.34920510965046264,0.0533690969208722,0.2673711068996765,0.3281314068169833,0.5,0.8,0.2,21,1253.2147712340193,41780.16118984976
13,16,1.3133376420555092,1.7866702224289768,1.7259284511199606,1.121373800027945,1.1178306694411626,0.09902162201893812,1.0,1.0,0.5,0.8,0.2,22,2105.744031783689,58853583.81860708
13,17,1.311621426341898,1.7965919034337645,1.7484525850203672,1.135950368598697,1.0586690753686603,0.10110516135319647,1.0,1.0,0.5,0.8,0.2,24,2099.064229075268,58853615.29207863
13,18,1.284829657542523,1.75894618197935,1.697463648461827,1.1046263303999873,1.0400917720966503,0.052225727353342875,1.0,1.0,0.5,0.8,0.2,25,2042.279714334113,20647.306948296085
13,19,1.2836115300101283,1.7579155326322542,1.696240600436589,1.1133721056903068,1.0340492015006968,0.05241056410686298,1.0,1.0,0.5,0.8,0.2,26,1995.6127672699936,20622.60760717868
13,20,1.2793996799276677,1.754652283918176,1.6918761342227782,1.115030762576233,1.0742787729377055,0.058743354533410196,1.0,1.0,0.5,0.8,0.2,27,1931.5394072713457,20425.433599648382
13,21,1.2765991909632546,1.752140187184813,1.688971452372637,1.1235356110414354,1.0451732448813191,0.05830477873897329,1.0,1.0,0.5,0.8,0.2,28,1986.4575251718904,20531.792950860945
13,22,1.2726181183864147,1.7481599852780774,1.6849888138529237,1.1195675085275667,1.0252818061593147,0.05037309701069124,1.0,1.0,0.5,0.8,0.2,29,2134.8729382108127,18116.120639634955
13,23,1.261145266676367,1.7380153781551184,1.6719308496346452,1.126929997850711,1.1508688183110811,0.06410724424888455,1.0,1.0,0.5,0.8,0.2,30,2667.2985749301843,47329.7949545072
13,24,1.2552533165854074,1.7434802515264909,1.6891653411789056,1.139850501082752,1.0836958240375398,0.06700267151912401,1.0,1.0,0.5,0.8,0.2,31,2533.1288853784386,47904.49134810695
13,25,1.2269397087056537,1.7146021496141624,1.657152734091302,1.1223516047431445,1.1513330758284,0.04585242333850629,1.0,1.0,0.5,0.8,0.2,32,1926.388456804568,28852.50969654321
13,26,1.2132590450483212,1.7109029818293215,1.6644395672097987,1.1294412565391183,1.0605882533985533,0.039570487865761964,1.0,1.0,0.5,0.8,0.2,34,1819.470481185152,32317.943033025367
13,27,1.208776779826796,1.705825306470779,1.6585782763997232,1.1369637569065656,1.0512471203403593,0.03856756636604683,1.0,1.0,0.5,0.8,0.2,35,1817.145651088147,34569.652179450335
13,28,1.207600488501369,1.7156549272324015,1.6811729603879224,1.1453674792664954,1.0240694180559349,0.0385675663660468,1.0,1.0,0.5,0.8,0.2,37,1775.9513325193789,34090.1699509413
13,29,1.1982089289736744,1.704403722635911,1.667991632984162,1.14749234901572,1.0980596081990617,0.03860583931404061,1.0,1.0,0.5,0.8,0.2,38,1633.0670915101534,29016.137749785677
13,30,1.1989917249752808,1.6914113987529495,1.6398883864912546,1.156889346990082,1.072853209099252,0.059676173398068064,1.0,1.0,0.5,0.8,0.2,40,2236.6064417763337,23312.44721136016
13,31,1.1928223429560525,1.683254911032012,1.630334988310502,1.1648081952728695,1.0583226124377274,0.05967631655489748,1.0,1.0,0.5,0.8,0.2,42,2158.6243202278306,23408.2978764088
13,32,1.188853057331314,1.6783371679681132,1.6248002315210293,1.1631626515374323,1.053685419457311,0.05704631258414537,1.0,1.0,0.5,0.8,0.2,43,2205.2305260447715,19032.47283680674
13,33,1.1741373545405767,1.6572612088650405,1.6001219624766885,1.1699400148363865,1.175409935993857,0.0569643847996967,1.0,1.0,0.5,0.8,0.2,44,3323.905021898233,24299.405059062643
13,34,1.1662664418213118,1.6495491716393378,1.6003847830389966,1.1963202943873188,1.1413868955050999,0.07782280060436741,1.0,1.0,0.5,0.8,0.2,46,2524.615016557538,6123917.51042462
13,35,1.1640799090773761,1.6456325820764508,1.5957654353493906,1.2026786823792086,1.0534303981716682,0.07819695732140478,1.0,1.0,0.5,0.8,0.2,48,2538.568062487192,6120593.440361563
13,36,1.1634410985603152,1.6444581243826124,1.5943768288217288,1.208437100628418,1.04790811739725,0.07834857299311561,1.0,1.0,0.5,0.8,0.2,49,2544.082794215589,6118303.773897362
13,37,1.1584029284694055,1.6358705302223109,1.584408579945735,1.2104859562063937,1.0949539129367292,0.07729775813997389,1.0,1.0,0.5,0.8,0.2,50,2537.765257695773,6119601.607226107
13,38,1.1289327212616442,1.6019721670211158,1.5580219377486626,1.188648546129266,1.137526847874965,0.051194557685550465,1.0,1.0,0.5,0.8,0.2,52,2479.6504933724245,46691.38426498464
13,39,1.1260625898642123,1.6062091069637854,1.573939148309076,1.194522562361275,1.0802017291661614,0.05267837105276378,1.0,1.0,0.5,0.8,0.2,53,2024.3149703976287,47311.33368504552
13,40,1.1236754705592522,1.600829940495424,1.5676199113884925,1.1974448643850224,1.0647980249120363,0.05289837132043802,1.0,1.0,0.5,0.8,0.2,54,2039.2929725740853,47642.74831231345
13,41,1.114704848793398,1.5570475109181083,1.4941189811253375,1.2024197060842192,1.1026552902578712,0.05356194506404881,1.0,1.0,0.5,0.8,0.2,56,2775.328191806745,45357.119451971565
13,42,1.1111573662946699,1.5507275252829278,1.4869934727685246,1.200965341163019,1.0585993245698377,0.050329140552319254,1.0,1.0,0.5,0.8,0.2,57,2788.175104107762,44111.05524994621
13,43,1.0964942642272162,1.5235238268261524,1.4663699289443552,1.2059522233983737,1.1548421286939936,0.04849512707048509,1.0,1.0,0.5,0.8,0.2,59,3164.032860813145,44504.55529023758
13,44,1.09058038139135,1.5112178217781118,1.4524297408441045,1.2056193927842156,1.0880175719162049,0.04296757486427974,1.0,1.0,0.5,0.8,0.2,60,2571.9126462813338,45090.61113040937
13,45,1.0898400409055595,1.5082427037262112,1.4488905988205856,1.2122684738819183,1.0333077186850226,0.04360427029719957,1.0,1.0,0.5,0.8,0.2,62,2560.1551900030563,45545.027139034486
13,46,1.087119791201233,1.4969779630334068,1.4355042840891648,1.2217925709847044,1.0661831322435626,0.04585169054229562,1.0,1.0,0.5,0.8,0.2,64,1610.5487423510965,47080.80305433212
13,47,1.094438500388675,1.5034525156533767,1.4520702400134058,1.2559866379899918,1.0521345804881472,0.07036588015549781,1.0,1.0,0.5,0.8,0.2,71,2417.7460710768987,58094905.9669107
13,48,1.0925571802915341,1.4980600163089342,1.4458464745786317,1.2682550333041387,1.0515839606449184,0.06928826240138868,1.0,1.0,0.5,0.8,0.2,73,2536.3133027489325,58094156.35663191
13,49,1.091453093809078,1.485498874567166,1.420222476512761,1.2706395930638628,1.0364975494660684,0.0673033281856739,1.0,1.0,0.5,0.8,0.2,74,2543.684424353157,58093443.24970893
13,50,1.0897990743576067,1.478355283297483,1.411795524775458,1.2736872495534013,1.0860882937424943,0.0680042871008678,1.0,1.0,0.5,0.8,0.2,75,2525.54063105136,58089290.5675499
13,51,1.0836374189107565,1.469893153278833,1.413233836783651,1.277035871831445,1.158838103411816,0.06487312461650643,1.0,1.0,0.5,0.8,0.2,76,3311.9125704350163,58088909.08364685
13,52,1.0808930327382353,1.4629596054449718,1.4053524686521661,1.2820071225785366,1.0700747366243575,0.062076341211703766,1.0,1.0,0.5,0.8,0.2,77,2332.559804144735,58114258.93165137
13,53,1.080504788925782,1.4607057434095714,1.402679577479468,1.2819763740571968,1.0483821007138194,0.06246197144021872,1.0,1.0,0.5,0.8,0.2,78,2326.942521052718,58114242.92070018
13,54,1.0790059252143822,1.4556750549016204,1.3968598531205922,1.287995979071033,1.0630582042507726,0.0616142290375065,1.0,1.0,0.5,0.8,0.2,79,2342.5353258808764,58103233.27356144
13,55,1.0775320842408864,1.4504876924455719,1.3908486656448291,1.3008015618626054,1.0472357370098535,0.060860718804617395,1.0,1.0,0.5,0.8,0.2,81,2373.1622249975794,58103463.48552096
13,56,1.075742024451765,1.4331583556565204,1.3595674608427415,1.2998115687430627,1.0681253348072175,0.05972208636064391,1.0,1.0,0.5,0.8,0.2,82,2468.2693372055774,58106821.68759024
13,57,1.0751912121565435,1.430500451930243,1.3564475194397394,1.3030376765963887,1.0487566979756293,0.059801927768630456,1.0,1.0,0.5,0.8,0.2,83,2474.0728137837486,58105926.05627833
13,58,1.075237800276149,1.429322499035574,1.3550017550062208,1.3067139798929117,1.0412296750197385,0.060573993828229,1.0,1.0,0.5,0.8,0.2,84,2452.223127748116,58102850.14577167
13,59,1.062058310527031,1.4495910708215933,1.4248100104363572,1.3832495619780452,1.0254030248420325,0.040231942405091446,1.0,1.0,0.5,0.8,0.2,103,17962.705010835933,90795.61090537877
13,60,1.0626314171516154,1.432914129008886,1.3938400606801087,1.399158697672389,1.035355400715133,0.044381237656292497,1.0,1.0,0.5,0.8,0.2,107,17635.83006651383,90276.13114985406
13,61,1.060664383280605,1.4420402275982935,1.4159433903918,1.4080985539400914,1.0211764164914574,0.04049896504180827,1.0,1.0,0.5,0.8,0.2,108,17889.003334809582,91096.55700490132
13,62,1.061099806823086,1.4529243121691986,1.4396671486852515,1.4268955815668767,1.027429193025964,0.04173665607630121,1.0,1.0,0.5,0.8,0.2,109,17093.687096141955,77269.10691836037
13,63,1.0598506969274322,1.4380632597766703,1.4112941756891617,1.4149511275890934,1.041048556578299,0.04039436496526508,1.0,1.0,0.5,0.8,0.2,110,17869.62306492146,91784.24799191552
13,64,1.062143597819273,1.4563394903964966,1.454203160256545,1.4364305128063246,1.0529859580940608,0.04810848495662695,1.0,1.0,0.5,0.8,0.2,112,17581.226729419286,74897.97718468182
13,65,1.0607613700451952,1.4512754346317538,1.448377667170061,1.4317172068014823,1.0525263423679203,0.04687362001863753,1.0,1.0,0.5,0.8,0.2,113,17483.667826329096,62376.96307922263
13,66,1.0609191602176329,1.4493877199919554,1.4460608904129695,1.4394603569074262,1.0418022322295157,0.04810848495662695,1.0,1.0,0.5,0.8,0.2,114,17469.149741017878,74501.44562657498
13,67,1.058308766614483,1.4467718717528522,1.4541194982823913,1.4527427997169038,1.1187703645703628,0.04763302901391654,1.0,1.0,0.5,0.8,0.2,115,17514.872077577547,74450.74979450954
13,68,1.0581614462898445,1.4322738136025017,1.42597499949864,1.449063440760336,1.050315513090389,0.048589260551344285,1.0,1.0,0.5,0.8,0.2,116,17458.899884530296,74974.36095207438
13,69,1.0551683803383134,1.4174700865600123,1.4087593963380756,1.450710841403349,1.1219394642944172,0.04714825607898121,1.0,1.0,0.5,0.8,0.2,117,17498.375645342796,62766.96775400235
13,70,1.0547878158851813,1.415680830951388,1.4066816281946333,1.4541280224628854,1.035846667987589,0.04693911899809264,1.0,1.0,0.5,0.8,0.2,118,17536.824685886524,74850.26411764341
13,71,1.0544152247832328,1.413509988050939,1.404149814166307,1.4575133081600742,1.0374077115718694,0.046813083057879665,1.0,1.0,0.5,0.8,0.2,119,17489.486421260084,45314.24064382777
13,72,1.0537722517961325,1.4201360024867757,1.4229814563729892,1.4721116616195804,1.0558760346848315,0.04693911899809264,1.0,1.0,0.5,0.8,0.2,120,17359.68324809942,74190.77829094767
13,73,1.0524262850069313,1.4032875769130624,1.3922653126722526,1.4671099141049615,1.0408556629250527,0.04577891949665086,1.0,1.0,0.5,0.8,0.2,122,17244.09048993867,62244.36408928344
13,74,1.0533284595739298,1.4141461693561215,1.41587635730289,1.4907854565929135,1.0263842220203219,0.04798526029966822,1.0,1.0,0.5,0.8,0.2,126,17171.996623105348,72541.07812936488
13,75,1.0504741529170272,1.3970375161965918,1.3851559870629073,1.484142421395615,1.046595992507946,0.04331272175271938,1.0,1.0,0.5,0.8,0.2,127,17233.30234635683,84771.4413912576
13,76,1.0516537396653958,1.4071655072516922,1.4078329097546263,1.4968881369541336,1.0418027459850387,0.046433586540468405,1.0,1.0,0.5,0.8,0.2,128,17247.63887198198,74233.81119582051
13,77,1.0456061771072147,1.3710142328774315,1.365744251453011,1.5033722437765589,1.2637190903474138,0.04347162231202552,1.0,1.0,0.5,0.8,0.2,129,17266.70460009825,83952.91547365715
13,78,1.0451598727041538,1.3662123651024252,1.36009418889248,1.510507343139755,1.0391811365906234,0.043772902997256655,1.0,1.0,0.5,0.8,0.2,131,17252.844363116998,84570.55870788373
13,79,1.0441735512468877,1.35897684826348,1.3516450608882875,1.5208788760804672,1.071585952681785,0.04347519257147603,1.0,1.0,0.5,0.8,0.2,132,17303.64526757056,85911.59298210134
13,80,1.0434994242788056,1.3540647773041379,1.3459147249366306,1.509131460676289,1.0546002766942375,0.043206614851566974,1.0,1.0,0.5,0.8,0.2,133,17255.017421803812,83975.66817557203
13,81,1.0441898479818783,1.3639153904376025,1.368371420002447,1.5589031256811536,1.024849560087659,0.04510527724498145,1.0,1.0,0.5,0.8,0.2,140,17150.66883006469,84225.22445251465
13,82,1.0432060326738108,1.3603668680710195,1.3643287662306607,1.5654697622757159,1.0319652823569996,0.043779320057329305,1.0,1.0,0.5,0.8,0.2,142,17017.208656869967,85532.07940024624
13,83,1.0390550101331255,1.398115485917265,1.4535183394135631,1.6003402191274054,1.0196242448032857,0.03619621469215566,1.0,1.0,0.5,0.8,0.2,157,17260.254970248585,72402.37143830357
13,84,1.0497439807737812,1.3923432155716728,1.4337367901138507,1.6460543515511021,1.0705817071779768,0.05884087133409115,1.0,1.0,0.5,0.8,0.2,158,17868.505957426707,71742.00588394236
13,85,1.037805656643045,1.3780361506501029,1.4298402317432908,1.610003567247793,1.071832537276162,0.03806513531091589,1.0,1.0,0.5,0.8,0.2,160,17148.347019082525,71149.12373387595
13,86,1.0376838249030753,1.3767580575348157,1.4283424297667795,1.6174390412592392,1.0279998834702972,0.03807513062016163,1.0,1.0,0.5,0.8,0.2,161,17151.029835659043,71128.72954852853
13,87,1.0377745889635157,1.3871792916043904,1.4515982572710777,1.6221264004563232,1.025998559055498,0.03844730025905685,1.0,1.0,0.5,0.8,0.2,162,17049.84149808667,71339.50286398244
13,88,1.0370750501257227,1.3814810066415295,1.444951929280334,1.6252551453561959,1.057718832124733,0.03812138452584059,1.0,1.0,0.5,0.8,0.2,163,17194.45193204187,71889.15550618108
13,89,1.0463953955764573,1.3838895908156112,1.4460536650519396,1.6820023432976836,1.042440561754701,0.058200579926617924,1.0,1.0,0.5,0.8,0.2,167,17630.920812416836,67707.71156865927
13,90,1.0454982073774497,1.389749373340636,1.4640758754149072,1.693383855570656,1.0371903459082652,0.05730157555021607,1.0,1.0,0.5,0.8,0.2,171,17332.997367234173,66840.82072154814
13,91,1.046316094531617,1.3789332496379525,1.4401781873626283,1.7025716378783378,1.0327712737060368,0.05902175112200427,1.0,1.0,0.5,0.8,0.2,172,17281.480907236364,44683.85601726423
13,92,1.0454120916965781,1.3999954643375019,1.4871582163414372,1.7172611940600475,1.0320473249443713,0.05730157555021613,1.0,1.0,0.5,0.8,0.2,173,17305.665884094713,66755.46827355544
13,93,1.045455000962703,1.37379870015925,1.4342398908565597,1.7094968458775879,1.05845822303872,0.05813896121851057,1.0,1.0,0.5,0.8,0.2,174,17368.02966778809,44824.651914850125
13,94,1.0445180951493134,1.3740959834825182,1.4456688844196812,1.7325492737266024,1.0671745748933013,0.05814951213286591,1.0,1.0,0.5,0.8,0.2,176,17369.514218539407,44938.65681920501
13,95,1.037155452146652,1.3439261409165686,1.3894234266716436,1.693682649665322,1.0248222004730674,0.04349811629733125,1.0,1.0,0.5,0.8,0.2,177,17302.180854113372,82089.11718042576
13,96,1.0451487833265547,1.3619160938676251,1.420174917343478,1.7318239783740879,1.0377597214283873,0.059860154156055355,1.0,1.0,0.5,0.8,0.2,179,31112.12926762365,67398.82645089919
13,97,1.0436686263435708,1.358870650753494,1.4277629822027789,1.7252480511798516,1.1202929577939176,0.05900318409435231,1.0,1.0,0.5,0.8,0.2,180,17397.07346400425,81755.83242926563
13,98,1.0430533890352334,1.3347132451653958,1.3883171236174507,1.723318118073916,1.123488842974395,0.05981647384551163,1.0,1.0,0.5,0.8,0.2,181,17472.492273537784,82048.1302582828
13,99,1.042742372129451,1.3449714694482957,1.411458704931411,1.731806472321306,1.0342994586526546,0.05929296922147159,1.0,1.0,0.5,0.8,0.2,182,17478.458982110893,81825.9340576722
13,100,1.0422459512883198,1.3216484011010883,1.3839334643428145,1.743375451199708,1.2019166815868347,0.06172432787574587,1.0,1.0,0.5,0.8,0.2,183,17773.3296742272,79297.43511503752
13,101,1.0421795143974826,1.3318438865192874,1.4069566197797891,1.7636810315016742,1.0343784206957876,0.06172432787574582,1.0,1.0,0.5,0.8,0.2,185,17728.14292960546,79121.75216803918
13,102,1.0417529496720992,1.3273705279049142,1.401741770604339,1.7592402826452396,1.0609518732544756,0.06143595161319815,1.0,1.0,0.5,0.8,0.2,186,17733.126365759068,79081.81512309524
13,103,1.0415592341398439,1.3244924817802823,1.398372640658743,1.7706624744001924,1.0507409100112102,0.06141675395089,1.0,1.0,0.5,0.8,0.2,187,17659.56596407249,79025.31092030503
13,104,1.0405289732252039,1.3318925836244926,1.4182659353618203,1.8046338443509384,1.0324514764278132,0.05973150652947122,1.0,1.0,0.5,0.8,0.2,195,17562.936636230854,78971.85348714238
13,105,1.0398139432977769,1.323654717938105,1.4086548680627162,1.8023892886331294,1.0576492700317472,0.05929295657983299,1.0,1.0,0.5,0.8,0.2,197,17737.923793477363,78509.32566747081
14,0,0.76329614878778,0.9397101206455801,0.8804113877081318,0.0072245257068444075,0.0,0.0,0.0,0.0,0.5,0.8,0.2,1,4304.572328407447,8181.892910831497
14,1,0.7676510784746887,0.9589308359935541,0.8985597264567619,0.03552671438927183,0.04734724778774721,0.05074867923527806,0.00011015451427447999,9.747862683178e-05,0.5,0.8,0.2,3,4330.2558755782575,8336.306807604697
14,2,1.1559351172196317,1.4011781982725489,1.3504581009880499,0.5009806759602359,0.6126822661307902,0.062030249070975915,0.455351707799028,0.4039334156447216,0.5,0.8,0.2,4,3305.359097243057,3310.493602041864
14,3,0.7615702598499986,1.1015854096564357,1.0417300881245373,0.2534259361602996,0.6122204463518133,0.08149931604239562,0.21360659594318193,0.09098831308351812,0.5,0.8,0.2,5,4203.948190466429,6082.025936885833
14,4,0.7069434196333393,1.0555207137920353,0.9946507510450537,0.21488973626632038,0.2326429714488321,0.08443111499272966,0.17213828093507016,0.04883337571326559,0.5,0.8,0.2,6,4170.279026630757,6445.554744287182
14,5,0.590493361945199,1.0026270478566077,0.9459449359941947,0.2025628643300609,0.5250685363284033,0.09536505623069899,0.13669089397628875,0.10009659133130473,0.5,0.8,0.2,7,2877.7146627936395,4448.67386536774
14,6,0.5479508106063105,0.960103037031231,0.9034172323342602,0.1624305634792062,0.13470626572451808,0.0963942370819828,0.08915060431437474,0.0751758708391831,0.5,0.8,0.2,8,2893.104958968802,5061.862991598025
14,7,0.6807048136789815,1.0986488857162957,1.0251994485108096,0.3392588142726457,0.4598829355404963,0.09846560779626028,0.2330346933195869,0.35307063131311495,0.5,0.8,0.2,9,2226.0478069508968,4770.159946788506
14,8,0.6710254779903978,1.0998179644426507,1.0233729512464989,0.3629113047214256,0.3859439905325088,0.09595682871732372,0.2541624865350126,0.36813640400558034,0.5,0.8,0.2,11,1730.0482366876724,5518.992440162861
14,9,0.6777558987987428,1.112286772061188,1.033960542918146,0.38782764574199025,0.4251226528982387,0.0988273221313984,0.298878625204846,0.2993646580403291,0.5,0.8,0.2,12,1687.9631850225455,4656.589012667911
14,10,0.7809737939030241,1.2195592611288988,1.13971128233227,0.5152021107788558,0.49558084471285413,0.08405243326672648,0.4555339433128194,0.29046996416380766,0.5,0.8,0.2,14,2943.6628708295416,11910.472553596006
14,11,1.3591263841693715,1.8121288052895201,1.7439612421926942,1.1258407869653047,1.0672160883100783,0.10724443389504776,1.0,1.0,0.5,0.8,0.2,18,3515.440741974317,6534.088504830117
14,12,1.323493226858718,1.785012518474567,1.711789685606105,1.1322956991942827,1.1588331921990938,0.11204873865318303,1.0,1.0,0.5,0.8,0.2,20,1949.666460038102,5511.893486191049
14,13,1.3144608686399362,1.7773339547146498,1.7028900178448567,1.1340104095503134,1.105272921866902,0.11095178450019653,1.0,1.0,0.5,0.8,0.2,21,1930.770667131443,5811.531865110198
14,14,1.3137783896579365,1.7768492935086704,1.702204003659219,1.143350717566606,1.0643857823657905,0.11233562149623699,1.0,1.0,0.5,0.8,0.2,22,1908.234921567829,7415.43106694553
14,15,1.306122777481202,1.7700776990198424,1.6944217713826677,1.1439994681420282,1.0759042242878718,0.11059379023548413,1.0,1.0,0.5,0.8,0.2,24,1941.6638609578945,6167.17460642643
14,16,1.3057660949290788,1.780967130531988,1.7182577758713162,1.1519856947954132,1.0563956227728732,0.11059379023548413,1.0,1.0,0.5,0.8,0.2,26,1938.034888491395,6140.352129360718
14,17,1.3006971271891883,1.7764489421766443,1.7129651870113058,1.1627882623355381,1.07109269137747,0.11060110913395124,1.0,1.0,0.5,0.8,0.2,28,1850.0034828771256,6124.58182140575
14,18,1.2835877834318337,1.7605198551938286,1.6942567332759835,1.1646926128632153,1.169119203184921,0.11120162686879151,1.0,1.0,0.5,0.8,0.2,29,1729.4981735898589,5771.132083380557
14,19,1.0495852255522096,1.5600246731929424,1.5298929228264282,0.9635346470811739,0.8674724973291226,0.11832824864619049,0.7238595335901324,1.0,0.5,0.8,0.2,33,3656.343658524528,22705.39882817308
14,20,1.0451399964796988,1.5553456223167073,1.5244335749425917,0.9683824097925682,0.8540414812976809,0.11796712541771023,0.7239325414965136,1.0,0.5,0.8,0.2,35,3575.9750870859743,22639.36843844926
14,21,1.0251698736853117,1.5352387516940507,1.503967015296371,0.9587949963406297,0.8274559262525036,0.1195683052791758,0.7004229527861282,1.0,0.5,0.8,0.2,37,3443.595326985338,21548.14054653646
14,22,1.0144925970218373,1.5240919817944067,1.4918334338374115,0.9561111635430586,0.854984670689583,0.12297776214259115,0.6915615402982911,1.0,0.5,0.8,0.2,38,3476.993304715152,21735.919140364374
14,23,1.0086795680643341,1.5180526829459,1.4853978672519097,0.9554032772107488,0.8271713817295796,0.12580635899899725,0.6851366268784853,1.0,0.5,0.8,0.2,39,3510.3637038564907,21883.839520411268
14,24,1.0402514771871252,1.5698366153781789,1.5603835426226016,1.021505713329955,0.9709213353392354,0.11629982466291437,0.7482305393503265,1.0,0.5,0.8,0.2,40,3506.5045474255253,22755.076872506903
14,25,1.0409848077460504,1.5813339751966635,1.5844388558130789,1.0281067033477747,0.8686366204373366,0.11557318233261224,0.752281120808113,1.0,0.5,0.8,0.2,42,3371.873027059873,22709.36493405676
14,26,1.029920254854579,1.5689728671536867,1.5708902802469142,1.0252753000414176,0.9026641061582708,0.11882462387735152,0.7434644312535705,1.0,0.5,0.8,0.2,43,3393.002301165978,22904.34840933439
14,27,1.0375331193239685,1.5762012639671596,1.5777896840976955,1.0374812166984038,0.8768133999534344,0.11658681072173671,0.7563001884194276,1.0,0.5,0.8,0.2,44,5554.399878282394,22863.065220933644
14,28,1.1308586829748375,1.6695402864196758,1.6710953030166695,1.1528289820596658,0.9574806441872146,0.12460383178991649,0.8682071668531816,1.0,0.5,0.8,0.2,47,3466.500185221156,23215.702831441493
14,29,1.2168141068742482,1.736814493138197,1.7203956001737521,1.240204801195873,1.2671820560763172,0.12877291085014675,1.0,1.0,0.5,0.8,0.2,48,3660.944726242889,27128.63738537221
14,30,1.215588237072842,1.7462079827134052,1.742479596063051,1.249155862594413,1.0705655084882895,0.1287729108501467,1.0,1.0,0.5,0.8,0.2,50,3661.310636257899,27120.48392730282
14,31,1.2080691049713128,1.7565482636156289,1.7764775762623102,1.2792861078688693,1.097763084148269,0.13200275432464703,1.0,1.0,0.5,0.8,0.2,53,2820.724884276351,27192.26385381192
14,32,1.1990234104376463,1.7299160039718047,1.7338683886968682,1.2659402291626698,1.1909473486290403,0.1359057843806431,1.0,1.0,0.5,0.8,0.2,54,3435.836079250417,27256.29900524713
14,33,1.1932671005247317,1.7304617806727294,1.7454458739169043,1.2854180731335025,1.1081299996701195,0.13758272123301504,1.0,1.0,0.5,0.8,0.2,56,3394.5890149491424,27183.063774434664
14,34,1.1938109050097239,1.7197264272041546,1.7216799889792884,1.290344723941683,1.070042565428432,0.1388691378645157,1.0,1.0,0.5,0.8,0.2,58,3421.2832586874674,27267.068376286607
14,35,1.1830189448268211,1.7277029352615636,1.7542408654145787,1.3026298662032152,1.1210581570006846,0.1265510739135301,1.0,1.0,0.5,0.8,0.2,59,2766.3987424123143,27076.001416218605
14,36,1.1825072276305082,1.7268386842739412,1.753242637934519,1.3024779670092457,1.0659316686413391,0.12638792558109613,1.0,1.0,0.5,0.8,0.2,61,2756.447902746896,27105.440109269315
14,37,1.1790280213067335,1.6970029782281673,1.6959440473498009,1.3035780118404448,1.123902652605233,0.128602691114274,1.0,1.0,0.5,0.8,0.2,62,2780.6490573798465,1314606690291.455
14,38,1.1687881594744187,1.6980516515111899,1.7191579945522721,1.3129849958669093,1.2223467196716593,0.13068123155311245,1.0,1.0,0.5,0.8,0.2,63,2747.194299502601,2889006318878.1914
14,39,1.1664269027737064,1.6713869575592633,1.6658882038204532,1.315850715802749,1.0886860140767283,0.12922187792342604,1.0,1.0,0.5,0.8,0.2,64,2734.978934943959,1314609033239.9993
14,40,1.164159567981093,1.6882972028148273,1.7077671591353227,1.3223005758871678,1.1073029626658952,0.13028243676918183,1.0,1.0,0.5,0.8,0.2,65,2674.6439140460207,2889001429544.107
14,41,1.1632559730202308,1.675297078922709,1.6814865924420201,1.3254538514973655,1.0763417436742673,0.12995768156656934,1.0,1.0,0.5,0.8,0.2,66,2816.139046464496,2889001357201.26
14,42,1.1631815273869102,1.6739819330904566,1.679784514836982,1.3326618157095904,1.081697180678141,0.13184872481226326,1.0,1.0,0.5,0.8,0.2,67,2938.3462535909057,2889001423689.562
14,43,1.4618422461757339,1.989710560287079,2.0198811043258007,1.6136162059785513,1.4353748594043039,0.7375600491292534,1.0,1.0,0.5,0.8,0.2,68,1725.9111646495628,36437295605473.12
14,44,1.259811937171747,1.7813981798262404,1.8097124591363756,1.4284624804162263,1.247011908689112,0.342612940074533,1.0,1.0,0.5,0.8,0.2,69,1313.4946616775103,36437358345154.78
14,45,1.447846789897473,1.9720146258592228,2.010878547966845,1.6378649846574134,1.398346735648707,0.7300593765697597,1.0,1.0,0.5,0.8,0.2,72,1388.189654543779,36437358025078.61
14,46,1.448587729997884,1.9683802649303266,2.0060376407346747,1.640630724396152,1.4176568840169042,0.7368819148635353,1.0,1.0,0.5,0.8,0.2,73,1341.0186799862672,36437360638516.47
14,47,1.4692210662859178,1.9970157317869823,2.0568446662547153,1.706451382193672,1.4283342946697963,0.7940588179408115,1.0,1.0,0.5,0.8,0.2,78,1620.8058055825672,38196830173266.5
14,48,1.4679953757710122,1.9816718126154045,2.0277542095943852,1.7026855584290512,1.4273548961322577,0.7944896492522172,1.0,1.0,0.5,0.8,0.2,79,1606.9831676852918,38196826214322.1
14,49,1.4634759624274538,1.9822986738615251,2.0398453031848844,1.706934841168653,1.4583510196819256,0.7912787971454673,1.0,1.0,0.5,0.8,0.2,80,1540.3141529513146,38196871363133.766
14,50,1.4576267893442427,1.945050025541798,1.9743515284775695,1.7112224097511728,1.4403970217629953,0.787803694728001,1.0,1.0,0.5,0.8,0.2,82,1454.6583322814267,38201020809472.78
14,51,1.4561536019721968,1.9511156854252942,1.992537680884011,1.7210742837603803,1.4112572843838291,0.787803694728001,1.0,1.0,0.5,0.8,0.2,84,1427.76188638326,38201017014683.01
14,52,1.4547105134579812,1.9572864886394006,2.010846928593235,1.7566050856313293,1.411283723736741,0.7878036946940867,1.0,1.0,0.5,0.8,0.2,86,1374.5602600215234,38201008550797.25
14,53,1.2713626103856694,1.7544268106405119,1.7930122890509883,1.5571055187340461,1.2339080512911789,0.4275520834099704,1.0,1.0,0.5,0.8,0.2,90,1353.6055918572251,35321.8418666557
14,54,1.2647712041666106,1.768031347354874,1.8320985407660946,1.560844780969537,1.2291858690576583,0.41601027690427805,1.0,1.0,0.5,0.8,0.2,91,1357.485837602533,35144.66664938774
14,55,1.2684811462240473,1.7419763210841495,1.7783334158826118,1.5821097126446046,1.2840303047560135,0.42867433926741116,1.0,1.0,0.5,0.8,0.2,92,1929.6788095269176,35386.42619524431
14,56,1.2459302906412377,1.7324562615184713,1.7926733975915485,1.567360341189645,1.282236451357757,0.38982247801763836,1.0,1.0,0.5,0.8,0.2,93,1285.9574727063125,579961.6451604033
14,57,1.2433548979977394,1.7169316757730488,1.774253420573354,1.5596931898265851,1.3143730614817979,0.3925870651749408,1.0,1.0,0.5,0.8,0.2,94,1387.316409990226,579438.3357168108
14,58,1.2433548979977396,1.7281360244335187,1.7984583173261706,1.5815079052362888,1.1962944159209092,0.3925870651749412,1.0,1.0,0.5,0.8,0.2,96,1387.3164099902276,579438.3357168108
14,59,1.2456402634351738,1.7286526435201928,1.7985843581169167,1.5954171649815276,1.2043984081323529,0.39818027630165964,1.0,1.0,0.5,0.8,0.2,99,1373.5702243121862,579777.4738386119
14,60,1.4247454196652065,1.8939836378622672,1.950348616459758,1.8127074604115794,1.3847401709385092,0.7578638804919731,1.0,1.0,0.5,0.8,0.2,103,1545.563959646012,97205094523621.36
14,61,1.2284401700577843,1.7082463341652896,1.7880334375134874,1.6291879614236422,1.2387236489221611,0.3716900621432787,1.0,1.0,0.5,0.8,0.2,105,1215.2390127065055,652240.5041380601
14,62,1.2058428968930643,1.6325129400744764,1.6905050468371479,1.618416105359066,1.5309985183799248,0.3453363351161856,1.0,1.0,0.5,0.8,0.2,106,1404.435529436606,751416.623959521
14,63,1.1779981374942523,1.5988712919418913,1.655682102180036,1.5986724836086765,1.1698157354352885,0.29184887184063785,1.0,1.0,0.5,0.8,0.2,108,1341.9275687928755,751080.4015345972
14,64,1.1769282643758592,1.5943707915877838,1.6504846246388525,1.6055199769174353,1.1597074611491074,0.2909875049172884,1.0,1.0,0.5,0.8,0.2,110,1371.6836920838882,751315.2149895749
14,65,1.20172716475522,1.6177188426955416,1.6950442912092745,1.646250362565591,1.3704747932314663,0.34879837024185006,1.0,1.0,0.5,0.8,0.2,111,1467.7432312464073,597059.1588908078
14,66,1.216928317009805,1.611138326915625,1.673374344147759,1.681722156382883,1.212387571366665,0.38244134421614706,1.0,1.0,0.5,0.8,0.2,115,1592.4874520029152,602658.007395537
14,67,1.2172229395551417,1.6192024377455856,1.6937641919804238,1.708871541835966,1.2057235122364696,0.38404234550287797,1.0,1.0,0.5,0.8,0.2,117,1567.8953211746375,603507.9742830402
14,68,1.2165118122224423,1.6036288341312053,1.6644728797453212,1.68928655222009,1.2210142494178384,0.38367803307563375,1.0,1.0,0.5,0.8,0.2,118,1480.068058054053,599555.6433862206
14,69,1.2157212141026146,1.6233566647789779,1.70983199489367,1.7072076410329085,1.2063622797876696,0.38263487039524746,1.0,1.0,0.5,0.8,0.2,119,1603.6701363531986,602756.907473665
14,70,1.2083448441008644,1.6208458554890781,1.7407557752922422,1.7034367847936365,1.2201364443279923,0.37540233511505117,1.0,1.0,0.5,0.8,0.2,126,1411.3150066669857,282447.3364866665
14,71,1.2021153970793266,1.5488184414880095,1.6236018954971323,1.6837546916239556,1.4367496196170728,0.3700991136477011,1.0,1.0,0.5,0.8,0.2,127,1442.279387366562,282294.3285402992
14,72,1.2013817177593367,1.5440735137554955,1.6290041116646576,1.701970276763957,1.2144012721933715,0.3715263859912508,1.0,1.0,0.5,0.8,0.2,131,1416.6395399251255,281707.48711789737
14,73,1.2001454239694935,1.553805815276024,1.6516927464639752,1.7121060771798402,1.1854553020027634,0.3690979215264319,1.0,1.0,0.5,0.8,0.2,133,1432.2569054517226,282735.07704642764
14,74,1.201252879173295,1.572083212529899,1.6949919970094947,1.7398915826791594,1.2060699193298938,0.3722704725230434,1.0,1.0,0.5,0.8,0.2,135,1512.8164483662308,281768.2960692013
14,75,1.1903108204714994,1.5518159259808433,1.6729845617506933,1.8989659260003948,1.178032730285654,0.3520581424146279,1.0,1.0,0.5,0.8,0.2,171,1483.6486113442138,292646.46168639854
14,76,1.18825079268395,1.5728645113726203,1.7310880523278664,1.9418773347551015,1.1835187937746021,0.3496651451697101,1.0,1.0,0.5,0.8,0.2,180,1523.488534788274,294757.8667968599
14,77,1.190528481758553,1.562375621775147,1.707309480917626,1.9267083989470057,1.1831345028905897,0.35447364374211643,1.0,1.0,0.5,0.8,0.2,182,1481.881921694045,284444.0764119406
14,78,1.1887619022629898,1.5433918743425332,1.6742115380330687,1.9273535398919035,1.1992120297140836,0.3519201379855769,1.0,1.0,0.5,0.8,0.2,184,1583.7348338460904,283679.1961130816
14,79,1.1882052971286912,1.5466278959405155,1.6890834998719446,1.939237751400833,1.2032459799721915,0.3519201379855768,1.0,1.0,0.5,0.8,0.2,186,1595.5826180603267,283760.4624711008
14,80,1.189167164190344,1.535166631290454,1.664397272371116,1.9314494897532284,1.1861725368771832,0.3540268543503208,1.0,1.0,0.5,0.8,0.2,187,1597.3631792996937,283581.28221274214
14,81,1.1889670709853124,1.5446804185164074,1.6866373404418384,1.952562846204709,1.1806498658168412,0.35384858590946977,1.0,1.0,0.5,0.8,0.2,190,1594.387389911896,281380.6791861908
14,82,1.1885368544577009,1.5755226409273198,1.7560506401779243,2.0125512536628785,1.1801778605529993,0.3533336456061712,1.0,1.0,0.5,0.8,0.2,195,1488.027597520791,282986.1377744944
15,0,0.8273831469654326,0.9576985232488611,0.9014803065204691,0.008878385824255637,0.0,0.0,0.0,0.0,0.5,0.8,0.2,1,3368.542604888486,8213.391414843176
15,1,0.8363894317575307,0.982874342304767,0.9256141723601935,0.042974412256083734,0.052506183313939817,0.06230900095497295,0.00010561808353773999,0.00010474096353469001,0.5,0.8,0.2,3,3342.601517547411,8174.839370466012
15,2,0.7429209822404831,1.0139111527664801,0.9609433721776384,0.125632207397077,0.4570840509361338,0.11608012971452597,0.03860758386293055,0.0650739631394484,0.5,0.8,0.2,4,2923.2399404604494,46118.28535542564
15,3,0.7572649791677271,1.0975586179067758,1.0374819671157876,0.2505520600163569,0.5224183249766684,0.10170413855924991,0.207464191652388,0.051374384373826854,0.5,0.8,0.2,5,3339.172579864451,5426.904983220748
15,4,0.7128292185535594,1.058284217225814,0.9975500205159114,0.21690548766897277,0.2182889941709155,0.10072878416806079,0.1689993470055729,0.03049863694092097,0.5,0.8,0.2,6,3219.9818159131028,5763.232747395307
15,5,0.6134213785183975,1.0198095107686225,0.9642360815412753,0.2138667771123399,0.502284031764419,0.09958111202458104,0.15665457402167943,0.06324528200564863,0.5,0.8,0.2,7,2889.8448875048043,4154.283845552472
15,6,0.6692349409116414,1.096036759070639,1.036153970001844,0.31379491229632595,0.34773520555510984,0.0705742015014639,0.25053833422629423,0.2671793144931843,0.5,0.8,0.2,10,2816.8792081072365,37909.04236678792
15,7,0.49013695584182365,0.9584579578059054,0.9190705193527284,0.20416073010127556,0.3858591407527714,0.07538109515968158,0.1113071681385446,0.17289205960200144,0.5,0.8,0.2,11,2190.701603139966,39558.00786454717
15,8,0.4917108224093465,0.9716940576428009,0.9451432989114152,0.2194622662165972,0.1676417455532737,0.07733072162516388,0.11192052358510059,0.18050692243654456,0.5,0.8,0.2,13,2198.636521431804,39179.83226142703
15,9,0.4716570183759623,0.933643355307744,0.8793909900119471,0.21733352257985747,0.22794728946677334,0.039585948605033325,0.12150348493877934,0.20797516032859842,0.5,0.8,0.2,14,2093.687887155853,38331.39282179573
15,10,1.1136212106128993,1.5650128650427844,1.4975044164972722,0.8622055987185226,0.8078733776496057,0.10176507946881479,0.8004164172546041,0.5572092187367299,0.5,0.8,0.2,16,2354.4550657140035,45703.97757069453
15,11,0.9415238660780427,1.4104470168600154,1.3528222646433041,0.7183996454096053,0.7186448899403906,0.10600122943431381,0.6430704522573902,0.438148585383581,0.5,0.8,0.2,18,2702.4200287643616,47697.09308123511
15,12,1.1950408937790875,1.671117658636519,1.6071166603397649,1.0260331099052833,1.083045440939269,0.08297499745472392,0.9696327787929189,0.6789799212971197,0.5,0.8,0.2,20,1884.086622877804,44315.197966601365
15,13,1.1605168393904144,1.6483827040577752,1.596152918449042,1.0121701003977452,0.9388006983664676,0.08518314061255623,0.9427581100076073,0.6471515064747493,0.5,0.8,0.2,24,1948.749068692178,44923.9584496242
15,14,0.9354941193036258,1.4234815618277998,1.3707571253411777,0.7972272777276589,0.7141851344460719,0.07236023939173325,0.7043051230170623,0.522955537562354,0.5,0.8,0.2,26,2494.11125986829,46195.39912125577
15,15,0.9349966927616642,1.4230149026557541,1.370172924781935,0.8055109686494973,0.70682890165284,0.07264553375611296,0.7043823034939348,0.5230315472750359,0.5,0.8,0.2,28,2501.567275598407,45857.36021629085
15,16,1.104264074885749,1.5921930942422904,1.53568000275361,1.0023877600441453,1.0447679728895922,0.05293500752338444,0.9375563863570837,0.5926854468825394,0.5,0.8,0.2,29,2766.015544187833,50166.62167410158
15,17,1.1261716713925423,1.6123356299302802,1.5524696342101652,1.0464903867012088,1.003232843051027,0.05059909698964371,0.991952004399443,0.5795490150166025,0.5,0.8,0.2,31,2546.8290081243317,46171.81423447263
15,18,1.197556351609668,1.6722303792149895,1.5990278552260626,1.1292228752066875,1.0213539194444399,0.08194832792653019,0.9722303005027255,0.9453673479736364,0.5,0.8,0.2,32,2193.931737023216,47828.214579493615
15,19,1.1125739927263574,1.5952943598510068,1.5319453315379779,1.0510000933509307,1.0664998898242017,0.04991493218841374,0.995587882501322,0.5832002777929188,0.5,0.8,0.2,33,2467.99418115364,45810.407725826015
15,20,1.1151394122657898,1.596406560521505,1.5319211872464022,1.0533546067893653,0.9689394038399143,0.07544219270558329,1.0,0.5404686682512911,0.5,0.8,0.2,35,2365.4090048020707,45132.45843905847
15,21,1.1625414008349517,1.6420077271338764,1.5762401340494423,1.1259681962335344,1.051287349025828,0.06801724295774132,0.9782327139175797,0.9115430355142404,0.5,0.8,0.2,36,2217.7653399257256,46568.13949360143
15,22,1.1082538812888139,1.5973765620968863,1.5436105188445604,1.072834757556241,0.9895553936624131,0.07648995806885203,1.0,0.5532768544501155,0.5,0.8,0.2,37,2289.8543050965677,45113.91531124948
15,23,1.122170819172021,1.597419967056356,1.5290441854289032,1.0983055973549218,1.0356025540262819,0.06160767612730097,1.0,0.6937067265829746,0.5,0.8,0.2,38,2086.747462905285,47648.36810571245
15,24,1.088149569852495,1.5689981023009731,1.5107279174995636,1.0859335924784448,1.0056330974526546,0.057438810687189944,1.0,0.5905176877169717,0.5,0.8,0.2,40,2164.403833617937,45945.30415015891
15,25,1.0873482312132017,1.5668160294671687,1.5078874427986237,1.090382152370884,0.9619192630238034,0.057585823717561324,1.0,0.5984622174496788,0.5,0.8,0.2,42,2198.132181887151,45374.1165444345
15,26,1.0799437186678675,1.5665067194682392,1.5187274067707184,1.10400746961444,0.9855235581383287,0.0568427736577759,1.0,0.5968003588956659,0.5,0.8,0.2,44,2118.1379883299155,45574.16285966993
15,27,1.0798233188787936,1.577511894145105,1.5426991704366282,1.113104954380736,0.9484771744362303,0.0568427736577759,1.0,0.5968003588956659,0.5,0.8,0.2,46,2140.1537482271974,45345.24480173785
15,28,1.0800536123563438,1.5656760427175946,1.5174920755836827,1.1148746556197247,0.9644198522405864,0.057711948364133195,1.0,0.6022868507345691,0.5,0.8,0.2,47,2140.812664595139,45782.66855254931
15,29,1.07544221370855,1.547203560145737,1.4849087557369214,1.125978678813345,0.9938150259492599,0.055555545353115056,1.0,0.6037546778905798,0.5,0.8,0.2,48,2111.4106088893086,45146.32419117032
15,30,1.1442685172176958,1.6378293743803805,1.6012874029227313,1.2019747564377004,1.0283303405350477,0.06559938031674813,1.0,0.9269830015602916,0.5,0.8,0.2,49,2098.4461842203536,46142.46052964362
15,31,1.16051066008562,1.6528119846872438,1.6157480762333416,1.249377984019541,1.0378993195960138,0.07245201255848494,1.0,1.0,0.5,0.8,0.2,62,3367.7853314496447,62466.64682343488
15,32,1.1466412962328532,1.617223317446107,1.563236227587345,1.2398222428793704,1.1145935123477704,0.06949270776681142,1.0,1.0,0.5,0.8,0.2,64,3241.9160415404613,64512.22639097038
15,33,1.1417691834919153,1.6182639730164168,1.575454209514706,1.259167552826116,1.0724376683994583,0.07045932845842179,1.0,1.0,0.5,0.8,0.2,66,3235.078347643994,64805.071562166944
15,34,1.135170606920852,1.6075359289745774,1.5633658734595914,1.265232520887943,1.060058262682489,0.06488894699146543,1.0,1.0,0.5,0.8,0.2,68,3037.188819240348,61199.6007187384
15,35,1.1280500975405154,1.6094001124124564,1.5775093236527733,1.2772479263338712,1.0569613487727838,0.054632051887186284,1.0,1.0,0.5,0.8,0.2,69,3008.964949887708,63524.77421700696
15,36,1.1241109107444562,1.5822741710705606,1.5337011820013635,1.2703233877862476,1.1828065332590116,0.06578480226379715,1.0,1.0,0.5,0.8,0.2,70,2929.2962644071986,60776.05310508944
15,37,1.1239512727632288,1.581638884541017,1.5329250611792764,1.2774418902038573,1.0359511836344886,0.06615891051137653,1.0,1.0,0.5,0.8,0.2,72,2968.112116158837,63342.71830012302
15,38,1.1135369345680894,1.6256595333048023,1.6408370584790428,1.289071849084259,1.111121296055498,0.055135684643911165,1.0,1.0,0.5,0.8,0.2,73,3590.5249597957927,651100654732326.1
15,39,1.1170426169464613,1.5661961800210127,1.5150150800569973,1.2688189509121737,1.0491095775149648,0.06408688185991132,1.0,1.0,0.5,0.8,0.2,74,3036.93134477536,56965.8944633379
15,40,1.0963834422929535,1.583657928800222,1.60272409660749,1.293797083886512,1.3438812741818638,0.055135684643911165,1.0,1.0,0.5,0.8,0.2,75,3178.459818011984,651100779804639.2
15,41,1.0953678972371712,1.5917650171119344,1.6233072041059178,1.3044688282100447,1.0382275264965017,0.05506614861299217,1.0,1.0,0.5,0.8,0.2,77,3175.9114523613466,816828582186521.2
15,42,1.0950060518688314,1.5904893961478213,1.6218024901869383,1.3117340703619977,1.032268049803904,0.05519118955114449,1.0,1.0,0.5,0.8,0.2,79,3176.5565781330856,816828576367938.6
15,43,1.090886324241378,1.5649263470909633,1.5807122365886153,1.3107724363675248,1.131034611955791,0.05598060234647791,1.0,1.0,0.5,0.8,0.2,80,3045.908841144874,1337794127638454.5
15,44,1.0887715401118416,1.5592892490760086,1.5742222655916904,1.3169829237924382,1.0447250247413997,0.05466715707426408,1.0,1.0,0.5,0.8,0.2,82,3046.632245233238,1337794109151045.8
15,45,1.086427914370408,1.5531354794130816,1.5671544535553086,1.3266644850636578,1.0637954741570053,0.053033975551221565,1.0,1.0,0.5,0.8,0.2,83,3021.324815692308,986861468219237.0
15,46,1.0883490077040636,1.5543311038585117,1.5681769549502078,1.3410922482755943,1.0293658278198916,0.057447054081649164,1.0,1.0,0.5,0.8,0.2,94,3016.957695541044,1484513534458434.8
15,47,1.0816783465040045,1.5535528383299264,1.5791393252480967,1.3668253131188515,1.0756855464972923,0.04819573963045989,1.0,1.0,0.5,0.8,0.2,95,3150.25133872215,1484513349419829.5
15,48,1.0827728388146356,1.5545944865839672,1.5801704866652988,1.3502116297097724,1.0254141054061572,0.05040110500059567,1.0,1.0,0.5,0.8,0.2,96,2973.5309295653124,1484513599408392.5
15,49,1.079267540101482,1.5464202563346767,1.57090288207827,1.3588284576539715,1.0680438467046958,0.04682132101653872,1.0,1.0,0.5,0.8,0.2,97,3165.41595510705,1484513424530229.5
15,50,1.0783326878521133,1.5411815358882879,1.5646569596693978,1.358953537551779,1.0662408405510881,0.04810591593832044,1.0,1.0,0.5,0.8,0.2,98,3231.893570748024,1484513449304015.8
15,51,1.0774215199953705,1.53682223917965,1.5595146945775629,1.4023441665271419,1.0304210425786595,0.04853120349877496,1.0,1.0,0.5,0.8,0.2,103,3030.016640614242,1484513443632672.8
15,52,1.073192869125955,1.5219262880800175,1.5421997904655234,1.4035221442598005,1.1221492892043734,0.04698883980142262,1.0,1.0,0.5,0.8,0.2,104,2900.8960751400045,1484513452826714.2
15,53,1.0731028363655082,1.5327500691117302,1.5659588931872552,1.4253826321138126,1.024821267686638,0.0469888398014226,1.0,1.0,0.5,0.8,0.2,106,2883.236898406712,1484513460553493.5
15,54,1.073240017813044,1.527537012870094,1.55955061957703,1.430657406717695,1.0496716622425621,0.050521660720097575,1.0,1.0,0.5,0.8,0.2,108,3048.024741197852,1484513499444346.5
15,55,1.073046210708062,1.5040717665086774,1.5098932278909498,1.4382753257166372,1.0260925687003475,0.05064033704425912,1.0,1.0,0.5,0.8,0.2,118,2190.33322982556,1484517494332789.2
15,56,1.069785080569857,1.4958778146748986,1.5006090510165884,1.457975834117281,1.0457201202768518,0.046983839566396804,1.0,1.0,0.5,0.8,0.2,120,2130.8012726513816,1484516915618988.5
15,57,1.069453861438878,1.493953413431673,1.4983343984269248,1.4690480344954322,1.0307580714689035,0.047225540712306106,1.0,1.0,0.5,0.8,0.2,122,2146.2632481441183,1484516940149761.2
15,58,1.0696889837391865,1.490117696519301,1.4936079458968203,1.4772554436097398,1.061303448738759,0.04995697259941907,1.0,1.0,0.5,0.8,0.2,123,2263.500710399142,1484517685059559.2
15,59,1.067490285253796,1.5059120289784056,1.5344433278089646,1.4870527044897524,1.0631134873136123,0.047938404339174616,1.0,1.0,0.5,0.8,0.2,124,2857.378567053273,1484520106041980.8
15,60,1.0656769091349898,1.5309238439792743,1.6076086394116083,1.4715984709049608,1.1836034507217406,0.05327423101197121,1.0,1.0,0.5,0.8,0.2,125,3538.552996603185,14318707.559040274
15,61,1.0649928157729314,1.526497461216754,1.6023933122967389,1.4790064609914018,1.0429046200694954,0.05363475817053472,1.0,1.0,0.5,0.8,0.2,127,3513.105155031732,14318292.98500728
15,62,1.0640362505865646,1.5458697069061949,1.6473295935951866,1.5151830156721362,1.044165883034503,0.05266481204281942,1.0,1.0,0.5,0.8,0.2,128,3508.864948015362,14317815.93452369
15,63,1.063565439465063,1.5424843191384943,1.643333868722884,1.5228325596491128,1.0389674621759508,0.05302258450770695,1.0,1.0,0.5,0.8,0.2,130,3483.3505920666817,14317399.748443255
15,64,1.0634980297786485,1.530904531793052,1.6186893458281384,1.4967864672994768,1.0278148691642615,0.0530225845077069,1.0,1.0,0.5,0.8,0.2,132,3476.87852888123,14317760.656584289
15,65,1.0631465256846953,1.4632477499468386,1.4836875672908212,1.5244478673160575,1.0603841300354244,0.05710584847806751,1.0,1.0,0.5,0.8,0.2,135,3221.0055363039205,1.2525928192291344e+36
15,66,1.059947775050758,1.4783461287379847,1.5239409097034875,1.5485219278665225,1.037685047052925,0.052367318371491264,1.0,1.0,0.5,0.8,0.2,138,3114.092460672212,435042084776164.3
15,67,1.0624663319063268,1.5357127101805135,1.646069407626823,1.566534128140901,1.0338538717528256,0.057870049352467236,1.0,1.0,0.5,0.8,0.2,140,3341.567865370534,14318210.406735158
15,68,1.0582634972973401,1.4709878446915796,1.515420967118436,1.569968616519972,1.063151676499413,0.05121749044596182,1.0,1.0,0.5,0.8,0.2,141,3165.729377163449,6.194368539097174e+36
15,69,1.0608186197170997,1.517737825216015,1.6140459400356935,1.5462082149488552,1.0300141400403156,0.05656629468293282,1.0,1.0,0.5,0.8,0.2,144,3342.445497787002,14316189.292701757
15,70,1.0602180459048778,1.527335905584328,1.636439598512321,1.5719669306659172,1.0320561646966502,0.055748632916061545,1.0,1.0,0.5,0.8,0.2,146,3350.786802069037,14314387.975224923
15,71,1.0525068306326804,1.5046649335468347,1.632284001794018,1.5897658218398643,1.1282681106156798,0.053009405557114565,1.0,1.0,0.5,0.8,0.2,149,3529.802957891226,14325739.164199805
15,72,1.0502836630891297,1.5413807039419747,1.7306559070137688,1.639300517744818,1.094977606268245,0.05348035330472143,1.0,1.0,0.5,0.8,0.2,151,3277.170659225392,14325023.410882857
15,73,1.0499793080246138,1.5070494788603792,1.6572421905446595,1.6273601315652542,1.0281588082199957,0.05298635304222149,1.0,1.0,0.5,0.8,0.2,153,3515.00538165028,14325315.54783018
15,74,1.048404486271098,1.5502645488963205,1.7632824071519335,1.6813214384342,1.070795674241565,0.05280675487402435,1.0,1.0,0.5,0.8,0.2,155,3253.0062762415578,14317426.929726971
15,75,1.0470211174786068,1.5198511548429927,1.7164430606306385,1.664503305626566,1.0971327046525756,0.054390322446797625,1.0,1.0,0.5,0.8,0.2,157,3427.363612087998,14315224.474353423
15,76,1.0467396707576921,1.4509367696953495,1.5692562794353753,1.6169147064227885,1.030788436009462,0.05415709475743319,1.0,1.0,0.5,0.8,0.2,160,3221.010912417739,14290536.489455452
15,77,1.046263941088598,1.4462249800059797,1.5637375278056418,1.6164654763568749,1.0433619335249888,0.05415709475743319,1.0,1.0,0.5,0.8,0.2,162,3164.09806914482,14294124.807157282
15,78,1.0452384213456087,1.4761837706544811,1.6321967285489156,1.670392914985171,1.0367430492831857,0.05270310245601654,1.0,1.0,0.5,0.8,0.2,164,3251.1974873107333,14289708.726968495
15,79,1.045036621406011,1.448537096487245,1.577593137622951,1.6388103741354862,1.0653314602987298,0.053388414296107745,1.0,1.0,0.5,0.8,0.2,165,3193.9696779849373,14291729.520041356
15,80,1.0453560047328785,1.453975739988808,1.5948797423610388,1.6748529718439833,1.0746592925893994,0.05531603632611585,1.0,1.0,0.5,0.8,0.2,166,3100.840601841836,14296363.225343153
15,81,1.0441547731797234,1.446896301916955,1.5866906260778906,1.6735735377403158,1.072319832960143,0.05411868498320384,1.0,1.0,0.5,0.8,0.2,167,3110.037238302344,14291289.775771746
15,82,1.0432141613577925,1.4738115502627958,1.6515235543394093,1.7445624941022235,1.0340592494740828,0.05338132297044781,1.0,1.0,0.5,0.8,0.2,173,3158.04304989647,14288893.738234255
15,83,1.0437335542602733,1.4626991945284136,1.6273303764583769,1.6967893502114715,1.0280687656929772,0.05450356360546933,1.0,1.0,0.5,0.8,0.2,177,3160.9353135524298,14290895.742394438
15,84,1.039769940015666,1.4490289779199397,1.6118397750009448,1.7050003355332262,1.0984611364889971,0.048422260442721736,1.0,1.0,0.5,0.8,0.2,178,3142.582838700493,21747248.22625138
15,85,1.0394706734331163,1.4479179232624209,1.610576790060799,1.700687896025978,1.0301939755333724,0.047974081817702005,1.0,1.0,0.5,0.8,0.2,179,3071.5498670610264,21732412.297882013
15,86,1.0422678815388595,1.3938921562029891,1.5023086780788126,1.7188703946672905,1.1193917157200768,0.055718711505336346,1.0,1.0,0.5,0.8,0.2,180,3306.8941585694656,17498456.22675129
15,87,1.0414076405296688,1.4290641107786972,1.5878514945264268,1.713493217948943,1.094079827072636,0.05547980595224087,1.0,1.0,0.5,0.8,0.2,181,3329.167921242867,17505717.262210324
15,88,1.0403959761775707,1.3793061333707446,1.4853632235270289,1.7246756223666273,1.0567673264157083,0.05410003570650688,1.0,1.0,0.5,0.8,0.2,182,3334.145624422066,15994833.195729798
15,89,1.0405564903841629,1.3696077159197764,1.4738430993896798,1.7404154158754213,1.1023103911668317,0.05597805961970759,1.0,1.0,0.5,0.8,0.2,183,3340.2472594385654,17539334.644743856
15,90,1.040494346912649,1.3692463159201094,1.4734265457007893,1.748235207711174,1.0290754563721334,0.05589979688920251,1.0,1.0,0.5,0.8,0.2,185,3352.2272646865395,17535693.19785607
15,91,1.036509676140332,1.4080195601591152,1.57476234488811,1.7511386065976413,1.045357258458832,0.04989989428439595,1.0,1.0,0.5,0.8,0.2,191,3403.2890793457686,16366837.870774578
15,92,1.0364649990374342,1.4048408937884367,1.5710087794679721,1.7588518010212864,1.0309800559849152,0.05025669088559779,1.0,1.0,0.5,0.8,0.2,195,3372.9299261932247,16368111.604493609
15,93,1.0343152962344278,1.401251598357869,1.5781066685662373,1.7779906146250373,1.0586230626693114,0.04768525926064307,1.0,1.0,0.5,0.8,0.2,197,3314.758956178784,21732175.81604992
15,94,1.0354301153724164,1.3885747712830068,1.5519569777653486,1.780888362548913,1.0796488519904335,0.05025699436569594,1.0,1.0,0.5,0.8,0.2,198,3391.578573033542,15825129.129988324
15,95,1.0352935679872906,1.3837149678407943,1.5462342027453284,1.7963127269792498,1.0407467016770986,0.050615078157236,1.0,1.0,0.5,0.8,0.2,200,3405.2726760333085,15830535.917431053
16,0,0.9354642426978547,0.9851284565341248,0.9336077912775809,0.011411981210888222,0.0,0.0,0.0,0.0,0.5,0.8,0.2,1,2070.5566563444672,6933.691568460121
16,1,0.9313898331066122,1.0076566822629338,0.9546659750024449,0.04511906650708081,0.061002994446903124,0.0620270319284935,0.00010064936599677,9.166258945734e-05,0.5,0.8,0.2,3,1866.229217607382,7653.741089204409
16,2,0.9069615165861221,0.9948311536340138,0.9411987781720731,0.03803466962639959,0.0488443394542512,0.02048412559105747,0.01453053970713597,0.0008343362701976701,0.5,0.8,0.2,4,2043.0701067656355,6518.057394978125
16,3,1.4333306783425888,1.701548158994011,1.6347979249397129,0.8157141978998178,1.3396855157388246,0.00539817212518247,1.0,0.013244895786152188,0.5,0.8,0.2,5,2084.623694761413,35156022.36515744
16,4,0.7020173926068202,1.0231029078828273,0.9794335828185478,0.1489582200295017,0.1623562878432529,0.07482986646963155,0.08623411379854069,0.07571960473602805,0.5,0.8,0.2,8,970.2182710990484,6078.066978266657
16,5,0.7038054425996746,1.0262806767715473,0.9824684690427484,0.15289446793954772,0.13153069818614385,0.07481758771484198,0.09036621686294488,0.07928141992916682,0.5,0.8,0.2,9,969.8508977864624,6028.655495627337
16,6,0.6403729952266645,1.0432866444785882,1.003285773446535,0.21962809295795113,0.5564565004024434,0.07780605889445061,0.13791779804689736,0.1789002232152345,0.5,0.8,0.2,10,851.8073871855888,57427.1991474644
16,7,0.6436752480678953,1.0467492427506229,1.0067215533074239,0.2232326139227359,0.1897192133810945,0.07704354395516272,0.14202030619211317,0.1824933429177176,0.5,0.8,0.2,11,852.7496143385579,57344.46800296349
16,8,0.6377301353200319,1.053181402826265,1.0259568342749144,0.2260149166340562,0.19297607970775477,0.07780605889445061,0.1379177980468974,0.1789002232152345,0.5,0.8,0.2,12,820.1653667364378,57744.294730828864
16,9,0.6274986270074254,1.0364990302358474,0.9954763616281621,0.2289430823481926,0.2168208567147965,0.07579543479934835,0.13811665602744347,0.1790240721875555,0.5,0.8,0.2,13,814.8347690167998,56820.41022986921
16,10,0.901448113361272,1.3400885304225514,1.3237695195734591,0.5370563169324802,0.490537051636558,0.07280741245345282,0.47559860278856425,0.28034931482780906,0.5,0.8,0.2,16,1795.5940139428542,24700.01221158496
16,11,0.8902567989894248,1.3344371432197073,1.3170656026370362,0.5444083790399785,0.49491056366407327,0.07343117522213356,0.47575264537384865,0.28064772305525887,0.5,0.8,0.2,18,1778.5440261554645,24840.72537431295
16,12,1.0036049243369842,1.483898082308633,1.4738923047805759,0.7192859128221025,0.8762254739450436,0.0701944941218279,0.6734098862936279,0.35390172166217415,0.5,0.8,0.2,19,1397.1621295254995,28684.761724169814
16,13,0.8478310525126385,1.3299249688012382,1.3192910574928076,0.5714645723890973,0.5180971440991429,0.07912323433924391,0.49091767335173897,0.31002511314399234,0.5,0.8,0.2,20,1700.1474962946377,26727.85096158008
16,14,0.9524150585686271,1.4532228527121724,1.4532298266499655,0.7026872261282077,0.7164078802092476,0.07233755707200346,0.642938185669135,0.34827032549447806,0.5,0.8,0.2,21,1515.2629216331147,27392.731347696885
16,15,0.9524150665939439,1.4532228590987142,1.453229833036507,0.7026872325173213,0.6201740313829223,0.07233755646543003,0.6429381938540281,0.3482703262040486,0.5,0.8,0.2,22,1515.2629162967096,27392.731312391104
16,16,0.959275012489224,1.461978626233452,1.4613169323795134,0.7209465345630286,0.6601148999001083,0.07421803861585742,0.6528585804170954,0.3671888799384102,0.5,0.8,0.2,23,1494.3460341380426,28533.617609998928
16,17,0.9481281219250871,1.4528422024811611,1.4514374771344971,0.7266952354085837,0.6432444174150681,0.07281091641362837,0.6477170436371983,0.36728529118356124,0.5,0.8,0.2,25,1428.5992664950531,28533.37932667864
16,18,0.9308573865268044,1.4539840150103753,1.462369593458883,0.7386403405684908,0.702152810416827,0.08021366447921133,0.6523410766977281,0.37369336235418776,0.5,0.8,0.2,27,1365.746054266239,104231.37532758217
16,19,0.9287478152003975,1.4523800233243946,1.4604909462843223,0.7446598178296467,0.6478518838971122,0.08021366447921122,0.6523410766977304,0.3736933623541875,0.5,0.8,0.2,28,1403.6591731256417,103789.52629873928
16,20,0.9258588377064604,1.449977421554776,1.4578310318450518,0.7487241838613217,0.6463896153471032,0.07819148218439478,0.6524359529801972,0.3738684971085847,0.5,0.8,0.2,29,1372.085531635376,104118.81326946228
16,21,0.9259349735138865,1.4501296787112872,1.4579418490945344,0.7490965816392984,0.6379102530980623,0.07896528986551336,0.6524386677910198,0.3738948351780268,0.5,0.8,0.2,30,1338.4808367805483,104089.635331044
16,22,1.3061689249481305,1.8217954532657472,1.8149987255536952,1.165584934138581,1.0940389003022621,0.056947530968432566,1.0,1.0,0.5,0.8,0.2,31,1707.45317605911,44282253648.23396
16,23,1.2886799478177555,1.806733002292751,1.7980839651500384,1.165827352420387,1.061987266251888,0.04845583004327033,1.0,1.0,0.5,0.8,0.2,33,1552.4345413930482,44281570513.1209
16,24,1.2863719960763853,1.8051607238470881,1.795901283983932,1.1738741176689442,1.0515449237015475,0.052439821152233314,1.0,1.0,0.5,0.8,0.2,34,1545.101143801298,44281598468.03072
16,25,1.2791481777424003,1.7986859068259167,1.7885833921981675,1.1725527685867045,1.0587101865180155,0.04933536566765806,1.0,1.0,0.5,0.8,0.2,35,1707.154899323669,44281672666.66299
16,26,1.242810707774704,1.7872450388328647,1.7972016322781748,1.1663551316106027,1.2691676387940876,0.051028108997591956,1.0,1.0,0.5,0.8,0.2,36,1553.316165751993,44286355846.60079
16,27,1.2176854903555103,1.738031158480251,1.717943878917439,1.188370054132901,1.05506637349191,0.04463308975983264,1.0,1.0,0.5,0.8,0.2,41,1529.853937199225,44282502334.70042
16,28,1.2147778267824112,1.7458914357936937,1.7382319035931948,1.2109696032893107,1.0338460269490442,0.04463308975983275,1.0,1.0,0.5,0.8,0.2,43,1557.6380045919436,44282255193.79629
16,29,1.214120805058751,1.7444862115261943,1.7358882810368061,1.217813372076374,1.064652968438283,0.052781484442853875,1.0,1.0,0.5,0.8,0.2,44,1581.084976373481,44281689959.15524
16,30,1.1978240646075757,1.7253806790323518,1.714043991631998,1.2027057198907107,1.1351068389318593,0.04655417096126207,1.0,1.0,0.5,0.8,0.2,45,1243.4565527977516,44281067191.56736
16,31,1.18499721579526,1.7088347363282876,1.6947772716898906,1.2111105968118259,1.0780347241987338,0.04523711808243364,1.0,1.0,0.5,0.8,0.2,47,1251.789913456331,44281960724.229324
16,32,1.1810112615591155,1.7037614646192958,1.6890049485391134,1.2097449594039658,1.050149759254582,0.04325414352030657,1.0,1.0,0.5,0.8,0.2,48,1266.6695742609854,44279204374.91906
16,33,1.178789497630256,1.7004707536071806,1.6850615786844136,1.2192771983472264,1.0354402707184833,0.04429535774753618,1.0,1.0,0.5,0.8,0.2,50,1265.8478840805133,44279678460.39162
16,34,1.1626260956555896,1.6874073842439234,1.6807099035385151,1.2264660686596678,1.1979647498085093,0.04584645125583518,1.0,1.0,0.5,0.8,0.2,51,1843.1270120470235,44282177933.998825
16,35,1.153723889379697,1.6715277587576054,1.6617412162113097,1.231025702174123,1.1509263869917647,0.05016042963289624,1.0,1.0,0.5,0.8,0.2,52,1617.5196053214422,44281734740.9988
16,36,1.1502468926051999,1.6657476410682452,1.6550169590265258,1.2336089763131843,1.0440677970243888,0.04962708145972649,1.0,1.0,0.5,0.8,0.2,54,1626.5979590988911,44281321091.19898
16,37,1.144244483716345,1.6549309545542243,1.642321403498033,1.2389099733928162,1.0632805078498453,0.04993703958664138,1.0,1.0,0.5,0.8,0.2,56,1600.893507701246,44282049934.75506
16,38,1.141677164468403,1.650417673685364,1.6370796072833793,1.248445507422598,1.039564188005886,0.04941734400870529,1.0,1.0,0.5,0.8,0.2,58,1612.1212974545529,44281636289.39056
16,39,1.3134044526249682,1.8071978840950271,1.7887095488402862,1.4387825904177807,1.4216673789675809,0.42312488858046926,1.0,1.0,0.5,0.8,0.2,59,7584.504205529047,44280000078.0182
16,40,1.3066389807438334,1.7968375733747126,1.7772026669664103,1.4379354077031883,1.231286862143122,0.4157942297113733,1.0,1.0,0.5,0.8,0.2,61,7568.7220478886975,44279895458.46147
16,41,1.298001250504199,1.7840151119273209,1.7630807325713174,1.4382565827073133,1.2556768436558061,0.4053251676136359,1.0,1.0,0.5,0.8,0.2,62,7400.262463818901,44279562621.193375
16,42,1.3034403535108743,1.7873726295778607,1.7658060058471565,1.4588390745184834,1.2225696134375663,0.41942348845626576,1.0,1.0,0.5,0.8,0.2,64,7683.037222893168,44279875278.22478
16,43,1.2897568026472064,1.774801472845678,1.7632691936220877,1.4473233365443123,1.3242424239839212,0.4065133639866401,1.0,1.0,0.5,0.8,0.2,65,7762.987421576741,44286677573.676834
16,44,1.09731661331684,1.5644426720100577,1.5479746850732536,1.2835035052441475,1.0621601744237912,0.04343517448715306,1.0,1.0,0.5,0.8,0.2,70,8293.808964141557,44280532125.28719
16,45,1.2803724967053731,1.7380111895912076,1.7190613442893545,1.477252166760975,1.2609683160359915,0.41955655483078874,1.0,1.0,0.5,0.8,0.2,72,8353.601701709782,44281139836.93551
16,46,1.274863115291592,1.7275523504940178,1.7073419699226724,1.4835283665181205,1.2325855681268758,0.4133592872254551,1.0,1.0,0.5,0.8,0.2,74,8251.577589544248,44280859833.51979
16,47,1.2726146370738702,1.7313128920762884,1.7228284897384596,1.492904297965306,1.2316404055374004,0.4133592872254551,1.0,1.0,0.5,0.8,0.2,76,8368.434509311246,44280684132.98273
16,48,1.2689572070986537,1.7102891177192217,1.687293798335611,1.4986788167928793,1.2667952513330454,0.4113581896455245,1.0,1.0,0.5,0.8,0.2,77,8709.421877387585,44280539919.41516
16,49,1.263223377855469,1.6990927654567767,1.6747748216661436,1.5015702445483554,1.2291755651528316,0.40441078643112166,1.0,1.0,0.5,0.8,0.2,79,8686.771629351992,44280435290.58875
16,50,1.2571541820562724,1.7093161332591351,1.7095400808119996,1.510573944812034,1.2580573921831555,0.39708258179871875,1.0,1.0,0.5,0.8,0.2,80,21937.26305843838,44281488729.71985
16,51,1.2553307281077009,1.7009116191100193,1.69958864487875,1.5211778805478138,1.2307128630099686,0.398338719295732,1.0,1.0,0.5,0.8,0.2,82,21846.726291709147,44281309189.49317
16,52,1.256666039333879,1.6904538078809646,1.6759928196561868,1.522991201680392,1.2063219623161816,0.4014354439149579,1.0,1.0,0.5,0.8,0.2,83,10496.329232405033,44281333611.32204
16,53,1.2519805780625786,1.6921234888950225,1.6895392287949915,1.5262819671123633,1.2435866771386042,0.3954927854127669,1.0,1.0,0.5,0.8,0.2,84,21808.26304338544,44281221739.03847
16,54,1.2553632259168672,1.7140828480644983,1.7366188364293638,1.5441387850070993,1.2204265171118853,0.40487935104425565,1.0,1.0,0.5,0.8,0.2,86,18530.381934735546,44280643638.57564
16,55,1.2540004231022057,1.7110715841495192,1.7332312672064463,1.5467837101996675,1.2092845153111813,0.40325164417782944,1.0,1.0,0.5,0.8,0.2,88,18553.222166116582,44280288411.90244
16,56,1.2518590097819249,1.685087990137262,1.6809201380410903,1.5420566364996604,1.2132857175172358,0.39991504953364393,1.0,1.0,0.5,0.8,0.2,89,18429.4004747394,44280504296.14715
16,57,1.250095561084522,1.6829620630574276,1.678712095596844,1.5439640054480663,1.2016216802939736,0.3966223078615426,1.0,1.0,0.5,0.8,0.2,90,18301.44408502205,44280482042.63629
16,58,1.2476125003837175,1.6894679280289966,1.7082054493240517,1.557983834547377,1.3230939967611806,0.40001008768878804,1.0,1.0,0.5,0.8,0.2,91,15159.509884250549,44281774179.831314
16,59,1.23910144423985,1.665403827106875,1.670181235135523,1.5468855114910323,1.231692349896546,0.3854969834034666,1.0,1.0,0.5,0.8,0.2,92,18654.24290837897,44280001063.38826
16,60,1.2364700051025765,1.6579619457858759,1.6722574646168262,1.5646694221843462,1.265444405611248,0.38887294449091125,1.0,1.0,0.5,0.8,0.2,94,18447.620980732376,44280119213.49325
16,61,1.2363653702996726,1.6576783680649925,1.6719354409896698,1.5716187945225586,1.195166074697713,0.3887547425950186,1.0,1.0,0.5,0.8,0.2,96,18451.40165214183,44281011013.20356
16,62,1.228530311952259,1.638204529083093,1.6393678046458369,1.5641420351121689,1.1904556150141272,0.3733054915414204,1.0,1.0,0.5,0.8,0.2,97,18471.30420325044,44280995000.09118
16,63,1.2343201350903124,1.6482964242975717,1.660985629465188,1.5816257251526087,1.2542868004362853,0.3883015262978724,1.0,1.0,0.5,0.8,0.2,98,18536.247260321976,44279881098.54181
16,64,1.2341695156486354,1.6466681631593432,1.6590434627493524,1.5890458197172057,1.200758258180347,0.38871083110847887,1.0,1.0,0.5,0.8,0.2,100,18498.53171562137,44278892289.59096
16,65,1.2340949736427107,1.6689376746878377,1.7073002254486611,1.6032151062201705,1.194574089693973,0.3885928244992295,1.0,1.0,0.5,0.8,0.2,102,18584.41744365855,44279694533.20055
16,66,1.2302919663650587,1.6463765637864984,1.6808052179159674,1.609292682711014,1.2481830965604968,0.3894122618158344,1.0,1.0,0.5,0.8,0.2,105,18950.538461395616,44280176480.19661
16,67,1.0549389166226957,1.4683763239509309,1.502257042524146,1.5405304006900309,1.020837689769066,0.03981304591644775,1.0,1.0,0.5,0.8,0.2,129,1573.1024325294356,44279759580.24877
16,68,1.0534210731540772,1.4477782731436857,1.4670369492595423,1.5423117451053985,1.0530421807945434,0.0399606762838708,1.0,1.0,0.5,0.8,0.2,131,1606.8085194563043,44280068084.87932
16,69,1.0530686630949189,1.45755465648081,1.4895934314428612,1.5504627461881202,1.0288257650687669,0.03967810769829776,1.0,1.0,0.5,0.8,0.2,132,1938.92875916864,44279995892.53858
16,70,1.051599924888243,1.4388102352213588,1.4566089402283573,1.5495012042072327,1.070154999499208,0.03907457729485795,1.0,1.0,0.5,0.8,0.2,133,1533.1002647757043,44280095768.27287
16,71,1.0476791849345504,1.4730159973641104,1.5414599590862443,1.5865607129361081,1.0721092228637665,0.03369701315181436,1.0,1.0,0.5,0.8,0.2,134,1595.355059383013,44281247429.37764
16,72,1.048938445876971,1.4483903510443648,1.4901316388464838,1.5716217329428572,1.0473545753688351,0.03745745767276046,1.0,1.0,0.5,0.8,0.2,135,1612.4681736246932,44279592871.70964
16,73,1.0469607120678286,1.4364015860223436,1.476134680631266,1.5860284093348616,1.0594154714257775,0.036933219833621675,1.0,1.0,0.5,0.8,0.2,137,1716.7120310086225,44279340749.73427
16,74,1.0449895010317571,1.4337463038074787,1.4733424917210336,1.591601213841593,1.0222793631032219,0.03322151814608934,1.0,1.0,0.5,0.8,0.2,138,1633.7486591919806,44279497213.558624
16,75,1.045764716517923,1.4318267409661747,1.470885995996967,1.6000173998803484,1.039645351729164,0.03565303913353611,1.0,1.0,0.5,0.8,0.2,139,1664.4521258673165,44279149258.43882
16,76,1.0420764950128165,1.3998736717743505,1.422557344481002,1.5924765618196437,1.1546445377399215,0.03356811175335256,1.0,1.0,0.5,0.8,0.2,140,1653.5567843321448,44279859481.42424
16,77,1.0421415187473035,1.394135399273639,1.4264989028862731,1.6015912997070745,1.0870160874773716,0.03846623267603931,1.0,1.0,0.5,0.8,0.2,142,1572.088478732952,44281161868.59726
16,78,1.0419342283135151,1.3932822767174804,1.4255195675334542,1.612655260895364,1.02182994833722,0.03823404600718242,1.0,1.0,0.5,0.8,0.2,144,1582.7952320386055,44280301800.30817
16,79,1.0431510335535457,1.3816711884596236,1.400595192146665,1.6202371471000359,1.023566811395786,0.041072716716046995,1.0,1.0,0.5,0.8,0.2,148,2162.74020333523,44277433919.0616
16,80,1.039581433761009,1.3403275727387012,1.3520155580124982,1.6233112021762957,1.1689940211247551,0.04288825340790337,1.0,1.0,0.5,0.8,0.2,150,2984.767345812096,44277983843.00337
16,81,1.0373136378031342,1.3449079689699461,1.3796600778026107,1.6498750483188698,1.0447226673260066,0.04153231760653639,1.0,1.0,0.5,0.8,0.2,155,2766.528801551487,44279248760.4268
16,82,1.0364324608664093,1.3229232336109018,1.3428178049060966,1.647554621992444,1.0965899878338803,0.04165877010474003,1.0,1.0,0.5,0.8,0.2,156,2752.7212772869148,44279294867.85837
16,83,1.0360213359521435,1.3319168538486832,1.3644752406424734,1.6560139174919335,1.0343113898909044,0.041169161564013464,1.0,1.0,0.5,0.8,0.2,157,2733.5382098963805,44275531805.43376
16,84,1.0351636552084467,1.3137364128416527,1.3321515303385094,1.6588467691825903,1.0669155451925456,0.04056214666671164,1.0,1.0,0.5,0.8,0.2,158,2712.5740171241346,44278691781.97804
16,85,1.034887651945236,1.3228692115108918,1.353949997848811,1.6673837132912757,1.0338371920700502,0.040329011495423325,1.0,1.0,0.5,0.8,0.2,159,2911.0957142288016,44278326819.53951
16,86,1.03496395139207,1.305628465889927,1.3225711685676866,1.6622914332099936,1.067117734056435,0.04154154969277593,1.0,1.0,0.5,0.8,0.2,160,2762.9503037108675,44278695632.6017
16,87,1.0344148997388276,1.2994260855266533,1.3153191748233886,1.6654019379922953,1.06350221219656,0.04139496460947326,1.0,1.0,0.5,0.8,0.2,161,2822.554274368236,44279779759.88183
16,88,1.0338555823177873,1.2952215570258934,1.3104391345811661,1.66852560355057,1.0479888549897045,0.04087490700658451,1.0,1.0,0.5,0.8,0.2,162,2904.567137807216,44279511242.31611
16,89,1.0338009049658106,1.3056967408451017,1.333789909917641,1.6886908710593829,1.022978785346979,0.04087490700658451,1.0,1.0,0.5,0.8,0.2,164,2937.432222052342,44279437654.71359
16,90,1.0331118550934832,1.2853592628692916,1.2988911586025969,1.6863361804075205,1.084088507340192,0.040836230724301044,1.0,1.0,0.5,0.8,0.2,165,2739.687800589013,44281899414.17809
17,0,0.8897307853725902,0.9739135080565021,0.9204722214676397,0.010369306319299719,0.0,0.0,0.0,0.0,0.5,0.8,0.2,1,2543.4991128771626,8476.759457379796
17,1,0.8954816510782855,0.9949971312012281,0.9406627241471219,0.039584223865252156,0.04451255856881184,0.0523999204655886,0.00010241048510978,8.593246390473e-05,0.5,0.8,0.2,3,2460.077610546137,8339.60696047634
17,2,0.8003118430692021,1.0360822350872025,0.9861465195218989,0.13173542222315276,0.4573366982744937,0.11529221795857406,0.04020100536183468,0.08300160807713548,0.5,0.8,0.2,4,2108.9348473544446,44480.06525560314
17,3,0.7012417383960403,1.0226247134132502,0.9646449701526425,0.16095910205303265,0.3049397366689185,0.06374684467450842,0.11189053042849709,0.09267195886244114,0.5,0.8,0.2,6,1654.788340080963,6294.046840107911
17,4,0.6052522687702921,1.009480208566494,0.9543067278783419,0.2022692442024119,0.38192175708995446,0.07554417086297163,0.13211333939888834,0.15817916704244506,0.5,0.8,0.2,8,995.5943639629908,40688.7210483842
17,5,0.595372926459949,1.0038182794541892,0.9478555697036203,0.21109722177629298,0.19013867011688912,0.07329865328058548,0.13217667998002697,0.158272587884947,0.5,0.8,0.2,10,989.7415127347006,40346.859165309885
17,6,0.597239851145524,1.0085291377260528,0.952016183401903,0.22025411905394962,0.2044473538228386,0.07562183167479211,0.13953044695366557,0.16267028176689807,0.5,0.8,0.2,11,979.3761458007086,40478.10487061735
17,7,0.5553742794692459,0.9987020936879687,0.9504837095518125,0.23614202268015497,0.28435928884015366,0.057450319728873725,0.14462163266727263,0.2199706465405442,0.5,0.8,0.2,13,3826.42392733535,21680.34538565628
17,8,0.552776862335222,1.0075842107675734,0.9722939281630624,0.23420339446962415,0.1894679781728151,0.058223592048041305,0.14192747077125822,0.21931608026127933,0.5,0.8,0.2,14,3763.49024529275,21500.502515045933
17,9,0.8643586939098304,1.3147158863428063,1.247953347727482,0.5928059064248357,0.7749657840774667,0.054708458684493824,0.4043219487395907,0.9859671107757084,0.5,0.8,0.2,15,951.1676218842372,39297.49542909666
17,10,0.8640315021505491,1.3143965909779434,1.2476075048111661,0.6023846048671617,0.5482378659827987,0.054166250888479685,0.40440634072417037,0.986161346366535,0.5,0.8,0.2,17,917.3383477573786,39085.78366057213
17,11,1.3294333566747,1.7862439182877854,1.7161544758190435,1.097131456475727,1.1702397507558204,0.07791857595983213,1.0,1.0,0.5,0.8,0.2,18,3280.363441368133,239796.6035089641
17,12,1.311863910459777,1.7828206188004454,1.7239160575046466,1.1051285150307335,1.0718505885610763,0.06986701712554899,1.0,1.0,0.5,0.8,0.2,20,3200.8627241919885,238225.0414145213
17,13,1.3037212634366515,1.7761132823963093,1.7161599239345982,1.1116900646534031,1.0557394020798616,0.06870060400253883,1.0,1.0,0.5,0.8,0.2,22,3131.265853383757,238133.26415349427
17,14,1.3029160101183523,1.7753653228143416,1.7153758515284008,1.11970678094591,1.035351136901238,0.06762628401763017,1.0,1.0,0.5,0.8,0.2,23,3214.0827822797355,238353.71854179507
17,15,1.2825228671414992,1.7577839258556798,1.6949984955975739,1.1182140391980617,1.1465047361005354,0.06511537201663438,1.0,1.0,0.5,0.8,0.2,24,3217.099949268294,238093.1648677901
17,16,1.2581016669565899,1.7126639092698026,1.6199997149273182,1.130087784659493,1.0588430406454294,0.06497652008337444,1.0,1.0,0.5,0.8,0.2,30,2540.709810554157,92076.63104207956
17,17,1.2559355973538873,1.7441315376150963,1.6902912121854092,1.142212806019148,1.0386382256204532,0.06276290704357788,1.0,1.0,0.5,0.8,0.2,31,3017.413110891047,219696.68330247368
17,18,1.237003917256055,1.7251840259933071,1.6683825911165846,1.1523793493148071,1.1530418387651684,0.05944927436778561,1.0,1.0,0.5,0.8,0.2,32,3295.1580341200947,93759.96849397729
17,19,1.2303690885596141,1.6953089542415207,1.6112278462578813,1.1310375772631998,1.0547605049346018,0.0594492743677857,1.0,1.0,0.5,0.8,0.2,34,3183.209640984316,94001.0230177696
17,20,1.2269764208218128,1.7363083631307494,1.7035753855522564,1.1749278489218729,1.0428429998879134,0.05944927436778561,1.0,1.0,0.5,0.8,0.2,36,3098.253857927896,94208.36198630383
17,21,1.2246803487712385,1.6888746094546536,1.6036197874631306,1.1391050317258253,1.0514626624213559,0.0602875160914228,1.0,1.0,0.5,0.8,0.2,37,3033.595227634657,94169.52319072638
17,22,1.226805983376994,1.7240929457867,1.6771514087111214,1.1778255905648776,1.0636692669906198,0.07153515170188834,1.0,1.0,0.5,0.8,0.2,38,3173.470361967197,93073.76447682144
17,23,1.2133671932895573,1.720984142738514,1.6860022755815474,1.1874440488881766,1.048753491424388,0.055063761192974604,1.0,1.0,0.5,0.8,0.2,40,3142.495104436832,98973.30028026192
17,24,1.2170766669045698,1.713408717572287,1.6653379660124499,1.1999251294018043,1.0323983634972418,0.06335423552992762,1.0,1.0,0.5,0.8,0.2,45,2680.583435088772,219210.3907244312
17,25,1.2371270906307144,1.7333624158220113,1.685187072207528,1.2501923335648006,1.0543736625875255,0.10448300450908854,1.0,1.0,0.5,0.8,0.2,47,2151.7365087734534,83750.17846604952
17,26,1.235126004917529,1.7312010355861156,1.6828555370391232,1.2586242248342145,1.0580132842575307,0.10214719685913536,1.0,1.0,0.5,0.8,0.2,48,2185.9446507258244,83899.80468714506
17,27,1.2317128955125134,1.7268197495842112,1.677519547056756,1.2591437030159565,1.0912026012145652,0.10453460671168827,1.0,1.0,0.5,0.8,0.2,49,2095.4228624703665,83864.3978528184
17,28,1.190472181281441,1.6837540598061296,1.6326954700686704,1.2062216134502124,1.0934337654861706,0.038937808417868855,1.0,1.0,0.5,0.8,0.2,50,1978.510668431525,15385.259322733244
17,29,1.1763681569757032,1.6413523249677102,1.5605401366008376,1.1963977982251692,1.1721834394181334,0.04277616450824578,1.0,1.0,0.5,0.8,0.2,51,1931.9159946418815,88682.88493117508
17,30,1.1605293378404085,1.6532670135264869,1.6082942363185293,1.2203980778090497,1.0830333494605604,0.036307502976642904,1.0,1.0,0.5,0.8,0.2,53,1608.8886995346122,14944.76674793401
17,31,1.150951133461426,1.613555427706405,1.5391114590210317,1.2181986336464279,1.0914728996784464,0.04222790432113484,1.0,1.0,0.5,0.8,0.2,55,1612.8379448573376,88623.80323810576
17,32,1.1491690533257333,1.6111904593817452,1.5365014664405592,1.2236794746017408,1.023509342638907,0.04035957637358215,1.0,1.0,0.5,0.8,0.2,58,1562.8380764009678,88422.10503729178
17,33,1.136949348031893,1.5719109431808451,1.4693389771893635,1.2072397831883022,1.0910524084397875,0.02859580465676125,1.0,1.0,0.5,0.8,0.2,59,1804.317247531323,87257.06053445916
17,34,1.1345394853566872,1.5794984663034413,1.4894571416828541,1.2061169849064168,1.0326101882642407,0.026848755711320997,1.0,1.0,0.5,0.8,0.2,60,1770.929977591093,87162.43187891705
17,35,1.1288530359563933,1.567850668991581,1.4755895045727931,1.2191365913228507,1.1052798119843357,0.02947826226670222,1.0,1.0,0.5,0.8,0.2,61,1776.7613773593494,86218.75470644476
17,36,1.1285368763282262,1.5784480926376363,1.499083453676684,1.2288275034205494,1.0168466515386607,0.02947826226670222,1.0,1.0,0.5,0.8,0.2,63,1781.6878872538932,86163.55145691057
17,37,1.1209417928679355,1.56243291521303,1.4801621910805993,1.2380048719869934,1.0749458180785973,0.03138647036437596,1.0,1.0,0.5,0.8,0.2,65,1466.8995893881424,86130.54636099288
17,38,1.1205288620020433,1.5603591493701245,1.4775397613288699,1.248664139916094,1.0391986991587459,0.03364635718285395,1.0,1.0,0.5,0.8,0.2,66,1450.997238572314,86626.10842908367
17,39,1.1225737893029735,1.543026237648544,1.4446032348108722,1.273042842468339,1.0612837348110462,0.051790190515049114,1.0,1.0,0.5,0.8,0.2,69,1709.342636635153,85639.42312858847
17,40,1.1211904834956004,1.5399152918838952,1.4409602931872412,1.286256070744041,1.0367363830133274,0.0517797918375005,1.0,1.0,0.5,0.8,0.2,71,1663.3697865478475,85555.4862033834
17,41,1.162225814903535,1.6350775305173715,1.6005485457732596,1.3798015778521555,1.0801598235369219,0.13679645340620852,1.0,1.0,0.5,0.8,0.2,73,1722.0315413895546,96029.0616507762
17,42,1.1154476406578193,1.5171011185225327,1.403380873896858,1.2903978259390225,1.0730371066420452,0.04917029013647192,1.0,1.0,0.5,0.8,0.2,74,1671.4313794593716,87605.99892194505
17,43,1.116120478082919,1.59110356843712,1.566899527022007,1.3564997234391047,1.0591742520171628,0.05768638324433677,1.0,1.0,0.5,0.8,0.2,76,1743.8992999724146,95274.9610378065
17,44,1.1157582005875262,1.589767386444339,1.5652837368484736,1.363653425601657,1.0348408978470285,0.058278762941946186,1.0,1.0,0.5,0.8,0.2,78,1745.1185736485363,95564.07545033202
17,45,1.129939432664988,1.565778544272504,1.5010028509527376,1.3245261458394708,1.072611651978145,0.09259703318660786,1.0,1.0,0.5,0.8,0.2,80,6067.579052616407,5529427066658.174
17,46,1.1279829390092977,1.5611615014153555,1.4956450440690656,1.3339707080666654,1.076215803461315,0.09201342405804144,1.0,1.0,0.5,0.8,0.2,81,5976.835383767659,5529425042714.74
17,47,1.1274395435243025,1.560205359098246,1.4945747564568914,1.3404104625680764,1.048044844961637,0.0914339809484354,1.0,1.0,0.5,0.8,0.2,83,5911.092626745708,5529423552878.822
17,48,1.1275820108372898,1.5921608881860918,1.5650367233741287,1.3588656093253753,1.053685442915998,0.09390336996066184,1.0,1.0,0.5,0.8,0.2,86,2101.500904270611,5529177394173.645
17,49,1.1582005156383168,1.6140195203246697,1.5845371180349395,1.4141779883300885,1.1787562638788645,0.16516169463839644,1.0,1.0,0.5,0.8,0.2,87,6063.422930101642,5529423567667.831
17,50,1.1615204814716567,1.605672308824073,1.5630669438288445,1.4211552957281863,1.0911503867326142,0.17230591848506133,1.0,1.0,0.5,0.8,0.2,88,6055.473463526419,5529426720469.262
17,51,1.151418156427546,1.6164395119401098,1.5994297188945876,1.422440880586201,1.085142665958707,0.15375694518768962,1.0,1.0,0.5,0.8,0.2,90,6049.638635132638,5529423291177.34
17,52,1.1461073504056927,1.5985582407820844,1.5681900140156684,1.4211661610263462,1.0868881331858893,0.14458318937636197,1.0,1.0,0.5,0.8,0.2,91,6115.128891356593,5529424456851.104
17,53,1.1598893257509673,1.610551898523011,1.579717732365427,1.4496463410623643,1.1060057833007062,0.17401163035363892,1.0,1.0,0.5,0.8,0.2,92,6141.865827855876,5529421748717.498
17,54,1.1605257169606025,1.611034898824643,1.5801608475420543,1.457349100972998,1.0885349624410152,0.1754429971228853,1.0,1.0,0.5,0.8,0.2,94,6118.873113715217,5529419524531.196
17,55,1.1541455296068444,1.653719342219043,1.686063201985683,1.518995806763374,1.109070423496911,0.1696124248442898,1.0,1.0,0.5,0.8,0.2,97,8340.952380438106,5532797216896.417
17,56,1.1557475525948304,1.651841938631773,1.6833081156441636,1.5217722894405779,1.1238510409867333,0.17610798278643539,1.0,1.0,0.5,0.8,0.2,98,8318.021428768967,5532796084728.249
17,57,1.1652863564732923,1.6612592600084504,1.69269492395712,1.539044510153077,1.0982718438507977,0.1952989161679705,1.0,1.0,0.5,0.8,0.2,100,5210.694832933483,5531631942179.336
17,58,1.163775406759946,1.6697041355083388,1.713827907073213,1.5528995829595043,1.1030831688081317,0.19342904238417785,1.0,1.0,0.5,0.8,0.2,102,9354.368608175091,5533097954842.733
17,59,1.163560458759109,1.668498851526197,1.712375433081973,1.5603306135351702,1.1019920123944675,0.19390436012223655,1.0,1.0,0.5,0.8,0.2,104,9260.750789579874,5533101455629.619
17,60,1.1631854361459402,1.6564942860898202,1.6872645230424894,1.5674180318859408,1.1010866254291842,0.1935403439519,1.0,1.0,0.5,0.8,0.2,105,9265.93240718808,5533104109771.356
17,61,1.0872011506799995,1.5975887605621983,1.6633382794363631,1.5526078094490068,1.082442188719618,0.0554791970495194,1.0,1.0,0.5,0.8,0.2,108,11815382.16703885,5529175916825.69
17,62,1.1387141763598918,1.6430244918500365,1.7073348561746038,1.6131230422018497,1.1110614191948627,0.1631568406863145,1.0,1.0,0.5,0.8,0.2,110,11828320.540822634,5529176117426.186
17,63,1.1372353922729468,1.6367161749351637,1.699899709622983,1.6202277531047822,1.104792722385075,0.1636997088874169,1.0,1.0,0.5,0.8,0.2,112,11829087.959450768,5529174908326.655
17,64,1.130148766973199,1.6261862016170043,1.6885637079608806,1.591098734527291,1.0930116371746033,0.1520527418126838,1.0,1.0,0.5,0.8,0.2,114,11999733.212648932,5529184176240.668
17,65,1.127830195438057,1.6264666633960145,1.6998893693109378,1.5934267232531314,1.1157092335706202,0.15303902577517334,1.0,1.0,0.5,0.8,0.2,116,11997251.334626265,5529179376418.313
17,66,1.0777027458129875,1.5894625872484924,1.6867946277213943,1.5619209145251003,1.0580001539892683,0.05864161229165858,1.0,1.0,0.5,0.8,0.2,119,11812564.615855746,5529176332813.98
17,67,1.0763452829724862,1.5840985686381217,1.6805395629004891,1.5687802087740816,1.047447018912615,0.05832054393780103,1.0,1.0,0.5,0.8,0.2,121,11813401.69024173,5529174843000.161
17,68,1.070594966847641,1.5654672099770466,1.6485036885121207,1.60475387207786,1.045310825810949,0.0481834425697431,1.0,1.0,0.5,0.8,0.2,122,11820525.1748725,5529184011493.698
17,69,1.0748576147765099,1.5792411286383794,1.674945143207357,1.5640608174155763,1.0365031797761164,0.05721134774833521,1.0,1.0,0.5,0.8,0.2,123,11810237.529754717,5529177530207.445
17,70,1.0691951296904736,1.5592277809976745,1.6411956949672888,1.61167993870493,1.0606909722794018,0.0481836467665318,1.0,1.0,0.5,0.8,0.2,124,11820595.940288346,5529185853233.691
17,71,1.1160961840117012,1.6330033866796694,1.7525485948697601,1.683526024734103,1.124323963895238,0.14514364050644513,1.0,1.0,0.5,0.8,0.2,125,11814476.85988376,5529178414348.04
17,72,1.1146521082690195,1.6224957446628583,1.740090310228845,1.6947607737541264,1.113207165823582,0.1469080473941221,1.0,1.0,0.5,0.8,0.2,127,11814760.095332276,5529172056980.678
17,73,1.1138668445840745,1.629686352882931,1.7595940943600734,1.7141836477640142,1.087342558317654,0.1469080473941221,1.0,1.0,0.5,0.8,0.2,129,11811420.702780183,5529169813894.246
17,74,1.1141125827368474,1.618279596098464,1.7350904167992496,1.7060995967257975,1.0779332427181296,0.1476298891306306,1.0,1.0,0.5,0.8,0.2,130,11816011.711109208,5529170126474.041
17,75,1.1130128556467531,1.6241626561452458,1.7530787507522085,1.7169214780186175,1.1101284226937727,0.14744146705295086,1.0,1.0,0.5,0.8,0.2,131,11814135.660103668,5529173435732.675
17,76,1.112445489445026,1.619977198987397,1.7481298855488425,1.724378961118737,1.0895230125752906,0.14798636668139847,1.0,1.0,0.5,0.8,0.2,133,11813837.172090188,5529171501490.537
17,77,1.111699535182947,1.6271613919494319,1.7676263069752374,1.741664925412463,1.088024190136044,0.14798345212330472,1.0,1.0,0.5,0.8,0.2,135,11813211.311473057,5529175451601.188
17,78,1.1305840140703494,1.5691821665260284,1.6617856227512775,1.7354862998456275,1.4627540751943298,0.20272103741503528,1.0,1.0,0.5,0.8,0.2,136,12083521.878746592,5532169930416.322
17,79,1.1303709052306403,1.5789116019190739,1.6842629856138396,1.7479506867951622,1.1064843117197447,0.2027210374150353,1.0,1.0,0.5,0.8,0.2,138,12080067.720952349,5532167632787.298
17,80,1.1284946812906607,1.5656831160278806,1.6687722208051536,1.7479739024251202,1.1935996923867138,0.20268393892209197,1.0,1.0,0.5,0.8,0.2,139,12158894.747200647,5532181596479.576
17,81,1.12910183496116,1.565207961230357,1.668082451284604,1.7524139846666413,1.1108936807349385,0.20424031511897311,1.0,1.0,0.5,0.8,0.2,140,12159284.56885891,5532181151765.567
17,82,1.1276416682873212,1.5624062034494806,1.665015045900146,1.7547914240497826,1.1062745858008745,0.20173878475765267,1.0,1.0,0.5,0.8,0.2,142,12159982.272500604,5532172454996.35
17,83,1.1285684594796859,1.5594256638895223,1.6612622836211643,1.7634530062785032,1.1338917204989585,0.2047960984575566,1.0,1.0,0.5,0.8,0.2,143,12158606.375613997,5532179124547.806
17,84,1.1281480251419511,1.555407479471895,1.656535158045799,1.7707425890405901,1.1169754778791778,0.20503921260767224,1.0,1.0,0.5,0.8,0.2,145,12158705.731239608,5532177034052.477
17,85,1.1236764231834642,1.5368460825075083,1.646042037285786,1.778451762685713,1.3027059049968177,0.20310781162737085,1.0,1.0,0.5,0.8,0.2,146,12082259.61728495,5532172692598.645
17,86,1.1223017400294035,1.5326267288093869,1.6521193951695194,1.8014777631916636,1.1294842943671464,0.20383657835026364,1.0,1.0,0.5,0.8,0.2,150,12081969.088089423,5532174744515.034
17,87,1.125050078481866,1.5325839278951856,1.6515421497509999,1.8118696484397392,1.115893123159979,0.20999221724755515,1.0,1.0,0.5,0.8,0.2,152,12078444.216155691,5532179619245.964
17,88,1.1226318217100608,1.5261271182034628,1.6443135970798306,1.813307598010505,1.1345320902955165,0.206091519810561,1.0,1.0,0.5,0.8,0.2,153,12081628.01948339,5532172924143.037
17,89,1.1225494501918925,1.5258381406658101,1.643985253889859,1.817025927329554,1.1045854340468637,0.20597380195745368,1.0,1.0,0.5,0.8,0.2,154,12083585.944021102,5532173540226.318
17,90,1.1226388691590092,1.5129624050091772,1.6177731073457233,1.8155655149651155,1.1169929131254959,0.2065539861005509,1.0,1.0,0.5,0.8,0.2,155,12084835.864658078,5532172512745.392
17,91,1.1232566758259541,1.524497296303864,1.6422535982873843,1.825361451860644,1.1061762267935205,0.20785516355320222,1.0,1.0,0.5,0.8,0.2,156,12081288.580013957,5532175947672.549
17,92,1.1225409045501615,1.5231997768016106,1.640845277816731,1.8284468930726587,1.1077674379500606,0.2065539861005509,1.0,1.0,0.5,0.8,0.2,157,12083228.279727198,5532171443425.221
17,93,1.1190715746321744,1.5080695910239126,1.634384788961585,1.8495006048216898,1.1463952926662848,0.20446211573528367,1.0,1.0,0.5,0.8,0.2,161,12089246.490913715,5532171186712.677
17,94,1.126877363266925,1.5010110577181883,1.6463681962203005,1.9361805008862774,1.1311364069463274,0.2268002138206311,1.0,1.0,0.5,0.8,0.2,177,12139898.78365137,3683298941935.8135
17,95,1.1254032941418273,1.494044607643014,1.638385458649444,1.951598277504724,1.1227298675434885,0.22473637344513056,1.0,1.0,0.5,0.8,0.2,181,12141340.788285475,3683296829248.917
17,96,1.1245345126783683,1.4860054383186045,1.6290225760251904,1.9584666291534016,1.1390488743126728,0.224115987501466,1.0,1.0,0.5,0.8,0.2,183,12140876.662675343,3683299600583.3374
17,97,1.1242919707386714,1.4852785999927243,1.6282065195578332,1.9661007596943063,1.1136713318492637,0.22370485415615585,1.0,1.0,0.5,0.8,0.2,185,12140316.905393807,3683295073956.1406
17,98,1.1237888355814432,1.4802408786832764,1.6223336304436107,1.9773240143994262,1.1287236798149713,0.22338226910691855,1.0,1.0,0.5,0.8,0.2,187,12141341.887980958,3683291957253.657
17,99,1.1236236062289264,1.4908438865535958,1.645856924384332,1.9982887816608377,1.1131958936662851,0.22311681652070883,1.0,1.0,0.5,0.8,0.2,189,12140536.650835631,3683289073427.6064
17,100,1.1195978832543212,1.4648540459567039,1.6048906571426176,1.9846724976657923,1.1888874177568576,0.2166216345902805,1.0,1.0,0.5,0.8,0.2,190,12144191.887932517,3683293952421.246
17,101,1.1237742004963587,1.459657057142389,1.5979781343613253,2.0004053559384167,1.1271241439685755,0.22626199524028312,1.0,1.0,0.5,0.8,0.2,195,12144075.798371002,3683283759080.6006
17,102,1.1231622164796007,1.456570942194044,1.5944400664817175,2.00760419989681,1.121899288393612,0.2253677904266928,1.0,1.0,0.5,0.8,0.2,197,12144837.01303826,3683284739239.6
17,103,1.1172838429231051,1.4580854690970264,1.6082595637755939,2.0213229280110188,1.1354196336829958,0.2141110261468903,1.0,1.0,0.5,0.8,0.2,198,12146911.639313385,3683287791423.917
18,0,0.9198594345507013,0.9813479120710974,0.9291798374065678,0.011053573584910636,0.0,0.0,0.0,0.0,0.5,0.8,0.2,1,2002.9587191167516,8202.562124913826
18,1,0.9358350037761073,1.0037464453562523,0.9512294411827078,0.03870843579770473,0.03163973489172988,0.04864432417830577,0.00010969014148205,0.00013003259264151998,0.5,0.8,0.2,3,1725.327532115262,7470.161763773426
18,2,0.8902933018148584,0.9946808295812573,0.9400579220246921,0.04312002663685276,0.11341284777756434,0.02971424123031575,0.01507213778053772,0.0037605841395322104,0.5,0.8,0.2,4,1774.5785558159655,7609.401235035619
18,3,0.6923648140539101,0.9803129321209008,0.9257476386918551,0.0887519155970506,0.605506411317173,0.05938048398763611,0.04626465205706715,0.05484460657403371,0.5,0.8,0.2,5,969.4673076507684,5784.933825010119
18,4,0.6193732161268539,0.9688604867941999,0.9073803283886417,0.11859363641233336,0.2475916440790904,0.07603704508054948,0.06455725338156243,0.08465605712758034,0.5,0.8,0.2,7,1297.6985795950327,3601.447338750645
18,5,0.5627310438920206,0.967629917763204,0.897145207009127,0.1702348290193416,0.3416114848757021,0.08607539990723416,0.09673775663727976,0.18758129305637722,0.5,0.8,0.2,9,625.3488454017125,2186.267411579539
18,6,0.5630829304764411,0.9777299108400623,0.9051215776753938,0.19713254893687582,0.22409626889646828,0.08263809257376366,0.12003108008606973,0.215502469909462,0.5,0.8,0.2,11,349.58944480549576,3423.279637639332
18,7,0.5916711373984874,1.012408234343879,0.9382369325308378,0.24734947586488182,0.2557158057384232,0.08716175716882706,0.1582567245661516,0.2703145608648883,0.5,0.8,0.2,13,705.6183601045412,3619.267542769644
18,8,0.7490949619526392,1.170000130451966,1.0957847053239422,0.40754735139541226,0.383896144888638,0.09918382451138996,0.1656334977568039,1.0,0.5,0.8,0.2,14,565.2698002737053,3909.917215162325
18,9,0.5529406196926432,0.9957575826775302,0.9314276452409664,0.24769190040827463,0.27840014027446236,0.0747428671372779,0.17310618575872064,0.19492786454696984,0.5,0.8,0.2,16,6181.267066146136,4454.249543513586
18,10,0.5644899161975894,1.0107999617127932,0.9452691553816648,0.2757545047859844,0.26134597941764226,0.09443176910314169,0.18321237238068008,0.21555507285070036,0.5,0.8,0.2,18,13493.863526118512,4484.95629704936
18,11,0.7930204931197982,1.2343517212914838,1.1533444946864526,0.5263569288624779,0.5870766493204729,0.07903368918819956,0.3082401996133801,1.0,0.5,0.8,0.2,19,693849.3200897103,3227.296497449735
18,12,0.7552615331066088,1.198298721614326,1.1165033030742326,0.49991906642745115,0.4707293925670313,0.08174953023715974,0.2672297283448015,1.0,0.5,0.8,0.2,21,699436.000360011,3004.357366635892
18,13,0.7514950592344818,1.1955373123163413,1.1132474379278683,0.5079356648840838,0.46486734873434943,0.0822246063758458,0.267090110911498,1.0,0.5,0.8,0.2,23,699432.9921640302,2983.522770339912
18,14,0.5946556498174713,1.0615852899808211,1.0050621176221097,0.3589849690050221,0.30945829282511567,0.06874934433299909,0.2119736266356278,0.47919677905568836,0.5,0.8,0.2,24,33198.45458263684,4446.289885251603
18,15,0.8518091504219913,1.307991624102528,1.2382182908797696,0.6207674405081414,0.5689395568221404,0.08277170788446837,0.39684425493679193,1.0,0.5,0.8,0.2,25,1205215.5038595195,2745.090527467255
18,16,0.5438161030558284,1.0237486588175582,0.9792352038961261,0.31966887553172463,0.2867639466388895,0.05567355143880677,0.24751997474884782,0.1534232126601714,0.5,0.8,0.2,26,696514.4935368546,6300.7773372455895
18,17,0.5434538052838943,1.0346657949984903,1.003109463688226,0.32709870140292285,0.2573872020342723,0.05548233747481962,0.24757709598699496,0.15350183968653086,0.5,0.8,0.2,28,695998.4092143556,6345.651903054451
18,18,1.3077216225076473,1.8116086187945393,1.7921561239897368,1.106524328368216,1.0640485305718403,0.05495565461751387,1.0,1.0,0.5,0.8,0.2,29,21271.60443838308,716318.3000467184
18,19,0.6227221453463627,1.1330800027228036,1.106544743442823,0.4744928895614616,0.534795452449309,0.05647833868257329,0.41060762572278975,0.1679067524141989,0.5,0.8,0.2,31,1200514.5426269248,3980.296599745583
18,20,0.6148139854207836,1.1264534046970645,1.097364799970487,0.48942731096975567,0.45424245807771835,0.051765823256894605,0.4175081318503781,0.19349965976475744,0.5,0.8,0.2,33,1203966.0412825695,6891.995445820852
18,21,0.674550992271336,1.1841215489544348,1.1518100112434835,0.5691017668271107,0.5992187121247574,0.05118421498773017,0.4492477095724878,0.45043340314131564,0.5,0.8,0.2,34,1199007.2434343302,3710.386659681853
18,22,0.5976866103467169,1.118253497534714,1.0985721665449653,0.5084048436349171,0.41532052619934196,0.051896560679033074,0.41817432652279257,0.19840015832692598,0.5,0.8,0.2,35,1199126.0680588963,7633.481821074903
18,23,0.6955092601015498,1.2037737025674933,1.1695456125674253,0.6030280191458381,0.5689265459041299,0.05715734655148948,0.4632897976666154,0.5335463473059312,0.5,0.8,0.2,36,1197541.6220502066,3533.337381913658
18,24,0.6756115713375168,1.194326952815207,1.1722293781037387,0.6108185836419914,0.5080964546660696,0.05961530192754788,0.45641984093951493,0.47703372639131114,0.5,0.8,0.2,38,1199061.660322194,7694.417706254981
18,25,0.8030693106927536,1.3214912563395844,1.2990804110864864,0.7448492767348089,0.6321325149547337,0.05916425959442858,0.4872019937986269,1.0,0.5,0.8,0.2,39,1199664.8354364976,7590.64406525621
18,26,0.8025760110985276,1.3208978375438016,1.2983853424713452,0.739589443069417,0.623473982102227,0.059164259594428704,0.48720199379862805,1.0,0.5,0.8,0.2,40,1199230.592885706,7658.413042710908
18,27,1.2204197824109055,1.7338210233761644,1.7072795928581248,1.181415131977398,1.2201131032096137,0.11158538389105344,1.0,1.0,0.5,0.8,0.2,41,1200973.9188226294,7824.86641115353
18,28,1.221918533374031,1.7336377648305648,1.7059892203098583,1.1966581069352296,1.0846656759223139,0.12414825021960338,1.0,1.0,0.5,0.8,0.2,43,1198723.6080402066,8026.044413617579
18,29,1.2194901659533937,1.730328900772051,1.702135424910187,1.2026066246844016,1.0730534889810146,0.12389383169032339,1.0,1.0,0.5,0.8,0.2,45,1198138.485832899,7869.680980830706
18,30,1.2119834010734905,1.7223475499384902,1.6938702933217384,1.2049680048670357,1.061394089766976,0.11124579542586892,1.0,1.0,0.5,0.8,0.2,47,1200684.397510611,7706.721215996488
18,31,1.1973564955175218,1.7185521835612585,1.7028542493086982,1.2123614561944696,1.0509409475311753,0.08382998529915169,1.0,1.0,0.5,0.8,0.2,48,1201913.220590958,8010.032778979849
18,32,1.2131114889611283,1.7231022447453015,1.6943990962363065,1.2181977504660204,1.0579601988596818,0.11539351372187052,1.0,1.0,0.5,0.8,0.2,49,1201389.81301372,7625.327908347138
18,33,1.2108000067981934,1.7200140395052719,1.6908638769068112,1.2307400635023609,1.0753888691059839,0.11443768415453251,1.0,1.0,0.5,0.8,0.2,50,1197898.4547782962,8237.889675631039
18,34,1.2114600595270895,1.7206317848571626,1.6914499426539589,1.2282167653973186,1.0594437226064692,0.11604314266991678,1.0,1.0,0.5,0.8,0.2,51,1199623.4932042086,7957.204586232952
18,35,1.231929895482792,1.740708148385037,1.7113112893674305,1.25605667548533,1.0836654095227851,0.15870700060220672,1.0,1.0,0.5,0.8,0.2,53,1202951.232638084,7828.948089205698
18,36,1.177630737734517,1.710770659717333,1.715767589567956,1.232831113257432,1.230649118286385,0.08541607404676113,1.0,1.0,0.5,0.8,0.2,54,1196859.6143822945,8321.623451147057
18,37,1.1759489757261172,1.7072447785021592,1.7114304046915079,1.233605741282681,1.0604561626620859,0.08783918043299167,1.0,1.0,0.5,0.8,0.2,56,1196785.7730482053,8291.8356161159
18,38,1.1748584662946175,1.7051173865908764,1.7088581764764024,1.2439061681318009,1.0534577575117368,0.08877967473381371,1.0,1.0,0.5,0.8,0.2,58,1196049.701495721,8271.37754157034
18,39,1.155078220729492,1.6640589374620836,1.6508099339051752,1.2438259827856364,1.1191705836601626,0.07565937983320721,1.0,1.0,0.5,0.8,0.2,60,1200957.0849554571,7992.050445207659
18,40,1.1534452744851362,1.6600864899302976,1.6459802180870235,1.2512646659919318,1.0563424260193404,0.07772549917641038,1.0,1.0,0.5,0.8,0.2,62,1200597.2883677804,8005.602583859078
18,41,1.1575389138294672,1.6728448947989687,1.6708321676538271,1.2610611744178857,1.0642102436563519,0.09142624822467134,1.0,1.0,0.5,0.8,0.2,64,1200169.4544458068,8046.693082219412
18,42,1.1526192640238995,1.6676712786055259,1.6655690865239312,1.268487544741175,1.0447090496961313,0.08212395265133561,1.0,1.0,0.5,0.8,0.2,65,1199847.4813508291,8053.713155591793
18,43,0.5998770575540492,1.1406003844245292,1.1842680066586868,0.7489539751132251,0.7598720285585935,0.04664416778662582,0.5350202168002458,0.27114010875958716,0.5,0.8,0.2,66,7384.928030869426,12652.421930322807
18,44,0.5940175694211384,1.1162573940053697,1.1545865351331388,0.7561378379760872,0.621198688902457,0.047162554842095375,0.539958183184341,0.2842373768382985,0.5,0.8,0.2,68,7490.115565105929,12259.282937101543
18,45,0.5935894195579051,1.1151237264643608,1.1532587329528294,0.7560297072804535,0.5163430577765681,0.047162554842095375,0.5399581831843412,0.28423737683829836,0.5,0.8,0.2,70,7509.333232214776,12437.171467737102
18,46,0.5988963970415749,1.1021812040944805,1.1253939263827293,0.771296728086519,0.561478611280146,0.04525664270635148,0.5500217479658845,0.29616425520317546,0.5,0.8,0.2,72,7438.493557403027,12129.697418224505
18,47,0.5963631868307286,1.094894342696066,1.116859076955995,0.7706022036131916,0.5469128253590502,0.045256642706351505,0.5500217479658847,0.2961642552031754,0.5,0.8,0.2,74,7506.794098298391,12643.215440686465
18,48,0.6106391633748718,1.105360186391949,1.126331239260098,0.796525917824827,0.5786852693215722,0.0408780153340905,0.5352454643698792,0.4475579018342052,0.5,0.8,0.2,75,7641.288425592946,12961.225134787332
18,49,0.5856965915601278,1.0828732176489126,1.114611340859196,0.7780710941407352,0.6085721234592274,0.04611783689374492,0.5452944170722465,0.2910127769032125,0.5,0.8,0.2,76,7538.133973804232,12318.076732517437
18,50,0.5883649234063203,1.0854221174379848,1.1171268112319925,0.7873623912794069,0.5205175546648289,0.044295037618270236,0.5431585614373551,0.3178339055436722,0.5,0.8,0.2,82,7381.297881524789,13118.034129762946
18,51,0.6127613742625028,1.0743266070944981,1.0871252296526808,0.8291807762968638,0.7954035315286998,0.04422503733228392,0.5446170319723531,0.485139773706999,0.5,0.8,0.2,83,7575.5111927988355,11571.587505582607
18,52,0.6107581104784606,1.0706870336898329,1.0831002894715946,0.830798378744542,0.5613079256421071,0.04425706933718287,0.5432976300806457,0.48338891760402136,0.5,0.8,0.2,85,7518.906576815837,11590.801249876617
18,53,0.5712705858029368,1.0310735476061852,1.0434575483638233,0.794840640655165,0.5151691551810271,0.04507176440644619,0.5004018988843711,0.4557233530856517,0.5,0.8,0.2,86,36126.183953415326,13657.607491494517
18,54,0.609755173549792,1.065385272720261,1.0767934525597156,0.8276113809300009,0.5938178923310158,0.04395164467228564,0.5442386694155974,0.48322305928959297,0.5,0.8,0.2,87,7506.008918324503,11687.765504225456
18,55,0.5694252475041872,1.024740453340211,1.0360752807232934,0.8010820344070285,0.5168095249484462,0.044863492383068956,0.5002326335801351,0.455886530131892,0.5,0.8,0.2,88,36214.68691691708,13789.766977116971
18,56,0.6094662411612608,1.062584314367199,1.0734094293700411,0.8417791517523183,0.5753941952704187,0.04341954448948045,0.5447779264813177,0.4854161637847212,0.5,0.8,0.2,89,7489.416710378869,11830.613011320373
18,57,0.6848778316328161,1.143835904391184,1.1664269049992477,0.9497555659084728,0.6570401314716198,0.0494765370360028,0.6104697097013762,0.5937889732681956,0.5,0.8,0.2,91,7476.907926667166,13304.897661449542
18,58,0.68407128645284,1.141234142660416,1.1634147596579127,0.9563388403413029,0.640041866141243,0.04927071038473098,0.6103004443971403,0.5939521503144354,0.5,0.8,0.2,93,7437.169801451666,13513.910253751785
18,59,0.6836726750890736,1.1372622664960665,1.1586308153826432,0.9566713358550565,0.6489863409989745,0.04890637154936236,0.6108652570782204,0.5964546181452599,0.5,0.8,0.2,95,7447.580318691823,13297.225546067242
18,60,0.8596540928097917,1.3084867288107018,1.349846748637766,1.1441544693403864,1.0614142948490495,0.05130462007402289,0.8671441691825871,0.48487564681220635,0.5,0.8,0.2,96,7262.510397305986,17722.65603500812
18,61,0.8703422021047077,1.3290475288766177,1.3831203246461397,1.1655323358467071,0.833251357767189,0.049041939023617094,0.8823562255108353,0.4848718651901175,0.5,0.8,0.2,98,7263.036822170175,17722.78820611301
18,62,0.8723894821920606,1.3218390744751252,1.373926024328018,1.1761230664654776,0.8722710369463962,0.052085177308724626,0.8769303031632252,0.5209070415120435,0.5,0.8,0.2,100,7334.565932573796,17593.33706587408
18,63,0.8754697793608672,1.3422535249771022,1.4192634255080605,1.227049232120897,0.8433931694389571,0.05430086330903209,0.8893149936594664,0.48733073913672886,0.5,0.8,0.2,106,7467.441458707658,17483.40320431084
18,64,0.8784467637301734,1.3548089222260935,1.4444753922145392,1.241212598690672,0.8464395348432225,0.05289127112609475,0.8907182556634401,0.5020376768015079,0.5,0.8,0.2,108,7541.708410638916,17204.82559664131
18,65,0.8616722940662289,1.3300230962404476,1.4180009421716377,1.2254042813971768,0.8941845078059849,0.05397582343921342,0.8743053976645765,0.4903497153835998,0.5,0.8,0.2,109,7362.050044664737,17189.65646397234
18,66,0.8604153719506336,1.322861722999942,1.4096131378470025,1.2247217168735718,0.8491044028251125,0.05397582343921344,0.8743053976645758,0.49034971538359995,0.5,0.8,0.2,111,7423.966324873474,17553.35466566351
18,67,0.9875018639615571,1.460678726738006,1.5603324775013119,1.373832159079842,0.9557046976841941,0.052192873060896615,1.0,0.6279650207185496,0.5,0.8,0.2,112,6955.530399688805,15986.144320518742
18,68,0.9873332658100771,1.459802071145378,1.5593086595030619,1.3810602564858008,0.9576635240642881,0.05226660826480891,1.0,0.6276877662207644,0.5,0.8,0.2,113,6956.298697420573,15558.198997369316
18,69,1.0088809004521855,1.469658036857001,1.556063050306599,1.3953308808514204,0.9753807013568401,0.055733551877326794,1.0,0.7272728313735352,0.5,0.8,0.2,115,6909.474301248149,19106.97846351961
18,70,0.9849130813946878,1.4458299568419188,1.5429554307582412,1.3835474400163337,1.0446047391093178,0.05435997560761172,1.0,0.6221174641596222,0.5,0.8,0.2,116,7045.908638405485,15827.270651618514
18,71,0.9848043467247425,1.4451650633792015,1.5421765593292185,1.3834840083310505,0.9562440879315829,0.05435997525048718,1.0,0.6221174081347035,0.5,0.8,0.2,117,7067.704449869462,15953.81730520734
18,72,0.9837944149436711,1.441036852017831,1.537410866190906,1.3827372417173445,0.9771901552602713,0.054751233582876244,1.0,0.6191077231923731,0.5,0.8,0.2,118,7071.940901389016,15812.214593637473
18,73,1.005767330075322,1.4600440789104425,1.5558134713027167,1.4160308749899406,0.9984571239253348,0.056376787968388443,1.0,0.7277320865475081,0.5,0.8,0.2,119,7050.265492086279,18344.449850573128
18,74,1.0578385454985222,1.521649441365195,1.6408170185344932,1.5824840398904068,1.0362917667830875,0.056261860731922894,1.0,1.0,0.5,0.8,0.2,132,884813789.3681946,16330.120002700196
18,75,1.0607254597968483,1.5099287906494376,1.62617908312624,1.5903314559876174,1.0929472395718831,0.06688973934898762,1.0,1.0,0.5,0.8,0.2,134,884845343.6213175,15824.403541606578
18,76,1.054590971162432,1.4980396576332689,1.6131506249976173,1.5921303171225099,1.0514265725030256,0.05641697928054288,1.0,1.0,0.5,0.8,0.2,136,884843292.2787335,15665.37520879118
18,77,1.0530296872315077,1.4973435007127418,1.6234207431320065,1.598668460294659,1.0696690656751364,0.05637391958421003,1.0,1.0,0.5,0.8,0.2,138,884865092.0617526,15402.841997345866
18,78,1.0525607083879984,1.505252617187507,1.6437769205117891,1.6136115303873988,1.03941106131322,0.05624592438036945,1.0,1.0,0.5,0.8,0.2,140,884865016.6162751,15296.003160539138
18,79,1.0525220928473804,1.5050823721468072,1.6435809062196565,1.6135771837670887,1.0286265324586088,0.056205990404699924,1.0,1.0,0.5,0.8,0.2,142,884848547.9318211,15020.180327120344
18,80,1.0514654418614808,1.5096279539064723,1.6600338068159892,1.6323127693919057,1.0501234998462559,0.055657816976785825,1.0,1.0,0.5,0.8,0.2,144,884882990.7278341,15532.280912718134
18,81,1.0505253918725315,1.5029679093958104,1.652261409082403,1.6463889466330912,1.0730598346030142,0.05532592326393152,1.0,1.0,0.5,0.8,0.2,145,884871879.748036,15269.028648182368
18,82,1.0531762300545788,1.4919825337965267,1.627803830675804,1.6255833316425015,1.0499489925221326,0.06127269693967298,1.0,1.0,0.5,0.8,0.2,146,884897016.0844345,13463.980702864432
18,83,1.04392985913469,1.4894216301355199,1.6373695628356535,1.6284993801123513,1.0397513988444151,0.04394708077852314,1.0,1.0,0.5,0.8,0.2,148,884886007.523625,13410.158902409898
18,84,1.0438822940854433,1.4859205574132022,1.6332021415532727,1.6285301550556237,1.049525175476303,0.04472588498347383,1.0,1.0,0.5,0.8,0.2,149,884898226.2599094,13870.07233935742
18,85,1.0639859583137166,1.4942319681405896,1.628399923721354,1.7201977838487494,1.0427701484952359,0.08507964546664733,1.0,1.0,0.5,0.8,0.2,169,884917534.2908242,13104.50428721307
18,86,1.0629343658686587,1.4867432907130793,1.6196735898059627,1.726871052987969,1.0675132996546612,0.08455599612391655,1.0,1.0,0.5,0.8,0.2,171,884932020.6498495,12923.056369726391
18,87,0.9207635325391921,1.3654159321591388,1.5240472151075215,1.5999298302409792,0.903354752677571,0.04677880045955987,1.0,0.3845280747129812,0.5,0.8,0.2,175,884677127.4671293,14466.925348208042
18,88,0.9207177121303638,1.3749694775621495,1.5462936757368502,1.6341121120914854,0.9046206403318191,0.04555801523500902,1.0,0.38830509240454253,0.5,0.8,0.2,178,884711216.6977205,31507.775800997995
18,89,0.9206903712794063,1.3741393202679468,1.5453098521988629,1.6340954146568838,0.9036385411803345,0.04688511736383383,1.0,0.38532437642227774,0.5,0.8,0.2,180,884681406.7426277,31768.28042872845
18,90,0.9206982024586853,1.3697461571049871,1.5400752087864422,1.6417655845176102,0.9181860900791321,0.04646207347204724,1.0,0.38898295623730933,0.5,0.8,0.2,182,884714121.9100914,31743.613209600026
18,91,0.9206785632160571,1.3695555313610233,1.53985198369169,1.6417474002509,0.901692737135714,0.0464620734720473,1.0,0.38898295623730933,0.5,0.8,0.2,184,884711806.8703358,31713.634930525703
18,92,0.9260511447721351,1.3935381572065078,1.5891110523574081,1.6851665612346345,0.9142194223348509,0.04851015061020555,1.0,0.41288502500293084,0.5,0.8,0.2,188,884689450.994612,14303.65668116867
18,93,0.9210545093946934,1.4125744695978755,1.6453286380272338,1.707180279395282,0.9152602193838848,0.0454987750424592,1.0,0.40067933075552203,0.5,0.8,0.2,194,884575582.8770854,14315.712890854713
18,94,0.9204948907040977,1.4206473860047346,1.665914996250102,1.7223168077543116,0.9125273580738447,0.045493433162697425,1.0,0.3992572304753464,0.5,0.8,0.2,196,884566894.7840841,14660.612188379087
19,0,0.8112534974274055,0.9533050700036718,0.8963343841054282,0.008474428291040972,0.0,0.0,0.0,0.0,0.5,0.8,0.2,1,3603.058692963679,7463.113328154744
19,1,0.8141461719706957,0.9695930033639989,0.9117381152049524,0.032846480359896416,0.039484177924822075,0.04271531894147699,0.00010136823555110001,6.328986538246001e-05,0.5,0.8,0.2,3,3488.233991830102,7410.110382554102
19,2,0.778958843887481,0.9582046472276377,0.8987047785867402,0.03249753490997588,0.08675400978034314,0.01648153492307635,0.01414520816999946,0.00055718425917624,0.5,0.8,0.2,4,3339.1288518404085,7304.487801227033
19,3,0.6184229210287076,0.9498381129678725,0.8906149202473829,0.08297742868737072,0.5933776056705572,0.052199007976027625,0.05221846108958461,0.03260290913488431,0.5,0.8,0.2,5,2004.079407419899,5035.091700430978
19,4,0.5332541804529172,0.9456952020716063,0.8735704237947429,0.15188025656218093,0.4087718468318176,0.0901289477637382,0.09091323629682596,0.13895574548435524,0.5,0.8,0.2,7,2495.0573906063423,3768.33512378596
19,5,0.4851943411807716,0.9206245222872569,0.8419758317204353,0.16650814579953788,0.2914982449330817,0.08039044173854722,0.10977258942871333,0.1529822199245387,0.5,0.8,0.2,9,1685.1365956020377,1902.5287789648744
19,6,0.4457203914275587,0.8966015740463402,0.8098964776898174,0.19072570937609148,0.3459125006104832,0.10080546960997609,0.11785772856174112,0.1847052789055105,0.5,0.8,0.2,11,2030.4761142745624,3567.8988956353687
19,7,0.44116753102506817,0.9069868136893365,0.8266298608399816,0.24917840181592701,0.28748315337479535,0.09569084417559712,0.1369906488199865,0.3110917336952725,0.5,0.8,0.2,15,2465.1739539412374,3207.016717506244
19,8,0.4350184806685327,0.9007700327277623,0.8193059279606483,0.25836307610224885,0.24248316151196692,0.09596466172046336,0.13708346619554818,0.31127889336821724,0.5,0.8,0.2,17,2429.389011195049,3191.576811160432
19,9,0.4103490926507613,0.8752265354513398,0.7911455309986346,0.252132407948719,0.2630010935270544,0.09762801053916116,0.13663172075568034,0.25761076330208066,0.5,0.8,0.2,19,2581.7906730553377,2902.359541525356
19,10,0.4187737626865195,0.9171865509919186,0.8719603269710745,0.26478665748512714,0.22482740251709743,0.09622483139654608,0.1413014204062781,0.2884574284115394,0.5,0.8,0.2,20,2622.6072385255734,2908.733716705588
19,11,0.42083781959099265,0.8849854627992944,0.7996928040547422,0.2755316504945122,0.26991155348858265,0.09555676736790189,0.14509639869496804,0.31309997631357567,0.5,0.8,0.2,21,2608.5016393824885,2900.754131659337
19,12,0.4148727977137947,0.8897120788973318,0.8167194258191429,0.271572579881146,0.2526543094625214,0.09783681821094316,0.14014655474390292,0.31526222553591243,0.5,0.8,0.2,22,2238.880667628456,3198.245612855701
19,13,0.42117520441346445,0.8945637240794028,0.8199314434848953,0.283522240761376,0.3053782883140751,0.09930622518967605,0.1511817425577617,0.3395754699020217,0.5,0.8,0.2,23,2217.757404578566,3110.542831752052
19,14,0.5515416633229736,1.0244126087250935,0.9492733111906585,0.42336856951811086,0.3920017621217824,0.09703562608849386,0.2006220436047521,0.8115364636315073,0.5,0.8,0.2,24,2304.13390490328,3113.808466184647
19,15,0.4046825087091518,0.8715769808955407,0.7919244424284466,0.29273503506817633,0.4289049926758841,0.09859401659822364,0.15909740523632904,0.34133201572816557,0.5,0.8,0.2,25,2244.3514835534424,2879.116129392922
19,16,0.5377236439301372,1.0046139055183323,0.9249587612914854,0.440812478782502,0.3779280428557709,0.09662762991930832,0.20863497610417303,0.8133575465768669,0.5,0.8,0.2,28,2472.338606307467,2825.807853870921
19,17,0.40325040258324657,0.8811645531273746,0.814396550264721,0.322330934255967,0.2485233302971149,0.09959586741791557,0.15778324408584388,0.3393852540349987,0.5,0.8,0.2,29,2280.7153896719947,2838.787370431136
19,18,0.4021627538431279,0.8792292549713957,0.81193992608375,0.3182891665685365,0.2662753806021243,0.09875728707631888,0.1591904693637502,0.3413981633237775,0.5,0.8,0.2,30,2279.2436060604405,2854.009538056111
19,19,0.5068858597271751,0.9711708329322994,0.8899552222858994,0.4342506702765817,0.3724442449611145,0.0978415731633236,0.20585659124396413,0.6997812726088551,0.5,0.8,0.2,32,2287.079470257789,2617.725983822465
19,20,0.5100396941621554,0.9741530104455394,0.8928399243719334,0.44381620638624386,0.35910147163529565,0.09858237064746,0.20843121851587965,0.7053882211770526,0.5,0.8,0.2,34,2308.979879069132,2729.143028179694
19,21,0.508409353787261,0.9680701162722836,0.8843982732482252,0.4451995094357378,0.4609902188183154,0.09137113750260674,0.19859972967303985,0.8011932619051725,0.5,0.8,0.2,35,1988.7728885625124,3302.989638929561
19,22,0.43145749892695495,0.8835808619686553,0.7964439383238557,0.39322290459093956,0.34765363722731935,0.08825188576091302,0.232621680709451,0.3516223124349092,0.5,0.8,0.2,38,2045.4823863984243,2895.148694112258
19,23,0.4311221215680661,0.8818969400953093,0.7941895247378042,0.3975981562024212,0.3138313163913573,0.08859415624476677,0.23417779731913244,0.3527796601816218,0.5,0.8,0.2,40,2021.0981605293352,2926.2735638083805
19,24,0.5421381468010296,0.9862766099182081,0.8959167791717677,0.5167442130593467,0.5303848309251834,0.08854067406951815,0.26860921049259573,0.8145254197598497,0.5,0.8,0.2,41,1956.0287060665669,2978.9321892955973
19,25,0.5406527141159926,0.9836306259407835,0.8928316742143217,0.5248315746666247,0.4309223973147635,0.08826190875913853,0.26866360918242427,0.8145937585529678,0.5,0.8,0.2,43,1997.401602442732,2875.295110434205
19,26,0.5389116000982307,0.9811302130646943,0.8900466902509664,0.5299074161078541,0.4269492760534443,0.08865115512404932,0.26744966712424245,0.8142849450706307,0.5,0.8,0.2,45,2013.7624809436545,2818.880820283962
19,27,1.119645930259758,1.5798314152200534,1.5131269627209636,1.132666596728253,1.0400638701308589,0.08845900038526516,1.0,0.8133794980704494,0.5,0.8,0.2,47,1968.0923855265703,3033.3839967243025
19,28,1.1180388575750022,1.5768238363169427,1.5096258356831604,1.129188885810722,1.016823697217414,0.08818075601559813,1.0,0.8134478368635687,0.5,0.8,0.2,49,2009.336364807751,2925.9140659346517
19,29,0.5172605258702219,0.9782614011563995,0.9210386878080481,0.5599168385445473,0.5377795304862408,0.08863288895282662,0.3796862104059252,0.3330617202203905,0.5,0.8,0.2,50,2541.152807839805,2734.226208825642
19,30,1.1575716175936055,1.6491081347553405,1.629895886521069,1.2239085945908152,1.0712130057197957,0.11539925697511481,1.0,1.0,0.5,0.8,0.2,53,3633.333039324252,7488541.261082701
19,31,1.157420420413058,1.6599843219180572,1.6537162876955118,1.2396937790603557,1.0588502329387008,0.11540046457269075,1.0,1.0,0.5,0.8,0.2,55,3637.163842247366,7487867.942410451
19,32,1.1573308077248017,1.659789629702568,1.6534881919464803,1.2367825786002273,1.059068023110284,0.11540122179886525,1.0,1.0,0.5,0.8,0.2,56,3639.571884628682,7487446.570491791
19,33,1.1539085903909199,1.640402823375806,1.6196155648742994,1.2429359321642863,1.0884770287708458,0.11638239434303832,1.0,1.0,0.5,0.8,0.2,58,3417.13736715115,7489201.212042293
19,34,1.1523655742310073,1.637598562073299,1.6164244596615476,1.2066523662681237,1.0629207783639427,0.11529144542278105,1.0,1.0,0.5,0.8,0.2,61,3649.953275895168,7481377.082986541
19,35,1.1527267666508563,1.6601083963578975,1.6648593939996232,1.2685779600052545,1.0611320707911251,0.11638239434303824,1.0,1.0,0.5,0.8,0.2,62,3521.7616633034827,7485272.521310195
19,36,1.1582605634881717,1.6620977156375758,1.665781299586471,1.2696780671550998,1.0881719459037344,0.13282402436740423,1.0,1.0,0.5,0.8,0.2,64,3615.277921470707,7594882.0591369
19,37,0.6654641657716021,1.1469610690051912,1.1344234152788506,0.8081483977418367,0.614124921439279,0.07718665341880152,0.494590547815635,0.7351038015812905,0.5,0.8,0.2,68,2917.885270976134,6495.860596208207
19,38,0.6729046233028281,1.1399289242247146,1.1134785989908815,0.8210624471731217,0.6093849202691043,0.07621351263876994,0.5033648927435813,0.7499314789928863,0.5,0.8,0.2,70,2939.6669837145137,6673.403004572572
19,39,0.6729936538695246,1.1510878097532113,1.1376007135133648,0.8381909078836158,0.5914623320873708,0.07724482451417286,0.5037238407710622,0.7467774276167534,0.5,0.8,0.2,73,2848.120172044355,6617.063524277311
19,40,0.6740468964567934,1.1355627967727444,1.107603360625073,0.8413964947372427,0.655339981811809,0.06795393048346504,0.5092862634506443,0.7691236510436799,0.5,0.8,0.2,74,23229.44175130397,7191.1773124200745
19,41,0.842044858375826,1.3248074697797225,1.3225328153269105,1.03720080841928,0.7704672218322193,0.0720097984299076,0.6598871764092086,1.0,0.5,0.8,0.2,76,2833.284243061905,3448.806449667468
19,42,0.8440542507064952,1.3194735060606717,1.3152523177600661,1.0523299092520795,0.8095186652268545,0.07435212002933284,0.6659629450418367,1.0,0.5,0.8,0.2,78,2867.6902607411835,3701.0124257397592
19,43,0.8309736850823426,1.3027882484748654,1.2976293330184225,1.0512742208601789,0.7778303564076678,0.07241112977729841,0.6531621440926412,1.0,0.5,0.8,0.2,80,3080.686549126016,3427.6704091211022
19,44,0.8362241954456626,1.3050229064828243,1.2990884276167265,1.060974337324948,0.7813208803059069,0.07508359948742394,0.6599481680890323,1.0,0.5,0.8,0.2,82,2998.366303859858,3616.135388194734
19,45,0.8361547860122613,1.3037538062024197,1.2975128230962232,1.068338129460658,0.7722706939616255,0.07523184239942309,0.6605062152322209,1.0,0.5,0.8,0.2,84,3046.610771877416,3643.780972637233
19,46,0.8156897100832987,1.2812751777303282,1.274522368256074,1.0554207977085417,0.7673997833983435,0.07544119382609564,0.6360122383109771,1.0,0.5,0.8,0.2,85,2911.132542315134,3469.5787249636246
19,47,0.8280640578694924,1.303964672146251,1.3099875042339881,1.07163636476349,0.7685019121786725,0.07473307534895483,0.652453147682291,1.0,0.5,0.8,0.2,86,3163.652382176961,3678.4819224945895
19,48,1.0568220531982795,1.535964546233299,1.5632782445610238,1.3343606154654843,1.0348422776216915,0.0674701892892541,1.0,0.8134420756158175,0.5,0.8,0.2,91,2951.4884301657085,10812.362105293045
19,49,1.0545243858715556,1.5271443908952265,1.552908354617197,1.3442686582388659,1.0282523536883348,0.06790708793142416,1.0,0.8134940299086819,0.5,0.8,0.2,93,2904.8165597936622,10672.149765382288
19,50,1.0341910970351536,1.517936481150995,1.5566823662240534,1.320689798848369,0.9771061107487036,0.06635971618243365,1.0,0.7158448352987367,0.5,0.8,0.2,94,2911.9698083938065,8186.628785814585
19,51,1.038566416808511,1.5137302347634547,1.5504722942469613,1.3342547387481098,1.0656054075131784,0.0685749707135857,1.0,0.7477796191268535,0.5,0.8,0.2,95,2834.3476753466075,7060.110846125409
19,52,1.018127469908449,1.4751829314482519,1.497339270178514,1.3152187275555043,1.0303660332032947,0.0675181235541332,1.0,0.659987987984796,0.5,0.8,0.2,96,2906.071330096654,8189.968058013415
19,53,1.0191816798348086,1.4749265669964036,1.4967844517104283,1.3271583883678684,0.9733299547177634,0.06899219736831555,1.0,0.6637359115027119,0.5,0.8,0.2,98,2931.459880789544,8371.138757715493
19,54,1.0146903061921229,1.4614309443909121,1.4812576656315533,1.328198623982146,1.0484765550189465,0.06719015493849786,1.0,0.6600637525779132,0.5,0.8,0.2,99,2843.224814204264,7940.120977022916
19,55,1.0274185245526608,1.483524981607821,1.5159405713755534,1.3377072056719435,0.9845465644701575,0.06656930302943623,1.0,0.7280831500661001,0.5,0.8,0.2,102,2800.202066652032,7952.599985188643
19,56,1.0138128667651387,1.468547743335166,1.500658980765709,1.3421892267013897,0.9779640650436638,0.06739317288779063,1.0,0.6600231791623437,0.5,0.8,0.2,103,2869.185607779385,7909.0127475189265
19,57,1.0192907943816496,1.4711828074340132,1.5026626305553423,1.3411429323376636,0.9978656717616861,0.06510225410287993,1.0,0.6973609302257046,0.5,0.8,0.2,104,2768.5844298417,7904.894182431539
19,58,1.0284229485636598,1.4759928134739386,1.5065136408413435,1.3800521031246213,1.0223626042745713,0.07378213030465994,1.0,0.7277084643886323,0.5,0.8,0.2,105,3533.7383417607853,10156.094381978715
19,59,1.0195312096310316,1.4650764216484597,1.4951568718142623,1.3496682581692354,0.9915020255620753,0.07025439305824437,1.0,0.6948041104432238,0.5,0.8,0.2,106,2778.585835238021,8452.045136896459
19,60,1.0251974418256413,1.4736785694226842,1.514962125411312,1.3783901434738706,1.0549525051592508,0.07309982691153985,1.0,0.7271563097025483,0.5,0.8,0.2,107,3547.489367297158,9764.066319130472
19,61,1.0252422950476108,1.4713429189600826,1.5121129126194948,1.3897588186214143,0.9930846747870239,0.07406127739176731,1.0,0.7280680435169012,0.5,0.8,0.2,109,3361.798628855521,10376.511834698296
19,62,1.0284268671591676,1.4437298931410263,1.467322362661966,1.4028603189820226,1.0767377169410046,0.07495654322594816,1.0,0.7657390991334794,0.5,0.8,0.2,111,3954.9089992674735,8773.684023932989
19,63,1.0276266701027204,1.422179103437251,1.4521943925771703,1.412272115151469,1.1294783423611472,0.0778170909790628,1.0,0.7868610637934517,0.5,0.8,0.2,113,6733.968302460571,9161.657521092187
19,64,1.0264557238457153,1.413180662343171,1.4416149255135948,1.41898146606991,1.028751305868369,0.07808085242442837,1.0,0.7873665294678396,0.5,0.8,0.2,115,6681.609729091322,9038.268104465733
19,65,1.0240857769101828,1.4038036443054378,1.4308319854950131,1.4353737897815622,1.0144555799124602,0.07882868421326848,1.0,0.7796511034930236,0.5,0.8,0.2,118,6717.047879229873,8911.066799318061
19,66,1.02434288364831,1.3911522646926342,1.4156135244067183,1.45831395253861,1.0500458684335703,0.07853016492207114,1.0,0.7920974525851131,0.5,0.8,0.2,120,6646.799832979921,8196.153527976605
19,67,1.0163415438835472,1.4029043650562043,1.474456115015987,1.543027369000734,1.003839466330924,0.07509119138953896,1.0,0.7787651349798734,0.5,0.8,0.2,139,2637.6644466350504,6109.700128069082
19,68,1.0362489569914428,1.4170973083658935,1.4983819012323136,1.5515947647515869,1.1486345444669481,0.07475186073289518,1.0,0.8899590633657869,0.5,0.8,0.2,140,1601.5055963669288,13708.279336135976
19,69,1.010301811099319,1.3662979975707807,1.4319707821528798,1.5451925579926646,1.097511198539543,0.07460969001275085,1.0,0.7685780095430284,0.5,0.8,0.2,141,2545.5732337774,6065.118968616911
19,70,1.0131671037139196,1.3664571219704984,1.4316145167636485,1.559885553069326,1.0047058567380711,0.07523147746939504,1.0,0.7828666291376651,0.5,0.8,0.2,143,2600.1536328410266,6285.805484126913
19,71,1.0131469985576504,1.3656486014872031,1.4306560367215022,1.5675217171417057,0.9973092703326186,0.07533058127367301,1.0,0.7829546755539184,0.5,0.8,0.2,145,2591.813162866486,6181.419416110201
19,72,1.014483945554835,1.3594602990662488,1.4230389889395887,1.5760686187119723,1.0547672456428852,0.0742762999084108,1.0,0.7963617118318556,0.5,0.8,0.2,146,2526.72424465526,6013.459130279169
19,73,1.0343195101683984,1.3871172820727995,1.4630563945867001,1.5769073944607348,1.0426188743912572,0.074642980323231,1.0,0.8963963440253926,0.5,0.8,0.2,147,1678.7495859360415,13288.054050261038
19,74,1.0153723223926359,1.3753429086055222,1.4744128740971747,1.6170269023157617,1.0381971589325247,0.07253329472903661,1.0,0.8145587262009751,0.5,0.8,0.2,150,1707.0769912816163,14257.55258442752
19,75,1.0150223808056507,1.3563450135798982,1.4410196862726732,1.608832645234877,1.0564122197193953,0.07156166965572504,1.0,0.8187421610538015,0.5,0.8,0.2,151,1691.0692250719396,14410.347994661512
19,76,1.0121511313488445,1.3555002960966671,1.4514620294687708,1.6129310804490207,1.020775888764745,0.07146794766359338,1.0,0.8087537240388754,0.5,0.8,0.2,154,1709.0854660466005,14238.378220756147
19,77,1.014097770179547,1.3451540842359737,1.4279126205813837,1.6311962512264628,1.0022936661534716,0.07234067779161524,1.0,0.8167839483160794,0.5,0.8,0.2,157,1699.9291788765709,13952.682284007646
19,78,1.011471426248634,1.3584716290260743,1.4660288601262894,1.6362719545321947,1.0464597363184802,0.07113486619689904,1.0,0.8094426414330055,0.5,0.8,0.2,158,1680.1655199859204,14063.849493691803
19,79,1.0054960480860216,1.3518665313910057,1.4593068699903773,1.6341857329942946,0.9963066107493088,0.07047027783120653,1.0,0.7814927910839659,0.5,0.8,0.2,159,1910.680893697785,10791.066143556243
19,80,1.0116303462962555,1.331980204738715,1.4236769363469715,1.6473466047989205,1.0361854902092742,0.07029308625205836,1.0,0.818614337256523,0.5,0.8,0.2,162,1623.227072187433,14124.781186216034
19,81,1.0305003753247193,1.3575576041195805,1.4614253675413855,1.6822185866671944,1.0237252160248824,0.07657526092816662,1.0,0.898991317067335,0.5,0.8,0.2,168,1794.6515185411524,13701.178224581154
19,82,1.0406871210081738,1.4154092430609748,1.5827420280748878,1.7994558180393008,1.0351558360078368,0.08213028141151565,1.0,0.9391468889936585,0.5,0.8,0.2,178,3930.104302216536,4800.104343711855
19,83,1.0409796380246932,1.423408318525476,1.6030992966288395,1.8123305677710633,1.042539514307497,0.08077421329334865,1.0,0.9452638214306776,0.5,0.8,0.2,180,3861.360752271197,4662.227174734503
19,84,1.0403733129691226,1.4097418202583019,1.5760918248410085,1.8019974693279257,1.035908484375011,0.08223510928683922,1.0,0.9392415812903652,0.5,0.8,0.2,182,3899.0817458435545,4751.074382612967
19,85,1.0411497795170286,1.3566507295463568,1.4693411175675863,1.8067085621957792,1.0979850855994973,0.08115572839068971,1.0,0.94896142813248,0.5,0.8,0.2,183,3803.529443847679,7280.803930872149
19,86,1.040606669625558,1.3646405938841033,1.489843022417702,1.8194378836459024,1.0400026032713081,0.08095045938177318,1.0,0.9476614975840407,0.5,0.8,0.2,185,3813.9377949505215,7138.159843409015
19,87,1.04068245096816,1.3691082772127827,1.506068246203332,1.8265002484309316,1.0558363138165636,0.08088328161011005,1.0,0.950441940864162,0.5,0.8,0.2,187,3871.546972610864,5490.441537363293
19,88,1.0397263445216058,1.3740238667193228,1.5230128925725883,1.8501839754965803,1.049721991990845,0.08196060726601934,1.0,0.9446670352551042,0.5,0.8,0.2,189,4020.7404570525687,4614.212875432134
19,89,1.0441956198087592,1.3856040564456935,1.5578155743627733,1.8736877242743175,1.0919969457153302,0.07785613041563476,1.0,0.9819050642925555,0.5,0.8,0.2,191,4024.049534642093,4540.859201079393
19,90,1.0471948207869823,1.393145312779642,1.5771511948440635,1.884346969466238,1.0632530696046392,0.07866861930980437,1.0,0.9967745632679534,0.5,0.8,0.2,193,3949.685294342089,4451.188782417616
19,91,1.0470300004829867,1.3992732203506524,1.5953918848257262,1.918037821370679,1.0478510851500662,0.07887928488232909,1.0,0.9967899402444829,0.5,0.8,0.2,197,3978.081181667953,4433.589321405727
20,0,0.9404020270864863,0.9862790495896204,0.9349554750580403,0.011507232717215274,0.0,0.0,0.0,0.0,0.5,0.8,0.2,1,1671.2716758651864,8073.358099974274
20,1,0.959513165057625,1.011635148301181,0.9599831761097785,0.04201118646278404,0.0340702167475815,0.054349814107740146,0.00010637536253598,6.730759416534e-05,0.5,0.8,0.2,3,1662.1827429995246,6938.105617832152
20,2,0.9057634740174257,1.1412406052509707,1.0913300618162138,0.23876618774506086,0.6705557529324512,0.07943614040795344,0.1714734531714825,0.1726078581009629,0.5,0.8,0.2,4,3084.8397072679604,8826.840313790144
20,3,1.4562068576394442,1.7084409054816767,1.6431544407197458,0.8148501280889383,0.9004502826108983,0.00469263162184704,1.0,0.00673726505236834,0.5,0.8,0.2,5,1743.6381831921924,35168162.48748753
20,4,0.7661422241396324,1.0986868103229526,1.024951703162435,0.2663208438615381,0.5879063548303409,0.07713034093091552,0.20565778346106015,0.20090767553537078,0.5,0.8,0.2,6,2691.898701030584,16818.651613112022
20,5,0.7569295404818757,1.0948050671646767,1.0203830157970781,0.271944128861339,0.2574177229308505,0.0772580856853279,0.20571917974644638,0.2009907473829024,0.5,0.8,0.2,8,2699.121073139683,16877.80455569356
20,6,0.7485987938662564,1.091450528754923,1.0163619596804854,0.27590132721612537,0.27101757455050685,0.0772308108110014,0.20640890648939272,0.20098312896798606,0.5,0.8,0.2,9,2649.768238475457,17672.33268895687
20,7,0.6793566145872323,1.0778899794434393,1.008708384524172,0.29113669878246284,0.5504415926191408,0.07917803552381192,0.22088135367573258,0.22150582892211582,0.5,0.8,0.2,10,2901.8384229846843,18413.519073232725
20,8,0.6547063366862956,1.0668757941193667,0.9947974204740628,0.3018767646838867,0.32527431584436,0.0537249534234633,0.23959603450728806,0.23978260274911264,0.5,0.8,0.2,12,2723.109972132467,14612.909876312488
20,9,0.625921898889708,1.0545161815828283,0.9781316112436076,0.3189919171970257,0.36708686337275104,0.05552857259661411,0.2539414288987508,0.24181800389166802,0.5,0.8,0.2,14,3049.1650511031426,15106.911804445825
20,10,0.6104588999071323,1.0657921240635413,1.0140228113745657,0.3318231818065483,0.3327900893335968,0.0554038909154239,0.25029443902201765,0.24151869538261123,0.5,0.8,0.2,15,2993.2742216843835,13795.662119034014
20,11,0.6402699363208455,1.0890790291118322,1.0226174726242985,0.3655233746834187,0.3895898011801269,0.060750787806150855,0.29010655353646253,0.2907509922796582,0.5,0.8,0.2,16,3499.375237112867,16799.015389794793
20,12,0.8851151279532272,1.3598811759045928,1.3182561906580021,0.6427630092402028,0.6267470634655362,0.1369738071522213,0.41439646102003136,0.8789974103861663,0.5,0.8,0.2,17,3059.493279368848,21655.10938819449
20,13,0.6365429526586449,1.1195247428007151,1.0730696272574445,0.4269857077358539,0.5574151602594375,0.058646122735967775,0.34405389421228494,0.295421613177688,0.5,0.8,0.2,18,3581.638522163265,15812.465716249551
20,14,0.6113238353259709,1.1070285642273654,1.0723367682626717,0.41736467426351365,0.37233372236952456,0.058487737148142524,0.3250683969846614,0.2893792261338789,0.5,0.8,0.2,20,3280.864094251242,15593.02153818778
20,15,0.8074830294238594,1.2937290818479252,1.244220774129055,0.6336461405917352,0.6296359223280901,0.09975894864752935,0.4388872736656856,0.7734713332552959,0.5,0.8,0.2,21,3430.3808806191955,17088.516604163524
20,16,0.6253643114869454,1.1246545110729775,1.084551452783676,0.47134299753894204,0.5430717443508244,0.07518599391845696,0.3574216143794961,0.36433901387664896,0.5,0.8,0.2,22,3709.179604640077,16158.031784227696
20,17,0.6213622695680134,1.1095247625153553,1.0561697935504732,0.4756886342535386,0.4043754102369973,0.07372319563090256,0.35897477439300346,0.3494958886103376,0.5,0.8,0.2,23,3585.5454319630567,16389.75952333584
20,18,0.6179345478406524,1.0948292543068399,1.0260057876962665,0.4723845762205006,0.5052837598703096,0.08024304154141162,0.35519032306887927,0.40293395778475205,0.5,0.8,0.2,24,4146.535944453537,15697.984373919118
20,19,0.783771024375904,1.2813560499457397,1.2347947975407427,0.6771792677995948,0.7433996219539017,0.10139481398998651,0.47968801918999154,0.7818109798470578,0.5,0.8,0.2,25,3604.595410403883,17769.874138375908
20,20,0.9713591459719513,1.4568599563481672,1.396195060943908,0.876372053110811,0.8289198379307801,0.09727504651933497,0.669152951978094,1.0,0.5,0.8,0.2,26,3603.439668600801,19340.752760979434
20,21,0.8341681886136901,1.3417770388294108,1.3067831559363152,0.7420615363219766,0.6617879755684267,0.10688795175860026,0.5078129998062815,0.9435033374644837,0.5,0.8,0.2,27,3304.718512851295,17938.90068372222
20,22,0.8241020266854436,1.3194257678654324,1.2703276069370966,0.7398005904548305,0.6887088391721445,0.10524191737813833,0.5040568649705311,0.9391352146825399,0.5,0.8,0.2,28,3239.793007016626,17881.94462169742
20,23,0.8332029775324808,1.3161456807347414,1.2529851734501292,0.7442582444235795,0.701175635901035,0.1026428325727041,0.521795212960755,0.945301033437279,0.5,0.8,0.2,29,3151.181809379571,16121.652595955346
20,24,0.8318904132665673,1.325689106433229,1.2752446917169895,0.7521746267286764,0.6635828329975749,0.1026428325727041,0.5217952129607553,0.945301033437279,0.5,0.8,0.2,31,3219.837542255743,16036.302951189287
20,25,0.7129941152918263,1.1936344475031937,1.1286629533136405,0.6431641151171699,0.577180872196526,0.06621681097217305,0.5413772681692605,0.3983559819138766,0.5,0.8,0.2,33,7933.975847028621,15770.02272419532
20,26,0.7017978864104347,1.171839052628311,1.100750335106792,0.6551165646739369,0.8091757838332965,0.05896662278701319,0.561456504508943,0.40578504861067605,0.5,0.8,0.2,34,8110.73518915684,15720.442722237713
20,27,0.6672329085164687,1.1466494679954067,1.0876820592119445,0.6359332560815604,0.5465330394386078,0.05706985468286672,0.5257186947207095,0.39717719554701897,0.5,0.8,0.2,36,7293.960458922149,16062.342214147264
20,28,0.6981561845766542,1.1754016124312667,1.1154258231119416,0.67528412993817,0.6046626890813522,0.05521687944744354,0.5691090757527125,0.40145067865371553,0.5,0.8,0.2,37,7868.451182413509,16082.62048908757
20,29,0.6079865221621725,1.0890825988207902,1.039033177894158,0.6057434872501269,0.6082727131552085,0.06785734926967676,0.4603385626168193,0.40706698738337704,0.5,0.8,0.2,38,9009.215076512037,18824.46210305904
20,30,0.6067756532687552,1.0873137176065015,1.0370426947430704,0.613758329285357,0.487656169413213,0.06671203787760716,0.4604457405034452,0.4071264560048856,0.5,0.8,0.2,40,8946.9456696288,18887.622194132007
20,31,0.8236574322788829,1.2932454631931982,1.2298930090298725,0.8269947062008883,0.7097247600293297,0.05470655720981271,0.7399314604530576,0.407241337372115,0.5,0.8,0.2,41,2695.0429889337674,18280.005102739728
20,32,0.8248778803570683,1.292855664877449,1.2289042404592974,0.8361446239380256,0.7156306938621886,0.05450702591989966,0.743153935160908,0.4103884090175628,0.5,0.8,0.2,43,2692.6619878930514,18112.001669968267
20,33,1.1498987638774643,1.6167147621800237,1.5614115036229685,1.2050848028626557,1.063588688743264,0.08384601596588906,1.0,1.0,0.5,0.8,0.2,51,28380.607347146764,18866.562928834108
20,34,1.1436018402981476,1.6036346455008184,1.5460977677475258,1.2104635368852878,1.0871335650652005,0.08377124876222038,1.0,1.0,0.5,0.8,0.2,53,30800.7208172479,18920.518213125797
20,35,1.1445655747483574,1.604396687261878,1.546788569222014,1.2116139038902793,1.0462568414173212,0.08612724696606915,1.0,1.0,0.5,0.8,0.2,54,30600.034628990667,18702.86266306236
20,36,1.1417016010573944,1.5989665758281906,1.5405456372601196,1.2171146101063277,1.0752342407047655,0.08475933132413686,1.0,1.0,0.5,0.8,0.2,55,30083.547635425457,19107.43747099011
20,37,1.1422005355466391,1.5987040598663642,1.5400375396547028,1.2181646820761867,1.0538299620806182,0.08710240476437638,1.0,1.0,0.5,0.8,0.2,56,29886.05843605845,18890.083080272827
20,38,1.1344912556269897,1.5998178787666706,1.5534146320295568,1.2178722295639044,1.0675544846072262,0.07553352571619469,1.0,1.0,0.5,0.8,0.2,57,30266.606876274374,19803.65325984374
20,39,1.129533574815409,1.5873094311061944,1.5386217273217968,1.2275471006741947,1.0851823029741487,0.0771956863105601,1.0,1.0,0.5,0.8,0.2,59,30425.13416235957,19284.343464845108
20,40,1.1282347150297245,1.5844621062496451,1.535318171610898,1.2338319791614565,1.0477180475956358,0.07682864147047012,1.0,1.0,0.5,0.8,0.2,61,30350.91415874845,19286.685368428814
20,41,1.1273048512879056,1.5825753131559266,1.5331514735940013,1.2401425686010696,1.0495794327484607,0.07632458598040404,1.0,1.0,0.5,0.8,0.2,62,30194.271579651755,19309.5282930202
20,42,1.127329906243746,1.5822908286359583,1.5327760710684728,1.2403432807340111,1.042145006735816,0.07681628251495368,1.0,1.0,0.5,0.8,0.2,63,30125.00012697855,18777.696908505503
20,43,1.122878097368023,1.5398963306190885,1.4501327190462636,1.2355936078022731,1.0623359391427465,0.07381855300122143,1.0,1.0,0.5,0.8,0.2,65,30569.52412244576,18675.595787245467
20,44,1.1197672392393885,1.5863784992450407,1.5598138216542752,1.2307700931938683,1.111444196346106,0.07580465962760422,1.0,1.0,0.5,0.8,0.2,66,30572.635198343407,18731.622277300423
20,45,1.1199717218577965,1.5629236036988854,1.5100130230410964,1.29932301875794,1.0408782065323872,0.07773950983619889,1.0,1.0,0.5,0.8,0.2,73,30125.06166590937,19538.83882029398
20,46,1.1194252134101286,1.5593979405267275,1.5056732433860427,1.310413015430604,1.0567003521373861,0.08019587754867663,1.0,1.0,0.5,0.8,0.2,75,29911.917120210128,20068.611272535592
20,47,1.1185138227471787,1.5579635462647614,1.504096862140887,1.3164573007176916,1.0452991228760908,0.07898613137400654,1.0,1.0,0.5,0.8,0.2,76,29755.08829653404,19717.461087301366
20,48,1.1186668710068506,1.5571390070614035,1.5030080748195707,1.317174102213121,1.0509719538157625,0.08042228361802957,1.0,1.0,0.5,0.8,0.2,77,29828.13649316558,20042.580951259893
20,49,1.134758478597173,1.6320044520369912,1.6536307833578532,1.3919276876924775,1.0680217566906895,0.12193040815384348,1.0,1.0,0.5,0.8,0.2,90,2626.724754803396,11615.754461865014
20,50,1.1347387559107895,1.6319464949722347,1.6535628709613017,1.3987227710403651,1.0613651714485226,0.12193040815384353,1.0,1.0,0.5,0.8,0.2,91,2626.8492507044225,11615.971748928838
20,51,1.1334962211290882,1.6284013961674728,1.6494202531528042,1.4019684232156466,1.0851384385574632,0.1218176256677804,1.0,1.0,0.5,0.8,0.2,92,2645.6572489466403,11270.466311815291
20,52,1.133158542449533,1.6168087822157746,1.6248043435588317,1.4020979454538491,1.0623572606484315,0.12130780016207979,1.0,1.0,0.5,0.8,0.2,93,2591.1849871013646,11758.2199428309
20,53,1.1260093971408918,1.626525381514005,1.6591084189809733,1.4146706842682353,1.1130981224721253,0.11243059679039409,1.0,1.0,0.5,0.8,0.2,94,2305.0820413609745,9840.92973292159
20,54,1.1237604598284567,1.620186098835611,1.651735480105235,1.4210756866344565,1.0769866858612958,0.11182453931187712,1.0,1.0,0.5,0.8,0.2,96,2313.7065269814475,9879.307574343193
20,55,1.122589705961313,1.6168746193722143,1.6478880392705881,1.4278718547589277,1.0666586984920425,0.11146025951964258,1.0,1.0,0.5,0.8,0.2,98,2336.1206362279745,8532.767963332888
20,56,1.0990604031170335,1.567409203970506,1.5818050666911823,1.3981333206140256,1.1877127631127882,0.07717976511082654,1.0,1.0,0.5,0.8,0.2,99,2557.3531494807235,25673.390876270016
20,57,1.1016166717587492,1.5602605117803512,1.5723618327082811,1.4103307003829235,1.1380025417050565,0.08967906042327592,1.0,1.0,0.5,0.8,0.2,100,2673.912536054924,16341.965321483747
20,58,1.0947730644810219,1.549078009149736,1.5601691858798945,1.404459000024049,1.0806199523755853,0.07911062586474983,1.0,1.0,0.5,0.8,0.2,101,2701.052408742072,26069.42921976956
20,59,1.0992393848028084,1.5422246951168777,1.5402079706438887,1.4166839153133006,1.0582391832332205,0.08906620898072848,1.0,1.0,0.5,0.8,0.2,102,2613.060541922699,16184.641369704575
20,60,1.0770261926581899,1.527111496481108,1.5476843864792722,1.4007539050769398,1.15624486037728,0.053862684661405716,1.0,1.0,0.5,0.8,0.2,103,2223.693233875365,9488.93804005852
20,61,1.0727800771875828,1.5216804843882972,1.5524997417072226,1.4023443787822802,1.1382525671835235,0.05275693734129775,1.0,1.0,0.5,0.8,0.2,104,2386.4925096527177,10546.782629976948
20,62,1.0688466813345305,1.5049057885239645,1.532925651045484,1.404015550448571,1.0829987446724747,0.05189874943130227,1.0,1.0,0.5,0.8,0.2,106,2438.03855612968,11334.9379196901
20,63,1.0648889655715406,1.4852911140619243,1.5099659136959855,1.4094390171371824,1.162566097041493,0.0517345137307925,1.0,1.0,0.5,0.8,0.2,107,2448.730803478003,10537.474074142006
20,64,1.1058833175265692,1.4768924732029867,1.4592654293724605,1.4808705913512477,1.0852746113713312,0.14070596879253056,1.0,1.0,0.5,0.8,0.2,116,27944.174991021864,9623.314202375408
20,65,1.1044683657955343,1.4669247603867608,1.4475330686670111,1.4874627562448175,1.1066661547373282,0.14137829735373839,1.0,1.0,0.5,0.8,0.2,118,27939.992573750624,9817.424996916829
20,66,1.1042750060368332,1.4625134024124076,1.4422575346587363,1.4948359753000664,1.0889378627216957,0.14264831698276245,1.0,1.0,0.5,0.8,0.2,120,27819.09585392264,9542.004422570535
20,67,1.103064223172386,1.4292939611808373,1.402591797666291,1.4958073467468056,1.3388834759090789,0.15149036173007957,1.0,1.0,0.5,0.8,0.2,121,27077.48318398333,10381.076811557728
20,68,1.0967707388655275,1.4327031432206225,1.4187041885577405,1.5518010480278985,1.0704860707643118,0.13937300728950397,1.0,1.0,0.5,0.8,0.2,136,28606.56357985112,9400.634352982746
20,69,1.105327558368666,1.4471798377407306,1.4451294190912853,1.5736583321403066,1.1237396451332191,0.15820322901887252,1.0,1.0,0.5,0.8,0.2,137,27169.31136793423,9339.506116229426
20,70,1.0983072340197748,1.4298054280065384,1.4473717713227914,1.5908685228582602,1.3351110884868265,0.15319647069348136,1.0,1.0,0.5,0.8,0.2,138,28132.484158979525,10201.60040406715
20,71,1.0982968976875618,1.4409176266436925,1.4714687956312298,1.6024509676858882,1.0769197783950037,0.15319647069348136,1.0,1.0,0.5,0.8,0.2,140,28121.25808464887,10204.9927297436
20,72,1.0972375317608343,1.4017736407446033,1.4033141871939516,1.5976290761401664,1.1388014779612876,0.15486975827325636,1.0,1.0,0.5,0.8,0.2,142,27405.50553326338,10467.185250153088
20,73,1.0972417808975075,1.4004350669718022,1.4017191566997191,1.6051988394733265,1.0828230646430907,0.155187913897384,1.0,1.0,0.5,0.8,0.2,144,27505.732855660677,10557.80477771744
20,74,1.0974222510791343,1.4100160205120764,1.4239563949874128,1.6246969473038702,1.0814900788243844,0.15596118979472356,1.0,1.0,0.5,0.8,0.2,148,27549.82208999253,10447.44137445619
20,75,1.0972433359723925,1.4207893289102798,1.4476822541492884,1.62096872690295,1.0798181905214983,0.1556612415088941,1.0,1.0,0.5,0.8,0.2,149,27386.475294824708,11128.071523130382
20,76,1.0979196279252648,1.420736978616413,1.4474909626384536,1.6331322995129938,1.0814350695162391,0.15717968066393542,1.0,1.0,0.5,0.8,0.2,151,27421.786275414717,11079.20987043772
20,77,1.097352543744918,1.4195737810286257,1.446214203026113,1.6593489687327077,1.0826872549204596,0.15617928842126227,1.0,1.0,0.5,0.8,0.2,152,27264.876006802668,10760.10558182932
20,78,1.0969275539031256,1.423247147885269,1.4615365491367585,1.6939849997184004,1.1335824520472753,0.15690079448424163,1.0,1.0,0.5,0.8,0.2,153,27062.8769411352,10423.765337400351
20,79,1.0966269988441142,1.4185462542056093,1.4560013694832785,1.6975563723448277,1.0956247695225871,0.15724194873659897,1.0,1.0,0.5,0.8,0.2,155,26950.49980398031,10238.293302344717
20,80,1.09667142940066,1.4279532831332942,1.47806027582163,1.709671858309169,1.085968070664761,0.1577186648465974,1.0,1.0,0.5,0.8,0.2,157,26944.891199697315,10413.64895972543
20,81,1.0966342232264794,1.4387645837351328,1.501804746210578,1.7294914433450734,1.0802305046442433,0.1577186648465974,1.0,1.0,0.5,0.8,0.2,159,26969.930847249718,10406.366782066263
20,82,1.0617312609745986,1.3372651462778056,1.3223995492098595,1.621013415002051,1.0462610979201508,0.08803437412633301,1.0,1.0,0.5,0.8,0.2,161,27876.426611054096,12024.089737956385
20,83,1.0614813568750696,1.3428228646269937,1.3399596871897521,1.6412871649509235,1.052257340497427,0.08839715114679839,1.0,1.0,0.5,0.8,0.2,165,27284.56952292028,11548.576222757118
20,84,1.0622930276675018,1.3531165503478932,1.3629291939310344,1.646690080176182,1.0584377186331553,0.09036987594931632,1.0,1.0,0.5,0.8,0.2,166,27160.146232366707,11118.551921670574
20,85,1.06138076553053,1.3365860605712003,1.3325666293263119,1.6562819483768523,1.0616768739321518,0.08942668429957351,1.0,1.0,0.5,0.8,0.2,168,27184.88565748835,11433.64076938639
20,86,1.0616965620262946,1.3433942679082451,1.3514899503380364,1.661272929980837,1.0635354856015242,0.09097503618000452,1.0,1.0,0.5,0.8,0.2,170,27147.433562592487,11738.6833459086
20,87,1.0835331293546338,1.3826692878340994,1.4158341756338904,1.7036785519619841,1.0867963158367377,0.13559095816943928,1.0,1.0,0.5,0.8,0.2,172,27099.045550382743,11082.86770632803
20,88,1.060905551523025,1.3265306786880033,1.3316204036392403,1.6682127642175788,1.1307728823560843,0.09235411022118109,1.0,1.0,0.5,0.8,0.2,173,27822.92644364609,12404.926278841978
20,89,1.0577853905116683,1.3131899734154555,1.3273048701875478,1.694885312034118,1.125904877817708,0.08968949183803378,1.0,1.0,0.5,0.8,0.2,175,27974.02695427041,14826.593949793512
20,90,1.0547208968790283,1.3107842719508034,1.335954998394824,1.7002502377228057,1.082270174529817,0.08518035466238735,1.0,1.0,0.5,0.8,0.2,177,27226.52800495228,14572.840206421684
20,91,1.053998870918352,1.2845342071388803,1.2940747315019212,1.701888976440769,1.096520716869393,0.085798644229681,1.0,1.0,0.5,0.8,0.2,179,27234.239076355967,14442.246366548185
20,92,1.053943226462594,1.2764582701471139,1.284531862070257,1.7129896282143569,1.0732877780640186,0.08677744248398742,1.0,1.0,0.5,0.8,0.2,181,27246.366605400875,14420.79606527792
20,93,1.0531767364507074,1.2957794786174484,1.3294303937756997,1.7247844195011905,1.0514022496932418,0.08555155360454483,1.0,1.0,0.5,0.8,0.2,183,27280.75035079012,14496.10330121892
21,0,0.7459530327412136,0.9345832284393094,0.8744063570727512,0.006753005352424813,0.0,0.0,0.0,0.0,0.5,0.8,0.2,1,4560.242137953979,7480.451802248074
21,1,0.7475343133494663,0.9518040624890298,0.8904595168815647,0.03356025265748738,0.047848183675538905,0.0478822596139532,0.00010897207854047,5.2157758479159995e-05,0.5,0.8,0.2,3,4511.4389159510765,7396.605412535607
21,2,0.7015798513200371,0.9351059228068987,0.8714281704061883,0.03155139791410632,0.11612308833463728,0.01795858802447952,0.014880315170777638,0.00040875211274532996,0.5,0.8,0.2,4,4494.028646079183,7321.076955308953
21,3,0.4752251008689638,0.8997534691729887,0.8245559762979371,0.11758655026201738,1.1175865502620173,0.05866030132330811,0.09853048562512218,0.04716005550132788,0.5,0.8,0.2,5,3791.9496514523594,5047.438419805018
21,4,0.4315322152538313,0.8823884045968493,0.795972481693855,0.16748748032757152,0.3953867704075747,0.06833968600851091,0.14277603440521774,0.08668757099573969,0.5,0.8,0.2,7,3692.5985544649,2858.9641172527663
21,5,0.39025870692725223,0.8448498628042951,0.7507621863858251,0.17383369819389008,0.32852273606273935,0.06614444726389196,0.15151060030359936,0.09352823481073812,0.5,0.8,0.2,9,3612.21899772548,8110.031453954385
21,6,0.3880805485997816,0.8426236789374734,0.7481300262451899,0.17937896165793116,0.18140840312919465,0.06632710092309688,0.15155494944236997,0.09361541903389739,0.5,0.8,0.2,11,3554.7460099558093,8148.404413805481
21,7,0.4206671457417984,0.8749652770966493,0.7793956446510224,0.22336349431501085,0.23369293735877733,0.045861947207475426,0.155153436125599,0.32350456358970064,0.5,0.8,0.2,13,3711.063597448472,8256.085674435019
21,8,0.4185660986949101,0.8727049721051164,0.7766660059942067,0.22980955523166524,0.22180888298563806,0.0467211503190708,0.15521028565537945,0.3235338801721261,0.5,0.8,0.2,15,3689.5474606080415,8266.45389454468
21,9,0.3610122728537942,0.8239342515020579,0.7370845603451769,0.19907102391403947,0.2522414213661762,0.06091678927126175,0.15687025150804806,0.09280628257235371,0.5,0.8,0.2,17,3598.140410505954,8051.771370279997
21,10,0.9963613858608846,1.4539513203203318,1.3625447169546365,0.9292612500144233,0.8454442931121126,0.05789954280351154,0.8912469418747474,0.44597021864577135,0.5,0.8,0.2,30,4895.919788174138,22952.976470435467
21,11,0.835144541775646,1.2892063294776095,1.2029125064801367,0.7974110824621732,1.022825657510945,0.05316190638609147,0.7268302657495006,0.4660264570381548,0.5,0.8,0.2,31,4714.899136816574,5702.140735474455
21,12,0.8297783885100595,1.282679463979389,1.1958774057354995,0.7957450990628903,0.7080540485985843,0.05281640716589821,0.7230629418518265,0.46416235273075623,0.5,0.8,0.2,33,4647.736216740533,5714.308414136109
21,13,0.8861389311332996,1.337377378145198,1.2498648877593717,0.8696401510322476,0.7855085404245503,0.051750885250356926,0.7971712006791267,0.4646241417010769,0.5,0.8,0.2,34,4834.104908142722,5822.0176063504605
21,14,0.7768509533387553,1.2501051868136521,1.1884269940390335,0.790083718986613,0.6489707650156451,0.04593077027004243,0.6596435800617195,0.4857478360098776,0.5,0.8,0.2,40,3415.1031168269087,6214.434507439851
21,15,0.8642421183911739,1.3154868268227444,1.2366043173812415,0.8769776540823424,0.9203838076264674,0.04011935655682243,0.7863425345703685,0.4991461203520989,0.5,0.8,0.2,41,3852.5784420930095,6200.019035909442
21,16,1.0357163367939797,1.4821444431415096,1.4015505343920729,1.0622585473847626,0.9953850445504646,0.04313473135068206,1.0,0.5202303639364481,0.5,0.8,0.2,42,4090.3561905223337,4723.26321507474
21,17,0.8868898856713977,1.3410543642452746,1.2722753894074637,0.9406478865026989,0.7923308140141176,0.03735192222842792,0.8500291015202837,0.4077115200022935,0.5,0.8,0.2,46,3950.746428176396,18027.22057581465
21,18,0.8687875543450605,1.2975711577850997,1.2018022545320532,0.9261130032217919,0.7750316955916408,0.03949651506735087,0.812086545306307,0.477621960919491,0.5,0.8,0.2,50,4544.107023838196,8678.44223843633
21,19,0.927373901321592,1.3438147225549917,1.244165535428166,1.0023358465199537,0.8865830778402206,0.04163047280024264,0.867619775456433,0.5946634994282992,0.5,0.8,0.2,53,4559.006017979593,9414.292310534674
21,20,0.927373901318868,1.3550190712154617,1.2683703009492986,1.034269247615919,0.8338450053205294,0.0416304728002426,0.8676197754564337,0.5946634994282997,0.5,0.8,0.2,55,4559.006017570688,9414.103302971012
21,21,0.9059667161019723,1.326318992948334,1.2375009859723982,1.0299975590210995,0.9070324005688821,0.03928039766683489,0.8484100181012554,0.5972095231890621,0.5,0.8,0.2,56,4406.6044056350775,8588.902524218169
21,22,1.0191044926546589,1.4216077774196907,1.3179062963260932,1.1596772916224007,1.0114605552138096,0.037281407252465745,1.0,0.5832898857075203,0.5,0.8,0.2,57,5254.923182945857,45502.63474893063
21,23,1.0184604585158863,1.4204504454972398,1.3166068720715012,1.1625405895181915,0.9406521119498242,0.036630951693311556,1.0,0.5832761160423401,0.5,0.8,0.2,58,5193.876989074646,45490.44523158761
21,24,1.0183760579276249,1.419778107098033,1.3157687084283385,1.162843964042541,0.9421293202125168,0.03734112949601242,1.0,0.5829807024714478,0.5,0.8,0.2,59,5261.870661652885,45355.01242506808
21,25,1.0148780319449646,1.449563934192725,1.3844628251815332,1.1459645412607993,0.9339341529361603,0.048723395838793274,0.919615609397915,0.8596499737384409,0.5,0.8,0.2,61,2769.266050908972,9717327.917799875
21,26,1.011838366758,1.4414576949291964,1.374963200963988,1.1519521624847129,0.9603417513301085,0.046628364286679054,0.9210397061096212,0.8593393322513802,0.5,0.8,0.2,63,3000.175263054788,9712462.114788389
21,27,1.0100792245269297,1.4378406247802769,1.370842187342113,1.160790106846972,0.9416038922103257,0.04509778080541852,0.9211268336810621,0.8594468696398486,0.5,0.8,0.2,65,3012.13404112539,9717415.503225092
21,33,0.6937481659894014,1.0865106545320562,1.020934803249151,0.9133425629635599,0.6530828217676146,0.05228903818807057,0.59639329835182,0.6657628612666757,0.5,0.8,0.2,76,3706.0583193733487,6174.397006530789
21,38,1.0641083623849508,1.4173555008032792,1.3640209083184573,1.3263269354983256,1.2090622894043912,0.05038830214086628,1.0,1.0,0.5,0.8,0.2,84,6093.830709942389,7578.216584319021
21,55,1.5177707176336297,1.781726299898746,1.7538058172643416,2.016669207799214,1.5127650844323917,1.0,1.0,1.0,0.5,0.8,0.2,135,3655.058325860528,8114.137080577586
21,56,1.5161008700357883,1.7742607802918626,1.756143447254246,2.0432933269497147,1.6283332730710047,1.0,1.0,1.0,0.5,0.8,0.2,136,3701.741769644264,6163.4129784971465
21,57,1.5157452833081553,1.7701456577293395,1.7513236355743373,2.0256108594666813,1.507185403045874,1.0,1.0,1.0,0.5,0.8,0.2,140,3711.162743072228,6615.808588712871
21,58,1.5154114275425046,1.76621192881197,1.7467162223752384,2.0558333705890384,1.5054953442118049,1.0,1.0,1.0,0.5,0.8,0.2,145,3736.4933813758503,6919.184307177175
21,59,1.5153060345175644,1.7649558504793212,1.7452449839641442,2.0435933259961123,1.5043861349665566,1.0,1.0,1.0,0.5,0.8,0.2,147,3746.3085874204457,6797.4797412731805
21,60,1.5146608474429568,1.7571083955253386,1.7360536480374105,2.062438294045243,1.5548146150874558,1.0,1.0,1.0,0.5,0.8,0.2,148,3918.883947413046,10181.60325104853
21,61,1.513713042319605,1.745057258246166,1.721938696168599,2.06600132410777,1.5420853953160616,1.0,1.0,1.0,0.5,0.8,0.2,150,3911.765612180347,10125.383415268048
21,62,1.5132332434079034,1.7387001033909584,1.714492807257007,2.0681862380122613,1.5221978237234397,1.0,1.0,1.0,0.5,0.8,0.2,152,3902.199221673706,9124.52999812502
21,63,1.5132332387602534,1.7386999324261656,1.7144926104094809,2.0681862224000325,1.5000017836251835,1.0,1.0,1.0,0.5,0.8,0.2,154,3902.2002035846,9124.52755491073
21,64,1.5131525653729871,1.7376125963440034,1.7132190069147286,2.0765586497537654,1.5075948385313982,1.0,1.0,1.0,0.5,0.8,0.2,155,3967.5143937508574,9488.396012152609
21,65,1.5124209110426003,1.7499152228333739,1.7497919649726887,2.076482645382816,1.5705758892692183,1.0,1.0,1.0,0.5,0.8,0.2,156,3189.783947350435,8128.787030970556
21,66,1.512366184603425,1.7491407523220224,1.7488848259559473,2.083960028860908,1.5027041090488995,1.0,1.0,1.0,0.5,0.8,0.2,158,3182.120152429173,8148.492744539018
21,67,1.511992226363134,1.7437832286102741,1.742609982977938,2.0947963077506953,1.5062455311113003,1.0,1.0,1.0,0.5,0.8,0.2,164,3185.8451162819565,7898.98018154664
21,68,1.5117439130496562,1.7625495210207625,1.7867535000474402,2.2119337047401046,1.5011541656963745,1.0,1.0,1.0,0.5,0.8,0.2,186,2937.657606428306,9229.343504851937
21,69,1.5111720920796519,1.7763564667219167,1.8250883746969038,2.243211782678501,1.5300366921947621,1.0,1.0,1.0,0.5,0.8,0.2,188,2900.769131030485,9057.210831892708
21,70,1.5098139213088142,1.7544969083154283,1.7994852043493854,2.2437895707053306,1.5763405954724694,1.0,1.0,1.0,0.5,0.8,0.2,190,2972.424550097668,9226.656542687237
21,71,1.5091965745966365,1.721399663113876,1.7385565643335115,2.2285945622553394,1.537323490546886,1.0,1.0,1.0,0.5,0.8,0.2,192,2975.72043062776,9337.305233223857
21,72,1.508778261824944,1.7362859095519312,1.778155462564784,2.2744109922928297,1.5105360781741497,1.0,1.0,1.0,0.5,0.8,0.2,197,20615.404060129367,9178.073681233163
21,73,1.5087395503196366,1.7355663187390664,1.7773125614574379,2.2743423900411157,1.5024836331371396,1.0,1.0,1.0,0.5,0.8,0.2,199,20626.10045170101,9165.426956065316
21,74,1.5086213363691907,1.7333687372925075,1.7747387144360496,2.2741328148900077,1.515259906309414,1.0,1.0,1.0,0.5,0.8,0.2,200,20719.87169164581,9056.312414025868
22,0,0.686786299656946,0.9161533947410375,0.8528203198089895,0.005058472716347731,0.0,0.0,0.0,0.0,0.5,0.8,0.2,1,5385.398149823153,7846.471281465036
22,1,0.6979230086015348,0.9398152007395335,0.8754297772530406,0.03769561336158778,0.051265552825946255,0.05940936062970211,0.00010335418196356001,9.71494271304e-05,0.5,0.8,0.2,3,5286.295364040516,7759.244978326453
22,2,0.6648822021063043,0.9268081583121364,0.8606437898837136,0.03643965971227331,0.09974167217795685,0.03057059610278759,0.01418376659791722,0.0027745933461433897,0.5,0.8,0.2,4,5120.072973480526,7904.580393316921
22,3,0.5298327968020636,0.9031355356382396,0.8382706103993529,0.07393189786249406,0.5378442469662814,0.07232235200902717,0.024770870858601073,0.023283778824566483,0.5,0.8,0.2,5,4075.0924014199873,6014.096017921059
22,4,0.5296364164142946,0.9030474289172301,0.8381657958953931,0.08053086661131818,0.06098552220932483,0.07215701562033314,0.02485657340482515,0.02340273531374579,0.5,0.8,0.2,7,4071.097739633664,5928.951846799288
22,5,0.5317823212899667,0.9477369158772279,0.9055476240063653,0.13396806146040174,0.23873972220629747,0.11432216644543744,0.03265430969873426,0.09480737226218228,0.5,0.8,0.2,8,4524.003916179106,6881.533233034073
22,6,0.5241056266033067,0.9738287254472654,0.9239040361413738,0.20280668487051562,0.3310125570828751,0.1012217854657412,0.10912958866485264,0.17795903832850962,0.5,0.8,0.2,10,3787.8949629931194,5941.28738774057
22,7,0.5111742043719661,0.9765362948707239,0.9381569781260761,0.215242061478309,0.20262445464922507,0.1012217854657411,0.10912958866485141,0.17795903832850796,0.5,0.8,0.2,12,3864.724798222897,5157.596436087577
22,9,0.8317126692367627,1.3008485672364307,1.244038554506235,0.598177125923112,0.6146356786365532,0.07934448622376275,0.3763236318810741,1.0,0.5,0.8,0.2,15,3762.1467672602994,1132035.0098005435
22,10,0.7889809800879521,1.2880656800928394,1.252121438815623,0.6033168660067936,0.6422192341620117,0.08823096722493692,0.36426220814058136,1.0,0.5,0.8,0.2,17,4034.8694125619913,1192005.1558733962
22,11,0.7849800324537715,1.2846412628493098,1.2432600537938783,0.630471770975585,0.6690792198153648,0.0682729717538472,0.41213935404668556,1.0,0.5,0.8,0.2,19,4602.8536820882655,1134419.3786916158
22,12,1.0422795327826397,1.50700810379329,1.4226498380922512,0.8981797091417534,1.0035897198023187,0.10300235510461997,0.7394262023899115,1.0,0.5,0.8,0.2,20,3159.2909031839376,2548131.4134863494
22,13,0.7503437978030469,1.2714889269021552,1.2521969161687367,0.6302583546106002,0.551315458403258,0.07048076037408793,0.3948623068541903,1.0,0.5,0.8,0.2,21,4848.868731605855,1193490.5247946226
22,14,1.0408203980106245,1.505087575847406,1.419972680434739,0.9058502799664465,0.8762081553509373,0.10306277222979368,0.7425101582675216,1.0,0.5,0.8,0.2,22,3097.0249109918086,2547265.7521818536
22,15,0.7360861011852378,1.2567344326601724,1.2363007239991473,0.6274073066576027,0.5607586120703432,0.08149238980717974,0.3778697446567509,1.0,0.5,0.8,0.2,23,4552.939874441911,1192538.7231333903
22,16,0.8044112530070644,1.3135319560801093,1.2799423711339621,0.7049768148526945,0.6165983616407651,0.07561458433445173,0.4676781412239758,1.0,0.5,0.8,0.2,24,4535.834088681235,1192255.1592377236
22,17,0.77731764828126,1.2870701917466465,1.253264799653718,0.6811296039021957,0.6019395248719409,0.07970320036677375,0.43362099135253185,1.0,0.5,0.8,0.2,25,4021.57577806513,1191990.4008451567
22,18,0.7764731898118802,1.2930015356076876,1.2688221546012988,0.6845755266469526,0.7295429908606259,0.07451645081024225,0.4549034200536933,1.0,0.5,0.8,0.2,26,4303.790925914401,1131178.107057704
22,19,0.7450351629157672,1.2822747360204054,1.2827498591172544,0.690417825206195,0.6033761745613013,0.07149944694797858,0.4251975874460257,1.0,0.5,0.8,0.2,28,4799.6045582836105,1189194.0864654826
22,20,0.7391868241623589,1.2757432725411932,1.275723161489643,0.6896462570885947,0.5924262320144511,0.0762748923397796,0.41766301415276647,1.0,0.5,0.8,0.2,29,4637.336874556,1188165.0258249522
22,21,0.7715189171864612,1.3018673911047387,1.298005545616616,0.7424086944989388,0.7774692556401244,0.07251068186661509,0.48071222551081105,1.0,0.5,0.8,0.2,30,4850.118867485258,1188646.577916571
22,22,0.7659939143495866,1.2850880416910493,1.2681982205461895,0.7456007842664305,0.6165313665581171,0.07245657461415865,0.47397774782162144,1.0,0.5,0.8,0.2,31,4839.834109791355,1189003.5272047543
22,23,0.7632510685977569,1.2894850633921304,1.283493697172464,0.7507274828762887,0.706603562574436,0.07905739192681825,0.47668567251319116,1.0,0.5,0.8,0.2,32,4614.697165082174,1191512.9799846143
22,24,0.7622440501159735,1.2884681226566952,1.2824719608592734,0.7585011102687318,0.6200839646128815,0.07904604314123939,0.47545685107339697,1.0,0.5,0.8,0.2,33,4612.393112609922,1191565.090522851
22,25,0.7452458011277241,1.2689467152513778,1.2700302941702144,0.7615522665230472,0.8652088199729968,0.07536045039008722,0.48256877695883604,1.0,0.5,0.8,0.2,34,4862.973157422063,1188463.4386066813
22,26,0.4038671488060817,0.8934878282712,0.855389732114909,0.40010333534988535,0.2847756433997193,0.05115413017879363,0.23833034437608158,0.3334992028917102,0.5,0.8,0.2,38,3888.876438036268,1069406.1321531958
22,27,0.7311515456075717,1.2108960514562683,1.1692006479983321,0.7692469560661741,0.7680792617060137,0.06977164233015942,0.48308625186286047,1.0,0.5,0.8,0.2,39,4005.320756855321,1295080.278277133
22,28,0.42129341352692273,0.9094682917910334,0.8798251604529601,0.44397341940178425,0.352917401907207,0.05905275934006151,0.24946281167660977,0.4258147554886661,0.5,0.8,0.2,40,4138.381351234969,1067325.4023395458
22,29,0.3738367701455835,0.8339742533317323,0.7957313137620905,0.42044456696230614,0.46433954162810015,0.04082745020362577,0.28973631944086037,0.1838918448478024,0.5,0.8,0.2,42,3719.858096864617,5190289.826671192
22,30,0.40123293875118865,0.869333392963269,0.8431818323384742,0.4679984981094991,0.3369832192007908,0.04008232589743605,0.32601544186004205,0.18795440487296844,0.5,0.8,0.2,44,3710.398575205943,6531751.95652305
22,31,0.39903308140130417,0.8631257179716751,0.835868444647853,0.47674553974816763,0.3412440828287728,0.040397722125183624,0.3261000859544432,0.18807480926298265,0.5,0.8,0.2,46,3679.140341238436,6533054.630226821
22,32,0.3974931375568515,0.8581340482990418,0.82993939996331,0.4858793911466239,0.33828723664979155,0.04120534511140717,0.3261729223886243,0.1881715372559156,0.5,0.8,0.2,48,3640.721328654335,6536795.403135498
22,33,0.53120210696761,0.9998431571539568,0.983790544434984,0.6190607353688291,0.489703978662572,0.05430536283957268,0.4527264094158814,0.32679563924608984,0.5,0.8,0.2,49,3677.1823853814217,1004966.1515621915
22,34,0.8826321029225692,1.3032664711619502,1.2443665918652973,0.9751284389768677,0.8696411503159067,0.07601986130329481,0.7202194895909995,1.0,0.5,0.8,0.2,52,4707.054380459366,4416291.729716992
22,35,0.8805503311238563,1.2935153176625305,1.2327075713365994,0.9821239410660567,0.8543002452061121,0.07610955045779937,0.7218997880741241,1.0,0.5,0.8,0.2,54,4647.118798796999,4414824.1396077145
22,36,0.8759379510921232,1.2879174130736712,1.2372326978912878,0.9897854392845133,0.9248118888445138,0.07610955047387671,0.721899782591021,1.0,0.5,0.8,0.2,55,4525.334184568286,4417971.29272646
22,37,0.87593795462904,1.287917417452115,1.2372327022697316,0.9897854436580023,0.8155748054517187,0.07610955045779934,0.7218997880741241,1.0,0.5,0.8,0.2,56,4525.334172421282,4417971.292659633
22,38,0.8757879774729018,1.2829867659321212,1.2311677938927479,1.0001812077783658,0.8631266621748908,0.0771900515248349,0.723340130598226,1.0,0.5,0.8,0.2,57,4547.819898279493,4418208.215718143
22,39,0.8666768343325901,1.2735642579588113,1.2216677988040223,0.9952840089651835,0.8100870819683126,0.07025682979409628,0.7164613663834356,1.0,0.5,0.8,0.2,59,4476.193743750468,4403896.037394228
22,40,0.8938474173282236,1.300954382098261,1.2595010667603617,1.0412716470116585,0.9426864258865693,0.07126874265744444,0.7547264351517138,1.0,0.5,0.8,0.2,60,4365.185664332038,4660648.12314817
22,41,0.8934205884065534,1.3104918193328208,1.2817535594359402,1.0507134081030625,0.8510021974072923,0.0712687426064457,0.7547264293133636,1.0,0.5,0.8,0.2,61,4319.989181902084,4661943.279082424
22,42,0.8934878689763286,1.2934094314528097,1.2503083625445475,1.0582498681313393,0.8972253556091754,0.07221989461518181,0.7567281500442877,1.0,0.5,0.8,0.2,62,4406.632313761535,4658822.656426191
22,43,0.8988149755300103,1.305238998421034,1.2740745653533718,1.061038067650151,0.8699404965818585,0.07424970192858664,0.7640058368347712,1.0,0.5,0.8,0.2,64,4361.888736060105,4662859.771875452
22,44,0.8984059826855959,1.2974978629264975,1.2646908342244951,1.082143257694777,0.9171607103598856,0.07481574416530135,0.7659647608692401,1.0,0.5,0.8,0.2,65,4454.843851000974,4657597.089474649
22,45,0.7742281388593948,1.1658004717366874,1.1313304190820865,0.974174042577318,0.7394963837175661,0.10848584937618504,0.5924374927074736,1.0,0.5,0.8,0.2,71,4153.253682200832,8917934.93706841
22,46,0.7748442252225658,1.1570167577381498,1.1204961781200113,0.9865621508344748,0.7731999482251171,0.10769565749968082,0.596919474035136,1.0,0.5,0.8,0.2,73,4192.035746350557,8917818.500897942
22,47,0.8168380297066367,1.2096031594863648,1.1859506942178013,1.0318672468747643,0.7789564600156182,0.11017943740162932,0.6480619112713254,1.0,0.5,0.8,0.2,74,4176.324662874351,8917614.610428382
22,48,0.7745368630342733,1.1501745863682755,1.1122452737656847,0.9940544798611304,0.7847953409042134,0.10790275124822446,0.598518721456531,1.0,0.5,0.8,0.2,75,4198.208262221192,8917451.286157165
22,49,0.766182578278086,1.139769746314383,1.101401171285745,0.9927378746676034,0.7428423234868511,0.10770616190442368,0.58884198441787,1.0,0.5,0.8,0.2,76,4168.47955912581,8917710.011015719
22,50,0.7910402845373865,1.1541324590264925,1.1135345288743275,1.0189229306746017,0.8432291837355894,0.10208748400516847,0.6265790505610789,1.0,0.5,0.8,0.2,77,4200.612769971948,8935935.576196235
22,51,0.7948556237575422,1.1525848321265577,1.1108589834448233,1.0337680985978939,0.7803766808261849,0.09989322363966652,0.6342485255555457,1.0,0.5,0.8,0.2,79,4039.886322037025,8945236.563143253
22,52,0.7959602515706157,1.151529036636622,1.1093513247041835,1.0385319769922556,0.7772847131499978,0.10011689209345216,0.6360864718505015,1.0,0.5,0.8,0.2,80,4193.594022122483,8943622.939304827
22,53,0.7953926826835238,1.148327179673362,1.1055998720536957,1.0486895652220602,0.7701451258015215,0.0999974755852602,0.6361711159449027,1.0,0.5,0.8,0.2,82,4173.495177071993,8945143.463651437
22,54,0.7969505455655985,1.1448903919238373,1.1011253951606998,1.0576927563346663,0.7827147254500957,0.09983682476788616,0.6395492783395769,1.0,0.5,0.8,0.2,84,4193.941991814977,8945007.202777369
22,55,0.7859052590311231,1.1531883049561427,1.1347905016900408,1.1108178509397788,0.7537349682975301,0.10219113117062968,0.6250665185940074,1.0,0.5,0.8,0.2,94,4164.160300228791,8929301.252755214
22,56,1.0108695659736386,1.3579987108844416,1.3462300967069747,1.334570766510122,1.241922905795405,0.14593469987223268,0.8862393478518282,1.0,0.5,0.8,0.2,95,4357.070844331711,46751089.34000681
22,57,1.0345138921723789,1.370473641784091,1.3672694318227099,1.3843460633354336,1.0693960917409935,0.14744345413080803,0.9192634126402324,1.0,0.5,0.8,0.2,98,4284.297670107716,1269819057.3082354
22,58,1.0351994876365396,1.3662381792137277,1.3620686231386436,1.3923701038157497,1.0302190784905634,0.14743308709156036,0.9210218777617636,1.0,0.5,0.8,0.2,100,4269.205705474894,1269817056.578743
22,59,1.036801555548262,1.3640906557799193,1.3591878146640206,1.401251229067377,1.027617897974057,0.14663731836671523,0.9241866680549192,1.0,0.5,0.8,0.2,102,4293.79164073718,1269815361.4396462
22,60,1.0961082366767934,1.428373427763346,1.4352574579587045,1.49437406202678,1.0893339614915398,0.14566615715260964,1.0,1.0,0.5,0.8,0.2,105,4341.091473895596,37084535.30441598
22,61,1.0600338281009587,1.3800735851010717,1.3845902128192473,1.4696143562308859,1.1349000673015381,0.1437009161089697,0.9581330976379923,1.0,0.5,0.8,0.2,106,4400.619910699281,1269738717.844318
22,62,1.0911684500894976,1.4218917139256877,1.4610180189431092,1.5079774333759606,1.131919501848285,0.1444158693611142,1.0,1.0,0.5,0.8,0.2,109,4263.253350545138,1270610997.1393418
22,63,1.087896323167987,1.3865640843242864,1.4087441497941198,1.519886239842259,1.1247678117053979,0.14224944808069626,1.0,1.0,0.5,0.8,0.2,112,4311.472118649299,1270533118.4436357
22,64,1.0864547779023095,1.3781800599894192,1.3990549233373757,1.5257584040057781,1.0971005553219146,0.1407242784067829,1.0,1.0,0.5,0.8,0.2,114,4267.033600366161,1271086086.0561604
22,65,1.085643202144439,1.3757715506873383,1.4072528309198713,1.5437426401314434,1.1194107362843602,0.1414574608358467,1.0,1.0,0.5,0.8,0.2,116,4332.150453927162,1270496773.2086818
22,66,1.0871025724585985,1.384632276276982,1.4284050460628148,1.5530360392516898,1.0870312201882575,0.14505038153873678,1.0,1.0,0.5,0.8,0.2,118,4237.821819294255,1270618309.2006445
22,67,1.0857725289903397,1.393688658129155,1.4503096953987982,1.5628534057978418,1.077439711115238,0.14253213983760354,1.0,1.0,0.5,0.8,0.2,119,4294.02963833101,1270986080.0993571
22,68,1.0864688383113192,1.380758471743088,1.423928421325119,1.5672302330826298,1.0904901146457686,0.1443424187789856,1.0,1.0,0.5,0.8,0.2,120,4274.022301138607,1270694556.2005112
22,69,1.0858504847433261,1.3844213180485039,1.4393061480559515,1.5819243689497482,1.0983541528369565,0.1442745679606991,1.0,1.0,0.5,0.8,0.2,122,4275.508990171486,1270597318.026779
22,70,1.0075403916956436,1.2303036755335899,1.2165302047387285,1.4654800081943424,1.144538083290128,0.14218271666267107,0.905368939726778,1.0,0.5,0.8,0.2,123,4036.081407493125,1270000731.6089275
22,71,1.0050041579138962,1.2083523962979348,1.1800694097609308,1.4623000052838495,1.0549248267353517,0.14201431563677025,0.9030547202186696,1.0,0.5,0.8,0.2,124,4128.796647369032,1270028646.1854997
22,72,1.0088969031453814,1.220838083621237,1.2050765096578862,1.4777084189729643,1.0170597811099003,0.14115305297745614,0.9086913401338768,1.0,0.5,0.8,0.2,125,4119.052790746167,1269975898.803911
22,73,1.006953382724093,1.2057133581447081,1.1765887739769343,1.4678171243505551,1.0105421401327963,0.14249885406330903,0.9055952098976221,1.0,0.5,0.8,0.2,126,4101.224453689674,1270049259.0359883
22,74,1.0065090360806557,1.2036666889755039,1.1742485119850896,1.4747147741668747,1.0014162032731095,0.14152979841232272,0.9057860043076232,1.0,0.5,0.8,0.2,128,4060.4315654064135,1270059631.7286625
22,75,1.089253770059722,1.30558675375404,1.301577676056892,1.5764804750157706,1.0904541752880894,0.17119637922825567,0.9909543083455178,1.0,0.5,0.8,0.2,130,4096.6090262893085,1564119389.363789
22,76,1.0146438067598935,1.2351525201915312,1.24285987951984,1.5250900697030734,1.0564467494288736,0.17338613514062814,0.8969112690044009,1.0,0.5,0.8,0.2,131,4103.747001393266,1270412532.1890836
22,77,1.0807239318678288,1.2884581402354163,1.304804319246271,1.609643790908278,1.1607423680049083,0.14358327482001854,1.0,1.0,0.5,0.8,0.2,133,4206.619759150242,1270037705.958496
22,78,1.0808526668537504,1.2987211447327456,1.3278738666103143,1.617680915362048,1.0759594900906737,0.1439662119278287,1.0,1.0,0.5,0.8,0.2,135,4101.987676318076,1270064263.1343324
22,79,1.0800523449623394,1.2941225303595045,1.322587348550838,1.6243798988130451,1.09943838811557,0.14280261879468073,1.0,1.0,0.5,0.8,0.2,136,4107.209573070142,1270218829.6821215
22,80,1.0799266517498176,1.292224733542994,1.3203688539724565,1.6359783370969494,1.0844333980917584,0.1427521799125788,1.0,1.0,0.5,0.8,0.2,137,4142.909476578874,1270413901.6733592
22,81,1.079672355839355,1.2862896609438819,1.3134067482134886,1.635165238674104,1.1133050326595022,0.14287658264711237,1.0,1.0,0.5,0.8,0.2,138,4169.497472619293,1270217775.4799955
22,82,1.079397958958341,1.2843986052618903,1.3112235371095713,1.6233528716011116,1.083234611477105,0.14250590275851688,1.0,1.0,0.5,0.8,0.2,139,4146.542465669934,1268586729.2042224
22,83,1.0789604840375637,1.2820827930042866,1.308567454720058,1.6419894811890785,1.0758455717964612,0.1418485258165712,1.0,1.0,0.5,0.8,0.2,142,4156.017175985184,1268953872.559139
22,84,1.0786976281562881,1.3215862599565784,1.3991630510309256,1.587827574975054,1.107188329888722,0.14184852581657112,1.0,1.0,0.5,0.8,0.2,143,4246.618745957631,1268910981.4744484
22,85,1.0774203823674484,1.2580884568394641,1.2695455554989243,1.6432133592159277,1.115780267227072,0.13994101987712865,1.0,1.0,0.5,0.8,0.2,144,4216.56143274659,1268875358.1041589
22,86,1.076242652972952,1.2447692260153833,1.2540442680461876,1.6458261548779862,1.1580271156377542,0.13878486059473485,1.0,1.0,0.5,0.8,0.2,145,4192.970791351828,1269149852.393088
22,87,1.0754276081433867,1.2668632861414797,1.3132207885177207,1.7193715729171266,1.080260325231161,0.13815866357132028,1.0,1.0,0.5,0.8,0.2,152,4292.547592065859,1269084176.1456344
22,88,1.0749017829114158,1.275883084172419,1.3349443546061188,1.7265553345332145,1.0746783552979262,0.13725775409885438,1.0,1.0,0.5,0.8,0.2,154,4285.120177828045,1269094993.399436
22,89,1.0752807353160394,1.2630038325458395,1.3086967500239255,1.730729203907813,1.0840928612406742,0.13820087411366233,1.0,1.0,0.5,0.8,0.2,155,4285.864671308844,1269106819.4723573
22,90,1.0743853478456993,1.2729740702282424,1.33160713449287,1.7337137759973598,1.0706880452744405,0.13644044639969113,1.0,1.0,0.5,0.8,0.2,156,4291.952336553748,1269088325.1900706
22,91,1.073881455097483,1.2099174945836555,1.235394653719086,1.7032068410654233,1.2152484481946955,0.1387003129340243,1.0,1.0,0.5,0.8,0.2,158,3987.9694344624822,1269144482.3994184
22,92,1.0732543006517359,1.207358008569133,1.2435049576490012,1.7140258916530926,1.1170695856608974,0.13839229017416882,1.0,1.0,0.5,0.8,0.2,160,4067.141788345991,1269499214.726447
22,93,1.073165351848012,1.2050206826063516,1.2407696002873165,1.7176878683828563,1.0849606208209888,0.1383648032463005,1.0,1.0,0.5,0.8,0.2,161,4103.52072487782,1269499203.1269398
22,94,1.0731081066967536,1.198673201965432,1.233308513837926,1.7250483336569487,1.0921701030524105,0.13867718532972367,1.0,1.0,0.5,0.8,0.2,163,4067.890021983844,1269499849.200621
22,95,1.072407315944921,1.1850228123919437,1.2063489699765324,1.7235755538781443,1.080838194064308,0.13738698975824476,1.0,1.0,0.5,0.8,0.2,164,3923.592176300896,1269168730.6596236
22,96,1.072931507218011,1.2042509283302973,1.2509231522598596,1.7446204840038126,1.0960036808656406,0.13867718532972367,1.0,1.0,0.5,0.8,0.2,165,4104.4456711624025,1269482177.3236628
22,97,1.0719302829687911,1.1765506445491847,1.1964633530377835,1.7419673476649087,1.0762097195464364,0.13694998867604416,1.0,1.0,0.5,0.8,0.2,169,3935.4894842109143,1269162501.2375474
22,98,1.071993020535093,1.2034650996383112,1.2611852902112535,1.809655321899814,1.073620735517272,0.13749823407479628,1.0,1.0,0.5,0.8,0.2,179,4407.751183548582,1268867123.8708243
22,99,1.0720714928073285,1.1933794656930978,1.249306698981472,1.8286840480563422,1.105688690414082,0.1382653662872905,1.0,1.0,0.5,0.8,0.2,181,4418.126432377369,1268972379.9994545
22,100,1.0708524331500084,1.183559580389063,1.2379716967135515,1.8386644822738616,1.0887651988039073,0.1363213065572402,1.0,1.0,0.5,0.8,0.2,184,4330.334161686746,1268981805.3764007
22,101,1.073549799324504,1.2356143017010615,1.3538562745448877,1.8577270139338873,1.0806028442871018,0.14208496177510227,1.0,1.0,0.5,0.8,0.2,189,4337.517071158325,1269632970.5837607
22,102,1.073314302359278,1.2422406721570645,1.372719303490126,1.8938742953434302,1.0748217363036559,0.14184858053575564,1.0,1.0,0.5,0.8,0.2,197,4291.469993448263,1269739867.4527044
22,103,1.0758436364545574,1.2482578048994095,1.3903807950716736,1.9138139919405124,1.128961597437772,0.1473121561390398,1.0,1.0,0.5,0.8,0.2,198,4273.370722527894,1269885595.393888
23,0,0.863533444071922,0.9672426328065196,0.9126589494562481,0.009755954771016385,0.0,0.0,0.0,0.0,0.5,0.8,0.2,1,2901.76782291691,7282.54215610486
23,1,0.8655071884937724,0.9861256155482429,0.9305141983862955,0.037483962527101664,0.04584136621545493,0.049552886283390066,0.00010951626075884999,9.980891620816e-05,0.5,0.8,0.2,3,2917.810054968196,7081.3110484834615
23,2,0.8177486060521353,0.9720394181420634,0.9142620050660744,0.03719938893973668,0.1117801013820584,0.02249569119062158,0.01486241837744479,0.0015383683566194,0.5,0.8,0.2,4,2885.783276614565,7129.751453895372
23,3,0.5778069590993632,0.9614822640598376,0.8949470188797942,0.13338492911873784,1.0160977283459023,0.06070964506409211,0.10015612409869298,0.09127844695056642,0.5,0.8,0.2,5,2526.4911586319804,4759.167487541356
23,4,0.5094517606090614,0.952395229159685,0.8706463446648179,0.21271549459313208,0.5187167362325403,0.08952250538767217,0.16449223546866446,0.16064090125235989,0.5,0.8,0.2,7,3193.7327261341243,2589.346187250356
23,5,0.48731504868165737,0.9402861401915731,0.8513392570336418,0.2407739410824416,0.38517057731197873,0.10936507244109597,0.1743898689090888,0.22104928314142755,0.5,0.8,0.2,9,2734.268182769158,5110.3780297754
23,6,0.48063999040629624,0.9342916916442453,0.844297334975841,0.24945749491353805,0.2598965104507597,0.1093599245558863,0.1744966877754041,0.2212482360831848,0.5,0.8,0.2,11,2718.5656559888475,5166.645237218871
23,7,0.47857964777037426,0.9330152295868885,0.8410419726645026,0.2599727065934037,0.32949339678333645,0.1093351220170399,0.18250892428280296,0.2406531185423934,0.5,0.8,0.2,12,2762.849886336116,5099.779348857142
23,8,0.4762204405108976,0.9307480574184032,0.8383197102999571,0.2687075846560725,0.25847487340110187,0.10996297199349163,0.18259652622515496,0.24068289903735982,0.5,0.8,0.2,14,2725.2532532200894,5037.843900801747
23,9,0.43622503893189013,0.9025097980220328,0.8228069949994606,0.22930151637449211,0.22609337433565888,0.11253644563628004,0.1506851934475754,0.172715141369842,0.5,0.8,0.2,15,2353.455599492722,4524.796539158163
23,10,0.41418533379598554,0.879738535249451,0.796856572231577,0.22811000553725294,0.2707927892135344,0.09920634183763528,0.1550253147797165,0.1676420973301241,0.5,0.8,0.2,17,2613.3983368940458,3824.856772645616
23,11,0.4120374881750416,0.8879004778275676,0.8164200211625474,0.25028546875851704,0.27752078822000115,0.07512093910375056,0.1879864324279928,0.12748616877582614,0.5,0.8,0.2,18,2503.543982144697,2769.9429507547707
23,12,0.39811745991625114,0.8610819510909097,0.774194242001865,0.23729585307276918,0.3106805048041297,0.094974480317878,0.16291678806275073,0.1703248230104481,0.5,0.8,0.2,19,2471.6783245902247,3850.355099699008
23,13,0.43623773384379805,0.898686493565489,0.8113230330175245,0.28331746874836095,0.2710477265465318,0.10344039838816546,0.20004486500452537,0.20256046703098063,0.5,0.8,0.2,20,2416.67366998456,4149.332158412556
23,14,0.5910814026367107,1.0532493401772351,0.9655956431656534,0.44999023948468275,0.4203784299950046,0.057579299151310936,0.4254548943879792,0.1968612006028076,0.5,0.8,0.2,21,2298.38658948412,3532.220826201145
23,15,0.4201195296066445,0.8784136423706803,0.7875127341074907,0.2897270354048842,0.38505120907092455,0.09878528313977022,0.20795596794587765,0.18446941873865214,0.5,0.8,0.2,22,2433.4320062811803,4062.233070334245
23,16,0.6077003331882707,1.0628668406827064,0.9698871201253514,0.4931275913970291,0.5340146324766015,0.08048072247959401,0.45052402309726014,0.24291709278513984,0.5,0.8,0.2,23,2203.2406280868936,2583.566128793494
23,17,0.770402810751968,1.2223911530759122,1.127564151610253,0.6698693075914919,0.6572236988697872,0.07453707197963541,0.6574789893683817,0.28151217909892634,0.5,0.8,0.2,25,2084.3643380694584,2815.540590287409
23,18,0.7723098551095406,1.223672225543579,1.1285043050596575,0.681114213240598,0.6297776112136264,0.0741230979492252,0.6614460002012847,0.28303714859410734,0.5,0.8,0.2,27,2104.2032554754,2806.170907829064
23,19,0.43180337771336785,0.8894198570669074,0.8047537096474484,0.34460396039967767,0.3938681928468507,0.09246941686176777,0.2597849659977558,0.18948428917377863,0.5,0.8,0.2,28,2855.7271054637413,3321.7522601600417
23,20,0.4306381329883637,0.8874514705113762,0.8024072541220709,0.35514456074149514,0.29990557763057324,0.09279501104242624,0.25985968218663896,0.18956613838768505,0.5,0.8,0.2,30,2848.4581529154484,3403.4321901293742
23,21,0.4671434823132684,0.9089726592650277,0.8092276450490093,0.3978047010917347,0.40419428830118864,0.07600890831741287,0.3156933938589623,0.22146813728874126,0.5,0.8,0.2,31,2928.476667304073,3435.8952881007995
23,22,0.4378748642328395,0.8881435830708276,0.8002255323529391,0.3877873639596213,0.35753177189602436,0.08734938194105972,0.282819547314506,0.1987082692577074,0.5,0.8,0.2,32,2841.456639674728,3410.282264431451
23,23,0.4386054193192058,0.8886350385806238,0.8006178523045552,0.39687679252443997,0.31478403938724087,0.08757579777443833,0.2837558696434055,0.1997469422016995,0.5,0.8,0.2,33,2840.1418312045,3596.5789245042315
23,24,0.49161294366476715,0.9451541728220977,0.8671193128106998,0.45607858308677734,0.49676945973697373,0.052315500130274105,0.40265092514585926,0.12701006570858442,0.5,0.8,0.2,34,2621.3175625348617,25664.760818467632
23,25,0.5175085088079053,0.9549085756777373,0.8620773715850703,0.4925154044166823,0.4417456090823625,0.049818989930082706,0.44343806721076306,0.12732544871180126,0.5,0.8,0.2,36,2650.1353672799187,26323.69412647141
23,26,0.5079602222665582,0.9657432484413627,0.8982020474727416,0.4899732269326761,0.42670418502471913,0.0661170649926186,0.4157676066332881,0.16015309019158813,0.5,0.8,0.2,37,2519.366500032581,26888.565108021307
23,27,0.5146469539722491,0.9662473254117723,0.8966145837286785,0.5152021513150244,0.4957132481853754,0.06571650487250195,0.4279693292839177,0.1759331894311436,0.5,0.8,0.2,38,2446.402082703399,18268.65506780285
23,28,0.5179274011644387,0.968971529746909,0.8991557873296903,0.5251694410852638,0.4179442008903902,0.06733855527777123,0.43052325990226575,0.18062515757107508,0.5,0.8,0.2,40,2441.601516627132,18408.149345047023
23,29,0.5228400599886798,0.9372127892770541,0.8369425693289028,0.5457101487081557,0.5216913028496236,0.07019765307764883,0.4457979681258033,0.19565221829536447,0.5,0.8,0.2,42,2861.1881490026303,11158.917376609768
23,30,0.5387217136250863,0.9459741187412138,0.843621768054966,0.571780322643733,0.4942329757086717,0.07058225511506785,0.46870825707145614,0.20764530128938002,0.5,0.8,0.2,44,2909.0541975041087,10989.696215846594
23,31,0.5077117969541121,0.9246854410554028,0.8349095410687393,0.5494520679220649,0.43906523378717505,0.06931871230198396,0.4366593588323813,0.18891588984104116,0.5,0.8,0.2,45,2970.396951588559,16995.731371783215
23,32,0.5054847333726893,0.9224351970184104,0.8326526860266171,0.5536971407503573,0.41969251153030934,0.06942354229452212,0.4338519798295655,0.1888244460778889,0.5,0.8,0.2,47,2936.479442925435,16696.35830028644
23,33,0.507903213077661,0.9244280942210906,0.8345243989549924,0.5660232666766124,0.42719946927450814,0.07059399084616104,0.4369435293966978,0.18703301918258264,0.5,0.8,0.2,48,2933.951653741462,16904.763734035958
23,34,0.5455272136606263,0.956028919341843,0.8644371194911751,0.6113882401858179,0.5325742868846921,0.07028946912748156,0.46913995680604287,0.2663010343838656,0.5,0.8,0.2,49,2977.598298796601,17124.338759341226
23,35,0.5478028596898438,0.9573103496268744,0.8654443860595621,0.6207546118576452,0.4721866222377003,0.07031831418715948,0.4719483999000251,0.26940601755849614,0.5,0.8,0.2,51,2996.387449941721,17104.862197604965
23,36,0.5396952703929452,0.945661380053536,0.8528278925868775,0.6208702876963433,0.48033815326091195,0.0728658612991139,0.4622477242207975,0.2718435173419814,0.5,0.8,0.2,53,3014.2380813832474,16681.919313983475
23,37,0.9089606850441583,1.2994309827201402,1.2025145070438545,0.9920120947275162,1.0050429148767341,0.0730181188736272,0.7521269600551648,1.0,0.5,0.8,0.2,54,4048.993978082393,7790.983180144249
23,38,0.9155351533930156,1.3166630619039543,1.2325971350280558,1.002204823003707,0.8520655764296652,0.0719700290547684,0.7614110677259974,1.0,0.5,0.8,0.2,55,4088.396909989247,8556.997507696336
23,39,0.9042876574995988,1.2818757189758754,1.192011516718349,1.0048569848505977,0.9619219189852872,0.0679199238428746,0.762779684455228,1.0,0.5,0.8,0.2,57,4297.850399855328,10019.309827829453
23,40,0.8939483218521094,1.270082978749442,1.1798738143131853,1.0040442968952474,0.8413478456618999,0.06892611440809487,0.7499282014667619,1.0,0.5,0.8,0.2,59,4236.458073576373,9012.113046646651
23,41,0.9029944337146087,1.2892981765475788,1.2118431605269495,1.0191545984938863,0.8538972394351032,0.06799966635312252,0.7623184877194201,1.0,0.5,0.8,0.2,60,4256.717540060554,10094.891214017807
23,42,1.0938658524959735,1.4698514373782714,1.3899733716012828,1.2169527417499753,1.0879789258898056,0.07711249315030297,1.0,1.0,0.5,0.8,0.2,62,4306.517842850912,9080.856975390378
23,43,1.0920471728316579,1.4680496300865644,1.3881571258108443,1.2186583227672847,1.039557801361391,0.0736788175709251,1.0,1.0,0.5,0.8,0.2,63,4324.223136790902,8422.030167801544
23,44,1.092027625370413,1.4626846704652465,1.3815768690105716,1.223096715286965,1.085995172520954,0.07714102770760586,1.0,1.0,0.5,0.8,0.2,64,4394.802223071406,9208.079483735488
23,45,1.0855803383634108,1.4402088090187188,1.3554783848678091,1.223220456881735,1.1849699485079506,0.07449556857988748,1.0,1.0,0.5,0.8,0.2,65,4579.849579823477,9486.583641167335
23,46,1.084811639252527,1.434373002805143,1.3485189639304838,1.2301347926210564,1.0608861623270807,0.07594618785875508,1.0,1.0,0.5,0.8,0.2,67,4758.278454042921,8808.898730355662
23,47,1.084308998362906,1.4446148113042618,1.3716597899019167,1.245348841444786,1.0390001419971842,0.07520897091637813,1.0,1.0,0.5,0.8,0.2,70,4572.028429240609,9458.222195486953
23,48,1.0817460224096915,1.4215047805602568,1.333503424278282,1.2422325989825167,1.1210272713015446,0.07528685917583157,1.0,1.0,0.5,0.8,0.2,71,4613.687398406064,8933.682521216699
23,49,1.0790848481110253,1.4070386922890665,1.3164934402699795,1.2446500079022278,1.1417779431860118,0.07606323467705765,1.0,1.0,0.5,0.8,0.2,72,4597.880725598819,8838.997357471622
23,50,1.0767822966606744,1.3971086511139106,1.3049418806650952,1.2501108904434326,1.0706371015054306,0.07514023856523379,1.0,1.0,0.5,0.8,0.2,74,6717.70863261531,8763.41443369944
23,51,1.0745114391817705,1.3982820956805082,1.3174826913021096,1.2688292770642657,1.0504033208272021,0.07415399809814063,1.0,1.0,0.5,0.8,0.2,79,4643.567072681705,9185.077139179011
23,52,1.0738569671438365,1.3964386665454658,1.3153903602615278,1.2751672389133488,1.0417484104752734,0.07337217358719117,1.0,1.0,0.5,0.8,0.2,81,4536.512284986569,9678.000463122053
23,53,1.0709922857829082,1.370240857935882,1.2843764234835617,1.3019687510036215,1.0713486294587222,0.07722260547851514,1.0,1.0,0.5,0.8,0.2,87,5591.045805002366,208971675.350408
23,54,1.0687760939513677,1.372469681724633,1.2982324625202584,1.310576472796422,1.0656609971946676,0.07530873715821444,1.0,1.0,0.5,0.8,0.2,89,5710.406174460857,208945559.28627244
23,55,1.068376037892474,1.3695069130935649,1.294751348014578,1.317300473979665,1.0482870444811856,0.07543603742011513,1.0,1.0,0.5,0.8,0.2,91,5695.395788278201,208927797.9199001
23,56,1.0653507330462006,1.3420216257194892,1.2516040754238464,1.311512558889818,1.0912545816693837,0.07395521739304942,1.0,1.0,0.5,0.8,0.2,93,5646.78809352149,208964084.4221044
23,57,1.0662769607115612,1.3751431190596408,1.3234444814458637,1.3902844631711713,1.0390965223871773,0.07627378418895064,1.0,1.0,0.5,0.8,0.2,105,4843.740325199455,16193.303725465676
23,58,1.0653040694544664,1.3689179993400067,1.316171406658163,1.393242329058604,1.0815832778512136,0.07606154654737698,1.0,1.0,0.5,0.8,0.2,106,4807.019313813634,15830.964391852374
23,59,1.0644173852052892,1.36431548411522,1.3108356978911369,1.3961050694363388,1.066797046697886,0.07541911678003907,1.0,1.0,0.5,0.8,0.2,107,4776.847067096368,16302.51246871475
23,60,1.0639706559099429,1.357726650126277,1.3030343675125018,1.4176811839962065,1.0876709944985041,0.07640177873001013,1.0,1.0,0.5,0.8,0.2,108,4812.735594655011,16036.660508346216
23,61,1.0626104968610055,1.3523673077676321,1.2968830350352858,1.4054238779643726,1.0487569414360596,0.07493228930281105,1.0,1.0,0.5,0.8,0.2,111,4159.620114543662,17074.51596923294
23,62,1.0614732496975072,1.3420703323034997,1.284798883226228,1.4191900041376717,1.1090531384410258,0.07520903641952124,1.0,1.0,0.5,0.8,0.2,112,4733.3462290962925,16104.06857645126
23,63,1.060674829156486,1.336699422763589,1.2785376521923195,1.4217812786261872,1.055585514892152,0.07486461217818734,1.0,1.0,0.5,0.8,0.2,114,4146.701430646519,16910.37402868414
23,64,1.0579582528058928,1.3113203233505308,1.2487856645815523,1.4302896266790361,1.0969799053965519,0.07517393888886853,1.0,1.0,0.5,0.8,0.2,117,4436.107032456217,17581.74883231959
23,65,1.0579554628294163,1.3224985143977033,1.2729601811994862,1.4564458540292706,1.0376799335607745,0.07517393888886857,1.0,1.0,0.5,0.8,0.2,119,4435.807657304106,17582.840396159463
23,66,1.0557976457913985,1.3121017747509192,1.271858809759917,1.4435947643138733,1.1887405178124926,0.07524124168229342,1.0,1.0,0.5,0.8,0.2,120,4196.887005988468,17115.333990306324
23,67,1.055797645795833,1.3121017748100543,1.2718588098190522,1.4431987767897179,1.0376229793089655,0.07524124180056374,1.0,1.0,0.5,0.8,0.2,121,4196.8870071563815,17115.333986195554
23,68,1.0559368804975897,1.311083999212484,1.2706218827480353,1.451001554951536,1.0467988512250486,0.0757653754831171,1.0,1.0,0.5,0.8,0.2,122,4256.49073727983,17125.63138918295
23,69,1.0526031975878207,1.304791470490472,1.274653869380912,1.4702618490920372,1.1463025062926977,0.07202295905192242,1.0,1.0,0.5,0.8,0.2,123,4563.850172402663,17825.418608013133
23,70,1.0518854635713497,1.297509958450804,1.2661404041448059,1.47689261533643,1.0609172606658654,0.07184696421568733,1.0,1.0,0.5,0.8,0.2,125,4535.835736529822,17797.52814438789
23,71,1.0509320596439435,1.2752509140784214,1.228993231523032,1.4828084245917317,1.1120019062368525,0.07178211510415114,1.0,1.0,0.5,0.8,0.2,126,4522.124536518944,17649.69740167074
23,72,1.0509111837037861,1.27330583619136,1.2266890220001843,1.4900941426103842,1.0433738774088825,0.07208504183806455,1.0,1.0,0.5,0.8,0.2,128,4579.453310467943,17819.520580544355
23,73,1.0468749184289516,1.2546130111678995,1.2271363118021728,1.4972749670394494,1.31477120930313,0.07000669886912889,1.0,1.0,0.5,0.8,0.2,129,4747.235438869533,29931.297936001305
23,74,1.0447288275854099,1.2182936814024357,1.173610720528782,1.5162364931317847,1.063033975216757,0.06889321198058604,1.0,1.0,0.5,0.8,0.2,135,4413.177035014863,15715.185448834492
23,75,1.0433538174207084,1.1951846147977798,1.1355831558750562,1.5056191553055898,1.072923516297911,0.06748358324392674,1.0,1.0,0.5,0.8,0.2,137,4428.569714774164,23477.3097640798
23,76,1.0431856035796905,1.203461533311258,1.156359099952511,1.532690424497391,1.0438929893460411,0.0674835832439267,1.0,1.0,0.5,0.8,0.2,139,4441.667547279473,23417.3990001406
23,77,1.0432745910323495,1.2025777803318307,1.1552986466512873,1.5364355639961813,1.041093315370839,0.0677799642636669,1.0,1.0,0.5,0.8,0.2,140,4445.726608426453,23463.626717817227
23,78,1.0420863193825138,1.204872491524502,1.1691928746678215,1.5312641542982288,1.090307410936771,0.06632304578709926,1.0,1.0,0.5,0.8,0.2,141,4602.902012584624,23336.935502271088
23,79,1.0416905434500725,1.2003875120348348,1.1639670793861643,1.5380897054866873,1.04810674387538,0.06600424725266743,1.0,1.0,0.5,0.8,0.2,143,4543.610169566567,23156.10338182157
23,80,1.0414007333640742,1.19927933196684,1.1627107154535843,1.5451537377302824,1.0357857307368232,0.06551839274932579,1.0,1.0,0.5,0.8,0.2,145,4594.508247144937,23077.62313571404
23,81,1.0420858937312056,1.1998795494290704,1.1632955728530205,1.56151141083192,1.0336607148606234,0.06689834070621892,1.0,1.0,0.5,0.8,0.2,148,4496.401058456317,17945.103075764684
23,82,1.0419868583940142,1.1852284330852298,1.1350382633590523,1.5482793417459497,1.0582259831178862,0.06707830267648635,1.0,1.0,0.5,0.8,0.2,149,4511.322220404983,17901.260917129774
23,83,1.0413933922730345,1.1940831577275348,1.1565759617462552,1.5680468066432336,1.0459887476038392,0.06608728099583315,1.0,1.0,0.5,0.8,0.2,150,4421.831391754333,17938.206228168652
23,84,1.0412644675726996,1.180269650875577,1.129313660555621,1.5547057409738563,1.0513313181782238,0.0661032227090012,1.0,1.0,0.5,0.8,0.2,151,4436.296943903168,17894.11531266447
23,85,1.0412100187453135,1.1784905130192753,1.1272231332009075,1.5619033391373545,1.0394454419739705,0.06618273585744343,1.0,1.0,0.5,0.8,0.2,153,4499.926671447369,17928.685677815785
23,86,1.0400603075923984,1.1919652133938439,1.165294578229737,1.5969655191473497,1.0896131335379993,0.06471402681897422,1.0,1.0,0.5,0.8,0.2,154,4529.958119019718,20527.3264589628
23,87,1.0397675553011834,1.1752760911672437,1.1346697901507403,1.5917195603238994,1.070530334581507,0.06466605257990306,1.0,1.0,0.5,0.8,0.2,155,4466.607429709527,20882.64545279388
23,88,1.0396666605242577,1.172361882836289,1.1312494467108116,1.5866273831700617,1.0426597017835286,0.06474823073442651,1.0,1.0,0.5,0.8,0.2,157,4619.778097457909,20613.746013917094
23,89,1.0392519371654818,1.1675022022845516,1.1255906335303292,1.6020190080020749,1.0647672839500277,0.06436115381034012,1.0,1.0,0.5,0.8,0.2,158,4494.3046820422,20868.183017983032
23,90,1.0392491026791835,1.200642609555053,1.1976483540127245,1.657852488740162,1.0325851693136194,0.06440165938376938,1.0,1.0,0.5,0.8,0.2,167,4394.908276500246,20192.027793267494
23,91,1.0391402883481122,1.2147790050469578,1.2363203903832483,1.6782510784336504,1.062370223618741,0.0649699476250899,1.0,1.0,0.5,0.8,0.2,169,4513.956961889006,20410.42691504885
23,92,1.0392104813321932,1.2076692383484993,1.2279240224214385,1.6856665265598585,1.0591179490584801,0.0657761679371471,1.0,1.0,0.5,0.8,0.2,171,4654.636941371505,20284.379781063988
24,0,0.9098861010082387,0.9789142282456921,0.9263293539949745,0.010830155086930415,0.0,0.0,0.0,0.0,0.5,0.8,0.2,1,2124.762773842159,7561.0999227386
24,1,0.9172707526161193,1.0048366756566762,0.9512008005716697,0.045721169116144586,0.05349152529288931,0.06389142973715653,0.00011585981085181999,0.0001049844790755,0.5,0.8,0.2,3,2125.0724512960232,7409.764541602327
24,2,1.1724870473948255,1.4252604881335083,1.3739032732483534,0.5284411346074094,0.9411487807884567,0.07703419928644448,0.4765258763419011,0.42074013951917644,0.5,0.8,0.2,4,3472.168471073611,3168.487863438701
24,3,0.7768563066102886,1.105804592118982,1.0471754169611462,0.25113345151180094,0.5308813099270334,0.10052458384203529,0.20769162695064153,0.05238346872839154,0.5,0.8,0.2,5,3174.280647310344,3475.206629698677
24,4,1.0719931336584998,1.4404480431117441,1.3909233579859457,0.6071783091801111,0.6488244338459854,0.047127991915009895,0.5392218161582594,0.590703692733532,0.5,0.8,0.2,7,2086.229233515346,7172.404352237817
24,5,0.6491027161956918,1.0475001685314056,0.993367046544303,0.2386687166596357,0.3950154381377029,0.07579203710305508,0.17377031367324464,0.1506569442578347,0.5,0.8,0.2,8,2575.809304881218,4339.3835071032345
24,6,0.7359897712624748,1.1469394672999011,1.0904913752017933,0.3543212107479292,0.36718853672757773,0.06082130578755607,0.2921977602827285,0.2791588463098685,0.5,0.8,0.2,10,2003.178843468933,3509.8380832873945
24,7,0.6103901820314697,1.0330666579293262,0.9741577070225806,0.26006241344921593,0.2707680024057322,0.05952317797288855,0.2006300840535748,0.151160487729382,0.5,0.8,0.2,12,3075.88588385145,4317.883892962733
24,8,0.6885954042954,1.1287372298429057,1.0652491488644462,0.3867726832539879,0.43619563469753014,0.06268725866990998,0.3189400736557034,0.28205252616640586,0.5,0.8,0.2,14,2051.999193033173,3925.2938733750425
24,9,0.6840070111810513,1.1258839185716711,1.0618527734448966,0.39648247037910733,0.35429835974530366,0.0622779984087227,0.31949744305134226,0.28243491776425145,0.5,0.8,0.2,16,2014.7685416642091,3828.480083862664
24,10,0.6932324769722762,1.1361138615717947,1.0717576113463956,0.4084355767365584,0.368606370819518,0.09280766659618248,0.3045320684039184,0.3266130713578074,0.5,0.8,0.2,17,2704.533712361862,3213.276585285556
24,11,0.679404098393357,1.1226952984311689,1.0582049284492903,0.40116664297627835,0.34819658955116395,0.06158925238429173,0.31926044496548706,0.28256873351705003,0.5,0.8,0.2,18,1972.5917560835364,3739.965645991417
24,12,0.6671305230824479,1.1201549034572444,1.0519304091589115,0.42299289057357226,0.5142717323476317,0.08326029517493812,0.31475277769901416,0.342738940156893,0.5,0.8,0.2,19,1922.5599836545207,4018.1435225425967
24,13,0.5223532907224634,0.9883962917345153,0.9323115914694728,0.2873813543943854,0.2591279616959737,0.07237253362573756,0.2015883319978118,0.13293314945925222,0.5,0.8,0.2,20,2704.954456697657,5175.635439788845
24,14,0.5501352133897746,1.0311707283935254,0.9860000122632464,0.33752517540234034,0.3103541995464434,0.06329808277779769,0.26182589013682567,0.13343765898368248,0.5,0.8,0.2,22,2858.118370957407,5368.053532739015
24,15,0.6518194026402165,1.1111044803756274,1.03951686768673,0.4420752134273863,0.38956406536487614,0.08820881178533117,0.3289139207394256,0.3266628801538002,0.5,0.8,0.2,23,2800.261044025109,3286.968822367134
24,16,0.581185382556607,1.0650197319770431,1.0178740829230675,0.38949056438594576,0.376702775403429,0.06456428850097236,0.3099621357821496,0.1646326208533073,0.5,0.8,0.2,24,2911.4274315481844,4225.716803496764
24,17,0.6224030803964579,1.08685121688818,1.010549745217844,0.451388279712015,0.5046328593146625,0.07203804514732536,0.33912057959084063,0.34262008280827205,0.5,0.8,0.2,25,1950.739266030728,4095.9942438633343
24,18,0.6175587273950944,1.0824530750170664,1.0054242822427097,0.45868294992915964,0.39051939212932313,0.07156725488653072,0.33920293671019836,0.3427133123640205,0.5,0.8,0.2,27,1910.8749132386224,4015.362645101524
24,19,0.6394005065553134,1.127416568173949,1.0745866855024764,0.4987444389895466,0.4454573204487161,0.06534362579824717,0.3844005297617791,0.34287211668803746,0.5,0.8,0.2,29,1929.7773236377568,4351.8568708322255
24,20,1.205837963511837,1.6828853637213215,1.61655587474286,1.094357407602157,0.99955566405347,0.0696756088830059,1.0,0.7175787638803063,0.5,0.8,0.2,30,3030.90259175656,3147.6227673862336
24,21,1.1742155735478785,1.6509825892553036,1.5813819610839093,1.0832981682878982,1.0986059021148715,0.06266189017338579,1.0,0.6711043956981496,0.5,0.8,0.2,31,1947.2997493241,3990.799663120548
24,22,1.1776323022919428,1.6540986587260218,1.583392939041203,1.0978833294915926,1.0211909751272525,0.0582469690633306,1.0,0.7299873763467015,0.5,0.8,0.2,32,2074.3618603292057,3947.634490449981
24,23,1.159814678091052,1.6468865571847775,1.5881921097192613,1.0877392947411513,1.0023264356011874,0.05641853841642872,1.0,0.6713564295779127,0.5,0.8,0.2,33,1987.8064659541956,4081.244409170578
24,24,1.169509286404707,1.6448184305329614,1.5724642427755842,1.0973115316289999,1.0013309013277978,0.058398948397744156,1.0,0.731332876216541,0.5,0.8,0.2,34,1971.60673327024,4283.141655469237
24,25,1.1539575871504453,1.651314887247697,1.6044605079092618,1.0958025060605092,0.9829524156845122,0.05641853841642872,1.0,0.6713564295779136,0.5,0.8,0.2,35,1907.3615597643125,4314.771028777709
24,26,1.1467875142874269,1.6297444776400116,1.5662533708452173,1.1109365903132105,1.12532283890661,0.05800069671318817,1.0,0.7217364461284135,0.5,0.8,0.2,36,2763.4335621405107,3857.673794860414
24,27,1.1497713250042303,1.6433005511867016,1.5926299460177753,1.1172844023131572,0.9804558460288663,0.06165135799705691,1.0,0.7296213106084026,0.5,0.8,0.2,37,1885.304835655492,4166.252583981286
24,28,0.7155452176414893,1.2068665374470988,1.1545365770954157,0.6896537930567777,0.6178098928296468,0.06315716173359393,0.5522901751386133,0.3829731801722561,0.5,0.8,0.2,38,2162.687263041805,5068.35642231932
24,29,1.1368062198845665,1.627832128933533,1.5752602159749922,1.1208498146423291,0.9827649135213967,0.055948242015571456,1.0,0.7220475478681699,0.5,0.8,0.2,39,2842.867339898271,4040.5802604877927
24,30,1.1345745230002127,1.6357967932767261,1.595597085750274,1.1267477117808566,0.9978216397702212,0.055346092724168294,1.0,0.725699021776965,0.5,0.8,0.2,40,2638.371296046332,4273.116257511348
24,31,1.1331610342214775,1.6218415287573855,1.567802165704278,1.1439241678565104,1.0090809806158325,0.05848736335724475,1.0,0.7285905207071274,0.5,0.8,0.2,41,2074.2996872902618,3423.651193901046
24,32,1.1079181167342744,1.5940162641211877,1.5460067695759792,1.1393912806201807,1.1191743670840337,0.0635761726783778,1.0,0.7242369202615178,0.5,0.8,0.2,43,1888.486144379227,5159.832052364252
24,33,1.0977402633280822,1.579232297034663,1.5292489446082038,1.141201785530111,1.0558977574043076,0.06021302537999203,1.0,0.7163520557815295,0.5,0.8,0.2,44,2120.1319413927718,5078.997340700645
24,34,1.089531960316378,1.551985008592998,1.486078145972988,1.1467083512187484,1.0917627400251204,0.05783859187681843,1.0,0.7274122266039453,0.5,0.8,0.2,45,1768.3471057134946,4946.752135081722
24,35,1.0857723367407446,1.5558303487124931,1.5016637457103132,1.1520433400985868,0.9996162908591122,0.057838591876818425,1.0,0.72741222660394,0.5,0.8,0.2,47,1649.7539807739013,5196.119134072264
24,36,1.1375632410442311,1.6073737550795795,1.5530756621453903,1.21413908907585,1.0338133836195138,0.06281449028889653,1.0,0.9765251075354842,0.5,0.8,0.2,48,1827.8201462815755,5221.771234692727
24,37,1.1336840693217234,1.610564796271915,1.5678870006237737,1.219554584937684,1.0541178489738166,0.0629301586984029,1.0,0.9764734942479871,0.5,0.8,0.2,50,1753.2726048093282,5488.95606145105
24,38,1.1351938990726331,1.6075571476599941,1.5633865088744974,1.2215914887631494,1.093183165252973,0.064938222954011,1.0,1.0,0.5,0.8,0.2,51,2032.4149413878647,2251706.113617857
24,39,1.0759891158441193,1.5364508143752942,1.479051348939679,1.1695495147006274,0.976247405498574,0.05684577873601737,1.0,0.7273828305750003,0.5,0.8,0.2,55,4065.8713891843263,4609.275521499641
24,40,1.1157795432194049,1.5960947280485211,1.5832225195140721,1.3208237163340908,1.0503122494473178,0.06474691415831008,1.0,1.0,0.5,0.8,0.2,72,5971.132478234996,4046591236.619052
24,41,1.1127543633191368,1.587242829445271,1.5727379944586524,1.3345298104195702,1.0501229098146345,0.06611047836240612,1.0,1.0,0.5,0.8,0.2,76,7176.075448750084,4046585226.72796
24,42,1.102058657032946,1.568310785260795,1.5617121338022604,1.341828441483935,1.1362258336999063,0.06533036319814146,1.0,1.0,0.5,0.8,0.2,78,5881.393083869864,4046584392.120556
24,43,1.1014360060200945,1.5663173357768305,1.5593772596777233,1.3521504256981014,1.0393850190668286,0.06533036319814145,1.0,1.0,0.5,0.8,0.2,80,6142.237978822505,4046337963.655789
24,44,1.1007119609065754,1.553487025464094,1.533318604272463,1.3516045908823684,1.041686174496859,0.06473933592863446,1.0,1.0,0.5,0.8,0.2,81,6048.518921682717,4046439201.283094
24,45,1.0984832830041333,1.5562014034351954,1.5474785721782915,1.3479663780367253,1.095643742248357,0.06591859098117964,1.0,1.0,0.5,0.8,0.2,82,6124.252928889689,4046323597.309185
24,46,1.0982259485904022,1.5555448537021757,1.5467215650496688,1.3618640826754846,1.0371425967262813,0.06577830999369903,1.0,1.0,0.5,0.8,0.2,83,5982.2671444762045,4046401671.029397
24,47,1.0973547751241546,1.5505964644398869,1.5407737670394404,1.3692146702949355,1.074343073717017,0.06755534945059957,1.0,1.0,0.5,0.8,0.2,84,6260.037889952151,4046190521.395648
24,48,1.0945881234575912,1.553247735687059,1.5550227396831007,1.371746216715375,1.0906146115895579,0.06683206685816845,1.0,1.0,0.5,0.8,0.2,85,6240.967104392025,4045969318.487512
24,49,1.0929035150428585,1.5390323120364875,1.5274687496060824,1.3634098061822824,1.040237182216699,0.06475441657727987,1.0,1.0,0.5,0.8,0.2,87,5895.431624514428,4046590008.611654
24,50,1.0895479927369407,1.5346490923030631,1.533214242060948,1.384411074296647,1.0911537484951677,0.06712086248751345,1.0,1.0,0.5,0.8,0.2,89,7651.388029843653,4045944680.107667
24,51,1.0889645027256687,1.5319930776386521,1.5300762929065976,1.401905657274054,1.0402697187692176,0.06743699413743084,1.0,1.0,0.5,0.8,0.2,92,7775.042848452518,4045961843.3479815
24,52,1.0805051839516975,1.5134436749447107,1.5092100667591841,1.4027177825182804,1.1231993840409737,0.057395418786523024,1.0,1.0,0.5,0.8,0.2,93,4956.155075461031,676915.8325452679
24,53,1.0796901180946752,1.498983613462333,1.4811924426733147,1.4089212730289045,1.0518211716062713,0.057386126142203196,1.0,1.0,0.5,0.8,0.2,94,4999.194611445635,676936.070335693
24,54,1.0789819775589393,1.5079388522441042,1.502803683310454,1.4019900195507284,1.0352678340458479,0.056913443395905816,1.0,1.0,0.5,0.8,0.2,96,4878.408501855154,678283.6769945321
24,55,1.0822006715912191,1.4844242660277944,1.4523161075884432,1.4135032751393426,1.0726709723563916,0.06605099240992195,1.0,1.0,0.5,0.8,0.2,97,8453.617642612677,3532952289.672765
24,56,1.076259903636102,1.4960775785535962,1.4888978188924524,1.4155745974749168,1.0722784868218629,0.057069548624261335,1.0,1.0,0.5,0.8,0.2,98,4991.18351734057,677161.2650288658
24,57,1.075797607310716,1.5049463641092191,1.510351854152774,1.4557563341700437,1.0307395467602083,0.057245958149415556,1.0,1.0,0.5,0.8,0.2,106,5159.614469870538,675341.6087795502
24,58,1.0738284774954696,1.4837072341030735,1.4743397265541895,1.4405867945718038,1.065078271257042,0.05787681256941617,1.0,1.0,0.5,0.8,0.2,108,4789.047639441517,670843.643952361
24,59,1.0734593224630726,1.5262675505887355,1.5684862640705217,1.4849267674115623,1.0379087925597839,0.05821908216105737,1.0,1.0,0.5,0.8,0.2,110,4516.78271734394,670687.853515452
24,60,1.0685074032573896,1.478866950978882,1.490788340764228,1.4642694077046758,1.2038929458297607,0.05840968304247618,1.0,1.0,0.5,0.8,0.2,111,4427.324760965431,669945.12591434
24,61,1.0684988002769145,1.4779836978398944,1.4897206476723837,1.4825004773863972,1.0331036180642257,0.058796307364933874,1.0,1.0,0.5,0.8,0.2,113,4615.840938799073,668682.6667116693
24,62,1.0682428557350119,1.4878748681547342,1.512388948715396,1.4865515846176531,1.038499098818344,0.058778189552521065,1.0,1.0,0.5,0.8,0.2,114,4598.42696333278,668771.2579176194
24,63,1.0657729102099878,1.4665836707537208,1.4764970605573626,1.4847745345922092,1.0939041743819309,0.05729299550120074,1.0,1.0,0.5,0.8,0.2,115,4536.942881525967,668984.8711546003
24,64,1.0601609602146536,1.4120950285863763,1.3798427791509607,1.4755138946006958,1.090780550137205,0.05249139800688109,1.0,1.0,0.5,0.8,0.2,117,4257.93000547248,668969.0498560945
24,65,1.0595265026606684,1.4291487534080238,1.4219301816069068,1.4878342760917989,1.0659698250461782,0.05308120002314639,1.0,1.0,0.5,0.8,0.2,118,4111.752273073995,670868.3206719967
24,66,1.0568952278600272,1.401065679650008,1.3779534359499739,1.4968878231579812,1.0855621044095862,0.053110154109354255,1.0,1.0,0.5,0.8,0.2,120,4285.95295039033,670458.8549485415
24,67,1.0568314242169123,1.400694010692778,1.3775198211192563,1.5041681840240988,1.0277983362270213,0.05309068112757872,1.0,1.0,0.5,0.8,0.2,122,4289.171830598114,670831.6851849547
24,68,1.0632532731417301,1.4268325712867587,1.4506549220375284,1.5320892530614556,1.139246120644328,0.07418895305391619,1.0,1.0,0.5,0.8,0.2,124,4081.8885461464647,685263.93788924
24,69,1.0573790413779023,1.4521454541596575,1.514491910001923,1.5529484201297448,1.0508946938859247,0.0631665241665547,1.0,1.0,0.5,0.8,0.2,125,3900.4921606398057,697775.0526126759
24,70,1.0585397764708329,1.4217161204392927,1.4670746500319656,1.5624877797931116,1.1173184941997472,0.071283260448498,1.0,1.0,0.5,0.8,0.2,127,3920.645211243986,698469.1532725493
24,71,1.0572617083735447,1.4002601073240364,1.463461195934749,1.5889364195550513,1.1227346614809737,0.07883080895161153,1.0,1.0,0.5,0.8,0.2,131,4017.141815997743,684387.2868223322
24,72,1.0551961107165213,1.3706209295698502,1.406848071013724,1.5675601729007684,1.0474706190565208,0.07573182628454109,1.0,1.0,0.5,0.8,0.2,135,4039.493772802787,682098.9291684153
24,73,1.053930634807969,1.3479263818244758,1.3692244089687737,1.5739760484062109,1.1178036445690442,0.07527501377642712,1.0,1.0,0.5,0.8,0.2,136,4033.0235791594887,682034.9497940248
24,74,1.0537135544748601,1.342089708418217,1.362336967672827,1.5582672680616823,1.0586616984081931,0.07587249400182065,1.0,1.0,0.5,0.8,0.2,138,4026.0323271675247,683916.9246266135
24,75,1.0535569265618319,1.3514425083727404,1.3843731296132502,1.569685176091703,1.0443400813460915,0.07587249400182065,1.0,1.0,0.5,0.8,0.2,140,4019.690416837524,683690.6605422124
24,76,1.0529145535304958,1.3467680978836507,1.3789423241751502,1.5920008781641146,1.0382488243418977,0.07535810772641703,1.0,1.0,0.5,0.8,0.2,148,3997.721011658496,683182.0684993116
24,77,1.0523014733737213,1.350334252496516,1.3942008945555553,1.6030207237684073,1.0664378808333046,0.07535810772641702,1.0,1.0,0.5,0.8,0.2,150,3978.8011077348174,682518.6319812613
24,78,1.0461555639921178,1.4008949062226632,1.509891693963853,1.7184226168417045,1.032606458653862,0.06294785101754813,1.0,1.0,0.5,0.8,0.2,165,4815.991958077461,690057.2241479092
24,79,1.0455596779297978,1.4082860507074022,1.5296843645206462,1.7182103954969519,1.0555725945380898,0.06231698005758324,1.0,1.0,0.5,0.8,0.2,166,4777.829997220646,690100.3137527306
24,80,1.0394197220383181,1.3875090184480845,1.5061919717866428,1.7118234127283771,1.081569585565933,0.05247312337657252,1.0,1.0,0.5,0.8,0.2,168,6890.348041108404,689971.1726011606
24,81,1.0392080677893794,1.3822077656340963,1.4999501428981221,1.727286400600301,1.0360181978981418,0.05285476375594905,1.0,1.0,0.5,0.8,0.2,172,6827.719567278378,690162.3139749303
25,0,0.8421810475177594,0.9616544775892938,0.9061137692088738,0.009242125085512311,0.0,0.0,0.0,0.0,0.5,0.8,0.2,1,3237.0552683094347,7240.456033468433
25,1,0.8587534382099576,0.9911595666729555,0.9348088505859494,0.0464384111671493,0.050752918880182366,0.06827739844044386,8.620034091585e-05,0.00013585291659822,0.5,0.8,0.2,3,3244.8803463103936,6944.340059159947
25,2,0.8322119077143615,0.9858898225926811,0.9281532920359432,0.05083290272270109,0.09357136439409822,0.05603365044481361,0.0097072877844306,0.00637182576862669,0.5,0.8,0.2,4,3017.6042982169524,7200.843307478581
25,3,0.6455972210239237,0.9792429041615085,0.9340584542991474,0.11308411175845119,0.36078030474822415,0.07985209712236543,0.042007809012975086,0.06500551395103796,0.5,0.8,0.2,6,1714.1053662856702,5718.670433599636
25,4,0.5717830690300267,0.9564773020973508,0.8897700347919569,0.1424242054228121,0.2985103532789017,0.07475061938865055,0.0787644037672834,0.12173846379273649,0.5,0.8,0.2,8,1210.9302446791694,3805.4009682973456
25,5,0.8673396467638257,1.2817857772249412,1.2397925786847963,0.4805412064352077,0.4876443312359541,0.07357325292495645,0.35835445247373615,0.5584012000871695,0.5,0.8,0.2,9,2406.015294633582,3069.419693465624
25,6,0.5350843734425627,0.9403832988886122,0.8698086314261471,0.1525787439492001,0.23645889796605837,0.08389010697904234,0.08046397401722667,0.12453514517330137,0.5,0.8,0.2,10,1162.6549624282163,7832.355860043679
25,7,0.8501193381291823,1.3038261436975442,1.2688321770567357,0.5351512038521326,0.6206863345792358,0.08157645162503398,0.39176341205816895,0.6341490123056924,0.5,0.8,0.2,11,2351.2554912424644,2381.1279821088083
25,8,0.6681000729192456,1.129500765611812,1.092361464319822,0.36419148162412673,0.40657419537041206,0.07473713259681142,0.2580197536749892,0.3772288596439164,0.5,0.8,0.2,12,1345.006502858827,3943.413312980926
25,9,0.8780765719148859,1.3534990514277234,1.3284903653192328,0.6097555054548407,0.5548425163930001,0.07216565799339947,0.467442818976154,0.6353309358704055,0.5,0.8,0.2,14,2300.124031950435,1866.0407113092283
25,10,0.8498519900481777,1.3491463722524593,1.332240520390548,0.6306908225255011,0.6500165496019601,0.08565018537537145,0.46244092768252665,0.6868352864552929,0.5,0.8,0.2,16,2445.8113971338557,1603.130646520658
25,11,0.8468463159538243,1.3468358585453148,1.329587041111182,0.6409857916206639,0.5568345648199605,0.08483100838848076,0.46253658861081715,0.686963989059403,0.5,0.8,0.2,18,2446.289897567244,1564.903429038285
25,12,0.8453744632483453,1.3457747319353308,1.3283164577141957,0.6434927619359783,0.5585294533813713,0.08458441691455752,0.4627251936184881,0.6876341156538777,0.5,0.8,0.2,19,2456.6222313731128,1353.191078445905
25,13,0.9692605184559304,1.478787827038478,1.4540489987833978,0.8182326461889565,1.0224649163126631,0.05111524238856522,0.7294281831669456,0.5821236606419544,0.5,0.8,0.2,20,1463.9779786800896,25122.53828588592
25,14,0.8415711677966385,1.3512531304795232,1.3262420694984651,0.6921374090448996,0.610661015078819,0.057420231832066036,0.5882705830531866,0.5012645482624731,0.5,0.8,0.2,21,1432.830565336963,19909.68245475322
25,15,0.9671982744307424,1.4769006717680744,1.4518586059513598,0.8262592517641619,0.7266959106952235,0.05071398832238525,0.7295040937998278,0.5822407887186319,0.5,0.8,0.2,22,1460.7095734195962,24958.71983976812
25,16,0.9841144125421614,1.4940550904189625,1.4685419910728825,0.8515519578326253,0.7645038460776428,0.05100196565568856,0.7494723288072049,0.601171551718595,0.5,0.8,0.2,23,1504.9041016333338,24833.03894459881
25,17,0.7931654923168892,1.3036791798375473,1.2738423200663802,0.6745062330690219,0.7565841794762841,0.05964434723003884,0.562985609700959,0.49986990500298256,0.5,0.8,0.2,24,1649.7806952559422,15338.430795720822
25,18,0.7015582308544942,1.2103962743161958,1.1769133695297798,0.604155460309147,0.5825368048174455,0.053857345718916226,0.48718507571706837,0.4575753905180709,0.5,0.8,0.2,26,1473.7125168070038,14002.828904872244
25,19,0.6998793419691514,1.2196723110787557,1.1988599002299238,0.6156467203617115,0.5148960614088294,0.05385734571891628,0.4871850757170689,0.45757539051807206,0.5,0.8,0.2,28,1515.9418497280417,13690.091166832592
25,20,0.6996058957485788,1.2078007450383625,1.1734871833148595,0.6261804256363178,0.530855650952261,0.05521213005089477,0.48838302213915225,0.46066949864431894,0.5,0.8,0.2,29,1478.256553778314,13898.181636065165
25,21,0.7131373696569798,1.2192587828553243,1.1827837878509337,0.6486268568875477,0.6226712203884488,0.05220388490336355,0.5121016682273044,0.49371053091310146,0.5,0.8,0.2,30,1575.555739906113,12592.948527732768
25,22,0.7372155306079282,1.2537153518683406,1.229516619404156,0.7089610648197765,0.5718576020114486,0.06320479219593891,0.5083016817202797,0.6188227842847481,0.5,0.8,0.2,33,1521.419657501713,15218.51068406196
25,23,1.1956818968852023,1.708236757968962,1.6811243698490148,1.19111160087031,1.1524341289888695,0.06708584771391043,1.0,1.0,0.5,0.8,0.2,34,1918.302602093187,112266.56078794456
25,24,1.1727732109971358,1.6517993092402452,1.5926648827890717,1.179987423933232,1.1574103586346893,0.06934103523025222,1.0,1.0,0.5,0.8,0.2,36,2368.7029998019552,106906.32589367084
25,25,1.1738870620873143,1.6411012221381238,1.568685707635447,1.1880784227457049,1.0482558076012707,0.0736306114952013,1.0,1.0,0.5,0.8,0.2,37,2304.9000537165707,77889.92370708828
25,26,1.1636265466782776,1.6040360515406453,1.5036818529106715,1.1565569823936992,1.1124941551112157,0.06694656491617819,1.0,1.0,0.5,0.8,0.2,38,2463.3889059877506,102284.63091575002
25,27,1.1742558155354317,1.6245822159584116,1.5366880931818478,1.168764534471206,1.06801268315405,0.0919415327215113,1.0,1.0,0.5,0.8,0.2,39,6141.29497947752,113244.80271085208
25,28,1.169440580925407,1.652114497761425,1.6027009761289608,1.201844704789306,1.0535552433613617,0.08586327362187529,1.0,1.0,0.5,0.8,0.2,41,5407.386482351596,111974.49880609596
25,29,1.1699433665294858,1.6505741361780342,1.6003381631287443,1.2077561951515647,1.079784201167406,0.0923873525141936,1.0,1.0,0.5,0.8,0.2,42,5929.044996454891,112230.7253537212
25,30,1.1442390438632564,1.6100852358656879,1.5544673849295811,1.1988880700786284,1.256591314458807,0.07426099673433523,1.0,1.0,0.5,0.8,0.2,43,5294.63272662964,111859.49408694512
25,31,1.1437943530823134,1.6203827872651841,1.5776103548941915,1.217650627744281,1.0402848670098719,0.07426099673433514,1.0,1.0,0.5,0.8,0.2,45,5315.266354346696,111990.30341631736
25,32,1.128116281123598,1.582730430331703,1.5234747519329679,1.2065426286885854,1.1732564902638505,0.06203511088662104,1.0,1.0,0.5,0.8,0.2,46,2441.638454511159,73009.85488979473
25,33,1.1189495250232502,1.5550920998703754,1.490401438267576,1.2139828828599877,1.1458359335087551,0.07023083893622498,1.0,1.0,0.5,0.8,0.2,48,3469.0624515408263,109571.57017751092
25,34,1.109613167159044,1.5416642915325574,1.4758255936747313,1.206665354379801,1.0759441627841722,0.056781939381815014,1.0,1.0,0.5,0.8,0.2,49,3003.886296527662,130853.94494200851
25,35,1.1289744274581628,1.5736808832769855,1.531216689049835,1.2463525042281958,1.1601397922860122,0.10667394099960703,1.0,1.0,0.5,0.8,0.2,50,3935.397033424358,79434.73875217982
25,36,1.1277268147756108,1.5699229496634401,1.526801131869175,1.2557792372766323,1.066692298681397,0.10683849612394103,1.0,1.0,0.5,0.8,0.2,52,3904.4068052759008,79574.95245218955
25,37,1.1267032368809584,1.555946387435454,1.499365535260649,1.2587151505876384,1.0721236972704185,0.1066480024400066,1.0,1.0,0.5,0.8,0.2,53,3784.477507459886,77275.50688324754
25,38,1.125727199448302,1.564498812987711,1.520486050695828,1.271438809417085,1.0705935631908536,0.10639411427309595,1.0,1.0,0.5,0.8,0.2,54,4054.56372079033,80006.2923852928
25,39,1.091973396205668,1.5337849711375209,1.5006316743271555,1.2376572006000373,1.0697872231599526,0.04756201805689578,1.0,1.0,0.5,0.8,0.2,56,2226.976146972226,72693.84874112983
25,40,1.111109805052423,1.5514068372221834,1.5179266596189274,1.2734994724905424,1.0519476313009886,0.08662305211969852,1.0,1.0,0.5,0.8,0.2,57,4225.063547683289,88165.09763863377
25,41,1.0817954477121314,1.489732296322077,1.4484684235766572,1.2496628371731697,1.3448550480079975,0.05417458292907967,1.0,1.0,0.5,0.8,0.2,58,3073.6734083669426,93429.513178658
25,42,1.0799473341692505,1.478168011535269,1.4346818226455624,1.2498694102526495,1.0736579912586404,0.05699949469016875,1.0,1.0,0.5,0.8,0.2,60,3156.195437989155,109276.32890060004
25,43,1.0794527136233492,1.4645820087859083,1.4076681286448705,1.2565147557310423,1.0460201390804145,0.057224597236495436,1.0,1.0,0.5,0.8,0.2,61,2605.978486533913,94107.2156827296
25,44,1.0936650018752923,1.4872376536984617,1.4637565201177705,1.285170550006824,1.2778032873472085,0.10034411841799784,1.0,1.0,0.5,0.8,0.2,62,3964.917147612468,75597.04789632442
25,45,1.0887572266216499,1.4712117961112292,1.445341899956692,1.298592895646175,1.0967826577150295,0.09619078006104888,1.0,1.0,0.5,0.8,0.2,64,3796.593708197685,79261.50858553253
25,46,1.0907547852544448,1.4614011945299572,1.4224047168475296,1.2936826803720274,1.0548869860708416,0.1004482295078764,1.0,1.0,0.5,0.8,0.2,65,3914.4893259976234,75853.94027486455
25,47,1.087652363399679,1.4670511877298595,1.4405316387658513,1.3013737891953474,1.069457427340958,0.09545595501369739,1.0,1.0,0.5,0.8,0.2,66,3750.969556857293,80702.03941230473
25,48,1.0888865012554905,1.464284393196136,1.4369196711481085,1.3166540711909875,1.0669476501144126,0.0997935311525214,1.0,1.0,0.5,0.8,0.2,68,3903.404648497101,76388.09409093318
25,49,1.0871672130285286,1.4722096741244761,1.4575160792319937,1.3255164249712623,1.0620200866993836,0.09708278738527236,1.0,1.0,0.5,0.8,0.2,69,3828.449106039076,89444.17209677426
25,50,1.0882777381278326,1.4616430232417097,1.4338492631411057,1.3196819159048052,1.0537738284422724,0.09951903388374164,1.0,1.0,0.5,0.8,0.2,70,3786.6026656104714,76181.91599275882
25,51,1.0817630860533716,1.4611722935478604,1.4452949257847651,1.3240757487159804,1.0887204423444998,0.08883223937726749,1.0,1.0,0.5,0.8,0.2,71,3201.792610436048,81717.03797248681
25,52,1.0852602994098817,1.4294774582141305,1.3742681813213304,1.310549812516176,1.0549862106708507,0.09652460060927356,1.0,1.0,0.5,0.8,0.2,73,3808.473820541233,88910.36953338221
25,53,1.0827270490432257,1.4418541564995893,1.4217791098763832,1.3445376517646745,1.0890684956755308,0.09921670031820692,1.0,1.0,0.5,0.8,0.2,77,3397.0232454085044,75236.20468928386
25,54,1.0779451597264822,1.4373222974721573,1.4387635310596225,1.3553610753465068,1.140228622455418,0.0977109938231273,1.0,1.0,0.5,0.8,0.2,79,3443.506256090664,76617.10388956292
25,55,1.0765606565303287,1.4398448321445763,1.452829429654418,1.3650142622967663,1.1080819023277175,0.09736485939203707,1.0,1.0,0.5,0.8,0.2,80,3340.136959099816,76445.90702640833
25,56,1.0765508224469715,1.4397745656147383,1.4527470817726087,1.3720449927721354,1.0491720884214635,0.09736485939203707,1.0,1.0,0.5,0.8,0.2,81,3346.699639465021,76515.52369154622
25,57,1.0763783958576922,1.4107666299512178,1.3964621305273919,1.361596735447664,1.1015864529968742,0.09906835790586628,1.0,1.0,0.5,0.8,0.2,82,3278.554142823444,76294.1266441958
25,58,1.0762625134017407,1.4211099999151828,1.419658577403297,1.3685224752117222,1.0525343207959934,0.09906835790586628,1.0,1.0,0.5,0.8,0.2,84,3289.2388575032137,76413.11634782868
25,59,1.0752952114808816,1.4299887538350406,1.44126914631259,1.381883627134489,1.0597310384157086,0.09755471430197676,1.0,1.0,0.5,0.8,0.2,85,3304.89619731152,76144.81399165312
25,60,1.0746307574700298,1.3818621518984462,1.3406180267693526,1.3600733072723799,1.069817680579519,0.09703563966022036,1.0,1.0,0.5,0.8,0.2,86,3134.246174869618,76267.69397188054
25,61,1.0744628619921397,1.4015031902628097,1.3857468993676545,1.391925298599068,1.0593679975895536,0.0974963989598988,1.0,1.0,0.5,0.8,0.2,88,3083.255978100974,75849.25475470399
25,62,1.0732528057595379,1.4076222409290848,1.4041056422570288,1.4124428297451705,1.078849491837309,0.09621050132336664,1.0,1.0,0.5,0.8,0.2,89,3171.0408775687,75748.70372490735
25,63,1.0744211143089708,1.4067495425915753,1.4028326191716807,1.4065487599236048,1.057723416419257,0.09913996594247364,1.0,1.0,0.5,0.8,0.2,91,3343.136458811235,76771.19175771462
25,64,1.0732601690097285,1.404599348440348,1.400488640707063,1.416137720397699,1.056462220415223,0.09710315149659582,1.0,1.0,0.5,0.8,0.2,92,3156.3532639219693,75777.74767109884
25,65,1.0742015684672035,1.4211275030981245,1.4416851065668654,1.4283333858964946,1.077628975770588,0.10090772669488508,1.0,1.0,0.5,0.8,0.2,94,3337.143604865852,76473.7365852696
25,66,1.0718995581144117,1.4067880745058867,1.4141826730297062,1.429660528516888,1.0515782502709878,0.09653322445383494,1.0,1.0,0.5,0.8,0.2,96,3332.7795206430974,76538.4946887948
25,67,1.0717883664260486,1.406611477958846,1.4139933739450916,1.4405998774632705,1.0484239466060006,0.09632877072948298,1.0,1.0,0.5,0.8,0.2,98,3331.049327966031,76735.15495051947
25,68,1.0709944113733398,1.4241151092026845,1.4566985028556767,1.4535502147813903,1.0805405644939956,0.09585707748721128,1.0,1.0,0.5,0.8,0.2,99,3366.7793417441326,76500.61621991858
25,69,1.0705616570437253,1.429048784995935,1.4735009841454627,1.4718440274447768,1.0559600927687638,0.09653233602441427,1.0,1.0,0.5,0.8,0.2,105,3194.710266443,76098.09847509561
25,70,1.0719010795994819,1.430042913212318,1.4744283311774948,1.6292710621773185,1.0497797884536564,0.09930053384190092,1.0,1.0,0.5,0.8,0.2,126,7447.279968169333,99655.08876575256
25,71,1.0721512185190663,1.4297680378174307,1.4740519492272912,1.6418860984851487,1.0520389006160908,0.09993659485493714,1.0,1.0,0.5,0.8,0.2,128,7499.840196831197,99536.28909286548
25,72,1.0713268715530195,1.4384123872862642,1.4953613583839422,1.6448233933208585,1.0562059858724284,0.09873374180413405,1.0,1.0,0.5,0.8,0.2,130,7535.223745631801,99801.7193240304
25,73,1.0722744112312896,1.4281474340250628,1.4720943281311036,1.6581301257853862,1.050379310670179,0.1006309968002919,1.0,1.0,0.5,0.8,0.2,131,7450.189151486811,99772.07177147872
25,74,1.0713603453960925,1.42571945904114,1.469374068311588,1.659772966577683,1.061514300719436,0.0991881879557618,1.0,1.0,0.5,0.8,0.2,132,7521.07968879779,99577.69739814918
25,75,1.0711988485373931,1.4248623177903599,1.4683827296561278,1.6670683627256213,1.0522591378967543,0.09904131067452607,1.0,1.0,0.5,0.8,0.2,134,7368.450854433499,100088.24299915126
25,76,1.0712167755176991,1.424864459751271,1.4683819173493924,1.6708069268804138,1.0496632088558628,0.0990811552732494,1.0,1.0,0.5,0.8,0.2,135,7549.082126155356,99618.16319324845
25,77,1.0735960849369528,1.34491413603738,1.296671358404029,1.6100741499995253,1.084938888374051,0.10487240449895951,1.0,1.0,0.5,0.8,0.2,136,41081.36050736709,91350.0297731982
25,78,1.0725448562886046,1.3270100592520064,1.2755461122961897,1.5910542338510338,1.1830609714747615,0.10668334393434209,1.0,1.0,0.5,0.8,0.2,137,40319.730345049225,90278.3028887034
25,79,1.0710430966115667,1.3287731537779603,1.2887961867164495,1.6056163405292556,1.1161579495795746,0.10547825331050178,1.0,1.0,0.5,0.8,0.2,138,40953.70341795286,89353.95315826559
25,80,1.0694122645285913,1.2972305883126085,1.2407257980515292,1.6061655082187156,1.1951430171991742,0.10599236722830815,1.0,1.0,0.5,0.8,0.2,139,40674.436899773,89779.93850907733
25,81,1.0679259333576403,1.2879643110146057,1.2300003020619548,1.6082701875102985,1.1117719307888703,0.10450158317788971,1.0,1.0,0.5,0.8,0.2,140,41184.4725074926,88766.15852411023
25,82,1.0682847190850961,1.2826019167500573,1.2235683476557173,1.6085776012292368,1.0967470583887649,0.10626987591733435,1.0,1.0,0.5,0.8,0.2,141,41221.90268842475,89022.18039939457
25,83,1.0664088073872118,1.276275057222409,1.2164110779859583,1.6248178170636194,1.085524797257157,0.10331396376841732,1.0,1.0,0.5,0.8,0.2,142,41052.32787141823,89495.15290303683
25,84,1.0679255510242687,1.2760199683867715,1.2158254395875885,1.6256737863814241,1.0601563117176755,0.10666348725923261,1.0,1.0,0.5,0.8,0.2,144,41736.19698977387,97483.3133123564
25,85,1.066889512915605,1.2722550671584465,1.2115522615617214,1.6361548853537922,1.0732921568344274,0.1050665050420789,1.0,1.0,0.5,0.8,0.2,145,40775.18774562548,90200.84069794782
25,86,1.0667795321248592,1.271601922700438,1.2107985700275514,1.643290467850833,1.056363514927822,0.10493508618213447,1.0,1.0,0.5,0.8,0.2,146,41267.175502080165,89738.67560542873
25,87,1.06626342391202,1.2654723395291105,1.2036259086501457,1.6427035471763682,1.0952005940961353,0.10485989676265131,1.0,1.0,0.5,0.8,0.2,147,41022.95063256605,90167.849938436
25,88,1.0657402853594775,1.2606126960577801,1.197961791616896,1.6493799093771655,1.0687745340726036,0.10453478325436971,1.0,1.0,0.5,0.8,0.2,149,41076.98750659289,90023.13585542935
25,89,1.069320194341727,1.2390356329686163,1.1498757353901736,1.608137852756584,1.0611345370171776,0.11213018809824489,1.0,1.0,0.5,0.8,0.2,153,41458.25967231474,89984.63407281633
25,90,1.0680807678518143,1.2377647927227142,1.1595305428712372,1.6197513199818576,1.098009772675448,0.11140859879051268,1.0,1.0,0.5,0.8,0.2,155,41682.15466043947,89807.35147272205
25,91,1.0637816426115771,1.2506775368555063,1.197487879449277,1.667634673132251,1.0908275550734539,0.10358958355281464,1.0,1.0,0.5,0.8,0.2,156,39495.39284750841,93453.6335292648
25,92,1.067947450306983,1.2421138449547315,1.175642862916364,1.6526716738118983,1.061837382785825,0.11214760829087107,1.0,1.0,0.5,0.8,0.2,158,41617.9080726156,90670.20720585898
25,93,1.062692345031356,1.248690217134023,1.2062794128614562,1.6975670845684374,1.091251400017483,0.10315152181356022,1.0,1.0,0.5,0.8,0.2,160,39567.976411846204,93389.518917756
25,94,1.061922406116105,1.2508634965548355,1.219942638476579,1.7172139024325144,1.0820237752128101,0.10273021451377931,1.0,1.0,0.5,0.8,0.2,162,39695.51814533802,92455.28448332495
25,95,1.0617257131932887,1.2444195148580253,1.212358618983137,1.7204479973587101,1.074825423137865,0.10315630532369209,1.0,1.0,0.5,0.8,0.2,164,39740.38760741388,92740.96238048354
25,96,1.0609299941525256,1.2262745400210975,1.180093888666866,1.70953431122443,1.0739961006856786,0.10234599523895638,1.0,1.0,0.5,0.8,0.2,166,39961.73572384372,92884.04792488892
25,97,1.0611253491329966,1.2256723322722125,1.179346373672842,1.7205154263251612,1.0544135318739745,0.1028375504856911,1.0,1.0,0.5,0.8,0.2,168,39837.81554395567,92784.7832872245
25,98,1.060884960640579,1.2477197221098226,1.2273729403926887,1.7474636964730064,1.0520083830967448,0.10237069884905114,1.0,1.0,0.5,0.8,0.2,169,39933.42794732207,92541.86510458682
25,99,1.0606725277627358,1.2323527934607608,1.1982872936963,1.7480736315239216,1.0585398305824503,0.1024330716062816,1.0,1.0,0.5,0.8,0.2,173,40110.99162562921,93332.4126835466
25,100,1.0603238846621592,1.2492770380551095,1.240280043008829,1.7685444203847076,1.0701927641552178,0.10235496538358883,1.0,1.0,0.5,0.8,0.2,175,39766.06480270287,92527.58079427623
25,101,1.0599632706637014,1.245822199184258,1.236263927372138,1.8010326818519833,1.0538619116217962,0.10199939393839057,1.0,1.0,0.5,0.8,0.2,183,39913.27164674499,93052.71483529329
25,102,1.0609710692656014,1.245862698918719,1.2361291660035343,1.834401061692046,1.053083763906774,0.10412786776579981,1.0,1.0,0.5,0.8,0.2,190,39687.681032583336,75900.76099504325
25,103,1.0596789038822176,1.2607275806238152,1.2758630389392445,1.8654798745473828,1.0588282137738778,0.10226162781995307,1.0,1.0,0.5,0.8,0.2,196,40645.51371577692,77519.73203470033
25,104,1.0592041472160165,1.2538288639555555,1.2678029743251396,1.8616561131826506,1.0983746447010923,0.10202683149568711,1.0,1.0,0.5,0.8,0.2,197,40701.39810311983,77866.3483546447
25,105,1.0588496190381564,1.2349332314587838,1.2345828234268597,1.8536055568107497,1.105094995216013,0.1021073454720209,1.0,1.0,0.5,0.8,0.2,198,40542.97381928458,77694.14170013994
25,106,1.058810700166207,1.242265811506535,1.2542252868245685,1.8681576014578203,1.0793269926146818,0.10242958524096339,1.0,1.0,0.5,0.8,0.2,199,40584.12144563886,77150.43607323756
25,107,1.0588607356234905,1.2388102077825878,1.2501384758532752,1.882346889383214,1.0771900993044081,0.1028896957991238,1.0,1.0,0.5,0.8,0.2,200,40445.36977172208,77275.18208533643
26,0,0.8052897141889848,0.9516586790490768,0.8944061313542546,0.008323050242275802,0.0,0.0,0.0,0.0,0.5,0.8,0.2,1,3938.899918891793,8769.411063151392
26,1,0.8096766095350507,0.9721290340641016,0.9138001183749344,0.037895915087891224,0.04870464186400488,0.05331175859089328,0.00010936365514201,5.996254056922e-05,0.5,0.8,0.2,3,3888.380323787266,8647.727209257946
26,2,0.7664762112661592,0.9558160773397497,0.8955873707278996,0.033974238821399265,0.09901509574778464,0.01895330672316009,0.014954875354846511,0.00047622433905994004,0.5,0.8,0.2,4,3929.543855938603,8728.805583119029
26,3,0.5386941204129019,0.9227777432736824,0.8561744329869574,0.09504425584728995,0.880608645930811,0.0651872119990073,0.06357827762731869,0.034859067636288946,0.5,0.8,0.2,5,3335.5607019116264,6475.021477113614
26,4,0.5033925545392921,0.9347462497903285,0.8574941970056128,0.16810296877119474,0.38170980179163244,0.09511033295468148,0.11557006695777987,0.1228252613782479,0.5,0.8,0.2,7,2648.633822893513,7307.2764478691
26,5,0.5219091481717802,0.9735491403737212,0.9059334940138085,0.2198996320674246,0.2804221964067839,0.09421569907935387,0.16799703652115033,0.15157022500698877,0.5,0.8,0.2,9,2822.2793680469176,6702.21374838161
26,6,0.5191714775125043,0.9715069789104186,0.9035889250543593,0.228646895895091,0.21771117855092972,0.09347979238984674,0.1680849502428816,0.1516778610750667,0.5,0.8,0.2,11,2802.8915417518883,6559.890947091371
26,7,0.6013743506989929,1.0666418693695037,1.0109334485296664,0.32289073157738,0.3108443881811481,0.07149771647556613,0.28020659611934384,0.20088882643863043,0.5,0.8,0.2,14,2191.82699665221,6494.667243524273
26,8,0.5850176677824611,1.0535111299661613,0.9961474368371437,0.33945182786732236,0.36428052163381347,0.07025065034663898,0.2961935985315066,0.12273225789829123,0.5,0.8,0.2,15,1906.05428963456,11511.029041920085
26,9,0.5896324066329924,1.0699163546325272,1.0252147013078383,0.3534881077037065,0.31070553209434804,0.07110431280728645,0.30286029269614934,0.1298174701410098,0.5,0.8,0.2,17,1905.8081346374324,11544.437552497917
26,10,0.7349036270801188,1.2185602976845633,1.1715569341742207,0.524330242636514,0.5596046179229045,0.09218969665754403,0.42357737439280313,0.4046556752680338,0.5,0.8,0.2,18,2437.3697525546686,14752.75671134407
26,11,0.7044345127889469,1.199874174531131,1.1653958405988158,0.5119885045952746,0.44846980507847384,0.09209403678041475,0.39814255836472384,0.37106407117844104,0.5,0.8,0.2,20,2536.920621011516,14332.0057607567
26,12,0.7044345063155911,1.211078523191598,1.1896006717357879,0.5197104049485668,0.4387741161379035,0.0920940367804148,0.3981425583647203,0.3710640711784426,0.5,0.8,0.2,22,2536.922783986599,14332.011762971018
26,13,0.7269910887536537,1.2224698849330204,1.1879578627570955,0.5551946365305842,0.4629408914193102,0.0919833616008204,0.4173692313964952,0.40839737621627614,0.5,0.8,0.2,23,2618.959066957258,14636.264840743246
26,14,0.7174510597083066,1.2244774005154486,1.2026650339846388,0.5548657580144006,0.4663964285228117,0.0918834385141546,0.41570817434685925,0.3780897081470445,0.5,0.8,0.2,24,2375.9441111678425,14713.758913601932
26,15,0.6993467687807848,1.2180362416454482,1.2087971006868838,0.5559509409032849,0.44769354196456507,0.09181551256593577,0.40078031334784237,0.3622247140591497,0.5,0.8,0.2,26,2404.6391914465985,14456.573061690262
26,16,0.750659716070553,1.260363246855623,1.2353181611554205,0.6180870788375633,0.5660999311359379,0.09193874762445434,0.48881035730665634,0.3593556135661419,0.5,0.8,0.2,28,2218.9425776666344,13093.398692163326
26,17,0.7416160990230382,1.2625918140619952,1.250419988615032,0.6003765796137872,0.5023861126132857,0.091965122943803,0.47985217264666247,0.3539619908805021,0.5,0.8,0.2,31,2232.814318711853,13199.037779864924
26,18,0.741061484448945,1.2620814841555088,1.249822293909535,0.6003279036012032,0.5024340672782234,0.09196512294380288,0.4798521726466626,0.3539619908805024,0.5,0.8,0.2,33,2276.052918913889,13325.064921914349
26,19,1.1484693006516862,1.7031635021371638,1.7298335613729958,1.0552374078612379,0.9101009255752067,0.07743893863769517,1.0,0.34914241742464613,0.5,0.8,0.2,35,5150.254525673698,17210.33631364791
26,20,1.13119090072231,1.6639112123732471,1.663976254295404,1.0416151958692916,0.9209178668427295,0.07196908052634499,1.0,0.2962324092167818,0.5,0.8,0.2,36,9897.121369284929,16650.923773388284
26,21,1.1102585950925092,1.6208857265357837,1.592766992640971,1.0211129745180547,0.9312568388209531,0.047994767598958335,1.0,0.3168062465223624,0.5,0.8,0.2,38,9125.08319440591,306397.6960588003
26,22,1.1125427561139856,1.6231791089807053,1.5944790323600635,1.032218587807484,0.9167571139483723,0.04366950875642162,1.0,0.3560562711859269,0.5,0.8,0.2,39,3758.060173806228,311235.649621076
26,23,1.1036272970159733,1.6364008942626471,1.6315851510342296,1.0642352782040916,0.9253089568511097,0.07288625034346795,1.0,0.29888704891378176,0.5,0.8,0.2,42,9842.185725823172,16714.861613461253
26,24,1.0941809847009083,1.6260013366986719,1.6192906498907935,1.070337896309371,0.9353438440052629,0.07103125035821922,1.0,0.3068509680047808,0.5,0.8,0.2,44,9797.04305982232,16862.735299583044
26,25,1.1785372595344148,1.7095360068260022,1.7016519563361496,1.1665523397447826,1.0350058794346073,0.06998511633134073,1.0,0.7613975788884508,0.5,0.8,0.2,45,9516.508772676669,24403.05122272629
26,26,1.1706907241158568,1.7115238365806777,1.7150646232641171,1.1749566539152039,1.019378845885424,0.07002639698498679,1.0,0.7612149891700537,0.5,0.8,0.2,47,13756.214885699268,24968.355451209965
26,27,1.0796057596058455,1.6197765211075619,1.6226924767861668,1.0892064252862625,0.9243633163573935,0.07439834798077408,1.0,0.30978791323410787,0.5,0.8,0.2,48,9952.60428109252,16054.016687115303
26,28,1.243386257968416,1.7831536434402224,1.7855794091611756,1.2611448568184174,1.0864714335570418,0.130793710779955,1.0,1.0,0.5,0.8,0.2,49,9828.821552913138,19921.694560377466
26,29,1.0744333834988353,1.6133674065795753,1.6151812009476858,1.0952716714842692,0.9230005123092606,0.07231209883965505,1.0,0.3151395212183268,0.5,0.8,0.2,50,9935.81186601904,15082.965823641236
26,30,1.0725765941158312,1.6108507506446987,1.61212317891056,1.1022570538454524,0.910859563059494,0.07306479519499262,1.0,0.31648019574929454,0.5,0.8,0.2,52,9894.90339285715,15168.793692985102
26,31,1.030609513139169,1.5661307475680777,1.5653875674528588,1.0781734150991773,0.9079871950780243,0.06151770469960512,1.0,0.1805956979318716,0.5,0.8,0.2,54,7648.640911563576,12164.48698990977
26,32,1.0320679682200846,1.5659289075497234,1.564114829787001,1.0902779257467496,0.8947299931414484,0.060415446801116233,1.0,0.2136081838922712,0.5,0.8,0.2,56,7610.998028123674,12177.226583176527
26,33,1.0295155877902267,1.5624446153668268,1.5600607188424676,1.096119988755901,0.8959983528993479,0.05968029565853602,1.0,0.21465947517297645,0.5,0.8,0.2,57,7624.4389344512065,12177.6739141728
26,34,1.0071810239417283,1.5610133683364578,1.5837528214447185,1.0832044944709265,0.8898400867628844,0.05511149754036805,1.0,0.13251193562339192,0.5,0.8,0.2,58,7617.749953822176,13530.411525641031
26,35,1.0225529830734843,1.5485051704681168,1.5423761331034378,1.1056772164549225,0.997637532857273,0.06438571606283149,1.0,0.24254265219518656,0.5,0.8,0.2,59,7196.39713004018,11974.438615899122
26,36,1.073962607246194,1.6067314208588728,1.6115370668069087,1.1759803570857796,0.9822499921550149,0.07525869340555175,1.0,0.510780112619373,0.5,0.8,0.2,61,1905.7172147020672,13850.607469213515
26,37,1.0708676372180268,1.6096683290885436,1.6252643659848107,1.1995663942119033,0.9745966510373354,0.08372530420582705,1.0,0.5128061896803713,0.5,0.8,0.2,64,1957.130585782419,14448.809279319586
26,38,1.0584524016631816,1.5889853254049375,1.6014211553083555,1.2060210704457444,1.0700214640989327,0.07518973645806121,1.0,0.5230006441260008,0.5,0.8,0.2,65,2059.916437799948,13404.135896047446
26,39,1.0564896864606033,1.5804364390855812,1.5905257330185267,1.2203313499162198,1.0432474887601382,0.08431346361621135,1.0,0.5259499226340292,0.5,0.8,0.2,66,1867.094958112301,13376.380494679144
26,40,1.063383522756384,1.5732788513109643,1.5694041958789022,1.215603422713684,0.9961370300954916,0.08608348078773972,1.0,0.5698883763166356,0.5,0.8,0.2,67,1877.501187663721,16270.976589026855
26,41,1.0549445806924158,1.5641320562092125,1.5600195172134943,1.2252797271734495,0.9541262686956189,0.08601649889173628,1.0,0.5312638809592369,0.5,0.8,0.2,69,16731.37568913897,12042.521302827656
26,42,1.0521610167857602,1.5795341114609667,1.6000381658032918,1.23901279300558,1.0067364743627856,0.08250166768395752,1.0,0.5454449383605116,0.5,0.8,0.2,70,2057.420630151006,13736.157142699672
26,43,0.991624321006615,1.4761834836976566,1.4645051586620161,1.2048802096675744,0.989686839835744,0.06530763922669144,1.0,0.3641865184440911,0.5,0.8,0.2,73,6053.691243507554,13306.373657227983
26,44,0.9925928626535722,1.453115449629879,1.4349331091174948,1.2266018822452072,1.0086606364975133,0.06699271775796693,1.0,0.43452339230802195,0.5,0.8,0.2,76,6950.836269088068,13735.317206176182
26,45,0.9926226006900395,1.4642848974078535,1.4590864748530663,1.2370010856610887,0.920801711891913,0.06737457998257403,1.0,0.4338806271695246,0.5,0.8,0.2,78,6949.480017934555,13713.86948307752
26,46,0.9916669843762717,1.461127171645853,1.4553617431510508,1.2439899989833028,0.9321754528222643,0.06709045276531256,1.0,0.43535512764087453,0.5,0.8,0.2,80,6995.10067151158,13653.977291744875
26,47,0.9895369844952762,1.458889884267693,1.4530958478171034,1.2526205188287705,0.9197970932962426,0.06245046247189625,1.0,0.4366029746724447,0.5,0.8,0.2,81,6918.976755540481,14325.73142222972
26,48,0.9417571120990188,1.3943718228516309,1.3741658893501472,1.1786034451559608,0.931468856605636,0.05305612082188586,1.0,0.2347279090263573,0.5,0.8,0.2,82,6118.277889517087,12196.507410028804
26,49,0.9574686916458435,1.4269650321252156,1.441651843993687,1.2486424858996155,0.979977132719057,0.062269859401868285,1.0,0.32655866449206944,0.5,0.8,0.2,84,5861.375251607637,13706.734465031788
26,50,0.9502826917498782,1.4016262601896305,1.4120323978206422,1.2750879877033208,1.0717395691279241,0.06109849611870209,1.0,0.32777189584945765,0.5,0.8,0.2,85,5850.700663710056,13261.196699284304
26,51,0.9454728963512904,1.3944119311273182,1.4042731512675481,1.248947155545701,0.9133337555955373,0.061916467707232456,1.0,0.3055653051838697,0.5,0.8,0.2,86,5768.275139118943,12884.900502307348
26,52,0.9470482857162809,1.399985161284872,1.4212060319291744,1.281069839063526,0.9628148805677517,0.05980799207738187,1.0,0.33058780115635344,0.5,0.8,0.2,87,6324.979691527733,12939.0235232821
26,53,0.9464419012997027,1.3945473324232553,1.4146799746334842,1.2886677106634394,0.9191292200002888,0.06166216243201841,1.0,0.3305344732303309,0.5,0.8,0.2,89,5774.873388710757,13070.887442514657
26,54,0.9467477262548912,1.3928312623339172,1.412511238928705,1.3222706880630224,0.9015606573562864,0.06277755245405882,1.0,0.3323820810353857,0.5,0.8,0.2,94,6096.337485013296,12193.070560326709
26,55,0.938375160611977,1.360466654289265,1.3643200784630385,1.3049734977206713,1.0084451654618307,0.06299569717981261,1.0,0.308544740949825,0.5,0.8,0.2,95,5992.388969258543,11548.758817504027
26,56,0.9382422421813935,1.3462308531059306,1.3470327434170613,1.31781897371371,0.9590184133147561,0.06273989021785129,1.0,0.3270984252582456,0.5,0.8,0.2,97,7499.735776196617,12168.864311264922
26,57,0.9380989945749788,1.3567180044606342,1.3703974949278988,1.3289582446958386,0.8992912478845433,0.06273989021785129,1.0,0.3270984252582454,0.5,0.8,0.2,99,7492.200848493599,12252.769588679945
26,58,0.9376798411952726,1.3551451319829522,1.3685779519138042,1.332356049857106,0.9016852558393221,0.06253363299154197,1.0,0.3269515978320043,0.5,0.8,0.2,101,7497.575165018936,12568.550654142568
26,59,0.9345596430836828,1.3496253807237164,1.3625464278699948,1.3368756364684937,0.9150066396992513,0.06450129158449475,1.0,0.3093768727675009,0.5,0.8,0.2,102,8231.082631787876,12785.463852916471
26,60,0.9583471766964193,1.3687519750164825,1.3806834615796486,1.3638740423821722,0.9593891506689451,0.07919602750618612,1.0,0.3971626351132305,0.5,0.8,0.2,103,7702.648090791071,12345.854402426685
26,61,0.9332365781339561,1.3418685204540113,1.3534253618402134,1.3436779131797223,0.9096138865255229,0.06461015771135821,1.0,0.3101509287027201,0.5,0.8,0.2,104,8205.759917296291,12739.849067553165
26,62,0.9354201499905749,1.3350699474355943,1.3447406978309333,1.3578698122893016,0.975469496056628,0.06630325726107147,1.0,0.32698965519905926,0.5,0.8,0.2,105,7341.438020724604,11657.00428767734
26,63,0.9355171931479991,1.333205340197402,1.3424669650217715,1.3654987526994533,0.9074177536382175,0.06725833852718732,1.0,0.3272242259152423,0.5,0.8,0.2,107,7337.460410864849,11849.76680629261
26,64,0.9309616085023523,1.3154402470087962,1.3112833576136094,1.3538379999249281,0.9121305089625816,0.06409964912682628,1.0,0.31451983886105017,0.5,0.8,0.2,108,7151.947206124882,12089.10379616396
26,65,0.9357625393952524,1.3264517350269571,1.3342609832914691,1.3737705490246057,0.9428454724649133,0.06937275990720031,1.0,0.330570270049566,0.5,0.8,0.2,109,7315.568158457812,11799.184093635851
26,66,0.9892615267557409,1.3867730810886474,1.406679465172933,1.4350049667585445,0.9736177822673409,0.07620955690414198,1.0,0.585441422443318,0.5,0.8,0.2,111,9424.318100368368,11533.82193118528
26,67,1.0677003874194808,1.553574883480379,1.677224256740211,1.6368241340387915,1.034706229731524,0.06777289943752952,1.0,1.0,0.5,0.8,0.2,124,58631.904418579805,12755.377163005123
26,68,1.0659572013774303,1.5451264917206127,1.6674034278173726,1.6509557913327837,1.0894180793171662,0.06690406524232233,1.0,1.0,0.5,0.8,0.2,125,58153.83467407819,14198.31021247162
26,69,1.060618367113002,1.5304028338381406,1.650773342124355,1.643022004949158,1.0558562172613357,0.059720810583615155,1.0,1.0,0.5,0.8,0.2,128,58457.09820574075,15638.097725890824
26,70,1.0604029342149495,1.527614195371183,1.6474657883626487,1.6506825306911412,1.0406304305203848,0.0602038936246187,1.0,1.0,0.5,0.8,0.2,130,58524.64374359573,15869.876906048345
26,71,1.058443116404535,1.5150832952614774,1.6328126912107073,1.6571124478931596,1.0733675328570138,0.05992549169803851,1.0,1.0,0.5,0.8,0.2,132,58545.11305917178,15740.361773212237
26,72,1.0608645498710558,1.545925231300249,1.701623172716953,1.7151183656975746,1.0415768716781122,0.06644928302891016,1.0,1.0,0.5,0.8,0.2,137,59651.2323611673,12931.25606562031
26,73,1.0556841272499449,1.5274204198802324,1.6804826777556685,1.7222891987542033,1.1376841419181574,0.06021776797619514,1.0,1.0,0.5,0.8,0.2,138,53399.854864594585,13984.384468550656
26,74,1.0550815431738816,1.5228817328645736,1.6751709674742659,1.7296485612551866,1.0458677149150426,0.060171096229778884,1.0,1.0,0.5,0.8,0.2,140,53384.6767193664,14027.761747357576
26,75,1.0544030406886775,1.5173833690772736,1.668728822913777,1.736947197335904,1.049302255159104,0.06019304955067546,1.0,1.0,0.5,0.8,0.2,142,53397.58095198812,13896.76229819067
26,76,1.0546843955374205,1.5155645897672596,1.6664991182738103,1.7326510820130043,1.039195712718482,0.06135652424185495,1.0,1.0,0.5,0.8,0.2,144,58467.82857354044,14118.681800655588
26,77,1.0540597075614189,1.5102993651048973,1.660330143045323,1.7321741228631269,1.0490504048379183,0.061380073505816216,1.0,1.0,0.5,0.8,0.2,146,58488.10994086692,13995.1430114988
26,78,1.0536481954915666,1.5068033060570771,1.6562351895728602,1.7318407692033952,1.042795121750685,0.06138007350581629,1.0,1.0,0.5,0.8,0.2,148,58381.10520712558,14155.003136710666
26,79,1.0536425719171436,1.5065165395252185,1.6558938785050223,1.7482046688500377,1.0329504361971804,0.06144389718963032,1.0,1.0,0.5,0.8,0.2,149,58387.51091967143,14118.271564131728
26,80,1.0499102527587967,1.4802690998485255,1.6253081363735766,1.7449623905016514,1.2067427130607864,0.05961511803956439,1.0,1.0,0.5,0.8,0.2,150,58308.46566598484,14143.059002739028
26,81,1.047317298102524,1.5593464436163453,1.806869009089897,1.8840327234538174,1.0343373766983994,0.05626004968300963,1.0,1.0,0.5,0.8,0.2,160,59790.551901430925,13001.612328090445
26,82,1.0476244159607142,1.5566088281882717,1.8035517628324345,1.8923464105044259,1.040614425376364,0.0575536569031152,1.0,1.0,0.5,0.8,0.2,162,59924.34275528903,12941.47684322502
26,83,1.0475332369988362,1.5535504327153051,1.7999297972446935,1.8962570829134318,1.0519047994624136,0.058018668550119445,1.0,1.0,0.5,0.8,0.2,163,59655.74658396882,13570.234680332514
26,84,1.0475697747307804,1.549635240952184,1.7952650923973843,1.9003034341804013,1.060031191367644,0.05894134048528319,1.0,1.0,0.5,0.8,0.2,164,59833.1099742552,12697.757158689425
26,85,1.0462142702902124,1.586752932769967,1.8831849497878352,2.0136349318876263,1.031002981256602,0.057556602761490785,1.0,1.0,0.5,0.8,0.2,186,76540.89234752825,12367.650775102778
26,86,1.045245110707382,1.5760334868288999,1.870628293833551,2.0287865542578416,1.0663122773297,0.057573108515683216,1.0,1.0,0.5,0.8,0.2,188,76572.80446970547,12565.640788610996
27,0,0.7598431365270533,0.9386985219666254,0.879226365600186,0.0071316657342071835,0.0,0.0,0.0,0.0,0.5,0.8,0.2,1,4385.51769965892,8286.619518873438
27,1,0.7698156932948998,0.9613272643020647,0.9009392260700789,0.038014288222537766,0.046657313401201786,0.05578004408624051,9.189597747971e-05,6.833044032730999e-05,0.5,0.8,0.2,3,4199.462695786417,7737.792623709351
27,2,0.7688265887604044,0.9722413408453376,0.9109622684351761,0.05597051182800292,0.08043595080070924,0.06828505386190081,0.00961986973974624,0.01127915136379424,0.5,0.8,0.2,4,3923.405121914372,7789.024459319847
27,3,0.5342286769291313,0.911450594480079,0.8459706659725027,0.07775879277309679,0.7740546182240629,0.06878750802069847,0.040209819483517054,0.02989853033987803,0.5,0.8,0.2,5,3163.518269375442,5901.701809988002
27,4,0.4717183057156127,0.892967394932796,0.8186645014748283,0.11069360682998099,0.28551511036912364,0.08436869756224381,0.06287725101532737,0.06545419557121114,0.5,0.8,0.2,7,2860.771926706694,5996.857500774474
27,5,0.5318326813793532,0.9720756189381375,0.8915417330617821,0.22652634162727855,0.3480993912104532,0.08646752040059189,0.1835067094658792,0.15514978659084674,0.5,0.8,0.2,9,2995.723818947092,4556.3413013423415
27,6,0.5316515082218961,0.9831507182152563,0.9155953852986074,0.2431109890345323,0.22152009586018345,0.08646752040059189,0.18350670946587927,0.15514978659084996,0.5,0.8,0.2,11,2992.417746234348,4594.311367253115
27,7,0.5422607950475343,0.9834689206445286,0.902516031513609,0.25069120185797866,0.25109346002171634,0.08897097583398869,0.19396198541588625,0.17626908366360888,0.5,0.8,0.2,12,2230.0860036168824,5431.568092313773
27,8,0.5169561635984623,0.9726990914164049,0.9031563818658197,0.2519833406365493,0.28708926056115447,0.08186472176347351,0.1863889021378248,0.1608936195275587,0.5,0.8,0.2,13,2625.613104150002,4539.554989382563
27,9,0.6478118904664566,1.09525366580489,1.0110665665203789,0.38641562046202416,0.39909477652414066,0.08502350118042887,0.2559419723197348,0.5915679680152806,0.5,0.8,0.2,15,2418.731959630101,145710.91376548237
27,10,1.2095948987334404,1.6600014943424886,1.5737033319209168,0.966358618434004,1.0287590638871713,0.06639921815040714,1.0,0.5472676605351089,0.5,0.8,0.2,16,2727.8150895647614,195756.68970935768
27,11,1.1688965919155578,1.6235055993395375,1.5296837775865164,0.9744974344976222,1.1035019620937445,0.06383557339764896,1.0,0.5908597017741608,0.5,0.8,0.2,18,2621.216980113558,189263.30763494747
27,12,1.166754296614065,1.6213337355970292,1.5271278827553851,0.9810698171278327,0.957989471795976,0.06394629393900539,1.0,0.590935452819582,0.5,0.8,0.2,20,2570.5367836199694,189166.3761129297
27,13,1.1504853393450922,1.6152742013416108,1.5310257512470837,0.988670315110772,1.0127262163471566,0.06490422941964018,1.0,0.5910741668248702,0.5,0.8,0.2,22,2654.966464701372,189317.2199927526
27,14,1.1283895163370057,1.5933456742133996,1.5084893356596067,0.9994486413995085,0.9395081110916508,0.04587126572258899,1.0,0.5467609407422991,0.5,0.8,0.2,26,1687.9718534557503,1091733.1109354575
27,15,1.1071818559084385,1.5666434167552357,1.4765187623391791,1.0064929921629973,1.0423019988654418,0.04843848063810969,1.0,0.5606452209425117,0.5,0.8,0.2,28,1697.7700450730008,1092021.4154424726
27,16,1.1462001917600055,1.649694369884426,1.6110731463655412,1.0897381072929555,0.9967130217373856,0.05498630568749063,1.0,0.7500002480379646,0.5,0.8,0.2,29,1774.983015816523,1200558.7345916366
27,17,1.134869384585504,1.6115320661402806,1.5440004463522254,1.073975686346235,1.0973484188611904,0.053248277296261706,1.0,0.7605168700792921,0.5,0.8,0.2,30,1710.072027965496,1201069.2888705635
27,18,1.12987160254242,1.6062858651987186,1.5386071901720086,1.074605718320376,0.9803403612044496,0.05078132348261708,1.0,0.7447487403245129,0.5,0.8,0.2,31,1737.0746910625503,1200242.998473706
27,19,1.1259066188850249,1.6353412945805323,1.6063189910593316,1.0938343919376032,0.9858775285183816,0.0456435697862225,1.0,0.7448885450464456,0.5,0.8,0.2,32,1713.6028145860164,1152183.3380203913
27,20,1.1374756242118673,1.656883429005051,1.6401652658092565,1.1196738351958386,1.0146216519704505,0.05348234010010341,1.0,0.797310826416946,0.5,0.8,0.2,33,1799.9291407057913,1224938.401286915
27,21,1.166405218469811,1.6271492320348173,1.543857725446807,1.1134167524883543,1.0891509841402693,0.05524796390487222,1.0,0.9701906752884805,0.5,0.8,0.2,34,1802.6659514958485,1235001.7769659946
27,22,1.1607085647130277,1.629154478089484,1.5572880416193666,1.1207746006028227,1.0523380207818565,0.05524796390487222,1.0,0.9701906752884796,0.5,0.8,0.2,36,1766.3536138149975,1233053.861750247
27,23,1.1450323869244414,1.6119653008826422,1.539420708996217,1.1154972751731385,1.035544619677438,0.056603844036314535,1.0,0.9006562312269271,0.5,0.8,0.2,37,1920.9920727972965,1248415.496576386
27,24,1.1590218691364331,1.620513442869205,1.5456032241998627,1.1406000632616442,1.1272722766997154,0.061589163297186375,1.0,1.0,0.5,0.8,0.2,38,1993.9471384471944,1004104.174893393
27,25,1.1474709548465185,1.6011846500031888,1.523214289859565,1.1467531065267589,1.0917301227494576,0.058668690132220126,1.0,1.0,0.5,0.8,0.2,40,1852.6521493406824,987990.4423311012
27,26,1.1445269294377998,1.5961968350457874,1.5174701834840871,1.1544613966415014,1.0441864905525313,0.05752612720185083,1.0,1.0,0.5,0.8,0.2,42,1892.701343379028,987516.894163803
27,27,1.1458855230725062,1.5920136322058873,1.5113158061708905,1.1670026307100794,1.076283236339482,0.07217944701243134,1.0,1.0,0.5,0.8,0.2,44,1894.4382996506376,982886.3640353974
27,28,1.1429192171518914,1.5762305468700697,1.4819780523374357,1.1658347030430094,1.057345771701206,0.06949367492811359,1.0,1.0,0.5,0.8,0.2,45,1894.2854950323415,982661.2958937816
27,29,1.143601789600255,1.5880766781225135,1.5068107054892135,1.175487367920738,1.036041499501509,0.07093999859480152,1.0,1.0,0.5,0.8,0.2,46,1936.816677537728,982414.7562484992
27,30,1.1410823511287627,1.5728909334485297,1.4781289853629904,1.1772695748995057,1.0545875172779358,0.06876368094463822,1.0,1.0,0.5,0.8,0.2,47,1883.35819338786,982994.9228742372
27,31,1.1246678705246511,1.583518197686218,1.525601527034279,1.1620357302404667,1.0679665593376388,0.047973179858064804,1.0,1.0,0.5,0.8,0.2,49,2321.012789330137,2294271.807718306
27,32,1.1242897885172052,1.571067012575139,1.499833698435245,1.1778920143426876,1.031963514286407,0.04917166262199918,1.0,1.0,0.5,0.8,0.2,51,4423.719729714905,2288867.520308699
27,33,1.1199233595092395,1.574306547039497,1.5149834524204333,1.182131715326519,1.065566918086123,0.045974808137813614,1.0,1.0,0.5,0.8,0.2,52,2495.515087845215,2295973.0359091437
27,34,1.1162462764521657,1.547765917157596,1.4817913358813821,1.1967689221531028,1.3065862441640252,0.07057140197942367,1.0,1.0,0.5,0.8,0.2,53,4273.178005636199,336713823130130.9
27,35,1.1131675437851285,1.531830596548762,1.4523732877133022,1.1951844607741717,1.0551008938203104,0.066741722216461,1.0,1.0,0.5,0.8,0.2,54,4408.031563235105,336713823125067.3
27,36,1.1133961652357824,1.553171774788195,1.4993896426417097,1.2170781144217149,1.045681760653721,0.0684147538481163,1.0,1.0,0.5,0.8,0.2,55,4412.352186754872,336713839803267.25
27,37,1.1108597270988216,1.524341106564526,1.4435073553206184,1.2168817205604494,1.0770836523358154,0.06783753592554043,1.0,1.0,0.5,0.8,0.2,56,4389.609099759395,336713839118937.25
27,38,1.1094533555964998,1.5330195809667908,1.4648899185874844,1.2258730841299075,1.0450687861223111,0.06624714060401386,1.0,1.0,0.5,0.8,0.2,57,4421.687352404844,336713839037884.7
27,39,1.1090593343779467,1.5425957366565466,1.487145615832932,1.2254017653874891,1.046008534598713,0.066741722216461,1.0,1.0,0.5,0.8,0.2,58,4427.582534973454,336713862993723.44
27,40,1.0901448387008248,1.5346088961461992,1.5123799788088605,1.2375119967570793,1.261315655801469,0.05104671380801863,1.0,1.0,0.5,0.8,0.2,59,3426.883855623,3052547.3756847405
27,41,1.0892268289483136,1.5091734927014147,1.4604265087256765,1.223644527752028,1.0360536143801145,0.051031436112183526,1.0,1.0,0.5,0.8,0.2,61,3338.751058443899,3055024.1572588217
27,42,1.0880136605502482,1.5270987823591522,1.5035566644415426,1.2505451945309327,1.0419126207132947,0.05136202814743991,1.0,1.0,0.5,0.8,0.2,63,3260.858062548932,3055887.429088814
27,43,1.0836933228018508,1.4982372836346447,1.4481758946225216,1.2332690583490957,1.043670779998674,0.044509604793924365,1.0,1.0,0.5,0.8,0.2,64,3154.4034015448933,2293594.318166336
27,44,1.100250740448434,1.496055201805752,1.4311760429998548,1.2493213688278872,1.0570933994138478,0.08377668204562067,1.0,1.0,0.5,0.8,0.2,69,6933.497208022809,14622069727070.568
27,45,1.031147736315361,1.4472192944941404,1.4078548503131352,1.1929324068602065,0.9912616859512817,0.07378131321832831,1.0,0.6829631701229557,0.5,0.8,0.2,70,2017.4566527985824,1140452.0858977071
27,46,1.0793118370497579,1.464775737899261,1.4079374536160805,1.2428813227293367,1.2106256242725937,0.056729535202803924,1.0,1.0,0.5,0.8,0.2,71,3029.3191807279627,58457042464867.19
27,47,1.0974185643662373,1.504952492202126,1.474038424323451,1.2767719884757511,1.0497466013013315,0.09316253046964697,1.0,1.0,0.5,0.8,0.2,72,2103.346413422796,157973612876530.7
27,48,1.0976260600342675,1.4938217026510523,1.4498771310040868,1.2677141721115974,1.048015084750366,0.09365944265449244,1.0,1.0,0.5,0.8,0.2,73,2189.3287807341503,14622076171745.746
27,49,1.0807102604070309,1.475148264606868,1.4308071663955735,1.2644037283261855,1.0466434470842234,0.060943318943710835,1.0,1.0,0.5,0.8,0.2,74,2847.703576063498,58457043500556.36
27,50,1.0968089437231627,1.488764119849911,1.4438652065807507,1.2844080224447156,1.058719516446904,0.09468947189437318,1.0,1.0,0.5,0.8,0.2,76,2131.828794182161,14622075446136.98
27,51,1.104667004992943,1.489321920209823,1.4427969258777806,1.314247063319302,1.0656876571893208,0.11479549986803654,1.0,1.0,0.5,0.8,0.2,84,5230.924160377692,14622080222263.666
27,52,1.0749203655006734,1.479349034403412,1.4687964718796016,1.3101473614898695,1.1550508919549523,0.06300069700584228,1.0,1.0,0.5,0.8,0.2,85,6984.307107178172,157973240063618.4
27,53,1.0684074322188457,1.4850855863334986,1.4983503255865516,1.3829256044842921,1.0387103854932314,0.05515819857628403,1.0,1.0,0.5,0.8,0.2,93,4401.529061111107,14615190833864.746
27,54,1.063006148102777,1.505124265136675,1.555655582062862,1.3851537178070867,1.0949541609432942,0.04827323725038048,1.0,1.0,0.5,0.8,0.2,94,6948.82036142042,1911718.6760949872
27,55,1.0603988697096065,1.4354677723857225,1.4186842035931497,1.3449205168550278,1.0554304956500289,0.050891766312895145,1.0,0.992783668887,0.5,0.8,0.2,97,6999.737647858815,1926803.703582128
27,56,1.053499674153957,1.451927056397666,1.4720040613036627,1.3780206296704693,1.0647768108349103,0.04403635794380098,1.0,0.9866615275033179,0.5,0.8,0.2,99,7254.713115225653,1520063.3675531826
27,57,1.0546579967288772,1.422255416676103,1.4253497447671055,1.3663789119477627,1.103543240871959,0.049856009845112584,1.0,0.9960388401353912,0.5,0.8,0.2,101,6349.57600928767,1930449.974212262
27,58,1.0507101541899015,1.4490704131174499,1.4905917591137436,1.4135123424317235,1.0441572936634544,0.04518005715166047,1.0,0.990516958933401,0.5,0.8,0.2,102,7101.4498532184825,1520617.201634256
27,59,1.049429327398824,1.4683352664116238,1.535482995981788,1.4306640030967186,1.0273610968384852,0.044828566097124586,1.0,0.986613084230871,0.5,0.8,0.2,104,7194.532772733102,1521059.328481859
27,60,1.0519655133825638,1.391968542582936,1.3787784808510848,1.3830219723286497,1.1194437161189623,0.04971631984118611,1.0,0.9968524937799271,0.5,0.8,0.2,105,6646.360043597718,1926242.4055390728
27,61,1.0512526774327644,1.3897565648151808,1.387052929935374,1.3936285550371472,1.0767610887170844,0.05098581608135936,1.0,1.0,0.5,0.8,0.2,107,6664.21978820271,1929846.1125454104
27,62,1.0499245308189966,1.3860423278040686,1.382869188294186,1.3997867914165096,1.034091345977417,0.04992217771205954,1.0,0.9977933034819234,0.5,0.8,0.2,109,6636.924165049703,1926149.8931549203
27,63,1.0478946786201684,1.37294585383726,1.3676063163219587,1.4052279018995248,1.1124240584209921,0.04892957024508619,1.0,0.9980417322329764,0.5,0.8,0.2,110,8113.838097303192,1926474.8946214688
27,64,1.0473440539406969,1.3634243921631184,1.356341076901338,1.4089820378699356,1.0958855344684564,0.04970192186916862,1.0,0.999416005271797,0.5,0.8,0.2,111,6637.682853585599,1926937.383487188
27,65,0.9712504748631682,1.2838896884832516,1.2761402973391176,1.3403612047395155,0.9581380607634972,0.053709600728779026,1.0,0.6111688252556906,0.5,0.8,0.2,114,6734.268424393747,1934206.2881144655
27,66,0.9710250945669198,1.300483136954696,1.3176561168541507,1.373498675009394,0.9715748961037538,0.054517429624931925,1.0,0.6115715621919838,0.5,0.8,0.2,116,6649.399137910918,1933739.296347548
27,67,0.9581702174430067,1.2965523770067389,1.3262865769566508,1.3602543974496517,0.9460134100643135,0.04745206750307228,1.0,0.5663852032098158,0.5,0.8,0.2,118,7193.652434769519,1543752.3363185427
27,68,1.050272972271546,1.3717312433835598,1.3873665922759304,1.4672163258272792,1.0521209188672969,0.05959596410979691,1.0,1.0,0.5,0.8,0.2,120,7221.636737598807,157969456527986.72
27,69,1.039033189348279,1.3382244474774225,1.3496180375638427,1.4565357684154476,1.1940828135445516,0.04955596891171986,1.0,0.9814154688355083,0.5,0.8,0.2,121,7245.685491425696,1540042.3495180022
27,70,0.9145911220583667,1.1871350164512493,1.171725837580319,1.3286110408215657,0.9297397601648063,0.04064592615869261,1.0,0.38369284214920335,0.5,0.8,0.2,122,7360.150584671445,824581.2483134728
27,71,0.9577804834794157,1.2399038563375662,1.2480782339749203,1.382850461907318,1.0407072611212256,0.04984731972358941,1.0,0.5830737405923261,0.5,0.8,0.2,123,7338.282837044573,1544622.9072086683
27,72,0.9546557296345147,1.2096674095466267,1.2127833265640637,1.3981386374263134,1.1465702601044012,0.04857471467078842,1.0,0.5827532621080234,0.5,0.8,0.2,124,7391.484641162128,1545689.0531011578
27,73,0.9519909187419604,1.1809322997645844,1.1792353173770116,1.3911255112638223,1.038360688234805,0.04968919541275667,1.0,0.5768151679549753,0.5,0.8,0.2,126,7171.991676554224,1544764.3047490022
27,74,0.9490071157764097,1.1849937249095182,1.1955335960406903,1.3991922140845534,0.9530890240835753,0.0476642529930892,1.0,0.568457570230611,0.5,0.8,0.2,128,7159.084128897982,1540630.4846927351
27,75,0.9486604909055568,1.1769231173090242,1.1860475945031645,1.4062813554768012,0.9666017443302463,0.047608813866794046,1.0,0.5695670301098298,0.5,0.8,0.2,130,7085.04466881784,1541273.8675386815
27,76,0.9476014624374264,1.1736949429119221,1.1824226467467565,1.4053391926575363,0.9529321706328991,0.04728330799267644,1.0,0.565822787521326,0.5,0.8,0.2,131,7169.792206304684,1540870.0268875316
27,77,0.9486077681256389,1.1735955058143426,1.1821208177241478,1.413784929635476,0.9462609534601423,0.04810879716477509,1.0,0.5691704223421012,0.5,0.8,0.2,132,7056.589987241202,1541028.239401223
27,78,0.9895060961683413,1.2737333356364788,1.3588035077411722,1.5306697327957675,1.0091325966875528,0.03085397301859265,1.0,0.8194466632971309,0.5,0.8,0.2,134,6790.651721928669,1122210.378150878
27,79,1.0402566644827378,1.239514403084837,1.243354802262543,1.5351444516617232,1.0968241684603734,0.06232759749133041,1.0,1.0,0.5,0.8,0.2,136,7174.596216386531,157969444364051.2
27,80,0.9872292578759012,1.2848511501343898,1.4162201745101373,1.6099422881713121,0.9901424348776384,0.030415083050548342,1.0,0.8185605667338184,0.5,0.8,0.2,145,6772.260733880137,1122112.055277048
27,81,0.9872292473196097,1.2848495236825739,1.4162181579993032,1.6060815138311684,0.9789305854030077,0.030415180341104207,1.0,0.81856073948799,0.5,0.8,0.2,146,6772.262729074971,1122109.5209961636
27,82,0.9875249241945888,1.2846319541960725,1.4159078966309924,1.6181925516976832,0.9830273985907796,0.031137427759355678,1.0,0.8183753558276935,0.5,0.8,0.2,147,6766.620820825165,1121985.1162479096
27,83,0.9866587477949404,1.2809494733641915,1.4117166887807593,1.62119683222271,0.9992775910193796,0.02980365335757032,1.0,0.8181508088705899,0.5,0.8,0.2,148,6772.290104627146,1121726.2167539916
27,84,0.9864003565314554,1.267078672918339,1.3953919631565581,1.6243251029323256,1.0790750402939708,0.0296150789658493,1.0,0.8209127486883825,0.5,0.8,0.2,149,6650.848381762825,1122596.45116056
27,85,0.9612599538948341,1.1623082855408284,1.2323781906825189,1.5737256639356294,1.2104208775780536,0.0313087648824828,1.0,0.6991329753209955,0.5,0.8,0.2,150,6775.8320970668165,1116862.729088775
27,86,0.9610629146863787,1.168608680084829,1.2508392078514285,1.5851347957412172,0.9723973934040984,0.03130876488248279,1.0,0.6991329753209955,0.5,0.8,0.2,152,6743.290185638607,1117827.335008486
27,87,0.961045995381749,1.1681875938001804,1.2503459735665212,1.5930275133507077,0.958412003850847,0.03130876488248279,1.0,0.6991329753209955,0.5,0.8,0.2,153,6748.147167558724,1117678.0158051697
27,88,0.9601042371815152,1.141869709105684,1.2195108330417772,1.590663505599425,1.139782895377129,0.030510539712189533,1.0,0.7014200736986728,0.5,0.8,0.2,154,6620.529893037982,1118308.9015702216
27,89,0.9671326318478244,1.055603366955959,1.0836926461903493,1.585798206798018,1.3947527481414614,0.032360992457589235,1.0,0.7415572926402858,0.5,0.8,0.2,155,6262.861513120256,1180211.207228551
27,90,0.9695543653374745,1.048885658102339,1.0753668780600243,1.6032920566460427,0.9835581581329653,0.033989143566626315,1.0,0.7508431656405892,0.5,0.8,0.2,159,6280.335703208842,1182657.083778582
27,91,0.9721253128897746,1.0381810469196067,1.0733647858808921,1.6159368715039677,1.145631238577503,0.03554852703802509,1.0,0.762888920479967,0.5,0.8,0.2,160,6279.714901129102,1200472.0804645834
27,92,0.9669790585166076,1.0546516122607703,1.1156975043717643,1.647230424565889,0.9660336375903298,0.033320875768489286,1.0,0.7428209639920478,0.5,0.8,0.2,167,6316.950765730263,1180461.9044245991
27,93,0.970315113646993,1.0434546545192795,1.0909167085909095,1.6378386856023461,0.9924654290638285,0.0340368601069097,1.0,0.7581033171067473,0.5,0.8,0.2,168,6554.1458140880695,1184569.5016712174
27,94,0.9697095778528197,1.0301184226599793,1.0753506400504882,1.6445881001785383,1.0592479144512825,0.03491171551867756,1.0,0.7543324286085802,0.5,0.8,0.2,169,6319.793969076245,1182903.0886746778
27,95,0.968231218760366,1.037459860959386,1.0952752297351673,1.6786347286786938,0.9725696738562373,0.03380410808920585,1.0,0.7499707013353236,0.5,0.8,0.2,172,6289.21141181607,1205751.3101663429
27,96,0.9674274494122553,1.026870601257318,1.0829745009111618,1.6695880596763282,1.036144259250489,0.03491477074231465,1.0,0.7442177632416778,0.5,0.8,0.2,173,6288.904212507316,1138443.775146943
27,97,0.9755091736193514,1.0575684509931813,1.150752420128772,1.7215891291025542,1.0138147801415411,0.0355580202965389,1.0,0.7841344726474047,0.5,0.8,0.2,175,6086.037217679434,1209436.0659683254
27,98,0.967815769631796,1.013414563701704,1.0670998546528716,1.6764913078332877,0.9871622316915992,0.03341335285236871,1.0,0.7513068456155954,0.5,0.8,0.2,176,6306.351243041109,1206229.0128253151
27,99,0.9657383288319585,1.0053194219384793,1.0579533936283605,1.70573598321803,0.9739408357645178,0.03333755349809331,1.0,0.7417126621993065,0.5,0.8,0.2,181,6263.863441123591,1201998.5058623787
27,100,0.9674407068127013,1.0217536910177507,1.0990503861815073,1.7199333760264537,0.9932530735072851,0.03332039482536734,1.0,0.7509582758895448,0.5,0.8,0.2,183,6319.970130500854,1206736.1573494491
27,101,0.9655722315733201,1.0063821569846136,1.0702771492426977,1.7253522014724245,0.9734723271492697,0.03333585221693234,1.0,0.7417939390296373,0.5,0.8,0.2,185,6268.809428351133,1202471.8352689222
27,102,0.9653151415410418,1.014253265407548,1.0906129377033216,1.7374492429051154,0.9861317653204029,0.032945026709002824,1.0,0.7417549187440393,0.5,0.8,0.2,186,6242.078289184955,1203996.4338027835
27,103,0.9654998719518841,1.0134082115916232,1.0895882196457407,1.749589155390457,0.9724004890814888,0.033335852216932346,1.0,0.7417939390296371,0.5,0.8,0.2,187,6262.411491424772,1202710.650374983
27,104,0.9653827603708552,1.0102844015931371,1.0859403484488415,1.7556294415084095,0.9685561477593035,0.033286842095263544,1.0,0.7415987632963346,0.5,0.8,0.2,193,6268.950719292455,1202798.1985463426
27,105,0.9651745368811142,1.00747039755488,1.0826723491235246,1.7760413332842255,0.9693692107785237,0.033009008657199065,1.0,0.7414760900255273,0.5,0.8,0.2,197,6380.558727414306,1202170.8525945428
27,106,0.9652658265013193,1.004647218960009,1.079341592002786,1.7798988206981345,0.9856542644846011,0.03342254397880222,1.0,0.7411494336942834,0.5,0.8,0.2,198,6363.110695161157,1202036.5437607004
27,107,0.9649688312993457,0.9909866198186874,1.0633543356556692,1.7825647189177458,1.059768573099482,0.03336210704326985,1.0,0.7409231247390342,0.5,0.8,0.2,199,6364.46129300545,1201873.960370659
28,0,0.8486429210918783,0.9633719898976904,0.9081254196953299,0.009407871000785729,0.0,0.0,0.0,0.0,0.5,0.8,0.2,1,3480.347090046348,9040.92978374538
28,1,0.8714062347585627,0.997507469681864,0.9415630801945819,0.05064498945163787,0.05252711233438639,0.07620111694837599,9.766164814445e-05,0.00015868913843285,0.5,0.8,0.2,3,3527.433822541549,9171.231888462647
28,2,1.562295930973579,1.7830629768223478,1.7216195304193203,0.8678082080807215,1.1130512271333302,0.3090325132805501,0.6266990721427341,1.0,0.5,0.8,0.2,4,2028.5793936518244,376463.94154822745
28,3,0.6186705049453545,0.9919044041029103,0.9271854987933406,0.1542220395544958,0.782085131201346,0.09336261687406576,0.09055286776452223,0.1471381739012785,0.5,0.8,0.2,5,3315.069434227912,6654.691517103005
28,4,0.5770567434827752,0.9971013816042401,0.92314693791571,0.21299477437784897,0.39484513574989394,0.08903829199436034,0.1434060630721803,0.24216163462559,0.5,0.8,0.2,7,2550.2064140074644,8419.704123893907
28,5,0.5692519702206639,1.0034823107994109,0.9417025177468208,0.21889418180821385,0.22423235960454174,0.0890382920101144,0.14340607206016545,0.2421616498030906,0.5,0.8,0.2,9,2369.7270181589097,7920.08992455419
28,6,0.4940355629304839,0.942463032664518,0.876254614454484,0.187002356251099,0.2634799545009327,0.10131006044856342,0.10901061100658542,0.1732649357401689,0.5,0.8,0.2,11,2953.5447407310294,7972.534556366855
28,7,0.5538217542771453,1.0155675475574155,0.9614196846357064,0.26736201761807993,0.25843101692500153,0.10094744953207688,0.16840098426581918,0.27355406969569135,0.5,0.8,0.2,13,2615.8991531650927,6974.24384098795
28,8,0.580908681153308,1.0712079015544838,1.040170680568477,0.3318945552961398,0.31358733368897485,0.09485386522415465,0.21118949472748935,0.3681787840740657,0.5,0.8,0.2,18,1965.4300903857288,2946.855262663453
28,9,0.5737426054081243,1.0656768041121365,1.033693679968798,0.338377016271968,0.30927351411180765,0.09422536632942824,0.21148666627792273,0.36852265570119774,0.5,0.8,0.2,20,1895.2334033141324,3010.2874087640694
28,10,0.704294818403393,1.189303301928816,1.1411277412775211,0.48688576123164196,0.5736366302628748,0.09108387982011446,0.2931526571325443,0.8170578398451708,0.5,0.8,0.2,21,1702.079526056231,3444.7913286487046
28,11,1.1812506400632168,1.691671041113522,1.665393198034127,0.9957471522599194,1.115831637781647,0.08656743239060292,1.0,0.5205541006977039,0.5,0.8,0.2,22,2035.098513981411,2082.114955608963
28,12,1.173848457413737,1.6956534678784259,1.6808523387687404,1.003862901253987,0.9795991849869503,0.08673202325403424,1.0,0.5285266013856262,0.5,0.8,0.2,24,2247.2663258473067,2366.420116166152
28,13,1.1746597149407279,1.685460848563928,1.6569194823778186,1.02093398529523,0.9857037755460745,0.08568856083664951,1.0,0.5577867574886775,0.5,0.8,0.2,25,1982.213336670941,1955.579077671127
28,14,1.1502434624096107,1.6832859724186777,1.6805377504648327,0.9945056143297675,0.9383762434121862,0.0868675613815617,1.0,0.4379940582354519,0.5,0.8,0.2,26,1990.9392023645955,3025.493591629195
28,15,1.1479131850154745,1.669719022002977,1.6534925057093726,1.0005181048843892,0.9412148415613508,0.0868617506000918,1.0,0.4401471583288247,0.5,0.8,0.2,28,2020.0249142634043,2704.63026022346
28,16,1.1531457274678425,1.674085948947767,1.6550873498578553,1.0224980527274357,1.0650428154773974,0.08827482026086954,1.0,0.5393812873370558,0.5,0.8,0.2,29,2144.0217885661714,2706.4338283501643
28,17,1.1477795163923437,1.6681831648585204,1.6482480087898275,1.0293422137362833,0.970679774010747,0.08723134470484292,1.0,0.5398210195641363,0.5,0.8,0.2,31,2031.601864034335,2713.927231788407
28,18,1.1502236311916476,1.670500814321397,1.6503712130206023,1.0375635836138628,0.9629631687631228,0.08689281284664543,1.0,0.5579341921166263,0.5,0.8,0.2,32,1983.0246866213,2540.580375339263
28,19,1.2077999350139395,1.7251684426487874,1.701733402940188,1.1146393015442344,1.1638054541666583,0.05800320305359356,1.0,1.0,0.5,0.8,0.2,33,2126.588467913282,9840.010561816362
28,20,1.1503420398851796,1.6626012084759174,1.6352838744366545,1.0799212725835312,1.1476800761083732,0.07242229235655467,1.0,0.7644631990279872,0.5,0.8,0.2,34,4390.14890733468,3108.0618536916118
28,21,1.146386687510908,1.6573616905810378,1.6292348285747658,1.0871559727668347,1.0051247943624444,0.07122928254460889,1.0,0.7648831618630936,0.5,0.8,0.2,36,4247.014867321258,3124.291902651549
28,22,1.230518384261036,1.7542104016049562,1.7470074587416433,1.2187428584742739,1.1960603274563257,0.1853541906251089,1.0,1.0,0.5,0.8,0.2,38,2101.003071958928,2648.741841429481
28,23,1.2294226534353219,1.7530675635279112,1.7458367651260975,1.2240286643502227,1.0929782898069287,0.183394031436496,1.0,1.0,0.5,0.8,0.2,39,2150.370045332784,2399.598426161382
28,24,1.2253815315710759,1.7464114426195494,1.7380069819753188,1.2292132437615486,1.1157480341110577,0.18378803705797184,1.0,1.0,0.5,0.8,0.2,41,2383.836075918575,7164.306505579427
28,25,1.149814451819113,1.6406133814620172,1.6028969574295726,1.1421106336012725,1.1652721832149724,0.05567641657073495,1.0,1.0,0.5,0.8,0.2,42,1679.359254237506,4046.293889089019
28,26,1.1422011398791883,1.6210130530753029,1.5789816694409018,1.1704606072659338,1.1205211673231332,0.06686729054340061,1.0,1.0,0.5,0.8,0.2,44,1586.287849736868,5412.469069277427
28,27,1.128269022067298,1.5915608045699314,1.5445220726623854,1.1581471326137842,1.2373170813308576,0.0664402751186812,1.0,1.0,0.5,0.8,0.2,45,1661.0366501293329,3900.9493067165145
28,28,1.1275501470386708,1.589552465656807,1.5420925545270705,1.1615284335876737,1.0399093676053488,0.06734362209942363,1.0,1.0,0.5,0.8,0.2,48,1619.12541510296,4495.844265728108
28,29,1.1099333593968108,1.546950816689765,1.4924268316239344,1.181515128157774,1.3184994703524415,0.06463596563165355,1.0,1.0,0.5,0.8,0.2,49,1401.29655956574,6139.363665258213
28,30,1.108792702673418,1.542837835039172,1.4875205121346144,1.1907841159248271,1.0490332204136636,0.06567526831108095,1.0,1.0,0.5,0.8,0.2,51,1540.4000394044735,6011.801297972284
28,31,1.1059689794815066,1.5353490919553072,1.4788039763960883,1.1991075723906648,1.05759638532753,0.06503591545571265,1.0,1.0,0.5,0.8,0.2,53,1517.4314288052926,6172.298486236879
28,32,1.1380454063835945,1.5919868076421164,1.5721220002207625,1.3177882588711025,1.0758421788969856,0.13819343241174195,1.0,1.0,0.5,0.8,0.2,67,1181.4916467658163,83029.1517128745
28,33,1.137843023618584,1.5894037272798283,1.5689388089453602,1.3282107830634349,1.0822569275991418,0.1400354604733287,1.0,1.0,0.5,0.8,0.2,69,1190.5117210264973,82900.59633661338
28,34,1.1365414887811716,1.597693221877994,1.5898248460858344,1.3373028700297762,1.0776948405862325,0.1389240387002172,1.0,1.0,0.5,0.8,0.2,71,1122.458175610589,87665.87935242073
28,35,1.1377722205604455,1.5988658854248412,1.5909829657849996,1.3393962020362873,1.0713110315207972,0.14143896286836216,1.0,1.0,0.5,0.8,0.2,72,1141.4991199781568,85846.85095829895
28,36,1.1363188314777746,1.5949710661758454,1.5864805066897307,1.3414823882200704,1.095161492368278,0.14074744063754208,1.0,1.0,0.5,0.8,0.2,73,1139.8812355117104,86631.65846314529
28,37,1.1318426575541103,1.5907661452764061,1.5926001908257386,1.3546875065167974,1.1801622638985356,0.14117818827397952,1.0,1.0,0.5,0.8,0.2,74,1208.792491123788,156125.85463958763
28,38,1.1315390929003626,1.5753093046578626,1.563199037010051,1.3518307476604436,1.1100888807027056,0.14369427876042723,1.0,1.0,0.5,0.8,0.2,75,1187.9981251152765,155982.81329081353
28,39,1.131234762657865,1.5735918245639688,1.5611458253526858,1.362699232426741,1.0789181110613366,0.14418227670806377,1.0,1.0,0.5,0.8,0.2,77,1170.1261445287548,156831.20670669654
28,40,1.129154721327667,1.59259291106801,1.605834140378905,1.3775747888646794,1.0831860611185533,0.14103151444298875,1.0,1.0,0.5,0.8,0.2,78,1149.135962408065,156421.49112842293
28,41,1.1289573550695524,1.566227357619651,1.5525800717540343,1.3718273407776231,1.1080023104952523,0.1434803202089065,1.0,1.0,0.5,0.8,0.2,79,1143.6211968052442,157482.37584301122
28,42,1.110524166362436,1.5798020757459799,1.6047808036185516,1.381522664220292,1.0691566933797951,0.1077913049409817,1.0,1.0,0.5,0.8,0.2,80,1111.5221860884485,86248.31347667037
28,43,1.1283721528458774,1.5632535491956274,1.5490464257829029,1.3790894115268906,1.0796512393219062,0.14407039703725638,1.0,1.0,0.5,0.8,0.2,81,1152.4998693199072,157473.1381955399
28,44,1.110086755481325,1.5888313261518539,1.6264048967026512,1.3917867816794913,1.0629879142940712,0.10817751705132313,1.0,1.0,0.5,0.8,0.2,82,1128.1554605673532,86378.45714999501
28,45,1.1268189756958193,1.5590132150636846,1.5441813298980016,1.3817922215529321,1.0879499765360003,0.14288889963686685,1.0,1.0,0.5,0.8,0.2,83,1155.6800807091756,158175.99802581986
28,46,1.1097623202258085,1.5858027315517103,1.6227480250580915,1.402412318917828,1.0638340000062765,0.10945813675770313,1.0,1.0,0.5,0.8,0.2,84,1162.0037420007409,86887.61813493771
28,47,1.108779884467638,1.594471561168739,1.6440580381870802,1.4242672639395426,1.0572233630142178,0.1085832585451286,1.0,1.0,0.5,0.8,0.2,89,1287.273980494226,87272.21631375761
28,48,1.1154647094223307,1.5515408319206303,1.5480225291029959,1.390928891318506,1.0690444373988888,0.12523570910333465,1.0,1.0,0.5,0.8,0.2,96,1997.6002425261452,68571140.6634252
28,49,1.1136867006434228,1.5453947999828677,1.5408818683266567,1.3971942499861136,1.102824028251432,0.12455865132056736,1.0,1.0,0.5,0.8,0.2,97,2051.485871563988,68559410.50777067
28,50,1.1138401001262994,1.545034292466998,1.5404048306682114,1.4010237200943694,1.0673585605630396,0.12519851603945842,1.0,1.0,0.5,0.8,0.2,98,2008.9821853440203,68583119.12464021
28,51,1.1117203655919714,1.5369021215547982,1.530918317829155,1.4036409665336578,1.0899877665176145,0.12475081105549295,1.0,1.0,0.5,0.8,0.2,100,2043.0384408239056,68597884.38355649
28,52,1.110849765526234,1.5395983219996614,1.5449152945535596,1.4184111215615955,1.0984616277012675,0.1275848947858684,1.0,1.0,0.5,0.8,0.2,102,1852.1135092224044,68618960.11966012
28,53,1.1090220889787223,1.5275497244756333,1.5306259094403856,1.425444626802341,1.1105125367957143,0.12965659671143537,1.0,1.0,0.5,0.8,0.2,104,1976.7091312309367,68620229.68395936
28,54,1.1092738279597996,1.526218439389991,1.5289506716026169,1.4330762398248305,1.0725193841958913,0.1310099895228537,1.0,1.0,0.5,0.8,0.2,106,1990.9175964197943,68627809.09174156
28,55,1.1083744772075619,1.5247191840631842,1.5273213932632823,1.4395317723723762,1.0700696666882246,0.12953067201799712,1.0,1.0,0.5,0.8,0.2,107,1986.547767513976,68623681.21697
28,56,1.1084054228028246,1.522977449191117,1.5251958602471933,1.439824870460002,1.0809136179833403,0.13052887335213378,1.0,1.0,0.5,0.8,0.2,108,1960.4419006847568,68623649.13336027
28,57,1.1075842963197755,1.5214979795833605,1.5235741568612704,1.446365107772224,1.0704194586444875,0.12923136999298143,1.0,1.0,0.5,0.8,0.2,109,2003.8560070964984,68635346.90291412
28,58,1.1073963570055847,1.5324788444636066,1.547547869935912,1.464387088276413,1.0645931413734953,0.12887398798395794,1.0,1.0,0.5,0.8,0.2,111,2001.017246961415,68637437.41935742
28,59,1.104346087817473,1.5262409480588408,1.5406230154736902,1.47643849758857,1.0902338934013234,0.1244202051818503,1.0,1.0,0.5,0.8,0.2,112,2011.4147066258377,68615266.54549542
28,60,1.099018738998924,1.5258722654852985,1.5519181027968088,1.3995360784954,1.0766112474455032,0.11688562180290922,1.0,1.0,0.5,0.8,0.2,115,2148.751012252877,68480454.54276727
28,61,1.097643989178981,1.5377686610414414,1.587879859937509,1.4346089803483475,1.085557834509978,0.11846803475389571,1.0,1.0,0.5,0.8,0.2,118,2004.165960845336,68377492.65163252
28,62,1.09584687683133,1.5468769360864763,1.609925608575473,1.4403764429864525,1.0600935147501325,0.11501206192079302,1.0,1.0,0.5,0.8,0.2,119,1899.83059276195,68427035.0458717
28,63,1.0972430033433236,1.5334262538407206,1.5827093497939875,1.4386165985294945,1.090934225990731,0.11945401482157222,1.0,1.0,0.5,0.8,0.2,120,2042.958505113756,68380665.4380291
28,64,1.5362157495020456,1.9553514758322033,1.990410703991057,1.9521461270384333,1.5504945716713572,1.0,1.0,1.0,0.5,0.8,0.2,121,3.6809624162285695e+19,132095549.8447564
28,65,1.0900995031017418,1.490732877176124,1.5219845647643262,1.4303189991101282,1.2122548073523907,0.11522937757490843,1.0,1.0,0.5,0.8,0.2,122,1924.19735487862,68476612.19685695
28,66,1.5314115207180368,1.937526515570832,1.980614718079566,1.9643379562133871,1.5474744599015076,1.0,1.0,1.0,0.5,0.8,0.2,123,3.6809624155643728e+19,132132907.47725956
28,67,1.530958270006762,1.9122100490540732,1.9287991999066678,1.9490525082692784,1.5204816957396836,1.0,1.0,1.0,0.5,0.8,0.2,124,3.687103261411226e+21,480351633.3987812
28,68,1.5284586702545842,1.9176879319799476,1.9573788360825712,1.969953797137354,1.618075555892674,1.0,1.0,1.0,0.5,0.8,0.2,125,3.680962415449584e+19,132129489.28430375
28,69,1.5283535707300724,1.9281509772988674,1.9807153071654728,1.981279288105332,1.5025828305150437,1.0,1.0,1.0,0.5,0.8,0.2,127,3.6809624158172537e+19,132129413.71305884
28,70,1.5235607110104454,1.8803319537899261,1.9136252739625443,1.9704447418322857,1.7557232655115451,1.0,1.0,1.0,0.5,0.8,0.2,128,3.687103261301397e+21,480145321.2326597
28,71,1.5226098900686635,1.8722983181765922,1.9042158309767403,1.9772536344734084,1.5280535016886432,1.0,1.0,1.0,0.5,0.8,0.2,130,3.68710326125507e+21,480137011.00751054
28,72,1.5193081323065527,1.8532073636245905,1.8929371238817911,1.966938503126387,1.7121093420972178,1.0,1.0,1.0,0.5,0.8,0.2,131,3.687103261331296e+21,480196318.5256917
28,73,1.5172759899970774,1.820960839231975,1.8440865231490722,1.983865513780284,1.6464548494823896,1.0,1.0,1.0,0.5,0.8,0.2,132,3.687103261287532e+21,480274923.18423146
28,74,1.5157822930124283,1.804191073671721,1.8244448145177936,1.9899233398359781,1.5585598037018342,1.0,1.0,1.0,0.5,0.8,0.2,134,3.687103261285444e+21,480272025.68081343
28,75,1.5148169478684617,1.8038491440861355,1.835126023754772,1.9964609434771152,1.540320323782423,1.0,1.0,1.0,0.5,0.8,0.2,136,3.687103261285084e+21,480261084.0950256
28,76,1.5118632588223673,1.7755095071384213,1.8130146660593263,2.01942942108687,1.592065986939569,1.0,1.0,1.0,0.5,0.8,0.2,139,3.687103261069562e+21,480204077.2959057
28,77,1.5108409451085536,1.7600159937563657,1.7948678175422905,2.0370051892661425,1.5180337305184513,1.0,1.0,1.0,0.5,0.8,0.2,145,3.687103261060936e+21,480140936.45717657
28,78,1.509621650998598,1.7400177290490126,1.7714446679320024,2.046566741639166,1.5698369364101592,1.0,1.0,1.0,0.5,0.8,0.2,147,3.687103261062234e+21,480187260.11746246
28,79,1.509308944631131,1.734587887229913,1.7650850492860273,2.05366764311398,1.518959218010558,1.0,1.0,1.0,0.5,0.8,0.2,149,3.68710326101468e+21,480193194.7791296
28,80,1.5092666603346443,1.7450476842177698,1.7884177146500881,2.073124414595355,1.5010402559741296,1.0,1.0,1.0,0.5,0.8,0.2,154,3.687103261102467e+21,480073409.1707244
28,81,1.50824471845286,1.726261217961732,1.7664139669356522,2.079470173994525,1.6312180870238613,1.0,1.0,1.0,0.5,0.8,0.2,155,3.687103261048181e+21,480055345.6001597
28,82,1.507316243814399,1.6965116343678555,1.7204879299002338,2.0888271138163397,1.6295743924430754,1.0,1.0,1.0,0.5,0.8,0.2,156,3.687103261109945e+21,479972780.460704
28,83,1.5061276470165625,1.670264777448718,1.6897460548803027,2.0940587304851026,1.5916316147195033,1.0,1.0,1.0,0.5,0.8,0.2,158,3.687103261146936e+21,479950381.1910151
28,84,1.5061148175740402,1.6699643068253847,1.6893940258875493,2.101683478024709,1.5010489182956523,1.0,1.0,1.0,0.5,0.8,0.2,160,3.687103261164197e+21,479951256.8281539
28,85,1.5056524118118475,1.670053550447223,1.7005804771085353,1.9742253329936275,1.5258792438427746,1.0,1.0,1.0,0.5,0.8,0.2,163,3.687103261144979e+21,479944667.1276971
28,86,1.5056229097024671,1.6693250694651323,1.699727208698141,1.9666625956304749,1.5025400603461374,1.0,1.0,1.0,0.5,0.8,0.2,165,3.6871032610986514e+21,479936309.70418006
28,87,1.5054003251550816,1.7422900221100217,1.8627600044146335,2.046554191030842,1.5194585770997524,1.0,1.0,1.0,0.5,0.8,0.2,167,3.769201408356245e+21,490651986.5204255
28,88,1.5051717628382975,1.736316512249841,1.8557635184054402,2.045984880899946,1.5204955458431961,1.0,1.0,1.0,0.5,0.8,0.2,169,3.769201408409344e+21,490662799.8536372
28,89,1.5050665912768064,1.6663349807215824,1.7073066258483633,2.1396011333491796,1.519231815576685,1.0,1.0,1.0,0.5,0.8,0.2,170,3.8531275777160847e+21,501585708.853501
28,90,1.50505924431854,1.6661412776113484,1.707079988729823,2.147379477818672,1.5006763657745765,1.0,1.0,1.0,0.5,0.8,0.2,172,3.7692009835348833e+21,490665419.8082138
28,91,1.504949193351808,1.7304493424907774,1.848891571264513,2.0412480923353744,1.5203962831910458,1.0,1.0,1.0,0.5,0.8,0.2,173,3.769201408455525e+21,490668857.5412674
28,92,1.5048503502141795,1.649364929906572,1.676348809092151,2.1546687972798666,1.518553969047686,1.0,1.0,1.0,0.5,0.8,0.2,174,3.687103261176955e+21,480021814.41588897
28,93,1.5046966303457652,1.6451673168315266,1.6714322140451758,2.1581773091637144,1.5097628636337759,1.0,1.0,1.0,0.5,0.8,0.2,177,3.687103261143144e+21,480019594.6838929
28,94,1.5044635542388436,1.638654925944463,1.663804503635183,2.173171822990252,1.522738024157678,1.0,1.0,1.0,0.5,0.8,0.2,179,3.687103261171676e+21,480024913.3708229
28,95,1.5044310345369587,1.6489355518294728,1.6869273951521178,2.185445440165081,1.5032307442851192,1.0,1.0,1.0,0.5,0.8,0.2,181,3.6871032611550265e+21,480020853.317567
28,96,1.504272426508178,1.6443740401929678,1.6815849532900504,2.1928686346526503,1.531856367439502,1.0,1.0,1.0,0.5,0.8,0.2,182,3.6871032611146967e+21,480014290.4726703
28,97,1.504252559691052,1.6437961791933282,1.680908125879006,2.1973214310433042,1.5013449698957044,1.0,1.0,1.0,0.5,0.8,0.2,185,3.6871032611457566e+21,480009003.7864539
28,98,1.5041566829845694,1.6409924420739226,1.6776241185987975,2.200406844934271,1.5196241075972876,1.0,1.0,1.0,0.5,0.8,0.2,186,3.687103261117569e+21,480003048.6765898
28,99,1.5040111666499232,1.625579538591669,1.6484898973256426,2.210980624147915,1.515134316876277,1.0,1.0,1.0,0.5,0.8,0.2,188,3.687103261205944e+21,480028744.617792
29,0,0.7685321822261556,0.941235126597292,0.8821974509295205,0.007364632186192171,0.0,0.0,0.0,0.0,0.5,0.8,0.2,1,4550.314266473199,6910.691873093363
29,1,0.7921319933673896,0.9758861741976576,0.9160632885632202,0.04957489257625544,0.05525012646548223,0.07828222811733856,8.264843040355e-05,0.00014630752434526998,0.5,0.8,0.2,3,4398.710849393001,6822.243075377565
29,2,0.7778600766018255,0.9788986351657798,0.9177996074040801,0.06167073447513747,0.10174128653412237,0.07667874631684042,0.009109039184304819,0.020367546672043248,0.5,0.8,0.2,4,4129.500744887352,6728.591920403141
29,3,1.060184771877856,1.3008586480272124,1.2365775180349228,0.40586635816700384,0.5200155772532442,0.21486972461500292,0.10350778871163077,1.0,0.5,0.8,0.2,5,4655.13506827938,1060241.6583891036
29,4,1.0166973567283915,1.2931818459713995,1.2397220979126224,0.39742908123204845,0.4733460853878976,0.07978697239320108,0.2759720072224809,0.6170653812716785,0.5,0.8,0.2,6,2342.9937892053704,6892.016042090561
29,5,0.6323002774071664,0.9768880863878132,0.9304278326917412,0.10581868820138718,0.3359811085176318,0.09560495896316087,0.037975799267912405,0.06722626369055677,0.5,0.8,0.2,7,2027.4678165814817,5390.405004828072
29,6,0.7533989351747405,1.118141701438765,1.0548263934243234,0.28402566743652186,0.42974572298352803,0.09406993140947875,0.22979188344466822,0.1786183410410689,0.5,0.8,0.2,8,1539.0065515231986,2253.275923235771
29,7,0.5180530509206012,0.9438511829577305,0.8842123033691939,0.14791320345729295,0.5099166394046469,0.09274375558859912,0.07059200465420393,0.16349132855538043,0.5,0.8,0.2,9,2487.5669897678827,4118.33623901456
29,8,0.7387399513690838,1.192556938606865,1.1239641633417214,0.45197212875734194,0.8016297818021079,0.09399142763901433,0.3801123382120926,0.42723758298312325,0.5,0.8,0.2,10,3567.868646527233,4112.657795441179
29,9,0.46563027477670976,0.9211367433817385,0.8517156322291932,0.18267926655429123,0.20373144716570452,0.0907018132754416,0.09850047244610388,0.2289927854188476,0.5,0.8,0.2,11,3322.7339117042275,5985.522489612384
29,10,0.44603794540559477,0.9090658346949065,0.834465016668331,0.20401111854293952,0.29374373246347146,0.0946150405930771,0.11324981312291431,0.25108300880030854,0.5,0.8,0.2,13,2089.8917954086846,3716.4380842216897
29,11,0.4433127627588236,0.9067022709282277,0.8317155046727371,0.21238166922805635,0.195886767465463,0.09428729641635626,0.113303982423492,0.25113872717127145,0.5,0.8,0.2,15,2140.0684522274346,3601.610033230182
29,12,0.44291337647296575,0.9064047519733565,0.8313054728530249,0.2233633371647103,0.19296670715120262,0.09329969139977368,0.1142644466166501,0.2515608121873613,0.5,0.8,0.2,16,2129.260598632798,3595.912264792455
29,13,0.4229365736525426,0.8998904424928109,0.8333516020762973,0.23335454848902318,0.37765231647049874,0.09413211165193727,0.12379546482736148,0.252395597320214,0.5,0.8,0.2,17,2216.1604598608205,3447.379059122389
29,14,0.42012070904607507,0.8971312272903147,0.830070061636546,0.2431563228509905,0.2075220054460524,0.09459474389504038,0.12386229335248271,0.25242397646868164,0.5,0.8,0.2,19,2112.8860712104715,3536.90051407768
29,15,0.41596376724498063,0.8929744793202187,0.8259086992678292,0.24460403986587653,0.1928359061207066,0.09432265345430708,0.120401700214596,0.2462978974578874,0.5,0.8,0.2,21,2161.687191844156,3564.9356417217723
29,16,0.41542394312944714,0.8924435195153793,0.8252180454845864,0.25049966237242627,0.19640126596060764,0.09447430073632854,0.12072014121802599,0.246653280938341,0.5,0.8,0.2,23,2092.6914392800145,3567.793517100608
29,17,0.6203904273649485,1.0850082947707238,1.000434311603462,0.47175108910080943,0.5997266298846692,0.06841426637578397,0.23511815489686544,1.0,0.5,0.8,0.2,24,2280.2287687153243,4686.648663334227
29,18,1.2293790380260787,1.7154850884891706,1.6555688761036123,1.1036763920692225,1.0491544657991034,0.07642621060369668,1.0,1.0,0.5,0.8,0.2,29,3651.158036222367,7137.604079394128
29,19,1.223791055061422,1.720533115404217,1.6729221719699954,1.1110395399316855,1.0502845007371164,0.07223336898175212,1.0,1.0,0.5,0.8,0.2,31,3680.708368172698,7638.12154481826
29,20,1.1908216132757525,1.6779711525426522,1.6230190171880452,1.1132372656655976,1.1861111598584897,0.07284213211167448,1.0,1.0,0.5,0.8,0.2,33,3646.6328793384746,7148.4059851489965
29,21,1.1904437354013429,1.6887780170285993,1.6468150231834549,1.1238943710607157,1.036323176669443,0.07218051630100922,1.0,1.0,0.5,0.8,0.2,35,3653.285670787968,7134.991173970511
29,22,1.1902347303961638,1.6883467215020607,1.6462555441364797,1.1353593051259703,1.0390201862558857,0.07281455104404011,1.0,1.0,0.5,0.8,0.2,37,3563.452249215969,7069.679710497774
29,23,1.179903625097635,1.705040012939804,1.6985173394806168,1.1326377830959136,1.1795511314224059,0.07906936323289364,1.0,1.0,0.5,0.8,0.2,38,4243.906577692405,8466.954791858157
29,24,1.1664935762321471,1.6505763542055514,1.6017433572657882,1.1563823271346723,1.082981848289316,0.07600720668713665,1.0,1.0,0.5,0.8,0.2,41,3622.582389230693,2472.0922977626374
29,25,1.1596919458397268,1.6488127752891446,1.6105229690741731,1.182556121082862,1.0560907570730285,0.07877189515868381,1.0,1.0,0.5,0.8,0.2,47,3351.6414788699485,2435.824907459521
29,26,1.159503781514503,1.6484715295627301,1.6101232373642282,1.189890385926131,1.040576848793112,0.07877189515868381,1.0,1.0,0.5,0.8,0.2,49,3384.436521207831,2408.4078374438827
29,27,1.1591608174003856,1.6364334574556259,1.584897635249992,1.1868169378830595,1.0472618239985636,0.07928595902145075,1.0,1.0,0.5,0.8,0.2,50,3384.5143592641834,2415.723608828354
29,28,1.1576514138447176,1.6335780834298053,1.5815355428446864,1.1931086296211633,1.0500783674636205,0.079492644377954,1.0,1.0,0.5,0.8,0.2,52,3285.857547685624,2416.6557963985997
29,29,1.1407893139370067,1.6260925061130969,1.5954871520757432,1.2022702490417105,1.2228071422937568,0.07300476276291638,1.0,1.0,0.5,0.8,0.2,53,3770.471504617565,2606.4133166062807
29,30,1.1663200895192924,1.6454197080218924,1.6128192256871838,1.2302413922784508,1.1080761045348646,0.13495893240148163,1.0,1.0,0.5,0.8,0.2,55,3357.91555693876,2362.6013038075207
29,31,1.124237223696257,1.6051442039911155,1.58267162602591,1.2004531409292558,1.0913497864242476,0.06554628059038047,1.0,1.0,0.5,0.8,0.2,57,4127.908437480862,2555.4680776018336
29,32,1.1232966004419478,1.6029086704850088,1.5800528397312,1.2067103485823951,1.04059176752399,0.06555141378306792,1.0,1.0,0.5,0.8,0.2,59,4198.307208352197,2634.700623919024
29,33,1.1158985452485193,1.6008273549941554,1.589262020744916,1.2200246317395183,1.0992532149799148,0.05894979906737905,1.0,1.0,0.5,0.8,0.2,60,4327.200886249745,2630.615875303152
29,34,1.1178899737310826,1.6139441558514387,1.6153574762748222,1.2279905937118507,1.032365062843861,0.06303012486143875,1.0,1.0,0.5,0.8,0.2,61,3778.853985424709,2533.0933310830405
29,35,1.1156260393792048,1.6115000429821942,1.612861890518554,1.2292521535561944,1.031468024032399,0.05874301133440958,1.0,1.0,0.5,0.8,0.2,62,4187.828709733204,2666.013328409921
29,36,1.110826356209191,1.600350889728143,1.5999260563275468,1.233548052884012,1.1015984466791957,0.05731232550501185,1.0,1.0,0.5,0.8,0.2,63,4077.010216618821,2651.014025314279
29,37,1.1105052759200773,1.5998043506214332,1.5993179060048675,1.2367905921823674,1.030910375104006,0.05693695749173662,1.0,1.0,0.5,0.8,0.2,64,4098.625482735918,2543.8613942783472
29,38,1.1096700492994052,1.5975182623161217,1.5966313376553167,1.2461164769713746,1.0366893084398003,0.05704169375275366,1.0,1.0,0.5,0.8,0.2,66,4020.0571991251554,2670.033613850375
29,39,1.1100602418474457,1.5971993874484285,1.5961176016137697,1.2538388886959444,1.037285316920887,0.058679143479853604,1.0,1.0,0.5,0.8,0.2,67,3742.775489308072,4540.093005509732
29,40,1.1056941392239297,1.5907921546759716,1.5891531906374428,1.2503861522025048,1.0489143550977513,0.052373307596562335,1.0,1.0,0.5,0.8,0.2,68,3973.090467680255,2740.743386168041
29,41,1.10601050064288,1.579491850217997,1.5647399805186812,1.2621439785688966,1.0278944393342748,0.05349235403268765,1.0,1.0,0.5,0.8,0.2,72,3352.970175151296,2668.8087663431597
29,42,1.1099471506856649,1.6034246669136507,1.6240663506104647,1.4118057283745418,1.0442924874584705,0.07626958794082121,1.0,1.0,0.5,0.8,0.2,96,3105.482438163356,101918.73943282836
29,43,1.0993259496689236,1.5693836496216307,1.5842056442566703,1.4158079002881399,1.156426983083879,0.07615187129487754,1.0,1.0,0.5,0.8,0.2,98,2850.4615952546787,263204.2741812015
29,44,1.0972641071724816,1.5777795747896393,1.6054227079045416,1.4320281150916077,1.0387488482536853,0.07263036881042403,1.0,1.0,0.5,0.8,0.2,101,2862.8205025983216,88895.02851235088
29,45,1.09641118637778,1.5831667568446017,1.6226247203401962,1.4544388182020727,1.0535397951721899,0.07484247416769994,1.0,1.0,0.5,0.8,0.2,104,2892.810067552934,93519.81377725845
29,46,1.0959257912224631,1.581402758798578,1.6205576400289388,1.4616652869212685,1.043606993226029,0.07485379121604903,1.0,1.0,0.5,0.8,0.2,106,2898.448128553023,93464.68756086253
29,47,1.0960295933662103,1.5808153829491138,1.619806863516138,1.4582539867021171,1.0444607722709884,0.07558803239344512,1.0,1.0,0.5,0.8,0.2,107,2847.130239287369,93577.52637714948
29,48,1.0940907539903606,1.5697536659665234,1.6066070579234737,1.4622393094216866,1.1269348696182442,0.07843366448606862,1.0,1.0,0.5,0.8,0.2,108,2643.626838913403,92702.32054765437
29,49,1.087618675644802,1.5681586979335387,1.6165576953963332,1.4829646385936603,1.0942058482359112,0.06982551220690822,1.0,1.0,0.5,0.8,0.2,109,54817.901365634905,93701.62832116552
29,50,1.0914844933617236,1.5708168134549798,1.6189433488832299,1.4834330709403,1.049928984072576,0.0783268173395213,1.0,1.0,0.5,0.8,0.2,110,2612.7877566549605,80882.71766018524
29,51,1.080670927764381,1.5537726972011312,1.610987930988481,1.4870498617925312,1.1933668994808444,0.06751236400429486,1.0,1.0,0.5,0.8,0.2,111,53877.49216217581,108915.24932784536
29,52,1.0807973727330715,1.552849964773323,1.6098333704323857,1.4947180825463877,1.0436932032639952,0.06837498146651659,1.0,1.0,0.5,0.8,0.2,112,53991.15549099486,109097.57874567792
29,53,1.0769198158155642,1.5413599124086284,1.5966766253452513,1.4884507372608504,1.1001453160598558,0.06485853453741758,1.0,1.0,0.5,0.8,0.2,113,28425.780100565014,108395.380021846
29,54,1.0767386647304527,1.5395152651715784,1.5944699301198602,1.4960105507381172,1.0474679245771412,0.06539651552991253,1.0,1.0,0.5,0.8,0.2,114,28590.583261060423,108746.16440162688
29,55,1.0761616527734357,1.5358180328761908,1.5900963837182729,1.5033948187667077,1.046744580030922,0.06590165015492135,1.0,1.0,0.5,0.8,0.2,116,28476.675130850857,108671.65891904484
29,56,1.0732740211762353,1.5309486778242256,1.5847990554418365,1.5082861323048673,1.0480225784564574,0.06116058287391056,1.0,1.0,0.5,0.8,0.2,117,28527.65061087104,inf
29,57,1.0755015080025003,1.532700772306653,1.5864485285933927,1.5143353106176227,1.0350388216880801,0.0658635769658286,1.0,1.0,0.5,0.8,0.2,119,28741.31889080435,107727.67891603777
29,58,1.0743045668802587,1.527669231868581,1.5805929422233636,1.5136717290423143,1.0663053444091979,0.06542376234640605,1.0,1.0,0.5,0.8,0.2,120,28813.35335070124,108587.9792393514
29,59,1.06927984764887,1.5397629075792334,1.6175579801617654,1.524334883639222,1.044345841086523,0.05798638832648283,1.0,1.0,0.5,0.8,0.2,123,2850.131993030536,128729.9301223804
29,60,1.0675775628251891,1.521755892457878,1.5854687218709194,1.5192593421280276,1.050574938352455,0.057013643944171535,1.0,1.0,0.5,0.8,0.2,125,2824.455142687239,128103.15330796751
29,61,1.0674349983014506,1.53189767443765,1.6084167999224286,1.534477048431378,1.0325277934210917,0.057156529523966035,1.0,1.0,0.5,0.8,0.2,127,2794.9188282425653,128542.40645583766
29,62,1.065788738333136,1.5408950809381443,1.6302959948215843,1.5522215477571444,1.0295251151224418,0.05412951160315134,1.0,1.0,0.5,0.8,0.2,129,2869.051090897688,105501.254442095
29,63,1.065237167649063,1.5130351294527784,1.5754033254757815,1.5557910028402582,1.0360987437779121,0.05527523415199172,1.0,1.0,0.5,0.8,0.2,134,2656.218124949381,102150.55405474742
29,64,1.0645455901905991,1.5196232996540167,1.5941727934151642,1.567120831531951,1.0609026978894711,0.0556097251086294,1.0,1.0,0.5,0.8,0.2,135,2785.890857160867,106533.29613948062
29,65,1.0610832771329564,1.4964326304251327,1.5776363680241532,1.574169462959803,1.2892803756247289,0.0609339527943619,1.0,1.0,0.5,0.8,0.2,136,2634.676820256075,131631.01078874076
29,66,1.060206601001086,1.5027591924285988,1.5961571410012387,1.5890185512736477,1.0467458010666026,0.06059717184489631,1.0,1.0,0.5,0.8,0.2,138,2665.55084771835,128982.45111895306
29,67,1.0570406510397843,1.4771776780469088,1.5553304909365313,1.5863945640008152,1.0747931794884371,0.05805413664469259,1.0,1.0,0.5,0.8,0.2,140,2593.3789037485158,128086.5739183782
29,68,1.0562192380638806,1.4727311180685654,1.5501625978556766,1.5972567418506731,1.043533562817547,0.057585135888077586,1.0,1.0,0.5,0.8,0.2,142,2658.685321271992,127340.6932464486
29,69,1.0609721213469934,1.46686025531688,1.5421909258591688,1.6219921059808138,1.0779938268926614,0.07037720008006063,1.0,1.0,0.5,0.8,0.2,144,2568.771034270313,20030.623096154864
29,70,1.0492280362686681,1.4314874467801073,1.5238968559892,1.6702526857013063,1.055498800858318,0.059014152205583516,1.0,1.0,0.5,0.8,0.2,158,2669.8429797299987,127039.691726237
29,71,1.0490814284184715,1.4301893752132655,1.5223789720302008,1.6779169871938528,1.033977770458899,0.05898555833006258,1.0,1.0,0.5,0.8,0.2,160,2675.97642051063,127022.73256809074
29,72,1.0491781850533106,1.4365906681460874,1.540846756487391,1.686227513287501,1.0682507304585178,0.06028700065494831,1.0,1.0,0.5,0.8,0.2,161,2598.294669942009,127791.51831953056
29,73,1.0481026115119398,1.4228717230005352,1.5138535016242247,1.684800152083432,1.0403724198241524,0.05845484931000909,1.0,1.0,0.5,0.8,0.2,162,2642.313402605868,126445.02951970843
29,74,1.048160374700417,1.4065052687476916,1.4834931682131631,1.6766720349455706,1.0711394976986093,0.059731967034594505,1.0,1.0,0.5,0.8,0.2,163,2627.490465290274,127696.24164749152
29,75,1.0474982151934742,1.410667748557818,1.4994501536166565,1.688155661785965,1.0540758429624928,0.05973196703459458,1.0,1.0,0.5,0.8,0.2,165,2566.8712591606622,127435.73632522993
29,76,1.0473406531906235,1.408915811881574,1.497396975985288,1.7119172485532765,1.0360208186492208,0.05974654911778332,1.0,1.0,0.5,0.8,0.2,167,2587.731803854382,127718.70831026466
29,77,1.045243797618382,1.424778807256776,1.5384216218173228,1.7365886778020279,1.0320327733821886,0.05645758258587681,1.0,1.0,0.5,0.8,0.2,176,2669.9655956564397,1121609.6308103888
29,78,1.0467986233698843,1.44208630767421,1.5804777056730697,1.7630188585188762,1.047466870311252,0.06088088487270663,1.0,1.0,0.5,0.8,0.2,179,2549.6815805548763,127688.3707386224
30,0,0.9730560317336571,0.993900489087531,0.9438821166778277,0.012207057973661237,0.0,0.0,0.0,0.0,0.5,0.8,0.2,1,1170.9783780536643,7719.731526176145
30,1,0.9854732609409019,1.0247291694792406,0.9737565072128092,0.051491269237196435,0.055860917488241575,0.07258063709722555,0.00010534518783734,0.00013170592161439,0.5,0.8,0.2,3,1145.7727092243035,7700.219769258982
30,2,0.9482709053487484,1.0214917801700356,0.9686724720312783,0.060362531570704696,0.11925631623865811,0.059825054517621976,0.01493926568646248,0.01041349088523862,0.5,0.8,0.2,4,1169.878971419404,7465.379835063111
30,3,0.6608479092698484,1.011272285483024,0.9496679626527815,0.1570295341764134,1.0382031810287276,0.08893553371902074,0.10024776216838771,0.12533295708335995,0.5,0.8,0.2,5,1555.817979201968,4775.590191410123
30,4,0.6326245076831198,1.0367409941755956,0.9664329717109577,0.23329572200294937,0.4036975911395746,0.09393858058418711,0.16150671370832997,0.24924574216715895,0.5,0.8,0.2,7,1672.2249452903875,5821.679954159035
30,5,0.6005501750353246,1.03881486851588,0.9590930507504448,0.29038868678976293,0.47483025045327526,0.10818995213594736,0.20271156678949187,0.3340102735582517,0.5,0.8,0.2,9,1882.80062284089,5678.038233519287
30,6,0.5709323377902408,1.0213491414084543,0.9542475630000685,0.2765343306577652,0.26050146683647263,0.10984036030317076,0.1800618721943898,0.28824109009283816,0.5,0.8,0.2,13,1835.6936858507036,4766.626082707609
30,7,0.7640751327520059,1.203819804504209,1.1235101901222317,0.48080503399288926,0.45365536166871767,0.11554769800632347,0.24216207547061624,1.0,0.5,0.8,0.2,17,1500.24660414842,74204.0637738819
30,8,0.9158588630692166,1.3579121854198406,1.2765799710974943,0.6486251156824077,0.6323448294371434,0.09218915107081524,0.4568409663031824,1.0,0.5,0.8,0.2,19,1954.9701866827425,5802.265774442779
30,9,0.777989380451217,1.2261175611761146,1.1415129616535962,0.5393092577665137,0.5656901300123018,0.10478673989408238,0.3081086156551112,1.0,0.5,0.8,0.2,21,1246.6748545294408,73108.15217989663
30,10,0.8079609107943433,1.2604375811243687,1.1721191459756464,0.5984333939123646,0.6305349630328199,0.11129244849986986,0.3740509639630303,1.0,0.5,0.8,0.2,23,1452.9992078994546,71601.58450982237
30,11,0.8069010371462377,1.2707120522768371,1.1952349509816353,0.6055261381998585,0.5581271288130896,0.11129244849986986,0.3740509639630292,1.0,0.5,0.8,0.2,25,1383.976096019025,72006.82344692678
30,12,1.29533825922629,1.7847971984365991,1.730018098509379,1.1456906910295166,1.1900194201237462,0.15505717505962965,1.0,1.0,0.5,0.8,0.2,27,2080.1306163187774,65098.15400873625
30,13,1.2740259908633038,1.7720565947812696,1.7261768042041534,1.1510956386918,1.1568051087170876,0.1550630571289367,1.0,1.0,0.5,0.8,0.2,29,1753.6135712237294,67077.31268720166
30,14,1.2726104022605444,1.7362154906332625,1.6501809789693656,1.1362771238483507,1.097720673794971,0.1640741794536144,1.0,1.0,0.5,0.8,0.2,32,1859.0743328878311,96588.82085020392
30,15,1.2461411877143274,1.7498429750261046,1.711372099307072,1.161316142538366,1.257827394039612,0.15352712290488,1.0,1.0,0.5,0.8,0.2,33,1706.0577308736647,105129.14813056707
30,16,1.2351453592177826,1.736931433814776,1.6971118556625047,1.1617213520693388,1.0991928032605458,0.1434557107013964,1.0,1.0,0.5,0.8,0.2,35,1640.9422131227377,92955.33670594728
30,17,1.2371579487655389,1.7385312587911903,1.6984376981014084,1.1678596433184072,1.0860985604631441,0.1498544538569638,1.0,1.0,0.5,0.8,0.2,36,1672.479025805648,95034.62954537629
30,18,1.2291179396323957,1.729741816792703,1.6891630687848918,1.1647333996787226,1.0887828826090378,0.13794236888189956,1.0,1.0,0.5,0.8,0.2,37,1655.6690226627404,104130.16592782114
30,19,1.2066266427076242,1.7062014525778635,1.6722196187510752,1.185705704473518,1.332760016785838,0.1432387563018109,1.0,1.0,0.5,0.8,0.2,38,3670.1870799404337,65021.48636437114
30,20,1.2011038034988595,1.698809124014174,1.6639194567276838,1.1896278905886712,1.089167905749551,0.1390559679050995,1.0,1.0,0.5,0.8,0.2,40,3143.4595670675285,75941.7001096269
30,21,1.1950632806059793,1.6994401550643723,1.6757402162940471,1.1971858320033761,1.1053453775636062,0.1390559679050996,1.0,1.0,0.5,0.8,0.2,42,3119.700378400338,75755.88873381374
30,22,1.195063280504136,1.710644503724842,1.699944981815179,1.2157849909821798,1.0695284451240465,0.1390559679050995,1.0,1.0,0.5,0.8,0.2,44,3119.70037797808,75755.88872832835
30,23,1.1943146973226253,1.6984029148689657,1.6745854347114437,1.2253213888860564,1.0740083340167312,0.138353992870827,1.0,1.0,0.5,0.8,0.2,45,3089.3396574417598,75398.80124082275
30,24,1.1904950701173636,1.6874879757306511,1.660946296360221,1.2255357404450322,1.1852858793898586,0.14833895288501192,1.0,1.0,0.5,0.8,0.2,46,3088.0983974113174,75456.6502006379
30,25,1.1597814443862737,1.7201973612626003,1.7702617355432593,1.3318840675340853,1.0495678663029666,0.09562207791783636,1.0,1.0,0.5,0.8,0.2,79,3377.242162766596,33508.97880481771
30,26,1.1464310872318635,1.698462285436613,1.7456512946713814,1.328839260378299,1.161204852817025,0.08573146314788209,1.0,1.0,0.5,0.8,0.2,80,3447.1169068015724,34908.43875449611
30,27,1.1420297264640138,1.699533682891505,1.7579286884189207,1.3523122071198348,1.0574155922084902,0.08642242503727054,1.0,1.0,0.5,0.8,0.2,85,3331.7452756774774,40803.12306012736
30,28,1.1367532703275538,1.6877841165231355,1.7441818815833954,1.351204767764742,1.1246315861720058,0.08624836091083972,1.0,1.0,0.5,0.8,0.2,86,3455.0542578820823,42938.57599087731
30,29,1.1335217186388424,1.6803887779434532,1.7355334349544627,1.3644380695702876,1.0688839326663766,0.08609124422578243,1.0,1.0,0.5,0.8,0.2,88,3407.010161641316,41077.16274447243
30,30,1.1327711642344984,1.6897506390319945,1.7575802922771444,1.3818589671085026,1.0493246532209648,0.08609124422578249,1.0,1.0,0.5,0.8,0.2,90,3413.443804221576,40997.25013496359
30,31,1.5874785586776188,2.152392160751356,2.232277718789136,1.8559249943414966,1.512737555927975,1.0,1.0,1.0,0.5,0.8,0.2,93,5890.30635278106,346036184.36039203
30,32,1.5715644211357758,2.131710036872832,2.2302169220369628,1.9025536657237727,1.6505750137363997,1.0,1.0,1.0,0.5,0.8,0.2,95,2684.55601199629,22724663.80197475
30,33,1.5715042952704807,2.120362248751209,2.2058440487284243,1.895280967589991,1.5012523871258072,1.0,1.0,1.0,0.5,0.8,0.2,96,2703.051245572537,22721082.481458507
30,34,1.5671694540405552,2.118157828712939,2.214343793679646,1.9049340758039655,1.5932480164696095,1.0,1.0,1.0,0.5,0.8,0.2,97,2636.271588282691,22722776.40130248
30,35,1.5637926397352644,2.1296345242883272,2.2499493773778365,1.9296419633584339,1.508521871536051,1.0,1.0,1.0,0.5,0.8,0.2,106,2709.8949628210157,22536790.63066258
30,36,1.557564520475743,2.1077958235865593,2.2243706161235712,1.9202334827644014,1.5760687050147972,1.0,1.0,1.0,0.5,0.8,0.2,108,2726.906056789788,22528701.81612124
30,37,1.5475757250819344,2.07893491498562,2.2016488998651074,1.961030757204784,1.5559706316328368,1.0,1.0,1.0,0.5,0.8,0.2,113,2597.9411796896625,22535313.11373236
30,38,1.5461683202703769,2.072663071562016,2.194303009496843,1.9717107919140515,1.5218888525749772,1.0,1.0,1.0,0.5,0.8,0.2,115,2671.5721146722594,22508144.88329477
30,39,1.5434113608822557,2.059851653849294,2.1792975194193365,1.966786404000469,1.589496366337951,1.0,1.0,1.0,0.5,0.8,0.2,116,2629.619119807674,22529052.51609951
30,40,1.5430902113909812,2.0695120194660515,2.2016940435644576,1.9928731375896855,1.5053906962105497,1.0,1.0,1.0,0.5,0.8,0.2,118,3025.829432976675,22618779.34622841
30,41,1.5430810115075129,2.0806720882451875,2.2258470381861892,2.0080717890537487,1.5001031872229482,1.0,1.0,1.0,0.5,0.8,0.2,121,3020.8608347448726,22619095.736220676
30,42,1.5416845193470756,2.073897779295565,2.217912573714478,2.0150143260513382,1.5238396232623093,1.0,1.0,1.0,0.5,0.8,0.2,123,2858.136778841015,22611001.664262075
30,43,1.5414445077778032,2.0726642683155654,2.2164677784877416,2.0186675474518103,1.5083488654861632,1.0,1.0,1.0,0.5,0.8,0.2,124,2845.959014129025,22612077.528623328
30,44,1.540199198023991,2.0663925958567537,2.209122084967004,2.025836460810275,1.5440330121093766,1.0,1.0,1.0,0.5,0.8,0.2,125,2838.1554761225366,22607843.68166712
30,45,1.540048985907519,2.0768474348656194,2.232448976136962,2.0409720967790386,1.501080277829002,1.0,1.0,1.0,0.5,0.8,0.2,130,2834.679474318475,22631031.42059729
30,46,1.5399645699795126,2.07638035905171,2.2319020024773915,2.0447246632341107,1.5030406571982884,1.0,1.0,1.0,0.5,0.8,0.2,131,2835.198781031664,22630440.46205855
30,47,1.5389586491425709,2.0822885603610435,2.2499037087517495,2.0520425754536973,1.5366887977147603,1.0,1.0,1.0,0.5,0.8,0.2,132,2899.0355195918432,22626166.934308257
30,48,1.53766621184448,2.0753518348582682,2.2417790239538506,2.0552313247578375,1.5484387052408273,1.0,1.0,1.0,0.5,0.8,0.2,133,2845.8035885135587,22626178.440636385
30,49,1.5372038601993265,2.027999716198444,2.141990779399408,2.0388033502162823,1.5177052390630341,1.0,1.0,1.0,0.5,0.8,0.2,134,2856.9985135146635,22632695.5563585
30,50,1.5369964589433531,2.0492619236189147,2.1890576790810528,2.0542492732780913,1.5080101863257056,1.0,1.0,1.0,0.5,0.8,0.2,135,2851.9325224453187,22633354.333743468
30,51,1.536289519117923,2.0229008622181914,2.1360186223009086,2.049577167995418,1.52759981495147,1.0,1.0,1.0,0.5,0.8,0.2,136,2842.1173824786574,22639823.756258804
30,52,1.531997316039546,2.0197908416724975,2.1545393498861105,2.054748197839892,1.6790958721480764,1.0,1.0,1.0,0.5,0.8,0.2,137,3679.9861101282286,22576623.117369663
30,53,1.5319973224592733,2.0309951903329666,2.178744377870611,2.0666585345581705,1.5000021581684686,1.0,1.0,1.0,0.5,0.8,0.2,139,3679.986343172094,22576623.10239788
30,54,1.5311019348873278,2.025198629033327,2.171955106690703,2.0661169356209776,1.520020195604404,1.0,1.0,1.0,0.5,0.8,0.2,141,3592.793176561124,22577178.400598407
30,55,1.5304094320737545,2.0318312081697236,2.1908053570348254,2.08519224793338,1.5316962500236742,1.0,1.0,1.0,0.5,0.8,0.2,142,3567.299872434732,22580988.046088524
30,56,1.5299139581093677,2.0285225265348044,2.1869299541699587,2.1044867054909315,1.5115394167897354,1.0,1.0,1.0,0.5,0.8,0.2,144,3591.7831601874977,22585316.59087813
30,57,1.529612986052125,2.0264940292683176,2.1845542013758066,2.0999017016215964,1.5070860816193699,1.0,1.0,1.0,0.5,0.8,0.2,146,3554.5376809871,22579153.66770836
30,58,1.5370002589616303,2.094142575234126,2.2859513463780257,2.1324050411919018,1.5200015775320466,1.0,1.0,1.0,0.5,0.8,0.2,155,3295.9801799802563,22513142.788513582
30,59,1.5410887167568108,2.138090784869445,2.3595893813095374,2.160175154607794,1.6631625508531942,1.0,1.0,1.0,0.5,0.8,0.2,156,3385.591684094538,22515243.94017553
30,60,1.5418381698503192,2.141830297782202,2.3639693699999906,2.1719947556566295,1.5281063769111594,1.0,1.0,1.0,0.5,0.8,0.2,159,3411.8289768963778,22521246.68179342
30,61,1.5329269093825817,2.092778276187639,2.306516794834091,2.1713275742791085,1.5159038780205183,1.0,1.0,1.0,0.5,0.8,0.2,160,3603.216097585224,22517281.304636776
30,62,1.54208048325121,2.1542358450768337,2.3895812016386637,2.179761476733534,1.5112483006955926,1.0,1.0,1.0,0.5,0.8,0.2,161,3357.2526146280434,22526569.387736384
30,63,1.5461430283648747,2.1733871502006914,2.412012174100876,2.1853444174128196,1.5141232894474552,1.0,1.0,1.0,0.5,0.8,0.2,162,3472.027060656333,22491770.20375655
30,64,1.5456945472876045,2.1601491753299515,2.385425422280594,2.184075936059917,1.5264749001730624,1.0,1.0,1.0,0.5,0.8,0.2,163,3453.436470500617,22491483.228577934
30,65,1.5499244139880253,2.189855846760837,2.4313011975809804,2.198334457984923,1.5244456578410694,1.0,1.0,1.0,0.5,0.8,0.2,165,3443.423732965229,22598605.550512068
30,66,1.5375989379041468,2.131009252187174,2.362376873512735,2.2016191380661096,1.5005911252522977,1.0,1.0,1.0,0.5,0.8,0.2,166,3691.200503313419,22512373.593414985
30,67,1.5391882079919679,2.1395203924667787,2.372345494704736,2.20518348237388,1.521814996724889,1.0,1.0,1.0,0.5,0.8,0.2,167,3800.45270338436,22508759.932300515
30,68,1.5355971168658236,2.1085993581126856,2.325047364795605,2.198337988041452,1.559882928041934,1.0,1.0,1.0,0.5,0.8,0.2,168,3297.9705487119872,22499948.41639722
30,69,1.538194587768115,2.1342353578271744,2.366155558626377,2.2238263046223707,1.5049664851170412,1.0,1.0,1.0,0.5,0.8,0.2,171,3601.0321404549845,22530469.04949734
30,70,1.533762604646226,2.12022701560011,2.3608298488040393,2.215002473173495,1.7055967306442048,1.0,1.0,1.0,0.5,0.8,0.2,172,3578.111770517239,22504831.22175783
30,71,1.5332024421879764,2.1280231811162547,2.3810428745723,2.235029995150776,1.5907228869364725,1.0,1.0,1.0,0.5,0.8,0.2,173,3554.6018960946008,22508811.42026361
30,72,1.5327040780715564,2.11375035635474,2.353244066917136,2.2336531931431676,1.5226294742744966,1.0,1.0,1.0,0.5,0.8,0.2,174,3546.4245551022177,22507503.575310804
30,73,1.5283879409854118,2.0852539446920346,2.319867453374367,2.2425851682980023,1.5072139927111639,1.0,1.0,1.0,0.5,0.8,0.2,176,3506.531667083816,22492919.75915894
30,74,1.5326901129083497,2.136072374525733,2.401552155867546,2.2502393231147595,1.516858209473325,1.0,1.0,1.0,0.5,0.8,0.2,177,3557.7826970489623,22508723.463919204
30,75,1.5316650445655002,2.1072142013614785,2.3455885353901014,2.2470921623646056,1.5562579745889005,1.0,1.0,1.0,0.5,0.8,0.2,178,3530.4175676146942,22509015.802989285
30,76,1.5305271412015753,2.1110347515860193,2.361145067309387,2.2772849783252997,1.502584371807093,1.0,1.0,1.0,0.5,0.8,0.2,182,3596.192318297848,22510493.976985488
