Run,Equation_Index,Hybrid_MSE_Train,Hybrid_AIC_Train,Hybrid_BIC_Train,Hybrid_MDL_Train,Hybrid_PSM_Train,Extrapolation_Divergence,Sensitivity_Interpolation,Sensitivity_Extrapolation,Lambda1,Lambda2,Lambda3,Complexity,MSE_Test_Interpolation,MSE_Test_Extrapolation
1,0,0.9255282878423632,0.9800978201073329,0.9790898091158705,0.39126416968952027,0.0,0.0,0.0,0.0,0.6,0.8,0.5,1,1.0060282509561511,1.1255912530621208
1,1,0.8785012217289325,0.9932549784556977,0.9879110446012731,0.4162981815525851,0.21453943668648487,0.06654486520955642,1.3926247569e-05,1.490765248059e-05,0.6,0.8,0.5,2,0.9205863043039187,0.9459458579805184
1,2,0.7847355775369468,0.9628504521721475,0.9590620601744276,0.39686770109797975,0.24147234166050943,0.06271677599316608,1.62069364119e-05,1.5630956957359998e-05,0.6,0.8,0.5,3,0.7974304474535935,0.8614672997601872
1,3,0.7846753172700274,0.9642892176289057,0.963552898130723,0.4071609796142533,0.037721832318578064,0.06271677599316608,1.62069364119e-05,1.5630956957359998e-05,0.6,0.8,0.5,5,0.7960651349808505,0.8651260973854522
1,4,0.6575530101344338,0.9122193117775816,0.9092317762007127,0.374069347495366,0.18322493303372714,0.049929862965589364,6.007840731860001e-05,4.822126893184e-05,0.6,0.8,0.5,7,0.7382622898836041,0.6426018902897759
1,5,0.6002337766328042,0.8941246125631013,0.8927624760357177,0.3696743247116481,0.13582386707487468,0.06405850395308359,0.00019233908703528,0.00015437884018541,0.6,0.8,0.5,9,0.6941251825614555,0.4454452664104131
1,6,0.5927043159038622,0.889806968270142,0.88831153857723,0.36825429078925315,0.05524572223536996,0.061297193787142504,0.00016720260327657,0.00013627018980477,0.6,0.8,0.5,10,0.7143232539087041,0.4496929095799049
1,7,0.5555603364003742,0.875483980491703,0.872946402683983,0.3659889696176397,0.18497969642764794,0.0713965827477967,0.00036976358331594,0.00020107352660282,0.6,0.8,0.5,11,0.610356656875786,0.4101722558056465
1,8,0.5452867769135379,0.8716010257735373,0.8749961041287311,0.37053033639194394,0.04772402063433272,0.06574325330097082,0.00034096400765077,0.00028234162319861996,0.6,0.8,0.5,14,0.6002259488900733,0.4312947023917544
1,9,0.49916804141624277,0.8475646917075972,0.8498363591731045,0.35958619631932937,0.11757929441539015,0.06282073304976843,0.00025705180597815,0.00021388685941906,0.6,0.8,0.5,16,0.521930511093211,0.3736142497160895
1,10,0.44667389231309984,0.8161536646587559,0.8168672546838367,0.34160815798866223,0.24351233880283105,0.06187871624657674,0.00018902051009336,0.00015910210916205,0.6,0.8,0.5,17,0.5023190146420797,0.3510547877952564
1,11,0.3422914944900941,0.7424435848981273,0.7395802254225262,0.2971018008053537,0.5207534890180755,0.05640698371105166,0.00039892289623694004,0.00022115449522762,0.6,0.8,0.5,18,0.3957312600767011,0.2705586961140372
1,12,0.33939758117622065,0.7405988756243876,0.7375148973462985,0.30175490796231347,0.06681645845949095,0.060581795191096854,0.00040929082502624,0.00021848649937499,0.6,0.8,0.5,19,0.399264134268398,0.2996447937287381
1,13,0.3294275192800368,0.7335651439123678,0.7331911391366962,0.3036301294841458,0.08188954287338604,0.057711642059842236,0.00041440313491373,0.00021757369175648,0.6,0.8,0.5,20,0.4007061556311692,0.2971559517612205
1,14,0.32802497457683644,0.7338254237858483,0.7364485015029852,0.3094754713238291,0.03874582179282438,0.057565540913031676,0.00040951000204213,0.00021468280176397,0.6,0.8,0.5,22,0.3939991504399853,0.2966755313854353
1,15,0.2819835689096716,0.6905674962994411,0.6885477768351718,0.2816553254190353,0.09733875562731936,0.03973127557428137,0.0006343503509682201,0.00043557028065266,0.6,0.8,0.5,25,0.2522799254875187,0.3358573623786574
1,16,0.18986255954213882,0.5847860237125145,0.5802401025229841,0.2251150428278226,0.7848384219750891,0.04223714449583454,0.0018711007547873402,0.00129165298640786,0.6,0.8,0.5,26,0.177025579522788,0.2274113614289836
1,17,0.16855680715601407,0.5521222493534825,0.5459096892933498,0.20705455626441488,0.25457734297699375,0.04324782877082524,0.00161809757712589,0.0009717473448467801,0.6,0.8,0.5,27,0.1520150957875102,0.1560817372443422
1,18,0.1679122467161337,0.5525273892457666,0.5493145333677605,0.21345623004091452,0.03135042926613959,0.04324782877082524,0.00161809757712589,0.0009717473448467801,0.6,0.8,0.5,29,0.1470932041573889,0.1684732610345158
1,19,0.17659576024598078,0.5612128789904363,0.5579991565258655,0.22774851994525547,0.03664612404344914,0.059942886388847684,0.00040014412222669,0.00029149745118689,0.6,0.8,0.5,30,0.1850251405605456,0.1196838747643905
1,20,0.13548687477726407,0.4926382510453888,0.48926678923573946,0.1821366494091743,0.4666993208436512,0.04850092748086885,0.00060219834573442,0.000425915745427,0.6,0.8,0.5,31,0.1326020894573613,0.1215421532108445
1,21,0.12436222040667937,0.46515639936346,0.46026638196118286,0.17114029099855183,0.23897628740319823,0.05296086562511584,0.00044777014108789,0.00032475612635354996,0.6,0.8,0.5,32,0.1273285058792353,0.0983729356984815
1,22,0.12429181264840748,0.46493391220727986,0.4600304077018864,0.1710135376551626,0.0341751201506111,0.05303177931851853,0.00044871218975365,0.00032553379299905,0.6,0.8,0.5,33,0.1264828744619013,0.0990789241278819
1,23,0.12591656385775105,0.4680175389382264,0.46616645018157565,0.17714355373629162,0.034188123296953636,0.05585941869197316,0.00039765503238724996,0.00028964050810293,0.6,0.8,0.5,34,0.11172251738348,0.1006344022670695
1,24,0.12463078433628076,0.4664567289943472,0.4675059665867436,0.19142300031926038,0.03915847996717759,0.05585808738289314,0.00039659443395975003,0.00028488447370711,0.6,0.8,0.5,38,0.1157424969422451,0.101037419385534
1,25,0.12025143537844753,0.45749203521404297,0.46107090488532326,0.19829724016556433,0.06948613858267105,0.055687970531924334,0.00041398235181917006,0.00028471074753324,0.6,0.8,0.5,40,0.112000693779461,0.0876006764330674
1,26,0.1132259445349717,0.44121987581716565,0.4469571928360152,0.19091630212040778,0.09470431874489771,0.05553154009638785,0.00044291131006639003,0.00029294672263021,0.6,0.8,0.5,42,0.1077981618424933,0.0895367689742542
1,27,0.10960443619117968,0.434082793901963,0.4424697516417983,0.20102923274269396,0.060675025046809355,0.05433746256615929,0.00053485554084185,0.00031852070765875,0.6,0.8,0.5,44,0.1091897186324164,0.0963692005983027
1,28,0.1063200997464104,0.4235102485228027,0.43131840872279076,0.19849223375671787,0.06035611968295636,0.05586283755700866,0.00046246186528189003,0.00031449829456091,0.6,0.8,0.5,47,0.1097643581353824,0.099150076913892
1,29,0.1041526195094298,0.4195966729717988,0.4302085091100365,0.20508462091203172,0.0674241799917929,0.05493676850604808,0.00052251550508524,0.00043381218271782004,0.6,0.8,0.5,48,0.1198597320107459,0.1021661078004296
1,30,0.1033915353543502,0.4161983314901764,0.4266068470047103,0.2061680203844566,0.04799203228127518,0.05610064266595226,0.00050330341323279,0.00030035562163666,0.6,0.8,0.5,50,0.1022309908179489,0.1029453856122734
1,31,0.10216028782156569,0.4153214272042312,0.42869714799521946,0.22188356922030278,0.03755793879286446,0.05497045589491838,0.00052636420890166,0.00033919772022992,0.6,0.8,0.5,53,0.1038531045801577,0.1032834165538082
1,32,0.10289701804198179,0.4161877020478488,0.4354574867927431,0.24125507648878738,0.041433879237185944,0.058346685775242546,0.00060722993559887,0.00043041475021282,0.6,0.8,0.5,58,0.1064251283835686,0.1352405164964187
1,33,0.10054959102024717,0.41585865928991633,0.4411662928411257,0.26426514981592253,0.0347388892369737,0.05525869163617393,0.0005361808200042199,0.00045295794692467,0.6,0.8,0.5,68,0.1010195872323994,0.110301024258393
1,34,0.09332168580023294,0.40310724918923335,0.42799891214596864,0.28166342083872903,0.04814674971868812,0.04793292379497947,0.00043310621498255004,0.00033273775237917,0.6,0.8,0.5,71,0.0972143297509681,0.1021935675323371
1,35,0.09734504963926345,0.406888635381477,0.4347065730063451,0.28671126797835406,0.051350129745952384,0.05561516432123511,0.00060912004269587,0.00048507456902802,0.6,0.8,0.5,72,0.0996683812226326,0.1043910164592396
1,36,0.08810079508131131,0.3884144020881465,0.41555350288255444,0.286638430433653,0.12143146981172163,0.0472148035699485,0.0005437194227079099,0.00052774035841617,0.6,0.8,0.5,73,0.1018301113702051,0.0937186155221455
1,37,0.08804564211613694,0.3897977931180006,0.4199884903832395,0.3021256185692268,0.029082706737155503,0.047136354030132374,0.00054388373206312,0.0005291276326456599,0.6,0.8,0.5,75,0.1019923372803436,0.0936625364619984
1,38,0.08840743861974815,0.39298666597905013,0.42927690223613146,0.3175284332304288,0.029533704926950146,0.04780767846363336,0.00054382877832058,0.00052674591162197,0.6,0.8,0.5,81,0.1032215893441233,0.0933120825792182
1,39,0.08936640082429945,0.38927419627306065,0.4193311407639398,0.3182534978055,0.036861532083485256,0.05066857732758391,0.00054799860449279,0.00051873194750163,0.6,0.8,0.5,84,0.1022648305917123,0.0988679625351783
1,40,0.0879357511629868,0.3867301920443134,0.4196545505910219,0.3220999841821564,0.04339717220899608,0.050158496940965226,0.00055123754322112,0.0004513555364254,0.6,0.8,0.5,86,0.1066041835992867,0.097930488875096
1,41,0.08782800080976183,0.38885040067275456,0.4278312935609155,0.41268220070218076,0.03129970407925999,0.05035094075747859,0.00059170210369146,0.00052001218384821,0.6,0.8,0.5,105,0.1025175052753122,0.091454770790516
1,42,0.08722024749383979,0.38758609578547176,0.429468431853966,0.49590415276724176,0.03250443240570369,0.050679396748101145,0.0006810953442693901,0.00052450680664139,0.6,0.8,0.5,121,0.1012442101030102,0.0996775418496483
1,43,0.08707427997776764,0.3884202507650943,0.4333214137046051,0.533488723006897,0.03184909885347647,0.050764466755825945,0.0006805014965611501,0.00052550124954943,0.6,0.8,0.5,129,0.1031460858563743,0.1000538067258867
1,44,0.08693833039538842,0.39532544780064466,0.45547382908223727,0.5638254192655849,0.03247879765079246,0.05065131620971776,0.00071326046599665,0.00054657161424028,0.6,0.8,0.5,131,0.1015189065960715,0.1013218111460026
1,45,0.08551287840398165,0.4097194488373245,0.5034352572438857,0.6586156077547393,0.0299732280187754,0.04851076252573086,0.00063250370054309,0.0005844278758114901,0.6,0.8,0.5,164,0.106645221946637,0.0926521379686247
2,0,0.9359601673691845,0.9829782012960068,0.982116085899242,0.3931070737366191,0.0,0.0,0.0,0.0,0.6,0.8,0.5,1,0.9633873907041192,1.146720841263419
2,1,0.866681237830031,0.9896622804037702,0.9841330368637005,0.41402447812066495,0.25968431666190034,0.06665592565572176,1.342936125945e-05,1.511549775375e-05,0.6,0.8,0.5,2,0.9697487448054016,0.9459458579805184
2,2,0.7809215758496817,0.9621481217091926,0.9582774326522057,0.3967522505916335,0.22837628614662048,0.06425416271162541,1.669308593378e-05,1.5176235603500002e-05,0.6,0.8,0.5,3,0.8177861447977718,0.8644435525845556
2,3,0.604615104615661,0.8940739895131344,0.8866684451418139,0.35825326810683616,0.5213954059560175,0.0664997807402883,0.00030546134653276,0.00030129796892221,0.6,0.8,0.5,4,0.5146672382398434,0.4339624102954132
2,4,0.599727130767761,0.8905538546437314,0.8830916228927104,0.35663912338411036,0.04560788426751479,0.06262624008119658,0.00024492822837421,0.00024404136407300998,0.6,0.8,0.5,5,0.510421804982506,0.4600750628189877
2,5,0.5959373517927192,0.891648725819528,0.8870960328430831,0.3664509017706491,0.05992883774975215,0.06661665224169358,0.00030265339336068,0.00030326624371246997,0.6,0.8,0.5,6,0.5001420178478198,0.4395413931406378
2,6,0.5918375587094802,0.888456147231682,0.8838648256659309,0.36534981681897555,0.04318868516701383,0.06269723886725023,0.00024019629473310002,0.00024667903981848003,0.6,0.8,0.5,7,0.4963463445773721,0.4629111158579457
2,7,0.41422867341806235,0.7928652730562922,0.7831970060699063,0.3072339892161877,0.7335444873905622,0.07028249732511387,0.00032296419999245003,0.00031721039092086,0.6,0.8,0.5,8,0.3961527335159289,0.3155152162710435
2,8,0.40966904195967624,0.7893273343727745,0.779552951906845,0.3063927666846288,0.05559088416822409,0.06800720642245722,0.00026243108183391,0.00025995378607165,0.6,0.8,0.5,9,0.3915410497380954,0.3277954655531785
2,9,0.4052536703175996,0.7883116308741619,0.7813816918484373,0.3087749194444033,0.07120558540025045,0.07062016602172706,0.00032113534311575,0.00031928517501535,0.6,0.8,0.5,10,0.3854472268131099,0.3225587148141155
2,10,0.4022447081936907,0.7859259955632507,0.7789266337253945,0.30893464567603657,0.05122343843586017,0.06905667112167134,0.00025979784504179,0.00026386777603111,0.6,0.8,0.5,11,0.3815782588544558,0.3330274637407704
2,11,0.4032320672748714,0.7883774544160764,0.7844300627759688,0.3134584001332439,0.042919563310551426,0.07062016602172706,0.00032113534311575,0.00031928517501535,0.6,0.8,0.5,12,0.3934740341377741,0.3239817905193894
2,12,0.4001970677209206,0.7859663002353973,0.7819481727637655,0.3137001080082822,0.051397690981415625,0.06905667112167133,0.00025979784504179,0.00026386777603111,0.6,0.8,0.5,13,0.389223237351861,0.3363756255683456
2,13,0.3472234112854523,0.7467304645619967,0.7406448045318297,0.2928332831601519,0.32476622352768514,0.07168872442173731,0.00027129265524647,0.00026147265438682,0.6,0.8,0.5,14,0.3533987555247657,0.3554700038469986
2,14,0.34574785207278924,0.7484805119550519,0.7484688654697955,0.3089339506238031,0.043880339443674615,0.07076527286646178,0.00029537217331134,0.00026406149380488,0.6,0.8,0.5,19,0.3884865010240165,0.3564251070688918
2,15,0.34464701953715293,0.7473521181885869,0.7473218181078801,0.30852976717829994,0.043978430184777643,0.06959676796347267,0.00024985332452348,0.00021990777057857998,0.6,0.8,0.5,20,0.3856017944936459,0.3636090928769113
2,16,0.336996837498529,0.7426091678087099,0.7452793741377874,0.3107443420747531,0.09056429422984603,0.07076527286646178,0.00029537217331134,0.00026406149380488,0.6,0.8,0.5,21,0.3589417633284457,0.3471485067214006
2,17,0.3081876998013075,0.7162045310500633,0.7145428266731035,0.30580405590034715,0.21884869177421115,0.07109529962051969,0.0003203519293097,0.00043793269183307995,0.6,0.8,0.5,22,0.2681286274278873,0.2642991505321575
2,18,0.30058869817427464,0.7088452661613672,0.7068597221517136,0.3033156971074975,0.08470580370971738,0.06946171189919013,0.00033135912269013,0.00044958895066891995,0.6,0.8,0.5,23,0.2841190931885183,0.2820330625733536
2,19,0.2770554710469756,0.6865012865704094,0.6833712164178708,0.2943339923264226,0.12308629163096099,0.07024169905033098,0.00019048509498487,0.00024830215690250997,0.6,0.8,0.5,25,0.2595657741292025,0.2795423120311172
2,20,0.27518503438348957,0.685879035875126,0.6856966519226222,0.3053335462449661,0.04908002330901778,0.07024169905033098,0.00019048509498487,0.00024830215690250997,0.6,0.8,0.5,27,0.2569038831459948,0.2760943429076916
2,21,0.26657831992455217,0.6777776897447296,0.6800948557494859,0.30965721939582225,0.06196820234375836,0.0726495217320519,0.0001551216223459,0.00015110123271564,0.6,0.8,0.5,31,0.2188481821366745,0.2966171245483275
2,22,0.21139580225413906,0.613368751459136,0.6128563940645201,0.2761669328864363,0.22782934926056397,0.05820816025430352,0.00025216618438761,0.0002457216683245,0.6,0.8,0.5,33,0.2284130490926181,0.2412391446757064
2,23,0.1945439941213662,0.5894350976655242,0.5876984978410045,0.2663047793916031,0.11774593078801979,0.05780349301966011,0.00037758994342219,0.00100832336472823,0.6,0.8,0.5,35,0.1889884058774102,0.2695823970721314
2,24,0.1854962383242909,0.575698804940591,0.5760969062238197,0.26536004859525203,0.10092405820613899,0.06261869201404743,0.0005472978593964301,0.00083449754558159,0.6,0.8,0.5,37,0.1989068241134758,0.2989048782232715
2,25,0.18539037143290993,0.5770386570094843,0.5804879496041647,0.27305123030896117,0.0384740696780264,0.06249836094346645,0.00053980621342882,0.0008271243833368001,0.6,0.8,0.5,39,0.1964051130217682,0.2970911456808178
2,26,0.18063255689029906,0.5726833825809147,0.5790384290392058,0.29037549691481795,0.03946034942053089,0.057703725890998245,0.00040805905669092003,0.00097966287493927,0.6,0.8,0.5,44,0.2051789023374937,0.2949387653512097
2,27,0.17289679608852443,0.5607462665060903,0.5665443237003452,0.29344510935438706,0.11027441155125725,0.05620163676748857,0.00039263081399471,0.0009281071797914601,0.6,0.8,0.5,45,0.1967296432466645,0.2751452484217778
2,28,0.1709788329580083,0.5589046387482197,0.5675803587138799,0.2942744431584788,0.05851384072987245,0.0564434353293343,0.00038772742957648,0.00097207431137207,0.6,0.8,0.5,46,0.1919306120633332,0.2729079898200568
2,29,0.17133397212697257,0.5592358419687251,0.5679085336237132,0.2946278937480279,0.03546692390326414,0.057106356681944845,0.0003970557874912,0.0009436277065463701,0.6,0.8,0.5,47,0.2001001548340625,0.2814080855156191
2,30,0.17024961408880962,0.5591165922024176,0.5707804525731198,0.30791949156622606,0.04312561830416062,0.05644162338684516,0.00042318042819876003,0.00098813024009914,0.6,0.8,0.5,48,0.1996473518389247,0.2861282663146662
2,31,0.16903266014156987,0.5545979517339873,0.5601077907363614,0.24782091160707626,0.040561481925275554,0.05554238216096944,0.00034972205181539,0.0008735438103752701,0.6,0.8,0.5,49,0.1887305484857923,0.2690585615407296
2,32,0.16626282405248696,0.5566090542342718,0.5770769928184791,0.3352435187481215,0.04319100052285639,0.05692697937119147,0.00038313083876319,0.00072611222696319,0.6,0.8,0.5,54,0.1848522007617774,0.2735808554618455
2,33,0.17866732937933807,0.5629116692748644,0.576890614181285,0.3528855315642983,0.062176464724974304,0.08499365570609962,0.0003363299381206,0.00067983182416125,0.6,0.8,0.5,59,0.1719527665897311,0.2027169978256882
2,34,0.19026966688713431,0.5670656145046581,0.5773231640713018,0.37559996965450204,0.16099177028438094,0.11613531579241913,0.00038082401750162,0.0008562308447702799,0.6,0.8,0.5,60,0.1337260513700534,0.1729022103303885
2,35,0.14371941951581274,0.4898013186909389,0.49999945750329516,0.3246030820775698,0.2647663918009662,0.08739973644440557,0.00038111824059753,0.0008031967062593501,0.6,0.8,0.5,62,0.1165575007041667,0.1590733982521071
2,36,0.14041120602519921,0.4844354410040456,0.5003076981211528,0.3469336723588716,0.06074697354417184,0.08780655075974532,0.00039246251362265997,0.0007905212044039799,0.6,0.8,0.5,70,0.1134859477023839,0.1469255442373927
2,37,0.13176631402737893,0.4694559725031046,0.48479107855921416,0.34803164009279924,0.12232723013848408,0.08049578218042489,0.00038909538217808,0.0008215302899542301,0.6,0.8,0.5,71,0.0947315724767527,0.1340172876871513
2,38,0.13416591367729294,0.47196006280867897,0.49023648426469707,0.36243663482402844,0.06725903046608286,0.08624542944945902,0.00031733624117879003,0.00054027440827218,0.6,0.8,0.5,72,0.0980815449684804,0.1126732726455334
2,39,0.128590400885909,0.457936763713025,0.47552274178961706,0.3470356109368424,0.14585443795286698,0.0853052602777917,0.00037004382076142,0.0008036578027694301,0.6,0.8,0.5,73,0.0959056827566205,0.1308794540873208
2,40,0.12747507372797104,0.4578343511388424,0.4813736982270424,0.4050510836784008,0.05376832260295064,0.08515184649482299,0.00037540969801797,0.00097205936162092,0.6,0.8,0.5,84,0.0970923409210688,0.1312351417730456
2,41,0.1270311589349438,0.45817073269116726,0.4847089508130489,0.41410777659051623,0.05920297198694895,0.08520439732835083,0.00037672193255713,0.0008016926472477201,0.6,0.8,0.5,85,0.0949493873204474,0.1308092503978947
2,42,0.12553402743666456,0.4594873945467558,0.49506050578733723,0.43451840748469545,0.05545265039041034,0.08415208649254084,0.00039953860516778997,0.0008176643677927401,0.6,0.8,0.5,89,0.0957050467246921,0.1331073808700081
2,43,0.12447958566433891,0.45625181381346136,0.49459102312547853,0.4584127791275063,0.07172323081314567,0.08579756222940807,0.00041490927313588997,0.00076235326249637,0.6,0.8,0.5,91,0.0922948417642695,0.1412864985814917
3,0,0.9259332156595286,0.9802101832983006,0.979207861761923,0.3926304757640202,0.0,0.0,0.0,0.0,0.6,0.8,0.5,1,1.0142159080508306,1.1123407419389824
3,1,0.8979566059215977,0.9991464202464806,0.9941001712837332,0.4200726379754784,0.17481236622852947,0.06656829494164598,1.371201608048e-05,1.45928661274e-05,0.6,0.8,0.5,2,0.8401746474965565,0.9459458579805184
3,2,0.7878158810036112,0.9634763402473666,0.9597523728291804,0.3970354894786413,0.27257405962108955,0.06163894662473446,1.629388029029e-05,1.670359029728e-05,0.6,0.8,0.5,3,0.7831263821901843,0.8650782154682335
3,3,0.6496283800290967,0.9135309451192363,0.9071122450335922,0.37069071588143127,0.40702392030943907,0.06665995969974543,0.00021155977461687,0.00020213728753272,0.6,0.8,0.5,4,0.639307651217825,0.4246758688372674
3,4,0.6239885989099172,0.9026341215839774,0.8956619650821868,0.365232723763495,0.11562385457910981,0.06666324696726617,0.0002414427191684,0.00021264269107279,0.6,0.8,0.5,5,0.5949896870673334,0.4077869649962109
3,5,0.5424016448269774,0.864324580704975,0.8554337983809276,0.34708454078971696,0.1704361570127466,0.06626969329545201,7.909519682831e-05,9.195189138667999e-05,0.6,0.8,0.5,7,0.658196934449837,0.4842804794706628
3,6,0.48647999226624555,0.8359350149674724,0.825454716148047,0.3319410496118354,0.2592044243880678,0.07110353868779667,0.00015386319078432,0.00016249459412312,0.6,0.8,0.5,8,0.5950139056173451,0.4619852919603147
3,7,0.44778434805166695,0.8105051118285914,0.7990725760276415,0.3132831393584316,0.16583928355871594,0.06023491419141719,7.727469494239999e-05,7.099224265155999e-05,0.6,0.8,0.5,9,0.5222062296255512,0.4219466384489916
3,8,0.4042267564384787,0.7849084228276426,0.7750248896726883,0.3020166279577045,0.14123311959367343,0.0646268741253378,7.939246636157001e-05,8.047284838973001e-05,0.6,0.8,0.5,11,0.4833254082252829,0.3715768219933537
3,9,0.4041641223776715,0.7863250986519315,0.7794925142117328,0.30737123946108846,0.03902676675238512,0.0646268741253378,7.939246636157001e-05,8.047284838973001e-05,0.6,0.8,0.5,13,0.4860277182923447,0.3675625581601056
3,10,0.3540743586409285,0.7517095780099272,0.742824573699663,0.298149985084804,0.139414510088175,0.07417235521493323,0.00026413211023513996,0.00014880448936505,0.6,0.8,0.5,16,0.3142609725618026,0.3247921405639504
3,11,0.33870445685483846,0.7373462442184748,0.7246868770782713,0.2926754723672559,0.09317525760262665,0.07633737798776324,0.00028773471390984996,0.00018764867923198,0.6,0.8,0.5,18,0.3045352624679182,0.3178073069547207
3,12,0.321158794861669,0.7239503811294405,0.7135123768779164,0.29861273642649483,0.07049567789464956,0.07880831734052711,0.00040425271903627997,0.00017100862617213,0.6,0.8,0.5,23,0.2998033854702925,0.3256113421459549
3,13,0.30599133510778687,0.7123876431873679,0.7076137271682038,0.3021532797523463,0.07140073332153805,0.06800327874450694,0.00092629021743441,0.0007979597294102299,0.6,0.8,0.5,25,0.3076453847733449,0.3756740334282855
3,14,0.2768867143891849,0.6855830301065697,0.6825935650669724,0.30734390120476696,0.08188750071593781,0.06175424462684888,0.0013826936828502299,0.00113633036375643,0.6,0.8,0.5,29,0.3224143880207415,0.3329213004119917
3,15,0.2767906935370264,0.6869448381326535,0.6870035393741651,0.3119012976737009,0.0390629896520156,0.06175424462435396,0.0013826936830162299,0.00113633036363131,0.6,0.8,0.5,31,0.3226469325992732,0.3336296133998798
3,16,0.25856470652701224,0.6705827584988834,0.6754693151791192,0.30445407347687925,0.10392564426926222,0.07356963759750702,0.00045639479770215,0.00035758889871613,0.6,0.8,0.5,34,0.2248432931382941,0.2462902587598817
3,17,0.21711308902522422,0.6203699181693998,0.6256867177106381,0.28912016848853733,0.22144168274767193,0.07381508300887471,0.00044577082500261,0.00031281906543090997,0.6,0.8,0.5,36,0.1838566697641856,0.225181216397377
3,18,0.13885754388284172,0.4841031572643789,0.482533667623962,0.1990256799802183,0.9817004643380212,0.07347883734745261,0.00035529553708284,0.00026502370779241997,0.6,0.8,0.5,37,0.1064441964045296,0.0897894532997695
3,19,0.11246926987787352,0.4176815577732424,0.415728247250679,0.16607328417287684,0.1624002257573258,0.07312776963470893,0.00050399385678803,0.00040932833766524996,0.6,0.8,0.5,41,0.0694305905568884,0.0871451998259152
3,20,0.10091760743425418,0.3816392108529186,0.38083433186444166,0.15557645824201846,0.17227980528545972,0.07342373139040805,0.00045243946575212996,0.00034732628830278,0.6,0.8,0.5,43,0.0568928700865724,0.0740189235320906
3,21,0.10060580477423976,0.38190545012401333,0.3840906295806228,0.17661644584446134,0.04749919367032195,0.0734982891590061,0.00045833290126246,0.00035185052908215,0.6,0.8,0.5,46,0.0571112137094534,0.0732551091295746
3,22,0.0964564488651563,0.366198912821265,0.37050918601631033,0.16015496604215826,0.1758074192117907,0.07539970920216371,0.00050261054178118,0.00031411254572977,0.6,0.8,0.5,47,0.0798211909572218,0.0812133155400847
3,23,0.09138161032049967,0.34940685542038946,0.3529208015938824,0.17505334564031774,0.06567594530708039,0.07378893593695096,0.00036999570016588997,0.00032201707738357,0.6,0.8,0.5,52,0.039916102615986,0.0469452856400565
3,24,0.08676214454164032,0.32722266526766763,0.33251403653642214,0.15447963283124125,0.13326383919208087,0.07639902343501813,0.0003766240390101,0.0002680523371127,0.6,0.8,0.5,54,0.0585264620081067,0.0758495437308306
3,25,0.08595173375974796,0.3236563484065245,0.32876577770727017,0.16122669882188018,0.07125435691041798,0.07643869773523196,0.00037867921904938,0.00026935226933316,0.6,0.8,0.5,55,0.0583634663404383,0.0733174845522633
3,26,0.07633581154891808,0.2797091936941609,0.28261381000231006,0.14435453334258247,0.3458331332163452,0.07573912109846613,0.00038194474781581996,0.00027684333569087,0.6,0.8,0.5,56,0.0475416825955567,0.0579569794390969
4,0,0.9138441429984642,0.9768337651611535,0.9756604406947671,0.38917581559026754,0.0,0.0,0.0,0.0,0.6,0.8,0.5,1,1.05633626943843,1.1501442194480378
4,1,0.9214817371747348,1.006086441874222,1.0013917254122613,0.4245131992428276,0.10369208368023516,0.0665652311408498,1.321164467838e-05,1.666998086252e-05,0.6,0.8,0.5,2,0.7428685661229509,0.9459458579805184
4,2,0.8020655831605854,0.9717512525673873,0.9681822349926698,0.4042103350499152,0.3045542634774093,0.07032963527560822,1.609728200594e-05,1.945542585468e-05,0.6,0.8,0.5,3,0.7455528701171498,0.8647066900241447
4,3,0.6616900748864221,0.9186344104606184,0.912463743986852,0.3740308437127846,0.3945515654868976,0.06664616874096145,0.00034775375071373,0.00041237989654216,0.6,0.8,0.5,4,0.6328909962898528,0.7572109968062389
4,4,0.48060498535340074,0.8321473309054347,0.8185788858284739,0.3199774682832784,0.6443891654552822,0.06667325402643767,0.0004640058607184,0.00170910664407511,0.6,0.8,0.5,5,0.5272365187871811,0.4143873013349182
4,5,0.4317883098251724,0.8024199407966244,0.7903250981987522,0.31089758887509383,0.14279577692385054,0.06667325402643767,0.0004640058607184,0.00170910664407511,0.6,0.8,0.5,7,0.4130611547101337,0.3199397339634693
4,6,0.30616020529181387,0.7133101421953025,0.6965747085794416,0.25394397090432047,0.3818518872751349,0.07083970636536625,0.00047723005092074005,0.00172508960640843,0.6,0.8,0.5,9,0.3036905533725847,0.2429157751702753
4,7,0.25116899706312673,0.6514350130006445,0.634506648237237,0.21972692067710517,0.24309418272846406,0.07208457426143645,0.00048465776827106004,0.00173406686133416,0.6,0.8,0.5,11,0.194365901136034,0.1541471250725595
4,8,0.20861289082462456,0.5962706443507965,0.5764646298410613,0.1961810056540816,0.24198769812992862,0.07486194652297973,0.00047600085166787004,0.0017243549816698099,0.6,0.8,0.5,13,0.229164040302903,0.1747714589728568
4,9,0.20457694886722377,0.5982659461483495,0.5935171156987736,0.23852524576180267,0.04851939062527597,0.07134603373738654,0.00083229847139624,0.0029963294198115,0.6,0.8,0.5,21,0.2635826490734281,0.1832056503270106
4,10,0.1871987512895493,0.580888560894491,0.5845097504086608,0.2551902950775938,0.045637767449168073,0.06380010908095593,0.00037308009968228,0.00044344320544203,0.6,0.8,0.5,38,0.1971080557028034,0.1381081240523198
4,11,0.16750013586928902,0.5457642802654634,0.5475212424940648,0.24077091708681742,0.16293644704226393,0.06654211099752871,0.00039804395324187996,0.00048246856281875,0.6,0.8,0.5,40,0.1834864477288128,0.1288057609915785
4,12,0.1400354345222146,0.49191964352888684,0.49386090370488855,0.21167408163897214,0.2383089230883816,0.06881807825102604,0.00037037038710767,0.00047533476644738006,0.6,0.8,0.5,42,0.130551349888075,0.1301898710737892
4,13,0.12587039154940838,0.45850496586480444,0.46169420018184626,0.19728296421865946,0.16415966411661162,0.07022154390139426,0.00034107389147814,0.00037343541026545,0.6,0.8,0.5,44,0.1128009394818573,0.1073653990335894
4,14,0.123291360657255,0.45140575946680367,0.45421942568157214,0.19286035638473573,0.0684980157415196,0.07073143885883379,0.00035132457367047004,0.00037862197823530997,0.6,0.8,0.5,46,0.1133337999422063,0.1113718646346563
4,15,0.11729100771543195,0.4440194764361601,0.4525880468017892,0.20765219964194345,0.04909797392318283,0.06507823729677381,0.00039842926289476,0.00034876565614472,0.6,0.8,0.5,51,0.129465506575038,0.1053261746821088
4,16,0.11228532524989288,0.43546074957557535,0.4466802804660029,0.22574743677365994,0.046578668419060616,0.06167684510100617,0.00036397288628473,0.00032944956933548,0.6,0.8,0.5,57,0.1300978792667024,0.0941192712838808
4,17,0.10414476336417335,0.4078091634170664,0.41752334340981223,0.21184354835531757,0.24441426646653722,0.06519032948389525,0.00033089078579340997,0.00030918994246156,0.6,0.8,0.5,58,0.1102297524954845,0.0926606860806789
4,18,0.0981969305629154,0.39288998852169477,0.4048857867181085,0.21233119909673842,0.0593863107155395,0.0632605783447098,0.00034350599318626,0.00031337587146798,0.6,0.8,0.5,63,0.1072116960437609,0.0893827115614395
4,19,0.09556650250231438,0.38888371822400786,0.4066736625602526,0.22301705582822212,0.048252690226908215,0.06197727790104599,0.00034702417337895,0.00032023300411059,0.6,0.8,0.5,67,0.0995397520625246,0.0759420489701049
4,20,0.09435444036453772,0.38313525918111807,0.40354810732459584,0.22742942460705626,0.09741436375592563,0.06407682935423566,0.00037195018828414,0.00033308560163198,0.6,0.8,0.5,68,0.0910769320646203,0.0708129398924579
4,21,0.09037764054224161,0.3749017812206582,0.39501247452505683,0.24733397263970877,0.0417863032309998,0.060309229540630206,0.00036347919728617003,0.00033281195553519,0.6,0.8,0.5,76,0.0927967719224771,0.0726320883397598
4,22,0.09124391894925704,0.3747710333853356,0.39776179560029756,0.2565913651774751,0.04631231832589555,0.0628768072992296,0.00048869918910389,0.0007041894896555,0.6,0.8,0.5,79,0.093636430393702,0.0611272242356968
4,23,0.08589217877717405,0.35615740064176993,0.3782277361077347,0.25248429531234323,0.06937969105930529,0.06253266850002195,0.00040442779749931996,0.00037201255648551003,0.6,0.8,0.5,83,0.0974115636452372,0.0629207921280612
4,24,0.08062581692008611,0.33769462856231813,0.3618270313392749,0.2549630705175715,0.17242204441927583,0.0619651235835811,0.00038031546359632,0.00038312331810098,0.6,0.8,0.5,84,0.0883456244618601,0.0650691887213986
4,25,0.07927075979571675,0.33486315193956956,0.35889701168117083,0.25283245506313085,0.03902418256338236,0.06044186890009982,0.00040269557268856997,0.00040347207012312003,0.6,0.8,0.5,90,0.0852020979175643,0.0582696861214689
4,26,0.07891737575539194,0.3327891088878153,0.35670835460744227,0.27355176254834823,0.04218740999526063,0.06075490641944131,0.00040544763125967997,0.00040144099287450004,0.6,0.8,0.5,93,0.0891604162949256,0.0639684780525961
4,27,0.07942788200371799,0.335382864439585,0.3683091498710234,0.3074677140869966,0.04855180341777594,0.06277634902344435,0.00041269556013206,0.00040783362654562,0.6,0.8,0.5,95,0.085918936736454,0.0655057287400096
4,28,0.0781473717289037,0.3314696599035754,0.3642219126323579,0.29506167960787266,0.06139807298457764,0.06197275431061724,0.00041628122846170003,0.00041250443594378005,0.6,0.8,0.5,96,0.083227618651369,0.0670302337125769
4,29,0.07718135542463568,0.3340667424117326,0.3759245457424622,0.3555012525949399,0.03746017654596294,0.060762599812170984,0.00042512998227841,0.00041072595116337,0.6,0.8,0.5,112,0.091638706683879,0.0713486469649542
4,30,0.07660852012963955,0.3313319224366958,0.3730474711520768,0.39343820200164137,0.040303530905674116,0.06089009161909743,0.00042382782829985003,0.00040758172318775,0.6,0.8,0.5,118,0.0902384033885509,0.0725605583908591
4,31,0.0762897463861552,0.3328187220437877,0.3805674106763228,0.42286005108771346,0.038744945429575496,0.06091348434628639,0.00042465036143966996,0.00039962111752222,0.6,0.8,0.5,124,0.0897910111902721,0.073800040399675
4,32,0.07630975305484869,0.33271071840862854,0.38045101406262166,0.4260859615872453,0.03771676529801828,0.06100598931422985,0.00042707670707834995,0.00040024836188608,0.6,0.8,0.5,126,0.0898852023682469,0.0733260978304936
4,33,0.07567707672176786,0.3361728361355912,0.3989691248505721,0.5413005649659244,0.03863485100518217,0.061497294315768246,0.00043208872116049,0.00040565632572789,0.6,0.8,0.5,150,0.0906004414753369,0.0764241921357838
4,34,0.0737734836223792,0.331931018066198,0.39457494573259205,0.5593607921576267,0.0403606763274471,0.059441652832938854,0.00043216256017831995,0.00040555814547132003,0.6,0.8,0.5,155,0.0926452708351236,0.0749282467294859
4,35,0.07443852106734615,0.3339831730670108,0.39967549645343575,0.5705514595802191,0.03722049384516264,0.060554868675425186,0.00044672165062218,0.00041779060657144,0.6,0.8,0.5,157,0.0892217659207128,0.0712030444041902
4,36,0.07687026153146995,0.3448689679631261,0.42886020042338996,0.597685945320916,0.03950650986891799,0.06480748898279776,0.00041867582522672,0.00039527340886290005,0.6,0.8,0.5,187,0.0801155039669623,0.06179519722252
4,37,0.07600741445930095,0.3429055415867104,0.42978369784546105,0.6056296281697067,0.04493243555506773,0.06457508843635211,0.00041289795018707,0.00040035548717323006,0.6,0.8,0.5,191,0.076074813571791,0.0598353787369316
5,0,0.9467183898852438,0.9859158997366725,0.9852025197781114,0.3949866581200322,0.0,0.0,0.0,0.0,0.6,0.8,0.5,1,0.9166288056519792,1.1335001141441905
5,1,0.9043269369398756,1.0009198787357134,0.9959723963993439,0.42114367313877926,0.20052331828464576,0.06627137106547788,1.347307789252e-05,1.804459979048e-05,0.6,0.8,0.5,2,0.813096132656087,0.9459458579805184
5,2,0.7914323746786802,0.9654134120205015,0.9586420729510771,0.4024911382253666,0.2885160210528682,0.06670505534567175,0.00018592516117704,0.00023165708152455,0.6,0.8,0.5,3,0.8099139312067594,0.9604005382227864
5,3,0.7170613787857559,0.9381663145971016,0.930066208678097,0.38469412744746334,0.22012814105658293,0.0652128005106372,0.00010913294432216,0.00012460123008035002,0.6,0.8,0.5,4,0.6996501490294504,0.796072091019263
5,4,0.7137337916631544,0.9369448533888599,0.9318780820086899,0.38701422947471525,0.03967758913916367,0.06145798148253802,7.871191354802e-05,9.807264416667e-05,0.6,0.8,0.5,5,0.7122437015068824,0.8624942174694001
5,5,0.5599029011517639,0.8730460561943232,0.8645893010804107,0.3488972571068851,0.5014039178261417,0.0664769653943555,0.00010219484325813,0.00010908725853962999,0.6,0.8,0.5,6,0.5724489780428826,0.4227051916559645
5,6,0.5063634834502325,0.8441975178475978,0.8313005744858468,0.3342036576366381,0.22888687009087724,0.06642689249784342,0.00012225956132949,0.00013464072886312,0.6,0.8,0.5,7,0.6246703640081139,0.6985881652548704
5,7,0.34382033112571153,0.7402377622217415,0.7246981537308467,0.2702832894949545,0.8221913323388021,0.07816547753246773,0.00012318799889944,0.00013269087764226998,0.6,0.8,0.5,8,0.337869218417511,0.321143100742939
5,8,0.28911223093126764,0.6905303290218454,0.6725964003829848,0.2425874634572778,0.20756975098790528,0.07412505363380675,0.00011788384349149,0.00012592874564127998,0.6,0.8,0.5,10,0.2845626879822178,0.224577371886081
5,9,0.28884140404248415,0.6917207642555218,0.6768263173828288,0.24769834504873742,0.04555767401145601,0.07412505363380675,0.00011788384349149,0.00012592874564127998,0.6,0.8,0.5,12,0.2853008426700756,0.223352431666052
5,10,0.26053588532339667,0.6638524680086316,0.6507059767417956,0.23319810624028553,0.12988965937936042,0.06814051301524629,0.0001453773214007,0.00014741256081267,0.6,0.8,0.5,14,0.2465644620551017,0.2104224371368088
5,11,0.25962303277491805,0.6643189939938279,0.6541793785433947,0.23950760077392833,0.04414013167714419,0.06800490851932256,0.00014640623305515,0.00014846314483247,0.6,0.8,0.5,16,0.2456363752989063,0.2075805870771888
5,12,0.2488171188091348,0.6511155270324412,0.637447839313372,0.2345997336501041,0.0711420905749909,0.06404405370256284,0.00015452164052061001,0.0001568440684958,0.6,0.8,0.5,18,0.2447641740551177,0.2047028835514398
5,13,0.25001469952199606,0.6535197720460587,0.6427485972565596,0.2466547180544431,0.05386701200557682,0.07078067329058074,0.00014967023201728,0.00015285150549935,0.6,0.8,0.5,20,0.2512887802283829,0.2103681763292692
5,14,0.235510531298605,0.634676196527553,0.6199927668032387,0.24108691002509938,0.15771195974948976,0.07006250829006436,0.00014947781969027,0.00017554006503275,0.6,0.8,0.5,21,0.2162732639848769,0.1822907941115548
5,15,0.23064447804122842,0.631272544583143,0.6195538051519067,0.24101332474089115,0.05398570489921382,0.06446350263950647,0.00028842708329012,0.00043615976861674,0.6,0.8,0.5,22,0.2097332919019678,0.1732640066104551
5,16,0.21309974127169556,0.6096441948760777,0.5998088469346601,0.23287642733881234,0.11732254493425863,0.06450768680715567,0.00025616843152818003,0.00045097517017747004,0.6,0.8,0.5,24,0.1872890021348123,0.1760058930608747
5,17,0.19175373094535564,0.5781054567688981,0.5665666560184613,0.22027185114530828,0.2736526931277688,0.06766707652351464,0.00037688483232561,0.00065829543628196,0.6,0.8,0.5,25,0.1673089697726841,0.1430411094646916
5,18,0.17879305372305304,0.5660588613188808,0.5538919737799157,0.21661679707320014,0.07824779343391859,0.06846360215959901,0.00030229858656589004,0.00053121629415798,0.6,0.8,0.5,29,0.1910769660833525,0.1052387399763648
5,19,0.14519415744084496,0.49569857206494156,0.48294740089632887,0.17762574061311942,0.25828879813735506,0.06846360215959903,0.00030229858656589004,0.00053121629415798,0.6,0.8,0.5,31,0.1325947878058906,0.0970543383584666
5,20,0.13089251676972516,0.46272961547241814,0.4512054274048306,0.16544483133216975,0.16744205153009087,0.070799691339444,0.00043220655446873,0.00077644738149957,0.6,0.8,0.5,33,0.1164988955471693,0.0970311786505998
5,21,0.13013509937498816,0.4620634728255176,0.45347488329983804,0.17417195799100219,0.051400324788055285,0.07111945697212976,0.00043313215177481003,0.00078021681896456,0.6,0.8,0.5,35,0.1164866746795839,0.0969167627349134
5,22,0.10266432361361906,0.3868515239218817,0.37156062315866856,0.12732948553888013,0.29022871653259896,0.06861819297293661,0.00032388631586528,0.00055748187746866,0.6,0.8,0.5,37,0.0971922616901914,0.0891401471276203
5,23,0.09728253757368407,0.36797886807334057,0.35466140657320006,0.12487810281527509,0.1162624362074959,0.07001376525666629,0.00041321199266339996,0.00071123164573083,0.6,0.8,0.5,39,0.0883683273861045,0.0792364446925785
5,24,0.09621506497205289,0.36941660918460684,0.3651258511353012,0.12023511879298361,0.06040026385423322,0.06948210351233144,0.00041078297502888,0.00070854910593388,0.6,0.8,0.5,40,0.0894252870014425,0.077726177893474
5,25,0.09597512125019989,0.36475516233485705,0.35425362318799186,0.13771171194665197,0.05641547580247323,0.07001376525666629,0.00041321199266339996,0.00071123164573083,0.6,0.8,0.5,41,0.074855250456826,0.083067335621333
5,26,0.09586537802508019,0.36728072880199336,0.36286547133915553,0.161567991574232,0.04323254516300293,0.07001376525666628,0.00041321199266339996,0.00071123164573083,0.6,0.8,0.5,46,0.0829659438879885,0.0794489381466552
5,27,0.07454490202579768,0.2748456213523007,0.2597717063841136,0.11317892875471394,0.6732350282773686,0.07072007114453335,0.00034480328750583,0.00071571666484254,0.6,0.8,0.5,47,0.0564329454790358,0.064829860903601
5,28,0.07091949296007555,0.23732616478604335,0.22609003732743566,0.11410318272356693,0.12262457355465306,0.07757346586999123,0.00042603420290070003,0.0010640671970903201,0.6,0.8,0.5,51,0.0539827177320835,0.0578191650315363
5,29,0.06291534317174889,0.2244854096508065,0.21295809090572346,0.10624554644767607,0.07817380806690687,0.06611755919614536,0.00036402637912467,0.00072789175555547,0.6,0.8,0.5,52,0.0502448132187572,0.0521909209295246
5,30,0.052385517055245114,0.15011209905567294,0.13778039339871267,0.040658437793729206,0.5647792959328723,0.06652388171849255,0.00042699185250189996,0.00080503056126431,0.6,0.8,0.5,53,0.0401828210593242,0.0368966098718317
5,31,0.0529477691893735,0.1494723167487385,0.13707122518539946,0.06882849674882663,0.04295789935680002,0.06774528360253021,0.0004253986711348,0.00080207070061721,0.6,0.8,0.5,59,0.0418969331435876,0.0372265223979344
5,32,0.05269635675229909,0.14866488766380384,0.13623171478095852,0.07125380178958944,0.04557963773963328,0.06745235752703685,0.0004265029412937,0.00080399336761504,0.6,0.8,0.5,60,0.0426941489994994,0.0370921456368605
5,33,0.052908773717037595,0.15008280175551508,0.1406880759980697,0.07688638780606359,0.04345740106146788,0.0678444397678428,0.0004336515204051,0.0008176310891314899,0.6,0.8,0.5,61,0.0415639941362655,0.0367509020631709
5,34,0.04933435751663992,0.11487818461602256,0.103675014747633,0.05758804620554077,0.2881242316910688,0.06866635442367161,0.0004388727370759,0.00082876994527597,0.6,0.8,0.5,62,0.034251014402415,0.0279465193090817
5,35,0.04928733981330137,0.11526205955917009,0.1070537012224267,0.07428553541977156,0.0440253046608879,0.06879215312330583,0.00043876242690924,0.00082892053001184,0.6,0.8,0.5,66,0.0340942683919955,0.0277911115788314
5,36,0.044480996940733195,0.06998083634122713,0.0684169829655115,0.07274558878404265,0.1275951614345656,0.068630153202804,0.00049363539930832,0.0009248493179644,0.6,0.8,0.5,70,0.0324537699106171,0.0246289804501277
5,37,0.04363880238091937,0.06378893321758217,0.06490063236902205,0.07673183560444334,0.06752907762728162,0.06835281675388137,0.00047483262550531997,0.0008945489432885201,0.6,0.8,0.5,72,0.0322328717366408,0.0239541072881977
5,38,0.04298331547996211,0.062343992482342625,0.06935668775475112,0.08605495508493013,0.048508137463949184,0.06781368126616177,0.00047690124707159,0.00091379912259731,0.6,0.8,0.5,76,0.0324610407688097,0.0238213892128234
5,39,0.04114802064702671,0.04114616157484071,0.04114616157484071,0.07844693032542739,0.10283452086259702,0.06739947015269844,0.00043110785286631,0.0007231864018572,0.6,0.8,0.5,78,0.0297894266194561,0.0231035599138015
5,40,0.041148020762923156,0.044064866140282676,0.050171068030562996,0.10334654371893642,0.04114620454848286,0.06739947088489091,0.00043110791207203,0.0007231865016308801,0.6,0.8,0.5,82,0.0297894233548789,0.0231035553232323
5,41,0.04114598500628288,0.04550033700346289,0.05465844005874792,0.12897121437829387,0.04117851024289759,0.06739945690739609,0.00043097657895684006,0.00072305919735951,0.6,0.8,0.5,87,0.0298111468307953,0.0231004000715671
6,0,0.918212259180185,0.9780588045166618,0.9769475204202751,0.38995957143023885,0.0,0.0,0.0,0.0,0.6,0.8,0.5,1,1.0358601919007815,1.1267537094805071
6,1,0.8672307610143586,0.9896669039264518,0.9841500476217706,0.41394008182837944,0.22384957157222343,0.06625136093042971,1.350938631676e-05,2.124626828944e-05,0.6,0.8,0.5,2,0.9664848528930332,0.9459458579805184
6,2,0.7793038005058992,0.9648232368725382,0.960837579410484,0.4002433626158076,0.2506503063438144,0.07248464982026998,1.8859987531019998e-05,2.5576101687910002e-05,0.6,0.8,0.5,3,0.8459646337277925,0.8574569556552057
6,3,0.5911107081848236,0.8879764699642291,0.8802585203889743,0.35437653495889965,0.5483399899759936,0.06660713173693798,0.0003140365360071,0.00030024267946589,0.6,0.8,0.5,4,0.5693813729120198,0.4328061122923498
6,4,0.5847568804035209,0.8837401200834619,0.8759303318320424,0.35229612235900387,0.050442933822966544,0.06269139568378215,0.00025259136522133,0.00025180266377002,0.6,0.8,0.5,5,0.5714279987253472,0.4591261041343101
6,5,0.5868878135063107,0.8875035324649863,0.8827393176884772,0.3638074463687846,0.04142105335969975,0.06666636366001491,0.00031068394802322,0.00029355364921637,0.6,0.8,0.5,6,0.5382442579391541,0.4313140516425578
6,6,0.5437110956638596,0.8689692207567292,0.859905826560956,0.3519589726355905,0.21751038618594248,0.07916768168870592,0.00032754592232386,0.00032148894775533004,0.6,0.8,0.5,7,0.4622498873324528,0.4783700315034316
6,7,0.4292941614749345,0.8049198200744428,0.7955503588405659,0.3132791534268173,0.5059336513502029,0.0805201367799978,0.00033289652353812,0.00032581878115381,0.6,0.8,0.5,8,0.3607501673143432,0.3168951990932323
6,8,0.4274812875887513,0.8035414284981318,0.7941300312546644,0.3141404908217947,0.05389631938968413,0.07961061947820981,0.00032952180388342,0.00032124231083988,0.6,0.8,0.5,9,0.3638003159569203,0.3128387940860455
6,9,0.3895420236359545,0.7751866563417728,0.7614904770042087,0.2998884907243546,0.1294335422972969,0.07559071368442304,0.00018419753573419001,0.00022619667395739002,0.6,0.8,0.5,11,0.3595158721324865,0.308077554755313
6,10,0.2714893805608673,0.6739869323877403,0.6582515101885977,0.2388678372628179,0.7365803114781178,0.07206884455049346,0.00018621646926631,0.00022600841998764,0.6,0.8,0.5,12,0.2430325556830564,0.1814407402585428
6,11,0.2697559228630199,0.6734670718915764,0.6605356436517068,0.24220244440643166,0.06362222587205202,0.07679601638388507,0.00031106858787646,0.00023304985331778,0.6,0.8,0.5,14,0.2415965611590143,0.239186575751668
6,12,0.24603667856084474,0.6472340811308601,0.6331685419050632,0.23207351117877625,0.11955783072786093,0.07061784345401198,0.00016769707071176,0.00019530775575792998,0.6,0.8,0.5,16,0.2393674100519215,0.2154929352209129
6,13,0.24190242006733625,0.6418479726685911,0.6273855972147806,0.23622472340758421,0.07205218927752716,0.07472606811067917,0.00015295924868788,0.00018788178672417,0.6,0.8,0.5,18,0.2118267520433277,0.1761871967499593
6,14,0.24086457996142094,0.642013517172184,0.6305298760773507,0.24180614940662212,0.05028499599717311,0.07501811518715311,0.00015186801649168,0.00018731738904976001,0.6,0.8,0.5,20,0.2111438072403949,0.1758651888560664
6,15,0.23511367162476893,0.6368654122431664,0.6281989152022535,0.25684085176378063,0.05130695948378566,0.07173378930075736,0.00017056147389951,0.00020152400432686,0.6,0.8,0.5,24,0.2134667312611756,0.1878519991307835
6,16,0.22577241726434522,0.6246479009447335,0.618016570801857,0.25993908758792833,0.11949062337544639,0.08240513631461062,0.00018063936486433998,0.00022386543233690002,0.6,0.8,0.5,26,0.1882494980342665,0.2095476498435551
6,17,0.20492891060882734,0.5972174656501058,0.5922337250113713,0.24814533723442017,0.14412735956945222,0.08051474748237478,0.00017879903209486002,0.00021899874502928,0.6,0.8,0.5,28,0.1627201166643468,0.183332128694524
6,18,0.17303623843431043,0.5449459494633997,0.534431125030916,0.21096124368225744,0.21486413146570096,0.07663709694734654,0.00059909928864064,0.00043010435455971,0.6,0.8,0.5,30,0.1784531888793685,0.1429481930659258
6,19,0.1683349561422992,0.5380491353417354,0.5301751549542912,0.2127637428259832,0.07451497420700823,0.07628513754966552,0.0005952738085977999,0.0004261473830682,0.6,0.8,0.5,32,0.1692956742645702,0.1388535545981107
6,20,0.10993627037621187,0.39650989537896814,0.38434158778949334,0.12490645140798756,1.0485356115412194,0.07981372193525589,0.00056749362333552,0.00038676696279531,0.6,0.8,0.5,33,0.0935750211453886,0.0819272907717714
6,21,0.11024233911690678,0.3952426314727815,0.3800128352547265,0.13753539122266747,0.049274189968304,0.08040143012426629,0.0005739984146924,0.00038671924445136003,0.6,0.8,0.5,36,0.0997376250051706,0.0902448580765448
6,22,0.10886178266681092,0.3933098018331038,0.38098536982086373,0.15044898732834716,0.05847187692095662,0.07961660959601792,0.0005690925723329301,0.00038592420279625,0.6,0.8,0.5,38,0.0923485314730962,0.0815062647289939
6,23,0.10819033520211854,0.3933302600639016,0.3840027709805495,0.15715833976709287,0.05190935860485617,0.07908202618914184,0.00056014319835277,0.00038175927560549,0.6,0.8,0.5,40,0.0883848028683758,0.079275927507578
6,24,0.10672252575337926,0.39068408233546403,0.38421742843660506,0.16224659301347344,0.060861377988903786,0.07863479263499301,0.00052401565286101,0.00035713695467595003,0.6,0.8,0.5,42,0.0890884283827507,0.0758922657046147
6,25,0.10697695303019666,0.3895601995760407,0.38299356246707117,0.13629320411801235,0.055432440339653256,0.08011817079333447,0.00049708865290912,0.00032052182967987,0.6,0.8,0.5,44,0.0887626305734133,0.0727132703026098
6,26,0.10957164543268537,0.38881993296599315,0.38201166923826646,0.19333574391857866,0.06096551392995548,0.08700049602430185,0.00038807596972385003,0.00029744914125661,0.6,0.8,0.5,48,0.1087326738940939,0.0720260998568343
6,27,0.10465925676621954,0.3739840430244858,0.36942195029986746,0.19100607213846899,0.10704063783417847,0.08638473401117924,0.0003941833258872,0.00030153836867636,0.6,0.8,0.5,50,0.0933580674358857,0.0697812410061025
6,28,0.10299244919181658,0.36824705802891866,0.36340067124915504,0.19558823547181928,0.07151970750544642,0.08617919930453526,0.00039257209666373,0.00030362101703008997,0.6,0.8,0.5,52,0.0936078082537999,0.0674902261463295
6,29,0.10134764120291148,0.36525825778867566,0.36622248397920787,0.20381167394015415,0.06218143864584208,0.08605730180351431,0.00039364888701306,0.00030526606245102997,0.6,0.8,0.5,56,0.0871823588186975,0.0651781442252031
6,30,0.1013723201346227,0.36233884747787937,0.35719508123159993,0.1504395641698827,0.05220314497041693,0.0861160270757606,0.00039324499682373006,0.0003052862751491,0.6,0.8,0.5,60,0.0870646190180784,0.0653513948745791
6,31,0.10081348571126836,0.3621886054568345,0.3600255588239662,0.15733130212884108,0.06178256415426598,0.08583923449806104,0.00038106810894497997,0.00029551171541709003,0.6,0.8,0.5,61,0.0876855596319347,0.0650929118926502
6,32,0.09252970281630853,0.3352501435201234,0.33477950458708056,0.21105055250843383,0.11212746783151693,0.08318816895415115,0.00041884375100149993,0.00035422004327801,0.6,0.8,0.5,64,0.0787365023112994,0.0696208458579539
6,33,0.09213951089464803,0.33768686508531165,0.3433163155280066,0.22263426960934724,0.05027147424185118,0.08258549181525315,0.00041601566260609,0.00035915262365395997,0.6,0.8,0.5,68,0.073497928576691,0.0611715581359547
6,34,0.08829865471365199,0.3178602499279836,0.3224383699607888,0.2221273299658885,0.12266468132588322,0.08423268265175457,0.00037304704216712,0.00031475021954484,0.6,0.8,0.5,70,0.0842938309794987,0.0643003715893776
6,35,0.08728679384449181,0.3126784337334007,0.3199450797401455,0.2363879504656555,0.07640941782183906,0.08516895698859256,0.00037008377021988,0.00031020977763791997,0.6,0.8,0.5,72,0.074199243906875,0.0597229346239204
6,36,0.08691517199559952,0.31275475666155483,0.32300978361962746,0.2508535849426516,0.05430665321307899,0.08498469954864699,0.00036868035371849,0.00032311169456971,0.6,0.8,0.5,75,0.0785368685995335,0.0622411283338593
6,37,0.08546329175324527,0.30529985292294504,0.3151700140870807,0.24612830897695187,0.10385629667986028,0.08526488811998552,0.00035110163521097,0.00030344998235196,0.6,0.8,0.5,76,0.0701225182167374,0.0625048608156724
6,38,0.08451602048925169,0.30344099230762733,0.31621256015658944,0.2594508981505427,0.061697386440335907,0.08472227483433153,0.00035126578651681003,0.00030821888992265,0.6,0.8,0.5,78,0.0680897168438258,0.0652239908250934
6,39,0.08303827016518389,0.3028398604340417,0.31862715536735664,0.31509937202167543,0.05027212605625008,0.08250838098597718,0.00034837954754849,0.000324249409181,0.6,0.8,0.5,94,0.0805904460034494,0.0629134910810428
6,40,0.08149382680769567,0.2963335447663761,0.3147672683486853,0.31970661526544775,0.07752855229543354,0.08261312261894155,0.00034998238536183,0.0003238891533962,0.6,0.8,0.5,96,0.0749108528895631,0.0624110835534859
6,41,0.08027664472037456,0.2940708604560279,0.31836094280099164,0.3424697006232779,0.05825515254241788,0.08217775459207233,0.00035760491911474,0.00033722922587265,0.6,0.8,0.5,100,0.0688136113554262,0.061941580940005
6,42,0.07948757869740684,0.28134736468447913,0.30785441779354245,0.3266777500582904,0.10898737129961483,0.08581141800586364,0.00048376645198496004,0.00042786857706634,0.6,0.8,0.5,102,0.0807897207061751,0.0607575708381976
6,43,0.07557313613179459,0.2720295667558954,0.3070926971471947,0.35368502254877865,0.05851117549053738,0.0828712504854884,0.00047491803539421,0.00039909252169364,0.6,0.8,0.5,112,0.0761737983830061,0.0551356492783625
6,44,0.0736508774412694,0.2549700490632797,0.29207566154471964,0.35132535492606093,0.12051050181577913,0.08527188148429679,0.00047566221549471,0.00038795592385539,0.6,0.8,0.5,114,0.0716377159708636,0.0583630167316556
6,45,0.07384769285806166,0.2550911261342062,0.29219128915404924,0.3766461972490226,0.05264456568501921,0.08563647564629512,0.00048337439554757,0.00039545335760396004,0.6,0.8,0.5,116,0.0720829026187001,0.0605045375677382
6,46,0.07336730056650756,0.25515059483189817,0.2952491876490777,0.3665055085936342,0.058470985633223026,0.08512868231015439,0.00047093669986326,0.00038382206227796,0.6,0.8,0.5,117,0.0731406354347203,0.0567001491285559
6,47,0.07353135451909056,0.2550839439119285,0.29516823125725694,0.39934343809423123,0.05407635353290472,0.08547292528805533,0.00047822245398251005,0.00039070488555830997,0.6,0.8,0.5,118,0.0739401921166239,0.0584963243226815
6,48,0.07265517433525265,0.2501681786684678,0.29000939914900825,0.36976722533291534,0.08456224004385116,0.08529223406534367,0.00046609534735863,0.00039406511317441995,0.6,0.8,0.5,119,0.0726069639929875,0.0590839309398941
6,49,0.07283858658155827,0.2511828198463698,0.29403898349673885,0.39932917419168035,0.0538768925878281,0.08574369092920009,0.00049339471994583,0.00042600971570082996,0.6,0.8,0.5,122,0.0709609202346529,0.0578382805858138
6,50,0.07170667662613801,0.24716457135830075,0.286882267517941,0.3921957788512264,0.056850940917316684,0.08437107073615613,0.00046630333237392,0.00036984789475661003,0.6,0.8,0.5,124,0.0670785096668192,0.0570669524307392
6,51,0.07210377505222425,0.24840544452329238,0.29410483647387964,0.4306011432574045,0.06043379827043614,0.08559299644910175,0.0004944728535048999,0.00041939511738241,0.6,0.8,0.5,126,0.0692657782709932,0.0581719808334415
6,52,0.07245121720209159,0.24705293919620105,0.29265048798279425,0.42447795747778405,0.05608460271136382,0.0866995234098451,0.00048685532627919,0.00042047840085385,0.6,0.8,0.5,130,0.0706986031229111,0.0603059293656984
6,53,0.07049677448674714,0.23886745531578019,0.28409290474485394,0.44059502456042776,0.06866203344890434,0.08531221959486256,0.0004851980475537,0.00041103054649634,0.6,0.8,0.5,133,0.0680352631060728,0.0557767894358809
6,54,0.07031084290929841,0.23973529194049176,0.287989675386579,0.43682933476625513,0.05276242341754052,0.08512314244068356,0.00048411899828566,0.00041054802983046,0.6,0.8,0.5,136,0.0682774034236751,0.0556528014594781
6,55,0.07021892245618223,0.24062679423839142,0.2919059407072781,0.45399123092243643,0.05551470433156491,0.0851088792203459,0.00048435625334422003,0.00041056279783749,0.6,0.8,0.5,137,0.0687066979144313,0.0555993225857179
6,56,0.0697037508359456,0.23992632553113194,0.2941604592182924,0.4735558351509443,0.053373769284970916,0.08475899201644545,0.00047003649451981,0.00040813453080855,0.6,0.8,0.5,144,0.0682894955569243,0.0577877516893597
6,57,0.06884436297210673,0.2352410571612346,0.28924809332814905,0.4831846973207871,0.06668256405773086,0.08441837213037666,0.00046470984080094005,0.0004228542628245,0.6,0.8,0.5,146,0.0678224854699074,0.0576487640868697
6,58,0.06859022481873771,0.2362700353924317,0.29331970239085076,0.4837153912523508,0.051727006301764016,0.08404281661351279,0.00046537197222159,0.00042471432304866006,0.6,0.8,0.5,148,0.0672799413227294,0.057658913013058
6,59,0.06783453496562254,0.23831653869130356,0.3014653015199518,0.5366380373732241,0.0504389390822581,0.08283049678147678,0.00047790580062513,0.00039548289019089,0.6,0.8,0.5,155,0.0674820636501808,0.0591027010817158
6,60,0.06784926257240273,0.2323766751153183,0.2833061138612182,0.4047256305232652,0.05039129350397639,0.08288749410809325,0.00047809549706004,0.00039589878253219,0.6,0.8,0.5,167,0.0674561937837913,0.0591040905482251
6,61,0.0675783291982877,0.23090195221199658,0.28176013998072197,0.42117804790568764,0.05346451339924709,0.08277477872170454,0.00047833007719563,0.00039500304711106006,0.6,0.8,0.5,170,0.0676157892841832,0.0591500763596583
6,62,0.06727482883376078,0.22877440366187804,0.279525081097528,0.4091735934029956,0.06454518114431519,0.08277288378430687,0.00047652353187974003,0.0003906442621902,0.6,0.8,0.5,171,0.0671350989091753,0.0578975982301016
7,0,0.9542296938462307,0.9879477896394502,0.9873373415422662,0.39628685972663386,0.0,0.0,0.0,0.0,0.6,0.8,0.5,1,0.8856795816701474,1.1321392399317465
7,1,0.8576682778693424,0.9868317664965001,0.9811607359725465,0.41220221390952805,0.3132058699812063,0.06660207747081688,1.335550530989e-05,1.801107898547e-05,0.6,0.8,0.5,2,1.00689890992056,0.9459458579805184
7,2,0.8186347801206526,0.9727231320583248,0.9664569578913809,0.4029733784781858,0.11862439045736804,0.06268841011987304,7.382198052677639e-06,8.911338395195144e-06,0.6,0.8,0.5,3,0.937965473145915,0.9332508381606074
7,3,0.6320403325780869,0.9061340992565178,0.8993371383408799,0.3659840955210797,0.5281087064966244,0.06651072694032484,0.00030968332075156,0.00036783951703800997,0.6,0.8,0.5,4,0.4476517119516505,0.4604277820139883
7,4,0.6238400883038568,0.9012249140418782,0.8943016796225092,0.3634758015150008,0.055106700216810946,0.0626330018001804,0.00024211940082431,0.0002969525600619,0.6,0.8,0.5,5,0.4477806920845164,0.4818788839302534
7,5,0.4733997089780663,0.8272333689799468,0.8164564798505847,0.31958476344862835,0.5645112098215218,0.0662489851026815,0.00017562699471564998,0.00026100195867669,0.6,0.8,0.5,6,0.3744170639072179,0.4049261467152917
7,6,0.46863809895508196,0.8245236657693452,0.8136022660213722,0.3189104902453256,0.05983635283514498,0.06650764304055015,0.00016973614518457002,0.0002483073738234,0.6,0.8,0.5,7,0.3660196393790124,0.397804139865199
7,7,0.43316872380599986,0.8063542091967942,0.7972134111905251,0.31818020587659995,0.21884795041638316,0.07545668733350692,0.00025483234162245003,0.0003657001410102,0.6,0.8,0.5,8,0.406858130595586,0.3963825521156623
7,8,0.2935108722135465,0.6963959298779324,0.6814560857480739,0.2548455372025396,0.444834618912847,0.08317891681090327,0.00019314924260922,0.00028366632892087,0.6,0.8,0.5,10,0.2710404221069342,0.2081325724595252
7,9,0.28776266184454813,0.6906072529463969,0.6753613386125735,0.2438000360102623,0.09211622389321042,0.0836220119526213,0.00018725839307814,0.00027097174406758,0.6,0.8,0.5,11,0.2603591499952484,0.2007302966401928
7,10,0.26518873782936153,0.6683453537745908,0.6551036437053956,0.2428512015784462,0.11885479300665655,0.07857866371844038,0.0001915775780855,0.0002936192684041,0.6,0.8,0.5,13,0.2466129143875973,0.1754192802628303
7,11,0.2550551268980419,0.6592712173367842,0.6513447815169773,0.24616333344568142,0.08695049704080438,0.08466509469862787,0.00017780748986496,0.00025956847393189,0.6,0.8,0.5,16,0.220632020425852,0.1576459607793072
7,12,0.23650189794947682,0.6359519356550548,0.6240143738157617,0.2447531096023367,0.09159917175978818,0.07856641007366208,0.00041734558959199004,0.00130668323178676,0.6,0.8,0.5,19,0.2332235081649615,0.1926950539828282
7,13,0.23278703654289176,0.6324916657310209,0.6233210723919695,0.24679570124578384,0.06831797615052991,0.08037461658010282,0.00034443733880643,0.0007133812374719701,0.6,0.8,0.5,21,0.2110697574408956,0.1601116387452382
7,14,0.22797611688810462,0.6279722252742612,0.6215902370203508,0.2511243835901165,0.06622529562464412,0.07883502460847795,0.00042523261760668,0.0009187561900896,0.6,0.8,0.5,23,0.2174139479071831,0.1704663777621573
7,15,0.22155973884720787,0.6224280242467372,0.6157853678065602,0.2501081757767053,0.10289049390213763,0.07902503225338023,0.0002022824333435,0.00025278945110832003,0.6,0.8,0.5,24,0.2122368434343846,0.1653459182107898
7,16,0.21137074715121779,0.6064644310216605,0.5990056723908903,0.24250192319777097,0.14676462591611955,0.07926159357752305,0.00020923443311463,0.0002582220607259,0.6,0.8,0.5,25,0.1989353932911068,0.1594518206958178
7,17,0.20686492931931433,0.599388409182641,0.591592588849607,0.24038568806533095,0.0880519085502465,0.07854643235820699,0.00021392703906728997,0.00026733691220263,0.6,0.8,0.5,26,0.1948923977127993,0.1602694317918874
7,18,0.15660328614202712,0.5184030260393028,0.51246130368728,0.2027477393188322,0.6408647032503039,0.07850667288301685,0.00026311404247601,0.00034242687657498,0.6,0.8,0.5,27,0.1337521547602022,0.089971058958604
7,19,0.15107199796838572,0.50437574453104,0.49770446778999566,0.19660161389113437,0.1322613121424559,0.07912252942612719,0.00026630911416722,0.00035359261505877,0.6,0.8,0.5,28,0.1310762433516883,0.0774038899857778
7,20,0.11470823973423505,0.4213618718866456,0.413645947809141,0.14578747680608684,0.601431166998274,0.07290871317950891,0.00038595319449563,0.0004908747005029701,0.6,0.8,0.5,29,0.1023363741350567,0.0661886168205975
7,21,0.11397181916730888,0.41918829499817545,0.4142911290514492,0.14943358269694423,0.06266830945640045,0.07456429396703572,0.00038339856345653,0.0004964714230377501,0.6,0.8,0.5,31,0.1015155332091517,0.0708053839606592
7,22,0.10700484595498146,0.39816408309299606,0.39222478565686975,0.14323975963929572,0.11347134149660866,0.07383606750119012,0.00038460554842043,0.00047335203816295003,0.6,0.8,0.5,33,0.0906941123959528,0.0792664127791651
7,23,0.10670881563845584,0.3926816182402923,0.3893056409695393,0.16271211624631474,0.061053834235195226,0.07840056351957674,0.00036356498066842,0.00048722037126047,0.6,0.8,0.5,38,0.0784038919778991,0.0617765510894633
7,24,0.10353365802398373,0.38173236516234127,0.37484920764150803,0.16628414610733858,0.062351545017174326,0.07749611523729658,0.00038138754684805,0.00049587778617798,0.6,0.8,0.5,42,0.0770180514734249,0.0628715316308278
7,25,0.10211109094038034,0.37865168197025906,0.37459924566876796,0.16624952724671935,0.061975773074910805,0.07723280278797401,0.00038296574721474,0.00051088814813208,0.6,0.8,0.5,44,0.073982946449219,0.0619889264983436
7,26,0.09761446110989036,0.3618002829644812,0.3568796183588459,0.17313224865741741,0.0668748558033978,0.07768695184976074,0.00039219491204935,0.0005345271439011801,0.6,0.8,0.5,50,0.0716748885560138,0.0592330183592923
7,27,0.09820150739711779,0.3648295848395227,0.3659819626974824,0.15501573703601182,0.05249983348288372,0.07893478903355543,0.00040276741040003996,0.0005503020132221501,0.6,0.8,0.5,51,0.0764789891044122,0.0727765241265751
7,28,0.09798002693450956,0.3633266220318335,0.36438995133175783,0.15415039353816182,0.05432369143562533,0.07937695686838626,0.0003970034013937,0.00053939077915808,0.6,0.8,0.5,53,0.0766243213074201,0.0715821424988587
7,29,0.09760641722350637,0.36247864294522975,0.3635095222974135,0.15352484599990054,0.05014892246976746,0.07899789655526822,0.00041018664782713004,0.00055876675501087,0.6,0.8,0.5,55,0.0741067312507735,0.0710018004886254
7,30,0.09685568065245664,0.358649440991894,0.3594681212102888,0.15120471437938307,0.057993504063584556,0.07960548597970497,0.00040885887337631003,0.00055287719182556,0.6,0.8,0.5,58,0.0729788423535283,0.0706963131178491
7,31,0.09535853442764172,0.36327798916371784,0.3792817476017482,0.25873203699039493,0.04838142695352833,0.07775788130122656,0.00040847023036182,0.00060978591152402,0.6,0.8,0.5,68,0.0757156675107086,0.0691567315181165
7,32,0.09564968084602568,0.364907525391577,0.386909248007789,0.2528968125692227,0.048952050620570016,0.07914712801159321,0.00044071551203959003,0.0005863040492828699,0.6,0.8,0.5,86,0.079915002649788,0.0689133952143729
7,33,0.09542970620390322,0.364175664899196,0.3861424057533506,0.26212134015848737,0.050473066815008884,0.07913588131685478,0.00041919961487042994,0.00055213088064131,0.6,0.8,0.5,88,0.0768827838586601,0.0697926210497572
7,34,0.09498701839329632,0.362447643785727,0.384326663364609,0.26425316428686624,0.060036520070271646,0.07913589305931593,0.00041747157115781,0.00056285899537557,0.6,0.8,0.5,89,0.0786427143753692,0.0696224695811943
7,35,0.09443824381812337,0.36180235601192534,0.38662855909020777,0.2750809494911462,0.06248992225102321,0.07914258020453821,0.00040346352515913,0.00055059063717947,0.6,0.8,0.5,90,0.0773222307303942,0.0634650313984865
7,36,0.0934721397244189,0.35695943603500807,0.3785685388273289,0.2752600259504943,0.07026316071715194,0.07884662783999784,0.00042209043464465,0.00058486459745456,0.6,0.8,0.5,91,0.0903119245824636,0.0749154451821749
7,37,0.09311132562074109,0.35697654154266445,0.3815656087736203,0.2990033285526076,0.05291847679205831,0.07883950193371335,0.00041851145593135,0.00060302435715393,0.6,0.8,0.5,93,0.0833576561181651,0.0791939690625642
7,38,0.09284544595978446,0.35602607238253725,0.38056890426004547,0.308419665976755,0.05104920014896585,0.07878998389453581,0.00042178788488180994,0.00058204477805564,0.6,0.8,0.5,95,0.0824382415385344,0.0706416137739384
7,39,0.09170992627609027,0.35203380263082173,0.3793393263253262,0.33360988542424697,0.05478210870050752,0.0792952376947317,0.00040886833326222994,0.00056131686692546,0.6,0.8,0.5,101,0.0779176705893949,0.0717474813187244
7,40,0.09143846731358571,0.35059651225661775,0.37782387747315505,0.3342729283952499,0.05363257630861756,0.07947744406228327,0.00040541829168528004,0.0005600557194171999,0.6,0.8,0.5,103,0.0766325491106602,0.0649631069689696
7,41,0.09058442501377728,0.3473393168569439,0.374406398976375,0.33481350990854086,0.059074319403075025,0.07929344072832749,0.00040680214031416,0.0005937806408922,0.6,0.8,0.5,105,0.0765012835356244,0.0658784917109198
7,42,0.09031378667314577,0.34803361223564305,0.3781206954125503,0.3410300881467499,0.049155138247884395,0.07911812625891793,0.00040680411011221,0.00058118222173414,0.6,0.8,0.5,109,0.0756495523583805,0.062352721204412
7,43,0.09041711853297217,0.34961269149123514,0.3827540227987776,0.37148422260354114,0.048202681982297,0.07928910547541715,0.00040566134586461996,0.00057121804125506,0.6,0.8,0.5,115,0.0737171735866002,0.0622781356918768
7,44,0.09031858181650251,0.3489712051958106,0.3820764243776269,0.37333127465187327,0.05070929210839307,0.07937505317379975,0.00040839448415919003,0.00060694162292181,0.6,0.8,0.5,117,0.075985877206729,0.0647886792812693
7,45,0.08996671217704881,0.3466538304850479,0.3796286675340907,0.41304159425807335,0.049616485185626766,0.0797978876390748,0.00041181827478877,0.00060793402982192,0.6,0.8,0.5,133,0.0740670962384275,0.0670196154479271
7,46,0.08990316283305726,0.3508567167087389,0.3929834445643064,0.4510220337300788,0.04873508220027993,0.07974155302013272,0.00041032372812593,0.0006198962860182,0.6,0.8,0.5,137,0.0735748746299743,0.0654390484490543
7,47,0.0899554486235246,0.3521654967564762,0.3973317732362217,0.4822802619152216,0.048810033109696824,0.07982777708241744,0.0004602399990465,0.0006705788729654599,0.6,0.8,0.5,146,0.0713190154675641,0.0668206926358182
7,48,0.08987254974219917,0.352059093643105,0.39722382217301555,0.48218463791411864,0.04862791852021333,0.07972077658491614,0.00046643226268398,0.00063741293063926,0.6,0.8,0.5,148,0.071548122361231,0.0611519251115632
7,49,0.08964314114513468,0.3569770276484457,0.4143085124570297,0.5152805068872451,0.04973905785570545,0.07975714210122589,0.00040830960418517,0.00064946357257186,0.6,0.8,0.5,153,0.07530904278884,0.0657039965981182
7,50,0.0896401172728888,0.3569638370251788,0.41429465544662125,0.5152721036974929,0.04851723586118117,0.07975714598517793,0.00040843309678114997,0.00064946780009403,0.6,0.8,0.5,161,0.0755131385451138,0.065678030783435
7,51,0.0894288728575378,0.3546044688865314,0.4088366024112845,0.5430380182863669,0.049539899382595315,0.0797576034382709,0.00040803229596048996,0.00064963252554884,0.6,0.8,0.5,167,0.0754182073428292,0.0656808596967198
7,52,0.08942320524761005,0.35750180559279204,0.417839100519158,0.578912071552063,0.048528346964433845,0.07975535542599145,0.00040757866844783,0.00065129400446219,0.6,0.8,0.5,173,0.0751524311623078,0.0653469431499674
7,53,0.08937433217123719,0.3558330617525981,0.413106641117545,0.5986510270312707,0.04868581405954901,0.0797565435106917,0.00040802367851932,0.00064960802884272,0.6,0.8,0.5,181,0.0754861341327859,0.0660808053172995
7,54,0.0893477836257956,0.3557068623759557,0.41297385537238757,0.6097452584259667,0.04880829864941597,0.07977046305205135,0.00040900329326836,0.0006391596570818399,0.6,0.8,0.5,184,0.0759800983293887,0.0654510653510404
7,55,0.08934164737724812,0.3659051395207458,0.44454305989959697,0.6605741461848131,0.04860409944053873,0.07975681077970206,0.00040822523297271004,0.00065120560047275,0.6,0.8,0.5,185,0.0752901140076768,0.0658235761816213
7,56,0.08925837687307812,0.36991786355268663,0.45769643940313015,0.8590359179739931,0.048871637274885235,0.0797558786830363,0.00041242014040464,0.00065123221118786,0.6,0.8,0.5,192,0.0747313400358381,0.0651887388413341
7,57,0.08932364374696966,0.3597622322575716,0.4261687759464885,0.6468086499905219,0.04859244090748496,0.07984894105439076,0.00042141787935633996,0.00065905570314718,0.6,0.8,0.5,195,0.0746727270479187,0.0639089439939137
7,58,0.0891282321921455,0.3594623027313884,0.42586193965050023,0.6656761311808532,0.04888239293918994,0.07957209314979108,0.00041343650110889,0.0006769200456129599,0.6,0.8,0.5,197,0.0752449778034359,0.0648117332913383
8,0,0.8400595452701988,0.9552282341131396,0.9529606701311848,0.37535223589279737,0.0,0.0,0.0,0.0,0.6,0.8,0.5,1,1.357737753819259,1.1358465561340316
8,1,0.8680803510589775,0.9900610037455286,0.9845544858623494,0.414260716060842,0.06525925849238985,0.06656663400838267,1.383661327139e-05,2.211459128798e-05,0.6,0.8,0.5,2,0.9637561756032884,0.9459458579805184
8,2,0.7418081410624713,0.9497212216456542,0.9451099872797643,0.38959085289494405,0.3344510394183237,0.06791834453577844,1.3029577372879999e-05,1.4309860687230001e-05,0.6,0.8,0.5,3,1.0005694014994002,0.8751620754291549
8,3,0.5554887610432426,0.8709908838381571,0.8624202585376264,0.3434557648211908,0.5790969280560699,0.06653510445390855,0.00024760393053013997,0.00019298648018288,0.6,0.8,0.5,4,0.8673937330187155,0.701950323054014
8,4,0.5468491426872343,0.8655148700690088,0.8567884158934288,0.3405904756140349,0.05902677631658915,0.06264786737862216,0.0001987508792201,0.00013817587668045,0.6,0.8,0.5,5,0.8746547613729164,0.6896690548967739
8,5,0.5376897657160238,0.8624229605595783,0.8565159137328271,0.3420677849399077,0.053781469803116475,0.06272600638349789,0.00021729844892129,0.00014026521448055998,0.6,0.8,0.5,7,0.8995976282167146,0.6969109916972539
8,6,0.5381890905491492,0.8638470407395212,0.8579002130483997,0.34312624145614257,0.0430682561676221,0.06632332177414267,0.00022150676332849,0.00023523727202969,0.6,0.8,0.5,9,0.8665996206709454,0.7969167763229676
8,7,0.3872042656541018,0.7741224401052332,0.766741797880332,0.29368729531731075,0.6476500143586543,0.061981717582480333,0.00025548433883037,0.00021089380432013,0.6,0.8,0.5,10,0.5554898881068174,0.4005241517416532
8,8,0.3715110956538301,0.7643519153288448,0.7594269876061774,0.2920859182269492,0.07870734963596977,0.06290294786548446,0.00027165723531778,0.00020913207397018997,0.6,0.8,0.5,12,0.5838197107517398,0.4143402321186475
8,9,0.3692676252942287,0.7624120303462278,0.7574426022615965,0.2926121879052847,0.043060385435733206,0.06124634485951168,0.00022216149945367,0.00015438609656606,0.6,0.8,0.5,13,0.5770290843884638,0.4117992844402773
8,10,0.3622088534840261,0.7554620735626632,0.7472004467953869,0.28452458013552634,0.06879396442181936,0.05996038874695503,0.00018948630257716,0.00021100911023181,0.6,0.8,0.5,14,0.5688441433221457,0.3982296674170525
8,11,0.36019739815204266,0.7556194327422768,0.750295831105487,0.28958421014958724,0.04502544956989934,0.06148300460477829,0.00026549252470296997,0.00020270417752903997,0.6,0.8,0.5,16,0.5743580092551416,0.4002945136664186
8,12,0.3566705646201242,0.7525945862320614,0.747187426754873,0.28715408307648604,0.041514807325409554,0.05921810892884458,0.00024470889923224,0.00020324419247635,0.6,0.8,0.5,18,0.5683823501000668,0.4293634901451765
8,13,0.3559214595311117,0.7727911469538952,0.7682384223342819,0.3180638881512534,0.05002286751368341,0.06487305927472856,0.00018004531409468,0.00017241871599311,0.6,0.8,0.5,20,0.4052845351942764,0.3997894745422403
8,14,0.26902261745983314,0.6759537002813154,0.6694234092841929,0.26162429664523873,0.5869024843692744,0.06632467908035833,0.00029738091713314,0.00030870964651053,0.6,0.8,0.5,21,0.3786125624097447,0.235341620023755
8,15,0.2523835655308255,0.6579423379068546,0.6505521618952107,0.24972253298232538,0.15612402220535881,0.06487305927472856,0.00018004531409468,0.00017241871599311,0.6,0.8,0.5,22,0.4020200231049752,0.2191448665466958
8,16,0.24784159214670445,0.6540297483804222,0.6493459213117219,0.25329098119869026,0.06422538896895248,0.06716691461545211,0.00026333541428632,0.00023565640193656,0.6,0.8,0.5,24,0.3441592784182464,0.2154471561380544
8,17,0.2352229897146946,0.6389912590809996,0.6309094350075292,0.24470191289112087,0.08094826081038405,0.05600785536712198,0.00020116917633304,0.00018689030675136,0.6,0.8,0.5,25,0.2984621779278386,0.2295172150630651
8,18,0.22629452368725983,0.6274406470864814,0.6213205896365523,0.25294809204776564,0.116588176407395,0.07026862129654493,0.00018453749074696,0.000176836516993,0.6,0.8,0.5,27,0.3013068833991024,0.2285590330406707
8,19,0.2280270803190885,0.631629198284764,0.6314797106348184,0.2829626758472691,0.048536408411926815,0.07685973275043997,0.00018320811674017002,0.00016570369894714,0.6,0.8,0.5,36,0.2943310218964061,0.2599215718261402
8,20,0.2108963771392061,0.6134720254527141,0.6186613933490285,0.2907682094712822,0.1435959714034647,0.06693093746792686,0.00020168566986327,0.0002009279974228,0.6,0.8,0.5,37,0.2576760181840621,0.1931557849317008
8,21,0.1743950652975501,0.5559518167930461,0.5580971583370584,0.24636836973241205,0.18110330526871873,0.07106617400824194,0.00028208864399824,0.00027713109165067,0.6,0.8,0.5,40,0.2721737606299761,0.1194047157174152
8,22,0.15809808031498454,0.5244150055937769,0.5219682026443634,0.23576603850840974,0.252787440642498,0.07147999364094762,0.00031905559006420003,0.00034305510309001004,0.6,0.8,0.5,41,0.23445835462173,0.112988442801151
8,23,0.1526915602427826,0.5168126287146033,0.5170414652433968,0.23712258679595813,0.0674594088042961,0.06889026590931459,0.00026168911899611,0.00032494943493506,0.6,0.8,0.5,43,0.2366218536518364,0.1036690122503303
8,24,0.15268531473033872,0.5182593888752247,0.5215406607203473,0.2544312909241011,0.041748806178681486,0.06889036544429528,0.00026163762556373997,0.00032486899241633,0.6,0.8,0.5,45,0.2365845839958648,0.1036817442382242
8,25,0.1526565512634488,0.5182021467192387,0.5214805352909014,0.2712325266416792,0.04183662200798483,0.06889029200644871,0.00026151276866145,0.00032468358319696,0.6,0.8,0.5,48,0.2364092143203341,0.1036817309619208
8,26,0.15265055999491522,0.5181902104962441,0.5214679940654842,0.2712248660582865,0.04172604408646988,0.06889029652022174,0.00026148223035664,0.00032463656531177,0.6,0.8,0.5,52,0.2363721000327352,0.1036839287535073
8,27,0.1524996062551791,0.5179907515705903,0.5241686799022914,0.3077174929666449,0.04829953410572571,0.07106544502649924,0.00030027903217503,0.00037482866967711,0.6,0.8,0.5,56,0.2429207953526102,0.0979819501169452
8,28,0.14585109550569333,0.5056938736193669,0.511317956813646,0.2993507452600213,0.116849727593766,0.068890272535006,0.00026251030976711,0.00032289531266148,0.6,0.8,0.5,57,0.231139186719828,0.0961861191663735
8,29,0.1458508511532764,0.5071527101755507,0.515829862535244,0.3054346428102694,0.04170721891566278,0.06889027802805849,0.00026250814731277,0.00032286331427815,0.6,0.8,0.5,59,0.2311414663070091,0.0961892893486415
8,30,0.14575995425417468,0.5098801406333889,0.5246538297842686,0.3412687951148906,0.042034168852971,0.06889098062759727,0.0002626185801692,0.00032123323126893,0.6,0.8,0.5,63,0.2308855597815642,0.0960114035687598
8,31,0.14550801524137902,0.5064326104641614,0.5150734314930311,0.35612698328365366,0.04260992884141119,0.06889143710655599,0.00026222468090293996,0.00031661740752443,0.6,0.8,0.5,67,0.2308247165272529,0.0959334862508909
8,32,0.14371237920499808,0.5055556379194186,0.5201114505336033,0.38136595137584495,0.0440483281606349,0.06889087681548417,0.00025627065645014,0.00028646543814262,0.6,0.8,0.5,78,0.22545408154623,0.0971491394889141
8,33,0.14312426736465178,0.50285058545535,0.5142909820215931,0.38412789593029456,0.043079998982542646,0.06889023978264373,0.00025336257005744,0.00026122689159926,0.6,0.8,0.5,84,0.2285761859435093,0.0959092291243332
8,34,0.14262910759285977,0.5061670517821604,0.5267132229159808,0.40478186569760194,0.04530242731141184,0.06889102250457468,0.00024730321272507,0.00025950282105225,0.6,0.8,0.5,86,0.2124494492903014,0.0984266315965212
8,35,0.14208848780699262,0.5049896379834259,0.5254758895360557,0.4040310246388004,0.04574853708468363,0.06889128827669232,0.00025344164354219,0.00026164379034376,0.6,0.8,0.5,88,0.2144641515993589,0.0968569745189992
8,36,0.14185004342444127,0.5059393004697669,0.5294532193921501,0.448387711267754,0.042154907624628285,0.06889031416317429,0.00024709101998532,0.0002580717154987,0.6,0.8,0.5,95,0.2143527203402088,0.0970234936158457
8,37,0.14139864597781648,0.5049503213025701,0.5284138893071967,0.45110337915317933,0.045093605709491315,0.06889107131646184,0.00025285007661765004,0.00025823537097989003,0.6,0.8,0.5,97,0.2214313703016843,0.0977215845520361
8,38,0.14093626465467957,0.5053998243995148,0.5318653832727755,0.4715123786692454,0.043054909889828116,0.06889072561915402,0.00025199746904048,0.00025753198415947004,0.6,0.8,0.5,102,0.2137797444389654,0.0997455132427915
8,39,0.1408430622182249,0.5051936871290351,0.5316487208955244,0.4824165096892474,0.04238319935987764,0.06889107916758452,0.0002534182742066,0.0002582101787443,0.6,0.8,0.5,104,0.2160464080101252,0.0957338593879562
8,40,0.1406551390847696,0.5033230861381726,0.5267042427477937,0.4924151205182197,0.04449396701361283,0.06889105713749454,0.00025247040638989003,0.00025793408584661,0.6,0.8,0.5,105,0.2158069952100339,0.0987064784063964
8,41,0.1404251631765926,0.5055050523479697,0.5349453512869035,0.494826245810251,0.04826263136877533,0.06918721246715445,0.00026380762832614,0.00026917829292857,0.6,0.8,0.5,106,0.2151828053870057,0.0924043226822484
8,42,0.1402553311741533,0.5097087380255251,0.548307782658907,0.566912786890721,0.04169985965274728,0.06889025757514712,0.00028718461743965,0.00026118040063981,0.6,0.8,0.5,124,0.2454224955093435,0.0955503395976897
9,0,0.965848500671366,0.991059933826854,0.9906070755553725,0.39827789053576,0.0,0.0,0.0,0.0,0.6,0.8,0.5,1,0.8393630309492184,1.1253385573185428
9,1,0.9005086309121406,0.9999491947014509,0.9949406649877924,0.42060720802918117,0.24452637424696053,0.06666490864897182,1.3362341833769998e-05,1.567417856733e-05,0.6,0.8,0.5,2,0.8298601832894548,0.9459458579805184
9,2,0.813454093794341,0.9752830852525728,0.9719135741510945,0.40632128396880474,0.23427133305975245,0.06964701597378795,1.8070483864799998e-05,2.014466070249e-05,0.6,0.8,0.5,3,0.6964516106545318,0.8591062757180681
9,3,0.7893993219359923,0.9660469489510671,0.9622971259945177,0.4042265977687916,0.09184710195899637,0.06650659306930683,0.0001329654824033,0.00015091456264631,0.6,0.8,0.5,4,0.7007754190122599,0.5306580583780155
9,4,0.7639240284522117,0.9556793370190917,0.9515239823730042,0.39824555205035217,0.0929154383666689,0.06263029634085329,0.00010312457523242,0.00012855062695220002,0.6,0.8,0.5,5,0.6662627712846486,0.551448130306876
9,5,0.6053844288135416,0.8958964344419337,0.8915606820082668,0.3626937940772774,0.4804142223212588,0.06657126131888566,0.00026532212268062,0.00034540086155688003,0.6,0.8,0.5,6,0.6524539789945882,0.7054059014241478
9,6,0.5200554993872426,0.8568349933974699,0.8471374082776387,0.3415130766382361,0.36254719135101526,0.07990930276977119,0.00026118205626532,0.00031392635627411,0.6,0.8,0.5,7,0.5490237080767548,0.4272756062804024
9,7,0.41801956073554364,0.7971686525298468,0.7874475272903535,0.30608909870616174,0.4666648902970648,0.07924113257338553,0.00027399869980288,0.00033924396655564003,0.6,0.8,0.5,8,0.4602325385892605,0.4023209166079173
9,8,0.41616676436382416,0.7973729758802018,0.7906423248536066,0.3155455793749449,0.05217491310670836,0.07918606212293132,0.00028004092863899,0.00035832865065059,0.6,0.8,0.5,10,0.4552073832931915,0.4040545998515711
9,9,0.4146430409250522,0.7981257996463114,0.7943613137638822,0.32446129892779174,0.051884220075465774,0.08095180323154322,0.00025308056128867,0.00030296531948886,0.6,0.8,0.5,14,0.4698806149173063,0.396723139907233
9,10,0.4009081924708709,0.7861418511324912,0.7821849109584482,0.32454784182035473,0.06694500205578495,0.06725071285959221,0.00025536069521359,0.0003728981598173,0.6,0.8,0.5,15,0.4766103380767156,0.4737289107403286
9,11,0.37720017980228443,0.7712683085173869,0.7694312238200561,0.3100638888873309,0.16987641677502124,0.07071152465878484,0.00027738965668331,0.00037252309983924,0.6,0.8,0.5,16,0.4410087340228355,0.3988884553011786
9,12,0.35796339411995604,0.7563964902369535,0.7538603764794105,0.3087306833781108,0.08932467922212813,0.06884195823341208,0.00030346651422848,0.00043511282054331003,0.6,0.8,0.5,18,0.4326851483461018,0.3723849999668243
9,13,0.34704213317357063,0.748494411323165,0.7487160539967138,0.30393043722793706,0.058322974820831215,0.063059499235434,0.00027335219324186,0.00036219846019816,0.6,0.8,0.5,20,0.4315748347080206,0.349755103720094
9,14,0.34087591143658175,0.7438935830425799,0.7437829565555193,0.30169285001425833,0.08541814505030891,0.06618618849293575,0.00031061907959773003,0.0004701294586005,0.6,0.8,0.5,21,0.4229865563740244,0.348290353604588
9,15,0.3365526262645025,0.7396858788549228,0.7395488886373439,0.30408279645320935,0.04009660182856812,0.060009755177586666,0.00032019431905978997,0.00049218367977875,0.6,0.8,0.5,22,0.4309997652852056,0.3616683572895854
9,16,0.3369280897854062,0.7401744708376962,0.7400113649595871,0.30728528699579033,0.03928873811411249,0.06174265818768295,0.00031422194110553,0.00043052687609922,0.6,0.8,0.5,24,0.4227348679921129,0.3431829851920206
9,17,0.318042781135706,0.7275894603130835,0.7325513215335644,0.326051475910543,0.1749255728211331,0.06832627392996844,0.00026909922788301,0.00034199652815162,0.6,0.8,0.5,25,0.4206348579157267,0.3219874619295937
9,18,0.31515673522700405,0.7248819218621355,0.7297734725035124,0.32051978952087845,0.044845553761406975,0.06609196054766805,0.00028376709027957004,0.00036061696621838,0.6,0.8,0.5,27,0.3919706855643516,0.307012340392524
9,19,0.29415300487858,0.7057429843911355,0.7093435948689503,0.3138899422819691,0.2221583157755103,0.07657017393101725,0.0003291915411748,0.00041507038239232,0.6,0.8,0.5,28,0.2621085215035653,0.270851317367261
9,20,0.2919360691647913,0.7035430334115391,0.7070933035618013,0.3120469287458622,0.04862426071152676,0.07471827673546536,0.00026293272125458,0.00033152609196796,0.6,0.8,0.5,30,0.253498099988741,0.2730510585351686
9,21,0.2811548649623815,0.6927976598933526,0.6961542569753058,0.33693515950043,0.05145168926209165,0.063232128097563,0.00027576452568464,0.00025189456317711,0.6,0.8,0.5,32,0.37061890168649,0.2966658264365202
9,22,0.1966129976083663,0.5938267044659847,0.5981014618491408,0.2719425486950299,0.2742024091624903,0.06399370938660123,0.00029996522244894,0.00039488502235824,0.6,0.8,0.5,35,0.2071672157925348,0.2109588357040215
9,23,0.18383897807940455,0.5740095001120862,0.5772545364455257,0.24523622738433026,0.17950140607344417,0.06476453297955097,0.00033594416735207,0.00044163943644398996,0.6,0.8,0.5,36,0.1998047695214711,0.1961009375096714
9,24,0.18303720042570054,0.5769704165874863,0.5892912567422102,0.2776484760754193,0.04147300946241538,0.06513490066976038,0.00034358391583456997,0.00044715003311481,0.6,0.8,0.5,42,0.1999722362503105,0.1942872148922972
9,25,0.18223792618789858,0.5743131779805857,0.5835272982981086,0.2614623285971868,0.046738117464484,0.06488704591860614,0.00034845057816281,0.00045830270847283,0.6,0.8,0.5,43,0.1984052319395842,0.1947670094557967
9,26,0.18015064313871332,0.5713835405038405,0.5833478656505248,0.2745973476136882,0.05133832620586101,0.06739762752802678,0.00040813308285326004,0.00053342482388428,0.6,0.8,0.5,47,0.1962809244993538,0.1912563648600938
9,27,0.1781070619559299,0.5728430968057573,0.5938544588097705,0.3916275896111184,0.040917468366833326,0.0663519895673498,0.00035348522848880997,0.00047211912923318997,0.6,0.8,0.5,73,0.1949733870864119,0.1789990882807635
9,28,0.17768030459144604,0.5699602916539894,0.5935382874843973,0.3796034178421671,0.05663061577625631,0.0733414808333876,0.00043992793666619004,0.0024715140995074498,0.6,0.8,0.5,79,0.1286317694991608,0.1384571892708744
9,29,0.17704541869749263,0.5678745443004504,0.5883992729407548,0.36975140397398865,0.045005890000620684,0.07294420724590271,0.00042844174599765997,0.0017211557292217,0.6,0.8,0.5,83,0.1366770615213956,0.1223390621021136
9,30,0.176169825038977,0.5690084086935139,0.59553138684412,0.39004190734645433,0.05016483363095423,0.07190530489875145,0.00051212744909729,0.0035264923626045696,0.6,0.8,0.5,86,0.1274162531819437,0.1383768204834189
9,31,0.17433020013273884,0.5648153761837582,0.5881787703961563,0.3759833178326508,0.048310459379194745,0.07222066395576168,0.00037476303925696,0.00210541878846774,0.6,0.8,0.5,90,0.1308488916432636,0.1328024925712644
9,32,0.17213772774648206,0.5584889629174606,0.5756034512309944,0.34897038302204114,0.06351337672978541,0.07170671458626786,0.0006523839060788,0.00109892075816075,0.6,0.8,0.5,91,0.1280345121828514,0.128503554924898
9,33,0.1718454009372687,0.5623366663118361,0.5885827273579084,0.40935467014322174,0.04486706128494586,0.0721525553809454,0.00039419326072312,0.00101119575182412,0.6,0.8,0.5,96,0.2723744565553361,0.1594457010812977
9,34,0.16918847552616045,0.5603636041384967,0.5924589538837484,0.44413282574106533,0.04928757419111212,0.07238915490825958,0.00040208555094777,0.00107546821292382,0.6,0.8,0.5,103,0.2810528192282917,0.1578341039408028
9,35,0.15158371304320614,0.5304991745953174,0.569998912456713,0.47429923052088485,0.07460738196244024,0.07242546915316725,0.00051749191572457,0.00166312510103459,0.6,0.8,0.5,111,0.2476912125278844,0.1358669221649491
9,36,0.15046927991574263,0.5287653472455283,0.5682058501875615,0.4696620108010311,0.04805236625798219,0.07259815341928999,0.0002990768924458,0.00067712119027854,0.6,0.8,0.5,113,0.1114361497430727,0.1025192764602279
9,37,0.15046927991574263,0.5287653472455283,0.5682058501875615,0.4696620108010311,0.04413678312245348,0.07259815341928999,0.0002990768924458,0.00067712119027854,0.6,0.8,0.5,117,0.1114361497430727,0.1025192764602279
9,38,0.14903140477108193,0.524778775603614,0.5610601874488573,0.4516850937645644,0.05806998585978259,0.07183504303070964,0.00031571153570739,0.00069745030870902,0.6,0.8,0.5,118,0.1088124010290397,0.1070034403911943
9,39,0.14357522504785336,0.5136154506503422,0.5522685997164427,0.4764386589320338,0.1372394984154969,0.07255350818961859,0.00057037060657946,0.0010890143510245399,0.6,0.8,0.5,119,0.2490899431482282,0.1075273541479767
9,40,0.14057193842135662,0.5073142666822612,0.5485843745515717,0.5014050413487409,0.06020083566987371,0.07412031037689028,0.00047661460142786,0.0010600648488203299,0.6,0.8,0.5,123,0.234388958811241,0.1213559547882341
9,41,0.13752831846920804,0.5010978768950806,0.5420829779317431,0.4840373774701045,0.08358298363174334,0.07295335331729644,0.00061401972496649,0.0010626314335982,0.6,0.8,0.5,124,0.2643107760781758,0.1206092358321135
9,42,0.1365370111417151,0.4988518743386066,0.5397228673342583,0.4994766312803253,0.06082497567996092,0.07315284305099948,0.00045110578636428005,0.00109885399894036,0.6,0.8,0.5,125,0.2619555136692265,0.1120578742963784
9,43,0.13559835308193935,0.4950543806240845,0.5327512977025978,0.464675549036801,0.06086286158910188,0.07279643041869785,0.0005982343216691,0.00139212167469363,0.6,0.8,0.5,126,0.260015092062737,0.1029019832488107
9,44,0.13589316404145713,0.49667948429144637,0.5374183258246589,0.5083424349719883,0.04611127130992803,0.07363729245284643,0.00060951646507365,0.00113692888969807,0.6,0.8,0.5,128,0.2616102279993329,0.1162764853235543
9,45,0.1340681594218264,0.49387203620248976,0.5374506816758694,0.5087799838155931,0.07392855193001772,0.073553659545901,0.00057845567801493,0.00117735139023634,0.6,0.8,0.5,129,0.2525899360920617,0.1183189619860338
9,46,0.13173320241381475,0.48734675248993997,0.5276365452742198,0.49208995893819474,0.0768852235967382,0.07297275893409401,0.0005075271151059699,0.00116536484150204,0.6,0.8,0.5,130,0.150471588199152,0.1085965820881232
9,47,0.13154090455038928,0.4905754619435087,0.5399425074956775,0.5865873942258888,0.04590020162337213,0.0735059569993159,0.0005950754978238601,0.00132576027107884,0.6,0.8,0.5,147,0.2461958643327217,0.0908276285810642
9,48,0.13094509458259812,0.49089947610521145,0.5432735017630009,0.5755169159159305,0.04606894704385742,0.073352373830332,0.00055116583879258,0.00113194543045577,0.6,0.8,0.5,153,0.247396558709085,0.0966998453304493
9,49,0.130015587075103,0.4901728497806789,0.5454932716361016,0.5983605203761865,0.0463926157408358,0.07318736379904352,0.0005775673126093901,0.00112906634439668,0.6,0.8,0.5,163,0.2468105559144314,0.0990418989802212
9,50,0.13001271335498202,0.500320423066406,0.5770069943641143,0.7364751677256881,0.045010463707200674,0.07325463688428585,0.0005741503919251001,0.0011360924018396,0.6,0.8,0.5,187,0.2466713612758008,0.0981797277340398
9,51,0.12942632475827412,0.49598342208467494,0.5664934591524498,0.7568458738826465,0.049739341703413806,0.07320090207101179,0.00057928100142758,0.00113378752538382,0.6,0.8,0.5,189,0.2477805736802698,0.0998512575573993
9,52,0.12862957799842925,0.4925343470426301,0.5598908465597165,0.7519952349017729,0.05853578932233268,0.07318167344497081,0.0005819776503983799,0.0011395040100037701,0.6,0.8,0.5,190,0.2474036387118615,0.0981289238600775
9,53,0.12731163292038805,0.4907843800579162,0.5610356669794688,0.73561299440255,0.04756330366639135,0.07305034309978437,0.00057525949229728,0.00114077787766057,0.6,0.8,0.5,198,0.2476779176035018,0.1007989528716485
10,0,0.9522789790437585,0.9874215130529799,0.9867843746379373,0.39594997532582676,0.0,0.0,0.0,0.0,0.6,0.8,0.5,1,0.8936483384758496,1.1332195983384958
10,1,0.8973746380344944,0.999011476938262,0.9939555654439913,0.420006311570858,0.22589061503318672,0.06666053803467009,1.3768546298219999e-05,1.5237463103760001e-05,0.6,0.8,0.5,2,0.8428121290655255,0.9459458579805184
10,2,0.8027075468637447,0.9696005393627265,0.9661028743542133,0.4015501367899699,0.24211133049436395,0.06440106404757298,1.618250427062e-05,1.325600395757e-05,0.6,0.8,0.5,3,0.7280110424152301,0.8643903963574431
10,3,0.6063363820686993,0.8947297743648984,0.887368032928776,0.35859647281821294,0.5659957017672675,0.0662371361615397,0.00028988368011137,0.00022213584393731,0.6,0.8,0.5,4,0.495238643313105,0.4168466318358245
10,4,0.602579608472313,0.8917591210194906,0.8843650761165859,0.3573585899146722,0.04215347195291621,0.062465369290774855,0.00023149774514453998,0.0001772010933693,0.6,0.8,0.5,5,0.4900106205072497,0.4460730241877709
10,5,0.5972855593701109,0.8922443609943312,0.8877232068070554,0.36136925175663276,0.06486533564186028,0.06666075465153617,0.00028928643771914,0.00021734151568500999,0.6,0.8,0.5,6,0.4880933041628445,0.4296541421078675
10,6,0.5595765983429182,0.8730059470755676,0.8645354840041624,0.3527767145115456,0.16222394674356141,0.0666172775147559,0.0002327807380749,0.00019293118253534,0.6,0.8,0.5,7,0.5411886177439135,0.7046036142810762
10,7,0.42220100412142664,0.7967020288023792,0.7874393570832124,0.30430196911300694,0.5617697279709678,0.06344401627116233,0.00029682493673556,0.00022222422015285003,0.6,0.8,0.5,8,0.3383832011788202,0.2922655058913684
10,8,0.373182850812845,0.7663667616246405,0.761394790404501,0.3083827214880447,0.07632295977443807,0.06752712870006164,0.00044024013045271,0.00027827629223080004,0.6,0.8,0.5,15,0.270981687935743,0.2151971281553351
10,9,0.3331758355228069,0.7362267585671748,0.7326987522642873,0.29437610549161375,0.15064512697571708,0.06775502398529984,0.00050701794205105,0.00024366021714580002,0.6,0.8,0.5,17,0.2682001349854976,0.2241372108009541
10,10,0.32936570465442067,0.7347868298986661,0.7340517561404513,0.2996451273153892,0.06110399938158828,0.07147235616947606,0.000444107478692,0.00035897418616477,0.6,0.8,0.5,19,0.2584569587237972,0.2769820072717914
10,11,0.3169891540760386,0.7223840919443009,0.7181399494918397,0.293226087736697,0.10418818227423164,0.0671844972574755,0.0009092493884977701,0.0008794625570525099,0.6,0.8,0.5,20,0.2308606200298322,0.2185475336792749
10,12,0.3134202385802579,0.7205920699719385,0.7192363459421712,0.2950519247121761,0.0634318451947839,0.06718449646685436,0.00090924931640825,0.0008794625445544401,0.6,0.8,0.5,21,0.2228122046222784,0.1973351430032794
10,13,0.30286367685868887,0.7109712607665679,0.7090827293861343,0.2918000948000162,0.11470197745792883,0.06856822669132626,0.0010113006192762,0.00085472792013038,0.6,0.8,0.5,22,0.2125949543255614,0.2077417721479162
10,14,0.25029038344919025,0.6566034021637783,0.6519678198255461,0.26097169372369994,0.41612732561695703,0.06940101728514056,0.00058048783510046,0.00028936609124566,0.6,0.8,0.5,23,0.2493295078400785,0.2610223706276592
10,15,0.2288223410074678,0.6313396133908252,0.6255468031209293,0.24658683807217285,0.19736162069856822,0.06333267727929692,0.00140506260129147,0.00142235956169048,0.6,0.8,0.5,24,0.1959212059261268,0.2989079313185805
10,16,0.22183576301206442,0.6224413838824345,0.6161989591472026,0.24353155347825128,0.10100750676468301,0.06332509064078176,0.00139372682726406,0.0014080401311381999,0.6,0.8,0.5,25,0.1866600668606041,0.2819480699296821
10,17,0.20162777018311798,0.5966451818629539,0.5893087437525174,0.22140440456724522,0.18466205448512416,0.056441446430398126,0.0014958327188121,0.00111506191761758,0.6,0.8,0.5,26,0.1932538955571202,0.305015114216171
10,18,0.2090367846036905,0.6048316078502586,0.600433199987221,0.23989749454132103,0.06011021209426548,0.07349031544537073,0.00040712394390404,0.00039661905812629004,0.6,0.8,0.5,27,0.1625257641610714,0.1861731687699169
10,19,0.19882662135688722,0.5927191616978476,0.5851918212751777,0.23248472734787823,0.045806538792327656,0.05784627056181783,0.00057209486347844,0.00059352295611878,0.6,0.8,0.5,28,0.1489831779232674,0.1763340329454302
10,20,0.1970426951553052,0.5874261579527315,0.5793336716616718,0.2339066932424898,0.1182185937148894,0.06768218860515324,0.000545710964316,0.0005643716054941,0.6,0.8,0.5,29,0.1504674127779461,0.1824507536948566
10,21,0.1950819826705104,0.5847339448849878,0.5765296566014785,0.23470897809628033,0.05606270733691319,0.06688364508399079,0.0005415493522543801,0.0005598879578467,0.6,0.8,0.5,30,0.1474049461819922,0.179577696553573
10,22,0.19200433535856765,0.5808716591965535,0.5753887196524652,0.23611079710438518,0.08722186120427859,0.068707570312958,0.0006435882386833901,0.00066559580307889,0.6,0.8,0.5,31,0.1463742227177156,0.1718547259447832
10,23,0.15346317181604105,0.525284851872184,0.5263215382825448,0.2059155822260826,0.1539811894893345,0.054592641182509005,0.00072686198144014,0.00177994064630605,0.6,0.8,0.5,34,0.162082334762263,0.144744701525203
10,24,0.15573005891798838,0.5233678968085111,0.5210599855173428,0.21209950465355154,0.05936197615339953,0.06426397455455587,0.00052990228480831,0.00108579653986031,0.6,0.8,0.5,36,0.1603589498272177,0.1501620601277341
10,25,0.1348102148458407,0.4779968007915717,0.47624283390119587,0.19045920421496804,0.21210988186958343,0.06687810826778362,0.00083016220625365,0.00249827920151054,0.6,0.8,0.5,38,0.1224328540295365,0.1083520017234062
10,26,0.13486681724656066,0.4821755094186317,0.4895580291099115,0.2191481889672629,0.04280791885843813,0.06728731062658297,0.0008337104971069501,0.00250299452842882,0.6,0.8,0.5,44,0.1221140912458288,0.1079121708760792
10,27,0.12507169618492545,0.4597541534854386,0.4601862827824013,0.2183820090018698,0.062438597764378954,0.06404327517175173,0.00078047899596234,0.00081243283639158,0.6,0.8,0.5,49,0.1011283535931518,0.1049219062117937
10,28,0.11260717138179244,0.42958167345009696,0.4314973755448706,0.2118872356195506,0.14562281909331373,0.06290429406778536,0.00081878199682419,0.0008349196938163101,0.6,0.8,0.5,51,0.0836951884407427,0.0946203724859597
10,29,0.1127018805146012,0.429617472608222,0.4315285228126285,0.2089887578023776,0.039577014423832026,0.06312435410497502,0.00081521684745927,0.0008320820231687001,0.6,0.8,0.5,52,0.0840693789335555,0.0949915986545797
10,30,0.10748662641934809,0.41520903630530576,0.419345233240219,0.2101604854889318,0.1521026767927468,0.06356581572664025,0.00097870570997243,0.00100078693098581,0.6,0.8,0.5,53,0.0824473382866823,0.0809758917374375
10,31,0.10739155008267526,0.4142033781308918,0.41827002730950225,0.21265530536673805,0.04925879225515307,0.06418162939326089,0.00097772207732724,0.00099839717962648,0.6,0.8,0.5,54,0.0821991944977434,0.0805560277087181
10,32,0.10419476071996911,0.4052589436942258,0.41183463946392124,0.20527454219184782,0.11416477404842873,0.06468466529574683,0.0010185142117123,0.0010058405099796501,0.6,0.8,0.5,55,0.0794686566751341,0.0834676411528978
10,33,0.1019820412881632,0.398905972257067,0.4051738896723173,0.22848905751412596,0.060797360625860206,0.06426621588292655,0.00098918983671233,0.00100330857399173,0.6,0.8,0.5,57,0.0768255684522587,0.0800067086916013
10,34,0.10034363038037641,0.3942947125126562,0.4003434980833716,0.22475928172354923,0.047034490829981915,0.06354555020500276,0.00118362483290613,0.00098783821130749,0.6,0.8,0.5,61,0.080153122016333,0.09149790074363
10,35,0.09996738659142279,0.3954892331621803,0.40754556835076566,0.24078050485926217,0.04425523891496796,0.06407420783272144,0.00105999261086147,0.0009984183547893301,0.6,0.8,0.5,64,0.0799730337282376,0.0802372137771843
10,36,0.10038891590110562,0.3970292053458007,0.4121137250554481,0.25361293717025485,0.043745569790634056,0.06480226796333391,0.00122928462546124,0.00099859784898558,0.6,0.8,0.5,65,0.0890273062542428,0.0706509005075651
10,37,0.09934467744314932,0.39451190887305393,0.40948896336531626,0.25423431511891786,0.05459568892612207,0.06445418877220063,0.00096958353979233,0.0010412145758545099,0.6,0.8,0.5,66,0.097517086966247,0.1314328811505869
10,38,0.09887091918634393,0.3902983857513461,0.39910948373331556,0.2509920708971062,0.04799650124181258,0.06401489049789809,0.00118540969585348,0.00099350710324292,0.6,0.8,0.5,67,0.081223135817984,0.0964093228943849
10,39,0.09772364419400562,0.389375917706717,0.404098026531309,0.2548269478376962,0.06642933893488878,0.06419576325230665,0.00101802197253836,0.00106952538914757,0.6,0.8,0.5,68,0.0807577422856471,0.1359295469248544
10,40,0.09635009529291402,0.3862280948802017,0.40377063126194485,0.2670128591131211,0.0556841689552733,0.0641264131250379,0.00107753695587861,0.0010312565340027601,0.6,0.8,0.5,70,0.1014404238423345,0.0735932147594645
10,41,0.09633266358077126,0.38616822001408174,0.4037077116470491,0.27015034457364856,0.04026718114599849,0.06412651075121721,0.00107763843459399,0.00103133966095457,0.6,0.8,0.5,71,0.10153028549305,0.0737836808917449
10,42,0.09565200430911777,0.38383265256114213,0.3983050280388467,0.23219324853356427,0.039572312631011894,0.06322780133655016,0.00099943809532316,0.00103603523482125,0.6,0.8,0.5,77,0.0892160464218813,0.0758516022946142
10,43,0.09528908521768589,0.3875197737818726,0.41407670748221387,0.2962937650553159,0.05702364101077005,0.06386706212451003,0.00098871306199062,0.00103330143663463,0.6,0.8,0.5,78,0.1014373074053294,0.0798689175147525
10,44,0.09542730342559788,0.38530657073568164,0.4087468031097549,0.3432659795571905,0.041091909738358474,0.06413175592063167,0.0012759516102555202,0.00126034599737285,0.6,0.8,0.5,87,0.0815563936600627,0.0808840027544038
10,45,0.09429772978933222,0.3820079701137928,0.40529404652505174,0.34382432702812954,0.04511278882470412,0.0640292536005702,0.0011653212775014099,0.0010506312373316702,0.6,0.8,0.5,91,0.0911679922976446,0.0753477821110462
10,46,0.09391445026961634,0.3824974709475759,0.4087950801825171,0.34646996934401886,0.04256944661188608,0.06398073531419102,0.00101131086514543,0.00105694741789705,0.6,0.8,0.5,93,0.0767107385488003,0.0826793576674387
10,47,0.0939084533128264,0.3839367413134795,0.4132864522874566,0.35585816950707405,0.039793676579428186,0.06398073535681248,0.00101149864124597,0.00105587532130774,0.6,0.8,0.5,95,0.0767046548263227,0.0827890584161927
10,48,0.09324578037536191,0.3812010857940171,0.41040432282457334,0.3608559486324739,0.05986494793000511,0.06421255005377027,0.00102371721205597,0.00107115861568256,0.6,0.8,0.5,96,0.081597978259861,0.0806334491399788
10,49,0.09342681558757443,0.38131683301369135,0.41051546930477467,0.3844261190145183,0.04015302198702296,0.06452170685098782,0.00100364086498018,0.00114553663052005,0.6,0.8,0.5,105,0.0810509991991877,0.0867428285086161
10,50,0.09291352267373669,0.38012506905056026,0.40927590486926985,0.38022831594068013,0.046345418421782976,0.06411509013406372,0.0010542352071307,0.00105650346896549,0.6,0.8,0.5,106,0.0798177544706714,0.0968031902006159
10,51,0.09253531008385697,0.37886624032340316,0.40795514281620554,0.39613979383222886,0.04261467396547433,0.06411368062391014,0.00100581532843656,0.00106390160212539,0.6,0.8,0.5,109,0.0839633334182673,0.0837333433003295
11,0,1.0,1.0,1.0,0.40399793201933065,0.0,0.0,0.0,0.0,0.6,0.8,0.5,1,0.6964853648625613,1.1390363392723604
11,1,0.9118661709044795,1.003278373403186,0.9984409759496324,0.42271939405628656,0.2828095350319179,0.0665799094718379,1.3690176840900001e-05,1.759273166871e-05,0.6,0.8,0.5,2,0.7826789463938785,0.9459458579805184
11,2,0.8285625911398744,0.9806010356987648,0.9774741624652126,0.4099140543640992,0.22506904429280042,0.07051993918393103,2.042565288606e-05,2.374763133171e-05,0.6,0.8,0.5,3,0.6408426718105852,0.8549522361514135
11,3,0.8283073135264537,0.9803658983729815,0.9772385056443117,0.41411881130836203,0.04218155350878219,0.070145594364323,1.986303929938e-05,2.309351564134e-05,0.6,0.8,0.5,4,0.6390662740012779,0.8561126679367028
11,4,0.8001800848739145,0.9727476292317173,0.9691042143602485,0.4126956526853639,0.11492351506370198,0.07440114632742031,3.1628364791659996e-05,3.9645020492630004e-05,0.6,0.8,0.5,5,0.6104164273985323,0.7404295349078837
11,5,0.68829880672028,0.9300918382144316,0.9244357171593356,0.38602625450363987,0.3156963870619867,0.06928510812988217,0.00012222571987245,0.00020191953244005,0.6,0.8,0.5,6,0.7380134456067604,0.8867756824793525
11,6,0.6135426880925999,0.8975566700846502,0.8903729139782017,0.36718307740435524,0.2473452099807361,0.06553833708254025,5.211473337508e-05,6.613795505593e-05,0.6,0.8,0.5,7,0.5639337563013395,0.6969890977595573
11,7,0.5253086781809451,0.860348410263667,0.8507506289785517,0.3500784836565452,0.3783765610478069,0.08269229819329142,0.00016025447774958,0.00022125359008129,0.6,0.8,0.5,8,0.4442638983966633,0.4472155730168287
11,8,0.4888717229805695,0.837573118710551,0.8271423557478198,0.3332272920825807,0.1568980638049187,0.07236897251148333,7.998917887563e-05,8.15769443086e-05,0.6,0.8,0.5,9,0.3806928126519913,0.4167297763311612
11,9,0.38202040248329655,0.7714993672974949,0.7572638643973176,0.29809500651959436,0.5704078287003915,0.08648945260266988,0.00040713616874123,0.0007139532595197,0.6,0.8,0.5,10,0.3890051878201604,0.3498210452180278
11,10,0.3839362175580902,0.7749883245680881,0.7637885477261541,0.3055611041915562,0.05613149269609409,0.08984620809239119,0.00061854693779744,0.0010931150366748,0.6,0.8,0.5,12,0.4805725411429085,0.4058972635680598
11,11,0.3619448915779015,0.7583675595051323,0.7528757008590644,0.31247988078508915,0.05231172115114072,0.07137633287079984,0.00031263169783613,0.00039499807213295003,0.6,0.8,0.5,18,0.3489672294460862,0.2824801263537321
11,12,0.32211442248900457,0.7241984939555842,0.7139820660554808,0.2906318713126437,0.27143991697988107,0.07185988571330718,0.00034933771722282,0.00034278242993935,0.6,0.8,0.5,19,0.3854732203231288,0.241103057692969
11,13,0.27134795108902937,0.6767513599740675,0.6671025541053835,0.2676139283250014,0.2127029905557166,0.07175851260175296,0.00049574814244506,0.00056796301046565,0.6,0.8,0.5,21,0.3408463609062554,0.1843091451604116
11,14,0.2661886907439678,0.6712590753525167,0.6613487416462681,0.26637597114243766,0.07899114576677183,0.07129221263069171,0.00045933558647320995,0.0005290967836592199,0.6,0.8,0.5,22,0.325597957577558,0.1818436625763407
11,15,0.26150677107340436,0.6676395519883919,0.6604924084320779,0.27003048192462203,0.08312089779045854,0.07182876636205289,0.0007868831962505001,0.00065146873932763,0.6,0.8,0.5,23,0.3302528217756201,0.1937767723458658
11,16,0.2327030989894898,0.6400291320160245,0.6408565272557294,0.2770762688305873,0.05845429337298098,0.0580985299909418,0.00045637770496332003,0.00046476040825083,0.6,0.8,0.5,30,0.2871019418060248,0.192885597455728
11,17,0.2305214689559268,0.6389343521523972,0.6427038508247653,0.2861107579186795,0.0431267930147373,0.057387906221083806,0.00055339899732028,0.00043731121242634,0.6,0.8,0.5,32,0.2786366558164345,0.1921121371671948
11,18,0.22292075169218703,0.6311117636435601,0.6374912540702101,0.29230073904121956,0.06449609854223054,0.05671296672406251,0.00041750258669147,0.00039807431575759005,0.6,0.8,0.5,34,0.2677951391565854,0.1842163649092847
11,19,0.21741604830347844,0.6243858662997811,0.630475057200836,0.3128131426179273,0.05299540203374191,0.05465714742600417,0.00070467989974331,0.00041758576774639,0.6,0.8,0.5,36,0.2768371352681784,0.1684726923642708
11,20,0.21680239478795885,0.6250769912720804,0.6341841121307215,0.32034878793805815,0.03588744119286331,0.05453916001042412,0.00069556748017531,0.00042531365176781005,0.6,0.8,0.5,38,0.273786139526998,0.176584722581748
11,21,0.2029779925853433,0.6034388127927963,0.6082467132604171,0.2948275962636386,0.1229990638460199,0.06220041889927182,0.0005512625168116999,0.00031581796016218,0.6,0.8,0.5,40,0.2584261833749949,0.154445776928922
11,22,0.20061620240085587,0.6015139863506155,0.609203569092899,0.30632632013768346,0.04949948434283256,0.06220041889927182,0.0005512625168116999,0.00031581796016218,0.6,0.8,0.5,42,0.266082133605773,0.1535318552035506
11,23,0.19863466733036297,0.6000067960788156,0.6105865008210442,0.27947723075513076,0.05018481483836776,0.0626509354574842,0.00054174808383692,0.00029319111250652996,0.6,0.8,0.5,44,0.2636388765565242,0.1290529235612892
11,24,0.19885440876607965,0.6041352442055936,0.6237982323778858,0.36479452050778827,0.0410229616025396,0.06461128892520904,0.00060243937660372,0.0003463414847704,0.6,0.8,0.5,49,0.237955533658399,0.1338707551280585
11,25,0.19775828646237448,0.6024203997651155,0.62198462423498,0.361516948839805,0.05306111340656656,0.06503277139125041,0.00059415365408483,0.00032410885570292,0.6,0.8,0.5,50,0.2571046916316473,0.1516405675826875
11,26,0.18856468678043858,0.5890833412077214,0.6080218108421018,0.36097846943899065,0.12379114422440589,0.06328357513739011,0.00065474430328922,0.00036352246533136,0.6,0.8,0.5,51,0.2519320043094224,0.1296357327631637
11,27,0.18803998674937675,0.5870228593785682,0.6028972006258965,0.37262375190126146,0.03905447415270067,0.06257603065888107,0.00069310439118503,0.00038398558313878,0.6,0.8,0.5,53,0.2522861471200279,0.1203958395309423
11,28,0.18599779692152643,0.5881797695389661,0.6130454222170093,0.3886617741547599,0.0429645368700911,0.06286040372591983,0.00062450524708448,0.00034308453958864,0.6,0.8,0.5,58,0.2383898317512582,0.1232138004310005
11,29,0.1811471753540557,0.5816644704926421,0.6091552779968861,0.39805156094375943,0.0970365982675683,0.06358652447339708,0.00065915595486083,0.00036741345293655,0.6,0.8,0.5,59,0.243345314799922,0.1215244303505059
11,30,0.17882469409879037,0.5794979111408265,0.6098697447664161,0.40517731060741097,0.041977689088424544,0.06300024864799966,0.0007661913112990999,0.00044218627910354,0.6,0.8,0.5,66,0.2510004228177939,0.1352824240508078
11,31,0.17457207433871672,0.573784518594087,0.6039677025939187,0.43550129128029436,0.04519763451499464,0.0598018111451901,0.00071012016818729,0.00039287949713614004,0.6,0.8,0.5,69,0.2579179313018487,0.1384023059082282
11,32,0.17290679542633758,0.5669299269242951,0.5907214568375085,0.40870291203213577,0.07718353965527265,0.06279938239130985,0.00060566167005351,0.00036425777748772,0.6,0.8,0.5,70,0.2521175206622878,0.1340839565859147
11,33,0.17177261622103823,0.5660560602193176,0.5927534641797799,0.42607960413679585,0.04895420160706924,0.06374626028004445,0.0006100233654926,0.00036796928835838,0.6,0.8,0.5,72,0.2467176913519436,0.1305714725111361
11,34,0.1714890033865345,0.567021196587894,0.5967460797708655,0.4446519131903512,0.039628404915578355,0.06376522824338282,0.00061020646274956,0.00036821982699583,0.6,0.8,0.5,77,0.2469827782017355,0.1310649466721332
11,35,0.17195708377189736,0.5775594472254303,0.628638386682811,0.5359645282070821,0.03977419707675013,0.06424929671293557,0.00072102979782977,0.00095215165969713,0.6,0.8,0.5,91,0.2380359862985945,0.1276596546636668
11,36,0.17136092316971263,0.5782648176758706,0.6323777219026909,0.5755499917070164,0.04051066630900027,0.06406201414429775,0.00068794890662459,0.00047671233341941004,0.6,0.8,0.5,93,0.239139330550205,0.133773381453993
11,37,0.16955821986476072,0.5768448981867933,0.633881441540124,0.5633290383421138,0.04330112266057079,0.06353968269523957,0.00067484224788779,0.00047717137733605,0.6,0.8,0.5,97,0.239298068946254,0.1321802580598896
11,38,0.16830568462546108,0.5758926852314812,0.6358449222165176,0.592499196646875,0.04388627223307928,0.06403402247769382,0.00068007745594876,0.00048056145759778996,0.6,0.8,0.5,101,0.2357577845299021,0.1297418360892334
11,39,0.16780831796729925,0.5748133763773592,0.6346973022828667,0.6330457985307353,0.04257103511843064,0.06443169610859614,0.00073252634446841,0.00045842446484998004,0.6,0.8,0.5,104,0.2396050618155058,0.1331325656535949
11,40,0.16742622478355804,0.575665246245784,0.6385759119243694,0.6256470444582605,0.040587185411953566,0.06426219711775398,0.00074215322959119,0.00047236307242869,0.6,0.8,0.5,107,0.2318534038517413,0.1283450868855905
11,41,0.1658624330612819,0.5728186241402637,0.6355807045712278,0.6200180244102755,0.05967976597854669,0.06438653392907528,0.00074064662633155,0.00049997294876565,0.6,0.8,0.5,108,0.2353381416771291,0.1289383720638609
11,42,0.16551606463794324,0.5751402254828556,0.6439796805974791,0.6861196364845137,0.039937402583302105,0.06441118855374353,0.0007160956582568,0.00045290150548659,0.6,0.8,0.5,116,0.2371953707037756,0.1271938487995555
11,43,0.16518893833588033,0.5759863519225945,0.647846159179229,0.7033218829123725,0.0417076750030537,0.06444793091129158,0.0007193776596232301,0.00047079922965045,0.6,0.8,0.5,118,0.236188061213039,0.1266840694856331
11,44,0.16473572029210648,0.5751618810109117,0.6469792981406449,0.727661444987688,0.04141082219309617,0.06442245971460661,0.00075552517033947,0.00046783194915841,0.6,0.8,0.5,121,0.2362487366503333,0.1261250082919927
11,45,0.16467849295689782,0.5819634782741306,0.6689965936060718,0.7850388745173471,0.04065754530982967,0.06499314064362564,0.00075807248279497,0.0007534996852755699,0.6,0.8,0.5,131,0.2425417697587543,0.1273664469618604
11,46,0.16437982782067972,0.581555864779112,0.6685766396224052,0.7919900590628417,0.04064956265148608,0.06496078492898454,0.00075492263439294,0.00046962543325199997,0.6,0.8,0.5,133,0.2396694492370211,0.1272498536129362
11,47,0.16372475071463374,0.5847600418598297,0.6808815404070043,0.8787194509467484,0.040177109904945905,0.06484388763809967,0.00075386566795788,0.00057730131685688,0.6,0.8,0.5,154,0.2339061054703574,0.1179384797042057
11,48,0.16350129781486894,0.582823775536365,0.6758636506168383,0.8820979323523493,0.041822553644883326,0.06489780936737316,0.00079630694258805,0.0006167415391841299,0.6,0.8,0.5,156,0.231174316163195,0.1244166151687045
11,49,0.16344281212370948,0.5841396581204047,0.6802231155369969,0.8893276946509082,0.04122708051416344,0.0649626987610469,0.00080536264290444,0.00061419476505794,0.6,0.8,0.5,157,0.2309350216488191,0.1167438886749284
11,50,0.16334860169096707,0.5839900088975815,0.6800672117045977,0.8997585328374257,0.04011505579815097,0.06491625665708864,0.00080724687620661,0.0006132256254505,0.6,0.8,0.5,161,0.2310104283489283,0.1170738813046695
11,51,0.16337307531419473,0.5971465924227576,0.7207014567807573,1.0124924252857859,0.039930880085660474,0.06497276094029,0.0007982501217502601,0.00061361999640624,0.6,0.8,0.5,175,0.231584006675441,0.1227179093503599
11,52,0.1633234788055952,0.5970893264041247,0.720643312497989,1.0161658111308882,0.040005365554617346,0.06490668846990619,0.00079706856518548,0.00061415696714713,0.6,0.8,0.5,176,0.2313695381435297,0.1224368183241123
12,0,0.969823353983911,0.9921162279859388,0.9917169191535937,0.39895373428526304,0.0,0.0,0.0,0.0,0.6,0.8,0.5,1,0.8210400826505919,1.1361974164404869
12,1,0.8686679456993813,0.9902716525536179,0.9847736529859886,0.414410560797458,0.3184081713231513,0.06663814272991911,1.3697627466049999e-05,2.0066512768160002e-05,0.6,0.8,0.5,2,0.9614986176453792,0.9459458579805184
12,2,0.8000422673820271,0.9755485841463245,0.971828625997571,0.4090793650802766,0.22253635394453664,0.08161652713589297,2.0134968313240003e-05,2.268990957084e-05,0.6,0.8,0.5,3,0.7866450786003482,0.8547919876279185
12,3,0.8000753889250454,0.9755850466228809,0.9718649978681386,0.41121671359304934,0.04904791156420348,0.08168015253413269,2.021798970687e-05,2.278346561149e-05,0.6,0.8,0.5,4,0.7869941481988243,0.8546269665423367
12,4,0.7289247584797499,0.9499419165173608,0.9418444841695558,0.4017923406772594,0.2312390411591432,0.08474331424870149,0.00011942127277044,0.00011682172309001001,0.6,0.8,0.5,5,0.7552965342611497,0.7571375233626945
12,5,0.7202667219146686,0.9461293003760024,0.937882628463842,0.40190574426981096,0.07044432603906631,0.08335962625323731,9.086941241838e-05,9.073097036071999e-05,0.6,0.8,0.5,6,0.7334038648444098,0.7609396194919938
12,6,0.7184138971177216,0.9464661974102417,0.941249928518283,0.40261785693685503,0.05255389652503606,0.08223231131521472,9.370053378513e-05,9.166087044034e-05,0.6,0.8,0.5,7,0.7249920651372401,0.7574104475478931
12,7,0.6078282285072383,0.903637554270165,0.8959649789533137,0.38218738518066714,0.22228317905157008,0.09160472666076593,0.00010834491651796,0.00016193718436442,0.6,0.8,0.5,9,0.5623210671082135,0.6305139900447148
12,8,0.5965401651820115,0.9036787863022805,0.898623601601718,0.3891227397354758,0.09196652128731558,0.10352919578827377,0.00012933555050508,0.00018899193388822,0.6,0.8,0.5,11,0.575185574817031,0.6092970406587193
12,9,0.5963655618835775,0.9035956137343104,0.8985362524593283,0.3890692295093515,0.06288191934044898,0.10352786228054414,0.00012983190762064998,0.00018823436837144,0.6,0.8,0.5,12,0.5756434099539269,0.6090247080474411
12,10,0.5441731251073357,0.8690369520353259,0.85686439823777,0.36296963905995344,0.18761191152080162,0.0841040603710586,6.401127150950999e-05,8.82090146717e-05,0.6,0.8,0.5,13,0.5183125086763365,0.5754694096462246
12,11,0.5259548531605392,0.8627242255810461,0.853027058047381,0.3648099477035876,0.09350615729624376,0.09010846785021163,8.372386658356e-05,0.00012075850603705999,0.6,0.8,0.5,15,0.5335140703572891,0.5359134744412254
12,12,0.521317143683516,0.8597177988831999,0.849925427523304,0.36442223314788114,0.06602360131157374,0.08825438980513554,7.530116931452001e-05,0.00010596615477451,0.6,0.8,0.5,16,0.5210487134772313,0.5397605583730695
12,13,0.5037517081227272,0.8530040886717961,0.8456855431991691,0.36417999367466214,0.13517073607885954,0.09358557873193815,0.00011847849233834,0.00016877124356613,0.6,0.8,0.5,17,0.5165997343364742,0.4986774610807193
12,14,0.511551686463821,0.8638649731452478,0.8594948525910994,0.37975023558892024,0.08204714921158511,0.11249947404914236,0.00020888078138923998,0.00026459728864601,0.6,0.8,0.5,18,0.536976356583854,0.4880531315090911
12,15,0.4766101741737353,0.8305811932562297,0.8229485868547537,0.3499629802061254,0.06860425581846502,0.06649455095378244,0.00015293873037728,0.00017898085927187,0.6,0.8,0.5,19,0.5130222299818545,0.5114158134881563
12,16,0.483347318880358,0.839042223643677,0.8312904247667572,0.3614216359334186,0.06714549713202629,0.08448261763974828,0.00016097773952397,0.00020946140539838,0.6,0.8,0.5,20,0.5146290779692119,0.5007241249375435
12,17,0.4763160143021651,0.8356648439502946,0.8276516195375984,0.3642032909441178,0.08828764746852343,0.08746439851458257,0.00015789546020242,0.00020501509337931,0.6,0.8,0.5,21,0.5061004938492896,0.4926972922687228
12,18,0.4649064995189572,0.8301883274966518,0.8248899655636875,0.3596728681609493,0.09848508068755593,0.08696767633627887,0.00018464223308009,0.00024349601616889,0.6,0.8,0.5,22,0.4980621959534554,0.4797263471667773
12,19,0.4287489595610163,0.8036557500534037,0.8039113560262056,0.35584671033721654,0.05269354252504269,0.05605841447754578,0.00020460716033805998,0.00020769225412778998,0.6,0.8,0.5,26,0.5130344721247098,0.4453288325737713
12,20,0.41160878427088393,0.7921772940389308,0.7855132749753505,0.3583210441102654,0.09675618723525763,0.06836091489340874,0.0003330549912427,0.00024151517315899,0.6,0.8,0.5,28,0.501820681646367,0.4768663475236943
12,21,0.3914040438630616,0.7794159160677684,0.771897231263945,0.36121435785542033,0.08429088387412151,0.07515927464959479,0.00036702074810674,0.0002563123081119,0.6,0.8,0.5,31,0.4573118797611901,0.440740744045527
12,22,0.38727357016828273,0.7756408644784603,0.7680764798980312,0.36734533779507567,0.04472020972141293,0.07041994526328835,0.00033958766602622,0.00024259035216258,0.6,0.8,0.5,34,0.4614015277823358,0.4157148288879165
12,23,0.38652462520755704,0.776560434501092,0.7720217948826761,0.3848521600728475,0.04450316585267095,0.07041994526328835,0.00033958766602622,0.00024259035216258,0.6,0.8,0.5,36,0.4597826766987481,0.4229142898527154
12,24,0.3716268396299734,0.7667392242619395,0.7647469993809334,0.36200426461755364,0.11033101315642549,0.06856175210984308,0.00017209346513106,0.0001885094360384,0.6,0.8,0.5,37,0.3987990771731385,0.3312262488396568
12,25,0.37142101629176644,0.765111263095997,0.7600604023639296,0.37174846471715706,0.042064151928409024,0.06816091866242618,0.00035210379910038004,0.00026238758843696,0.6,0.8,0.5,38,0.4439348417040731,0.3670304065694763
12,26,0.37145913658558605,0.7667444093781467,0.7647260023349793,0.38515396182995615,0.044700285977368595,0.06939784943517593,0.00018662709972665,0.00020651358931569002,0.6,0.8,0.5,39,0.4087093831057888,0.3557074669096275
12,27,0.3678878753742244,0.7644382154253178,0.7622216288352944,0.3817100296364726,0.07047103875632199,0.0717504335747549,0.00037512946051007,0.00029556395213373003,0.6,0.8,0.5,40,0.4297893755368398,0.3574391380374763
12,28,0.3643722746436944,0.7602273748974374,0.7548317295084143,0.37967102489717136,0.060376461251207145,0.0713005498098548,0.00037522345246517,0.00030618307995423,0.6,0.8,0.5,41,0.4173760939421476,0.3291345547431439
12,29,0.36536293505654327,0.7645001901927184,0.7651504698239708,0.41064320675792365,0.054027901548011285,0.07552350424331193,0.00037021298071976004,0.00033534669481888,0.6,0.8,0.5,42,0.3894977177594615,0.3049908070159691
12,30,0.3589410413942362,0.7577328934654856,0.7551310472076996,0.3881006307194428,0.07144360853457205,0.0734006014765115,0.00029672796401960003,0.00024394995245935998,0.6,0.8,0.5,43,0.4103912753148226,0.3192574863456144
12,31,0.35727707076136744,0.7580833375876505,0.7584307970982778,0.4093106722005135,0.059464941238153914,0.07491803283027237,0.00031761939620302004,0.00027041912481671,0.6,0.8,0.5,44,0.3970940026317436,0.3181036977407662
12,32,0.35448970477438035,0.7572395462996738,0.7605463025888474,0.41846945896148935,0.05126828569711002,0.07418400442589355,0.00030864402668696,0.00026176782250903,0.6,0.8,0.5,46,0.3909282493896317,0.3154787348444245
12,33,0.3516996301001403,0.7551328444327702,0.7583059597522095,0.42579761731074167,0.06372657402329049,0.07497657175272239,0.00035202242146047997,0.00030498417645896,0.6,0.8,0.5,47,0.3681376146981013,0.3277108397002471
12,34,0.3414925790817369,0.7449538108113803,0.7447405892841077,0.41366382931653717,0.08853048591595594,0.07160651289927991,0.00026203183699107,0.00021560143289599997,0.6,0.8,0.5,48,0.3667690532655134,0.3259718456998601
12,35,0.34075158540393796,0.7446800348872525,0.7443532328914064,0.41364028063121133,0.06070422061521188,0.07463337697657736,0.00042123879176804,0.00026616766648770003,0.6,0.8,0.5,49,0.3695730992758358,0.3697026180599458
12,36,0.33406438223730167,0.7404502591240488,0.7429173304273251,0.4243836338478034,0.08005565452451117,0.07370816260941901,0.00038311531808828,0.00029595240498906,0.6,0.8,0.5,50,0.3727356410654754,0.3225968848920237
12,37,0.3304078984832982,0.7388437464960587,0.7441927580214309,0.43399276657559505,0.05276958421610027,0.07419598503306528,0.00039786063340248,0.00031255580425746,0.6,0.8,0.5,53,0.3611316614934815,0.3184552044461397
12,38,0.3253365472266703,0.7339487758957153,0.739237925587907,0.446785564759519,0.04396349722709338,0.06801695961551187,0.00038779272119648,0.00031714443837588003,0.6,0.8,0.5,56,0.3685709647441088,0.3175579234133922
12,39,0.325076207708909,0.7338875163426819,0.7391114658311434,0.45571497628175106,0.05136057162245949,0.07006528232166112,0.00038761340588180004,0.00031179230968136,0.6,0.8,0.5,57,0.3685686394252577,0.3159341274099215
12,40,0.32485118200251506,0.7366963649547175,0.7479866861365493,0.4620284599924239,0.044260197350046444,0.0712100509437958,0.00038537130232316,0.00029480849093522,0.6,0.8,0.5,62,0.3591091160108064,0.3319815297106237
12,41,0.32148645278576404,0.7337784754030016,0.7449117854824625,0.486203188228071,0.04870667039092871,0.07153833670980818,0.00037255093148896,0.00028583823979096,0.6,0.8,0.5,66,0.3524142467328585,0.3295074316196541
12,42,0.31893623516772635,0.7358412422564831,0.7560446425795568,0.5373275071104594,0.04391357863343059,0.07058107464512763,0.00038340411731178,0.00030925985381154,0.6,0.8,0.5,77,0.36562054622628,0.3390223514935491
12,43,0.3238689846641384,0.7408501767299003,0.761023572324878,0.56139023012921,0.04977346877845319,0.07978718693407377,0.00045690428770764997,0.00034755196232919,0.6,0.8,0.5,80,0.3600219259710174,0.3595351044410243
12,44,0.3185649249219311,0.7373163265641425,0.7604136780137546,0.5732590926941097,0.04948422171826287,0.0757311683559271,0.00043226221598933996,0.00036767430348186,0.6,0.8,0.5,85,0.3511630776076842,0.3486541632792194
12,45,0.3173235968108118,0.7376067377295435,0.76372505473906,0.5789676108976558,0.04761922707592444,0.07488442660638168,0.00040720259495125,0.00035490723790026,0.6,0.8,0.5,87,0.361551395569325,0.3539435768876989
12,46,0.3174322076567625,0.7378343059229047,0.7638984863544828,0.5827241632297494,0.050413743148136625,0.07703706390289096,0.00040870990317006,0.00036208447255620997,0.6,0.8,0.5,89,0.3618219121639129,0.3511640461757946
12,47,0.3262321274202255,0.7483705769104023,0.7773522265805461,0.6462148846930478,0.06217641597645069,0.09640645354709758,0.00044880603526777996,0.00056392310936374,0.6,0.8,0.5,94,0.3443786805003367,0.3381720326117857
12,48,0.3151538882245115,0.7373288032517553,0.7662917069021058,0.6353075053504205,0.0486658333078957,0.07876734997571326,0.00043099037097970997,0.00041669853929898,0.6,0.8,0.5,97,0.3429553585328759,0.3558092948092271
12,49,0.3246465023640434,0.7499526610838214,0.7849037625988382,0.6825543465901744,0.06306047475096048,0.09875977022064109,0.00043373887032234997,0.0004919486705945,0.6,0.8,0.5,102,0.3519833352902113,0.3524050185121261
12,50,0.3164624733670659,0.7422222397394511,0.7768628022269249,0.7166295278830389,0.06294502812527747,0.09494674395755189,0.00091153228829686,0.00110432989780941,0.6,0.8,0.5,111,0.3607046102332013,0.3048909691278227
12,51,0.3185241604775345,0.742896009257579,0.7744223408483829,0.7294539892608006,0.06367074510535277,0.1006252662752033,0.00089803358292612,0.0009926393274230102,0.6,0.8,0.5,115,0.3577286273648843,0.3067846624319404
12,52,0.3137173645663309,0.7410269903667271,0.7786422406633845,0.7709631675121645,0.05792755047849405,0.09308744027636709,0.00090657867475951,0.00113150890426943,0.6,0.8,0.5,118,0.3540984972758849,0.3171684646694043
12,53,0.31649471033720267,0.7424133470883939,0.7769097865911656,0.7502056361626599,0.0702294131818823,0.10011264920500432,0.0008987511902257101,0.0009999075448432501,0.6,0.8,0.5,119,0.3572127578855832,0.3065165716889045
12,54,0.3192446956457347,0.7466455486680164,0.7841714446250977,0.7949030465151868,0.06613290363680684,0.10542985359555848,0.00085668270164141,0.00116558022788417,0.6,0.8,0.5,121,0.3513990169758534,0.3032393537460336
12,55,0.32196889639862014,0.7524101340004011,0.795897374192391,0.7941518379475416,0.0899465623576488,0.11467158908108868,0.00098792402648242,0.00127675205563749,0.6,0.8,0.5,122,0.3542931494627618,0.306208822875109
12,56,0.29347044989705173,0.7399781176002381,0.8170303111890407,1.0421246086053375,0.042141507778521325,0.06816192290259016,0.0011404773923817699,0.00063014589975599,0.6,0.8,0.5,187,0.3292162421643467,0.285126704198805
13,0,0.9175393828966251,0.9778704636785317,0.9767496314045888,0.3898390655812084,0.0,0.0,0.0,0.0,0.6,0.8,0.5,1,1.037863547994259,1.129541292890199
13,1,0.8957797524484241,0.9984680367263831,0.9933893812823065,0.41962479464665603,0.16305882942569608,0.06649819380831945,1.338369304909e-05,2.278047500534e-05,0.6,0.8,0.5,2,0.8490201029411992,0.9459458579805184
13,2,0.7923678255985334,0.967288807004433,0.9635841522407351,0.40071062068532326,0.2689631420066599,0.0673662364315314,1.228455632639e-05,1.249936563727e-05,0.6,0.8,0.5,3,0.7982245601346383,0.8797886564953084
13,3,0.6407748777984693,0.909896528856652,0.9032864474878898,0.36841736214579246,0.4358446278076636,0.06664947122351716,0.00028826687473841996,0.00038084229548719,0.6,0.8,0.5,4,0.6864196846129963,0.5620954418904128
13,4,0.4762713378550815,0.830592273287033,0.8169821132057046,0.3187417931385725,0.5980887200117722,0.0666034959533951,0.00040551454171062,0.00042428067286087,0.6,0.8,0.5,5,0.5421369969838419,0.4143873013349182
13,5,0.4143415839252264,0.7907872009329094,0.7781402397918573,0.29744615585388523,0.1725192128936455,0.0666034959533951,0.00040551454171062,0.00042428067286087,0.6,0.8,0.5,7,0.4781890986273162,0.3167819973915093
13,6,0.41612731259532154,0.7974685866450829,0.7818496835791204,0.306950439559134,0.06898400757799543,0.07746389651301734,0.00041889823475972003,0.00044706114786620995,0.6,0.8,0.5,8,0.3692010327126691,0.3525017672220583
13,7,0.30938344708058274,0.7188521064609821,0.7023491169906066,0.2578557923984602,0.6093450670992352,0.07358096540225241,0.00041716012359361003,0.00043612989086652996,0.6,0.8,0.5,9,0.309109099432917,0.2459372429029111
13,8,0.3059159584068813,0.7160101005993298,0.6993425140864705,0.2612801331582781,0.06987104421355286,0.07425374481875055,0.00042041795594329,0.00043944469008611996,0.6,0.8,0.5,10,0.2984986181941169,0.2402938967940618
13,9,0.242640564194906,0.6412130005530036,0.6237230439495038,0.21349871653037944,0.508693066343496,0.07468851393597907,0.00042288835038713994,0.00044195828216071,0.6,0.8,0.5,11,0.2271030068525501,0.1528239874184217
13,10,0.2364513345915826,0.634949282207677,0.6200891838462473,0.21424253571104654,0.07480850764104591,0.07558708362490038,0.00049445634669028,0.00051683825442124,0.6,0.8,0.5,13,0.2201655671344113,0.1430536165246288
13,11,0.2233239414887601,0.6198968560453774,0.6044644661222225,0.2136441014206322,0.0833831291368685,0.06949972105756178,0.00041893883446309996,0.00043707993267492,0.6,0.8,0.5,15,0.2110210919173178,0.1764897940448396
13,12,0.160908608256862,0.5290619921294204,0.5094596305823897,0.16087347822027226,0.5969267243426095,0.055290837696403874,0.00044944383971442,0.00044037756732969005,0.6,0.8,0.5,16,0.1561913897069776,0.1471425155218854
13,13,0.1526406214404894,0.5140051358609714,0.4965403967064974,0.15992261083245496,0.09761076639888454,0.05748303323315879,0.0006362557614788699,0.00062933554618752,0.6,0.8,0.5,18,0.1485499676317745,0.1336407311496077
13,14,0.14965829721553103,0.5058410922821152,0.4907386342206773,0.15522382063096163,0.06289913612015831,0.06408362639231377,0.00067389012870645,0.0006820241995225201,0.6,0.8,0.5,22,0.1563176595341489,0.1214510576029637
13,15,0.14670071991183467,0.4984309471137419,0.4828786407621213,0.15102775686234118,0.07195530051547992,0.06648277448833674,0.0006884945652025399,0.00072386257382841,0.6,0.8,0.5,24,0.1739629192515376,0.127140472492438
13,16,0.14304208124174297,0.4915158476907344,0.4756533833483637,0.14631015124985297,0.06076391594905061,0.06519751813156682,0.00068151610832255,0.00069485830906782,0.6,0.8,0.5,26,0.1597260376281462,0.1188511753788255
13,17,0.13487723719581024,0.4719124994559698,0.4579181809299147,0.15496743125347884,0.20299308959513299,0.0688892936207671,0.0007216118250584,0.00086869802901073,0.6,0.8,0.5,27,0.1393342979437771,0.1156473852789831
13,18,0.1232478297052729,0.4531755191671923,0.441487594270331,0.14704384658770206,0.08770528799622332,0.060167944368325635,0.0005875717180923,0.00064274762577109,0.6,0.8,0.5,29,0.1244700275680558,0.103240974387749
13,19,0.12078644591913813,0.4488812367325243,0.4399671145688749,0.1515247944342116,0.07466953178654238,0.05977800845494623,0.00058541769859232,0.0006369677581681799,0.6,0.8,0.5,30,0.1218981750963596,0.102984605720992
13,20,0.11982299573182485,0.4444480265967436,0.4352432667934343,0.14799591321999347,0.07759886037713147,0.06175397213788873,0.00067223920943719,0.0007371763740154699,0.6,0.8,0.5,31,0.1152602335319631,0.0934750071373349
13,21,0.11525822662214022,0.4363036676351992,0.42679968886091096,0.14866278902901445,0.0773372666493817,0.05821990462719884,0.0005764333439775701,0.00065929068861661,0.6,0.8,0.5,32,0.1222903596406882,0.1110460126870192
13,22,0.09926543851545393,0.38494004574390905,0.36681269850611165,0.11702096165233557,0.37917437020167427,0.06036560266512257,0.00057919552795364,0.00059218560135744,0.6,0.8,0.5,33,0.0852704968507671,0.1137450704781318
13,23,0.09259565247937625,0.36783551600034375,0.3577925193487438,0.1199698787877379,0.10958302291684832,0.0596672401764323,0.00070035520760259,0.00072029690907775,0.6,0.8,0.5,35,0.0796700586010383,0.089152307042862
13,24,0.09122098278807873,0.3618540248978273,0.35148343781698865,0.11818810886563524,0.059509808581289424,0.06055005387654618,0.00066501696128243,0.0006913217027501799,0.6,0.8,0.5,37,0.0829238483314336,0.0810071514089181
13,25,0.08777214654749815,0.34750835024444743,0.3363753686435964,0.11917607971604198,0.1416600135284246,0.061770856517889494,0.00063343872132274,0.00069232286389377,0.6,0.8,0.5,38,0.0806058887600172,0.0812156087176512
13,26,0.085625643802773,0.3404015620194144,0.3289267906615033,0.11450235065916796,0.08408508856579978,0.061130632795225494,0.00065294013730583,0.00071275619637037,0.6,0.8,0.5,39,0.0753609707297804,0.0843140834640508
13,27,0.08402760731955689,0.33360292311296247,0.32472527655384376,0.11730250603316247,0.10113620117620728,0.062428173257952316,0.00065680235377812,0.0006396474005443,0.6,0.8,0.5,40,0.0752956563121913,0.0740259624223121
13,28,0.07955205611960584,0.31267911727389763,0.3027035721233646,0.11255831967365434,0.18769703141178623,0.06380297976999831,0.00061259788380759,0.00056875315572382,0.6,0.8,0.5,41,0.0696026261789402,0.069144178026051
13,29,0.07847160327280758,0.3101684387972232,0.30009856956479875,0.11072023613129409,0.051254918949318766,0.0627249105377356,0.00060919921330687,0.0005712923579225999,0.6,0.8,0.5,42,0.0686488648856011,0.0659377533844811
13,30,0.07895935666555423,0.31213859519090653,0.30808044156056763,0.12413541024449802,0.05217384585461566,0.06412343715531311,0.0006706874479523,0.00062850508085269,0.6,0.8,0.5,43,0.0681623082528248,0.0677868299257746
13,31,0.06895492013820988,0.27687695430744486,0.2652664738493524,0.0907182162042693,0.1340793067241739,0.05796528570095346,0.00056922348453997,0.00060228954838536,0.6,0.8,0.5,45,0.0648812205608313,0.0670994875769952
13,32,0.06921041753564228,0.2691385735538091,0.2570200217420049,0.11190485826364198,0.10741983230120368,0.06170430004188828,0.00057582935077352,0.0006916736339196399,0.6,0.8,0.5,46,0.0661451352660969,0.0514420904586503
13,33,0.06810073267906376,0.26527656034161706,0.2559461818549223,0.11676835386849294,0.055655422427269716,0.06155398056389039,0.00057662104556892,0.00068983893312257,0.6,0.8,0.5,48,0.064620730802309,0.0508479159795027
13,34,0.06621445682525771,0.2629373666042015,0.2565408483693732,0.10794962707518828,0.04154859469706085,0.05930403667431812,0.00055012160024745,0.00054357789489506,0.6,0.8,0.5,51,0.0600157965034156,0.0628506412739613
13,35,0.0662221951478437,0.26072408320586016,0.2512267541503924,0.09642532486096403,0.04295931262514991,0.059575807456546816,0.00056256282688837,0.00057400558584982,0.6,0.8,0.5,52,0.0608992184756072,0.0577697933155132
13,36,0.06695299692665395,0.26222102793159385,0.2586951651618846,0.12425129777219233,0.04383422812418843,0.06161188895414073,0.00057122741944939,0.00059367616434849,0.6,0.8,0.5,55,0.0605734512648744,0.0602671417094112
13,37,0.06455793826691535,0.25152516042867556,0.24748270622521693,0.11129541044926258,0.10754040357391849,0.06078132925256437,0.00056496422437934,0.00060867671117839,0.6,0.8,0.5,56,0.0586581540369884,0.059822521542716
13,38,0.06300564558953033,0.24665772586912588,0.24241023657117636,0.12884106940264567,0.04570440309145541,0.05935420916969318,0.00057767614923279,0.00066279815828092,0.6,0.8,0.5,59,0.058890044193793,0.0513035047555363
13,39,0.06262131286112638,0.2431973554176959,0.24172354063757237,0.14913372798272234,0.07503659219832431,0.06031813206088286,0.0005833012337636601,0.00069184012798575,0.6,0.8,0.5,60,0.0573835476284269,0.0521423097882864
13,40,0.06160650107182109,0.23485664957590058,0.22700627660314535,0.09313707800698309,0.04919501971484396,0.06012492726290124,0.00060573552140838,0.00072038371223764,0.6,0.8,0.5,63,0.0518180445251013,0.0578616430225602
13,41,0.06454159924305355,0.23779813898882185,0.22994737959466743,0.10738051146585549,0.04005593105736632,0.06504811061102676,0.00061277844587826,0.00069954953459902,0.6,0.8,0.5,66,0.070107889068636,0.0606255189529858
13,42,0.06310173247664067,0.24194562099982045,0.2462927721417395,0.15611763199266443,0.03894174367900969,0.06284297530545024,0.00056495378941106,0.00061408210492561,0.6,0.8,0.5,69,0.0661391806950128,0.0484226396620982
13,43,0.06128657428699794,0.233760157957219,0.2317901714324756,0.15542832800566989,0.06612795214475899,0.060959614058538045,0.00058468790708235,0.00063913027497187,0.6,0.8,0.5,70,0.0584236138552396,0.0470582785963466
13,44,0.06058771666411382,0.2336724998996049,0.2376681943044445,0.16555577513042644,0.046668962491708814,0.0605505466737883,0.0005859673255753401,0.0006640575921754599,0.6,0.8,0.5,72,0.0696429450050882,0.0557708730138888
13,45,0.06033495490938859,0.23055580530300354,0.2314126027872103,0.16756047500857302,0.04910081708859588,0.06063728982377485,0.0005800313330108599,0.00064310963256077,0.6,0.8,0.5,73,0.0603042299915177,0.0449443250420961
13,46,0.06025827548527601,0.23005561874228625,0.23385155019256576,0.17552635059833138,0.05270618291885744,0.061176408110678204,0.00056578283128168,0.00060013859752925,0.6,0.8,0.5,74,0.0634204562935368,0.0480727842875626
13,47,0.058318445263805,0.22596337873306419,0.2325936027198305,0.1745968626483174,0.0660068623939058,0.059118851059566914,0.00057062904129636,0.0005986778049777199,0.6,0.8,0.5,75,0.057753605025484,0.0474015247875047
13,48,0.059657185322294554,0.22307415498661884,0.22648403613855925,0.18666514321724523,0.06086166271190713,0.06221433061320365,0.0005834043781547999,0.00060851803596303,0.6,0.8,0.5,76,0.0646519033337155,0.0475303072690476
13,49,0.05935885908441474,0.2199239079468712,0.22612723045971272,0.19010532061313973,0.05628942506558431,0.06303852146748037,0.00058430134349397,0.00065247569087186,0.6,0.8,0.5,78,0.0628135953681147,0.0448051551066545
13,50,0.05817660200197931,0.22008097755668568,0.2293301826937433,0.19815711070350103,0.037949142612002336,0.06104002157108511,0.00060544539081515,0.00069728552954398,0.6,0.8,0.5,80,0.0587477724828559,0.0471282065047891
13,51,0.05860193638530974,0.2169653003590816,0.22600198079235004,0.20905529745709792,0.04817860118934442,0.06287529953643986,0.00059457825295719,0.00067353112612653,0.6,0.8,0.5,83,0.0590547543876365,0.0461844569385432
13,52,0.058091325333558375,0.21783010896398608,0.22991486187948135,0.24346399746693392,0.03838079885077771,0.06211987689677491,0.0005808212227972,0.00061125725632046,0.6,0.8,0.5,85,0.0664517744601285,0.0462427340410663
13,53,0.05847254932194426,0.21950530947437535,0.23463324406690464,0.23700341509945583,0.039132051628168255,0.06273910774957833,0.00059455003574574,0.0006695790127528701,0.6,0.8,0.5,87,0.059117153266564,0.0462988579759411
13,54,0.05715835372702845,0.21412665651339474,0.22901146841382686,0.262563939251855,0.04890345742446127,0.06180793600351542,0.0005923274986806,0.0006340753639740399,0.6,0.8,0.5,90,0.0625310374651284,0.0471717324075114
13,55,0.05688919963276506,0.21246485809169396,0.22726654733463986,0.2713712142629396,0.04162624566003866,0.061771094169705956,0.0005918652045188201,0.00063792105540593,0.6,0.8,0.5,93,0.0625342410449318,0.0473449025510426
13,56,0.05670790896121994,0.21166786626887146,0.22643283611943005,0.28361116631727507,0.03903235062515638,0.061643296302689374,0.00058651514740989,0.00065588789229473,0.6,0.8,0.5,97,0.0628387001102693,0.0463011521659607
13,57,0.05618378004221615,0.21391527340710742,0.2347776633519885,0.3258788264857568,0.0374343212142303,0.060776430276497054,0.00059985675558534,0.00067867334317877,0.6,0.8,0.5,105,0.0628186778759537,0.0459577670239972
13,58,0.057665745630645485,0.2179854938044837,0.24493437396623632,0.3707880580445888,0.03920859062391623,0.06335488120632748,0.00059368528903323,0.0006752972155217,0.6,0.8,0.5,112,0.0628144045752966,0.0479635381374847
13,59,0.055923517873073196,0.21547181882474956,0.2423747334362483,0.37558105969511557,0.040352506137597735,0.06067767447834149,0.00059899547851592,0.00066727894618671,0.6,0.8,0.5,114,0.0620944904998636,0.0474432720900144
13,60,0.05451221660560716,0.21436540366758014,0.2531518589487563,0.3750640356377971,0.04795730341384893,0.059978463682161386,0.00057551406122069,0.0006423320339537101,0.6,0.8,0.5,118,0.0499551782663317,0.0476582741746796
13,61,0.05401996960057065,0.21393592279453685,0.25569266511360983,0.38749633717302034,0.039337889503549286,0.05955821084365315,0.00057952123259335,0.00063282584631705,0.6,0.8,0.5,122,0.053161311213871,0.0494230016781304
13,62,0.05365995362032725,0.21269653585729525,0.2544012032493493,0.38648224373756834,0.043384418386938,0.059202083050886034,0.00057814062945215,0.00064004327864069,0.6,0.8,0.5,123,0.0530656113258831,0.0488055122362381
14,0,0.9862028732961241,0.9964247751706297,0.9962436888426022,0.4017104123741045,0.0,0.0,0.0,0.0,0.6,0.8,0.5,1,0.7549433113307179,1.125932189119004
14,1,0.8906583189649495,0.9969946354376341,0.9918365738740044,0.41871610574833945,0.30185656141265266,0.06666082628844275,1.332337856132e-05,1.6752524188810002e-05,0.6,0.8,0.5,2,0.870593535776622,0.9459458579805184
14,2,0.8125190708610118,0.9734653098354493,0.9701179336518088,0.4043460192682493,0.20864976350613612,0.06588539741095222,1.976190796767e-05,2.132977658713e-05,0.6,0.8,0.5,3,0.696453557897085,0.854564001423315
14,3,0.6192402412859125,0.9004915057611551,0.8934172064998801,0.36231405246145965,0.5474174976984117,0.06639983623966958,0.00027436290344681,0.00022521796669449,0.6,0.8,0.5,4,0.5944995728415314,0.7095454058751851
14,4,0.5353538889499672,0.8608683973964462,0.8517915812880591,0.34112994879241054,0.17636084757815473,0.06655876686368116,0.00012121129430903,0.00011162824119301999,0.6,0.8,0.5,6,0.3900488733531144,0.3976402538179241
14,5,0.45868423115469087,0.8219463325790994,0.813638435878282,0.3266391330753645,0.2002466234062281,0.07399756908724202,0.00033142083741451,0.00028688446113471,0.6,0.8,0.5,8,0.4163381863453156,0.4419801787638927
14,6,0.28026739170801973,0.6831485703053067,0.6680454794144891,0.23737866598011403,0.5026036577407031,0.06658225510417556,0.00018333335323889,0.00016814720280073001,0.6,0.8,0.5,10,0.2205140788741655,0.1917734754867749
14,7,0.28010447183405895,0.682985111384263,0.6678784796229225,0.2372402541636196,0.04056582187744906,0.06642726951450723,0.00018265927687219,0.00016741964661901,0.6,0.8,0.5,11,0.2194153006480142,0.1923728995512162
14,8,0.26401072394457364,0.6676903649042678,0.6547801290094317,0.23983364306635352,0.15684247843489732,0.06669422045262671,0.00018663163359216,0.00016326551120671,0.6,0.8,0.5,12,0.1951385446855227,0.1707760784165617
14,9,0.2587461616544683,0.6622563998021277,0.6492296899314339,0.2388483150748327,0.04239794100489658,0.061288853482902673,0.00028997752348297,0.00021614285300119003,0.6,0.8,0.5,15,0.2280707122656797,0.1526601222944891
14,10,0.2098150539913035,0.6086518492889289,0.5926868661032926,0.21325121644258063,0.19162768079540032,0.0679716321586897,0.00068041955294722,0.00039467340584679997,0.6,0.8,0.5,18,0.2229203992553771,0.1400464084468875
14,11,0.19215936009797469,0.5818973080181926,0.56457593202758,0.19845359009426647,0.2194919019720685,0.06814101150546134,0.00061211365388464,0.00035466387643245,0.6,0.8,0.5,19,0.2059638446494895,0.1129653678510322
14,12,0.1638571607828424,0.5319214230376944,0.5151943645497299,0.1755121584017138,0.3295686214228548,0.06313184236555056,0.00073020883568812,0.00040226666763537995,0.6,0.8,0.5,20,0.1724725731981797,0.1308834283764905
14,13,0.14974541845364972,0.49910189522391324,0.4804155258260166,0.15184540449871867,0.31132841712267345,0.07294882386590501,0.00070046010801519,0.00040306537812219,0.6,0.8,0.5,21,0.125898305926138,0.10257972706589
14,14,0.14175201815520688,0.48224431018777447,0.4627203996644667,0.1433358837642681,0.15811901477924853,0.07248881147354068,0.00065869600155166,0.00038092485267427,0.6,0.8,0.5,22,0.1202020966524387,0.0873069964451275
14,15,0.13570137534805768,0.4709223933410118,0.45384236974752046,0.1420769788855579,0.1265163376299254,0.07116879695962561,0.0006932898527832601,0.00040477958262515,0.6,0.8,0.5,23,0.1123799383732592,0.0980829707321214
14,16,0.12765395505733537,0.45193870972637695,0.4339128323782743,0.13221127947061317,0.17176952508960203,0.07073114067150778,0.0006513755509085499,0.00038149440120068,0.6,0.8,0.5,24,0.106727796382406,0.0827111068000975
14,17,0.12435696884826918,0.44393396165754595,0.42551463150618235,0.12939691527660835,0.09641380852095337,0.0703874809643987,0.0006233727057193201,0.00036653423799152,0.6,0.8,0.5,25,0.1047650755333631,0.0738806330065442
14,18,0.12293223753314654,0.4413948148902374,0.42288346869297294,0.1344453478397768,0.05469801089622438,0.06922751173511414,0.00059785281420297,0.00035493602055886996,0.6,0.8,0.5,26,0.1058129811883669,0.0722652084809228
14,19,0.12229732409118689,0.43729648926275333,0.4214360440421515,0.13913928249554083,0.09930846648543817,0.07306045435796936,0.0006819337208085399,0.00038778774192519,0.6,0.8,0.5,27,0.0975443359778232,0.0840965048892411
14,20,0.12132479803707795,0.42959580301749634,0.41319702302837136,0.1291531328119043,0.1207877416817915,0.07798169248903394,0.00066048559203436,0.00037377881555679,0.6,0.8,0.5,28,0.0919289747880732,0.0814608554124927
14,21,0.11606910089776941,0.42137159148827236,0.4047391460276248,0.12331243978168184,0.07570945259398348,0.07197342703660013,0.00065372030799533,0.00037337468528753,0.6,0.8,0.5,29,0.0928873166968154,0.0650313710140085
14,22,0.11136960540963745,0.4140773439074742,0.40018153889373254,0.12187487466162482,0.06305368969579904,0.06773608623114605,0.00069178273188466,0.00038727188485060003,0.6,0.8,0.5,31,0.0878770942226934,0.0721973215368259
14,23,0.11284785426309718,0.4152432206366386,0.40426495846743565,0.13229043737463556,0.0498288773451032,0.0717463064073922,0.00066735563594948,0.00038017987950761,0.6,0.8,0.5,34,0.0898186709251615,0.0729439034056426
14,24,0.11093033972516184,0.4101073560162263,0.3988817664519899,0.13360631910720405,0.07744274923465093,0.07130485867259058,0.00067520387637274,0.00039241031118561,0.6,0.8,0.5,35,0.0853830532204679,0.078773403817887
14,25,0.10920197020763567,0.4039122554574245,0.3923493347532243,0.13244884040098412,0.08967457845265675,0.07212614367067731,0.00064548707091801,0.00038526451343276,0.6,0.8,0.5,36,0.0837619841040294,0.0731315315985966
14,26,0.10871000992000117,0.4018936974273992,0.39021630646376615,0.13388700830264766,0.05976544530512056,0.07258006539778757,0.00061273659135758,0.0003762236732407,0.6,0.8,0.5,37,0.0835175272235822,0.0686325477821429
14,27,0.10621488903997998,0.39467868635974585,0.3826499128803753,0.14204495815294194,0.059886518530411006,0.07204445984551286,0.00066978676237406,0.00037352222945756,0.6,0.8,0.5,40,0.080689237731901,0.0740207070629448
14,28,0.10384358456583546,0.386143722364594,0.3707157999435397,0.13743032724863394,0.09080521967685455,0.0716801426479714,0.0006410400869292299,0.00037100648870994,0.6,0.8,0.5,41,0.0788297756203569,0.0666348066585825
14,29,0.10321586651905298,0.38492407978682225,0.37239958252020605,0.14348751926708186,0.05417413752871866,0.07215911326247884,0.0006326444838087401,0.00036242137160251,0.6,0.8,0.5,43,0.0756976946886761,0.0758056865872489
14,30,0.10223451049991003,0.38234398254570706,0.36970340094279996,0.14722908462772802,0.05948246614889209,0.07168096485991184,0.0006323345182263201,0.00036065634912365,0.6,0.8,0.5,44,0.0778436294546913,0.0703946667940503
14,31,0.1001680451942887,0.3879278089638625,0.39352561441875145,0.24390505225155437,0.04256225438139271,0.06906960578118496,0.0005745715334973,0.0004087923820104,0.6,0.8,0.5,68,0.0951620168464023,0.1140211352608193
14,32,0.09893280837817542,0.382874010178105,0.3881970321368932,0.246736052243611,0.07983542307008301,0.0697219054074285,0.0005554446194058901,0.00040008038103369996,0.6,0.8,0.5,69,0.0939943391797881,0.110076703767596
14,33,0.09822730420788103,0.38130306845314876,0.38656410392947727,0.2485744528192029,0.0505721879867282,0.06916283171201858,0.00054491914494302,0.0003938893971769,0.6,0.8,0.5,70,0.0932305071515951,0.1062139592933499
14,34,0.09830982130581985,0.38423427008630284,0.3955965116005802,0.2666509444747045,0.042466505263013314,0.06932507121849725,0.0005585066887392901,0.00039963827255914,0.6,0.8,0.5,73,0.0935078463949635,0.1125577041857606
14,35,0.09830982099789898,0.3842342917440369,0.39559653398930167,0.22494837748478858,0.04224169400579642,0.0693250702031717,0.00055850669056671,0.00039963826794469005,0.6,0.8,0.5,78,0.093507847484933,0.1125577026260345
14,36,0.0981450143885332,0.38518211337067926,0.39957264024583194,0.2940256185073416,0.045596448302603856,0.06930472638174273,0.00054821327648791,0.00039670719933354,0.6,0.8,0.5,79,0.0925666360858751,0.1061908912231398
14,37,0.0978544892852515,0.3864483576501449,0.40684788417713885,0.305478395308036,0.045793818410965116,0.0697262189108429,0.00056278874862147,0.00040115037165969,0.6,0.8,0.5,83,0.0919541209492096,0.1092810010873207
14,38,0.09895524267397354,0.38657369753093757,0.40690376709492165,0.30907367277638875,0.05343810002608829,0.0721928476518354,0.00058126672847032,0.00040474320091005996,0.6,0.8,0.5,84,0.0916518162605509,0.1157711473554079
14,39,0.09703192379710879,0.3836778549127495,0.4068885461514588,0.32164736216968953,0.06650318219523516,0.07062785014790732,0.00057031288621412,0.00040089905748037996,0.6,0.8,0.5,85,0.0897618483557644,0.109936482805675
14,40,0.09554914413727422,0.3768604980362394,0.390844303835504,0.3230398587274464,0.05112962335946877,0.0687474038699994,0.00060021788608097,0.00040055709069313996,0.6,0.8,0.5,86,0.0885665081830437,0.110609334195025
14,41,0.09614927029346229,0.3801603314713297,0.4031851339629118,0.33227712285773175,0.04855267150218645,0.07084313916945452,0.00059306205738216,0.00041185673595684,0.6,0.8,0.5,89,0.0888778472307453,0.1119168643186671
14,42,0.09524996141943769,0.37704832762330487,0.3999177940994845,0.33668329659697743,0.05371346835866738,0.0707953594765474,0.0005772136121627799,0.00040469060670399995,0.6,0.8,0.5,91,0.0882409892005839,0.1088653422091324
14,43,0.09336728250569752,0.3799732467558602,0.41498300420939427,0.40238611213389464,0.042307466833645814,0.06836979163815693,0.00055511355516536,0.00037277831580202,0.6,0.8,0.5,106,0.0908413212370448,0.1125862774326066
14,44,0.09232079042358307,0.3782126098408771,0.41612392044278684,0.4100361198942267,0.048294858758276125,0.06798591548063784,0.00055708341274567,0.00037492038992622,0.6,0.8,0.5,109,0.0880349026976476,0.1102887486046882
14,45,0.09215281248105402,0.3791250953768619,0.4200631399039499,0.4129420443980979,0.044990202482120545,0.06794500612910957,0.00055644268562223,0.00037256722943702,0.6,0.8,0.5,110,0.0884518332699228,0.1109157155844536
14,46,0.09203447932438565,0.38013538920912443,0.42410354561285174,0.43265781714592094,0.04244368617669886,0.06795172236879408,0.00055674414394944,0.00037329859403126004,0.6,0.8,0.5,113,0.0880802631675845,0.1098643860799483
14,47,0.09303049954650787,0.3823834597234135,0.42939029597179174,0.4527242895043196,0.042673276296536077,0.06971163911096948,0.00056612298179537,0.00039323862856984,0.6,0.8,0.5,123,0.0886194931254148,0.1108840321030461
14,48,0.09373541577307878,0.3840605892107912,0.4340866973010391,0.4845510519711838,0.04451264042876345,0.07113725929552976,0.00057244420286997,0.00044362332708514996,0.6,0.8,0.5,127,0.0894952651641354,0.1100043948390047
14,49,0.09260513047048584,0.3807627444138006,0.43063871784461694,0.49570518730804725,0.053247082745542886,0.07063324644907307,0.00056238357731125,0.0003977302258264,0.6,0.8,0.5,129,0.0848193683220404,0.1099770080736999
14,50,0.09243698330025636,0.3815912169702714,0.43448834264626124,0.5125978655895445,0.04519968362591278,0.07063324644907308,0.00056238357731125,0.0003977302258264,0.6,0.8,0.5,131,0.0844352102854812,0.1082737222500331
14,51,0.09112447423731836,0.3827549872667189,0.4417277372841479,0.5164010802037395,0.04257007850322008,0.06864475885749771,0.0005779321990221199,0.00045541542981402,0.6,0.8,0.5,137,0.0889954653745339,0.1103281698310835
14,52,0.0935788815572514,0.4011995879825897,0.4937520855205941,0.7165559883546636,0.04436822092925734,0.07283122148028667,0.00055959214131013,0.00041545573058706005,0.6,0.8,0.5,179,0.0856593562251403,0.1167385298580468
14,53,0.0906360018225426,0.39825322160389637,0.49080548057474976,0.7321845574659372,0.04141998702485176,0.06793248773110079,0.0005525251811608299,0.00042190760937169,0.6,0.8,0.5,183,0.0852271902821942,0.116870982915521
14,54,0.090647235292122,0.40253819966283616,0.5042425675397161,0.6582666857879984,0.041522707836262295,0.06801394406122142,0.00055266085028664,0.00042194604640045,0.6,0.8,0.5,199,0.0853022283037439,0.116625309384661
14,55,0.0904774976399931,0.40339438913443065,0.50812193692642,0.6647176634454492,0.045516972557464196,0.06798293122574377,0.00055719056875545,0.00042584767439124004,0.6,0.8,0.5,200,0.085185965100564,0.1164837466069141
15,0,0.9451127683512688,0.9854795404243057,0.9847440777861679,0.39600208107976836,0.0,0.0,0.0,0.0,0.6,0.8,0.5,1,0.9490767689728442,1.1029181682817175
15,1,0.9206185180970129,1.0058765356879165,1.0011682183125556,0.424399813850024,0.16519780994283836,0.06666109374373441,1.3183780576149999e-05,1.905486341037e-05,0.6,0.8,0.5,2,0.7466816186567349,0.9459458579805184
15,2,0.8230691002031265,0.9811915040045742,0.9779146196120153,0.41157097661225456,0.2666058221321989,0.07645170201288978,1.5618215936339998e-05,1.748880863443e-05,0.6,0.8,0.5,3,0.673907915480309,0.8647801308730366
15,3,0.4362439977480742,0.8048770184328831,0.7929584396508976,0.3053514532720119,0.43226559536105713,0.06664395366650798,0.00018004394989988999,0.00015336925371653,0.6,0.8,0.5,6,0.488820641106557,0.3571613316691897
15,4,0.40680414508242707,0.7884229761929654,0.7784694557659184,0.29984079218746235,0.11849999508768909,0.07195620281030936,0.00044892262679451997,0.00048736937638961997,0.6,0.8,0.5,8,0.5608401088213905,0.3465669397728513
15,5,0.27470651353215964,0.6770833200055076,0.6612412423640548,0.24272262338449355,0.44873600917593554,0.08081063308594186,0.00017793156742454,0.00015406551186477002,0.6,0.8,0.5,10,0.2517298659149563,0.1775713457786928
15,6,0.2709487925782539,0.6744861143859457,0.6614771863889967,0.24590766389817198,0.06395944698050027,0.08130209644776222,0.00016872986736202,0.00015144017071364,0.6,0.8,0.5,12,0.262669000641962,0.1776799261938962
15,7,0.2662741103010841,0.6707952888047691,0.6605598378537544,0.2486480339071523,0.06839185466101086,0.08186467383687472,0.00019572159491653,0.00017506078900951,0.6,0.8,0.5,14,0.2687060690424538,0.1716264184868941
15,8,0.1747876662875516,0.5520855030173221,0.5393356376909241,0.18765527028285198,0.2286091436825125,0.06456682636983953,0.00030893628702843,0.00027163822817313,0.6,0.8,0.5,18,0.2431943859990835,0.1047559080013581
15,9,0.17469479419848583,0.5519855418650397,0.5392347580701955,0.18756193409370592,0.03916978685590658,0.0644295798471952,0.00030941038278576,0.0002719942058259,0.6,0.8,0.5,19,0.2427701868057336,0.1048756509444102
15,10,0.17275680647811248,0.5500447470670892,0.5401681516565294,0.201938699316958,0.05124768356375158,0.064646933244518,0.00031111061294684,0.00027334248554694,0.6,0.8,0.5,21,0.2396915320949783,0.1034763295675341
15,11,0.17228580932053322,0.5509095800729517,0.5440709488055903,0.21609106603067962,0.039392766777469466,0.0641563845373129,0.0003100182102865,0.00027231103002694,0.6,0.8,0.5,25,0.2384776446220416,0.1032147495129589
15,12,0.16066288773997672,0.524585078678855,0.5189568517083532,0.19844943206088833,0.30231274055490776,0.07833761392725822,0.00038733728500778004,0.00033105453084092,0.6,0.8,0.5,26,0.1794006950057545,0.1123604044888503
15,13,0.15657470175735969,0.5192248927364138,0.5163794268559189,0.20340623338605457,0.05490026387678458,0.07587099286306793,0.00038740145317904003,0.0003274154879238,0.6,0.8,0.5,30,0.1680962293515705,0.1245573413221256
15,14,0.151564666097984,0.5104831309246755,0.5072778228791947,0.19770292270470544,0.0915182210809446,0.07326647327583348,0.00032619317275617,0.00027707273690022997,0.6,0.8,0.5,31,0.1467641669234481,0.1034759372375161
15,15,0.15008248573152996,0.5069943981317736,0.5065111811990948,0.2019653872372425,0.08996029836664779,0.07578907900700592,0.00038739151715331004,0.00032746571079133,0.6,0.8,0.5,32,0.1607326120597939,0.1127199714332311
15,16,0.1437389376565436,0.4943858082123818,0.4933100262159987,0.20471615596881199,0.12568553989830653,0.07442968537667186,0.00030445348986949,0.00027448368710558,0.6,0.8,0.5,33,0.1458488903190717,0.0800678805270017
15,17,0.1141380513269339,0.4277010034673194,0.4263769126645236,0.1536856844777417,0.49955826891191313,0.0688336224002662,0.00059949753223828,0.00060058241586064,0.6,0.8,0.5,34,0.1169647343498962,0.0989166753543749
15,18,0.10343098595113234,0.38292814444237583,0.38203031650710645,0.1336118447747325,0.22330696836347497,0.07858011091328516,0.00043821207026977004,0.00043118906187468,0.6,0.8,0.5,36,0.0825655549017864,0.0669500867071677
15,19,0.1016956524478927,0.38338636921168656,0.38854844552846834,0.17270941240323665,0.04680827262154222,0.07588374716119546,0.00048605440432869,0.00049725866536581,0.6,0.8,0.5,43,0.0778603493251903,0.0586967743920605
15,20,0.10146707076331735,0.38454848982709555,0.3927587987393133,0.1864384113385775,0.04629327439697296,0.07558636840227659,0.0004697988236899,0.00047787473795532005,0.6,0.8,0.5,45,0.0799347742498481,0.0595117977249816
15,21,0.09937086122063757,0.3774527327768581,0.3853084136632273,0.1847925632737342,0.07000600208447219,0.07541319642151863,0.00047683037653091,0.00048716455321775996,0.6,0.8,0.5,47,0.0723955128405594,0.0606655487460348
15,22,0.09583873259497218,0.36793097910086775,0.3812698898685166,0.20025040919493717,0.06269362957783367,0.07515532746764192,0.0004994812256811501,0.00047973005687388997,0.6,0.8,0.5,52,0.0733391181377428,0.0730355650881183
15,23,0.08545173575341335,0.32751078701475167,0.3388222690570961,0.1789452581103133,0.13731838875062263,0.0745084288750174,0.00049167588360694,0.00049078316813141,0.6,0.8,0.5,55,0.0659611697914658,0.0633070673958799
15,24,0.08488091221087983,0.3236208617957729,0.3347142331201965,0.18512029754679754,0.0605994622916801,0.07522888439272182,0.00048792962312544004,0.00046546629564077997,0.6,0.8,0.5,57,0.0680715941062288,0.0646956734683737
15,25,0.08234087902776223,0.3192279153486152,0.3331569476642101,0.1862830104830748,0.059190280114695994,0.07245120219488316,0.0005445377445701,0.00059021387250697,0.6,0.8,0.5,59,0.0717289855346715,0.0659250986669086
15,26,0.0822432171246206,0.3159210364878154,0.3296419571000271,0.19437443515953085,0.07294465492830533,0.07386455259596868,0.00051618201218799,0.00054408336651889,0.6,0.8,0.5,60,0.0679393005966961,0.0632397825128161
15,27,0.07969314350741484,0.3040137919907023,0.31713072095489364,0.1948441407207538,0.12722674673542272,0.07383742255736084,0.00053348510667132,0.0005858797327864299,0.6,0.8,0.5,61,0.0679090432216587,0.0643473977402368
15,28,0.07975358130104276,0.3039688214341093,0.32003856070251063,0.2003412554152773,0.048910057438847104,0.07458164324095469,0.00055928179047606,0.00060297385525843,0.6,0.8,0.5,65,0.0580028111692601,0.0617206608068292
15,29,0.07912836276323094,0.302331082761966,0.32425595178250205,0.2536666116725181,0.049315807667965395,0.07522118525132362,0.00056129119260053,0.00063401606103471,0.6,0.8,0.5,75,0.0551494824403305,0.0652667373127228
15,30,0.07744591290634109,0.29873576390387163,0.3205389062278572,0.24657238392105066,0.05299065836937647,0.07320081057440801,0.0005674519281865001,0.0006648707619366699,0.6,0.8,0.5,77,0.0649648332021958,0.0633524445084464
15,31,0.07693472889381839,0.29613719302161956,0.32669027537664513,0.2757215047504483,0.06438347996819184,0.07498336023520427,0.00060402251590142,0.00067909045120378,0.6,0.8,0.5,80,0.0649295486408273,0.0693801486207181
15,32,0.07617187050602629,0.2908417465876592,0.3181482472751005,0.2741260959563596,0.05457559656567731,0.07496456438280101,0.0006049839678838301,0.00066890477874132,0.6,0.8,0.5,83,0.0656253462942017,0.0672191233985554
15,33,0.07621361680677206,0.29378209431015756,0.3271935220397959,0.2883223035627335,0.046015672181826055,0.07502249694440911,0.00061622593924452,0.00067456575313444,0.6,0.8,0.5,84,0.0661310615253014,0.067815630438786
15,34,0.07604652761996757,0.2915658410496675,0.3218871083842169,0.2854038230420924,0.050862603765944966,0.07498879550976607,0.0006080314320175,0.00067768754192902,0.6,0.8,0.5,85,0.0658626345770942,0.0678058310939777
15,35,0.07496104030357865,0.28750786010757545,0.31468108059084426,0.28773489741438146,0.05155974382680636,0.07377454454465587,0.0006142859179206,0.0006775727955851001,0.6,0.8,0.5,87,0.0664100802955991,0.0752830319834092
15,36,0.07560242644221926,0.2908705124040148,0.324137548273163,0.3094678061704488,0.04634240666158354,0.07499155917580679,0.00062464537488729,0.0005768980117230201,0.6,0.8,0.5,90,0.0637837988144771,0.0651121420671156
15,37,0.07447359475540123,0.28482557225077465,0.31482322955151293,0.29953294848374784,0.07490989827326237,0.07442752537016091,0.00062191290524372,0.0006278060290204501,0.6,0.8,0.5,91,0.0677019294328018,0.0859544051062755
15,38,0.07439375296168342,0.28408373300942386,0.3140400700713882,0.30597301326081766,0.051162071641444,0.07452427759951932,0.00061753811827633,0.000666673451157,0.6,0.8,0.5,92,0.0661291692464871,0.080239064944007
15,39,0.07365455103687563,0.2804094732140269,0.3101829491085486,0.32238816797528674,0.05377502310082115,0.07443135630569286,0.0006172846645463,0.0006512815855542,0.6,0.8,0.5,95,0.0673532665852158,0.0827108373600783
15,40,0.07325634618259028,0.2795139427625403,0.3122188987107112,0.33136983430732775,0.05381005578503149,0.07453317384039945,0.0006160760514459,0.00062387169423722,0.6,0.8,0.5,97,0.073139694342382,0.0745773157872631
15,41,0.07281237838212389,0.27679430726348986,0.3063955466177304,0.3424425312817018,0.04755415049472135,0.07408340870358915,0.0006292306116605,0.0006209314568862,0.6,0.8,0.5,100,0.0698195372333359,0.0837612616641971
15,42,0.07161127479231877,0.2851367090165067,0.3390306920089161,0.41071520430058744,0.04573627351267558,0.07284562898926662,0.00061815820449864,0.00067315367874946,0.6,0.8,0.5,115,0.0725209418704327,0.0751178023062136
15,43,0.07162226717636953,0.2857733535118985,0.3426688651965401,0.4592467933336092,0.04573664559540607,0.07319297468477895,0.00063461904850022,0.00062108578777427,0.6,0.8,0.5,122,0.0733724090528068,0.0752816910261879
15,44,0.07049272291707628,0.280120674196203,0.33970048687523074,0.45374832803205284,0.0950941434217931,0.07342964078541199,0.00063432742165883,0.00067663730942506,0.6,0.8,0.5,123,0.0732624892883642,0.0749305680973288
15,45,0.0703463897928132,0.28035710040492257,0.3429238822082539,0.4703456640823836,0.04723664692179673,0.07357348653879882,0.00063872902755013,0.0006626705696228,0.6,0.8,0.5,127,0.0727287987494998,0.0734048904051896
15,46,0.07002850979200602,0.2828146968043293,0.35147888162903246,0.5337717866188041,0.04479123023735309,0.07309423529249798,0.00063076480548834,0.00067567684634495,0.6,0.8,0.5,140,0.0719302433574884,0.0772832426908856
15,47,0.06946840202341645,0.28143462153533827,0.3530121066904417,0.5486562730159986,0.05414036292807211,0.07297022433423381,0.00063560689970764,0.00065809168627834,0.6,0.8,0.5,142,0.0751332394035734,0.0804641048985268
15,48,0.06942037010562006,0.2744929581036598,0.33379342307825854,0.43425353029832425,0.045523164368887356,0.07325873775008532,0.00063806228127021,0.00065181309673459,0.6,0.8,0.5,154,0.076051699873908,0.0803442071100428
16,0,0.9559380244050705,0.9884075746507661,0.9878203922096966,0.3965808731010458,0.0,0.0,0.0,0.0,0.6,0.8,0.5,1,0.8789124105917866,1.1401931065032904
16,1,0.867414487866621,0.989864003866742,0.9843468414059119,0.4141395957015744,0.2954292460561858,0.06659435563150731,1.363076500872e-05,1.577197108798e-05,0.6,0.8,0.5,2,0.9665652160240702,0.9459458579805184
16,2,0.7913717320120541,0.9681526465156882,0.9643993290789769,0.4019210878836575,0.21772813699310287,0.07038965561480207,1.940600616059e-05,2.203371782075e-05,0.6,0.8,0.5,3,0.7934041842270817,0.8554802585999788
16,3,0.5958694202308871,0.8901058713064453,0.8825003407964707,0.35570640463989484,0.5645683505908035,0.06643884979746045,0.00030328277610191,0.00033817358079711997,0.6,0.8,0.5,4,0.5396315479958418,0.4210159407609559
16,4,0.5877153168230816,0.8877401835263715,0.883001752331532,0.35841019115682793,0.052782145378069543,0.06618665265826278,0.00029709067377768,0.00034546298633627003,0.6,0.8,0.5,6,0.5278442134093252,0.42315156248828
16,5,0.4182413151366949,0.7943689546713363,0.784951039004731,0.30816647650307716,0.35758914116085544,0.06471393148488017,0.00021103594096013,0.00029984753165965,0.6,0.8,0.5,8,0.3522390437049228,0.3684859941828785
16,6,0.40574309023437827,0.787854363408271,0.7810271622670083,0.3075839223669184,0.07176806350190246,0.06633815034010238,0.00034455927060793,0.00044859130403990006,0.6,0.8,0.5,10,0.3540500464417189,0.3277354471300108
16,7,0.3952463774605792,0.7803388178765446,0.7731771390855957,0.3123255990542248,0.062153458472705606,0.06512066308208415,0.00022788656445737,0.00027378171458548,0.6,0.8,0.5,12,0.3467619060008511,0.3210084528492388
16,8,0.3952191147907358,0.7803228771195309,0.7731598495090322,0.3123190796777431,0.03958218277639202,0.06513230627773939,0.00022990395123761,0.00027698528184042,0.6,0.8,0.5,13,0.346618040804667,0.3209300750930916
16,9,0.3950664681846715,0.7803536143586868,0.7731691214795923,0.3095377852481009,0.042783504501523933,0.0658813708846446,0.00023466545310956,0.00028107861245789,0.6,0.8,0.5,14,0.3475019637575448,0.3300136691123567
16,10,0.39495877264496754,0.780278735668699,0.7730903752952836,0.30949036610667724,0.04038418821946597,0.06588435111179225,0.00023438749957967,0.0002806794064699,0.6,0.8,0.5,15,0.3474976564438736,0.329774360632858
16,11,0.2796112096067919,0.6840558458550887,0.6718264307887047,0.26033655037900993,0.7303564944230049,0.06982290266217259,0.0007820506879577299,0.0013020069240429,0.6,0.8,0.5,16,0.2712496709934907,0.1396944804244531
16,12,0.2781367494974887,0.6824699003285529,0.6701756193484909,0.26144344766729327,0.051119776339638025,0.0696098409080937,0.00068334956018185,0.0011052184357556,0.6,0.8,0.5,17,0.2631380907013956,0.1459631636454033
16,13,0.2714286397706261,0.676860637969268,0.6672459973213752,0.2610420109043263,0.09348651941130467,0.06982290266217259,0.0007820506879577299,0.0013020069240429,0.6,0.8,0.5,18,0.2543423185762261,0.1332878932214778
16,14,0.25995911222454005,0.6675613672196413,0.66352091390465,0.2688713568062287,0.11386192555737754,0.06829294563005951,0.00031923678301213,0.00045166356038111,0.6,0.8,0.5,19,0.2277897814542458,0.134038505455022
16,15,0.2560589250280725,0.6661508052986178,0.6679930964246523,0.2797852773835245,0.04914057063260927,0.0683953343583932,0.00033511332825973,0.00046739957264272,0.6,0.8,0.5,23,0.2235407932240491,0.1392340622355543
16,16,0.254894731342201,0.6663235767457675,0.6711609333031071,0.28592451281248304,0.04534925870208478,0.06821295524985177,0.00031157671700372,0.00044324161602758,0.6,0.8,0.5,25,0.2209008390476536,0.1310161811188321
16,17,0.2253422740991695,0.6278126506380229,0.6274499730545402,0.259827526591139,0.33894038911114277,0.07671612118601465,0.00048839425456339,0.00063502121051497,0.6,0.8,0.5,26,0.2159063770569526,0.1752977154607737
16,18,0.21597891334445707,0.6177087613678037,0.6199552440029791,0.2584959015744169,0.07427764235762474,0.07235957735526498,0.00035529297496347996,0.0004804827994032,0.6,0.8,0.5,28,0.1998294265978743,0.1544540505486459
16,19,0.2159789138945708,0.6191681025873802,0.6244676858022021,0.2712649335022512,0.04394031341909066,0.07235957791568096,0.00035529297702681,0.00048048280165539003,0.6,0.8,0.5,30,0.1998294291258388,0.1544540534837458
16,20,0.2064562416620999,0.6123328306610092,0.6264846389221695,0.29047689965279677,0.04472696082681616,0.06208629521673148,0.00082179528390387,0.00176081148145242,0.6,0.8,0.5,37,0.2061010623554576,0.1740624608977085
16,21,0.205987597547435,0.6127707580763495,0.6298781607155309,0.2920090829958875,0.04631652010348137,0.06408080342267856,0.00085093935101485,0.001128398720768,0.6,0.8,0.5,39,0.1922851234348708,0.1528969875464153
16,22,0.18416215744026626,0.5776997225006475,0.589943534541073,0.27414720749920973,0.29022244471466146,0.06624712693271465,0.0011431689376415,0.00233362139955703,0.6,0.8,0.5,40,0.1790885403656553,0.1186470059159768
16,23,0.16837292824896463,0.5515089350449682,0.5624798072696862,0.2590747872923016,0.2123423307519605,0.06455771191162123,0.00082434441084177,0.0027574508575591,0.6,0.8,0.5,41,0.1632112196236604,0.1263545659113535
16,24,0.1665954197023481,0.5484270679979021,0.5621327042775387,0.2625736987110303,0.08605822550484968,0.06763629401908454,0.0007948735289142099,0.00259920660803215,0.6,0.8,0.5,42,0.1412645474464669,0.1140715149009534
16,25,0.16327782347559774,0.5436617443049704,0.5601018246128436,0.2753128154531274,0.06401089628393555,0.0677049852942643,0.0008054655293730501,0.00263384205201592,0.6,0.8,0.5,44,0.1385421782683971,0.1120247516093884
16,26,0.16145776553173244,0.5421171807241172,0.561481303481297,0.2680573282537811,0.050909809014445404,0.0672632664953681,0.0008254962942802,0.00222002669648423,0.6,0.8,0.5,46,0.1390237504968861,0.1158024328082052
16,27,0.1605356151927471,0.5408467111040248,0.5601731441897652,0.2641688512802719,0.04673274792789321,0.06662057330455068,0.0008359779222810299,0.0019222384880400502,0.6,0.8,0.5,47,0.1413833890260607,0.1165912144615301
16,28,0.15945310838709753,0.5409849070712595,0.5633386849325006,0.28514078044721985,0.04429468109608851,0.0654164010731047,0.0008226426643461,0.0017633946275113,0.6,0.8,0.5,48,0.1413337714755153,0.114358380116363
16,29,0.15929115217484235,0.5402373057906041,0.562528076979292,0.2848410133709347,0.04985762315702325,0.06617133745163332,0.0008343670353000701,0.0018305080998538299,0.6,0.8,0.5,49,0.139489564876404,0.1214175831001172
16,30,0.1579314099691168,0.5390403817163616,0.5642459697528234,0.3034515994598347,0.04606618660192089,0.06613471669940271,0.00082016468290841,0.00204559591600822,0.6,0.8,0.5,53,0.1452032041693925,0.1151649818317192
16,31,0.15358669712008427,0.5276303796607409,0.5462962500692715,0.2973905193008215,0.10059742410006621,0.0649128067110382,0.00107902057867815,0.00323530014779317,0.6,0.8,0.5,54,0.1356814616904105,0.1235369720861874
16,32,0.15161051850015408,0.5251391630401439,0.5466576626962741,0.31920187136489475,0.046904979867072365,0.06519946283333079,0.0009482225485817799,0.00311620296746945,0.6,0.8,0.5,59,0.1277890037831107,0.1211685083529381
16,33,0.152111276421732,0.526960474813393,0.5515193286701554,0.31660400661501065,0.04280577987376308,0.06664514810247445,0.00075247338890811,0.00292186186393682,0.6,0.8,0.5,61,0.1183008755250962,0.1169562041592378
16,34,0.15103998242138963,0.5312789774338492,0.5680051885603912,0.35029640856299143,0.042950769409890455,0.06539877025269278,0.0008819290372648701,0.00295021182335066,0.6,0.8,0.5,65,0.1462071659219316,0.092509677750747
16,35,0.15086061246393595,0.5309286306768484,0.567637675165893,0.35324386960878934,0.04374457807195145,0.06539947436668289,0.00088065806214455,0.00292853799360466,0.6,0.8,0.5,66,0.1449617733085936,0.0940630430369964
16,36,0.15034713120662369,0.5292009933520716,0.5657887592714252,0.36124070224739235,0.05858317528075365,0.06637868087412005,0.00097734772159025,0.00293273144865736,0.6,0.8,0.5,67,0.1224334864845843,0.1130314929592273
16,37,0.1479890192848612,0.5218808411013355,0.5492513559970932,0.34731646919366366,0.04816615291820002,0.06377901531545663,0.0009923278174608099,0.00243274009217311,0.6,0.8,0.5,68,0.1571378067687148,0.119888931647594
16,38,0.1479029510762598,0.5256437264468782,0.562121184248773,0.3718382677200862,0.04212288600560496,0.064892659181907,0.0009361246664093501,0.00202362531524224,0.6,0.8,0.5,73,0.1476592666741186,0.1335522483571066
16,39,0.14814598020467215,0.5287270896087134,0.5713030807956488,0.3818779000101126,0.04127081890277538,0.06493925172331147,0.00090183919585645,0.00265468648427801,0.6,0.8,0.5,77,0.1165158313112806,0.1206405941770244
16,40,0.14811847092878244,0.5283458452410779,0.5708869756170393,0.3941518665012738,0.042899157496361924,0.06494716774574606,0.00089691809408564,0.0032662308682718097,0.6,0.8,0.5,80,0.1301744916890624,0.1222382978324313
16,41,0.14642886964954482,0.5252358137172989,0.5676379066668155,0.40452758142558654,0.0472621320810957,0.06470126133968174,0.0009802529402108602,0.0026984404181847,0.6,0.8,0.5,83,0.1180701922901147,0.1309692904652127
16,42,0.14475015764985033,0.5215827979718677,0.563793861810168,0.4054396520882299,0.0670770511568209,0.06486897578294283,0.00100847760631906,0.00269062593552487,0.6,0.8,0.5,84,0.1277252281583724,0.1258794646145424
16,43,0.14407513184329435,0.5209812093599835,0.5661126870950283,0.40722777775216185,0.05977241958345015,0.0653073328907148,0.00106676318997952,0.0031880645488888103,0.6,0.8,0.5,85,0.1280773340553534,0.1264439099447658
16,44,0.14364668390930804,0.5203640054433563,0.565477515706754,0.4134518984700812,0.04372866241476481,0.064779239311471,0.0010320287831887501,0.0033527516468647898,0.6,0.8,0.5,86,0.1394506407176975,0.1247454922925217
16,45,0.14171950778782255,0.5175486489577023,0.5654934554723787,0.4105129030523253,0.07165698684014077,0.0647531332659406,0.00101992175680363,0.0036137080741060596,0.6,0.8,0.5,87,0.1250325788382237,0.1246214524623402
16,46,0.1402770171331414,0.5140289498357542,0.5617791958897572,0.41183349099786004,0.050663066447459944,0.06521966298956423,0.00106954119322971,0.0036173317169085097,0.6,0.8,0.5,90,0.1271838781191481,0.1339838469385227
16,47,0.13865132758039003,0.5122729201049895,0.5629304712345385,0.4288501752125406,0.05131375016332588,0.06492155682145184,0.00100620546815896,0.0034031218028237804,0.6,0.8,0.5,92,0.1214519513100425,0.1300875299940284
16,48,0.13720293280461432,0.5118577697384837,0.565529332162175,0.4434337895726123,0.04212240387044657,0.0635050633316058,0.00105081679187123,0.0028261555184760203,0.6,0.8,0.5,95,0.1214825924882245,0.1320068372245046
16,49,0.13659711455252324,0.5148421074745225,0.5776009194876781,0.48832902808335227,0.04147918636278195,0.06350990834048427,0.00104734927737903,0.0028827825779503503,0.6,0.8,0.5,104,0.1193299825574525,0.128088231737331
16,50,0.13649423666311145,0.5043731788587216,0.54574658211896,0.356254116909599,0.04077699101280768,0.06351032850427349,0.0010507676573258801,0.00291230066711568,0.6,0.8,0.5,109,0.119148662270636,0.1271773107380207
16,51,0.6348469483836201,1.0054077342429788,1.052865759076405,0.8943239927461344,0.5398194831031518,0.06350135819623899,0.00105494782652338,1.0,0.6,0.8,0.5,112,0.1200933097297406,0.1301537191393491
16,52,0.1361299150366592,0.5080619744298641,0.5585650842644786,0.4048135827723278,0.04076424044433631,0.06350371826139717,0.00107380863045024,0.0026732588617592997,0.6,0.8,0.5,115,0.1213101532117702,0.1280586373980399
16,53,0.1361854569302291,0.5065956046213548,0.5540399244212381,0.3837032053243616,0.04178707152903545,0.06350895012614345,0.001046154004971,0.00292189655084777,0.6,0.8,0.5,116,0.1213521640365282,0.1292651785168808
16,54,0.1350250022758199,0.5154233735813192,0.5871397665414271,0.5358563106504048,0.05077472411632844,0.06361284748956954,0.0010684585170857301,0.00309772970619311,0.6,0.8,0.5,118,0.1249300357834958,0.1274018173989935
16,55,0.13497705315049036,0.5255498460631924,0.6186342284955034,0.6536424501767405,0.040563176098719,0.06361230102057049,0.00105632372603731,0.00308571635590616,0.6,0.8,0.5,148,0.1246265545910266,0.1272967217378599
16,56,0.1348894240152559,0.5238905583550938,0.6139117357801783,0.6570263516081614,0.04196621892563383,0.06362231984384245,0.0010598751600587,0.00306771303484081,0.6,0.8,0.5,149,0.1247502260803481,0.1275098743287997
16,57,0.1348017178608997,0.5251396880312678,0.6182029064579813,0.67796574192574,0.04090039676815607,0.06361252475103177,0.0010569207279037501,0.00309937403693695,0.6,0.8,0.5,153,0.1246018776953087,0.1272938810598871
16,58,0.134785473868446,0.5382453548171058,0.6587853561560592,0.7856146227368817,0.04057841671414791,0.06361520239412577,0.0010572262141519601,0.0030820247563032098,0.6,0.8,0.5,167,0.1245141794707559,0.127371708801824
17,0,0.9820457047907065,0.9953379296247022,0.995101800302469,0.4010150674473795,0.0,0.0,0.0,0.0,0.6,0.8,0.5,1,0.7710813553123045,1.1409830227740263
17,1,0.8545438586884425,0.9858074759250954,0.98008775313225,0.41152337198259314,0.37070847575854254,0.06649819652410462,1.36787395305e-05,1.6258633290690002e-05,0.6,0.8,0.5,2,1.0195613150869516,0.9459458579805184
17,2,0.7876368814513381,0.9665413056838267,0.9627320892565487,0.4007065776942537,0.19726255697946118,0.06954108567512766,2.2064129052280002e-05,2.101016552672e-05,0.6,0.8,0.5,3,0.8204122318812203,0.8508294398137738
17,3,0.6892729927306441,0.9298453736933979,0.924229308600968,0.381296958639404,0.16369076069474597,0.06649367004352545,0.00031864377481911996,0.00116343530475769,0.6,0.8,0.5,5,0.6827347150792389,0.5631607278388268
17,4,0.6892376768524634,0.9327456163766971,0.933235205883677,0.39633601520264977,0.040744314805087736,0.06648187199901537,0.00031810723346471,0.0011636629012032299,0.6,0.8,0.5,9,0.6823023855464573,0.562660237917647
17,5,0.6024367509919561,0.8951103971146315,0.8906972186989333,0.3794910806881954,0.293719604755365,0.06664635264245676,0.00049032399702013,0.0013813807213361,0.6,0.8,0.5,10,0.5874247143211363,0.4422433347860587
17,6,0.5957704949488682,0.8946034945698204,0.8930328177880755,0.38038073856317056,0.05251995739720151,0.07193926663066703,6.949596948316e-05,8.729041130133e-05,0.6,0.8,0.5,13,0.6591264111182993,0.6280535585839926
17,7,0.4924059386986289,0.8404254309229512,0.8394930699997136,0.3462373746263378,0.364989226817031,0.058683038006960474,7.233202009093e-05,7.475811398223e-05,0.6,0.8,0.5,14,0.3829679091648865,0.3733092399612848
17,8,0.4223798615575934,0.8020502148146357,0.8018720040287789,0.3338343412663251,0.19678775182495295,0.06771068434886676,0.00017070203531102999,0.00019919053755745,0.6,0.8,0.5,16,0.4098395191280735,0.3335694408841652
17,9,0.38472364796093855,0.7759607222002992,0.7712720962399932,0.3181615282102867,0.2437318616236241,0.07482115892933919,8.601075962144001e-05,9.101674727293e-05,0.6,0.8,0.5,17,0.4416454575835881,0.3472539374177834
17,10,0.2910156090811179,0.698350775615434,0.6929550201439006,0.26966256612294154,0.5530408285035778,0.06677673396567398,8.926588855765e-05,9.08830821897e-05,0.6,0.8,0.5,18,0.2832243760596211,0.2126414635100424
17,11,0.19313541840415172,0.5803674534836603,0.5718060506629802,0.19826731693528876,0.4659865798088639,0.07209634661842092,0.00020871950776497997,0.00020668451026075997,0.6,0.8,0.5,20,0.1689051263983595,0.1169461238018142
17,12,0.18877670885945616,0.5732639812524816,0.5643161631904166,0.20032926423451416,0.07041307039458822,0.07298258395290722,0.00020249745610532,0.00020564847495527003,0.6,0.8,0.5,22,0.1621439181887177,0.102353770387429
17,13,0.18691331494653018,0.5723854372470367,0.566427631239697,0.2043439220011639,0.04719345457647559,0.07116904261750977,0.00020109478065339,0.00019942400256833998,0.6,0.8,0.5,24,0.1636104135496341,0.1003210230610073
17,14,0.15541621803183397,0.514509627035295,0.5026095412813077,0.179481277220293,0.43681111718332594,0.07214313353480176,0.00022714718910026,0.00024879955412832,0.6,0.8,0.5,25,0.1484258222365774,0.1170992742220672
17,15,0.14990750063478345,0.5031039104169034,0.4935176202653707,0.17354047755459126,0.14712191096992927,0.07498661781193837,0.00025117280635198,0.00026320819480699,0.6,0.8,0.5,26,0.1264618849187443,0.0996250559742859
17,16,0.14604352916353697,0.4937048617146413,0.48068363747587606,0.17093702993869214,0.09571771722413977,0.0744088921656636,0.00020981511424045,0.00022208192752532998,0.6,0.8,0.5,27,0.1290379234753707,0.1001350527083812
17,17,0.14199479210671456,0.484448340972252,0.4738629490043585,0.1672585942030869,0.13041629858979045,0.07673578544184914,0.00026692844590234,0.00028185774506086,0.6,0.8,0.5,28,0.1182844970061813,0.1026762991448086
17,18,0.13671117804893004,0.47352542749163384,0.4624312272434157,0.15887740654129448,0.11550851497152537,0.07523968115855303,0.00027419248368016,0.00031223602607782,0.6,0.8,0.5,29,0.1202887367773126,0.1016658812110893
17,19,0.13257312644545713,0.46822063156436217,0.4628737436607631,0.1657725380789975,0.09363719977287603,0.07344986788112419,0.00022614507139653,0.0002624580384307,0.6,0.8,0.5,30,0.1154515596771054,0.0819243493628625
17,20,0.132239933395861,0.46586470056845813,0.4574082468163306,0.18178557635973316,0.04690077373434604,0.07370723210903111,0.00026452755962802,0.00032901277927618996,0.6,0.8,0.5,34,0.1152351973731439,0.0789900234592506
17,21,0.12474634637531165,0.4468906282910022,0.4404133315782394,0.15952003014228439,0.1891538425168281,0.07480673496680287,0.0003814834488019,0.00036478633821929,0.6,0.8,0.5,35,0.0990727977350659,0.0988713887309657
17,22,0.12247209568643494,0.44023435287033336,0.43340171754718176,0.1682132391846631,0.05781472765586209,0.07534405705392574,0.00036178957304829003,0.00047108647079568,0.6,0.8,0.5,39,0.0988112727829358,0.0986422057612542
17,23,0.11807816221955428,0.43033312003804397,0.42600067433267935,0.16617111489086347,0.08278006583175695,0.0746284412860695,0.00036013865606957,0.00044567413419788,0.6,0.8,0.5,41,0.0919158290979786,0.0840267696183526
17,24,0.11575055947014708,0.42552011183912547,0.4239322483658476,0.18638891239207542,0.05036941074171207,0.07428519404072739,0.00038916166219773996,0.00044975887765243995,0.6,0.8,0.5,49,0.0885567703465419,0.0804662106276019
17,25,0.11367274201381096,0.42535844242532483,0.4356804159861868,0.23565322891928234,0.04746853817929233,0.07426707725301931,0.00039134444618421,0.00041738117726428,0.6,0.8,0.5,67,0.0935694521159335,0.0868377464555558
17,26,0.11090680784357858,0.4231438606077679,0.4482193698893272,0.3061681767364355,0.05536309263575026,0.07538406643481473,0.00030950905877630004,0.00040142478271405,0.6,0.8,0.5,74,0.0932922666212219,0.0763575608748307
18,0,0.894781461743397,0.9714198456420128,0.9699723255128572,0.38571186211409253,0.0,0.0,0.0,0.0,0.6,0.8,0.5,1,1.1319011267674255,1.1404236274132091
18,1,0.9028631104661435,1.0006088138030935,0.9956366559809486,0.4210081987235545,0.10413489585044716,0.0665651152203112,1.37142125416e-05,1.720653942626e-05,0.6,0.8,0.5,2,0.8198786211199626,0.9459458579805184
18,2,0.7819073097877947,0.9629692772537196,0.9591029101829727,0.3975415564908205,0.3043429962456775,0.06548514847366883,1.430152650539e-05,1.329253804882e-05,0.6,0.8,0.5,3,0.8229303506520839,0.8711847511841079
18,3,0.5488947756390872,0.8678074910527671,0.8590687044476302,0.3414681081851813,0.7034988954466903,0.06664750060548388,0.00030434510215555,0.00024096820068856,0.6,0.8,0.5,4,0.7339834303961069,0.4200887858243118
18,4,0.5445825175899982,0.8644422517910965,0.8556560380841242,0.3399431672184795,0.04438021073085029,0.06271583218396308,0.00024724238376056,0.00019302133755851,0.6,0.8,0.5,5,0.7302802616298443,0.4487156717904841
18,5,0.41889645517624546,0.7936856497773527,0.7812028363220067,0.2991768944068035,0.5432656521724891,0.06659807658094205,0.00015343043659507002,0.00014824347373838998,0.6,0.8,0.5,6,0.5318279733845422,0.3567507614936696
18,6,0.3953815153596331,0.7795491723820643,0.7692714056827405,0.29436863135203123,0.09901732307327114,0.06820476058576991,0.00031864662866094,0.00025426073873739,0.6,0.8,0.5,8,0.4556995222815646,0.3008673903452438
18,7,0.3928406164753109,0.7774096589285524,0.7670839536549093,0.29451183782244994,0.04663699779709282,0.06633259511626445,0.00026154391026595,0.00020631387560732998,0.6,0.8,0.5,9,0.4490416988934683,0.3161169875714796
18,8,0.25607618640624186,0.6574258333174865,0.6409562731589407,0.22245460987115068,0.8776282611569665,0.06870192759905776,0.00016899277347652,0.00016270787060171,0.6,0.8,0.5,10,0.2957728702248158,0.1778094163873544
18,9,0.2561463497875345,0.6573729188841655,0.6408447412354672,0.22496862668553225,0.05052040435158188,0.07051570784121768,0.00018071595159329,0.00017645441162187,0.6,0.8,0.5,11,0.3007471754384018,0.188083191991598
18,10,0.24137921789168532,0.6416966621301166,0.6273419738354342,0.21624611856515386,0.1626001802484701,0.0708964784397064,0.00018249712576704,0.00018089717688746,0.6,0.8,0.5,12,0.2560718822303179,0.1646079325078745
18,11,0.23449840708099906,0.6352087959590393,0.623600303260543,0.21733261912312662,0.06174325509551467,0.06776442746588926,0.00017633715105673,0.00017345760190456998,0.6,0.8,0.5,14,0.2582007219334274,0.1581430635378616
18,12,0.23142706486964015,0.6326996057409334,0.623907604597978,0.2209567554765965,0.052318087540458885,0.06888440395478447,0.00020068044775757,0.00019703259330186001,0.6,0.8,0.5,17,0.2555407611752257,0.1502492066077497
18,13,0.22812817836809274,0.6262031546321082,0.6111719864826592,0.22793406149148626,0.05079061936391346,0.06720760072188312,0.00025312836131832,0.00022159577075379,0.6,0.8,0.5,19,0.2940109963883218,0.1557755841572946
18,14,0.21875196551744724,0.6152293503308871,0.6026215680251652,0.22632859594220214,0.08237224396087461,0.06720760072188312,0.00025312836131832,0.00022159577075379,0.6,0.8,0.5,21,0.2940952210756865,0.1560049167740824
18,15,0.2182092252967448,0.6145096113181133,0.6018653763923342,0.2258661828183065,0.04558920830673341,0.06720760072188312,0.00025312836131832,0.00022159577075379,0.6,0.8,0.5,22,0.298220608386388,0.1601998446260366
18,16,0.20944357642033998,0.6039086214349834,0.5936791966822079,0.22489458619096264,0.12827930441052054,0.06809568474496702,0.00026227159596373,0.00022674538076427,0.6,0.8,0.5,23,0.2943575667508049,0.1565353421212552
18,17,0.1993937488842663,0.5846998467201426,0.5701006155607967,0.21800069647741402,0.233920436996055,0.08178690515572018,0.00027257581224136997,0.00027802649518012,0.6,0.8,0.5,24,0.2600515274144101,0.1187150924548024
18,18,0.15232041196766125,0.5042782651472798,0.4858478397139807,0.166644507188388,0.5605974921622041,0.07374297836745138,0.00031021932536427,0.00031995122517082,0.6,0.8,0.5,25,0.2501821270427354,0.1027224948018884
18,19,0.1468378755122783,0.4892603906980487,0.4699154614210757,0.1630554982841957,0.17213725910434916,0.07885149603875598,0.00028788719376092003,0.00030318866605388,0.6,0.8,0.5,26,0.2240025534516898,0.1032235825297371
18,20,0.13504113754428682,0.4660204751104861,0.4456425853088891,0.15209608400443872,0.11518016611053852,0.07416706279734984,0.00027080125271933,0.00026350512258712,0.6,0.8,0.5,28,0.196232136455956,0.1063557817742528
18,21,0.13503457105228778,0.4653328250035623,0.4448957580123844,0.14967852346950525,0.05330932477161552,0.07497071971259242,0.00027003098732714,0.00026187384413805,0.6,0.8,0.5,29,0.1969981084859986,0.1070712849478038
18,22,0.13616243635611913,0.46228652280968996,0.4444144682399452,0.15785878624903163,0.11738706829554763,0.0835155396639098,0.00026037694935074,0.00028679061038867,0.6,0.8,0.5,30,0.1889613232411625,0.1125608674376026
18,23,0.13004581599366374,0.45507199306010493,0.4400390601671943,0.15785675249338602,0.060325921355213454,0.07613375889015594,0.00025463454555787,0.0002567051295949,0.6,0.8,0.5,32,0.1802700436284685,0.100525468776571
18,24,0.13386537935148088,0.45925982709913976,0.44718826864532374,0.17588447667638016,0.05367649914642021,0.08366659171448754,0.00026143773856997,0.00028548317581583,0.6,0.8,0.5,36,0.1888087240316555,0.113534933981453
18,25,0.12827542714629145,0.45297075530481634,0.440840727714847,0.22060762786384225,0.04621361057754468,0.0751268556258752,0.00026144566689709003,0.00026270876797864997,0.6,0.8,0.5,46,0.1800052326693911,0.100950414489715
18,26,0.12858312846758002,0.45454309549260263,0.44544991482170837,0.24392541482513022,0.048057946722096255,0.07585131397076672,0.00026033710740129003,0.00026342275625767,0.6,0.8,0.5,47,0.1802589269129431,0.101027838500997
18,27,0.11611092317017514,0.43226165466935457,0.4253008104278035,0.20129908342315914,0.07161441001416696,0.06649031553212569,0.00030346556264073,0.00030712346751071,0.6,0.8,0.5,51,0.1426921880635691,0.0846485738057441
18,28,0.1092841072666015,0.41890324484868147,0.4202437788744614,0.21124059463923664,0.06286937048769524,0.06510017870039256,0.00032786032884851,0.00034127174392833,0.6,0.8,0.5,56,0.1215806203677204,0.0808636887324016
18,29,0.10903824714294227,0.4155606500333349,0.4166630206753623,0.2155277437177123,0.05707936662251774,0.06733537584932354,0.00033351871931786004,0.00037058879006494,0.6,0.8,0.5,58,0.1229055168585029,0.0844358613215083
18,30,0.10628821803460452,0.41169038421195814,0.41270720791691134,0.2152327416977749,0.05030001513880892,0.06374590614747733,0.0003257793047905,0.0003273576464257,0.6,0.8,0.5,59,0.1177844598932411,0.0825137240762282
18,31,0.10720103400301381,0.41099850979576863,0.4089505871225477,0.22746660829549817,0.041410670151173105,0.06539984644259504,0.00032553030558440997,0.000338302325418,0.6,0.8,0.5,60,0.1194749648333044,0.0975024073504632
18,32,0.10315383806023411,0.4054448390723908,0.4121123981662921,0.22914314764557475,0.06855297692391708,0.06339965289836562,0.00035069787170986,0.00036075406175676997,0.6,0.8,0.5,62,0.1150926868991888,0.1029566762546317
18,33,0.10240463521223137,0.40439526622312166,0.41104030771311373,0.23369204895527015,0.04095999884009777,0.06234884800055548,0.00036760026190721,0.00038470492648687,0.6,0.8,0.5,63,0.1068204221744325,0.0999851617225101
18,34,0.1015165114100377,0.4036801998710975,0.41328211863717057,0.23527928249836053,0.050716541252990695,0.061923668669229784,0.00035397662780775,0.00036752066817376,0.6,0.8,0.5,64,0.1088246359025769,0.0999415809593191
18,35,0.1047755712899685,0.4049837481516705,0.41149551857483346,0.23891822412916147,0.043640268077588876,0.06776837285133142,0.00035746415267854,0.00033720033434854,0.6,0.8,0.5,66,0.0920230224570157,0.1016369725620359
18,36,0.10378939636945671,0.4047503965218949,0.41426263852321465,0.24929786113081223,0.044041476751003575,0.0666862470275317,0.00035253976764559,0.0003364744601682,0.6,0.8,0.5,68,0.0942223236011269,0.100639789069419
18,37,0.10346237842577401,0.40195795763201875,0.4112872674092648,0.2601157151877088,0.04750590745877013,0.06798237588666793,0.00038694787509503003,0.00036510012489932,0.6,0.8,0.5,72,0.0867551742684888,0.0942620365351108
18,38,0.10052593962839611,0.3918885830154371,0.400694997692807,0.2568414512172617,0.1127009079346739,0.06841148421216461,0.00038197277453574,0.00036839984924505996,0.6,0.8,0.5,73,0.0902715907054727,0.0995525784988952
18,39,0.09901841085048799,0.388209456207703,0.3968584571726645,0.26004221935482935,0.06239144626041676,0.06744899721969363,0.00039277985987938997,0.00036420033521835,0.6,0.8,0.5,74,0.0844325877404088,0.0936770193649797
18,40,0.09910566912327856,0.38734273167922506,0.3959226377305238,0.2631440892815205,0.04619508494815284,0.06827030381882426,0.0003986745687571,0.00036406638057711997,0.6,0.8,0.5,76,0.0796490358266569,0.0950518670780215
18,41,0.09778175519035891,0.38476077818560755,0.3932502457367186,0.26706176120027764,0.052914850458183955,0.06693252502097237,0.00039999414631591005,0.00037479966657273997,0.6,0.8,0.5,77,0.0833051387086289,0.0977041231145322
18,42,0.09504534507373869,0.37841824773703453,0.38664935020826124,0.2812250195191182,0.05114764290786761,0.06479692584675893,0.00044490774922891,0.00038351222386016003,0.6,0.8,0.5,80,0.0793392821747205,0.1178900339966722
18,43,0.09501473769610373,0.381231358008049,0.3955633024622191,0.30875836360970393,0.039571239007781776,0.06479692589699859,0.00044490774865513,0.00038351222370737,0.6,0.8,0.5,85,0.0795415826058414,0.1181295948319429
18,44,0.09495447842210518,0.3823833621646586,0.3997507729295132,0.3178352009481563,0.041866106075450195,0.06487960909954851,0.00043890065172991005,0.0003752763883752,0.6,0.8,0.5,86,0.0793731619201663,0.1160601190370068
18,45,0.09704399414940128,0.38130828392452254,0.4073014264421526,0.3221999537734135,0.08085830461399844,0.07317042410426215,0.00058932564030093,0.000349474508038,0.6,0.8,0.5,88,0.0753584929202098,0.0811378271966049
18,46,0.09405517205665331,0.37309358014901367,0.3957702763182143,0.30805764007128567,0.07883169969703589,0.07045642240899273,0.0006832736986881599,0.00034464091272052,0.6,0.8,0.5,89,0.2856880581326127,0.0908177141397444
18,47,0.09502649800429924,0.3746363020004609,0.40030427685341813,0.3215265771258984,0.047105004416250124,0.07228293875555238,0.00093600209750272,0.00035665661498563,0.6,0.8,0.5,92,0.1236620036346617,0.0818113599474677
18,48,0.09405730216503738,0.3708491365345425,0.39632172085317763,0.32260506840600667,0.07095180191266062,0.0726550287729847,0.0007372884903931499,0.00036976603332843,0.6,0.8,0.5,93,0.0789288223253276,0.0913929337788898
18,49,0.0935215956148927,0.3698895009183212,0.3982851602598846,0.3305769828982452,0.05336410870347137,0.07263584292350853,0.00093677259471275,0.00037003136822158,0.6,0.8,0.5,95,0.1071295657169368,0.0891038770392571
18,50,0.09322837283399152,0.36943710147829667,0.39782179730289424,0.3302020287691869,0.04577171694575533,0.07225712690017141,0.0009290182577733,0.00036511780144703003,0.6,0.8,0.5,96,0.1075490640340609,0.0891572524285187
18,51,0.09357004168916853,0.3709754065881982,0.40239510291036995,0.3398989494623442,0.0471793788313363,0.0729027919756434,0.00097708689061657,0.00038595578163459,0.6,0.8,0.5,97,0.1097504889752356,0.0922694481570219
18,52,0.09367211373788538,0.3737313234040733,0.4112388679911735,0.3885529908429385,0.04523315186186439,0.07331442413775227,0.0009363404346542301,0.00035607687164672,0.6,0.8,0.5,105,0.1114813792812889,0.0856224474194005
18,53,0.0905509137336807,0.3654703353952665,0.4026258937388773,0.3827905963976269,0.09146782770118651,0.07111047337189763,0.00094187508610353,0.00036979849092671,0.6,0.8,0.5,106,0.1039546684419963,0.1009082041205639
18,54,0.09029239911768427,0.36611529271214,0.4062859561824172,0.3822510487569442,0.046147180386974296,0.07101274969556967,0.00093694958477016,0.0003664941632369,0.6,0.8,0.5,108,0.1018308710403359,0.0999975795201027
18,55,0.090292399117863,0.36757463359307935,0.4107983823104949,0.4017433435594577,0.043540534530738174,0.07101274969615168,0.00093694958480375,0.00036649416326309,0.6,0.8,0.5,110,0.1018308710286691,0.0999975795321976
18,56,0.08999777775733216,0.36720587956409434,0.4104244367847555,0.408206964343294,0.044039252163983376,0.0705379315523905,0.00096115513663615,0.00036516973510352,0.6,0.8,0.5,111,0.1094264787717432,0.0871707978741287
18,57,0.08992228026528082,0.36612183944910875,0.4092720081420267,0.40760286516770805,0.05274841431021177,0.07101274971234457,0.00093694958573827,0.0003664941639917,0.6,0.8,0.5,112,0.1025127911492315,0.1011379905720618
18,58,0.08984432013180642,0.3672751543024159,0.41346292690753933,0.42749292811497325,0.045648003441596564,0.07101274971234456,0.00093694958573827,0.0003664941639917,0.6,0.8,0.5,113,0.1035828915844083,0.1027036541000982
18,59,0.09677415500404699,0.37631610780951696,0.4315094003105201,0.6388900414880072,0.05168474205627649,0.05460114433853922,0.02281000490597159,0.00046154876937109997,0.6,0.8,0.5,160,0.3382687988234442,0.1031135628974027
18,60,0.09576308085906234,0.37457273743740466,0.4297164586561645,0.6735512699917201,0.051440314798410464,0.053317674002579175,0.02281784047204902,0.00045999559351535995,0.6,0.8,0.5,167,0.3344510371652338,0.103677247799391
18,61,0.0957951825019545,0.3731841638691441,0.4311867565547502,0.6647918235543726,0.0646737428873913,0.05369465924908643,0.02379086307114952,0.00042494961878621003,0.6,0.8,0.5,169,0.4284062395394394,0.1059406793082552
18,62,0.09507715141927336,0.37103814771773264,0.42894477264871117,0.674233879716774,0.06427332453242388,0.05324818512056476,0.02381082131915417,0.00042663925053822003,0.6,0.8,0.5,170,0.3714551654391473,0.1108338079411731
18,63,0.10159996948019369,0.3731455590962794,0.4307568475449575,0.6819156047597545,0.079247405283961,0.06694920754246046,0.02331760232776827,0.00065217700475465,0.6,0.8,0.5,172,0.1696669154213961,0.1094583981005087
18,64,0.10168225301532606,0.3790157567391801,0.448836130226943,0.7843241235859785,0.05926804913302472,0.06710298665373335,0.0233268376293334,0.0006487112408238101,0.6,0.8,0.5,194,0.1873026416242982,0.1103810319419823
18,65,0.09610523080535789,0.37173293151441217,0.438483787093679,0.7786171954456454,0.054865038897047844,0.05811158639984065,0.023285448461158008,0.00050617219553011,0.6,0.8,0.5,196,0.165297037859707,0.1105620474699066
18,66,0.10031850834195755,0.3737259665867693,0.4403291619657482,0.7889656938544055,0.06870480848923739,0.06612490249014785,0.02332306283780568,0.00064698589678702,0.6,0.8,0.5,198,0.1802356957214503,0.1128234962377
18,67,0.10000746124376912,0.3747497953479575,0.4443978229158326,0.799962094584906,0.05894685457958813,0.06570732093002386,0.023316848986336063,0.0006132691269781,0.6,0.8,0.5,200,0.1761250085675058,0.1119193599200261
19,0,0.9676662996970867,0.9915435898926126,0.9911152715360734,0.39858734002994545,0.0,0.0,0.0,0.0,0.6,0.8,0.5,1,0.8325848833945076,1.1236779901727956
19,1,0.8836834651945923,0.9948823120260276,0.9896173327231871,0.4173644499604291,0.2827586823402179,0.06665960942760321,1.360000105096e-05,1.4737130392139998e-05,0.6,0.8,0.5,2,0.8994356070069781,0.9459458579805184
19,2,0.8423538572519975,0.9803965804837758,0.9745179877220428,0.4078897889790284,0.12116030302349345,0.06272321099366322,7.588481145484599e-06,8.452061756554426e-06,0.6,0.8,0.5,3,0.8399482809289928,0.9332508381606074
19,3,0.5886235847517627,0.8868029808080632,0.879028182003184,0.35360742313721255,0.7139230067358027,0.06658999050133291,0.00028563177546658,0.00026378408201974,0.6,0.8,0.5,4,0.5826353338905468,0.4353036609365778
19,4,0.4306019434227478,0.8012891588963286,0.7891893615322697,0.3040564534592785,0.3345177598434245,0.06663834939483353,0.00015228453569168001,0.00018449522291204,0.6,0.8,0.5,6,0.4522137407613086,0.3585948052551647
19,5,0.40875934305716,0.7884103554656364,0.7786367417068656,0.3067900395038515,0.08968016369672797,0.06667233271707655,0.00014862594234351002,0.00017804518811436002,0.6,0.8,0.5,8,0.440900545300156,0.3194726734259888
19,6,0.26771761255867593,0.6700771468437149,0.6542208764442133,0.23376568198593622,0.45590895373321066,0.06957012525791373,0.0001707061135239,0.00020205744766688003,0.6,0.8,0.5,10,0.2420364137287806,0.1816476359573185
19,7,0.26770871961670123,0.6700543322662393,0.6541868152106144,0.233822809417941,0.04370981933757547,0.06991479316752722,0.00016484981934315,0.00019639444091837,0.6,0.8,0.5,11,0.2450313485445696,0.1845298419282338
19,8,0.2305281417453336,0.6314602833926262,0.6225837617251981,0.23381092652848792,0.10104061152068612,0.06900743634864774,0.00042436792760371,0.00055052126552466,0.6,0.8,0.5,16,0.2971098611752507,0.2222598206774707
19,9,0.19262383768455857,0.5787198615598486,0.5671506125724378,0.21254865418873625,0.1340943347958434,0.06888370683910032,0.00072472411918625,0.00107270932810471,0.6,0.8,0.5,20,0.1797140404479859,0.1473753206176638
19,10,0.19261382670376212,0.5784543788252785,0.566848095963366,0.2150109483665724,0.04796127425670026,0.06966821127701896,0.00072075084697017,0.00106897599581428,0.6,0.8,0.5,21,0.1803025376335476,0.146509970656518
19,11,0.18221156375910616,0.5646189452513002,0.5553476521552302,0.20160672335949772,0.14330645200997008,0.0680812862180681,0.00061947205956427,0.0009036606486127899,0.6,0.8,0.5,22,0.1677458640576641,0.1178956416650787
19,12,0.17345635285859004,0.5508410046218637,0.5438511076004144,0.1985635694367969,0.09240305140248585,0.0680812862180681,0.00061947205956427,0.0009036606486127899,0.6,0.8,0.5,24,0.1627581548447839,0.1218603781936802
19,13,0.1719083900036787,0.549950616571846,0.5459182356233995,0.21346338117008168,0.047809711499430294,0.06748103118551815,0.0005505019664308,0.00080933785263741,0.6,0.8,0.5,26,0.1621418960502295,0.1145033976593106
19,14,0.16962744680652028,0.5452868306399906,0.5409739975643869,0.2161921749183301,0.051751517681823,0.06911806382342706,0.0005201112716149301,0.0006409187366729,0.6,0.8,0.5,30,0.2158316704638881,0.1297136850194272
19,15,0.1672174076094407,0.5422967771041259,0.540803049232519,0.231668877903011,0.07422054621318258,0.06926959658625138,0.0005573675006330301,0.0007410500043247899,0.6,0.8,0.5,31,0.2155251201062972,0.1416942007525344
19,16,0.16707234024229795,0.5435223094604568,0.5450716853469211,0.24465750938423725,0.04301775343260083,0.0692007836090574,0.00056945296632672,0.00073134582159992,0.6,0.8,0.5,33,0.2162566003617897,0.141001936541896
19,17,0.1679077608376997,0.5400035015895708,0.5352851919684112,0.227283331245955,0.05591593592025481,0.07353390135704634,0.00057302574950892,0.00070312651586433,0.6,0.8,0.5,35,0.208584797171364,0.12696545554548
19,18,0.16458488330459078,0.5386257195275339,0.5399047767483871,0.24168711933305087,0.05765933780275158,0.06998829437781381,0.0005301012429914499,0.0007308861458061599,0.6,0.8,0.5,36,0.2015728037199287,0.1365077217651688
19,19,0.16116412965106328,0.5335080188868294,0.5374967470906599,0.24812521860804893,0.06632438534318294,0.07035274458599859,0.00051503334693004,0.0007256260412171199,0.6,0.8,0.5,38,0.1944208129079265,0.1427443106451466
19,20,0.1592482663191134,0.5297710187196724,0.5335653961468607,0.25277952546175,0.056335157367828625,0.07075947221580439,0.00046162965221388996,0.00052407689256753,0.6,0.8,0.5,40,0.204662527629229,0.1266656643519682
19,21,0.15429674484820374,0.5226060262038598,0.5319758926986086,0.27215216740803416,0.05791934903569201,0.07103901226172116,0.00065472495598308,0.0006687532140933499,0.6,0.8,0.5,45,0.2054023971997924,0.1315784878249944
19,22,0.1542962673011966,0.5226050686895494,0.5319748884193287,0.26918417659587224,0.043487958517210525,0.07103901226172117,0.00065472495598332,0.0006687532140933499,0.6,0.8,0.5,46,0.2054025966619166,0.1315739635126513
19,23,0.15314927152650215,0.5206196658526222,0.52990477252476,0.2796698365071171,0.05469084305218869,0.07062471135266335,0.00059074789933377,0.0006426706388124,0.6,0.8,0.5,47,0.2116010534192917,0.1298002390520619
19,24,0.15347870394396418,0.5221893997002098,0.5345055443836872,0.28823598148602375,0.046724116554815086,0.07135447803223818,0.00068815955239525,0.0007029041863577401,0.6,0.8,0.5,48,0.2081285050776778,0.1333080549239261
19,25,0.14233155947518095,0.5084361753901125,0.523402534382766,0.2842424464278519,0.050163631307967145,0.05789412397955538,0.00079787924918308,0.00216448226166349,0.6,0.8,0.5,52,0.2109872756730835,0.1589229601581385
19,26,0.14769479798333085,0.5157390211700973,0.5367162266289298,0.31862367042912304,0.045318202476722504,0.069925414787166,0.00055565923656043,0.0006474924067293899,0.6,0.8,0.5,57,0.195099896819399,0.1392986162195754
19,27,0.1471121631010623,0.5122960977987404,0.53299829617045,0.3171363958892246,0.08214188899699178,0.0717345986550599,0.00063736708892774,0.00231988616365559,0.6,0.8,0.5,58,0.208749742156178,0.1256302470098928
19,28,0.14633576276249446,0.5106350972636541,0.5312532788988924,0.325406979680078,0.05614705907788821,0.07164916720845277,0.0007033101891954199,0.00231354939864509,0.6,0.8,0.5,59,0.2126373977465203,0.1397596347420851
19,29,0.14570672482089944,0.5128063054741726,0.5395194467477212,0.33662888043311323,0.04456447748732328,0.07174367287347554,0.00064007701662422,0.0012493191492358301,0.6,0.8,0.5,63,0.207690875334128,0.1398685439913079
19,30,0.14544041587783213,0.5101875546159466,0.5337632746284198,0.33921332087968603,0.05615341118190314,0.07178075672147445,0.00067181125982694,0.00216492413305741,0.6,0.8,0.5,64,0.2024741385337175,0.1524324218186085
19,31,0.14389498681432628,0.5090052692359823,0.5355312204205818,0.35616766648888876,0.0475807533660289,0.07100298738959124,0.00069269347492338,0.00184389339856183,0.6,0.8,0.5,68,0.2565627199890084,0.1434467279451044
19,32,0.14305995111530342,0.5064084262966274,0.5327704449893014,0.36102479881971317,0.055873845390519,0.07175442367156107,0.00069481232823179,0.0022189594094656198,0.6,0.8,0.5,70,0.2111973062088755,0.1502700441021081
19,33,0.14303618218823286,0.509186323867966,0.5416437084456961,0.3764178342046826,0.045161130997424075,0.07177135122327823,0.00068930354152881,0.00235343330020495,0.6,0.8,0.5,74,0.2162833753348463,0.1506693477467463
19,34,0.1424291729207589,0.5081124310622044,0.5405266769171443,0.3908423960194613,0.05043375149854426,0.07169938960141191,0.00069983941715817,0.00197858446035963,0.6,0.8,0.5,75,0.2104882295395213,0.13959704008895
19,35,0.14194711696277962,0.5071771538572016,0.53954964197235,0.39344020522819345,0.050143613561001256,0.07168064724987434,0.00065699906080909,0.00184826136971523,0.6,0.8,0.5,76,0.2057108814563764,0.1359072579712627
19,36,0.1409142066947669,0.5065011848759239,0.5418256325940234,0.40916362475346485,0.04890790043750449,0.07171561902722655,0.00067956251228477,0.00149347751952748,0.6,0.8,0.5,79,0.2253089427946526,0.1455604043456489
19,37,0.14075486621019367,0.514915944562656,0.5685423190750626,0.49006736813538465,0.04444821150221171,0.0717302000544808,0.0006849971991408699,0.00144156841182956,0.6,0.8,0.5,95,0.2231750177362454,0.1415818877214694
19,38,0.14058017606451595,0.5144476414147207,0.5680472199906935,0.5313984276047804,0.04619165664149373,0.07168390057404965,0.0006910592720210499,0.0016093431124196,0.6,0.8,0.5,97,0.2229975198508512,0.141969968806959
19,39,0.1405801611372869,0.5202850344987573,0.5860970168552909,0.5787708454162126,0.04436791927931605,0.07168390059175535,0.00069106354339823,0.00160930630954229,0.6,0.8,0.5,105,0.2229974426149447,0.1419700005950167
19,40,0.1416473857119012,0.5066352794350835,0.5419050122447502,0.3963029009732526,0.04706974055271016,0.07337818133687528,0.00067380384823712,0.00193604708470043,0.6,0.8,0.5,106,0.2339908488255271,0.1374315029243018
19,41,0.14041230391098694,0.517011824755965,0.5767005887388456,0.5785373118234102,0.044447133824615126,0.07172798376667273,0.0006928557808803299,0.00151647986017476,0.6,0.8,0.5,114,0.2235267257654675,0.1458967372602299
19,42,0.14033437818909028,0.5212108800113111,0.5900497358569436,0.6476310567845522,0.044561064807264114,0.07172798546918742,0.00069581955497835,0.00151734469519834,0.6,0.8,0.5,120,0.223839417472737,0.1457806599829086
19,43,0.1403124351052401,0.5182492955611754,0.580980044990637,0.6168752729687353,0.044411720479533866,0.07172797877441536,0.00069281416270613,0.0015117991990600901,0.6,0.8,0.5,124,0.2258310177300157,0.1464064720689331
20,0,0.9373666524196747,0.9833641018309789,0.982521477413188,0.39464838087810195,0.0,0.0,0.0,0.0,0.6,0.8,0.5,1,0.9670393397048834,1.1122423961471677
20,1,0.8685556008885646,0.9902371638641403,0.984737492846251,0.4143899588416049,0.25831526409745287,0.06664179328539689,1.3380740019600002e-05,1.401881115371e-05,0.6,0.8,0.5,2,0.9619587853950056,0.9459458579805184
20,2,0.7799372319179085,0.9600696303254995,0.9562279610265313,0.39446700171102006,0.22579374068390717,0.05983204187221478,1.796816970712e-05,1.679865712987e-05,0.6,0.8,0.5,3,0.8114586851953092,0.8579811724216689
20,3,0.7248542434036541,0.9450791036519495,0.9401032108314408,0.39450242879344377,0.12050980781667685,0.07215498231172891,2.636307841002e-05,2.481039077496e-05,0.6,0.8,0.5,5,0.8841136183620589,0.7432246751699045
20,4,0.4315173999806755,0.8017930759440826,0.7897300399238003,0.3042994563884381,1.0045493902308176,0.0663017816108785,0.00015074192255946,0.00014646364752055,0.6,0.8,0.5,6,0.4660480347515193,0.3563938451458197
20,5,0.35377003962901826,0.7471503887456515,0.7322569316998082,0.27260116000461915,0.2338330546179243,0.06844253513534176,0.00011671800262192,0.00011936194779951,0.6,0.8,0.5,8,0.4322589083904651,0.2337861611134989
20,6,0.27283171914387755,0.675486636496413,0.6599174298025371,0.23098069443782784,0.29547564355424255,0.06919448731755119,0.00015894536907284002,0.00015436260315073,0.6,0.8,0.5,10,0.2749792717381993,0.1766773266731053
20,7,0.2636559139249831,0.665798030873548,0.6497781845581766,0.22763120341850404,0.10226863672307411,0.06786270246496005,0.00016565573012676,0.00016042768979739,0.6,0.8,0.5,11,0.2544430404314183,0.1783438428096708
20,8,0.25452707061070917,0.6556624664764116,0.6390480208667413,0.2238917981729148,0.12421532549251997,0.07062324469074661,0.00012762613321782998,0.00011868582336578,0.6,0.8,0.5,12,0.2737669753572097,0.2432663184814729
20,9,0.2366436481263343,0.6360417162866996,0.6214144204651652,0.2159296120371287,0.11478221917681375,0.07056588289196203,0.00012687997427429,0.00012188511010492,0.6,0.8,0.5,14,0.2624098887841334,0.2456835292265417
20,10,0.23313207324755184,0.6331344578940031,0.6213390841866564,0.22488767605775517,0.05742664157115988,0.07056588289196203,0.00012687997427429,0.00012188511010492,0.6,0.8,0.5,16,0.2737093256002104,0.2401025412115182
20,11,0.23436255086472527,0.6342980781449092,0.6224752402956328,0.22865500792541962,0.04624817723360403,0.07340826652393774,0.00012727435326669,0.00012238662226723,0.6,0.8,0.5,18,0.2635810160278212,0.242624460918385
20,12,0.22719577947359154,0.6252904487660801,0.6130338456654187,0.22403502763627348,0.10246466354610873,0.07267044618931581,0.00012713175617034,0.00012204794159301,0.6,0.8,0.5,19,0.2522933351735085,0.237923654502301
20,13,0.2184725233714967,0.6270765418297481,0.6389888407115671,0.35066049301316304,0.039915917438584886,0.06153205387464752,0.0017731506514220602,0.00118149049358999,0.6,0.8,0.5,55,0.2421700909077544,0.3413173442162464
20,14,0.21572693206009771,0.6247371124124261,0.6394840562939436,0.3484150534442534,0.044974963402561435,0.062345932120936455,0.00181092472578127,0.00117254721372726,0.6,0.8,0.5,57,0.2386303193483923,0.339476631214874
20,15,0.21529849111331514,0.6253997667324355,0.6431259242819654,0.35950973319175383,0.0530243555506907,0.06336814618103669,0.0018626941373827098,0.00118743267652734,0.6,0.8,0.5,59,0.2315987365209904,0.334948687684917
20,16,0.21620648038945114,0.6295634965971458,0.6534634528587783,0.3894688943530911,0.04087758975180716,0.06336819700596587,0.00175468746134037,0.0011816639239052,0.6,0.8,0.5,66,0.2315870136470768,0.3349475450294676
20,17,0.21475063104446132,0.626158534329866,0.6469075425666794,0.40002384205085495,0.04412382104466329,0.0633681968293755,0.0017381516865459402,0.00118158450206163,0.6,0.8,0.5,67,0.2315870791917882,0.3349478838771164
20,18,0.21424182469138708,0.6254291220615965,0.6461347124660075,0.3908408583229059,0.04213339473993925,0.0633678583566611,0.0018975498050144799,0.0011820352237695499,0.6,0.8,0.5,68,0.2321270208435647,0.3349693283576067
20,19,0.21353980438131395,0.6246581765319318,0.6453502818388847,0.3904614330754301,0.04149074957357781,0.0626790469603899,0.0017823821373518002,0.00118345313605307,0.6,0.8,0.5,69,0.2310572498655656,0.3351057602894327
20,20,0.21220490796031746,0.625987552277295,0.6527364369026633,0.4189385395007214,0.04009409093320978,0.061532126131065824,0.00184097154014735,0.0012381937227368398,0.6,0.8,0.5,71,0.2421808096194136,0.3413121121922162
20,21,1.0112623602782316,1.4158749986983217,1.4242260015761505,1.1845877637823745,0.8443446936026965,0.06447732127179324,1.0,0.00106828179141536,0.6,0.8,0.5,74,0.2339082128858565,0.3140692844476891
20,22,0.2124441326582369,0.6154659633376568,0.6207389727450922,0.38665240515967786,0.04243273171050962,0.06447803594152461,0.0017923655899517998,0.00128439685275024,0.6,0.8,0.5,76,0.23405853654147,0.3139471201392759
20,23,0.21208437296105764,0.6179518479662697,0.6293172388073374,0.4043505835401313,0.04249052905064743,0.064049182807087,0.0019249882441352,0.00126567719300526,0.6,0.8,0.5,77,0.2340778007640153,0.3139269973608165
20,24,0.21184185218364937,0.6176338978263155,0.6289850926107766,0.427796418179431,0.0407855311291213,0.06457180105881219,0.00180623994362584,0.00075346846459471,0.6,0.8,0.5,86,0.2341177557792004,0.3138891645738519
20,25,0.21169051104202752,0.6189224055522611,0.6333230548018786,0.4245075570832718,0.04061898822260052,0.06439435455884933,0.0018240307945918198,0.00074087952248004,0.6,0.8,0.5,89,0.233783921844209,0.3137918137872191
20,26,0.2099254841388269,0.6301231714588709,0.6719701754767953,0.5445315875833823,0.03934703148536733,0.061422799305398276,0.0019291790296852,0.00151640600435498,0.6,0.8,0.5,111,0.2425218891164542,0.3415700399684778
20,27,0.20914675930489046,0.6276066028225267,0.6663487710797202,0.5604486018659067,0.04510187829481248,0.06152477111094529,0.0018390167769323802,0.00146606608073825,0.6,0.8,0.5,114,0.2642495656618906,0.3420347981225398
20,28,1.006230988560961,1.4256123105635188,1.4673091971093317,1.364890221105419,0.8388938880788929,0.06142281212179136,1.0,0.00150872514887856,0.6,0.8,0.5,116,0.2425225811395506,0.3415700388592503
20,29,0.2131608737593649,0.6397434742447604,0.6966885743183282,0.5989766634119638,0.04511576643643802,0.07145182373288013,0.0018218912932978799,0.00090937575027183,0.6,0.8,0.5,123,0.237341177640872,0.3519727784037398
20,30,0.20731001100554858,0.6336818397973525,0.6905890098139759,0.605244224952234,0.0446359609577948,0.06187946737646512,0.0020603101529206,0.0013891948318331,0.6,0.8,0.5,124,0.237171583262579,0.3519661521645204
20,31,0.20697210122167603,0.6332023059475076,0.6900841487109637,0.6273349619982089,0.04291957481080626,0.06188452626949401,0.00209257126301021,0.0013723063024451598,0.6,0.8,0.5,125,0.2372065085033807,0.351981605105114
20,32,0.2070611680511639,0.6318624463804554,0.6856966065759915,0.6382700413070628,0.03950906403589897,0.06188452722908973,0.00210800400009758,0.00137231487074422,0.6,0.8,0.5,131,0.2372090118080925,0.3519816106004657
20,33,0.20680847685174247,0.6358905163759283,0.6988666501793618,0.703008448526196,0.03960048579357972,0.06188453315070199,0.00209862096578723,0.00137228300499664,0.6,0.8,0.5,139,0.2371882711758779,0.3519816166149982
21,0,0.9638065568042571,0.9905157094140024,0.990035326328631,0.39792968717908206,0.0,0.0,0.0,0.0,0.6,0.8,0.5,1,0.8470116174265597,1.1275853735600732
21,1,0.9070210957084687,1.0018783845942363,0.9969679072857065,0.4218388611612153,0.2274182504239823,0.06664575223374816,1.378578817628e-05,2.337463604597e-05,0.6,0.8,0.5,2,0.8028940902906248,0.9459458579805184
21,2,0.7824882161747405,0.9670582869866724,0.9600057822633719,0.4061361069211361,0.33902141807747,0.07875029055359282,0.00018158051074103001,0.00017803564920613,0.6,0.8,0.5,3,0.8766739680727305,0.9604005382227864
21,3,0.623662666458729,0.9025070824507687,0.8955271825448659,0.36365804817115893,0.44597490920392097,0.06662279823549619,0.00029855971069523,0.00022167494025540998,0.6,0.8,0.5,4,0.6802857366477669,0.7382608159951422
21,4,0.6194035013552922,0.8992833558997796,0.8922629875437281,0.3622248892916551,0.04340698407894151,0.06270094805224705,0.00024090622778768,0.00017089035419947,0.6,0.8,0.5,5,0.6581527017570367,0.7232726032490759
21,5,0.5903974257446641,0.8983411053874548,0.890128933228049,0.3707801948000262,0.22269432904998693,0.10042386805806305,0.00018512299461936,0.00017179282228539,0.6,0.8,0.5,6,0.6355365085855946,0.5696475948843295
21,6,0.548597751043472,0.8751016341914694,0.8659726335087625,0.3557338295899809,0.1801365925199838,0.09202183016749792,0.00010441712697004999,0.00011049082864078,0.6,0.8,0.5,7,0.6099995197212086,0.580574159138462
21,7,0.42973355328273893,0.8077987725246684,0.7981887189564226,0.31592759359930994,0.5373736153780605,0.09353196990635404,0.00020759919009411999,0.00017076840273892,0.6,0.8,0.5,8,0.3761113877947447,0.3703895111124675
21,8,0.4131262385811624,0.7985591834429078,0.7913574939740587,0.31479684039977696,0.10227720127026299,0.09672892122480035,0.00030146296789404,0.00024700212089583996,0.6,0.8,0.5,10,0.365090490362237,0.3201004690492743
21,9,0.3976158681499399,0.789248819143107,0.7844953371465679,0.31468033478098173,0.10073719022919352,0.09870156899766189,0.00029162830813917,0.00024216827553731,0.6,0.8,0.5,12,0.3293308247584938,0.361936447145718
21,10,0.36381274784699036,0.7612932616956218,0.7523844649242508,0.30054036990550625,0.13136499996734222,0.0907562926076809,0.00031994771554619,0.00026566396969224997,0.6,0.8,0.5,14,0.3374183282555537,0.2208072599002509
21,11,0.34482421215286696,0.7470839878181484,0.7404301346214741,0.29632130926745676,0.10891772553744943,0.09093158270761328,0.00030688054960142003,0.00025769277332783,0.6,0.8,0.5,16,0.3006485454237235,0.2506459276247831
21,12,0.3344622851245043,0.7380580163992003,0.7309485757683394,0.2928497364675815,0.1161723628901976,0.09101172124429384,0.00025151039716656,0.00018946901273836,0.6,0.8,0.5,17,0.2905623185748651,0.2628920423436083
21,13,0.3296033332812264,0.7350044790589912,0.7307148867182666,0.29363208735306345,0.08511477446831413,0.09103417489487356,0.00030819626893039,0.00025798196197791,0.6,0.8,0.5,18,0.2786633493192549,0.2388394084163161
21,14,0.3224377205174644,0.7285478594809145,0.7239327827291643,0.2918855573483609,0.09926560999533539,0.09111484713944909,0.00025271091105594,0.00018985036469111,0.6,0.8,0.5,19,0.2721159367694052,0.2608947246155754
21,15,0.32090518643655874,0.7287527567992531,0.7270348556910485,0.305778590851285,0.06386311855812228,0.09411818205334778,0.00026926109448767,0.00020743167431431998,0.6,0.8,0.5,22,0.2961210905125172,0.293656651661406
21,16,0.317018616451806,0.7265332613042257,0.727734516610192,0.31758091870172517,0.07397743194079692,0.09241576161671597,0.00025889530162925,0.00019642006142939002,0.6,0.8,0.5,23,0.2763499917495789,0.2709266315514713
21,17,0.28451994998171726,0.6930748755140641,0.6898015814832157,0.28230536708395804,0.24529529577289555,0.08570390987745925,0.00032454401900731,0.00028270382293251004,0.6,0.8,0.5,24,0.2436538896855608,0.2515393503547259
21,18,0.284530386264428,0.6930835613889834,0.6898077655143047,0.28486030797524187,0.0522196769429077,0.0857987358397565,0.00032521049941849,0.00028346347118569004,0.6,0.8,0.5,25,0.2440389164241818,0.251808763777317
21,19,0.28841478902118095,0.6969330430270709,0.6936097857123745,0.29314306668738654,0.06312935705331901,0.09374181294252784,0.00033102934364054,0.00031574720251656,0.6,0.8,0.5,26,0.2886462764180044,0.2536916362881544
21,20,0.26569171715207907,0.6756239680263092,0.6773350404034917,0.33624036493792014,0.06409052918840029,0.08885222950183065,0.00023109959617777,0.00021278235226112,0.6,0.8,0.5,40,0.2105131268982082,0.3015851325333188
21,21,0.26427233209694934,0.6755142877657594,0.6802242554318277,0.3427361170098627,0.05669544433294369,0.08807058600909332,0.00020798476427072,0.00019149963092949,0.6,0.8,0.5,42,0.2121282745086284,0.306150077149659
21,22,0.2695759147961695,0.683319858663259,0.6940029714282676,0.36684316358238617,0.0649557059668049,0.1001750666899569,0.00035190208875342997,0.00046371480010316997,0.6,0.8,0.5,46,0.2338522839553683,0.2294071569848329
21,23,0.25854006791411593,0.6705975325521975,0.6781383197098508,0.3591010773547426,0.0632623225674133,0.08474290621000928,0.00022479765593049001,0.00018357934852339999,0.6,0.8,0.5,47,0.21052228735869,0.2958620383036049
21,24,0.24563350593932184,0.6563399028997737,0.6687271395070081,0.35605212876275955,0.23026324521706767,0.09723565218605408,0.00040262400503387,0.00030081337024518,0.6,0.8,0.5,48,0.2340198322251905,0.2393442173735456
21,25,0.24515284571253726,0.6557784779945102,0.6681462846511103,0.3614853769965293,0.061287687652277975,0.09694878083732685,0.00039911300213037995,0.00029637675767934,0.6,0.8,0.5,49,0.2374216679106873,0.22566888955242
21,26,0.23833601309293118,0.6491629984296018,0.6642942900528651,0.3607018718859079,0.09569627777339669,0.09260884326481768,0.0006303196487246301,0.00042181567238181,0.6,0.8,0.5,50,0.2373462699394319,0.2078015431915776
21,27,0.2278152768947763,0.6366840613425208,0.6514025078850869,0.35763717761857,0.08004593956271545,0.08581374346272161,0.00039811243198116,0.00029178610539240004,0.6,0.8,0.5,52,0.2046507939584169,0.217000076576645
21,28,0.21844396191103577,0.6265330764905779,0.6466664151447378,0.3709286441824049,0.0760597241186102,0.08644897480767713,0.00061733898518647,0.00033934823708582,0.6,0.8,0.5,56,0.2014587138924249,0.2615900474284863
21,29,0.2196239875485155,0.6283030222915806,0.6483432461377072,0.38266387099476756,0.06800537718079658,0.09240412598772708,0.0006413599341770001,0.00037188067753924,0.6,0.8,0.5,58,0.198747891453408,0.2301849483720476
21,30,0.21899609357504615,0.6284045998867027,0.6543716914921144,0.40824875046947606,0.05953131552894865,0.09398662961563874,0.0003941715178423,0.00031425294901858003,0.6,0.8,0.5,63,0.2055161298538611,0.1989337467537875
21,31,0.21824988893541492,0.6274511291194033,0.6533837405760252,0.41376390561915094,0.061290073298962994,0.0935296315411656,0.00039585736884274996,0.00031481976969727004,0.6,0.8,0.5,64,0.204103012241043,0.1981937642699496
21,32,0.21774729614094418,0.6267454503659969,0.6526446280103967,0.4106467818571251,0.06109274608475731,0.093425222742281,0.00041688238295763006,0.00031559183669139,0.6,0.8,0.5,65,0.2037737696924099,0.2069767200498599
21,33,0.215455525611162,0.6258585090613413,0.6547972780653429,0.4172785232797481,0.05658407135912583,0.08994733710035571,0.00042188078781830996,0.0003224294897691,0.6,0.8,0.5,66,0.1963786908269246,0.2007502564347417
21,34,0.2174264468412011,0.627771339656492,0.6567049957175491,0.42183926495047974,0.05690771416107396,0.09334078795423108,0.00039238102504431,0.00032489531433755,0.6,0.8,0.5,67,0.2052518024888873,0.1994111228288958
21,35,0.2540486631685278,0.6569822299594167,0.6762781520759572,0.45620902617536985,0.13207268159516633,0.10340144739887065,0.00050518256783048,0.0741430752439301,0.6,0.8,0.5,69,0.2221726425552141,0.2072122475114935
21,36,0.21488066458434957,0.6185736202755596,0.6408171887806611,0.4264228482714918,0.06890296576499863,0.10189939088488839,0.00047408189247235996,0.00042361048176921994,0.6,0.8,0.5,71,0.2098142317055322,0.2115043773938865
21,37,0.20824999762182142,0.6132129414027949,0.6384811588261942,0.4373148512321107,0.05935871563105918,0.09163166086522127,0.00042774249989297006,0.00030288914983949,0.6,0.8,0.5,72,0.1922401779135778,0.2044338241070751
21,38,0.20547269669942303,0.6070024633317446,0.6289295001037909,0.45384996861578375,0.0694767376279456,0.09247731260599146,0.00087376114987877,0.00044796274166550006,0.6,0.8,0.5,75,0.2105756454820047,0.2040653663085902
21,39,0.20969506359031675,0.6101528372163944,0.6319281906481866,0.43938185909573885,0.07287325828019635,0.10307250225503424,0.0005270482357633401,0.0005792995155629,0.6,0.8,0.5,77,0.2058373006451064,0.2055123297518462
21,40,0.20551712856827017,0.6032083808346241,0.6246053777135215,0.4666486752014035,0.08882826689322969,0.10324572225673811,0.00056338920089713,0.00136565318710731,0.6,0.8,0.5,79,0.2053405351253364,0.2080777507206416
21,41,0.20409508113491992,0.6011801330167483,0.6224965521389749,0.4683999707423534,0.07360933809108004,0.10195510678285176,0.00054802327946726,0.00206401216757223,0.6,0.8,0.5,80,0.2054658777626471,0.207239886711345
21,42,1.273583646803238,1.666739591098307,1.6875515858366221,1.5436596633905593,1.206821464546276,1.0,0.047703679893537,1.0,0.6,0.8,0.5,81,0.2180271986567949,0.1812426310737525
21,43,0.7801266039829272,1.1734566357789706,1.1971627625176513,1.079170900887822,0.6492625713415553,0.24306213039751423,0.0009020422044028499,1.0,0.6,0.8,0.5,89,0.2331876873153135,0.1865264658001357
21,44,0.303550727354382,0.6978031054669827,0.7244947410439422,0.6184828336387611,0.17313007537482744,0.1746413010825118,0.00138555765059592,0.1297757569392897,0.6,0.8,0.5,93,0.2297317539635247,0.1943387576633438
21,45,0.22009494540972638,0.6146749265366691,0.6471640162356562,0.5840774898698391,0.0946345000320642,0.11245017873686214,0.00409760122294503,0.04016376382099489,0.6,0.8,0.5,104,0.1951836588982813,0.1864193401265931
21,46,0.3127767664724956,0.7094529225741341,0.7479515906300651,0.7066590327453628,0.18678969039549015,0.13781709506530002,0.0009061415871168099,0.2023637441727492,0.6,0.8,0.5,110,0.1862254589005663,0.1876152182527317
21,47,0.774372879592218,1.1709854517981082,1.2094766563087556,1.1783594566385007,0.6472950000305829,0.2426281171948014,0.0008749476202645501,1.0,0.6,0.8,0.5,111,0.18438020941697,0.187427908648494
21,48,0.753421440759086,1.1490909984714155,1.187472620068894,1.1775637082632853,0.6315204994309969,0.2098137992939227,0.0008222911332811999,1.0,0.6,0.8,0.5,114,0.1843266387360494,0.1838930086327089
21,49,0.7250896779593962,1.1226123589399752,1.1669781479705081,1.176230125320743,0.6037013295205744,0.1646085854496667,0.0009913499286099202,1.0,0.6,0.8,0.5,118,0.1904656167146944,0.1828808146687624
21,50,0.7163744737201786,1.115271459108206,1.1626806226274096,1.177956271217331,0.5913900597436229,0.150256443068512,0.0009947292447704801,1.0,0.6,0.8,0.5,121,0.1882681254353413,0.1837694591857804
21,51,0.7048488168891691,1.106605072591254,1.160113396052937,1.2290612454388263,0.5795859330515362,0.13108542230525452,0.00106548728563957,1.0,0.6,0.8,0.5,133,0.1820060520239718,0.190854299326261
21,52,0.7244061425878257,1.1260113192056778,1.1795026959659485,1.2798198224174757,0.6005383733532077,0.16399685058389363,0.00105791315292862,1.0,0.6,0.8,0.5,137,0.22919316536921,0.1851067956515348
21,53,0.7244588389887312,1.1287899656064266,1.1883656333047703,1.3017169746645783,0.5995574246252188,0.16455843016472338,0.00100231800105367,1.0,0.6,0.8,0.5,141,0.1959207426638122,0.1828157239131272
21,54,0.7120142373742546,1.1126152913644531,1.1659929532091422,1.2961495265458218,0.6004265980434255,0.1454174574347937,0.00105397002804585,1.0,0.6,0.8,0.5,143,0.1946521948519945,0.1852828814393726
22,0,0.9986939629282059,0.9996636675314357,0.9996465856884852,0.4037827675463631,0.0,0.0,0.0,0.0,0.6,0.8,0.5,1,0.7885194810987269,0.9719907016016768
22,1,0.9456170321496382,1.0129770860863034,1.008634524634794,0.42889930642476864,0.2130717457121679,0.06646254413930915,1.397114374483e-05,1.454396896491e-05,0.6,0.8,0.5,2,0.6871279669587673,0.8661322357762866
22,2,0.8463421418204025,0.9843187971978585,0.9815292600703359,0.4112321918007877,0.24355432705418728,0.06562376623355594,1.783416301641e-05,1.583682853749e-05,0.6,0.8,0.5,3,0.5948235835768775,0.7792363137965342
22,3,0.705971221021364,0.9311645545690754,0.9291349713515279,0.39509278383409535,0.10808996433799792,0.04997954577292268,5.434515727669e-05,5.994322176643e-05,0.6,0.8,0.5,7,0.5430285164548411,0.6501400711580396
22,4,0.5756977072155481,0.8809432389373097,0.8728546692780058,0.36188113147832573,0.44974781946466946,0.06642430386200471,0.0005454888189233401,0.00071812264475641,0.6,0.8,0.5,8,0.5554992069716128,0.6347701938006879
22,5,0.5311207987670192,0.8582140413658802,0.8490581523223966,0.34869654000710365,0.18455327504344268,0.06479124931030222,7.478535020177e-05,0.00012122961612866,0.6,0.8,0.5,9,0.4539260769244836,0.5126363041893116
22,6,0.4792539449471555,0.832590224379952,0.8250012093566019,0.34440021824331557,0.24325990993485297,0.06795659524332287,0.00035807062546535,0.00039316901649756,0.6,0.8,0.5,10,0.5122423689804942,0.4233288826217343
22,7,0.44943186817234365,0.8170644471165226,0.808406637839676,0.34465192160162805,0.09531648601387306,0.0764253555096061,0.00072308043742326,0.0008014265740370599,0.6,0.8,0.5,13,0.5175109389077904,0.5128039119293302
22,8,0.3984866483415753,0.7830787999334234,0.7727503019923092,0.32108556765494495,0.2732206733750181,0.0751050896936848,0.00056965216787458,0.00063498827151911,0.6,0.8,0.5,14,0.4647234958107524,0.4322169859152097
22,9,0.35308454912803516,0.750374665345564,0.7413949164432925,0.30978997854129203,0.2773249512015306,0.07426802281374448,0.00056374699947748,0.00062631478985722,0.6,0.8,0.5,15,0.3993081526903366,0.4240079470984449
22,10,0.3395081733582946,0.7392761160997654,0.7297352320605117,0.30035867146815265,0.12164304496747824,0.07425764423251072,0.00055463743514791,0.00061464125610424,0.6,0.8,0.5,16,0.4002602554455639,0.3855746747724605
22,11,0.2833524747182531,0.6891580359286599,0.6804601470686125,0.2773871380086009,0.33835827553684694,0.06118437174822459,0.00046335244325279,0.0005706325758267001,0.6,0.8,0.5,17,0.314862266554236,0.3476167851603803
22,12,0.27294251671992603,0.6811134862534002,0.674552445605459,0.2843140296048194,0.07272291757974207,0.07515818189820497,0.0007186417348372199,0.00056845626015536,0.6,0.8,0.5,22,0.2921479614312978,0.3778996781410799
22,13,0.26578841463252395,0.6723207449089336,0.6653616510746381,0.28077348339238767,0.0910935218886154,0.07382897896424892,0.0005817714950602201,0.0005165441815537101,0.6,0.8,0.5,23,0.281141422359321,0.3318483493299007
22,14,0.21581743053677796,0.6135801655534416,0.6067506127536771,0.25736420135397653,0.1747808497259086,0.06975566433953846,0.00049751589374349,0.00058859393773145,0.6,0.8,0.5,26,0.2076571661632706,0.2942636533720568
22,15,0.20309621966394223,0.5979409029357715,0.5933812438182621,0.2530483988336944,0.09421586211270146,0.0670396504843845,0.0004948407745784,0.00058362031021323,0.6,0.8,0.5,28,0.2009451958674638,0.2790195366337213
22,16,0.19173852630184618,0.5837927324976881,0.5816169110605579,0.2541286054901744,0.08403747769220543,0.06307237472984926,0.00048491110066645004,0.00057372441970004,0.6,0.8,0.5,30,0.1932721920657094,0.2670098566447416
22,17,0.19441415355210695,0.5829256706613117,0.5745508251678629,0.25300342832657463,0.05503583108601608,0.06907666684472427,0.0006120675723808101,0.0009339062999731701,0.6,0.8,0.5,31,0.1818816096441534,0.2385824705292698
22,18,0.1907327332186758,0.5779474890909657,0.5722297135256038,0.2547802243430873,0.09768538401471821,0.0717970390721652,0.00051368728549926,0.0005911048303045799,0.6,0.8,0.5,32,0.1959761181052599,0.259556036918293
22,19,0.18088456527607744,0.5642543140970258,0.5580163591947277,0.24960524435762302,0.11115983846719446,0.06568162872671182,0.0006104133077053299,0.00093019600253092,0.6,0.8,0.5,33,0.1783238136496605,0.2235561896073474
22,20,0.17503633119508705,0.5566877021440689,0.5530960995299176,0.25308472269858284,0.06705334501277449,0.06414748464031755,0.0006003393144660199,0.0007978400641796901,0.6,0.8,0.5,35,0.1823385289492254,0.2170446458203987
22,21,0.17266373828334508,0.5487735986393315,0.5416308590490687,0.246065583734862,0.11063492158336269,0.07024107329025615,0.00044600759719626,0.0004905948733889899,0.6,0.8,0.5,36,0.1795464971272262,0.2316106933283642
22,22,0.16290886307057376,0.5345045339346993,0.529729462765954,0.2513047929606195,0.08719616631245505,0.06659152857377137,0.00044204291849647996,0.00048663991811759,0.6,0.8,0.5,38,0.1749698823393806,0.2231768511401646
22,23,0.16286703417592874,0.5344309510684226,0.529652448978968,0.2540524374088611,0.04100299640017316,0.06658248776880932,0.00044185492225871,0.00048632376431730003,0.6,0.8,0.5,39,0.1750062790313806,0.2232013141304899
22,24,0.15067619610615549,0.5150439415532008,0.5152912636050124,0.24783726528992023,0.18753469121710825,0.06489218420066457,0.00045468695675667,0.0005463162907753799,0.6,0.8,0.5,40,0.1404170804949577,0.2095679790994961
22,25,0.14102212467750652,0.49712554176922447,0.4994782784879406,0.245665291268542,0.10288177151621729,0.06380265584563798,0.00044607646548714,0.0005348670585269501,0.6,0.8,0.5,42,0.1332743444714518,0.2084556912619448
22,26,0.140670346012123,0.49792465248810847,0.503301199672461,0.253350901668284,0.04081735631431231,0.06366853379942057,0.00044511402494201,0.00053365945390807,0.6,0.8,0.5,44,0.1329523805896591,0.2090109320522933
22,27,0.1405474318773398,0.4992233824244854,0.507649447295296,0.27031760182953696,0.038977418654028234,0.06352172372003985,0.00044380531726689,0.0005319258200341,0.6,0.8,0.5,46,0.1333306097819215,0.209567352741227
22,28,0.14046722838400497,0.5001037629945425,0.5115355747800621,0.31451860247072433,0.039520967126932115,0.06406022485778894,0.00046887545313734996,0.00055778386840658,0.6,0.8,0.5,61,0.1385724466493061,0.1973502078091642
22,29,0.14020845716597669,0.5009967277528421,0.5154526791771377,0.32884953269143324,0.04040420926274743,0.0640862045332197,0.00046310870014613,0.0005468002606004499,0.6,0.8,0.5,64,0.1395902338009013,0.1958224414377276
22,30,0.1388076668229149,0.497974912407669,0.5122783657870277,0.33922511852557086,0.04948076372105493,0.06404653414904286,0.00047441238633671003,0.00055465150754823,0.6,0.8,0.5,66,0.1388166618073348,0.1949293191061818
22,31,0.13771950883658557,0.49560652643008096,0.5097908333679777,0.3405217927799955,0.04717138690828158,0.06401522177832439,0.00047286623108201004,0.0005630199615955401,0.6,0.8,0.5,68,0.1403352115946653,0.1967792275413491
22,32,0.13757358245876075,0.4967483131609857,0.513969877668857,0.358755865666467,0.03960045524364523,0.06400485168844341,0.00047181161003100004,0.00056772309642553,0.6,0.8,0.5,72,0.1396231304033871,0.1967204225718484
22,33,0.13755097704292144,0.4996081701978604,0.5229325681656171,0.3770259212949934,0.039299145345476245,0.06402709001560627,0.00047022756798731,0.00055823723971751,0.6,0.8,0.5,74,0.1405075425179968,0.1962465328497147
22,34,0.13660092587870867,0.4961562698512462,0.5163313605429698,0.37630586992043336,0.05205951151061356,0.06391283396409862,0.00045890410863362,0.0005281161734728499,0.6,0.8,0.5,75,0.1394664677597085,0.189489613068726
22,35,0.1346575258681102,0.49487441663400333,0.5209490716874109,0.4018407635006715,0.043544370264719974,0.06370387936149834,0.00047281592206986,0.0005143118696023499,0.6,0.8,0.5,81,0.1354510657037864,0.1893123205126258
22,36,0.1346575257288792,0.4963337352467789,0.5254614901488454,0.4210147320969437,0.03885776636950434,0.06370387936149834,0.00047281592206986,0.0005143118696023499,0.6,0.8,0.5,83,0.1354510647179823,0.1893123163507966
22,37,0.13422950453538635,0.4937816821537374,0.5197959817833303,0.45271212347766543,0.03998409631817988,0.06380780333128475,0.0005133678748321399,0.00052310537006514,0.6,0.8,0.5,91,0.1391287711191704,0.1902268144595231
22,38,0.1342242279301382,0.4952262274103327,0.5242927548287282,0.4656474093464268,0.03901788208258518,0.06381404069438594,0.00051164105196932,0.00052281736270501,0.6,0.8,0.5,93,0.1390785571985074,0.1902336673092639
22,39,0.13422656670936686,0.4952181130742003,0.5242836968141963,0.4723585428933517,0.039098700417547955,0.06384203122054985,0.00051085165692781,0.00051167295254988,0.6,0.8,0.5,94,0.1395802340402159,0.1899182211055596
22,40,0.13421065111285224,0.4951622884142425,0.5242242582031972,0.47559286668577955,0.03947592622785421,0.0638609859245137,0.00050808610325896,0.0005243502382620299,0.6,0.8,0.5,95,0.1394332164101969,0.1900546080209154
22,41,0.13413425617811126,0.49646791419513775,0.5285759941232115,0.48218185441451467,0.03992190671829932,0.06384203122054985,0.00051085165692781,0.00051167295254988,0.6,0.8,0.5,96,0.1388513942650625,0.1861003312352025
22,42,0.1334166855656803,0.49479302841753514,0.5268145981807776,0.4877082297596376,0.041946682072959325,0.0638746901894042,0.0005031163911027199,0.00055100822944499,0.6,0.8,0.5,100,0.1391826111742225,0.1887261153690708
22,43,0.13884963091406446,0.5020558095504024,0.5400857560629846,0.49479093215126807,0.048605924296442345,0.07432564524832838,0.0005380264111229,0.00050504027720165,0.6,0.8,0.5,104,0.1469454532828281,0.1943988862199905
22,44,0.1388453329545556,0.5031558638606684,0.5442071224626898,0.5340780173168648,0.04662802240655477,0.07478570818888368,0.00053583224136788,0.0004929363275589899,0.6,0.8,0.5,108,0.1450077120377469,0.1962976926575113
22,45,0.13747440546849565,0.5001012614402415,0.5410025775596209,0.5311457124494853,0.06585922658515514,0.07429854595677315,0.00054237131853011,0.0008787758545279699,0.6,0.8,0.5,109,0.1423540904270897,0.1940461767468536
22,46,0.13750701338383012,0.5000820503319874,0.540978790359935,0.5418108661204507,0.045732261475642966,0.07474280075467607,0.00053244890371714,0.0005045393044459,0.6,0.8,0.5,112,0.1447396560182113,0.1965857631562132
22,47,0.1374756204733344,0.4999375815373453,0.5408242772659898,0.5482097078593472,0.04625894670524529,0.07482388777829206,0.00053464387028626,0.0005104836961375,0.6,0.8,0.5,114,0.1431705146484526,0.1969589511825449
22,48,0.13733962642924497,0.49967496358858376,0.5405504645247574,0.5480267137926329,0.047063042627884896,0.07475621712475373,0.00053414573626436,0.0005101556354140701,0.6,0.8,0.5,115,0.1443576913786342,0.1967981919404191
22,49,0.13699554587586632,0.5003584963699963,0.5442488854389302,0.582892559226188,0.046813453887473704,0.07472066269131025,0.0005316018306334199,0.00051320417115302,0.6,0.8,0.5,119,0.1452826513522403,0.1963023382784635
22,50,0.13658374303145612,0.5023096477636583,0.5522572063160291,0.5762337424420061,0.05218852106722883,0.07432647883526486,0.00062446723449657,0.0008389405668079201,0.6,0.8,0.5,120,0.1500311317713339,0.1940675626828157
22,51,0.1354881324358605,0.49970542323502304,0.5495205321914389,0.5851263492328042,0.054538985717578495,0.07434910867852457,0.00059929814961652,0.00087381661157503,0.6,0.8,0.5,122,0.1492438454827832,0.1940246971747682
22,52,0.13539626349681802,0.4994508798536154,0.5492517628011674,0.5883445131834464,0.04748785293995505,0.07433172255849954,0.00059572436689097,0.0009530381288904001,0.6,0.8,0.5,123,0.1494306865565512,0.1928661263688625
22,53,0.1351548165972325,0.51373599595358,0.5940620122304083,0.8060708633219701,0.04537849450741112,0.07389312781326861,0.00060228040731094,0.00108301542851603,0.6,0.8,0.5,165,0.153330272422072,0.1936993003280575
22,54,0.13470548786060707,0.5116099492710052,0.5888638752825592,0.8522046492729767,0.04635032265579231,0.07358520872944388,0.0006289550235481801,0.0008260942410026201,0.6,0.8,0.5,167,0.1552943712504236,0.1901041395650488
22,55,0.1342106074734428,0.511984650476809,0.5922402725038108,0.8420840080638634,0.04747396465847194,0.07362903228499348,0.00062457072408346,0.00064126091369946,0.6,0.8,0.5,170,0.158253972014662,0.1932627822448205
22,56,0.13382213535988435,0.5113586446384409,0.5915936044421883,0.8769489571959045,0.046461100789521696,0.07325605564024691,0.00063285596796696,0.00063963422642747,0.6,0.8,0.5,172,0.1587844204918695,0.1936575891347916
22,57,0.13482885968872538,0.5134276636579457,0.5966812221684585,0.9117572152875338,0.05182290099238419,0.07552579689032243,0.00061393060675188,0.00052754548412295,0.6,0.8,0.5,173,0.158574462776934,0.1959901544195598
22,58,0.1345186894509885,0.5110927738736776,0.5912442275316037,0.8887509914055703,0.05066706740415891,0.07566090506946957,0.00062107232242586,0.0005380498062581599,0.6,0.8,0.5,174,0.1582850708926775,0.1940647651234216
22,59,0.1344590238688164,0.5110157760234205,0.5911657430980017,0.8928079577126542,0.046217301030437925,0.07559556070205489,0.0006176732010006599,0.00052718275708481,0.6,0.8,0.5,176,0.1588399792922007,0.1949214544828076
22,60,0.13446583956231922,0.5122738630789767,0.5954589031879669,0.9214860305672765,0.04708413604592409,0.0758103050731763,0.00062912089684757,0.00055956425462691,0.6,0.8,0.5,179,0.1593148493925025,0.1989723890743789
22,61,0.134344009779195,0.5119829656537099,0.5951533972368399,0.9292598668703084,0.048255558925251636,0.07580967831085411,0.00062361935652721,0.0005644156316523,0.6,0.8,0.5,180,0.1586948553855275,0.1989698101734321
23,0,0.9615291496110051,0.9899072647390122,0.9893960374037456,0.39754039436402655,0.0,0.0,0.0,0.0,0.6,0.8,0.5,1,0.8554099507867525,1.1329472854448106
23,1,0.8879844302603132,0.9961828267844435,0.9909839449733716,0.4181945737444565,0.2624762880395614,0.06664532650131245,1.333046579924e-05,2.248537106616e-05,0.6,0.8,0.5,2,0.8816262874143546,0.9459458579805184
23,2,0.809501420101492,0.9784100421060872,0.9748608932303493,0.4107262030454773,0.23949278871220836,0.08076622007273976,1.896565472862e-05,2.400511328668e-05,0.6,0.8,0.5,3,0.7418134117221726,0.8572575004560744
23,3,0.6144836035520282,0.898467502680165,0.8912845378868005,0.36106271610284335,0.5348617103447082,0.06652456232306919,0.00029150490224402997,0.00029084627151636,0.6,0.8,0.5,4,0.4795477868957256,0.4062924251067808
23,4,0.47927466098660926,0.8306968504463136,0.8200906241090087,0.3218475729060606,0.2732282744344631,0.06626830022244434,0.00025510799945501004,0.00029849781501213997,0.6,0.8,0.5,6,0.4019822213918146,0.3971046763015938
23,5,0.46887450280752435,0.828738265007485,0.8207134848585665,0.32643995300578116,0.07867649411145979,0.07525294376501077,0.0006190155099068801,0.00072430020838455,0.6,0.8,0.5,8,0.4082405084290014,0.3910423793246487
23,6,0.3938825847787514,0.7756652183845295,0.7656612966198192,0.30331297157068576,0.08559618938173577,0.053048382616371126,0.00013914141829134,0.00014727069664778998,0.6,0.8,0.5,13,0.3285165581718727,0.4524745295022117
23,7,0.34892837378794156,0.7430164808194514,0.731314445347259,0.29079123196237794,0.26400701745388355,0.05350979042206705,0.00044778652419196,0.00086016322999988,0.6,0.8,0.5,14,0.3451541593635471,0.3929125337258612
23,8,0.3434043706309347,0.7401877393119286,0.7313074252597593,0.28729059596663714,0.06466305464461333,0.05493368192356448,0.00015248137420988,0.00018437390883221,0.6,0.8,0.5,15,0.2695019764050149,0.3434040957079636
23,9,0.3315788282294869,0.730930180881325,0.7214930025092906,0.2904486273376318,0.110703325635171,0.05706727917260808,0.00037301711046289004,0.00074675764941517,0.6,0.8,0.5,16,0.3374097697347321,0.3485123224615328
23,10,0.30870002653694434,0.7123390852745174,0.7051858884916565,0.27828763759716835,0.13588372322804665,0.04974164761099725,0.00014025147200158,0.00018168871772058002,0.6,0.8,0.5,17,0.2496917957288889,0.3492099985913818
23,11,0.29619216281364996,0.7014994666049115,0.693685023588608,0.2810075237717459,0.12361445558225963,0.05277252656959297,0.00036339073053522997,0.0006208133839748599,0.6,0.8,0.5,18,0.3077611566848942,0.3396373537654329
23,12,0.2851432419233189,0.6910673100845611,0.6827564502219421,0.2765698306931935,0.0991743406660553,0.051886435487798935,0.00030636984826643,0.00051505744293838,0.6,0.8,0.5,19,0.2749656201545413,0.3255452472206193
23,13,0.28216266183418315,0.6893141394874048,0.6838617539731153,0.28390269129086004,0.056271963660885514,0.052772526569592956,0.00036339073053522997,0.0006208133839748599,0.6,0.8,0.5,20,0.2588876503930396,0.2888870631646709
23,14,0.2731672637262892,0.680431209928568,0.6746411507743253,0.27994887266609847,0.07600330780235871,0.049252500022267734,0.00030138701357857996,0.00051240275387736,0.6,0.8,0.5,21,0.2445461352536251,0.2917576295157195
23,15,0.27127800582486544,0.67853672715723,0.6725890745405763,0.26093208929162676,0.04199293842902318,0.05127361911269078,0.00030566507330097,0.00051482521315634,0.6,0.8,0.5,23,0.2322903836641937,0.2795378588428215
23,16,0.25670524580614146,0.6617979183989556,0.6519075078411385,0.2727518714713733,0.15463194941603065,0.0549803362631812,0.00034079635380181,0.00058330877761307,0.6,0.8,0.5,24,0.2284778123358124,0.2842993962679187
23,17,0.2524640621385578,0.6572911438611965,0.647228278502816,0.2650740038117116,0.055921948090489185,0.05328209120994629,0.00029831827154835997,0.00048608397271323,0.6,0.8,0.5,25,0.2155869675299031,0.2740322572163762
23,18,0.24695987393644522,0.6528423399384731,0.6456082978524316,0.2721454650063213,0.06150739421631755,0.050637632331442806,0.00036650190612995,0.00059065775873537,0.6,0.8,0.5,26,0.2164120356155441,0.2788377424219709
23,19,0.24605047331710123,0.6532759000170355,0.6490365035831708,0.27863806125767404,0.03508105471730695,0.05086827513233524,0.0003594094396497,0.0005828409729835,0.6,0.8,0.5,28,0.2146113718798524,0.2738763106337469
23,20,0.2471433846103201,0.6577660925747112,0.6564768155448047,0.29779689204319115,0.051552717472381424,0.05964124688644351,0.00025821855471825,0.00034426672352658,0.6,0.8,0.5,30,0.1708103008317029,0.2076911044184676
23,21,0.22816743815093665,0.6346390712870525,0.6351576836711063,0.2977238439019482,0.11355367417005408,0.05964124688644351,0.00025821855471825,0.00034426672352658,0.6,0.8,0.5,32,0.1596919462354747,0.195127699756918
23,22,0.22061602384056944,0.6251447370753586,0.6252073791518498,0.2984185688782458,0.050957570166407465,0.058783452384217325,0.00027858022909937,0.00035858551025409,0.6,0.8,0.5,36,0.1539462322960746,0.1949484535614436
23,23,0.22036833734779462,0.6248563926795856,0.6249099728410515,0.2953518058257545,0.03678112111864782,0.058608514231868955,0.00027512837288797,0.0003551440748075,0.6,0.8,0.5,37,0.1539382052052712,0.1957421436624427
23,24,0.21388338866642104,0.6176494082668211,0.6203033475850742,0.3091160059724597,0.09640029436518573,0.059073637970624295,0.00026955029244333996,0.0003518880679975,0.6,0.8,0.5,38,0.1522534531340466,0.1892447694851528
23,25,0.21539554495568405,0.6203544332391192,0.6259741880789784,0.3277169548167875,0.041470166936210966,0.06365728876598378,0.00041424090894242005,0.00055815461575693,0.6,0.8,0.5,43,0.1750876485506509,0.2299295311949611
23,26,0.20002410992712388,0.6009657225598788,0.6086625701099978,0.31893597936434975,0.1028714460098329,0.06115048726282427,0.00032161277132636,0.00055957178420011,0.6,0.8,0.5,45,0.1730295180718419,0.1860058807862732
23,27,0.1533644227565522,0.5253078309941496,0.5321515372477933,0.29203546515950835,0.14356686387575998,0.06122679549163965,0.00031698044766248,0.00049726128719187,0.6,0.8,0.5,50,0.1428540735944183,0.1728008868678438
23,28,0.15362551197489385,0.5252649327117269,0.5349768346623717,0.3131430154596045,0.05196992255135826,0.06474338592426335,0.0003659701630782,0.00049631688835726,0.6,0.8,0.5,52,0.1552470251633076,0.192945001627722
23,29,0.1529286011118749,0.5238619307758994,0.5335004890762349,0.31777247148505644,0.042762174766963305,0.06483048340107297,0.00035936202633699,0.0004926939786514399,0.6,0.8,0.5,55,0.152397057518569,0.1876149819272193
23,30,0.14993399321974868,0.5178524444260727,0.5242779847539399,0.330143562935037,0.04347893825725545,0.0624806744938707,0.00033365678435833,0.0005684875469037099,0.6,0.8,0.5,59,0.1459999569220534,0.1705706394358336
23,31,0.1499701751024457,0.519142989052425,0.5286006769312722,0.35126701770520014,0.041137330075532566,0.06290348579488554,0.00035695322327646,0.00051349500388503,0.6,0.8,0.5,60,0.1517061194373732,0.1807339014795059
23,32,0.14929350501684513,0.5207442517823705,0.5362428744897575,0.35969371922241317,0.04714492147692681,0.06289576073702484,0.00031908446141314,0.00052601194764816,0.6,0.8,0.5,61,0.1476553002610788,0.1686140184552952
23,33,0.14929436084027342,0.5169535964488159,0.5262576679712362,0.35324863425203257,0.051153745744466794,0.06437006104518933,0.00030848922859833997,0.00051863813356085,0.6,0.8,0.5,62,0.1531204194069884,0.183528722674307
23,34,0.14829747066724705,0.516946924995242,0.5292568289214477,0.36116035253681356,0.04181457117464042,0.06354628951527884,0.00028250528930059,0.00048346568993201,0.6,0.8,0.5,64,0.1504628361286454,0.177928869388363
23,35,0.14477811936970247,0.5107662249586035,0.5257210826462579,0.3718367115315541,0.06679251952879697,0.06411280365935562,0.00035233813810725,0.00052960591265037,0.6,0.8,0.5,66,0.1534939595315606,0.1677940187569124
23,36,0.1430407123984018,0.5082136401650911,0.5260013574228248,0.4166141359092652,0.04184990938566986,0.06474354526568706,0.00031876345987067996,0.00049921898259663,0.6,0.8,0.5,78,0.1362162273601701,0.1620873113415747
23,37,0.14269977267066625,0.5111057035181996,0.537942504290644,0.4603777259944053,0.04192079964758257,0.06596370055611651,0.00028140019412102,0.00047459741419128,0.6,0.8,0.5,86,0.142183802210716,0.1573446820697776
23,38,0.138928953667614,0.5009920807611162,0.5243158949250866,0.5111159518301371,0.05300904649230692,0.06638506140928797,0.00039628279783398,0.0006372947784693301,0.6,0.8,0.5,91,0.1462719329340371,0.15030435903229
23,39,0.13866720427465792,0.5062309775270781,0.5417360377374615,0.5949930388951586,0.040706318768704695,0.06641438240681383,0.00039544780953912004,0.00063680660056189,0.6,0.8,0.5,110,0.1460939541350674,0.1502506357374254
23,40,0.13832483555163444,0.5052119404094814,0.5406535540569131,0.6070027005561897,0.04511730086683425,0.06681023623825885,0.00039250119119918,0.00063381422026695,0.6,0.8,0.5,112,0.1448985336192006,0.1471364757025732
23,41,0.13828899008889267,0.5051256806584321,0.5405626332872677,0.6102692915319344,0.04104127334465245,0.06681896152728303,0.00039321546820738,0.0006337024179709899,0.6,0.8,0.5,114,0.1450272882957846,0.1471331877314758
23,42,0.13631445280241927,0.5168110521083296,0.5856134688662874,0.8527076975854149,0.041290196355120753,0.06678172212871493,0.00039324272281755996,0.00057551432387634,0.6,0.8,0.5,162,0.1334215785635326,0.1411769354369112
23,43,0.13583675988241148,0.5174402485894225,0.5892656037531603,0.8799695178759703,0.04418771905032395,0.06644398148135386,0.00035596684366006996,0.00057090269096877,0.6,0.8,0.5,163,0.1344690066444527,0.138767225329258
24,0,0.9480196772255668,0.9862690221073354,0.9855734898113913,0.3965070205539007,0.0,0.0,0.0,0.0,0.6,0.8,0.5,1,0.9990677307065324,0.9703706786415826
24,1,0.8679627405217898,0.9900633963728399,0.9845541431955915,0.4142829937775196,0.2796516513736572,0.06666594106922202,1.382258218082e-05,1.508449654089e-05,0.6,0.8,0.5,2,1.0088153784252207,0.8661322357762866
24,2,0.7852539473857644,0.9646868071688963,0.960863640918417,0.39895169522811175,0.22622881797208488,0.0669179404165969,1.6991551729540002e-05,1.9342741463290003e-05,0.6,0.8,0.5,3,0.8510094436983078,0.7800757708185826
24,3,0.7837301962028846,0.9634398560425343,0.9596093530275256,0.39985708239062706,0.04006846001698665,0.0650884534094541,1.396411041032e-05,1.479358969227e-05,0.6,0.8,0.5,4,0.8587279632627778,0.7795484372144051
24,4,0.6721705900380784,0.9182501209229063,0.9155682602133823,0.3868402065981976,0.11682879329727473,0.04992491525126968,5.326915357292e-05,5.727054016557e-05,0.6,0.8,0.5,7,0.7821521974536226,0.6886577829876939
24,5,0.6405821532455692,0.911369205654992,0.9109118475930653,0.38579947510812673,0.09383444263279844,0.06304667839000473,0.00014519143599229,0.00020392399108212002,0.6,0.8,0.5,9,0.720807198155228,0.6523589640231572
24,6,0.6284445422560958,0.9077210236450797,0.9071476851797008,0.38511329425666385,0.06828388015802211,0.06076204601751519,0.00017078836434568002,0.00018855591070031,0.6,0.8,0.5,10,0.7868423280786547,0.6083439308897997
24,7,0.5753003069629395,0.8848374101783393,0.8859159956301292,0.3741867732951506,0.2151757986521119,0.06621827981588244,0.00020905971740165,0.0002256115535419,0.6,0.8,0.5,11,0.8005361448493764,0.5746340442830348
24,8,0.5549072689140375,0.8732814161324224,0.8739430230208988,0.3677348619168593,0.09315828690038563,0.06076204601751519,0.00017078836434568002,0.00018855591070031,0.6,0.8,0.5,12,0.7459781477899599,0.5492753980330014
24,9,0.5089245215927949,0.8558788299517874,0.8549950984689768,0.3548716764107847,0.26012054844407756,0.08272270679079921,0.00011479634137649,0.00014528154534909,0.6,0.8,0.5,13,0.6869554141596806,0.4895183337250923
24,10,0.4256996482843224,0.8069915154792943,0.806656495983452,0.3279742330198562,0.21933971998667973,0.08104898382221325,0.00020332912602436,0.00021620821739999,0.6,0.8,0.5,15,0.5397969518704525,0.4477625779760862
24,11,0.3394530866837665,0.7418472656068651,0.7384858642615072,0.29147905116664186,0.2494460859389124,0.0722130423905163,0.00012870551608596,0.00016111538881762,0.6,0.8,0.5,17,0.4337076936632167,0.2508729807698477
24,12,0.33932732016354344,0.7417428742792281,0.738376190831127,0.2962018121225369,0.04423058378138613,0.0722130423905163,0.00012870551608596,0.00016111538881762,0.6,0.8,0.5,18,0.4357828063403907,0.2515214571498976
24,13,0.2767451700395798,0.6853418186040289,0.682088450645562,0.26057350559137227,0.4440076206423756,0.07237672395508117,0.00020356359829074998,0.00021521512845399998,0.6,0.8,0.5,19,0.3510992531090977,0.2402578364670102
24,14,0.26182006486966897,0.6707021793328307,0.6696125932684701,0.2557228191711952,0.10560639543490825,0.07453820070954235,0.00029264508215051004,0.00039901441662723,0.6,0.8,0.5,21,0.3130317854030784,0.2226166361029637
24,15,0.27787142764792266,0.6867280780129437,0.6856278316820449,0.2873844474753048,0.062097018397395155,0.10104285092587598,0.00048469603931151006,0.00075809835820465,0.6,0.8,0.5,23,0.5311259462140436,0.0953020993772216
24,16,0.2295993063495186,0.6277698749317097,0.6237949213014709,0.2514561114555211,0.4504255853914234,0.09771547979148631,0.0003806681238642,0.00052325539632222,0.6,0.8,0.5,24,0.4257328083343114,0.1050643645346982
24,17,0.20955027841159407,0.6059445097923492,0.6100893121135061,0.24300877009653946,0.073747756702613,0.08856498009688121,0.00027896854151157,0.00031097582405645,0.6,0.8,0.5,31,0.2645655273851084,0.163396283168509
24,18,0.20726533459201976,0.6039134925477181,0.6109284166467825,0.24786302281990102,0.06606186705082877,0.0887598861161917,0.00028286463933936,0.00031571972446303,0.6,0.8,0.5,33,0.258774162176592,0.1615129676987115
24,19,0.20852432247802852,0.6050632728021744,0.6120586672346155,0.24915801442718885,0.05805036473224617,0.09132405378164545,0.00027975173320951,0.00031461539908962,0.6,0.8,0.5,34,0.2598062903298598,0.1674622314267611
24,20,0.19182807969463525,0.5861380868295029,0.5867726864378073,0.24761746743274898,0.10469192948054723,0.07297240194901226,0.00028021285150096,0.00037679618335947,0.6,0.8,0.5,35,0.2274006794246327,0.1385821276964147
24,21,0.17430818870139764,0.5537978410710851,0.5528172356124846,0.229353342666218,0.23745711182276863,0.07240723192004454,0.00020799419420427,0.00027391684351407003,0.6,0.8,0.5,36,0.2177755205089811,0.1276008477680711
24,22,0.16322032516658697,0.5336024292079624,0.5315881168400404,0.224605866388338,0.11430753114568251,0.07268504105475372,0.00024087089999754,0.00031773591191685,0.6,0.8,0.5,38,0.2058189997753074,0.1179167387914461
24,23,0.16752844973056927,0.5406776670258082,0.5417088901214481,0.2406844899633988,0.05920829271411306,0.08191526392681937,0.00036358050605885,0.00057576050635707,0.6,0.8,0.5,40,0.227121637627218,0.1024859073104029
24,24,0.1486003892255333,0.5010926476969919,0.5001890917932378,0.21751534113576962,0.29373513475020296,0.07988753244704237,0.00026260737345213997,0.00040449807727911,0.6,0.8,0.5,41,0.1922820950500433,0.0960872352221441
24,25,0.14517565449697986,0.494464347660128,0.49617960539655515,0.21748382738709945,0.07861068009490739,0.08064657649335623,0.00028971716523695,0.00042393541735786004,0.6,0.8,0.5,43,0.1847717726371132,0.0940951520858264
24,26,0.14344307675771167,0.4908957391116183,0.4953646979939517,0.22236924692338267,0.07019305416698939,0.08192092382486277,0.00036685970981598,0.0005383775782357799,0.6,0.8,0.5,45,0.1902257989832319,0.092730643618341
24,27,0.13536454858918617,0.4775126008349632,0.48444153935782286,0.21670005203575346,0.12666244764301288,0.07667642016509603,0.00036625924607353,0.00057043266166541,0.6,0.8,0.5,46,0.1893379037669046,0.1067588467403819
24,28,0.13815146855542976,0.45963232435939877,0.4589629922556855,0.2130932167453547,0.16358659305228845,0.1009837324083374,0.00029830339420338,0.00050839770489978,0.6,0.8,0.5,48,0.1398495913596241,0.1001930352171419
24,29,0.11999426476676367,0.4137630008048648,0.4139048832437086,0.19765341756519003,0.20995965169521172,0.09588023532349647,0.00029266189076069,0.00051593129936985,0.6,0.8,0.5,50,0.1199959863603154,0.073880649035297
24,30,0.11635553646126376,0.4030116937537326,0.4026340287172955,0.19059016880808566,0.12782757523412935,0.09508465321314868,0.00028298144059359,0.0005000299777340701,0.6,0.8,0.5,51,0.1123956814296313,0.0668211283537246
24,31,0.11292583906820597,0.39356352516639115,0.3957013403678591,0.19157994796337938,0.13017597014648521,0.09439384779058764,0.00036421448836261003,0.0006141901108272501,0.6,0.8,0.5,52,0.113484756622843,0.0641926538856735
24,32,0.18219025564429014,0.44985427353683,0.4510786498622575,0.25436230219804495,0.2558237271963688,0.2059845258039401,0.00037665552272164,0.01533844669203191,0.6,0.8,0.5,53,0.1990699260667905,0.054204808663329
24,33,0.1859233971337052,0.44932199745437196,0.45320377726695094,0.26333009661512075,0.16431005682053879,0.21194021817317674,0.00047838925267425995,0.01967157347179943,0.6,0.8,0.5,55,0.2288621930990701,0.0488358328777449
24,34,0.1845236836109721,0.445334529164324,0.44903881540128004,0.26060537601020156,0.16105849534516906,0.21116668522901255,0.00046472287861441,0.01965583644835347,0.6,0.8,0.5,56,0.2284230196391105,0.0467144019262254
24,35,0.18452368370649197,0.4453345290554886,0.44903881529244466,0.26060537590272304,0.1368998614906301,0.21116668504837457,0.00046472287816207,0.01965583644817201,0.6,0.8,0.5,57,0.2284230217058671,0.0467144021463753
24,36,0.18363215842836278,0.44310444369085644,0.446717255137578,0.25902541313394833,0.14269970476866814,0.21121204820085682,0.00045638942309267,0.018766930941554318,0.6,0.8,0.5,59,0.2181306967934432,0.0476157256683961
24,37,0.08817094855756061,0.31204123943858025,0.31329258277795413,0.1425454586854086,0.15917257541425348,0.08597199200007596,0.00027380004600405,0.00047447673440078003,0.6,0.8,0.5,62,0.0730459946343009,0.0539917132004983
24,38,0.07610610985868095,0.26527788939416286,0.2672973114059777,0.12481125568325777,0.204464075387182,0.08060339401999753,0.0003240770091766,0.00062578188995409,0.6,0.8,0.5,64,0.0617380804562295,0.041438168127476
24,39,0.07786627188886126,0.2626034201828637,0.2732390218563806,0.17345723481935343,0.06737898544521219,0.08669664310020618,0.00033912506726327,0.00063194049390134,0.6,0.8,0.5,69,0.0681970807167842,0.045355526043983
24,40,0.07478627941258205,0.2566935525739378,0.2612274292754808,0.14460763752306127,0.04953354064767277,0.08105709733021225,0.0003682526816106,0.00119396969282907,0.6,0.8,0.5,72,0.067676608584643,0.0453316692648988
24,41,0.07749206471726028,0.2609537885338782,0.27151119234560916,0.17236090838594728,0.06310443179256295,0.08652477241343375,0.00033842957777173,0.0006280407229087599,0.6,0.8,0.5,73,0.0665162457930664,0.0461564354010266
24,42,0.07862526708360436,0.2619264188385229,0.2754376496595151,0.17258469751442024,0.06752187869386315,0.08873068871425335,0.00038669803605651,0.00085030952916675,0.6,0.8,0.5,74,0.0549396286068781,0.0507724080918895
24,43,0.07411567778104927,0.2517832425757656,0.2560561412086801,0.14156310922610274,0.062012764127484174,0.07992827970111527,0.00039068070399441996,0.00299801748678219,0.6,0.8,0.5,75,0.0666787424069844,0.0453581936743514
24,44,0.07385346541955436,0.25917210823329945,0.27872717915719125,0.1953470290108214,0.04973029821538976,0.08149815167201067,0.00037006239994794,0.00067222318096836,0.6,0.8,0.5,80,0.0898568564766418,0.0616379341216351
24,45,0.07332773585271142,0.25013227240506647,0.2632463948949753,0.17950596376480835,0.07068136773948536,0.08236027955911514,0.00035984796460731,0.0006311472517465,0.6,0.8,0.5,82,0.0841102203712182,0.0563382879964453
24,46,0.07260602141218302,0.24958193859655572,0.2656690375452289,0.18373531129285448,0.06175079426231363,0.081598071659395,0.00037034431455838,0.000673681295744,0.6,0.8,0.5,83,0.0868665034251556,0.0607518061132544
24,47,0.07259949315956679,0.24948342251812086,0.26556501406158817,0.18367551454982953,0.05029821853534596,0.08161726143351458,0.00036986630641832,0.00067189784589818,0.6,0.8,0.5,84,0.0868060368796268,0.0605945228676759
24,48,0.0738072085526301,0.23847458689630144,0.256782933149768,0.18596162865703234,0.10996265254224831,0.0880831404322432,0.00037053441985938,0.00060728609085236,0.6,0.8,0.5,86,0.0598914938349588,0.0456413934435412
24,49,0.07067082246898448,0.22461438559116306,0.2393187522156133,0.17819303253050775,0.12460826912693289,0.08540150241081976,0.00037779953449022,0.0007662310023109599,0.6,0.8,0.5,87,0.0515347671253807,0.0482599119753078
24,50,0.06953019452677894,0.2200004186125264,0.24043111277320306,0.17908796232296445,0.10359440963753257,0.08498632681340387,0.0004336829848899,0.0011105061943491,0.6,0.8,0.5,88,0.0464137846338401,0.0451480007100448
24,51,0.06963916673556592,0.21738603689826605,0.23468875524597996,0.17594371485390845,0.062391286623049706,0.08579196060107519,0.00041196659753275,0.00082525892837358,0.6,0.8,0.5,89,0.0431698808686724,0.0430971735808497
24,52,0.06884980722761358,0.2145179606283061,0.23762991533101324,0.22949093773888915,0.05924222669632086,0.08605097163641243,0.00041785357769635,0.00065847769935598,0.6,0.8,0.5,95,0.0515807875891107,0.0398474377515597
24,53,0.06994436494674441,0.2154047878058772,0.2385059951658521,0.22063811136097927,0.0535015314941812,0.08742763597500833,0.00045346104740132,0.0011475421462511701,0.6,0.8,0.5,97,0.0524451843290157,0.0391094542772885
24,54,0.0689239526323801,0.21091583620226634,0.23084544458231185,0.2080147428596428,0.06887355961702119,0.0864161361546205,0.00045888049336890004,0.00097297768168348,0.6,0.8,0.5,98,0.049566579499584,0.0383723930919615
24,55,0.0681641015962146,0.2085079106810597,0.2313075733212905,0.22568709529319725,0.07752389096758315,0.08631093180489649,0.00041791265079078,0.00065862551603739,0.6,0.8,0.5,99,0.0494161163447818,0.0397538061043146
24,56,0.06812409517472179,0.2080719289906131,0.23084835211208857,0.22541572479145802,0.055609354641140744,0.08635739285146539,0.00041929644583853,0.0006464388722943,0.6,0.8,0.5,100,0.0486665644139425,0.0395636758451311
24,57,0.06883746407632803,0.20843312444353457,0.23415649214088025,0.250529424632257,0.055505328087092874,0.08820517979442405,0.00037492320060733,0.000495353174449,0.6,0.8,0.5,107,0.0632416911818168,0.0372459131504422
24,58,0.06865392591380497,0.20698274388480858,0.23263179590571462,0.2500040458432294,0.06360219467269464,0.08823014297799928,0.0003769309847948,0.0004961383408670701,0.6,0.8,0.5,108,0.0623491130141312,0.0373653706879783
24,59,0.06727766948415975,0.20191792167737224,0.22735096387254386,0.23659733933952729,0.06248761481400677,0.08685433425213088,0.00038054545373551,0.0005418422238145199,0.6,0.8,0.5,111,0.0629624117469771,0.0391465110281737
24,60,0.06608097999121028,0.189886529787373,0.22953087988235987,0.30900259928766743,0.06442310311469347,0.08851520313486597,0.0006761509902853599,0.00104879750426482,0.6,0.8,0.5,125,0.1056066120105695,0.0505560935971202
24,61,0.06597924377839653,0.18666739930771958,0.2261317180579533,0.3244004814247939,0.05673739471456135,0.08909921691840397,0.00069662938011294,0.00098634246324379,0.6,0.8,0.5,136,0.1012385200002316,0.0481487969474223
24,62,0.06752354603524557,0.19292013520466536,0.24750070999712978,0.4074152760886701,0.05786285363820969,0.0923052945502979,0.0006905242229127,0.00095342361270565,0.6,0.8,0.5,150,0.1285727300356369,0.0471070593995111
24,63,0.06530594687128467,0.18676520680297243,0.23518092468517754,0.3760385752028313,0.0556664385258321,0.08884115586450683,0.00069642661975094,0.0009453258024896,0.6,0.8,0.5,156,0.1037881536646442,0.0461434740082105
24,64,0.06530287316158304,0.20181837437513694,0.28376078048748576,0.596277825485853,0.05471211809310482,0.08967659260369772,0.00044217950855435,0.00061591172463016,0.6,0.8,0.5,188,0.0607197935746871,0.0358853565922303
24,65,0.06507747543223362,0.20446678314949507,0.2925127581416147,0.6586729988685407,0.054330494056381774,0.08933027106869851,0.00044144140110032005,0.0005959894661161,0.6,0.8,0.5,193,0.0619382322530707,0.0369879835866316
24,66,0.06501367347216083,0.2025800829531359,0.29052125928341344,0.668855233468702,0.06154826656468375,0.089634552581232,0.00043274790321247,0.00060978224121618,0.6,0.8,0.5,195,0.0516071147414452,0.0367188581786105
25,0,0.9392301183564951,0.983874568297436,0.9830578085462373,0.3936805975488377,0.0,0.0,0.0,0.0,0.6,0.8,0.5,1,0.9493158973258292,1.1452010015153922
25,1,0.886940391968671,0.9957650182191821,0.9905524156492223,0.41787529885919034,0.22261836348313238,0.06639996174913541,1.3324695750579999e-05,2.3936308309529998e-05,0.6,0.8,0.5,2,0.8853385589013109,0.9459458579805184
25,2,0.8033320950897865,0.9771518246083287,0.9734758863704507,0.4103704866688008,0.25612252149714415,0.08284244243081536,1.7421937992879998e-05,2.490340649955e-05,0.6,0.8,0.5,3,0.7706635991114129,0.8601393806411616
25,3,0.6342694390761314,0.9070893109982974,0.900340672261342,0.3665955321042269,0.4585366317354691,0.06667474822950088,0.00028392596956168997,0.00021456813985815,0.6,0.8,0.5,4,0.5379143631231192,0.7131525014979283
25,4,0.6291222200150118,0.9034905480817862,0.8966831311103498,0.36491753528073034,0.04590011622191026,0.06273187381998344,0.00022533854253678002,0.00016315709944687,0.6,0.8,0.5,5,0.5339028796016392,0.699412388338241
25,5,0.46306444105450445,0.8212502492399686,0.8101621860919259,0.31682225481892723,0.6227876589666166,0.06665289574549012,0.00015422673479353001,0.00013291517963536,0.6,0.8,0.5,6,0.3699975333483712,0.3578178144938616
25,6,0.4598614253205227,0.8208018511993437,0.812670754640471,0.32035422195313773,0.046714936676448715,0.06663238679213243,0.00015625070513639,0.00013555438051981002,0.6,0.8,0.5,8,0.3691318380854236,0.3570452727968608
25,7,0.3293270636780159,0.7268649103724875,0.7144593404671316,0.2619092439361925,0.321513647128851,0.050808117919601034,0.00012341290317051,9.983723330596e-05,0.6,0.8,0.5,10,0.3540269122984768,0.3234458629038534
25,8,0.3252691365277905,0.723647677360847,0.7110356686461141,0.2581086642559948,0.059589776860450895,0.05222729676788389,0.00012857764259982,0.00010641438553923999,0.6,0.8,0.5,11,0.3645026101094104,0.3269538547868927
25,9,0.2936148288109263,0.6962939649966473,0.6818177341132583,0.2501674963110213,0.2946716810668679,0.06787243309300119,0.00018564676228734,0.00015113480766807,0.6,0.8,0.5,12,0.2664441587923898,0.1846936521310292
25,10,0.2600046342701965,0.6631998050609051,0.6499837784463245,0.2419952958163531,0.0905988290325907,0.06909150914234485,0.00028804827375696003,0.00021912511644994002,0.6,0.8,0.5,17,0.2686802291918327,0.1419634460593045
25,11,0.2506101676622654,0.6565158834693836,0.643238536946789,0.2465923980323752,0.04381489165107004,0.05940116861381246,0.0006190467983871199,0.00037122353218707,0.6,0.8,0.5,21,0.2799154864089941,0.1897234176089555
25,12,0.22793919064353424,0.6278457223729801,0.6160255854978192,0.22935550874896515,0.23327448803305761,0.06144718224309761,0.00074348838291988,0.00047792577182547997,0.6,0.8,0.5,22,0.2474000364360526,0.194832174118595
25,13,0.21800600286306812,0.6155280484964611,0.603143722945464,0.2258394896989389,0.1133115011562035,0.05970572568639385,0.00063547027406449,0.00038513226811682,0.6,0.8,0.5,23,0.222465614947687,0.1777300409990219
25,14,0.21801539152597524,0.6169887863479854,0.6076558165077057,0.2282482133664516,0.036797396853454706,0.05976742572535311,0.0006347093797924,0.00038404462451662,0.6,0.8,0.5,24,0.2218804286149296,0.1787674782465622
25,15,0.22084790923703987,0.6228929087448833,0.6196716651197155,0.2658024862017951,0.03963210098156729,0.06531677662612871,0.00016314271220891,0.00023176461383542002,0.6,0.8,0.5,26,0.1929292936492565,0.1413050749216854
25,16,0.2085052758513363,0.605648003347562,0.6014766194253209,0.2488255512871156,0.16961307171758627,0.06779360482206208,0.0001916313282518,0.00024515583387568,0.6,0.8,0.5,27,0.1797816946996387,0.1287206266219925
25,17,0.18044916233404987,0.5638285074068287,0.5604546311752477,0.2334576669277765,0.34881319308919195,0.06989662856962989,0.00018550086997603,0.00024614169589206003,0.6,0.8,0.5,28,0.1497641217089269,0.0935627597014288
25,18,0.17491927257010037,0.553870262767624,0.5470715990681309,0.23029657212621638,0.09155205081044054,0.0678845708165978,0.00021959513833103,0.00028610085989135,0.6,0.8,0.5,29,0.1803393071708295,0.0950214598373907
25,19,0.1720966068871768,0.5497372615281513,0.5456564396611303,0.22243887441510107,0.0877692600532959,0.06964413250146763,0.0001948482212774,0.00026893216441243,0.6,0.8,0.5,30,0.1674814801737619,0.0896261198966252
25,20,0.15943041144235792,0.5306043259239143,0.5228931308520149,0.2154356887979736,0.11428985669626074,0.0592231739306075,0.00016978530518105,0.00026340530500874,0.6,0.8,0.5,31,0.1635723373328085,0.0893516344721753
25,21,0.15352213076572757,0.5211866066613352,0.5159837063043027,0.21461103424565983,0.10982892153913976,0.05905186272477608,0.00017136681986537,0.00022616039418967,0.6,0.8,0.5,32,0.1532401546257381,0.0836442229736111
25,22,0.1534181094321766,0.5224557735256978,0.5202967434044752,0.22970949899368326,0.036303000045420766,0.05903966493059178,0.00017151465381758,0.00022500386510068,0.6,0.8,0.5,34,0.1526381430171687,0.0840436355772221
25,23,0.14700734041045158,0.5056219303472393,0.5081861220080092,0.2257110428808297,0.08175068571797837,0.07138295134318885,0.00026716025099529,0.00036705098960948003,0.6,0.8,0.5,39,0.1359388467237256,0.0685045379274967
25,24,0.14308484031661456,0.49031770504058864,0.4947615734003224,0.23279971997021295,0.08886393241817722,0.08204273557719169,0.00024858765927494,0.00041642019355898,0.6,0.8,0.5,43,0.1378492127557943,0.0716725252805686
25,25,0.12294529950926472,0.4458141731800172,0.44526565310189725,0.19970374823991216,0.3072052289900096,0.07401583128570254,0.00034312839461933997,0.00039125318361007,0.6,0.8,0.5,44,0.1166254458597303,0.0752579790801637
25,26,0.11342922385892128,0.4245616146987476,0.4260197673091955,0.19231539707582695,0.11403855120606037,0.07051501512990635,0.0003675945031151,0.00045193153875961,0.6,0.8,0.5,46,0.1197825284798828,0.0750503632444039
25,27,0.11257021356812102,0.4155940315146428,0.41937338938528895,0.20915787318619666,0.0667763136466657,0.07718677070890931,0.00037737769893364,0.00047907121091866,0.6,0.8,0.5,51,0.1126177412785714,0.0749973339461458
25,28,0.11266178171204129,0.4170747433118666,0.4239018992099956,0.21530112164184467,0.047339602155866446,0.07741259668776992,0.00036520330661902,0.00047939530145599,0.6,0.8,0.5,53,0.1123864147569464,0.0745738905993917
25,29,0.11087357064911767,0.41884756633235154,0.4347724477814802,0.27321998919637286,0.04726534567789681,0.07509323600885386,0.00036708059201478,0.00048013137421925,0.6,0.8,0.5,58,0.1119002290876884,0.0763182402680659
25,30,0.905283919613356,1.2156395269229416,1.2435177196937233,1.1435785648803287,0.8429210992825905,0.06913605100717593,1.0,0.00035607192415569,0.6,0.8,0.5,86,0.0588362369074658,0.0840155535622419
25,31,0.903212416111087,1.2144949613916032,1.2542218574300965,1.1805770036219843,0.8665867518677408,0.06947351704621674,1.0,0.00034845502150693,0.6,0.8,0.5,88,0.0597080694169394,0.0867667167695145
25,32,0.9031379630841836,1.2158507102774312,1.2586286426944902,1.190019451750887,0.8419313979675936,0.0693711494822932,1.0,0.00034690369498112004,0.6,0.8,0.5,90,0.0608677582898823,0.0864311614564824
25,33,0.9027534841790125,1.2148660364474582,1.2575998185179498,1.1964135651232888,0.8476873610200661,0.06918820121511285,1.0,0.00034021535655275,0.6,0.8,0.5,91,0.0631705872638165,0.0838680503625499
25,34,0.9023157563128571,1.2127909271132966,1.252458505667301,1.1925711045419791,0.8431059654850188,0.06857157993079004,1.0,0.00036528089833204,0.6,0.8,0.5,92,0.0613367633575832,0.0830561471363812
25,35,0.9019759232730338,1.2089565923081125,1.2424757050455484,1.1724617459084563,0.846998701930827,0.06845025023765083,1.0,0.00034914138310892997,0.6,0.8,0.5,93,0.0644279294735881,0.0830738174464606
25,36,0.9006989312590632,1.207784405701726,1.2472031699209727,1.1959839663015381,0.8695859035203216,0.0684128278079659,1.0,0.00036835165866692997,0.6,0.8,0.5,94,0.0589042842485533,0.0851132198673572
25,37,0.0976242228256014,0.3999806088658536,0.4449538796971912,0.4288089165408435,0.05637940208913626,0.06760402093998227,0.0008074130272645501,0.00038780147551971996,0.6,0.8,0.5,99,0.0877726531966828,0.0805876313465891
25,38,0.8966175734476893,1.2021736442336846,1.2562219089056987,1.2435817078406766,0.8427978264385875,0.06781761586416428,1.0,0.00038276245953615997,0.6,0.8,0.5,105,0.0733017403500246,0.0817971886522077
25,39,0.09569610765597925,0.3996753098629152,0.45361136938875907,0.44529668078584356,0.048201591322692014,0.06658561996341329,0.0005924846301527599,0.00034746653268757,0.6,0.8,0.5,107,0.0686823764943833,0.0822875448565321
25,40,0.09528560536235949,0.3971715309345389,0.45095895662943764,0.44042946113276304,0.04305282580450261,0.06711708821804155,0.0007200319404284999,0.0003672775139139,0.6,0.8,0.5,117,0.0773881005670024,0.0804229636032232
25,41,0.09461387831495095,0.3939205614897407,0.4504761518191937,0.4579709868635011,0.05487491684433984,0.06855436069143803,0.00075648295273666,0.00041506945898716,0.6,0.8,0.5,120,0.104087860462668,0.0824007483949164
26,0,0.9656565468973773,0.9910088070162195,0.9905534117770513,0.398245177963527,0.0,0.0,0.0,0.0,0.6,0.8,0.5,1,0.8385412330131727,1.1312025207262129
26,1,0.8741379245697912,0.9919419791652223,0.9865297638271471,0.41547105452788474,0.2990775920884099,0.06660204497654135,1.302559186403e-05,1.800562800668e-05,0.6,0.8,0.5,2,0.9387784449056298,0.9459458579805184
26,2,0.8062380040323929,0.9762687966557153,0.972690819467761,0.408789910845904,0.2128053348823172,0.07814179532816382,2.217305860143e-05,2.3664416399599997e-05,0.6,0.8,0.5,3,0.7652360777715204,0.8507440442264235
26,3,0.586341018121512,0.8857053261269149,0.8778788684835699,0.3528769826479045,0.618463436707045,0.06650790781577745,0.00028187838416251,0.00021288567013371,0.6,0.8,0.5,4,0.5785873127726476,0.4167528412358943
26,4,0.5839266210998199,0.8833017048747271,0.8754747638928013,0.3519795192244865,0.037906721953408856,0.06263119125193754,0.00022796926328108998,0.00016266256649648,0.6,0.8,0.5,5,0.5675586635319305,0.445996685279507
26,5,0.5226148678094334,0.8566262942276265,0.8470868330483646,0.3430020528792356,0.16151908899836315,0.07438179942846022,0.00029490397602654003,0.0002308912981404,0.6,0.8,0.5,7,0.5186806823326975,0.4651201997439425
26,6,0.40761312073666134,0.7883497503857736,0.7784603023481295,0.3004074420713886,0.5056068494766883,0.07013931375130308,0.00029897243049011003,0.00023112946038033997,0.6,0.8,0.5,8,0.4030836134758232,0.3006080402620963
26,7,0.4054089471630166,0.7867396120496283,0.7767855052329957,0.3011989276053754,0.05090830273641529,0.06969783517456735,0.00024506330960869,0.0001809063567431,0.6,0.8,0.5,9,0.3995030730925298,0.3150023071432326
26,8,0.4052178462466147,0.7880314807703281,0.781127865645419,0.31603266637256705,0.042106587702802165,0.06950638437140413,0.0002440241936102,0.00017979734990206,0.6,0.8,0.5,12,0.3996902821238008,0.3157834148613438
26,9,0.3849622116809119,0.7758567160129497,0.7712041532204381,0.30595260296013854,0.09877013368823614,0.07309661088952281,0.00027474852921847997,0.00022632379242182998,0.6,0.8,0.5,14,0.3819198334369997,0.3506617283737073
26,10,0.36229139676061395,0.7597343981482171,0.7573703336572501,0.30332437697493597,0.14577635796639202,0.06884197124460259,0.00035842193613545,0.00022881909051527,0.6,0.8,0.5,15,0.4131314567519455,0.2691242193069571
26,11,0.36209054216971825,0.7595541641114198,0.7571867684521901,0.30930352484192525,0.04182016400409008,0.06865472043801105,0.00035636644424146,0.00022736435799924,0.6,0.8,0.5,17,0.414041535972164,0.2707522837586088
26,12,0.33838274338017404,0.742999335125475,0.7424952141688677,0.2973575361861536,0.20902474082106773,0.07768153442855906,0.00033439069738999997,0.00038906221310627,0.6,0.8,0.5,18,0.3895001699343209,0.2853112526598026
26,13,0.3047581660446685,0.7247099367169825,0.7232470216680632,0.3052862105846769,0.15305794097591674,0.0781748594878385,0.00060230161925999,0.00065053533352632,0.6,0.8,0.5,20,0.3503951618779078,0.1802044489786972
26,14,0.23378799331665645,0.6369844484880193,0.6340548115781685,0.2547674508981783,0.3152429007024291,0.07828071020392909,0.00059836905817691,0.00064633826876139,0.6,0.8,0.5,22,0.3059425362794821,0.1738985666664843
26,15,0.23160182020447737,0.6356548265043866,0.6356380748881117,0.2529749252748218,0.05728811535392314,0.0782510438897739,0.0005991582236137899,0.0006398097657297601,0.6,0.8,0.5,24,0.3116093911971494,0.1893575419236931
26,16,0.21266880237409688,0.6091366377139328,0.6048548331568488,0.24182498158071467,0.2115635210303027,0.07694384068697734,0.00033334455641889,0.00037569785666784,0.6,0.8,0.5,25,0.2323783319671667,0.1280661151858054
26,17,0.2087169266590676,0.6050277876440876,0.6035231245038861,0.24516463044083317,0.06528096671522667,0.0767502924684013,0.00033117717387317003,0.00037248973213079,0.6,0.8,0.5,27,0.2282917001617334,0.1268845372802274
26,18,0.19548235807796097,0.58663342570007,0.5842569995894805,0.23841604383171547,0.10705594042672945,0.07474703524137571,0.00033303771518358,0.00041009832284973,0.6,0.8,0.5,29,0.2215345774087794,0.1353623555183692
26,19,0.1734067598771622,0.5503699626904729,0.5490924044797517,0.22445590219018235,0.17675782272520485,0.07618130333957907,0.00033322656803185,0.00041560261119769,0.6,0.8,0.5,31,0.1650095022060642,0.0989043369994527
26,20,0.1734659991379304,0.5516445830003188,0.5533918962115506,0.23178992742722282,0.048476231824619076,0.07674104294609237,0.00035970320561116997,0.00044665797945857,0.6,0.8,0.5,33,0.1672525060625882,0.0939038406542857
26,21,0.16763165702219043,0.5420752917512561,0.5433991116309738,0.23083216071209728,0.07419528225549363,0.07478695707834067,0.00033337193759019,0.0004190535015218,0.6,0.8,0.5,35,0.1545215945594793,0.0970785649734102
26,22,0.1342396714860137,0.4681315917121566,0.46556706375050205,0.19013838415457832,0.5774548392617866,0.07943236647409609,0.00035009033587639,0.00047999063105644003,0.6,0.8,0.5,36,0.1221068710864929,0.1023678362357355
26,23,0.1324979415651438,0.4682524152083794,0.47463431947164575,0.22718025470731412,0.0538966956255617,0.07937182514318844,0.00034137683155727996,0.00045711055655885005,0.6,0.8,0.5,41,0.1207828195249753,0.092373512496789
26,24,0.12646410010736392,0.45981859204064673,0.46893052554695863,0.239638575863692,0.05194030593964081,0.07353933953227268,0.00036420777788392,0.00039120088980239997,0.6,0.8,0.5,47,0.1211220708396421,0.0852907662280747
26,25,0.11624080524132643,0.436876752272124,0.4478846585170158,0.24004911702610668,0.09640309620820768,0.07071289522981322,0.0004555374571465,0.00052903227238132,0.6,0.8,0.5,50,0.0948185187159727,0.0560246194963875
26,26,0.09941336480250239,0.38276532870594704,0.3880458443472836,0.20946410099207893,0.2239597817026834,0.07123354727419529,0.0003227760201554,0.00041947273866787,0.6,0.8,0.5,52,0.0813752221407107,0.0802230959502741
26,27,0.0975665382128288,0.37875813650463674,0.38683393456199755,0.20890317652476426,0.07783179620032124,0.07052330202948132,0.0003806732332318,0.00042733726074347994,0.6,0.8,0.5,53,0.087140031347886,0.0918249829755272
26,28,0.09756653819621326,0.37875813651013823,0.38683393456749904,0.21733298270572263,0.0428322813813086,0.07052330203874617,0.00038067323319709997,0.00042733726068439,0.6,0.8,0.5,54,0.0871400313398477,0.0918249830279616
26,29,0.097792819086964,0.3782555319834131,0.3892288998788865,0.22496819246316932,0.05460710881287935,0.07238530550677573,0.00037625306198666,0.00041792309587738996,0.6,0.8,0.5,56,0.0785294874056034,0.0843744754615588
26,30,0.08387282171606747,0.323635215338261,0.33479567019366846,0.19240547273926653,0.1744160575892767,0.0730378896533023,0.00047734980136833005,0.00049132030839321,0.6,0.8,0.5,59,0.0678816746821251,0.0738429417288389
26,31,0.07827017213800451,0.3055563433434312,0.318863222366025,0.191071574454453,0.07374694958473937,0.07036550533955657,0.00047759185738958004,0.000425634259819,0.6,0.8,0.5,63,0.0667548008447595,0.0876862362716123
26,32,0.07167708504696964,0.271455299514191,0.2830208281906492,0.16934871471415167,0.2798664784198258,0.07084437252420463,0.00046525555506098,0.00043407076025518004,0.6,0.8,0.5,64,0.0563976971537836,0.0748275376712007
26,33,0.07352569213564861,0.2787022052753338,0.30245293153785635,0.25448383534012353,0.045267233272074374,0.07398899755440554,0.00053761905537439,0.00043744208917196,0.6,0.8,0.5,80,0.0695087659053788,0.0920519900796931
26,34,0.07256578774600868,0.27015224353376,0.2875065058207288,0.23188266822969636,0.0648957915252918,0.07415312889241342,0.0005388892940659999,0.00043862997028462,0.6,0.8,0.5,82,0.069306471321923,0.0941225071236794
26,35,0.07250575825277544,0.27279658447219823,0.2962437580999311,0.25992773736583097,0.04603418151475128,0.07413577927952791,0.0005378331171961,0.00043699744346119,0.6,0.8,0.5,84,0.0693038106704248,0.0949799361825227
26,36,0.0720695581226977,0.2729335684487669,0.2993789489068877,0.27907153799600354,0.04675934868792756,0.07375003693071382,0.00053188638494586,0.0004323234828207,0.6,0.8,0.5,88,0.0688635226945351,0.096694223412819
26,37,0.07238948229400126,0.2747009108546692,0.3041985057656286,0.28798870000936744,0.04531879186534262,0.07428314239603875,0.00053765392858584,0.00043397602714296,0.6,0.8,0.5,90,0.0698918656506158,0.0969127826769087
26,38,0.0704106257511593,0.2623308585896063,0.2941523347122302,0.29023690374399175,0.09537030069553853,0.07526321801072491,0.00052482871871515,0.00041608285518517996,0.6,0.8,0.5,92,0.0619415484498393,0.0711208367412245
26,39,0.06970737681440764,0.2607247730935581,0.2924910381677731,0.3646215558197606,0.04577040572770774,0.07438406137713302,0.0005303787499073801,0.00043021305554875,0.6,0.8,0.5,107,0.066609747446456,0.0984471144553159
26,40,0.06880655415684614,0.26324821950043886,0.3041154954472386,0.4203568831133655,0.045887975221841806,0.07322148361991926,0.00051678180542813,0.00043941712427321,0.6,0.8,0.5,113,0.0695329508421452,0.098050533591742
26,41,0.06914837455831604,0.2620775631256054,0.2998884924389642,0.41070749692906017,0.04536093452755713,0.0737940794596286,0.00051651367821482,0.00045827344257775,0.6,0.8,0.5,114,0.0709071088819941,0.0992031467854063
26,42,0.069746161594784,0.26464854206247773,0.3085078975271838,0.3947677552614171,0.053605798251136504,0.0750946935950219,0.0005280366103611099,0.00046498311925919,0.6,0.8,0.5,115,0.0725549858011682,0.0923444364440969
26,43,0.07023138659679573,0.2642307563317251,0.3080350346422328,0.3956859515684093,0.0501295235062596,0.0762178239896506,0.0005239195949104,0.00046331410280473,0.6,0.8,0.5,117,0.0724780598449883,0.0922938927827381
26,44,0.07001128617497412,0.266713955099857,0.3166113318110062,0.4159659974379351,0.046642878093398635,0.07592457356722443,0.00052228908893818,0.00046373701889592994,0.6,0.8,0.5,121,0.0721471150879959,0.0921573522007597
26,45,0.07021538967926659,0.26914187266802875,0.325103106213495,0.4647125564533328,0.04942996694194849,0.0765098176437683,0.00053042833419466,0.00043893561294093,0.6,0.8,0.5,123,0.0728123934107294,0.0949124696561164
26,46,0.0678296826339482,0.25705631524872313,0.30057028435260874,0.45365071782142125,0.05293062686979705,0.07383382173265415,0.0005176187253854799,0.00044947900359066,0.6,0.8,0.5,127,0.0738661130940706,0.1061565410641065
26,47,0.06917000757781304,0.26851133204255084,0.3363554426875891,0.6099779599922986,0.04706495658182664,0.07661483267123682,0.00051778736222412,0.00040959803729974,0.6,0.8,0.5,154,0.0710642855345815,0.0989542737162952
26,48,0.06916326715863252,0.2699556693219354,0.34085236433183175,0.6205207595916814,0.04659962944031469,0.0766054204341475,0.00051830350969282,0.00040983346742967,0.6,0.8,0.5,158,0.0710463514172631,0.0989770480868992
26,49,0.06909654169849105,0.2721314398302439,0.34909335607680053,0.6382510386406118,0.04804340658779444,0.07671605010014933,0.00051799679933373,0.00040990074869058006,0.6,0.8,0.5,162,0.0745344531214353,0.0999014283721212
26,50,0.06876690561696772,0.2791726683459108,0.37436930763569487,0.7856147335596534,0.04693589928999818,0.07613441974182313,0.00056116148564472,0.0009209126648310299,0.6,0.8,0.5,195,0.0697225093839184,0.105587310799106
27,0,0.8910085658544261,0.9703349596602561,0.9688324915288085,0.3850177351369169,0.0,0.0,0.0,0.0,0.6,0.8,0.5,1,1.1501265796249422,1.1227325257258614
27,1,0.8850326290603029,0.9952943354531759,0.9900500709682304,0.41762886220719636,0.1337528650000287,0.06666217976727677,1.3250216525330001e-05,1.885375986031e-05,0.6,0.8,0.5,2,0.8938691324062076,0.9459458579805184
27,2,0.7724705354948118,0.9637897148254332,0.9596463521145712,0.40033139635601633,0.3112944674778715,0.07596292049245462,1.4471745344439999e-05,1.921239381287e-05,0.6,0.8,0.5,3,0.8881652514566265,0.8713321790253734
27,3,0.7726117360146538,0.9654416985561667,0.9643500105135664,0.404970427752271,0.04591553859681357,0.07632948437168671,1.480970741323e-05,1.9661065359040002e-05,0.6,0.8,0.5,5,0.8868557265723936,0.8699983812599129
27,4,0.5279668342638153,0.8570923614770171,0.8478230136288021,0.3370504129395155,0.7375808456307354,0.06663351224555644,0.00010345968211661,0.00010128443465723001,0.6,0.8,0.5,6,0.6942052881812469,0.4218143319989532
27,5,0.5116857694269842,0.847124696382899,0.8343686288464601,0.3361299606260223,0.09928690767774707,0.06666889988650629,0.00012746230059607,0.0001269727986393,0.6,0.8,0.5,7,0.60325905369005,0.6985881652548704
27,6,0.40329884168999935,0.784685920956603,0.774725639171571,0.2953064126633989,0.49062191529821103,0.06663663727164446,0.00015722168483196,0.00013013792660995,0.6,0.8,0.5,8,0.461899782864051,0.3188115077609352
27,7,0.3922850596482482,0.7757627575695408,0.7623723915941041,0.30081554698688706,0.09278195726471873,0.066641629923548,0.00012798321567328,0.00013080485525414,0.6,0.8,0.5,9,0.414189391658086,0.4706451103510841
27,8,0.3434609451327748,0.7401911336074456,0.7279811598908978,0.2837732048227814,0.16704533754312326,0.06650729060117425,0.0001525767105696,0.00014415013911908,0.6,0.8,0.5,11,0.3537211973542606,0.3817878349178192
27,9,0.3354873820077888,0.7350861221960001,0.7255919078908432,0.2854376175693598,0.06302860007748784,0.06664609238436606,0.00016535402533941,0.00014893344612659,0.6,0.8,0.5,13,0.3428257676660267,0.3475526718041833
27,10,0.33066133358046074,0.7324960594979373,0.7258511388861923,0.28887246509107173,0.05403173033447522,0.06661103468094097,0.00016171166567570999,0.00014604242847444,0.6,0.8,0.5,15,0.3309280525818371,0.3339801284168058
27,11,0.3246667258078177,0.7244498670003945,0.7114433616951751,0.28374541114192864,0.074808672111767,0.0663863582113364,0.00017078135154638998,0.00023137451042191,0.6,0.8,0.5,16,0.3571100674220448,0.3480053927167506
27,12,0.3238305801456466,0.7284561836893869,0.7244649864685003,0.29243347381965534,0.06228693022504933,0.07044469063176231,0.00023096776378125,0.00020858787757197,0.6,0.8,0.5,17,0.2846970499298898,0.2981517390947708
27,13,0.31424064328847473,0.7170536754906192,0.7065181697797739,0.2915721639836406,0.10220391276676843,0.0705889041381739,0.0002517959942447,0.00033545661746644,0.6,0.8,0.5,18,0.3266496083169308,0.2979372457324435
27,14,0.3103951269787749,0.7122515903541687,0.6984993555531666,0.2876935287694164,0.054253838896393757,0.07039963441177088,0.00025443172476933,0.00033382489247417,0.6,0.8,0.5,20,0.3273106978729861,0.2943232971409708
27,15,0.27403079486455373,0.6768289290382342,0.66147558731107,0.26774885401491505,0.25566680132435876,0.06360379627791146,0.00042504343575739,0.00059764867199568,0.6,0.8,0.5,21,0.3144460085681821,0.2841111290499479
27,16,0.2676288218170539,0.6713723248843564,0.6584934838288441,0.27154500633476464,0.08276236398275512,0.07122190540482409,0.00035077524544532997,0.00059164219854332,0.6,0.8,0.5,23,0.3084891128066873,0.2256619063208716
27,17,0.2648356127964761,0.6682783889459606,0.6551975574734572,0.2632979211283501,0.07167002777782648,0.07270852564422828,0.00035246275300211,0.00059371012124705,0.6,0.8,0.5,24,0.2955030610947344,0.2157301086405814
27,18,0.2590051875047495,0.6633672384865187,0.6530478460907421,0.2748467068755339,0.0831855993574744,0.07181719028122828,0.00031348877434779997,0.00050158130027462,0.6,0.8,0.5,25,0.3042066882539807,0.2304006228468943
27,19,0.2541165690410903,0.656821247794458,0.6433542663196492,0.27349047404775517,0.05321146050166302,0.06622007521663296,0.00036543444910840003,0.00069369663817461,0.6,0.8,0.5,26,0.2946765034749759,0.2730957220160333
27,20,0.24930657301961406,0.651687781879508,0.6380759025450164,0.27896839666888285,0.05780917476139291,0.06250112024780083,0.00035557821528354,0.00062720812332212,0.6,0.8,0.5,27,0.2950606661759496,0.277478119082285
27,21,0.23838281357685934,0.6390220322548077,0.6273958632646843,0.26737644805526395,0.19031902472476683,0.07421283789508402,0.0002961782747254,0.00056823115188481,0.6,0.8,0.5,28,0.280142608426594,0.1988015445127444
27,22,0.2382735702068041,0.6386929535472688,0.6270072840423248,0.26999981853111993,0.05399371537322481,0.07563818674493857,0.0002918287660723,0.00055613177144919,0.6,0.8,0.5,29,0.2452708547438455,0.1988346223139933
27,23,0.2382292240930051,0.6386190377343178,0.6269254560400709,0.27503935395284207,0.0470537809635586,0.07579194641658571,0.00028763047946236,0.0005430117478172601,0.6,0.8,0.5,30,0.243551290594469,0.196738682323572
27,24,0.23680263351696512,0.6383357234819439,0.6296118299205362,0.2811771372206765,0.05723697514952331,0.07565287319894622,0.00028111609500639,0.0005289951935972201,0.6,0.8,0.5,31,0.2440220275969627,0.1964382515074794
27,25,0.23672447675352076,0.6379094348969007,0.629096097477295,0.30209781773059274,0.04965621904476948,0.07795998363563286,0.00026280069829195,0.0004692600162964,0.6,0.8,0.5,36,0.2325707331725159,0.2069391614417841
27,26,0.21420540886075157,0.6099765934338582,0.6027769002336882,0.28035276373579004,0.11155263346627196,0.07614215677654833,0.00032632923177864,0.00060834740219872,0.6,0.8,0.5,39,0.2035723716134774,0.1974652483445379
27,27,0.20614090437603072,0.6001785105678382,0.5954867109344726,0.28590704883986257,0.08285880675224375,0.07570994268166586,0.00019491767869794,0.00035228045754317,0.6,0.8,0.5,41,0.2068468150583049,0.1553712055574204
27,28,0.2052742749191855,0.5974349721541841,0.5896224334530639,0.2932001990156958,0.05501528968343079,0.07579384804214315,0.00019691458085692,0.00035111255766522,0.6,0.8,0.5,42,0.2064700915666473,0.1585885667764542
27,29,0.20461701461528606,0.5978102512368001,0.5929824402946994,0.30062519283175665,0.05072802852860854,0.07621850991683124,0.00020363037860164998,0.00036261711410449,0.6,0.8,0.5,44,0.2057418284851311,0.1566257707550211
27,30,0.19845021061737117,0.5900648230308461,0.5878234663689462,0.29481363181607867,0.07783887328319729,0.07619229021980749,0.000216524608077,0.00039169780680625997,0.6,0.8,0.5,46,0.1980429531964283,0.1513996199595899
27,31,0.19780970360342445,0.5892118230895921,0.5869390292093241,0.3051072240803966,0.04727982338463594,0.07578245702657628,0.00022360017637762,0.00040751621345914995,0.6,0.8,0.5,49,0.1945718073257801,0.1495126042388226
27,32,0.1979168068669809,0.5907680684863467,0.591546874731847,0.3107130605443358,0.046181648296741866,0.07601551407924109,0.000211016828281,0.00040097788468882,0.6,0.8,0.5,50,0.1981349711210643,0.1513496291771319
27,33,0.19557544825114537,0.5873823590775262,0.5880086555822901,0.3084116261242415,0.06635379795840425,0.075412598080229,0.00021150183928259,0.00037495819123590997,0.6,0.8,0.5,51,0.1943844724988412,0.1500625247638436
27,34,0.19536423916887982,0.5882938985269203,0.5919248294828027,0.344898577783845,0.046674107741464875,0.07607031580151495,0.00022041169523643998,0.00038988713309642,0.6,0.8,0.5,61,0.1929845184283999,0.1508046828411599
27,35,0.19395357503852512,0.5875163635841307,0.5940827659447876,0.3932737637486211,0.04743269001211816,0.0762184457945111,0.00022060916049702997,0.00038294320365983,0.6,0.8,0.5,73,0.1936087839925197,0.1512522870588272
27,36,0.1936497445463783,0.5900442174472416,0.6027045152095627,0.39236998946585067,0.047629009972024496,0.07596719056987623,0.00021666594069095,0.00039400589007201995,0.6,0.8,0.5,74,0.1933774072862895,0.1481938304722969
27,37,0.19350587675778147,0.5882533375564096,0.5978341205886594,0.4113882953846856,0.04793626917032861,0.07629210815569323,0.00022041916610764,0.00037822231344215,0.6,0.8,0.5,76,0.1947730909808524,0.1468271511695384
27,38,0.19301869840537003,0.587480263800548,0.5970209762503825,0.4040487732106657,0.051612808305708156,0.07632108988710842,0.00021837857034581,0.00038246438955475,0.6,0.8,0.5,77,0.1953218221625665,0.1479555027313798
27,39,0.192932823309328,0.5873710546468001,0.596908520668232,0.41682481986628406,0.04655549056582608,0.07625190470042252,0.0002158140019391,0.00037983481755622997,0.6,0.8,0.5,78,0.1935439401562272,0.1463655458987999
27,40,0.1928125073911772,0.5871687379780339,0.5966947527579943,0.4197094410189359,0.04771570961206023,0.07628840076704221,0.00021848135019728,0.00037912973305003004,0.6,0.8,0.5,79,0.1931839393758632,0.1453605208170805
27,41,0.1925088929220725,0.5881611113052228,0.6007174754233777,0.4254152751353105,0.04920736804340513,0.07625717850729936,0.00021935398197459,0.0003797698349722,0.6,0.8,0.5,80,0.193264732380879,0.1455886951331471
27,42,0.1923980503770864,0.5879885726913612,0.6005363670049214,0.428709436354388,0.04728057765445079,0.07625000580182124,0.00021988274538648,0.00038101307839491,0.6,0.8,0.5,81,0.1930712900154142,0.1454416721886715
27,43,0.1922838768961518,0.5863433389898982,0.5958280738953564,0.4316364936105157,0.04748504524109621,0.0762706983331285,0.00021839917532589,0.00038006354725913,0.6,0.8,0.5,82,0.1933567076407202,0.1458933287863646
27,44,0.19222186956822332,0.5891668194918718,0.6047531456889208,0.44411850501786876,0.046436553131139084,0.07626355129412106,0.00021853206807316002,0.00037986349534607,0.6,0.8,0.5,84,0.1933760962662761,0.1457168576727633
27,45,0.19157844402525537,0.5880728796327876,0.6035969773125929,0.44346765238271973,0.0547214270490694,0.07646309893989228,0.00022735524153145997,0.00039574753027670997,0.6,0.8,0.5,85,0.1920009374506633,0.144298448474254
27,46,0.186893988356885,0.5851682174700896,0.606643444801877,0.4809598668147278,0.047715581661105955,0.07161208271258004,0.0002504345183401,0.00065699034587545,0.6,0.8,0.5,90,0.1641043783867282,0.1627282453930283
27,47,0.18508520640594617,0.5832523262458982,0.6075720876238792,0.4891692052966424,0.05843006230596353,0.07281904264163983,0.00025438268499159,0.00068710372427688,0.6,0.8,0.5,92,0.1664192647297391,0.1617806564954081
27,48,0.1845076801086866,0.5790222592633888,0.5971398020203015,0.4977752782698321,0.057907047617027765,0.07376474892181296,0.00026322324275694,0.00070825544733748,0.6,0.8,0.5,93,0.1727359110248401,0.1633802148202324
27,49,0.1841395789041697,0.5799682449839041,0.6011201474358109,0.5293676857145929,0.04518766567252283,0.07353300038345587,0.00027431697506747,0.00068153980492523,0.6,0.8,0.5,98,0.1665948598011904,0.1721640585638439
27,50,0.18411630307817092,0.5813373587777694,0.6055334686977167,0.5250647513718224,0.045173129110119635,0.0736469160288093,0.000278681291579,0.00070772058176768,0.6,0.8,0.5,101,0.1762632794465832,0.1688898074291804
27,51,0.1820105934312919,0.5767613063390915,0.5977745118588845,0.5351791456512383,0.061868150544194304,0.07279246200674806,0.00026455265338853,0.00064918055232803,0.6,0.8,0.5,102,0.1681016385548709,0.1647473372014597
27,52,0.18165853726453948,0.5877286204833543,0.6331213945203186,0.5906275357744419,0.04475110182741536,0.07303149250296696,0.00032261061478749,0.0006396102356241,0.6,0.8,0.5,120,0.1623048033672943,0.178077158414397
27,53,0.18126958086300352,0.5891689966630578,0.6405306555720495,0.6653814239761006,0.047937062462288696,0.0751640019676119,0.0003121440091836,0.00056235845339804,0.6,0.8,0.5,128,0.1757923441156183,0.1677865551669269
27,54,0.17854221886933058,0.5931594308835159,0.6597144660170001,0.6911832786976361,0.045381956854663355,0.07196737132134932,0.00028122984186583,0.00068217252316029,0.6,0.8,0.5,134,0.1692519301642767,0.1610454243334795
27,55,0.17887267701317872,0.5859478833469423,0.6372070900599714,0.731058402861309,0.046497631739442456,0.07307375568666416,0.00032532585576403,0.00065356920289375,0.6,0.8,0.5,136,0.1759615516327189,0.1699220296825699
27,56,0.17899766792054808,0.5874426820551911,0.6417439009049585,0.7552829539209797,0.04543814821675667,0.07349535962863493,0.00032618699077035,0.0006540760508749499,0.6,0.8,0.5,138,0.175851825520221,0.1700257313031616
27,57,0.17584862178534527,0.5879602878181919,0.6513333359326015,0.719601286105172,0.054459671117950914,0.06983945593275864,0.00036295007695402,0.00071550485481813,0.6,0.8,0.5,139,0.1609844880019734,0.1635396346997355
27,58,0.1745793084985507,0.590812185628442,0.6633132009215903,0.7544235166982111,0.04207057242277139,0.06842702262208081,0.00030430018485433,0.00068943523041275,0.6,0.8,0.5,149,0.1649176562476397,0.1638480909619143
27,59,0.17521314995573498,0.5917808397441927,0.6671988924081419,0.775129369545987,0.053100195820228256,0.07210499359667147,0.00031906907542858,0.0006451046510712801,0.6,0.8,0.5,151,0.1645298835323719,0.165445783465598
27,60,0.17518313298669524,0.5932089874794044,0.6716799712250506,0.7818422752597223,0.04382223091357687,0.07205945552673865,0.00031914230354154,0.00064290289409825,0.6,0.8,0.5,153,0.1645063423630678,0.1653691820745073
27,61,0.17364911378385892,0.592358970344284,0.6737903205419566,0.8054017106054763,0.045858739913863765,0.07132228882764699,0.00031064583006591,0.0005848512297424401,0.6,0.8,0.5,158,0.1677311558746761,0.1685045869664162
27,62,0.17398068001466335,0.586798971599345,0.6560114481948716,0.7934727177807186,0.04462204097615363,0.07197971562200557,0.00031174330295623,0.00060445765648488,0.6,0.8,0.5,159,0.1699444724552793,0.1688015944070565
27,63,0.17374803902566266,0.5863944023791665,0.655586412245015,0.80005456181117,0.04651646046588512,0.07200334402885304,0.00030803671022303,0.00057938993915885,0.6,0.8,0.5,160,0.1695527578611497,0.1671834662580721
27,64,0.17246632926518107,0.5875173942861687,0.6627547497362025,0.8158135157175164,0.04728742639648068,0.0709282194512781,0.00033104766112169,0.00064492580012718,0.6,0.8,0.5,162,0.1630699001417587,0.1647777974000275
27,65,0.1725341010273902,0.5890303370638413,0.6673191570688108,0.8377884807677721,0.04334472354284625,0.0710780265098264,0.00032923661121715003,0.0006413050236224701,0.6,0.8,0.5,164,0.1630664518041681,0.1647093750401066
27,66,0.17417343036608812,0.5946928445013757,0.6820991384036111,0.9025836100436158,0.04597186648265548,0.0746237260762834,0.00034857344763637,0.00057422655132056,0.6,0.8,0.5,173,0.1673591021619914,0.1612146206730265
28,0,0.9912636919742399,0.9977418695066096,0.9976274476978825,0.4025530942100871,0.0,0.0,0.0,0.0,0.6,0.8,0.5,1,0.7350668362003875,1.1235107563710702
28,1,0.9142933423502219,1.0039975108301258,0.9991961155342558,0.4231823937916119,0.26235084077533,0.06659527043703892,1.36707556905e-05,1.5623553135729998e-05,0.6,0.8,0.5,2,0.772674027707905,0.9459458579805184
28,2,0.8741563704144977,0.9903120761489482,0.9849368263653895,0.414225223786495,0.11572282736627067,0.06268429727799044,7.6189958047761785e-06,8.628364666733767e-06,0.6,0.8,0.5,3,0.7083153939599556,0.9332508381606074
28,3,0.5907404060339475,0.8877561163549189,0.8800317104722325,0.354202394100566,0.77553429409448,0.06642747100476519,0.00030932999141975,0.00033775843737324,0.6,0.8,0.5,4,0.5623893490335405,0.424198231893117
28,4,0.5807840998290281,0.8844873105669476,0.8795868119509783,0.356308219540686,0.05566391031710673,0.06612121769023946,0.0002959812281894,0.00031995072343523,0.6,0.8,0.5,6,0.5661582394438126,0.4149579531818744
28,5,0.5165245454519658,0.8541127323477968,0.8443679681961184,0.34194878409081897,0.29030426474176074,0.07680955410557999,0.00032300074711026,0.00035338199050897,0.6,0.8,0.5,7,0.5566456329814611,0.4712448963816555
28,6,0.4516470622864145,0.8158373414121441,0.8074625032753762,0.32652846334576663,0.15470702887529136,0.06608901970203458,0.0002633644300526,0.00031257256065750003,0.6,0.8,0.5,9,0.3615551889799074,0.4534003637502752
28,7,0.40414940595858845,0.7870270930123576,0.7801164385072182,0.3043288855115035,0.257087869648741,0.06781376160574605,0.00032389920052157,0.00035191468513727996,0.6,0.8,0.5,10,0.4134176089031244,0.3027845385426351
28,8,0.3997619072988614,0.7851239233173045,0.7811522000025398,0.3060794729990495,0.04778549870437523,0.0660031580176264,0.00030884968811555004,0.00033158536302988,0.6,0.8,0.5,12,0.4029741345576219,0.3359900041884339
28,9,0.3977123992821359,0.7852654331487818,0.7842631509842352,0.31684899789923526,0.04604070396179232,0.06656629917049474,0.00030549588019364,0.00032987959244317,0.6,0.8,0.5,14,0.4102608323225419,0.3076469914534253
28,10,0.31605550913426095,0.7205726213942033,0.7132644367565252,0.2817051734154922,0.4881026123334404,0.06818998791814282,0.00032537664051891,0.00033542914814594,0.6,0.8,0.5,15,0.3147133686087719,0.2319444896019479
28,11,0.29726217306701014,0.7041744985230722,0.6990149863713598,0.2815080517671508,0.10086503742968217,0.06818998791814282,0.00032537664051891,0.00033542914814594,0.6,0.8,0.5,17,0.3102397296101266,0.2160586873719811
28,12,0.2711180992835924,0.6771167413395925,0.6676923227462584,0.2620373232030264,0.20743933830720138,0.06534861539633591,0.0003540429248981,0.00035635969856063,0.6,0.8,0.5,18,0.2743417110285343,0.2482202572689377
28,13,0.2583478554988194,0.6650562434909735,0.6581283607529109,0.26668029350595196,0.06216818223018421,0.061157583872768706,0.00033606419286494,0.00035271242239275004,0.6,0.8,0.5,21,0.2534447963609795,0.2088337296474761
28,14,0.24928529618543102,0.6547219919459518,0.6472707218102784,0.2600419173933311,0.1062963837844988,0.061157583872768706,0.00033606419286494,0.00035271242239275004,0.6,0.8,0.5,22,0.2492044604952059,0.2044238269119784
28,15,0.21718878085669424,0.6160924667242929,0.6067352229026798,0.2401515359431257,0.2958196011678803,0.05947142140907841,0.00035828366592618,0.00034747486269512,0.6,0.8,0.5,23,0.2102368556919207,0.2229603279360917
28,16,0.21224196048595464,0.6108207975385261,0.6041526234867464,0.23758071780471177,0.061188778605197225,0.060231048476895845,0.00035953678124261,0.00034770537563391,0.6,0.8,0.5,25,0.204796343638578,0.2156466419557115
28,17,0.20457558997221784,0.6007607639334547,0.5936359645263911,0.2403584303097744,0.09770147564980085,0.0584273919324,0.00039237279974851995,0.00037113067440016,0.6,0.8,0.5,26,0.1799367847657295,0.2057328935500873
28,18,0.19387356061483169,0.5848346491562599,0.5768292466182221,0.23880073871520674,0.09702720894492282,0.060837680218689925,0.00040412825261916,0.00038257304435786,0.6,0.8,0.5,28,0.2050715629680898,0.1484392490956778
28,19,0.18857432724998482,0.5753981233635469,0.5667132912138804,0.21833460603829444,0.13820980678323821,0.06744672075762906,0.00042133639563995994,0.00038140333695882,0.6,0.8,0.5,29,0.2343650375635581,0.1525628785114748
28,20,0.1665995621516308,0.538759397721301,0.5282733767656885,0.21575531796528663,0.2801566056132593,0.06566877193392139,0.00041836147374083,0.00037077799589159,0.6,0.8,0.5,30,0.1907693392045693,0.129935149977393
28,21,0.14537178205910423,0.49666568612076906,0.4869040834797746,0.20157836574794719,0.20081731686431945,0.06957065866931257,0.00047804552906978003,0.00044583175453865,0.6,0.8,0.5,32,0.1566970878841506,0.1116816080208545
28,22,0.13884732321497809,0.481480126177896,0.4679912253848422,0.20295334981421662,0.057226779140570824,0.06895430441088697,0.0004486526291147,0.00040411134010613,0.6,0.8,0.5,38,0.1615524865421169,0.1295931091244724
28,23,0.1352370187026887,0.47632145051250113,0.4626912121105702,0.2015978384995425,0.05880258021159664,0.06503217729033059,0.00042467191516773006,0.00041283220318614,0.6,0.8,0.5,39,0.1725021691333925,0.1154605286330451
28,24,0.1327179941708289,0.4759152635892356,0.4712396793943856,0.21164454657577564,0.05274838227661635,0.06334320893855248,0.00060253966797375,0.00066760665305591,0.6,0.8,0.5,41,0.1348687935780315,0.077888781428222
28,25,0.12601721765187382,0.4600235605506478,0.4545406807003673,0.21002856862682828,0.07552984582049378,0.0634291195430185,0.00060718750669764,0.00065390987214,0.6,0.8,0.5,44,0.1367345223564801,0.0739757390290774
28,26,0.12132134110112162,0.4488543050602793,0.4457552451776034,0.21302579870600236,0.08494655622825927,0.06439372523203232,0.00061493462120341,0.00065568183549854,0.6,0.8,0.5,46,0.1386433404663406,0.0766136718240586
28,27,0.1206328888508816,0.4472508404464943,0.44407593139651264,0.21196268362838974,0.04967672224476842,0.0642159269326382,0.000607344654779,0.00066998277492748,0.6,0.8,0.5,47,0.1304922274664391,0.0771716929555233
28,28,0.11980070680966573,0.4462267857037925,0.4459687792394528,0.21854364438135865,0.05809088488158966,0.0645577996003392,0.00061193426006965,0.0006638475028420199,0.6,0.8,0.5,48,0.132121352690154,0.0753757837154931
28,29,0.11980070677123426,0.44768612658999013,0.45048122070529695,0.23263849159055336,0.03955628112014864,0.06455779960962736,0.00061193425987323,0.0006638475033052501,0.6,0.8,0.5,50,0.1321213523668248,0.0753757836892711
28,30,0.11904052336126626,0.44363706741778064,0.44616273758794417,0.2358069462378254,0.07765119665413818,0.06708626347387454,0.00046542280008738995,0.00040539998649984,0.6,0.8,0.5,51,0.1380679703013786,0.1137739431877413
28,31,0.11678368185869949,0.43495598852444206,0.43402840039059526,0.23546829225120589,0.09610815234469638,0.06823316037905205,0.00045490569970391994,0.00040468998860193996,0.6,0.8,0.5,52,0.1364650560194926,0.0995307341806398
28,32,0.11484825623692123,0.4324299246648256,0.43145636129969817,0.23033338410957763,0.045885157871367085,0.06553461554668866,0.00045751716604561,0.00040217392617546,0.6,0.8,0.5,53,0.1419652898894943,0.102316636658419
28,33,0.11539881076821999,0.4326548492822516,0.43459276702340643,0.2505983431159725,0.06070719155684834,0.06814593269590186,0.00045251776187093,0.00040024467174313,0.6,0.8,0.5,54,0.1336219203135882,0.0969477887828382
28,34,0.11376266330726535,0.4303610314167097,0.4322469774152876,0.2573895761967211,0.04371300401652118,0.06603605796945114,0.00045195141709807,0.00039709525404242,0.6,0.8,0.5,56,0.1352275496023367,0.1021240961916268
28,35,0.11169017803752619,0.42503836202115963,0.42666893927438065,0.25963482490479745,0.0746814321307517,0.06570053679316304,0.00039073658139714997,0.00033737849033721,0.6,0.8,0.5,57,0.125540412941507,0.1022989499395134
28,36,0.11279713158549887,0.4268181667965712,0.4343801885950389,0.25328185345149207,0.05013056148027042,0.06883781651596604,0.00067173342327295,0.0007457877927028,0.6,0.8,0.5,60,0.1040885728495872,0.0815519814394004
28,37,0.11097386862615864,0.4222297121427345,0.42957803982682685,0.25021578345910406,0.07094340600444825,0.06836259610698737,0.00060726477745391,0.00068111137451531,0.6,0.8,0.5,61,0.0987517172185972,0.0855707225802123
28,38,0.10886568160521831,0.4198094957435438,0.4389012812882309,0.2864045209658952,0.053484445892157284,0.06987655442608542,0.00059862445144702,0.0008806180020983099,0.6,0.8,0.5,67,0.1035793948934482,0.0995239021526128
28,39,0.1076115785356136,0.41696513552131104,0.4388805104625382,0.3022141450264028,0.058692368307433525,0.07024763363583683,0.0006049495545238,0.0008811856891574399,0.6,0.8,0.5,69,0.1040513645166245,0.0992217333890969
28,40,0.10663692647667083,0.41449888149093894,0.43628741773748614,0.2974870753071412,0.05394212094681287,0.07029921444805143,0.00063241879289869,0.00085169857031125,0.6,0.8,0.5,71,0.1053410207817253,0.1014455529352505
28,41,0.10034503193625084,0.3934331391860664,0.41120624806361206,0.28211373071384754,0.1691859375643361,0.06892104764888339,0.00073388951008548,0.00113246017586237,0.6,0.8,0.5,72,0.1057832357628845,0.0880081407733103
28,42,0.09656746503243029,0.38352420530850556,0.40380453407406824,0.2868318498892227,0.07945671818899332,0.06829472379956265,0.00063626972102659,0.00085965392292538,0.6,0.8,0.5,74,0.0913771883467082,0.0875695684181541
28,43,0.0967694698656902,0.3859462831038235,0.4152357475346615,0.3455759035605487,0.04509294164372438,0.06989666032218525,0.00064521307311762,0.00094099489793318,0.6,0.8,0.5,83,0.1027066486125263,0.099505387047116
28,44,0.09558074227628129,0.3828386973153237,0.41199280074284383,0.3735954539082511,0.04556000569687366,0.06924469955633658,0.00074328712445718,0.00069672613762444,0.6,0.8,0.5,89,0.1100088852744741,0.1050230539110828
28,45,0.0945600290750861,0.378404350213466,0.4102701420418461,0.3727631244809406,0.0898115010672563,0.0703078921418371,0.00074226499759814,0.00111726771617319,0.6,0.8,0.5,90,0.112281136088415,0.1033490882492411
28,46,0.09262520801785687,0.3819555811226438,0.43191272271103326,0.4458822309436147,0.04443761492716999,0.06938428750453196,0.00068999514418628,0.00087261877780387,0.6,0.8,0.5,107,0.0990200389414427,0.0938004953308491
28,47,0.09276279225072838,0.3794519924258435,0.4262742558886658,0.4354495451623647,0.04875433800367809,0.07026976962106032,0.0007147607755435299,0.0009113258840961101,0.6,0.8,0.5,109,0.1011374451611684,0.0933049955374566
28,48,0.09245561996423149,0.37774363930913,0.42742181424811193,0.46417870504543784,0.07075353726416833,0.07122303101502159,0.00077945726004366,0.00111532796477812,0.6,0.8,0.5,110,0.1039757941869984,0.0956485022012616
28,49,0.09148976741312748,0.371117328702301,0.4115481594765647,0.3749051339430291,0.04939769600097706,0.07035158884821809,0.00081944769100826,0.0010780117791754401,0.6,0.8,0.5,112,0.1005972505378586,0.0946149168608675
28,50,0.09044415245040514,0.37118964744556227,0.42055681460171235,0.4592996178352308,0.05867492489518908,0.07058490882025309,0.00074021218556439,0.00111762957234467,0.6,0.8,0.5,114,0.1039344975570259,0.0926283487190427
28,51,0.08842814601608268,0.37148977950332146,0.43282997579499194,0.5317054589985274,0.04565230800422623,0.06946569866049276,0.00070814148487738,0.00088971241120137,0.6,0.8,0.5,125,0.0987299978969275,0.0941419904678154
28,52,0.08884060792919335,0.3710672495240091,0.43530536163964373,0.5552771727406891,0.05091184790440773,0.07135976902432592,0.00074738054770004,0.0009180390582134001,0.6,0.8,0.5,128,0.0989164419457443,0.0887006402388357
28,53,0.08839647361897474,0.36596575545302,0.4210257186137292,0.5338472546653106,0.046090990255179175,0.07083027187621621,0.0007154804461432099,0.00090225639570878,0.6,0.8,0.5,129,0.0974731705790847,0.0924737437251418
28,54,0.08754933577136509,0.3658582971023039,0.4239228388209333,0.5501091261780204,0.04385592699086476,0.0698172014016061,0.0007178800635406701,0.00089655605383438,0.6,0.8,0.5,136,0.0980300146980981,0.092192052642103
28,55,0.08766970448148842,0.3714800583413506,0.4417343508895604,0.5889546069701136,0.04468431680189894,0.07019927340942975,0.00071398802090617,0.00090692082147037,0.6,0.8,0.5,138,0.0972132740680529,0.0934213764467567
28,56,0.08770099217386643,0.36993346675257,0.43712667894283275,0.6244672446781189,0.04348620417815472,0.07031506250772078,0.0007143485614521099,0.0009081182403671499,0.6,0.8,0.5,142,0.0971802221401919,0.0938392888797313
28,57,0.08782171710950713,0.37145938980760634,0.4446570104130745,0.6273526900240773,0.057685166597720966,0.07128891824186805,0.00075132058445457,0.00091441925107548,0.6,0.8,0.5,143,0.0976031508181543,0.0889402316599938
28,58,0.08771078125141381,0.3707986069845554,0.44395931281179335,0.6342469783836457,0.046412041754847366,0.07139717771926565,0.00075335688355095,0.0009175108254149999,0.6,0.8,0.5,145,0.0973678230706199,0.0895055352288864
28,59,0.0876052481503418,0.36903737853617596,0.4391318139706873,0.6811101176157885,0.04405722683721102,0.07132990588816066,0.0007543645052039501,0.0009131139797482901,0.6,0.8,0.5,154,0.0972122244174154,0.0897815488113662
28,60,0.08617916052273274,0.3685580854798895,0.4416712535062624,0.7342617454377417,0.04301084092549625,0.0692871499906266,0.00071931858293351,0.0009005365957764,0.6,0.8,0.5,168,0.0969723481818597,0.0938635614289819
28,61,0.08600035070691803,0.3678880671469041,0.4409683175940717,0.7338258008392949,0.043958190706965834,0.06925165255942968,0.00071980266536283,0.00090209232264413,0.6,0.8,0.5,170,0.0976626089948602,0.0936422899416871
29,0,0.9192414458058443,0.9783466377720023,0.9772499311436227,0.39014372905812505,0.0,0.0,0.0,0.0,0.6,0.8,0.5,1,1.033815016832142,1.149726423632683
29,1,0.8581743075547253,0.9868941224704659,0.9812333700706624,0.4121919580476896,0.24548892600393443,0.06636953829616396,1.373949001642e-05,1.588216203814e-05,0.6,0.8,0.5,2,1.0042257375687575,0.9459458579805184
29,2,0.7740481943188605,0.9628602639093388,0.9587855363342331,0.3989160880485044,0.24299068861147327,0.0721519483796009,1.817132211892e-05,1.721331288971e-05,0.6,0.8,0.5,3,0.8672217300004246,0.857099565659728
29,3,0.6023545668766574,0.8930183008783592,0.8855628019950403,0.35755160893132454,0.5003454779975184,0.06642354625863693,0.00026889476086080003,0.00031194273890274,0.6,0.8,0.5,4,0.6646857169908066,0.7057366065714359
29,4,0.5982721670869334,0.8898698717744633,0.8823754545837933,0.3561827829842825,0.04314244988474312,0.062580094936825,0.00021394888860087002,0.00025206132038961,0.6,0.8,0.5,5,0.6558164726014215,0.6927739801601892
29,5,0.5484616578398235,0.8660440418728862,0.857371357108985,0.3434315421988019,0.11746796531832629,0.061908172106143224,0.00010810052720901,0.00010600659571679001,0.6,0.8,0.5,7,0.5310179119339484,0.5810619028942556
29,6,0.4184674282461518,0.7941578954781404,0.7847822505040144,0.29962326229639635,0.5493056727248848,0.06297283312999855,0.00025389904679377,0.00022829403069826002,0.6,0.8,0.5,8,0.3563364879754399,0.3605222641588671
29,7,0.4030315261977593,0.7855397688294179,0.7786698699249015,0.3035235974634017,0.07608657760940732,0.06422720427315252,0.00023384295204564002,0.00021606664742434997,0.6,0.8,0.5,10,0.3605310874449154,0.4437532817920668
29,8,0.4012317461576959,0.7866098086063368,0.78263666483525,0.3062983469020691,0.04862386566604178,0.06833850670472448,0.00042260473111018995,0.00037557866653698,0.6,0.8,0.5,13,0.3158635493817955,0.3936417502625232
29,9,0.39021223013200307,0.7768166222848113,0.7694741523389428,0.30936278915993487,0.05377948054553983,0.06481207955865018,0.00044429883357373996,0.00039337039775163,0.6,0.8,0.5,16,0.255159805165547,0.2637564779709972
29,10,0.36524286678904433,0.758347822962948,0.7501115176191682,0.2994962159832138,0.16035192373698043,0.06359967061572905,0.00037161426087979003,0.00032351835476759,0.6,0.8,0.5,17,0.2512142118666927,0.2638080125882726
29,11,0.35212080543841406,0.7505251969495715,0.7479961861499398,0.3014281293465493,0.05385048354341157,0.05906107555553306,0.00026631150681025,0.00020854858140275002,0.6,0.8,0.5,20,0.2768796253273033,0.259528819281886
29,12,0.35224466627990453,0.7507271957868764,0.7481832695924769,0.304129819493507,0.03825136307705579,0.05989631684654969,0.00026182676070627,0.00020574690725024997,0.6,0.8,0.5,21,0.2762258275289438,0.2585111898319712
29,13,0.35027998831295143,0.749988433878074,0.7472158736591079,0.31879205672932065,0.055599590041254664,0.06619415725120753,0.00026898051210907,0.0001893965846107,0.6,0.8,0.5,23,0.4041692942246678,0.313772004436765
29,14,0.31857633715276434,0.724488166455314,0.7235989279624353,0.30435136005883723,0.19530821086590192,0.05940672632511047,0.00041043520492839,0.00038228834456953,0.6,0.8,0.5,24,0.314932583539834,0.2921543877703286
29,15,0.3198474552132677,0.7274478908506078,0.7295502452931828,0.3182804825857028,0.04175633959412146,0.06412253681044408,0.00031790014068012,0.00029816840882982,0.6,0.8,0.5,27,0.3309427223669666,0.2868626574065326
29,16,0.31632116537639926,0.7230638809513127,0.7218843593709423,0.32474616911893867,0.05597257202356775,0.06509299379040448,0.00149237169106365,0.00044237025656508003,0.6,0.8,0.5,29,0.3811751584677638,0.3965935682402072
29,17,0.30348081498465784,0.7113569245972858,0.7096261981998774,0.31954413624979433,0.11456570774960102,0.06403343405667236,0.00129379841066185,0.0003844852853315,0.6,0.8,0.5,30,0.353447129025051,0.3791852015059207
29,18,0.27275468723984947,0.687436197403369,0.6934665407588301,0.299711945417356,0.07936340451482518,0.06452362822970117,0.00020784597390467998,0.00015020357328996,0.6,0.8,0.5,35,0.2162466852330809,0.3046879385500966
29,19,0.2577965630146881,0.6683388906220851,0.6704167696456111,0.2734056630172051,0.1496904390151421,0.06455644014949212,0.00029634875357137,0.00020896847625261002,0.6,0.8,0.5,36,0.1778717527502028,0.2897366110193418
29,20,0.24191756021196462,0.651843185646464,0.6560870926716847,0.2767474349947193,0.15936592643793834,0.06396607015535805,0.00022259019642716,0.00015512706072228,0.6,0.8,0.5,37,0.1827253540184356,0.270276905634925
29,21,0.23868231993567776,0.648098208492681,0.6521700530753223,0.2742329356411815,0.06179572971884311,0.06321168838645927,0.00029083640643741,0.00025713909031764,0.6,0.8,0.5,38,0.1693286193538564,0.2798376123825918
29,22,0.23390695556430588,0.6423887541524915,0.6461796983385649,0.27321769932275725,0.05085286349902463,0.06304556111193603,0.00023840058258690002,0.00021394972994699,0.6,0.8,0.5,41,0.1790274363195228,0.2707005854689498
30,0,0.9513718308291728,0.9871765229960979,0.9865270184896172,0.39579322388588795,0.0,0.0,0.0,0.0,0.6,0.8,0.5,1,0.8978603919440228,1.1405291072523955
30,1,0.8737964374334101,0.9918339907543808,0.9864165488321527,0.4154003193521069,0.27337072623131986,0.06659542367604616,1.3490035718169998e-05,1.6499703347919998e-05,0.6,0.8,0.5,2,0.940172843623057,0.9459458579805184
30,2,0.780407538714172,0.9586312702139128,0.9517483903615723,0.39650355744626825,0.23515699916366625,0.059107615678279976,0.00018604383930463,0.00018930051095728998,0.6,0.8,0.5,3,0.836571967737552,0.9604005382227864
30,3,0.6964679467939364,0.9311403857244392,0.9226152977158417,0.3806916445253939,0.26415181365367785,0.0674952798475213,0.00011100637151372999,0.00011319092331541999,0.6,0.8,0.5,4,0.79047248367018,0.796072091019263
30,4,0.5787400305945288,0.8869764889123335,0.8787508002412372,0.35951249632407667,0.23678166030479741,0.08196631429367363,0.00016077024045742,0.00016403560588198001,0.6,0.8,0.5,6,0.663514295240615,0.5921346133279964
30,5,0.5739722556272657,0.8853138520617215,0.8769428738674885,0.3605561722277475,0.07037333324295299,0.08391997513045606,0.00018741028966701,0.00019006128226768,0.6,0.8,0.5,7,0.6621592990518352,0.5711903120532138
30,6,0.4465445688008353,0.8164324238760108,0.8075843231190246,0.3191444863672563,0.5304366547518566,0.082961399135045,0.00014004905442831,0.00014208469195986002,0.6,0.8,0.5,8,0.4436518751519584,0.432571054326287
30,7,0.4302761906825996,0.8062643432253846,0.7968600701202365,0.3119340316004824,0.12646599628248642,0.08422455425551553,0.00018321873066930001,0.00018359377562595,0.6,0.8,0.5,9,0.4382857565174342,0.4057186843401218
30,8,0.3982888148849627,0.779271497072505,0.7693553849960937,0.2934601584942066,0.10354301604235022,0.055454799420034805,0.00035647028934051,0.0006568638434411199,0.6,0.8,0.5,10,0.3773235215791228,0.3580627745905583
30,9,0.3925407497937643,0.7747562278167592,0.7647038771856532,0.29185537631409547,0.05060396019557027,0.05252189712795714,0.00030372429890586003,0.0006104523109833301,0.6,0.8,0.5,11,0.3753507466254758,0.3771617551596173
30,10,0.36310750038045597,0.7546832679469736,0.7467262719581238,0.28042549099324815,0.16152160861859335,0.048217391564294436,0.00029147193275475,0.00055080605069418,0.6,0.8,0.5,12,0.3708044184025693,0.4033490376234193
30,11,0.347712255120412,0.7430417188485579,0.734467485946937,0.27521906640835303,0.11334366934156755,0.04927535970528204,0.00022259283592869,0.00048346042954605,0.6,0.8,0.5,13,0.3600480583067962,0.4128624286451067
30,12,0.3392356677811225,0.7366537737154643,0.7276840066586392,0.2750721488389041,0.08516799563712679,0.05131725536119175,0.00045735923677118996,0.00050144421035384,0.6,0.8,0.5,14,0.3246512234062337,0.3727188986000949
30,13,0.3341102615286448,0.7323972052591089,0.7232333413435297,0.2743420260719415,0.057085746287309024,0.05071920375655956,0.00040424571399328996,0.00045569704208706,0.6,0.8,0.5,15,0.3214528984920843,0.3856158260472258
30,14,0.33424199476703925,0.7325658258697233,0.7233823870027551,0.27679510017314646,0.03390520953118039,0.05169327511661056,0.00038660589603562,0.00042452276542461994,0.6,0.8,0.5,16,0.3175833205979503,0.3618623617880114
30,15,0.3328594276863944,0.7328969950747066,0.7266942801706169,0.2835330226199103,0.036566656587855365,0.052195616690499824,0.00038375420781808,0.00042929263616043,0.6,0.8,0.5,18,0.3092769447655184,0.3659419636917509
30,16,0.325340436720941,0.7265416740069162,0.720060434893159,0.2924766585045676,0.06888360076224033,0.0507192078304607,0.00040424596532422,0.00045569729954837,0.6,0.8,0.5,19,0.3016286751459895,0.3721895603179687
30,17,0.33363104966199914,0.7399324883883457,0.7424255522627929,0.30686925885736094,0.049978053698696456,0.07227816843324729,0.00020480077429041,0.00023391580755403,0.6,0.8,0.5,23,0.2997218043213224,0.3747051319784393
30,18,0.3193386770148542,0.7276704015047145,0.7330441002116616,0.29994793110195916,0.05665873051615914,0.05487044916374332,0.0002603407948002,0.00040165743161567997,0.6,0.8,0.5,24,0.2894323555498247,0.3433769073394195
30,19,0.3185755941799756,0.7255072834983286,0.7278097899225695,0.2902804588755841,0.03544970490545445,0.054300358756300994,0.00025799580200507,0.0003974717929341,0.6,0.8,0.5,25,0.2908472946827149,0.3485614945099085
30,20,0.3035696911600671,0.7138640822757575,0.7185055402575454,0.29805366283703805,0.1311713601165088,0.055951333625318775,0.00027821419474207,0.00037851093997531,0.6,0.8,0.5,26,0.2812200475437078,0.3142829647154489
30,21,0.29923213476000415,0.7099619430489444,0.7143719590061868,0.30108827409786326,0.05040197340114103,0.057126653500307836,0.00025254316822177997,0.00034530935284135,0.6,0.8,0.5,28,0.2915534983973422,0.2993914087398978
30,22,0.29794190225399664,0.7088045600268321,0.713132935809112,0.30580232429169313,0.046215992616705635,0.057833623508346255,0.00027144811246166,0.00037577073331873,0.6,0.8,0.5,29,0.2755690325130537,0.3001467687533784
30,23,0.28465754896766665,0.6962118782026623,0.6998748648025036,0.296898908792888,0.12621348404300264,0.05759886305523974,0.0006381327404648901,0.00116059669059958,0.6,0.8,0.5,30,0.2690317885207122,0.3634382098598981
30,24,0.278567566903452,0.6887519730499861,0.6890383061951249,0.2985959445496081,0.0800735340342659,0.058437779034194205,0.00059920846224054,0.0009930094892450498,0.6,0.8,0.5,31,0.2589824016787057,0.3921657794926977
30,25,0.2683837877443259,0.6812745821395015,0.6871040515528785,0.2965685630558838,0.11339570934583364,0.05956189408330352,0.00040769143444775003,0.00139415147378935,0.6,0.8,0.5,32,0.2461455030884197,0.3135665170988607
30,26,0.26591349360567135,0.6787308260036019,0.6844734053027216,0.2973919361379444,0.041843814621243806,0.05805204958661386,0.00062492280395142,0.00120154484304661,0.6,0.8,0.5,34,0.2457369472259926,0.2762292808584964
30,27,0.2619774443482924,0.67301886311114,0.6754225754554931,0.300670597712063,0.07621548520587193,0.05887174665916781,0.0007430857959001,0.00280837731948081,0.6,0.8,0.5,35,0.2426085552558466,0.2643780671554037
30,28,0.26102516761890987,0.6717626050476426,0.6739567037727593,0.3036551844111768,0.06873575982999176,0.06372239827393289,0.0007245616155526099,0.00278227328458918,0.6,0.8,0.5,36,0.2519505613691571,0.268018545988786
30,29,0.2569277177397742,0.6704010460950426,0.6785921379170254,0.3103140103721164,0.043033065063896,0.06037046136915562,0.00064169644820142,0.00268881043932062,0.6,0.8,0.5,39,0.2444017840838639,0.3871642360002982
30,30,0.25502676576956157,0.6698482448704873,0.6810302200760643,0.3162516628854912,0.04153027817712402,0.059490024830487744,0.00061863963307328,0.00221505630752748,0.6,0.8,0.5,41,0.2398111247068376,0.4364529710948439
30,31,0.2527159008987479,0.6686143876431233,0.682654287713197,0.33408797628392006,0.04377000028151024,0.0627715136852697,0.00037135768292704,0.00099411396709365,0.6,0.8,0.5,46,0.2292091377755566,0.2666118039178908
30,32,0.2509517081874046,0.6668014182570932,0.6808180044623368,0.3324415193504155,0.04027939018212786,0.060495937297790014,0.00037109347479101,0.00101992846884262,0.6,0.8,0.5,47,0.2280206353502153,0.2647409063575761
30,33,0.2495846840420573,0.6647808090652448,0.6785140412388054,0.3373558272813636,0.07924351749556297,0.06653127415106966,0.00035225500399922,0.0009560932555417401,0.6,0.8,0.5,48,0.2397829087659313,0.3538149735542564
30,34,0.2491422303914993,0.6642274828184033,0.677916715886888,0.33906255973694066,0.046983018589999245,0.06649522068933914,0.00038116310544706,0.0015840954819516299,0.6,0.8,0.5,49,0.2386288544150723,0.4400236844240926
30,35,0.24463683130852037,0.6579120221099475,0.6684149622548421,0.3361345657649894,0.05689812010774624,0.06316069672322494,0.00038598571484482,0.00112561760663591,0.6,0.8,0.5,50,0.2289881061725998,0.3734933968064999
30,36,0.24501631656950373,0.6592820109853119,0.6726722621879937,0.34514467801413945,0.0645145489491168,0.06741547998624622,0.00044084620466054003,0.0023007016110549302,0.6,0.8,0.5,51,0.2275145652888466,0.420365273280141
30,37,0.24314597049435216,0.6571974132469409,0.6705156393284554,0.34653967979692735,0.05109021175796299,0.06663745144326602,0.00041263202791904003,0.00195383335805069,0.6,0.8,0.5,52,0.2240329273975739,0.4351409304548689
30,38,0.23473668955922541,0.6496800968883882,0.6685068475845217,0.35952672440729655,0.058923688259926214,0.06956927749754013,0.0003988997138396,0.0011874991385666099,0.6,0.8,0.5,57,0.229417131564876,0.3419974734053216
30,39,0.23150475779773283,0.6498406827730285,0.6775745122568664,0.3922284987656462,0.047707161873891755,0.07100945559679071,0.00040718968367253,0.0009706328510953801,0.6,0.8,0.5,65,0.2039620362260653,0.2970064461764679
30,40,0.23121144268881913,0.649492824416837,0.6772132228780608,0.4004922807094336,0.04424754848338606,0.07087255367173713,0.00040626115607994,0.00097079073663787,0.6,0.8,0.5,67,0.2040590450972776,0.2974403386904704
30,41,0.2310520056495443,0.6492981733262383,0.6770099676264562,0.40257469929217377,0.04448323715908584,0.07083371750643247,0.00040533521813328996,0.0009702258713703701,0.6,0.8,0.5,68,0.202842682335508,0.2982955668876018
30,42,0.2309760741125102,0.6491513635662254,0.6768458034563101,0.40890280905668985,0.04586507200450258,0.07113116800986521,0.00041588551301606,0.0009873857397625098,0.6,0.8,0.5,69,0.2052099760942557,0.3024550604317239
30,43,0.22985670227477337,0.6480251702857639,0.675717961029821,0.40778811040293445,0.04263473807502654,0.06931339334388667,0.00041152687084865003,0.0009882799719590101,0.6,0.8,0.5,70,0.2032321629259474,0.3024136962309553
30,44,0.2298726244530109,0.6507938955150542,0.6845527130539967,0.4269784017113095,0.0444228400388714,0.07041264195015998,0.00040431017926971004,0.00096810680112148,0.6,0.8,0.5,74,0.2037484111485608,0.2996364034340548
30,45,0.23029770102291805,0.6511565136572252,0.684900297436116,0.4321482003017375,0.04575723704253934,0.07149204453217427,0.00041098586283503,0.00098010251941745,0.6,0.8,0.5,75,0.206048927122864,0.3011489464172071
30,46,0.22788709273285937,0.6574199348486691,0.709462548754752,0.5299803690384236,0.04171189338415085,0.06773832287361356,0.00039128237702599003,0.0013119103674759602,0.6,0.8,0.5,102,0.2197477985436443,0.380496141934208
30,47,0.22780736098385332,0.6759661210960767,0.7675574591428042,0.747538060208709,0.044351389866651623,0.07094187336632593,0.00060124440941575,0.00186753675551703,0.6,0.8,0.5,160,0.2185703941354453,0.3782649751763117
