Run,Equation_Index,Hybrid_MSE_Train,Hybrid_AIC_Train,Hybrid_BIC_Train,Hybrid_MDL_Train,Hybrid_PSM_Train,Extrapolation_Divergence,Sensitivity_Interpolation,Sensitivity_Extrapolation,Lambda1,Lambda2,Lambda3,Complexity,MSE_Test_Interpolation,MSE_Test_Extrapolation
1,0,0.9255282878423632,0.9800978201073329,0.9790898091158705,0.39126416968952027,0.0,0.0,0.0,0.0,1.0,0.7,0.7,1,1.0060282509561511,1.1255912530621208
1,1,0.9051207567184941,1.0198745134452596,1.014530579590835,0.44291771654214684,0.2411589716760467,0.06654486520955642,1.3926247569e-05,1.490765248059e-05,1.0,0.7,0.7,2,0.9205863043039187,0.9459458579805184
1,2,0.8098237934319634,0.9879386680671641,0.9841502760694443,0.42195591699299645,0.26656055755552616,0.06271677599316608,1.62069364119e-05,1.5630956957359998e-05,1.0,0.7,0.7,3,0.7974304474535935,0.8614672997601872
1,3,0.809763533165044,0.9893774335239224,0.9886411140257396,0.43224919550927005,0.06281004821359476,0.06271677599316608,1.62069364119e-05,1.5630956957359998e-05,1.0,0.7,0.7,5,0.7960651349808505,0.8651260973854522
1,4,0.6775285917337239,0.9321948933768718,0.9292073578000029,0.39404492909465627,0.20320051463301736,0.049929862965589364,6.007840731860001e-05,4.822126893184e-05,1.0,0.7,0.7,7,0.7382622898836041,0.6426018902897759
1,5,0.6258688200733712,0.9197596560036683,0.9183975194762847,0.395309368152215,0.16145891051544164,0.06405850395308359,0.00019233908703528,0.00015437884018541,1.0,0.7,0.7,9,0.6941251825614555,0.4454452664104131
1,6,0.6172337271963525,0.9143363795626324,0.9128409498697203,0.3927837020817434,0.07977513352786025,0.061297193787142504,0.00016720260327657,0.00013627018980477,1.0,0.7,0.7,10,0.7143232539087041,0.4496929095799049
1,7,0.5841222078464818,0.9040458519378106,0.9015082741300907,0.3945508410637473,0.21354156787375558,0.0713965827477967,0.00036976358331594,0.00020107352660282,1.0,0.7,0.7,11,0.610356656875786,0.4101722558056465
1,8,0.571606450157801,0.8979206990178004,0.9013157773729942,0.3968500096362069,0.07404369387859569,0.06574325330097082,0.00034096400765077,0.00028234162319861996,1.0,0.7,0.7,14,0.6002259488900733,0.4312947023917544
1,9,0.5243134068274362,0.8727100571187906,0.8749817245842979,0.3847315617305228,0.1427246598265835,0.06282073304976843,0.00025705180597815,0.00021388685941906,1.0,0.7,0.7,16,0.521930511093211,0.3736142497160895
1,10,0.47143829718255365,0.8409180695282097,0.8416316595532904,0.36637256285811604,0.2682767436722848,0.06187871624657674,0.00018902051009336,0.00015910210916205,1.0,0.7,0.7,17,0.5023190146420797,0.3510547877952564
1,11,0.36485862658393664,0.7650107169919699,0.7621473575163688,0.31966893289919623,0.5433206211119179,0.05640698371105166,0.00039892289623694004,0.00022115449522762,1.0,0.7,0.7,18,0.3957312600767011,0.2705586961140372
1,12,0.36363306747003177,0.7648343619181988,0.7617503836401096,0.3259903942561246,0.09105194475330207,0.060581795191096854,0.00040929082502624,0.00021848649937499,1.0,0.7,0.7,19,0.399264134268398,0.2996447937287381
1,13,0.35251425052883356,0.7566518751611646,0.756277870385493,0.3267168607329426,0.10497627412218284,0.057711642059842236,0.00041440313491373,0.00021757369175648,1.0,0.7,0.7,20,0.4007061556311692,0.2971559517612205
1,14,0.3510531765021977,0.7568536257112095,0.7594767034283465,0.33250367324919033,0.06177402371818563,0.057565540913031676,0.00040951000204213,0.00021468280176397,1.0,0.7,0.7,22,0.3939991504399853,0.2966755313854353
1,15,0.29789975816041786,0.7064836855501873,0.7044639660859179,0.2975715146697816,0.11325494487806563,0.03973127557428137,0.0006343503509682201,0.00043557028065266,1.0,0.7,0.7,25,0.2522799254875187,0.3358573623786574
1,16,0.20682863786227546,0.6017521020326512,0.5972061808431207,0.24208112114795924,0.8018045002952258,0.04223714449583454,0.0018711007547873402,0.00129165298640786,1.0,0.7,0.7,26,0.177025579522788,0.2274113614289836
1,17,0.18588847837560094,0.5694539205730694,0.5632413605129367,0.22438622748400175,0.2719090141965807,0.04324782877082524,0.00161809757712589,0.0009717473448467801,1.0,0.7,0.7,27,0.1520150957875102,0.1560817372443422
1,18,0.1852439179357205,0.5698590604653535,0.5666462045873474,0.23078790126050133,0.04868210048572645,0.04324782877082524,0.00161809757712589,0.0009717473448467801,1.0,0.7,0.7,29,0.1470932041573889,0.1684732610345158
1,19,0.20059119987953453,0.58520831862399,0.5819945961594193,0.25174395957880924,0.06064156367700292,0.059942886388847684,0.00040014412222669,0.00029149745118689,1.0,0.7,0.7,30,0.1850251405605456,0.1196838747643905
1,20,0.15491220908412356,0.5120635853522483,0.508692123542599,0.2015619837160338,0.4861246551505106,0.04850092748086885,0.00060219834573442,0.000425915745427,1.0,0.7,0.7,31,0.1326020894573613,0.1215421532108445
1,21,0.14556674086788762,0.4863609198246683,0.48147090242239116,0.19234481145976007,0.26018080786440645,0.05296086562511584,0.00044777014108789,0.00032475612635354996,1.0,0.7,0.7,32,0.1273285058792353,0.0983729356984815
1,22,0.1455247599154393,0.4861668594743117,0.48126335496891826,0.19224648492219445,0.05540806741764296,0.05303177931851853,0.00044871218975365,0.00032553379299905,1.0,0.7,0.7,33,0.1264828744619013,0.0990789241278819
1,23,0.1482784939329222,0.49037946901339746,0.4885283802567467,0.19950548381146277,0.056550053372124764,0.05585941869197316,0.00039765503238724996,0.00028964050810293,1.0,0.7,0.7,34,0.11172251738348,0.1006344022670695
1,24,0.14699133674078346,0.4888172813988499,0.4898665189912463,0.21378355272376307,0.06151903237168029,0.05585808738289314,0.00039659443395975003,0.00028488447370711,1.0,0.7,0.7,38,0.1157424969422451,0.101037419385534
1,25,0.142542167505542,0.4797827673411374,0.4833616370124177,0.2205879722926588,0.09177687070976552,0.055687970531924334,0.00041398235181917006,0.00028471074753324,1.0,0.7,0.7,40,0.112000693779461,0.0876006764330674
1,26,0.13545285878704624,0.46344679006924017,0.4691841070880897,0.21314321637248235,0.11693123299697225,0.05553154009638785,0.00044291131006639003,0.00029294672263021,1.0,0.7,0.7,42,0.1077981618424933,0.0895367689742542
1,27,0.13134963980509096,0.45582799751587433,0.4642149552557096,0.22277443635660524,0.08242022866072063,0.05433746256615929,0.00053485554084185,0.00031852070765875,1.0,0.7,0.7,44,0.1091897186324164,0.0963692005983027
1,28,0.12868188824159787,0.44587203701799016,0.4536801972179782,0.22085402225190534,0.08271790817814381,0.05586283755700866,0.00046246186528189003,0.00031449829456091,1.0,0.7,0.7,47,0.1097643581353824,0.099150076913892
1,29,0.1261618377978841,0.441605891260253,0.4522177273984907,0.227093839200486,0.0894333982802472,0.05493676850604808,0.00052251550508524,0.00043381218271782004,1.0,0.7,0.7,48,0.1198597320107459,0.1021661078004296
1,30,0.12584153320373515,0.4386483293395614,0.4490568448540953,0.22861801823384156,0.07044203013066014,0.05610064266595226,0.00050330341323279,0.00030035562163666,1.0,0.7,0.7,50,0.1022309908179489,0.1029453856122734
1,31,0.12416367330268886,0.4373248126853544,0.45070053347634265,0.24388695470142593,0.05956132427398764,0.05497045589491838,0.00052636420890166,0.00033919772022992,1.0,0.7,0.7,53,0.1038531045801577,0.1032834165538082
1,32,0.12626105230856147,0.4395517363144285,0.45882152105932283,0.2646191107553671,0.06479791350376563,0.058346685775242546,0.00060722993559887,0.00043041475021282,1.0,0.7,0.7,58,0.1064251283835686,0.1352405164964187
1,33,0.12269004118210125,0.4379991094517704,0.46330674300297975,0.2864055999777766,0.056879339398827784,0.05525869163617393,0.0005361808200042199,0.00045295794692467,1.0,0.7,0.7,68,0.1010195872323994,0.110301024258393
1,34,0.11251809224720231,0.4223036556362027,0.447195318592938,0.3008598272856984,0.06734315616565749,0.04793292379497947,0.00043310621498255004,0.00033273775237917,1.0,0.7,0.7,71,0.0972143297509681,0.1021935675323371
1,35,0.11962721827729353,0.429170804019507,0.4569887416443751,0.30899343661638407,0.07363229838398244,0.05561516432123511,0.00060912004269587,0.00048507456902802,1.0,0.7,0.7,72,0.0996683812226326,0.1043910164592396
1,36,0.10703789263870317,0.4073514996455383,0.43449060043994625,0.3055755279910448,0.1403685673691135,0.0472148035699485,0.0005437194227079099,0.00052774035841617,1.0,0.7,0.7,73,0.1018301113702051,0.0937186155221455
1,37,0.10695162088151272,0.4087037718833764,0.4388944691486153,0.3210315973346026,0.04798868550253127,0.047136354030132374,0.00054388373206312,0.0005291276326456599,1.0,0.7,0.7,75,0.1019923372803436,0.0936625364619984
1,38,0.10758147630969384,0.4121607036689959,0.4484509399260772,0.33670247092037453,0.048707742616895824,0.04780767846363336,0.00054382877832058,0.00052674591162197,1.0,0.7,0.7,81,0.1032215893441233,0.0933120825792182
1,39,0.10968277828438405,0.4095905737331453,0.4396475182240244,0.33856987526558463,0.05717790954356987,0.05066857732758391,0.00054799860449279,0.00051873194750163,1.0,0.7,0.7,84,0.1022648305917123,0.0988679625351783
1,40,0.10803429729233587,0.40682873817366255,0.43975309672037105,0.34219853031150554,0.06349571833834515,0.050158496940965226,0.00055123754322112,0.0004513555364254,1.0,0.7,0.7,86,0.1066041835992867,0.097930488875096
1,41,0.10801320933915376,0.4090356092021465,0.4480165020903074,0.4328674092315727,0.05148491260865193,0.05035094075747859,0.00059170210369146,0.00052001218384821,1.0,0.7,0.7,105,0.1025175052753122,0.091454770790516
1,42,0.10752879801998158,0.40789464631161354,0.44977698238010777,0.5162127032933836,0.05281298293184549,0.050679396748101145,0.0006810953442693901,0.00052450680664139,1.0,0.7,0.7,121,0.1012442101030102,0.0996775418496483
1,43,0.10741711678035179,0.4087630875676785,0.4536642505071893,0.553831559809481,0.05219193565606062,0.050764466755825945,0.0006805014965611501,0.00052550124954943,1.0,0.7,0.7,129,0.1031460858563743,0.1000538067258867
1,44,0.10723684515552392,0.41562396256078016,0.47577234384237277,0.5841239340257204,0.05277731241092795,0.05065131620971776,0.00071326046599665,0.00054657161424028,1.0,0.7,0.7,131,0.1015189065960715,0.1013218111460026
1,45,0.10497081861938201,0.4291773890527249,0.522893197459286,0.6780735479701395,0.04943116823417573,0.04851076252573086,0.00063250370054309,0.0005844278758114901,1.0,0.7,0.7,164,0.106645221946637,0.0926521379686247
2,0,0.9359601673691845,0.9829782012960068,0.982116085899242,0.3931070737366191,0.0,0.0,0.0,0.0,1.0,0.7,0.7,1,0.9633873907041192,1.146720841263419
2,1,0.8933452882557446,1.0163263308294839,1.010797087289414,0.44068852854637847,0.28634836708761385,0.06665592565572176,1.342936125945e-05,1.511549775375e-05,1.0,0.7,0.7,2,0.9697487448054016,0.9459458579805184
2,2,0.8066246068728591,0.98785115273237,0.983980463675383,0.422455281614811,0.254079317169798,0.06425416271162541,1.669308593378e-05,1.5176235603500002e-05,1.0,0.7,0.7,3,0.8177861447977718,0.8644435525845556
2,3,0.6312447303709074,0.9207036152683808,0.9132980708970603,0.3848828938620827,0.5480250317112639,0.0664997807402883,0.00030546134653276,0.00030129796892221,1.0,0.7,0.7,4,0.5146672382398434,0.4339624102954132
2,4,0.6248019422502167,0.9156286661261871,0.9081664343751661,0.38171393486656613,0.0706826957499706,0.06262624008119658,0.00024492822837421,0.00024404136407300998,1.0,0.7,0.7,5,0.510421804982506,0.4600750628189877
2,5,0.622614400598803,0.9183257746256118,0.9137730816491669,0.39312795057673294,0.08660588655583602,0.06661665224169358,0.00030265339336068,0.00030326624371246997,1.0,0.7,0.7,6,0.5001420178478198,0.4395413931406378
2,6,0.6169417704348705,0.9135603589570723,0.9089690373913213,0.3904540285443661,0.06829289689240431,0.06269723886725023,0.00024019629473310002,0.00024667903981848003,1.0,0.7,0.7,7,0.4963463445773721,0.4629111158579457
2,7,0.44237281800629286,0.8210094176445226,0.8113411506581367,0.3353781338044182,0.7616886319787927,0.07028249732511387,0.00032296419999245003,0.00031721039092086,1.0,0.7,0.7,8,0.3961527335159289,0.3155152162710435
2,8,0.43689767217769004,0.8165559645907884,0.8067815821248588,0.3336213969026426,0.08281951438623791,0.06800720642245722,0.00026243108183391,0.00025995378607165,1.0,0.7,0.7,9,0.3915410497380954,0.3277954655531785
2,9,0.4335334802269819,0.8165914407835442,0.8096615017578196,0.33705472935378555,0.09948539530963277,0.07062016602172706,0.00032113534311575,0.00031928517501535,1.0,0.7,0.7,10,0.3854472268131099,0.3225587148141155
2,10,0.42989417041306127,0.8135754577826213,0.8065760959447651,0.33658410789540716,0.07887290065523074,0.06905667112167134,0.00025979784504179,0.00026386777603111,1.0,0.7,0.7,11,0.3815782588544558,0.3330274637407704
2,11,0.43151187718425366,0.8166572643254587,0.8127098726853511,0.34173821004262617,0.07119937321993373,0.07062016602172706,0.00032113534311575,0.00031928517501535,1.0,0.7,0.7,12,0.3934740341377741,0.3239817905193894
2,12,0.42784652994029115,0.8136157624547679,0.8095976349831361,0.3413495702276528,0.07904715320078619,0.06905667112167133,0.00025979784504179,0.00026386777603111,1.0,0.7,0.7,13,0.389223237351861,0.3363756255683456
2,13,0.3759240663195,0.7754311195960444,0.7693454595658774,0.32153393819419956,0.35346687856173276,0.07168872442173731,0.00027129265524647,0.00026147265438682,1.0,0.7,0.7,14,0.3533987555247657,0.3554700038469986
2,14,0.3740772363008038,0.7768098961830666,0.77679824969781,0.33726333485181764,0.07220972367168917,0.07076527286646178,0.00029537217331134,0.00026406149380488,1.0,0.7,0.7,19,0.3884865010240165,0.3564251070688918
2,15,0.3725047229442054,0.7752098215956393,0.7751795215149325,0.3363874705853524,0.07183613359183008,0.06959676796347267,0.00024985332452348,0.00021990777057857998,1.0,0.7,0.7,20,0.3856017944936459,0.3636090928769113
2,16,0.36532622172654355,0.7709385520367246,0.7736087583658019,0.33907372630276766,0.1188936784578606,0.07076527286646178,0.00029537217331134,0.00026406149380488,1.0,0.7,0.7,21,0.3589417633284457,0.3471485067214006
2,17,0.336681370994951,0.7446982022437066,0.7430364978667469,0.33429772709399064,0.2473423629678547,0.07109529962051969,0.0003203519293097,0.00043793269183307995,1.0,0.7,0.7,22,0.2681286274278873,0.2642991505321575
2,18,0.3284301648118155,0.7366867327989081,0.7347011887892544,0.33115716374503834,0.1125472703472582,0.06946171189919013,0.00033135912269013,0.00044958895066891995,1.0,0.7,0.7,23,0.2841190931885183,0.2820330625733536
2,19,0.30518276258899,0.7146285781124239,0.7114985079598852,0.322461283868437,0.1512135831729754,0.07024169905033098,0.00019048509498487,0.00024830215690250997,1.0,0.7,0.7,25,0.2595657741292025,0.2795423120311172
2,20,0.303312325925504,0.7140063274171404,0.7138239434646366,0.33346083778698055,0.07720731485103219,0.07024169905033098,0.00019048509498487,0.00024830215690250997,1.0,0.7,0.7,27,0.2569038831459948,0.2760943429076916
2,21,0.2956528367016814,0.706852206521859,0.7091693725266153,0.3387317361729515,0.09104271912088766,0.0726495217320519,0.0001551216223459,0.00015110123271564,1.0,0.7,0.7,31,0.2188481821366745,0.2966171245483275
2,22,0.23470299407108663,0.6366759432760836,0.6361635858814676,0.29947412470338386,0.25113654107751154,0.05820816025430352,0.00025216618438761,0.0002457216683245,1.0,0.7,0.7,33,0.2284130490926181,0.2412391446757064
2,23,0.21782929700783368,0.6127204005519917,0.610983800727472,0.28959008227807054,0.14103123367448728,0.05780349301966011,0.00037758994342219,0.00100832336472823,1.0,0.7,0.7,35,0.1889884058774102,0.2695823970721314
2,24,0.21065588485308656,0.6008584514693868,0.6012565527526155,0.2905196951240477,0.12608370473493463,0.06261869201404743,0.0005472978593964301,0.00083449754558159,1.0,0.7,0.7,37,0.1989068241134758,0.2989048782232715
2,25,0.21050116006562097,0.6021494456421953,0.6055987382368758,0.29816201894167227,0.06358485831073744,0.06249836094346645,0.00053980621342882,0.0008271243833368001,1.0,0.7,0.7,39,0.1964051130217682,0.2970911456808178
2,26,0.2038691739160171,0.5959199996066328,0.6022750460649239,0.31361211394053606,0.06269696644624895,0.057703725890998245,0.00040805905669092003,0.00097966287493927,1.0,0.7,0.7,44,0.2051789023374937,0.2949387653512097
2,27,0.19552380915007866,0.5833732795676445,0.5891713367618995,0.31607212241594135,0.1329014246128115,0.05620163676748857,0.00039263081399471,0.0009281071797914601,1.0,0.7,0.7,45,0.1967296432466645,0.2751452484217778
2,28,0.19371184920905876,0.5816376549992701,0.5903133749649303,0.31700745940952935,0.08124685698092295,0.0564434353293343,0.00038772742957648,0.00097207431137207,1.0,0.7,0.7,46,0.1919306120633332,0.2729079898200568
2,29,0.19432553476231065,0.5822274046040632,0.5909000962590513,0.31761945638336603,0.058458486538602236,0.057106356681944845,0.0003970557874912,0.0009436277065463701,1.0,0.7,0.7,47,0.2001001548340625,0.2814080855156191
2,30,0.19298157144874764,0.5818485495623557,0.5935124099330579,0.33065144892616405,0.06585757566409864,0.05644162338684516,0.00042318042819876003,0.00098813024009914,1.0,0.7,0.7,48,0.1996473518389247,0.2861282663146662
2,31,0.19138934956285117,0.5769546411552686,0.5824644801576427,0.27017760102835753,0.06291817134655683,0.05554238216096944,0.00034972205181539,0.0008735438103752701,1.0,0.7,0.7,49,0.1887305484857923,0.2690585615407296
2,32,0.18914052516247987,0.5794867553442646,0.599954693928472,0.35812121985811446,0.06606870163284931,0.05692697937119147,0.00038313083876319,0.00072611222696319,1.0,0.7,0.7,54,0.1848522007617774,0.2735808554618455
2,33,0.2127671250327981,0.5970114649283244,0.610990409834745,0.38698532721775836,0.09627626037843434,0.08499365570609962,0.0003363299381206,0.00067983182416125,1.0,0.7,0.7,59,0.1719527665897311,0.2027169978256882
2,34,0.23685695697130588,0.6136529045888297,0.6239104541554734,0.4221872597386736,0.2075790603685525,0.11613531579241913,0.00038082401750162,0.0008562308447702799,1.0,0.7,0.7,60,0.1337260513700534,0.1729022103303885
2,35,0.17880184161076712,0.5248837407858933,0.5350818795982495,0.35968550417252415,0.29984881389592055,0.08739973644440557,0.00038111824059753,0.0008031967062593501,1.0,0.7,0.7,62,0.1165575007041667,0.1590733982521071
2,36,0.17565268431861586,0.5196769192974623,0.5355491764145694,0.3821751506522883,0.0959884518375885,0.08780655075974532,0.00039246251362265997,0.0007905212044039799,1.0,0.7,0.7,70,0.1134859477023839,0.1469255442373927
2,37,0.1640900234193219,0.5017796818950476,0.5171147879511572,0.3803553494847423,0.15465093953042705,0.08049578218042489,0.00038909538217808,0.0008215302899542301,1.0,0.7,0.7,71,0.0947315724767527,0.1340172876871513
2,38,0.1687404067146131,0.5065345558459992,0.5248109773020172,0.39701112786134857,0.10183352350340302,0.08624542944945902,0.00031733624117879003,0.00054027440827218,1.0,0.7,0.7,72,0.0980815449684804,0.1126732726455334
2,39,0.16283623217550344,0.49218259500261935,0.5097685730792115,0.38128144222643673,0.18010026924246142,0.0853052602777917,0.00037004382076142,0.0008036578027694301,1.0,0.7,0.7,73,0.0959056827566205,0.1308794540873208
2,40,0.16169268322842265,0.49205196063929396,0.515591307727494,0.43926869317885237,0.08798593210340222,0.08515184649482299,0.00037540969801797,0.00097205936162092,1.0,0.7,0.7,84,0.0970923409210688,0.1312351417730456
2,41,0.16123558420247797,0.4923751579587014,0.5189133760805831,0.4483122018580504,0.09340739725448312,0.08520439732835083,0.00037672193255713,0.0008016926472477201,1.0,0.7,0.7,85,0.0949493873204474,0.1308092503978947
2,42,0.15931844104672266,0.49327180815681393,0.5288449193973953,0.4683028210947536,0.08923706400046845,0.08415208649254084,0.00039953860516778997,0.0008176643677927401,1.0,0.7,0.7,89,0.0957050467246921,0.1331073808700081
2,43,0.15890959028128782,0.49068181843041025,0.5290210277424274,0.4928427837444551,0.10615323543009457,0.08579756222940807,0.00041490927313588997,0.00076235326249637,1.0,0.7,0.7,91,0.0922948417642695,0.1412864985814917
3,0,0.9259332156595286,0.9802101832983006,0.979207861761923,0.3926304757640202,0.0,0.0,0.0,0.0,1.0,0.7,0.7,1,1.0142159080508306,1.1123407419389824
3,1,0.9245854712698734,1.0257752855947564,1.020729036632009,0.44670150332375425,0.20144123157680527,0.06656829494164598,1.371201608048e-05,1.45928661274e-05,1.0,0.7,0.7,2,0.8401746474965565,0.9459458579805184
3,2,0.8124731709835353,0.9881336302272907,0.9844096628091045,0.42169277945856554,0.2972313496010138,0.06163894662473446,1.629388029029e-05,1.670359029728e-05,1.0,0.7,0.7,3,0.7831263821901843,0.8650782154682335
3,3,0.6763116353890398,0.9402142004791794,0.9337955003935353,0.39737397124137425,0.43370717566938205,0.06665995969974543,0.00021155977461687,0.00020213728753272,1.0,0.7,0.7,4,0.639307651217825,0.4246758688372674
3,4,0.6506722819631213,0.9293178046371816,0.922345648135391,0.39191640681669926,0.142307537632314,0.06666324696726617,0.0002414427191684,0.00021264269107279,1.0,0.7,0.7,5,0.5949896870673334,0.4077869649962109
3,5,0.5689200030037528,0.8908429388817504,0.881952156557703,0.3736028989664923,0.1969545151895219,0.06626969329545201,7.909519682831e-05,9.195189138667999e-05,1.0,0.7,0.7,7,0.658196934449837,0.4842804794706628
3,6,0.5149385203411104,0.8643935430423372,0.8539132442229117,0.3603995776867003,0.28766295246293266,0.07110353868779667,0.00015386319078432,0.00016249459412312,1.0,0.7,0.7,8,0.5950139056173451,0.4619852919603147
3,7,0.47188478470726986,0.8346055484841944,0.8231730126832445,0.3373835760140345,0.18993972021431887,0.06023491419141719,7.727469494239999e-05,7.099224265155999e-05,1.0,0.7,0.7,9,0.5222062296255512,0.4219466384489916
3,8,0.43008566141165566,0.8107673278008195,0.8008837946458655,0.32787553293088145,0.16709202456685032,0.0646268741253378,7.939246636157001e-05,8.047284838973001e-05,1.0,0.7,0.7,11,0.4833254082252829,0.3715768219933537
3,9,0.43002302735084846,0.8121840036251086,0.8053514191849097,0.3332301444342654,0.06488567172556202,0.0646268741253378,7.939246636157001e-05,8.047284838973001e-05,1.0,0.7,0.7,13,0.4860277182923447,0.3675625581601056
3,10,0.3837466484137512,0.7813818677827502,0.772496863472486,0.32782227485762677,0.16908679986099778,0.07417235521493323,0.00026413211023513996,0.00014880448936505,1.0,0.7,0.7,16,0.3142609725618026,0.3247921405639504
3,11,0.3692481643143992,0.7678899516780353,0.7552305845378318,0.32321917982681664,0.12371896506218737,0.07633737798776324,0.00028773471390984996,0.00018764867923198,1.0,0.7,0.7,18,0.3045352624679182,0.3178073069547207
3,12,0.35267589825121065,0.7554674845189822,0.745029480267458,0.3301298398160365,0.10201278128419118,0.07880831734052711,0.00040425271903627997,0.00017100862617213,1.0,0.7,0.7,23,0.2998033854702925,0.3256113421459549
3,13,0.3332596095297283,0.7396559176093093,0.7348820015901452,0.3294215541742877,0.09866900774347943,0.06800327874450694,0.00092629021743441,0.0007979597294102299,1.0,0.7,0.7,25,0.3076453847733449,0.3756740334282855
3,14,0.3016774089443907,0.7103737246617756,0.7073842596221783,0.3321345957599728,0.10667819527114362,0.06175424462684888,0.0013826936828502299,0.00113633036375643,1.0,0.7,0.7,29,0.3224143880207415,0.3329213004119917
3,15,0.3015813880911926,0.7117355326868198,0.7117942339283314,0.3366919922278671,0.06385368420618183,0.06175424462435396,0.0013826936830162299,0.00113633036363131,1.0,0.7,0.7,31,0.3226469325992732,0.3336296133998798
3,16,0.288018439865988,0.7000364918378592,0.7049230485180951,0.333907806815855,0.13337937760823804,0.07356963759750702,0.00045639479770215,0.00035758889871613,1.0,0.7,0.7,34,0.2248432931382941,0.2462902587598817
3,17,0.24665710895936005,0.6499139381035357,0.655230737644774,0.31866418842267313,0.2509857026818077,0.07381508300887471,0.00044577082500261,0.00031281906543090997,1.0,0.7,0.7,36,0.1838566697641856,0.225181216397377
3,18,0.16826655400967297,0.5135121673912102,0.5119426777507933,0.22843469010704956,1.0111094744648526,0.07347883734745261,0.00035529553708284,0.00026502370779241997,1.0,0.7,0.7,37,0.1064441964045296,0.0897894532997695
3,19,0.14175184401361138,0.44696413190898027,0.44501082138641684,0.19535585830861465,0.1916827998930636,0.07312776963470893,0.00050399385678803,0.00040932833766524996,1.0,0.7,0.7,41,0.0694305905568884,0.0871451998259152
3,20,0.13031132130150275,0.4110329247201671,0.4102280457316902,0.18497017210926697,0.20167351915270826,0.07342373139040805,0.00045243946575212996,0.00034732628830278,1.0,0.7,0.7,43,0.0568928700865724,0.0740189235320906
3,21,0.13002965725353238,0.41132930260330597,0.4135144820599154,0.20604029832375398,0.07692304614961457,0.0734982891590061,0.00045833290126246,0.00035185052908215,1.0,0.7,0.7,46,0.0571112137094534,0.0732551091295746
3,22,0.12662889400098964,0.3963713579570983,0.40068163115214367,0.19032741117799157,0.20597986434762403,0.07539970920216371,0.00050261054178118,0.00031411254572977,1.0,0.7,0.7,47,0.0798211909572218,0.0812133155400847
3,23,0.12092458854074019,0.3789498336406299,0.38246377981412283,0.20459632386055826,0.09521892352732089,0.07378893593695096,0.00036999570016588997,0.00032201707738357,1.0,0.7,0.7,52,0.039916102615986,0.0469452856400565
3,24,0.11733770197916908,0.3577982227051964,0.3630895939739509,0.18505519026877004,0.16383939662960967,0.07639902343501813,0.0003766240390101,0.0002680523371127,1.0,0.7,0.7,54,0.0585264620081067,0.0758495437308306
3,25,0.11654321538580242,0.35424783003257904,0.3593572593333247,0.19181818044793464,0.10184583853647244,0.07643869773523196,0.00037867921904938,0.00026935226933316,1.0,0.7,0.7,55,0.0583634663404383,0.0733174845522633
3,26,0.10664863418066113,0.310022016325904,0.3129266326340531,0.1746673559743255,0.37614595584808824,0.07573912109846613,0.00038194474781581996,0.00027684333569087,1.0,0.7,0.7,56,0.0475416825955567,0.0579569794390969
4,0,0.9138441429984642,0.9768337651611535,0.9756604406947671,0.38917581559026754,0.0,0.0,0.0,0.0,1.0,0.7,0.7,1,1.05633626943843,1.1501442194480378
4,1,0.9481098424627793,1.0327145471622667,1.0280198307003061,0.45114130453087214,0.13032018896827977,0.0665652311408498,1.321164467838e-05,1.666998086252e-05,1.0,0.7,0.7,2,0.7428685661229509,0.9459458579805184
4,2,0.8301997186277991,0.9998853880346009,0.9963163704598834,0.4323444705171288,0.33268839894462293,0.07032963527560822,1.609728200594e-05,1.945542585468e-05,1.0,0.7,0.7,3,0.7455528701171498,0.8647066900241447
4,3,0.6883962429870436,0.94534057856124,0.9391699120874736,0.4007370118134063,0.42125773358751933,0.06664616874096145,0.00034775375071373,0.00041237989654216,1.0,0.7,0.7,4,0.6328909962898528,0.7572109968062389
4,4,0.507569707706719,0.8591120532587528,0.8455436081817921,0.34694219063659676,0.6713538878086004,0.06667325402643767,0.0004640058607184,0.00170910664407511,1.0,0.7,0.7,5,0.5272365187871811,0.4143873013349182
4,5,0.4587530321784908,0.8293846631499425,0.8172898205520703,0.3378623112284121,0.1697604992771688,0.06667325402643767,0.0004640058607184,0.00170910664407511,1.0,0.7,0.7,7,0.4130611547101337,0.3199397339634693
4,6,0.33479338275415005,0.7419433196576385,0.7252078860417775,0.28257714836665665,0.4104850647374711,0.07083970636536625,0.00047723005092074005,0.00172508960640843,1.0,0.7,0.7,9,0.3036905533725847,0.2429157751702753
4,7,0.28030117436314106,0.6805671903006589,0.6636388255372514,0.24885909797711944,0.2722263600284784,0.07208457426143645,0.00048465776827106004,0.00173406686133416,1.0,0.7,0.7,11,0.194365901136034,0.1541471250725595
4,8,0.23885494034498364,0.6265126938711555,0.6067066793614203,0.2264230551744407,0.2722297476502877,0.07486194652297973,0.00047600085166787004,0.0017243549816698099,1.0,0.7,0.7,13,0.229164040302903,0.1747714589728568
4,9,0.23363139839900107,0.6273203956801269,0.622571565230551,0.26757969529358,0.07757384015705328,0.07134603373738654,0.00083229847139624,0.0029963294198115,1.0,0.7,0.7,21,0.2635826490734281,0.1832056503270106
4,10,0.21277017555305186,0.6064599851579935,0.6100811746721633,0.2807617193410964,0.07120919171267062,0.06380010908095593,0.00037308009968228,0.00044344320544203,1.0,0.7,0.7,38,0.1971080557028034,0.1381081240523198
4,11,0.19417366958554008,0.5724378139817143,0.5741947762103157,0.26744445080306845,0.18960998075851498,0.06654211099752871,0.00039804395324187996,0.00048246856281875,1.0,0.7,0.7,40,0.1834864477288128,0.1288057609915785
4,12,0.1676206957372037,0.519504904743876,0.5214461649198776,0.23925934285396128,0.26589418430337075,0.06881807825102604,0.00037037038710767,0.00047533476644738006,1.0,0.7,0.7,42,0.130551349888075,0.1301898710737892
4,13,0.15399958880287137,0.4866341631182674,0.4898233974353093,0.22541216147212242,0.1922888613700746,0.07022154390139426,0.00034107389147814,0.00037343541026545,1.0,0.7,0.7,44,0.1128009394818573,0.1073653990335894
4,14,0.15162452813906852,0.4797389269486172,0.4825525931633857,0.22119352386654925,0.09683118322333313,0.07073143885883379,0.00035132457367047004,0.00037862197823530997,1.0,0.7,0.7,46,0.1133337999422063,0.1113718646346563
4,15,0.14335221283908098,0.4700806815598091,0.4786492519254382,0.23371340476559246,0.07515917904683182,0.06507823729677381,0.00039842926289476,0.00034876565614472,1.0,0.7,0.7,51,0.129465506575038,0.1053261746821088
4,16,0.13698555591553396,0.4601609802412165,0.47138051113164403,0.2504476674393011,0.07127889908470171,0.06167684510100617,0.00036397288628473,0.00032944956933548,1.0,0.7,0.7,57,0.1300978792667024,0.0941192712838808
4,17,0.13024964406764442,0.43391404412053747,0.4436282241132833,0.23794842905878866,0.2705191471700083,0.06519032948389525,0.00033089078579340997,0.00030918994246156,1.0,0.7,0.7,58,0.1102297524954845,0.0926606860806789
4,18,0.12352948647577427,0.4182225444345537,0.4302183426309674,0.23766375500959736,0.08471886662839839,0.0632605783447098,0.00034350599318626,0.00031337587146798,1.0,0.7,0.7,63,0.1072116960437609,0.0893827115614395
4,19,0.12038675784621701,0.4137039735679105,0.43149391790415526,0.24783731117212474,0.07307294557081084,0.06197727790104599,0.00034702417337895,0.00032023300411059,1.0,0.7,0.7,67,0.0995397520625246,0.0759420489701049
4,20,0.12001459420772995,0.4087954130243102,0.429208261167788,0.2530895784502485,0.12307451759911786,0.06407682935423566,0.00037195018828414,0.00033308560163198,1.0,0.7,0.7,68,0.0910769320646203,0.0708129398924579
4,21,0.1145315468298721,0.3990556875082888,0.4191663808126874,0.2714878789273393,0.0659402095186303,0.060309229540630206,0.00036347919728617003,0.00033281195553519,1.0,0.7,0.7,76,0.0927967719224771,0.0726320883397598
4,22,0.11648660984796959,0.40001372428404813,0.4230044864990101,0.28183405607618767,0.07155500922460811,0.0628768072992296,0.00048869918910389,0.0007041894896555,1.0,0.7,0.7,79,0.093636430393702,0.0611272242356968
4,23,0.11093920590873001,0.38120442777332586,0.40327476323929057,0.2775313224438991,0.09442671819086125,0.06253266850002195,0.00040442779749931996,0.00037201255648551003,1.0,0.7,0.7,83,0.0974115636452372,0.0629207921280612
4,24,0.1054504594707791,0.36251927111301113,0.3866516738899679,0.2797877130682645,0.19724668696996883,0.0619651235835811,0.00038031546359632,0.00038312331810098,1.0,0.7,0.7,84,0.0883456244618601,0.0650691887213986
4,25,0.10348793221251246,0.3590803243563652,0.3831141840979665,0.27704962747992645,0.06324135498017806,0.06044186890009982,0.00040269557268856997,0.00040347207012312003,1.0,0.7,0.7,90,0.0852020979175643,0.0582696861214689
4,26,0.1032590817586174,0.3571308148910407,0.38105006061066765,0.2978934685515736,0.0665291159984861,0.06075490641944131,0.00040544763125967997,0.00040144099287450004,1.0,0.7,0.7,93,0.0891604162949256,0.0639684780525961
4,27,0.10457871878239165,0.3605337012182587,0.3934599866496971,0.33261855086567027,0.0737026401964496,0.06277634902344435,0.00041269556013206,0.00040783362654562,1.0,0.7,0.7,95,0.085918936736454,0.0655057287400096
4,28,0.10297734621749317,0.35629963439216483,0.38905188712094735,0.3198916540964621,0.08622804747316713,0.06197275431061724,0.00041628122846170003,0.00041250443594378005,1.0,0.7,0.7,96,0.083227618651369,0.0670302337125769
4,29,0.1015260275415089,0.35841141452860587,0.40026921785933545,0.37984592471181317,0.06180484866283617,0.060762599812170984,0.00042512998227841,0.00041072595116337,1.0,0.7,0.7,112,0.091638706683879,0.0713486469649542
4,30,0.10100369033908607,0.35572709264614233,0.39744264136152335,0.4178333722110879,0.06469870111512065,0.06089009161909743,0.00042382782829985003,0.00040758172318775,1.0,0.7,0.7,118,0.0902384033885509,0.0725605583908591
4,31,0.10069259931203021,0.3572215749696628,0.4049702636021979,0.44726290401358854,0.06314779835545052,0.06091348434628639,0.00042465036143966996,0.00039962111752222,1.0,0.7,0.7,124,0.0897910111902721,0.073800040399675
4,32,0.10074949078221002,0.35715045613598984,0.40489075178998296,0.4505256993146066,0.0621565030253796,0.06100598931422985,0.00042707670707834995,0.00040024836188608,1.0,0.7,0.7,126,0.0898852023682469,0.0733260978304936
4,33,0.10031391684110469,0.360809676254928,0.42360596496990893,0.5659374050852611,0.063271691124519,0.061497294315768246,0.00043208872116049,0.00040565632572789,1.0,0.7,0.7,150,0.0906004414753369,0.0764241921357838
4,34,0.09758804012863118,0.35574557457245004,0.4183895022388441,0.5831753486638787,0.06417523283369908,0.059441652832938854,0.00043216256017831995,0.00040555814547132003,1.0,0.7,0.7,155,0.0926452708351236,0.0749282467294859
4,35,0.09869935449376828,0.35824400649343296,0.4239363298798579,0.5948122930066413,0.06148132727158479,0.060554868675425186,0.00044672165062218,0.00041779060657144,1.0,0.7,0.7,157,0.0892217659207128,0.0712030444041902
4,36,0.10283044422383898,0.3708291506554951,0.45482038311575895,0.623646128013285,0.06546669256128701,0.06480748898279776,0.00041867582522672,0.00039527340886290005,1.0,0.7,0.7,187,0.0801155039669623,0.06179519722252
4,37,0.10187623113625774,0.3687743582636672,0.4556525145224179,0.6314984448466634,0.07080125223202452,0.06457508843635211,0.00041289795018707,0.00040035548717323006,1.0,0.7,0.7,191,0.076074813571791,0.0598353787369316
5,0,0.9467183898852438,0.9859158997366725,0.9852025197781114,0.3949866581200322,0.0,0.0,0.0,0.0,1.0,0.7,0.7,1,0.9166288056519792,1.1335001141441905
5,1,0.9308377469782356,1.0274306887740736,1.0224832064377039,0.4476544831771393,0.22703412832300576,0.06627137106547788,1.347307789252e-05,1.804459979048e-05,1.0,0.7,0.7,2,0.813096132656087,0.9459458579805184
5,2,0.818142135717136,0.9921231730589573,0.9853518339895329,0.4292008992638225,0.3152257820913242,0.06670505534567175,0.00018592516117704,0.00023165708152455,1.0,0.7,0.7,3,0.8099139312067594,0.9604005382227864
5,3,0.7431605059415946,0.9642654417529403,0.9561653358339356,0.41079325460330207,0.24622726821242163,0.0652128005106372,0.00010913294432216,0.00012460123008035002,1.0,0.7,0.7,4,0.6996501490294504,0.796072091019263
5,4,0.7383287275936482,0.9615397893193537,0.9564730179391837,0.41160916540520903,0.06427252506965742,0.06145798148253802,7.871191354802e-05,9.807264416667e-05,1.0,0.7,0.7,5,0.7122437015068824,0.8624942174694001
5,5,0.5865052852768883,0.8996484403194476,0.891191685205535,0.37549964123200935,0.5280063019512661,0.0664769653943555,0.00010219484325813,0.00010908725853962999,1.0,0.7,0.7,6,0.5724489780428826,0.4227051916559645
5,6,0.5329489426390095,0.8707829770363748,0.8578860336746238,0.36078911682541515,0.2554723292796543,0.06642689249784342,0.00012225956132949,0.00013464072886312,1.0,0.7,0.7,7,0.6246703640081139,0.6985881652548704
5,7,0.3751007415143372,0.7715181726103671,0.7559785641194723,0.30156369988358017,0.8534717427274278,0.07816547753246773,0.00012318799889944,0.00013269087764226998,1.0,0.7,0.7,8,0.337869218417511,0.321143100742939
5,8,0.31877564974956946,0.7201937478401472,0.7022598192012867,0.27225088227557964,0.23723316980620712,0.07412505363380675,0.00011788384349149,0.00012592874564127998,1.0,0.7,0.7,10,0.2845626879822178,0.224577371886081
5,9,0.31850482286078596,0.7213841830738236,0.7064897362011306,0.2773617638670393,0.07522109282975781,0.07412505363380675,0.00011788384349149,0.00012592874564127998,1.0,0.7,0.7,12,0.2853008426700756,0.223352431666052
5,10,0.2878070353095176,0.6911236179947526,0.6779771267279167,0.26046925622640654,0.1571608093654814,0.06814051301524629,0.0001453773214007,0.00014741256081267,1.0,0.7,0.7,14,0.2465644620551017,0.2104224371368088
5,11,0.286840048188308,0.6915360094072179,0.6813963939567848,0.2667246161873183,0.0713571470905342,0.06800490851932256,0.00014640623305515,0.00014846314483247,1.0,0.7,0.7,16,0.2456363752989063,0.2075805870771888
5,12,0.27445065693980697,0.6767490651631134,0.6630813774440442,0.26023327178077627,0.09677562870566313,0.06404405370256284,0.00015452164052061001,0.0001568440684958,1.0,0.7,0.7,18,0.2447641740551177,0.2047028835514398
5,13,0.2783425721161265,0.6818476446401891,0.6710764698506901,0.27498259064857355,0.08219488459970727,0.07078067329058074,0.00014967023201728,0.00015285150549935,1.0,0.7,0.7,20,0.2512887802283829,0.2103681763292692
5,14,0.26355569484566826,0.6627213600746162,0.6480379303503019,0.2691320735721626,0.18575712329655306,0.07006250829006436,0.00014947781969027,0.00017554006503275,1.0,0.7,0.7,21,0.2162732639848769,0.1822907941115548
5,15,0.2564882683424254,0.6571163348843401,0.6453975954531038,0.2668571150420881,0.07982949520041074,0.06446350263950647,0.00028842708329012,0.00043615976861674,1.0,0.7,0.7,22,0.2097332919019678,0.1732640066104551
5,16,0.23896739418544052,0.6355118477898225,0.6256764998484049,0.2587440802525573,0.1431901978480036,0.06450768680715567,0.00025616843152818003,0.00045097517017747004,1.0,0.7,0.7,24,0.1872890021348123,0.1760058930608747
5,17,0.21891453215878529,0.6052662579823278,0.593727457231891,0.24743265235873796,0.30081349434119853,0.06766707652351464,0.00037688483232561,0.00065829543628196,1.0,0.7,0.7,25,0.1673089697726841,0.1430411094646916
5,18,0.20625450798706765,0.5935203155828955,0.5813534280439304,0.24407825133721478,0.1057092476979332,0.06846360215959901,0.00030229858656589004,0.00053121629415798,1.0,0.7,0.7,29,0.1910769660833525,0.1052387399763648
5,19,0.17265561170485957,0.5231600263289562,0.5104088551603435,0.20508719487713403,0.28575025240136964,0.06846360215959903,0.00030229858656589004,0.00053121629415798,1.0,0.7,0.7,31,0.1325947878058906,0.0970543383584666
5,20,0.15932446212635581,0.49116156082904877,0.4796373727614612,0.1938767766888004,0.19587399688672152,0.070799691339444,0.00043220655446873,0.00077644738149957,1.0,0.7,0.7,33,0.1164988955471693,0.0970311786505998
5,21,0.1586956123124555,0.490623985762985,0.48203539623730535,0.20273247092846952,0.07996083772552261,0.07111945697212976,0.00043313215177481003,0.00078021681896456,1.0,0.7,0.7,35,0.1164866746795839,0.0969167627349134
5,22,0.13019070854670092,0.4143779088549636,0.39908700809175046,0.15485587047196198,0.31775510146568087,0.06861819297293661,0.00032388631586528,0.00055748187746866,1.0,0.7,0.7,37,0.0971922616901914,0.0891401471276203
5,23,0.12538896880623043,0.39608529930588693,0.3827678378057464,0.15298453404782145,0.14436886744004224,0.07001376525666629,0.00041321199266339996,0.00071123164573083,1.0,0.7,0.7,39,0.0883683273861045,0.0792364446925785
5,24,0.12410853790066935,0.3973100821132233,0.3930193240639177,0.14812859172160006,0.08829373678284969,0.06948210351233144,0.00041078297502888,0.00070854910593388,1.0,0.7,0.7,40,0.0894252870014425,0.077726177893474
5,25,0.12408155248274624,0.3928615935674034,0.3823600544205382,0.1658181431791983,0.08452190703501959,0.07001376525666629,0.00041321199266339996,0.00071123164573083,1.0,0.7,0.7,41,0.074855250456826,0.083067335621333
5,26,0.12397180925762653,0.39538716003453966,0.3909719025717019,0.18967442280677832,0.07133897639554927,0.07001376525666628,0.00041321199266339996,0.00071123164573083,1.0,0.7,0.7,46,0.0829659438879885,0.0794489381466552
5,27,0.10294159348782896,0.303242312814332,0.28816839784614495,0.1415756202167452,0.7016317197393999,0.07072007114453335,0.00034480328750583,0.00071571666484254,1.0,0.7,0.7,47,0.0564329454790358,0.064829860903601
5,28,0.10211908932720003,0.26852576115316784,0.25728963369456015,0.14530277909069142,0.15382416992177755,0.07757346586999123,0.00042603420290070003,0.0010640671970903201,1.0,0.7,0.7,51,0.0539827177320835,0.0578191650315363
5,29,0.08947154256340568,0.25104160904246325,0.23951429029738025,0.13280174583933285,0.10473000745856365,0.06611755919614536,0.00036402637912467,0.00072789175555547,1.0,0.7,0.7,52,0.0502448132187572,0.0521909209295246
5,30,0.0791133766696448,0.17683995867007263,0.1645082530131124,0.06738629740812889,0.5915071555472722,0.06652388171849255,0.00042699185250189996,0.00080503056126431,1.0,0.7,0.7,53,0.0401828210593242,0.0368966098718317
5,31,0.08016375690339556,0.17668830446276057,0.16428721289942153,0.09604448446284868,0.07017388707082207,0.06774528360253021,0.0004253986711348,0.00080207070061721,1.0,0.7,0.7,59,0.0418969331435876,0.0372265223979344
5,32,0.07979544814250747,0.1757639790540122,0.1633308061711669,0.09835289317979783,0.07267872912984166,0.06745235752703685,0.0004265029412937,0.00080399336761504,1.0,0.7,0.7,60,0.0426941489994994,0.0370921456368605
5,33,0.08016671068996051,0.177340738728438,0.16794601297099263,0.1041443247789865,0.07071533803439078,0.0678444397678428,0.0004336515204051,0.0008176310891314899,1.0,0.7,0.7,61,0.0415639941362655,0.0367509020631709
5,34,0.07692276600145617,0.14246659310083878,0.13126342323244922,0.08517645469035702,0.31571264017588513,0.06866635442367161,0.0004388727370759,0.00082876994527597,1.0,0.7,0.7,62,0.034251014402415,0.0279465193090817
5,35,0.07692610892593515,0.14290082867180387,0.1346924703350605,0.10192430453240532,0.07166407377352167,0.06879215312330583,0.00043876242690924,0.00082892053001184,1.0,0.7,0.7,66,0.0340942683919955,0.0277911115788314
5,36,0.07206866454551684,0.09756850394601077,0.09600465057029514,0.10033325638882629,0.15518282903934924,0.068630153202804,0.00049363539930832,0.0009248493179644,1.0,0.7,0.7,70,0.0324537699106171,0.0246289804501277
5,37,0.07111135560857909,0.09126148644524189,0.09237318559668176,0.10420438883210305,0.09500163085494133,0.06835281675388137,0.00047483262550531997,0.0008945489432885201,1.0,0.7,0.7,72,0.0322328717366408,0.0239541072881977
5,38,0.07024385768623911,0.08960453468861963,0.09661722996102812,0.11331549729120713,0.07576867967022619,0.06781368126616177,0.00047690124707159,0.00091379912259731,1.0,0.7,0.7,76,0.0324610407688097,0.0238213892128234
5,39,0.06820933520319089,0.06820747613100489,0.06820747613100489,0.10550824488159156,0.1298958354187612,0.06739947015269844,0.00043110785286631,0.0007231864018572,1.0,0.7,0.7,78,0.0297894266194561,0.0231035599138015
5,40,0.0682093356259985,0.07112618100335802,0.07723238289363835,0.1304078585820118,0.06820751941155821,0.06739947088489091,0.00043110791207203,0.0007231865016308801,1.0,0.7,0.7,82,0.0297894233548789,0.0231035553232323
5,41,0.06820728195081753,0.07256163394799754,0.08171973700328257,0.15603251132282853,0.06823980718743224,0.06739945690739609,0.00043097657895684006,0.00072305919735951,1.0,0.7,0.7,87,0.0298111468307953,0.0231004000715671
6,0,0.918212259180185,0.9780588045166618,0.9769475204202751,0.38995957143023885,0.0,0.0,0.0,0.0,1.0,0.7,0.7,1,1.0358601919007815,1.1267537094805071
6,1,0.8937342037015568,1.01617034661365,1.010653490308969,0.4404435245155775,0.2503530142594216,0.06625136093042971,1.350938631676e-05,2.124626828944e-05,1.0,0.7,0.7,2,0.9664848528930332,0.9459458579805184
6,2,0.8083008896555919,0.9938203260222307,0.9898346685601767,0.4292404517655001,0.27964739549350687,0.07248464982026998,1.8859987531019998e-05,2.5576101687910002e-05,1.0,0.7,0.7,3,0.8459646337277925,0.8574569556552057
6,3,0.6177822057618912,0.9146479675412967,0.906930017966042,0.3810480325359673,0.5750114875530613,0.06660713173693798,0.0003140365360071,0.00030024267946589,1.0,0.7,0.7,4,0.5693813729120198,0.4328061122923498
6,4,0.6098585400732657,0.9088417797532067,0.9010319915017871,0.37739778202874863,0.07554459349271127,0.06269139568378215,0.00025259136522133,0.00025180266377002,1.0,0.7,0.7,5,0.5714279987253472,0.4591261041343101
6,5,0.6135820013053576,0.9141977202640331,0.9094335054875241,0.39050163416783146,0.06811524115874668,0.06666636366001491,0.00031068394802322,0.00029355364921637,1.0,0.7,0.7,6,0.5382442579391541,0.4313140516425578
6,6,0.5754097115366605,0.9006678366295302,0.891604442433757,0.38365758850839154,0.24920900205874352,0.07916768168870592,0.00032754592232386,0.00032148894775533004,1.0,0.7,0.7,7,0.4622498873324528,0.4783700315034316
6,7,0.4615340902908106,0.8371597488903189,0.8277902876564419,0.3455190822426934,0.5381735801660789,0.0805201367799978,0.00033289652353812,0.00032581878115381,1.0,0.7,0.7,8,0.3607501673143432,0.3168951990932323
6,8,0.45935683166181496,0.8354169725711954,0.826005575327728,0.3460160348948583,0.08577186346274769,0.07961061947820981,0.00032952180388342,0.00032124231083988,1.0,0.7,0.7,9,0.3638003159569203,0.3128387940860455
6,9,0.4198051286909418,0.8054497613967601,0.791753582059196,0.33015159577934183,0.15969664735228417,0.07559071368442304,0.00018419753573419001,0.00022619667395739002,1.0,0.7,0.7,11,0.3595158721324865,0.308077554755313
6,10,0.3003434984181355,0.7028410502450086,0.6871056280458661,0.2677219551200862,0.7654344293353861,0.07206884455049346,0.00018621646926631,0.00022600841998764,1.0,0.7,0.7,12,0.2430325556830564,0.1814407402585428
6,11,0.3004898325284499,0.7042009815570064,0.6912695533171368,0.2729363540718616,0.09435613553748194,0.07679601638388507,0.00031106858787646,0.00023304985331778,1.0,0.7,0.7,14,0.2415965611590143,0.239186575751668
6,12,0.2743061077865299,0.6755035103565453,0.6614379711307484,0.26034294040446143,0.14782725995354612,0.07061784345401198,0.00016769707071176,0.00019530775575792998,1.0,0.7,0.7,16,0.2393674100519215,0.2154929352209129
6,13,0.271815127744084,0.6717606803453388,0.6572983048915283,0.26613743108433197,0.10196489695427488,0.07472606811067917,0.00015295924868788,0.00018788178672417,1.0,0.7,0.7,18,0.2118267520433277,0.1761871967499593
6,14,0.270894102712443,0.6720430399232059,0.6605593988283726,0.2718356721576442,0.08031451874819513,0.07501811518715311,0.00015186801649168,0.00018731738904976001,1.0,0.7,0.7,20,0.2111438072403949,0.1758651888560664
6,15,0.2638304359985472,0.6655821766169449,0.6569156795760319,0.28555761613755903,0.08002372385756402,0.07173378930075736,0.00017056147389951,0.00020152400432686,1.0,0.7,0.7,24,0.2134667312611756,0.1878519991307835
6,16,0.25876118094017037,0.6576366646205588,0.6510053344776823,0.29292785126375354,0.15247938705127156,0.08240513631461062,0.00018063936486433998,0.00022386543233690002,1.0,0.7,0.7,26,0.1882494980342665,0.2095476498435551
6,17,0.2371607294475736,0.6294492844888521,0.6244655438501175,0.2803771560731665,0.17635917840819848,0.08051474748237478,0.00017879903209486002,0.00021899874502928,1.0,0.7,0.7,28,0.1627201166643468,0.183332128694524
6,18,0.20371718815529696,0.5756268991843861,0.5651120747519025,0.24164219340324397,0.24554508118668747,0.07663709694734654,0.00059909928864064,0.00043010435455971,1.0,0.7,0.7,30,0.1784531888793685,0.1429481930659258
6,19,0.19887471325791928,0.5685888924573554,0.5607149120699113,0.24330349994160327,0.1050547313226283,0.07628513754966552,0.0005952738085977999,0.0004261473830682,1.0,0.7,0.7,32,0.1692956742645702,0.1388535545981107
6,20,0.14188236318053973,0.428455988183296,0.4162876805938212,0.15685254421231543,1.0804817043455475,0.07981372193525589,0.00056749362333552,0.00038676696279531,1.0,0.7,0.7,33,0.0935750211453886,0.0819272907717714
6,21,0.14242285517403436,0.4274231475299091,0.41219335131185414,0.16971590727979502,0.08145470602543153,0.08040143012426629,0.0005739984146924,0.00038671924445136003,1.0,0.7,0.7,36,0.0997376250051706,0.0902448580765448
6,22,0.14072870208854404,0.42517672125483696,0.41285228924259687,0.18231590675008025,0.09033879634268974,0.07961660959601792,0.0005690925723329301,0.00038592420279625,1.0,0.7,0.7,38,0.0923485314730962,0.0815062647289939
6,23,0.13984348321306111,0.4249834080748442,0.4156559189914921,0.18881148777803547,0.08356250661579873,0.07908202618914184,0.00056014319835277,0.00038175927560549,1.0,0.7,0.7,40,0.0883848028683758,0.079275927507578
6,24,0.13819546863302556,0.4221570252151103,0.4156903713162513,0.19371953589311974,0.09233432086855009,0.07863479263499301,0.00052401565286101,0.00035713695467595003,1.0,0.7,0.7,42,0.0890884283827507,0.0758922657046147
6,25,0.1390386168481755,0.4216218633940195,0.41505522628505,0.16835486793599122,0.0874941041576321,0.08011817079333447,0.00049708865290912,0.00032052182967987,1.0,0.7,0.7,44,0.0887626305734133,0.0727132703026098
6,26,0.14439252607368505,0.42364081360699285,0.41683254987926616,0.22815662455957833,0.09578639457095516,0.08700049602430185,0.00038807596972385003,0.00029744914125661,1.0,0.7,0.7,48,0.1087326738940939,0.0720260998568343
6,27,0.1392340397118378,0.40855882597010407,0.40399673324548574,0.22558085508408723,0.14161542077979672,0.08638473401117924,0.0003941833258872,0.00030153836867636,1.0,0.7,0.7,50,0.0933580674358857,0.0697812410061025
6,28,0.13748559590737033,0.4027402047444724,0.3978938179647088,0.23008138218737303,0.10601285422100015,0.08617919930453526,0.00039257209666373,0.00030362101703008997,1.0,0.7,0.7,52,0.0936078082537999,0.0674902261463295
6,29,0.13579225024810612,0.39970286683387024,0.4006670930244024,0.2382562829853488,0.0966260476910367,0.08605730180351431,0.00039364888701306,0.00030526606245102997,1.0,0.7,0.7,56,0.0871823588186975,0.0651781442252031
6,30,0.13584046372027442,0.39680699106353107,0.39166322481725163,0.18490770775553442,0.08667128855606862,0.0861160270757606,0.00039324499682373006,0.0003052862751491,1.0,0.7,0.7,60,0.0870646190180784,0.0653513948745791
6,31,0.1351701750426817,0.39654529478824785,0.39438224815537953,0.19168799146025442,0.09613925348567932,0.08583923449806104,0.00038106810894497997,0.00029551171541709003,1.0,0.7,0.7,61,0.0876855596319347,0.0650929118926502
6,32,0.12583393003152443,0.36855437073533925,0.3680837318022964,0.24435477972364972,0.14543169504673284,0.08318816895415115,0.00041884375100149993,0.00035422004327801,1.0,0.7,0.7,64,0.0787365023112994,0.0696208458579539
6,33,0.12520393657921947,0.3707512907698831,0.3763807412125781,0.2556986952939187,0.08333589992642262,0.08258549181525315,0.00041601566260609,0.00035915262365395997,1.0,0.7,0.7,68,0.073497928576691,0.0611715581359547
6,34,0.12201737311404609,0.35157896832837765,0.35615708836118276,0.25584604836628255,0.15638339972627735,0.08423268265175457,0.00037304704216712,0.00031475021954484,1.0,0.7,0.7,70,0.0842938309794987,0.0643003715893776
6,35,0.12137941021843442,0.3467710501073433,0.35403769611408814,0.27048056683959815,0.11050203419578167,0.08516895698859256,0.00037008377021988,0.00031020977763791997,1.0,0.7,0.7,72,0.074199243906875,0.0597229346239204
6,36,0.12093680611860043,0.3467763907845558,0.35703141774262837,0.2848752190656525,0.08832828733607989,0.08498469954864699,0.00036868035371849,0.00032311169456971,1.0,0.7,0.7,75,0.0785368685995335,0.0622411283338593
6,37,0.11959482683418877,0.3394313880038885,0.34930154916802414,0.2802598440578954,0.1379878317608038,0.08526488811998552,0.00035110163521097,0.00030344998235196,1.0,0.7,0.7,76,0.0701225182167374,0.0625048608156724
6,38,0.11843144762231715,0.33735641944069283,0.35012798728965494,0.2933663252836082,0.09561281357340137,0.08472227483433153,0.00035126578651681003,0.00030821888992265,1.0,0.7,0.7,78,0.0680897168438258,0.0652239908250934
6,39,0.11607163448665611,0.33587322475551395,0.3516605196888289,0.3481327363431477,0.08330549037772231,0.08250838098597718,0.00034837954754849,0.000324249409181,1.0,0.7,0.7,94,0.0805904460034494,0.0629134910810428
6,40,0.11456885544741534,0.32940857340609575,0.34784229698840496,0.3527816439051674,0.11060358093515321,0.08261312261894155,0.00034998238536183,0.0003238891533962,1.0,0.7,0.7,96,0.0749108528895631,0.0624110835534859
6,41,0.11317943191046653,0.32697364764611997,0.3512637299910837,0.37537248781336996,0.09115793973250985,0.08217775459207233,0.00035760491911474,0.00033722922587265,1.0,0.7,0.7,100,0.0688136113554262,0.061941580940005
6,42,0.11384934296996709,0.3157091289570394,0.3422161820661027,0.3610395143308507,0.14334913557217505,0.08581141800586364,0.00048376645198496004,0.00042786857706634,1.0,0.7,0.7,102,0.0807897207061751,0.0607575708381976
6,43,0.10875396302678925,0.3052103936508901,0.34027352404218936,0.38686584944377334,0.09169200238553205,0.0828712504854884,0.00047491803539421,0.00039909252169364,1.0,0.7,0.7,112,0.0761737983830061,0.0551356492783625
6,44,0.10778965499820975,0.28910882662021997,0.32621443910166,0.3854641324830012,0.15464927937271947,0.08527188148429679,0.00047566221549471,0.00038795592385539,1.0,0.7,0.7,114,0.0716377159708636,0.0583630167316556
6,45,0.10813303634854574,0.28937646962469027,0.32647663264453336,0.4109315407395067,0.08692990917550329,0.08563647564629512,0.00048337439554757,0.00039545335760396004,1.0,0.7,0.7,116,0.0720829026187001,0.0605045375677382
6,46,0.10744844423303858,0.28923173849842915,0.32933033131560874,0.4005866522601652,0.09255212929975405,0.08512868231015439,0.00047093669986326,0.00038382206227796,1.0,0.7,0.7,117,0.0731406354347203,0.0567001491285559
6,47,0.10775084336602608,0.28930343275886405,0.3293877201041925,0.43356292694116677,0.08829584237984026,0.08547292528805533,0.00047822245398251005,0.00039070488555830997,1.0,0.7,0.7,118,0.0739401921166239,0.0584963243226815
6,48,0.10680427144928915,0.2843172757825043,0.32415849626304477,0.40391632244695186,0.11871133715788765,0.08529223406534367,0.00046609534735863,0.00039406511317441995,1.0,0.7,0.7,119,0.0726069639929875,0.0590839309398941
6,49,0.10717192542438389,0.2855161586891954,0.3283723223395644,0.4336625130345059,0.08821023143065372,0.08574369092920009,0.00049339471994583,0.00042600971570082996,1.0,0.7,0.7,122,0.0709609202346529,0.0578382805858138
6,50,0.1054824441663144,0.2809403388984771,0.32065803505811735,0.4259715463914028,0.09062670845749306,0.08437107073615613,0.00046630333237392,0.00036984789475661003,1.0,0.7,0.7,124,0.0670785096668192,0.0570669524307392
6,51,0.10637540536999095,0.2826770748410591,0.32837646679164634,0.4648727735751712,0.09470542858820283,0.08559299644910175,0.0004944728535048999,0.00041939511738241,1.0,0.7,0.7,126,0.0692657782709932,0.0581719808334415
6,52,0.1071664367135725,0.28176815870768196,0.3273657074942752,0.459193176989265,0.09079982222284472,0.0866995234098451,0.00048685532627919,0.00042047840085385,1.0,0.7,0.7,130,0.0706986031229111,0.0603059293656984
6,53,0.10465534862923608,0.2730260294582691,0.3182514788873428,0.47475359870291667,0.10282060759139326,0.08531221959486256,0.0004851980475537,0.00041103054649634,1.0,0.7,0.7,133,0.0680352631060728,0.0557767894358809
6,54,0.10439379759170936,0.27381824662290266,0.32207263006898995,0.47091228944866603,0.08684537809995146,0.08512314244068356,0.00048411899828566,0.00041054802983046,1.0,0.7,0.7,136,0.0682774034236751,0.0556528014594781
6,55,0.10429615107855367,0.2747040228607629,0.3259831693296496,0.4880684595448079,0.08959193295393636,0.0851088792203459,0.00048435625334422003,0.00041056279783749,1.0,0.7,0.7,137,0.0687066979144313,0.0555993225857179
6,56,0.10364197089923352,0.27386454559441986,0.3280986792815803,0.5074940552142322,0.08731198934825882,0.08475899201644545,0.00047003649451981,0.00040813453080855,1.0,0.7,0.7,144,0.0682894955569243,0.0577877516893597
6,57,0.1026498116927422,0.26904650588187007,0.3230535420487845,0.5169901460414226,0.10048801277836635,0.08441837213037666,0.00046470984080094005,0.0004228542628245,1.0,0.7,0.7,146,0.0678224854699074,0.0576487640868697
6,58,0.10224575713153039,0.26992556770522436,0.3269752347036433,0.5173709235651435,0.0853825386145567,0.08404281661351279,0.00046537197222159,0.00042471432304866006,1.0,0.7,0.7,148,0.0672799413227294,0.057658913013058
6,59,0.10099803967618892,0.27148004340186993,0.33462880623051816,0.5698015420837904,0.08360244379282447,0.08283049678147678,0.00047790580062513,0.00039548289019089,1.0,0.7,0.7,155,0.0674820636501808,0.0591027010817158
6,60,0.10103563042244047,0.26556304296535604,0.31649248171125594,0.43791199837330297,0.08357766135401413,0.08288749410809325,0.00047809549706004,0.00039589878253219,1.0,0.7,0.7,167,0.0674561937837913,0.0591040905482251
6,61,0.10071940828867214,0.26404303130238105,0.3149012190711064,0.4543191269960721,0.08660559248963154,0.08277477872170454,0.00047833007719563,0.00039500304711106006,1.0,0.7,0.7,170,0.0676157892841832,0.0591500763596583
6,62,0.1004144588467336,0.26191403367485083,0.3126647111105008,0.4423132234159684,0.09768481115728801,0.08277288378430687,0.00047652353187974003,0.0003906442621902,1.0,0.7,0.7,171,0.0671350989091753,0.0578975982301016
7,0,0.9542296938462307,0.9879477896394502,0.9873373415422662,0.39628685972663386,0.0,0.0,0.0,0.0,1.0,0.7,0.7,1,0.8856795816701474,1.1321392399317465
7,1,0.8843113755229354,1.0134748641500928,1.0078038336261392,0.43884531156312095,0.3398489676347992,0.06660207747081688,1.335550530989e-05,1.801107898547e-05,1.0,0.7,0.7,2,1.00689890992056,0.9459458579805184
7,2,0.8437111882164755,0.9977995401541477,0.9915333659872038,0.42804978657400883,0.14370079855319104,0.06268841011987304,7.382198052677639e-06,8.911338395195144e-06,1.0,0.7,0.7,3,0.937965473145915,0.9332508381606074
7,3,0.6586872229255493,0.9327809896039801,0.9259840286883422,0.39263098586854206,0.5547555968440867,0.06651072694032484,0.00030968332075156,0.00036783951703800997,1.0,0.7,0.7,4,0.4476517119516505,0.4604277820139883
7,4,0.648928467595859,0.9263132933338803,0.9193900589145113,0.3885641808070029,0.08019507950881306,0.0626330018001804,0.00024211940082431,0.0002969525600619,1.0,0.7,0.7,5,0.4477806920845164,0.4818788839302534
7,5,0.4999339407114027,0.8537676007132833,0.8429907115839211,0.3461189951819647,0.5910454415548583,0.0662489851026815,0.00017562699471564998,0.00026100195867669,1.0,0.7,0.7,6,0.3744170639072179,0.4049261467152917
7,6,0.4952738440315482,0.8511594108458115,0.8402380110978385,0.3455462353217918,0.08647209791161126,0.06650764304055015,0.00016973614518457002,0.0002483073738234,1.0,0.7,0.7,7,0.3660196393790124,0.397804139865199
7,7,0.4633990555334424,0.8365845409242367,0.8274437429179676,0.3484105376040425,0.24907828214382577,0.07545668733350692,0.00025483234162245003,0.0003657001410102,1.0,0.7,0.7,8,0.406858130595586,0.3963825521156623
7,8,0.3268198572794311,0.729704914943817,0.7147650708139585,0.28815452226842414,0.47814360397873157,0.08317891681090327,0.00019314924260922,0.00028366632892087,1.0,0.7,0.7,10,0.2710404221069342,0.2081325724595252
7,9,0.3212469351351024,0.724091526236951,0.7088456119031277,0.2772843093008165,0.12560049718376468,0.0836220119526213,0.00018725839307814,0.00027097174406758,1.0,0.7,0.7,11,0.2603591499952484,0.2007302966401928
7,10,0.29665976941260996,0.6998163853578392,0.686574675288644,0.2743222331616947,0.15032582458990498,0.07857866371844038,0.0001915775780855,0.0002936192684041,1.0,0.7,0.7,13,0.2466129143875973,0.1754192802628303
7,11,0.2889552977232929,0.6931713881620353,0.6852449523422283,0.28006350427093246,0.12085066786605542,0.08466509469862787,0.00017780748986496,0.00025956847393189,1.0,0.7,0.7,16,0.220632020425852,0.1576459607793072
7,12,0.26814806406633973,0.6675981017719178,0.6556605399326247,0.27639927571919964,0.12324533787665119,0.07856641007366208,0.00041734558959199004,0.00130668323178676,1.0,0.7,0.7,19,0.2332235081649615,0.1926950539828282
7,13,0.26504511568854666,0.6647497448766758,0.6555791515376245,0.27905378039143874,0.1005760552961848,0.08037461658010282,0.00034443733880643,0.0007133812374719701,1.0,0.7,0.7,21,0.2110697574408956,0.1601116387452382
7,14,0.2596513547077531,0.6596474630939096,0.6532654748399992,0.28279962140976495,0.09790053344429256,0.07883502460847795,0.00042523261760668,0.0009187561900896,1.0,0.7,0.7,23,0.2174139479071831,0.1704663777621573
7,15,0.2532000813954473,0.6540683667949764,0.6474257103547995,0.2817485183249447,0.13453083645037706,0.07902503225338023,0.0002022824333435,0.00025278945110832003,1.0,0.7,0.7,24,0.2122368434343846,0.1653459182107898
7,16,0.2431061055510607,0.6381997894215035,0.6307410307907333,0.2742372815976139,0.17849998431596245,0.07926159357752305,0.00020923443311463,0.0002582220607259,1.0,0.7,0.7,25,0.1989353932911068,0.1594518206958178
7,17,0.2383155769411309,0.6308390568044576,0.6230432364714236,0.27183633568714755,0.1195025561720631,0.07854643235820699,0.00021392703906728997,0.00026733691220263,1.0,0.7,0.7,26,0.1948923977127993,0.1602694317918874
7,18,0.18804812926630124,0.5498478691635769,0.5439061468115542,0.2341925824431063,0.672309546374578,0.07850667288301685,0.00026311404247601,0.00034242687657498,1.0,0.7,0.7,27,0.1337521547602022,0.089971058958604
7,19,0.18276509735043162,0.5360688439130857,0.5293975671720416,0.22829471327318027,0.1639544115245018,0.07912252942612719,0.00026630911416722,0.00035359261505877,1.0,0.7,0.7,28,0.1310762433516883,0.0774038899857778
7,20,0.14393130462668965,0.4505849367791001,0.4428690127015955,0.17501054169854144,0.6306542318907286,0.07290871317950891,0.00038595319449563,0.0004908747005029701,1.0,0.7,0.7,29,0.1023363741350567,0.0661886168205975
7,21,0.14385849118238503,0.4490749670132516,0.4441778010665254,0.1793202547120204,0.09255498147147664,0.07456429396703572,0.00038339856345653,0.0004964714230377501,1.0,0.7,0.7,31,0.1015155332091517,0.0708053839606592
7,22,0.13659548280824804,0.4277547199462627,0.4218154225101364,0.1728303964925623,0.14306197834987525,0.07383606750119012,0.00038460554842043,0.00047335203816295003,1.0,0.7,0.7,33,0.0906941123959528,0.0792664127791651
7,23,0.13813012862247176,0.4241029312243083,0.4207269539535553,0.19413342923033064,0.09247514721921117,0.07840056351957674,0.00036356498066842,0.00048722037126047,1.0,0.7,0.7,38,0.0784038919778991,0.0617765510894633
7,24,0.13459314092145316,0.4127918480598107,0.40590869053897743,0.197343629004808,0.09341102791464377,0.07749611523729658,0.00038138754684805,0.00049587778617798,1.0,0.7,0.7,42,0.0770180514734249,0.0628715316308278
7,25,0.1330680931104749,0.4096086841403537,0.40555624783886257,0.19720652941681388,0.09293277524500536,0.07723280278797401,0.00038296574721474,0.00051088814813208,1.0,0.7,0.7,44,0.073982946449219,0.0619889264983436
7,26,0.12875692778736997,0.39294274964196074,0.3880220850363255,0.20427471533489705,0.09801732248087741,0.07768695184976074,0.00039219491204935,0.0005345271439011801,1.0,0.7,0.7,50,0.0716748885560138,0.0592330183592923
7,27,0.1298452066721444,0.39647328411454935,0.39762566197250904,0.18665943631103843,0.08414353275791032,0.07893478903355543,0.00040276741040003996,0.0005503020132221501,1.0,0.7,0.7,51,0.0764789891044122,0.0727765241265751
7,28,0.1297989874975563,0.39514558259488025,0.39620891189480456,0.18596935410120854,0.08614265199867209,0.07937695686838626,0.0003970034013937,0.00053939077915808,1.0,0.7,0.7,53,0.0766243213074201,0.0715821424988587
7,29,0.1292763105318331,0.39414853625355656,0.3951794156057403,0.1851947393082273,0.08181881577809422,0.07899789655526822,0.00041018664782713004,0.00055876675501087,1.0,0.7,0.7,55,0.0741067312507735,0.0710018004886254
7,30,0.12876756459536612,0.39056132493480344,0.39138000515319826,0.18311659832229257,0.08990538800649402,0.07960548597970497,0.00040885887337631003,0.00055287719182556,1.0,0.7,0.7,58,0.0729788423535283,0.0706963131178491
7,31,0.126542797107401,0.39446225184347705,0.4104660102815074,0.28991629967015414,0.07956568963328758,0.07775788130122656,0.00040847023036182,0.00060978591152402,1.0,0.7,0.7,68,0.0757156675107086,0.0691567315181165
7,32,0.12738172130931558,0.39663956585486687,0.4186412884710789,0.2846288530325126,0.08068409108385992,0.07914712801159321,0.00044071551203959003,0.0005863040492828699,1.0,0.7,0.7,86,0.079915002649788,0.0689133952143729
7,33,0.12715256494528634,0.39589852364057915,0.41786526449473377,0.2938441988998705,0.08219592555639202,0.07913588131685478,0.00041919961487042994,0.00055213088064131,1.0,0.7,0.7,88,0.0768827838586601,0.0697926210497572
7,34,0.12671220025898206,0.3941728256514127,0.41605184523029476,0.295978346152552,0.09176170193595735,0.07913589305931593,0.00041747157115781,0.00056285899537557,1.0,0.7,0.7,89,0.0786427143753692,0.0696224695811943
7,35,0.12616504767485864,0.39352915986866055,0.418355362946943,0.30680775334788146,0.09421672610775848,0.07914258020453821,0.00040346352515913,0.00055059063717947,1.0,0.7,0.7,90,0.0773222307303942,0.0634650313984865
7,36,0.1250855547364445,0.38857285104703365,0.41018195383935446,0.3068734409625199,0.10187657572917755,0.07884662783999784,0.00042209043464465,0.00058486459745456,1.0,0.7,0.7,91,0.0903119245824636,0.0749154451821749
7,37,0.12472588012006408,0.38859109604198744,0.41318016327294327,0.3306178830519306,0.08453303129138129,0.07883950193371335,0.00041851145593135,0.00060302435715393,1.0,0.7,0.7,93,0.0833576561181651,0.0791939690625642
7,38,0.12443566968472174,0.38761629610747456,0.4121591279849827,0.34000988970169227,0.08263942387390312,0.07878998389453581,0.00042178788488180994,0.00058204477805564,1.0,0.7,0.7,95,0.0824382415385344,0.0706416137739384
7,39,0.12349939789404181,0.3838232742487732,0.41112879794327767,0.3653993570421984,0.08657158031845907,0.0792952376947317,0.00040886833326222994,0.00056131686692546,1.0,0.7,0.7,101,0.0779176705893949,0.0717474813187244
7,40,0.12330091425321392,0.3824589591962459,0.40968632441278324,0.3661353753348781,0.08549502324824579,0.07947744406228327,0.00040541829168528004,0.0005600557194171999,1.0,0.7,0.7,103,0.0766325491106602,0.0649631069689696
7,41,0.12237987721925532,0.37913476906242194,0.40620185118185304,0.3666089621140189,0.09086977160855306,0.07929344072832749,0.00040680214031416,0.0005937806408922,1.0,0.7,0.7,105,0.0765012835356244,0.0658784917109198
7,42,0.12203659321004853,0.3797564187725459,0.4098435019494531,0.37275289468365275,0.08087794478478716,0.07911812625891793,0.00040680411011221,0.00058118222173414,1.0,0.7,0.7,109,0.0756495523583805,0.062352721204412
7,43,0.12220643819680359,0.3814020111550666,0.4145433424626091,0.4032735422673726,0.07999200164612841,0.07928910547541715,0.00040566134586461996,0.00057121804125506,1.0,0.7,0.7,115,0.0737171735866002,0.0622781356918768
7,44,0.12214915196219085,0.380801775341499,0.4139069945233153,0.4051618447975616,0.08253986225408141,0.07937505317379975,0.00040839448415919003,0.00060694162292181,1.0,0.7,0.7,117,0.075985877206729,0.0647886792812693
7,45,0.12196627221116424,0.3786533905191633,0.4116282275682061,0.44504115429218877,0.08161604521974221,0.0797978876390748,0.00041181827478877,0.00060793402982192,1.0,0.7,0.7,133,0.0740670962384275,0.0670196154479271
7,46,0.12188273092550139,0.38283628480118304,0.4249630126567505,0.48300160182252305,0.08071465029272407,0.07974155302013272,0.00041032372812593,0.0006198962860182,1.0,0.7,0.7,137,0.0735748746299743,0.0654390484490543
7,47,0.12197465123118002,0.3841846993641316,0.4293509758438771,0.5142994645228771,0.08082923571735225,0.07982777708241744,0.0004602399990465,0.0006705788729654599,1.0,0.7,0.7,146,0.0713190154675641,0.0668206926358182
7,48,0.12184169973602509,0.38402824363693094,0.42919297216684144,0.5141537879079445,0.08059706851403924,0.07972077658491614,0.00046643226268398,0.00063741293063926,1.0,0.7,0.7,148,0.071548122361231,0.0611519251115632
7,49,0.12163505973972089,0.38896894624303185,0.44630043105161593,0.5472724254818313,0.08173097645029166,0.07975714210122589,0.00040830960418517,0.00064946357257186,1.0,0.7,0.7,153,0.07530904278884,0.0657039965981182
7,50,0.12163202591730066,0.3889557456695906,0.44628656409103307,0.5472640123419048,0.08050914450559302,0.07975714598517793,0.00040843309678114997,0.00064946780009403,1.0,0.7,0.7,161,0.0755131385451138,0.065678030783435
7,51,0.12142103750835988,0.38659663353735346,0.44082876706210666,0.575030182937189,0.0815320640334174,0.0797576034382709,0.00040803229596048996,0.00064963252554884,1.0,0.7,0.7,167,0.0754182073428292,0.0656808596967198
7,52,0.1214148483520543,0.38949344869723623,0.4498307436236022,0.6109037146565072,0.08051999006887808,0.07975535542599145,0.00040757866844783,0.00065129400446219,1.0,0.7,0.7,173,0.0751524311623078,0.0653469431499674
7,53,0.12136606881343048,0.38782479839479134,0.44509837775973826,0.630642763673464,0.08067755070174232,0.0797565435106917,0.00040802367851932,0.00064960802884272,1.0,0.7,0.7,181,0.0754861341327859,0.0660808053172995
7,54,0.12134290044870566,0.38770197919886584,0.44496897219529763,0.6417403752488768,0.08080341547232606,0.07977046305205135,0.00040900329326836,0.0006391596570818399,1.0,0.7,0.7,184,0.0759800983293887,0.0654510653510404
7,55,0.12133379028592621,0.397897282429424,0.4765352028082751,0.6925662890934913,0.08059624234921682,0.07975681077970206,0.00040822523297271004,0.00065120560047275,1.0,0.7,0.7,185,0.0752901140076768,0.0658235761816213
7,56,0.12124973277448976,0.4019092194540982,0.4896877953045417,0.8910272738754047,0.08086299317629687,0.0797558786830363,0.00041242014040464,0.00065123221118786,1.0,0.7,0.7,192,0.0747313400358381,0.0651887388413341
7,57,0.12135288952141977,0.3917914780320217,0.4581980217209386,0.678837895764972,0.08062168668193506,0.07984894105439076,0.00042141787935633996,0.00065905570314718,1.0,0.7,0.7,195,0.0746727270479187,0.0639089439939137
7,58,0.12105110981107362,0.39138518035031655,0.4577848172694284,0.6975990087997814,0.08080527055811808,0.07957209314979108,0.00041343650110889,0.0006769200456129599,1.0,0.7,0.7,197,0.0752449778034359,0.0648117332913383
8,0,0.8400595452701988,0.9552282341131396,0.9529606701311848,0.37535223589279737,0.0,0.0,0.0,0.0,1.0,0.7,0.7,1,1.357737753819259,1.1358465561340316
8,1,0.8947100439192611,1.0166906966058122,1.011184178722633,0.4408904089211255,0.09188895135267339,0.06656663400838267,1.383661327139e-05,2.211459128798e-05,1.0,0.7,0.7,2,0.9637561756032884,0.9459458579805184
8,2,0.7689770378911829,0.9768901184743657,0.9722788841084757,0.4167597497236556,0.36161993624703526,0.06791834453577844,1.3029577372879999e-05,1.4309860687230001e-05,1.0,0.7,0.7,3,1.0005694014994002,0.8751620754291549
8,3,0.5821166397277896,0.8976187625227041,0.8890481372221734,0.3700836435057378,0.6057248067406169,0.06653510445390855,0.00024760393053013997,0.00019298648018288,1.0,0.7,0.7,4,0.8673937330187155,0.701950323054014
8,4,0.5719160497260972,0.8905817771078718,0.8818553229322917,0.3656573826528978,0.08409368335545209,0.06264786737862216,0.0001987508792201,0.00013817587668045,1.0,0.7,0.7,5,0.8746547613729164,0.6896690548967739
8,5,0.5627864914674269,0.8875196863109814,0.8816126394842302,0.3671645106913109,0.07887819555451961,0.06272600638349789,0.00021729844892129,0.00014026521448055998,1.0,0.7,0.7,7,0.8995976282167146,0.6969109916972539
8,6,0.5647433160368793,0.8904012662272514,0.8844544385361298,0.3696804669438727,0.06962248165535226,0.06632332177414267,0.00022150676332849,0.00023523727202969,1.0,0.7,0.7,9,0.8665996206709454,0.7969167763229676
8,7,0.4120135830140749,0.7989317574652063,0.7915511152403051,0.31849661267728385,0.6724593317186275,0.061981717582480333,0.00025548433883037,0.00021089380432013,1.0,0.7,0.7,10,0.5554898881068174,0.4005241517416532
8,8,0.3966869354912861,0.789527755166301,0.7846028274436336,0.31726175806440515,0.10388318947342581,0.06290294786548446,0.00027165723531778,0.00020913207397018997,1.0,0.7,0.7,12,0.5838197107517398,0.4143402321186475
8,9,0.39377482430740124,0.7869192293594004,0.7819498012747691,0.31711938691845726,0.06756758444890572,0.06124634485951168,0.00022216149945367,0.00015438609656606,1.0,0.7,0.7,13,0.5770290843884638,0.4117992844402773
8,10,0.3862162621745967,0.7794694822532338,0.7712078554859576,0.30853198882609695,0.09280137311239002,0.05996038874695503,0.00018948630257716,0.00021100911023181,1.0,0.7,0.7,14,0.5688441433221457,0.3982296674170525
8,11,0.3848045915769895,0.7802266261672237,0.7749030245304339,0.31419140357453407,0.06963264299484617,0.06148300460477829,0.00026549252470296997,0.00020270417752903997,1.0,0.7,0.7,16,0.5743580092551416,0.4002945136664186
8,12,0.3803739861402341,0.7762980077521713,0.7708908482749829,0.31085750459659595,0.06521822884551942,0.05921810892884458,0.00024470889923224,0.00020324419247635,1.0,0.7,0.7,18,0.5683823501000668,0.4293634901451765
8,13,0.38188716245279225,0.7987568498755757,0.7942041252559624,0.3440295910729339,0.075988570435364,0.06487305927472856,0.00018004531409468,0.00017241871599311,1.0,0.7,0.7,20,0.4052845351942764,0.3997894745422403
8,14,0.29558449292956523,0.7025155757510475,0.695985284753925,0.28818617211497083,0.6134643598390065,0.06632467908035833,0.00029738091713314,0.00030870964651053,1.0,0.7,0.7,21,0.3786125624097447,0.235341620023755
8,15,0.278349268452506,0.6839080408285352,0.6765178648168912,0.27568823590400593,0.1820897251270394,0.06487305927472856,0.00018004531409468,0.00017241871599311,1.0,0.7,0.7,22,0.4020200231049752,0.2191448665466958
8,16,0.274729155731844,0.6809173119655618,0.6762334848968615,0.2801785447838297,0.09111295255409198,0.06716691461545211,0.00026333541428632,0.00023565640193656,1.0,0.7,0.7,24,0.3441592784182464,0.2154471561380544
8,17,0.25764339300526035,0.6614116623715653,0.6533298382980949,0.26712231618168664,0.1033686641009498,0.05600785536712198,0.00020116917633304,0.00018689030675136,1.0,0.7,0.7,25,0.2984621779278386,0.2295172150630651
8,18,0.25441888576020166,0.6555650091594232,0.6494449517094942,0.2810724541207075,0.14471253848033688,0.07026862129654493,0.00018453749074696,0.000176836516993,1.0,0.7,0.7,27,0.3013068833991024,0.2285590330406707
8,19,0.25878579334737983,0.6623879113130554,0.6622384236631098,0.31372138887556045,0.07929512144021822,0.07685973275043997,0.00018320811674017002,0.00016570369894714,1.0,0.7,0.7,36,0.2943310218964061,0.2599215718261402
8,20,0.23768876915887507,0.6402644174723829,0.6454537853686974,0.31756060149095117,0.17038836342313365,0.06693093746792686,0.00020168566986327,0.0002009279974228,1.0,0.7,0.7,37,0.2576760181840621,0.1931557849317008
8,21,0.2028487522547772,0.5844055037502732,0.5865508452942855,0.27482205668963916,0.20955699222594582,0.07106617400824194,0.00028208864399824,0.00027713109165067,1.0,0.7,0.7,40,0.2721737606299761,0.1194047157174152
8,22,0.18672678323297517,0.5530437085117673,0.5505969055623539,0.26439474142640035,0.2814161435604886,0.07147999364094762,0.00031905559006420003,0.00034305510309001004,1.0,0.7,0.7,41,0.23445835462173,0.112988442801151
8,23,0.18028648758159588,0.5444075560534166,0.5446363925822101,0.2647175141347714,0.09505433614310933,0.06889026590931459,0.00026168911899611,0.00032494943493506,1.0,0.7,0.7,43,0.2366218536518364,0.1036690122503303
8,24,0.1802802709439837,0.5458543450888698,0.5491356169339925,0.2820262471377461,0.06934376239232651,0.06889036544429528,0.00026163762556373997,0.00032486899241633,1.0,0.7,0.7,45,0.2365845839958648,0.1036817442382242
8,25,0.18025145350580146,0.5457970489615915,0.5490754375332543,0.29882742888403196,0.06943152425033756,0.06889029200644871,0.00026151276866145,0.00032468358319696,1.0,0.7,0.7,48,0.2364092143203341,0.1036817309619208
8,26,0.18024545769303063,0.5457851081943594,0.5490628917635995,0.29881976375640185,0.06932094178458527,0.06889029652022174,0.00026148223035664,0.00032463656531177,1.0,0.7,0.7,52,0.2363721000327352,0.1036839287535073
8,27,0.18097072209649676,0.5464618674119078,0.552639795743609,0.3361886088079626,0.07677064994704333,0.07106544502649924,0.00030027903217503,0.00037482866967711,1.0,0.7,0.7,56,0.2429207953526102,0.0979819501169452
8,28,0.1734455325512513,0.5332883106649249,0.538912393859204,0.3269451823055793,0.14444416463932397,0.068890272535006,0.00026251030976711,0.00032289531266148,1.0,0.7,0.7,57,0.231139186719828,0.0961861191663735
8,29,0.17344528421262412,0.5347471432348986,0.5434242955945917,0.33302907586961716,0.06930165197501052,0.06889027802805849,0.00026250814731277,0.00032286331427815,1.0,0.7,0.7,59,0.2311414663070091,0.0961892893486415
8,30,0.17335433129345046,0.5374745176726646,0.5522482068235443,0.36886317215416636,0.06962854589224678,0.06889098062759727,0.0002626185801692,0.00032123323126893,1.0,0.7,0.7,63,0.2308855597815642,0.0960114035687598
8,31,0.17310169109741602,0.5340262863201984,0.542667107349068,0.38372065913969067,0.07020360469744817,0.06889143710655599,0.00026222468090293996,0.00031661740752443,1.0,0.7,0.7,67,0.2308247165272529,0.0959334862508909
8,32,0.17130039595317523,0.5331436546675956,0.5476994672817804,0.4089539681240222,0.07163634490881209,0.06889087681548417,0.00025627065645014,0.00028646543814262,1.0,0.7,0.7,78,0.22545408154623,0.0971491394889141
8,33,0.1707072723990234,0.5304335904897215,0.5418739870559646,0.4117109009646662,0.07066300401691425,0.06889023978264373,0.00025336257005744,0.00026122689159926,1.0,0.7,0.7,84,0.2285761859435093,0.0959092291243332
8,34,0.17021268683762758,0.5337506310269282,0.5542968021607486,0.4323654449423697,0.07288600655617966,0.06889102250457468,0.00024730321272507,0.00025950282105225,1.0,0.7,0.7,86,0.2124494492903014,0.0984266315965212
8,35,0.1696719877113841,0.5325731378878172,0.5530593894404471,0.4316145245431919,0.0733320369890751,0.06889128827669232,0.00025344164354219,0.00026164379034376,1.0,0.7,0.7,88,0.2144641515993589,0.0968569745189992
8,36,0.1694330743308122,0.5335223313761377,0.5570362502985209,0.47597074217412494,0.06973793853099922,0.06889031416317429,0.00024709101998532,0.0002580717154987,1.0,0.7,0.7,95,0.2143527203402088,0.0970234936158457
8,37,0.16898143657093545,0.5325331118956891,0.5559966799003156,0.47868616974629824,0.07267639630261027,0.06889107131646184,0.00025285007661765004,0.00025823537097989003,1.0,0.7,0.7,97,0.2214313703016843,0.0977215845520361
8,38,0.168518861552269,0.5329824212971043,0.559447980170365,0.49909497556683485,0.07063750678741758,0.06889072561915402,0.00025199746904048,0.00025753198415947004,1.0,0.7,0.7,102,0.2137797444389654,0.0997455132427915
8,39,0.1684257940935869,0.5327764190043972,0.5592314527708865,0.5099992415646094,0.06996593123523964,0.06889107916758452,0.0002534182742066,0.0002582101787443,1.0,0.7,0.7,104,0.2160464080101252,0.0957338593879562
8,40,0.16823790171629777,0.5309058487697007,0.5542870053793219,0.5199978831497477,0.07207672964514097,0.06889105713749454,0.00025247040638989003,0.00025793408584661,1.0,0.7,0.7,105,0.2158069952100339,0.0987064784063964
8,41,0.1681275030592075,0.5332073922305847,0.5626476911695184,0.5225285856928659,0.07596497125139022,0.06918721246715445,0.00026380762832614,0.00026917829292857,1.0,0.7,0.7,106,0.2151828053870057,0.0924043226822484
8,42,0.1678349518225961,0.537288358673968,0.5758874033073499,0.5944924075391639,0.06927948030119013,0.06889025757514712,0.00028718461743965,0.00026118040063981,1.0,0.7,0.7,124,0.2454224955093435,0.0955503395976897
9,0,0.965848500671366,0.991059933826854,0.9906070755553725,0.39827789053576,0.0,0.0,0.0,0.0,1.0,0.7,0.7,1,0.8393630309492184,1.1253385573185428
9,1,0.9271763929732595,1.0266169567625698,1.0216084270489114,0.4472749700903,0.27119413630807926,0.06666490864897182,1.3362341833769998e-05,1.567417856733e-05,1.0,0.7,0.7,2,0.8298601832894548,0.9459458579805184
9,2,0.8413151220676103,1.0031441135258419,0.9997746024243638,0.434182312242074,0.2621323613330217,0.06964701597378795,1.8070483864799998e-05,2.014466070249e-05,1.0,0.7,0.7,3,0.6964516106545318,0.8591062757180681
9,3,0.8160188455280039,0.9926664725430787,0.9889166495865293,0.4308461213608033,0.11846662555100802,0.06650659306930683,0.0001329654824033,0.00015091456264631,1.0,0.7,0.7,4,0.7007754190122599,0.5306580583780155
9,4,0.7889915446564202,0.9807468532233001,0.9765914985772126,0.42331306825456066,0.11798295457087743,0.06263029634085329,0.00010312457523242,0.00012855062695220002,1.0,0.7,0.7,5,0.6662627712846486,0.551448130306876
9,5,0.6320554813011392,0.9225674869295313,0.9182317344958644,0.389364846564875,0.5070852748088563,0.06657126131888566,0.00026532212268062,0.00034540086155688003,1.0,0.7,0.7,6,0.6524539789945882,0.7054059014241478
9,6,0.5520558875607793,0.8888353815710066,0.8791377964511754,0.3735134648117729,0.39454757952455205,0.07990930276977119,0.00026118205626532,0.00031392635627411,1.0,0.7,0.7,7,0.5490237080767548,0.4272756062804024
9,7,0.4497564626882287,0.8289055544825318,0.8191844292430385,0.33782600065884677,0.49840179224974984,0.07924113257338553,0.00027399869980288,0.00033924396655564003,1.0,0.7,0.7,8,0.4602325385892605,0.4023209166079173
9,8,0.4478848508502629,0.8290910623666408,0.8223604113400456,0.34726366586138363,0.08389299959314711,0.07918606212293132,0.00028004092863899,0.00035832865065059,1.0,0.7,0.7,10,0.4552073832931915,0.4040545998515711
9,9,0.4470590472254384,0.8305418059466977,0.8267773200642684,0.3568773052281779,0.08430022637585197,0.08095180323154322,0.00025308056128867,0.00030296531948886,1.0,0.7,0.7,14,0.4698806149173063,0.396723139907233
9,10,0.42785752117714987,0.8130911798387702,0.8091342396647272,0.3514971705266337,0.09389433076206394,0.06725071285959221,0.00025536069521359,0.0003728981598173,1.0,0.7,0.7,15,0.4766103380767156,0.4737289107403286
9,11,0.4055315553200979,0.7995996840352003,0.7977625993378695,0.33839526440514434,0.1982077922928347,0.07071152465878484,0.00027738965668331,0.00037252309983924,1.0,0.7,0.7,16,0.4410087340228355,0.3988884553011786
9,12,0.3855568533260067,0.7839899494430042,0.7814538356854611,0.3363241425841615,0.11691813842817878,0.06884195823341208,0.00030346651422848,0.00043511282054331003,1.0,0.7,0.7,18,0.4326851483461018,0.3723849999668243
9,13,0.3723110373404596,0.773763315490054,0.7739849581636028,0.32919934139482615,0.08359187898772025,0.063059499235434,0.00027335219324186,0.00036219846019816,1.0,0.7,0.7,20,0.4315748347080206,0.349755103720094
9,14,0.36741335081751636,0.7704310224235146,0.770320395936454,0.32823028939519294,0.11195558443124355,0.06618618849293575,0.00031061907959773003,0.0004701294586005,1.0,0.7,0.7,21,0.4229865563740244,0.348290353604588
9,15,0.3606229456395869,0.7637561982300072,0.7636192080124283,0.32815311582829376,0.06416692120365255,0.060009755177586666,0.00032019431905978997,0.00049218367977875,1.0,0.7,0.7,22,0.4309997652852056,0.3616683572895854
9,16,0.3616798362415887,0.7649262172938788,0.7647631114157697,0.33203703345197283,0.06404048457029494,0.06174265818768295,0.00031422194110553,0.00043052687609922,1.0,0.7,0.7,24,0.4227348679921129,0.3431829851920206
9,17,0.3454147800905354,0.7549614592679129,0.7599233204883938,0.3534234748653724,0.20229757177596247,0.06832627392996844,0.00026909922788301,0.00034199652815162,1.0,0.7,0.7,25,0.4206348579157267,0.3219874619295937
9,18,0.341637266130287,0.7513624527654184,0.7562540034067953,0.3470003204241614,0.07132608466468993,0.06609196054766805,0.00028376709027957004,0.00036061696621838,1.0,0.7,0.7,27,0.3919706855643516,0.307012340392524
9,19,0.3248311693733479,0.7364211488859034,0.7400217593637182,0.344568106776737,0.25283648027027816,0.07657017393101725,0.0003291915411748,0.00041507038239232,1.0,0.7,0.7,28,0.2621085215035653,0.270851317367261
9,20,0.3218633918052456,0.7334703560519934,0.7370206262022556,0.3419742513863165,0.07855158335198105,0.07471827673546536,0.00026293272125458,0.00033152609196796,1.0,0.7,0.7,30,0.253498099988741,0.2730510585351686
9,21,0.3064705186614737,0.7181133135924447,0.7214699106743978,0.3622508131995222,0.0767673429611838,0.063232128097563,0.00027576452568464,0.00025189456317711,1.0,0.7,0.7,32,0.37061890168649,0.2966658264365202
9,22,0.22225946184523357,0.6194731687028519,0.6237479260860079,0.29758901293189705,0.2998488733993575,0.06399370938660123,0.00029996522244894,0.00039488502235824,1.0,0.7,0.7,35,0.2071672157925348,0.2109588357040215
9,23,0.20979952474177854,0.5999700467744602,0.6032150831078997,0.2711967740467042,0.20546195273581813,0.06476453297955097,0.00033594416735207,0.00044163943644398996,1.0,0.7,0.7,36,0.1998047695214711,0.1961009375096714
9,24,0.2091462323086442,0.6030794484704297,0.6154002886251536,0.303757507958363,0.06758204134535904,0.06513490066976038,0.00034358391583456997,0.00044715003311481,1.0,0.7,0.7,42,0.1999722362503105,0.1942872148922972
9,25,0.2082495600392193,0.6003248118319064,0.6095389321494293,0.28747396244850765,0.07274975131580476,0.06488704591860614,0.00034845057816281,0.00045830270847283,1.0,0.7,0.7,43,0.1984052319395842,0.1947670094557967
9,26,0.20717556580641555,0.598408463171543,0.6103727883182272,0.3016222702813903,0.07836324887356326,0.06739762752802678,0.00040813308285326004,0.00053342482388428,1.0,0.7,0.7,47,0.1962809244993538,0.1912563648600938
9,27,0.2047069330858676,0.599442967935695,0.6204543299397082,0.4182274607410561,0.06751733949677102,0.0663519895673498,0.00035348522848880997,0.00047211912923318997,1.0,0.7,0.7,73,0.1949733870864119,0.1789990882807635
9,28,0.20746720695103593,0.5997471940135792,0.6233251898439871,0.40939032020175703,0.08641751813584622,0.0733414808333876,0.00043992793666619004,0.0024715140995074498,1.0,0.7,0.7,79,0.1286317694991608,0.1384571892708744
9,29,0.2065244885670983,0.5973536141700561,0.6178783428103605,0.3992304738435943,0.07448495987022634,0.07294420724590271,0.00042844174599765997,0.0017211557292217,1.0,0.7,0.7,83,0.1366770615213956,0.1223390621021136
9,30,0.20558603272608875,0.5984246163806256,0.6249475945312317,0.4194581150335661,0.079581041318066,0.07190530489875145,0.00051212744909729,0.0035264923626045696,1.0,0.7,0.7,86,0.1274162531819437,0.1383768204834189
9,31,0.20360207316881135,0.5940872492198307,0.6174506434322288,0.4052551908687233,0.07758233241526727,0.07222066395576168,0.00037476303925696,0.00210541878846774,1.0,0.7,0.7,90,0.1308488916432636,0.1328024925712644
9,32,0.20097495934201348,0.5873261945129922,0.604440682826526,0.37780761461757256,0.09235060832531683,0.07170671458626786,0.0006523839060788,0.00109892075816075,1.0,0.7,0.7,91,0.1280345121828514,0.128503554924898
9,33,0.20086924291393937,0.5913605082885066,0.617606569334579,0.4383785121198924,0.07389090326161653,0.0721525553809454,0.00039419326072312,0.00101119575182412,1.0,0.7,0.7,96,0.2723744565553361,0.1594457010812977
9,34,0.1983190225769543,0.5894941511892906,0.6215895009345422,0.47326337279185915,0.07841812124190593,0.07238915490825958,0.00040208555094777,0.00107546821292382,1.0,0.7,0.7,103,0.2810528192282917,0.1578341039408028
9,35,0.1808347765331075,0.5597502380852187,0.5992499759466143,0.5035502940107862,0.10385844545234159,0.07242546915316725,0.00051749191572457,0.00166312510103459,1.0,0.7,0.7,111,0.2476912125278844,0.1358669221649491
9,36,0.17961405783226977,0.5579101251620554,0.5973506281040887,0.49880678871755824,0.07719714417450932,0.07259815341928999,0.0002990768924458,0.00067712119027854,1.0,0.7,0.7,113,0.1114361497430727,0.1025192764602279
9,37,0.17961405783226977,0.5579101251620554,0.5973506281040887,0.49880678871755824,0.0732815610389806,0.07259815341928999,0.0002990768924458,0.00067712119027854,1.0,0.7,0.7,117,0.1114361497430727,0.1025192764602279
9,38,0.17787334089153684,0.553620711724069,0.5899021235693124,0.4805270298850193,0.08691192198023752,0.07183504303070964,0.00031571153570739,0.00069745030870902,1.0,0.7,0.7,118,0.1088124010290397,0.1070034403911943
9,39,0.17275739413324773,0.5427976197357366,0.5814507688018371,0.5056208280174282,0.1664216675008913,0.07255350818961859,0.00057037060657946,0.0010890143510245399,1.0,0.7,0.7,119,0.2490899431482282,0.1075273541479767
9,40,0.17038441408173402,0.5371267423426386,0.5783968502119491,0.5312175170091182,0.0900133113302511,0.07412031037689028,0.00047661460142786,0.0010600648488203299,1.0,0.7,0.7,123,0.234388958811241,0.1213559547882341
9,41,0.1668607841103496,0.5304303425362221,0.5714154435728845,0.513369843111246,0.11291544927288491,0.07295335331729644,0.00061401972496649,0.0010626314335982,1.0,0.7,0.7,124,0.2643107760781758,0.1206092358321135
9,42,0.16597280858326652,0.528287671780158,0.5691586647758098,0.5289124287218767,0.09026077312151236,0.07315284305099948,0.00045110578636428005,0.00109885399894036,1.0,0.7,0.7,125,0.2619555136692265,0.1120578742963784
9,43,0.16493552615219031,0.5243915536943354,0.5620884707728486,0.494012722107052,0.09020003465935285,0.07279643041869785,0.0005982343216691,0.00139212167469363,1.0,0.7,0.7,126,0.260015092062737,0.1029019832488107
9,44,0.16551451515402793,0.5263008354040172,0.5670396769372297,0.5379637860845591,0.07573262242249885,0.07363729245284643,0.00060951646507365,0.00113692888969807,1.0,0.7,0.7,128,0.2616102279993329,0.1162764853235543
9,45,0.16366724795043255,0.523471124731096,0.5670497702044757,0.5383790723441993,0.10352764045862392,0.073553659545901,0.00057845567801493,0.00117735139023634,1.0,0.7,0.7,129,0.2525899360920617,0.1183189619860338
9,46,0.16110462624424216,0.5167181763203673,0.5570079691046471,0.5214613827686221,0.10625664742716563,0.07297275893409401,0.0005075271151059699,0.00116536484150204,1.0,0.7,0.7,130,0.150471588199152,0.1085965820881232
9,47,0.16114893185454898,0.5201834892476686,0.5695505347998374,0.6161954215300487,0.0755082289275319,0.0735059569993159,0.0005950754978238601,0.00132576027107884,1.0,0.7,0.7,147,0.2461958643327217,0.0908276285810642
9,48,0.16045731661694282,0.5204116981395561,0.5727857237973457,0.6050291379502752,0.07558116907820213,0.073352373830332,0.00055116583879258,0.00113194543045577,1.0,0.7,0.7,153,0.247396558709085,0.0966998453304493
9,49,0.15945858913233882,0.5196158518379147,0.5749362736933376,0.6278035224334224,0.0758356177980716,0.07318736379904352,0.0005775673126093901,0.00112906634439668,1.0,0.7,0.7,163,0.2468105559144314,0.0990418989802212
9,50,0.1594843715498718,0.5297920812612958,0.6064786525590041,0.7659468259205778,0.07448212190209043,0.07325463688428585,0.0005741503919251001,0.0011360924018396,1.0,0.7,0.7,187,0.2466713612758008,0.0981797277340398
9,51,0.15887551499161284,0.5254326123180136,0.5959426493857886,0.7862950641159853,0.07918853193675253,0.07320090207101179,0.00057928100142758,0.00113378752538382,1.0,0.7,0.7,189,0.2477805736802698,0.0998512575573993
9,52,0.15807195041337851,0.5219767194575793,0.5893332189746658,0.7814376073167222,0.08797816173728193,0.07318167344497081,0.0005819776503983799,0.0011395040100037701,1.0,0.7,0.7,190,0.2474036387118615,0.0981289238600775
9,53,0.15670239978660416,0.5201751469241324,0.5904264338456849,0.7650037612687662,0.07695407053260749,0.07305034309978437,0.00057525949229728,0.00114077787766057,1.0,0.7,0.7,198,0.2476779176035018,0.1007989528716485
10,0,0.9522789790437585,0.9874215130529799,0.9867843746379373,0.39594997532582676,0.0,0.0,0.0,0.0,1.0,0.7,0.7,1,0.8936483384758496,1.1332195983384958
10,1,0.9240405238863534,1.025677362790121,1.0206214512958502,0.44667219742271697,0.25255650088504566,0.06666053803467009,1.3768546298219999e-05,1.5237463103760001e-05,1.0,0.7,0.7,2,0.8428121290655255,0.9459458579805184
10,2,0.8284690054331382,0.99536199793212,0.9918643329236068,0.42731159535936364,0.2678727890637576,0.06440106404757298,1.618250427062e-05,1.325600395757e-05,1.0,0.7,0.7,3,0.7280110424152301,0.8643903963574431
10,3,0.6328466753340913,0.9212400676302904,0.913878326194168,0.38510676608360517,0.5925059950326595,0.0662371361615397,0.00028988368011137,0.00022213584393731,1.0,0.7,0.7,4,0.495238643313105,0.4168466318358245
10,4,0.6275780466327823,0.9167575591799599,0.9093635142770552,0.3823570280751415,0.06715191011338556,0.062465369290774855,0.00023149774514453998,0.0001772010933693,1.0,0.7,0.7,5,0.4900106205072497,0.4460730241877709
10,5,0.6239644008900905,0.9189232025143109,0.9144020483270351,0.3880480932766124,0.09154417716183985,0.06666075465153617,0.00028928643771914,0.00021734151568500999,1.0,0.7,0.7,6,0.4880933041628445,0.4296541421078675
10,6,0.5862388175115201,0.8996681662441695,0.8911977031727643,0.37943893368014747,0.18888616591216334,0.0666172775147559,0.0002327807380749,0.00019293118253534,1.0,0.7,0.7,7,0.5411886177439135,0.7046036142810762
10,7,0.44759337298024854,0.8220943976612012,0.8128317259420345,0.32969433797182884,0.5871620968297898,0.06344401627116233,0.00029682493673556,0.00022222422015285003,1.0,0.7,0.7,8,0.3383832011788202,0.2922655058913684
10,8,0.4002053335382706,0.7933892443500659,0.7884172731299264,0.3354052042134703,0.10334544249986362,0.06752712870006164,0.00044024013045271,0.00027827629223080004,1.0,0.7,0.7,15,0.270981687935743,0.2151971281553351
10,9,0.3602758753661509,0.7633267984105189,0.7597987921076313,0.3214761453349577,0.17774516681906108,0.06775502398529984,0.00050701794205105,0.00024366021714580002,1.0,0.7,0.7,17,0.2682001349854976,0.2241372108009541
10,10,0.3579820312115748,0.7634031564558201,0.7626680826976053,0.32826145387254335,0.08972032593874246,0.07147235616947606,0.000444107478692,0.00035897418616477,1.0,0.7,0.7,19,0.2584569587237972,0.2769820072717914
10,11,0.3439479205515895,0.7493428584198517,0.7450987159673906,0.3201848542122479,0.13114694874978258,0.0671844972574755,0.0009092493884977701,0.0008794625570525099,1.0,0.7,0.7,20,0.2308606200298322,0.2185475336792749
10,12,0.3403790047442698,0.7475508361359501,0.7461951121061828,0.322010690876188,0.09039061135879571,0.06718449646685436,0.00090924931640825,0.0008794625445544401,1.0,0.7,0.7,21,0.2228122046222784,0.1973351430032794
10,13,0.33036078305731786,0.7384683669651969,0.7365798355847633,0.3192972009986451,0.14219908365655778,0.06856822669132626,0.0010113006192762,0.00085472792013038,1.0,0.7,0.7,22,0.2125949543255614,0.2077417721479162
10,14,0.2780506147979856,0.6843636335125737,0.6797280511743414,0.2887319250724952,0.4438875569657523,0.06940101728514056,0.00058048783510046,0.00028936609124566,1.0,0.7,0.7,23,0.2493295078400785,0.2610223706276592
10,15,0.25429937757139554,0.656816649954753,0.651023839684857,0.2720638746361006,0.22283865726249596,0.06333267727929692,0.00140506260129147,0.00142235956169048,1.0,0.7,0.7,24,0.1959212059261268,0.2989079313185805
10,16,0.2473080346118784,0.6479136554822484,0.6416712307470165,0.26900382507806525,0.12647977836449695,0.06332509064078176,0.00139372682726406,0.0014080401311381999,1.0,0.7,0.7,25,0.1866600668606041,0.2819480699296821
10,17,0.2242777778669195,0.6192951895467556,0.6119587514363191,0.2440544122510468,0.20731206216892573,0.056441446430398126,0.0014958327188121,0.00111506191761758,1.0,0.7,0.7,26,0.1932538955571202,0.305015114216171
10,18,0.23847152219907364,0.6342663454456418,0.6298679375826042,0.2693322321367042,0.08954494968964861,0.07349031544537073,0.00040712394390404,0.00039661905812629004,1.0,0.7,0.7,27,0.1625257641610714,0.1861731687699169
10,19,0.2220266246864903,0.6159191650274506,0.6083918246047807,0.2556847306774813,0.0690065421219307,0.05784627056181783,0.00057209486347844,0.00059352295611878,1.0,0.7,0.7,28,0.1489831779232674,0.1763340329454302
10,20,0.22417387382203374,0.6145573366194599,0.6064648503284003,0.26103787190921834,0.14534977238161792,0.06768218860515324,0.000545710964316,0.0005643716054941,1.0,0.7,0.7,29,0.1504674127779461,0.1824507536948566
10,21,0.22189326336045062,0.611545225574928,0.6033409372914187,0.26152025878622054,0.0828739880268534,0.06688364508399079,0.0005415493522543801,0.0005598879578467,1.0,0.7,0.7,30,0.1474049461819922,0.179577696553573
10,22,0.21955612382049827,0.6084234476584842,0.6029405081143959,0.26366258556631583,0.11477364966620923,0.068707570312958,0.0006435882386833901,0.00066559580307889,1.0,0.7,0.7,31,0.1463742227177156,0.1718547259447832
10,23,0.17558353022016185,0.5474052102763047,0.5484418966866654,0.2280359406302034,0.1761015478934553,0.054592641182509005,0.00072686198144014,0.00177994064630605,1.0,0.7,0.7,34,0.162082334762263,0.144744701525203
10,24,0.18159981781930198,0.5492376557098247,0.5469297444186564,0.23796926355486514,0.08523173505471313,0.06426397455455587,0.00052990228480831,0.00108579653986031,1.0,0.7,0.7,36,0.1603589498272177,0.1501620601277341
10,25,0.1619780977726309,0.5051646837183618,0.5034107168279859,0.21762708714175827,0.23927776479637367,0.06687810826778362,0.00083016220625365,0.00249827920151054,1.0,0.7,0.7,38,0.1224328540295365,0.1083520017234062
10,26,0.1621989693531689,0.50950766152524,0.5168901812165198,0.24648034107387115,0.07014007096504639,0.06728731062658297,0.0008337104971069501,0.00250299452842882,1.0,0.7,0.7,44,0.1221140912458288,0.1079121708760792
10,27,0.1507734449213082,0.4854559022218214,0.4858880315187841,0.24408375773825253,0.08814034650076175,0.06404327517175173,0.00078047899596234,0.00081243283639158,1.0,0.7,0.7,49,0.1011283535931518,0.1049219062117937
10,28,0.13785399474798746,0.45482849681629195,0.4567441989110656,0.23713405898574558,0.1708696424595087,0.06290429406778536,0.00081878199682419,0.0008349196938163101,1.0,0.7,0.7,51,0.0836951884407427,0.0946203724859597
10,29,0.13803651687647903,0.4549521089700998,0.4568631591745063,0.23432339416425543,0.06491165078570986,0.06312435410497502,0.00081521684745927,0.0008320820231687001,1.0,0.7,0.7,52,0.0840693789335555,0.0949915986545797
10,30,0.1330152395252041,0.4407376494111618,0.44487384634607496,0.23568909859478782,0.17763128989860283,0.06356581572664025,0.00097870570997243,0.00100078693098581,1.0,0.7,0.7,53,0.0824473382866823,0.0809758917374375
10,31,0.13316610906817217,0.4399779371163888,0.4440445862949992,0.23842986435223498,0.07503335124065,0.06418162939326089,0.00097772207732724,0.00099839717962648,1.0,0.7,0.7,54,0.0821991944977434,0.0805560277087181
10,32,0.13016794351909258,0.43123212649334924,0.43780782226304465,0.23124772499097127,0.14013795684755218,0.06468466529574683,0.0010185142117123,0.0010058405099796501,1.0,0.7,0.7,55,0.0794686566751341,0.0834676411528978
10,33,0.1277902703724609,0.42471420134136467,0.430982118756615,0.2542972865984237,0.08660558971015796,0.06426621588292655,0.00098918983671233,0.00100330857399173,1.0,0.7,0.7,57,0.0768255684522587,0.0800067086916013
10,34,0.1258410556213484,0.41979213775362817,0.42584092332434365,0.25025670696452124,0.07253191607095391,0.06354555020500276,0.00118362483290613,0.00098783821130749,1.0,0.7,0.7,61,0.080153122016333,0.09149790074363
10,35,0.12569075413438308,0.42121260070514055,0.4332689358937259,0.2665038724022224,0.06997860645792825,0.06407420783272144,0.00105999261086147,0.0009984183547893301,1.0,0.7,0.7,64,0.0799730337282376,0.0802372137771843
10,36,0.12638661419369018,0.4230269036383853,0.4381114233480326,0.27961063546283943,0.06974326808321862,0.06480226796333391,0.00122928462546124,0.00099859784898558,1.0,0.7,0.7,65,0.0890273062542428,0.0706509005075651
10,37,0.12523763751322126,0.4204048689431258,0.4353819234353882,0.2801272751889898,0.08048864899619398,0.06445418877220063,0.00096958353979233,0.0010412145758545099,1.0,0.7,0.7,66,0.097517086966247,0.1314328811505869
10,38,0.12455703583656641,0.41598450240156853,0.424795600383538,0.27667818754732865,0.07368261789203505,0.06401489049789809,0.00118540969585348,0.00099350710324292,1.0,0.7,0.7,67,0.081223135817984,0.0964093228943849
10,39,0.12351405237550396,0.4151663258882152,0.42988843471280724,0.28061735601919446,0.09221974711638713,0.06419576325230665,0.00101802197253836,0.00106952538914757,1.0,0.7,0.7,68,0.0807577422856471,0.1359295469248544
10,40,0.12209915815414188,0.4119771577414296,0.42951969412317276,0.29276192197434897,0.08143323181650114,0.0641264131250379,0.00107753695587861,0.0010312565340027601,1.0,0.7,0.7,70,0.1014404238423345,0.0735932147594645
10,41,0.12208177196998966,0.41191732840330014,0.4294568200362675,0.29589945296286696,0.06601628953521688,0.06412651075121721,0.00107763843459399,0.00103133966095457,1.0,0.7,0.7,71,0.10153028549305,0.0737836808917449
10,42,0.12105038808116977,0.40923103633319413,0.4237034118108987,0.2575916323056162,0.06497069640306388,0.06322780133655016,0.00099943809532316,0.00103603523482125,1.0,0.7,0.7,77,0.0892160464218813,0.0758516022946142
10,43,0.12094369904861776,0.4131743876128045,0.4397313213131458,0.32194837888624783,0.08267825484170194,0.06386706212451003,0.00098871306199062,0.00103330143663463,1.0,0.7,0.7,78,0.1014373074053294,0.0798689175147525
10,44,0.12120447983229958,0.4110837471423833,0.43452397951645655,0.3690431559638922,0.06686908614506017,0.06413175592063167,0.0012759516102555202,0.00126034599737285,1.0,0.7,0.7,87,0.0815563936600627,0.0808840027544038
10,45,0.12000302534927648,0.4077132656737371,0.4309993420849961,0.36952962258807387,0.0708180843846484,0.0640292536005702,0.0011653212775014099,0.0010506312373316702,1.0,0.7,0.7,91,0.0911679922976446,0.0753477821110462
10,46,0.11961700279235762,0.4082000234703172,0.4344976327052584,0.37217252186676014,0.06827199913462736,0.06398073531419102,0.00101131086514543,0.00105694741789705,1.0,0.7,0.7,93,0.0767107385488003,0.0826793576674387
10,47,0.11961077265568834,0.4096390606563414,0.4389887716303185,0.381560488849936,0.06549599592229012,0.06398073535681248,0.00101149864124597,0.00105587532130774,1.0,0.7,0.7,95,0.0767046548263227,0.0827890584161927
10,48,0.11904266039880093,0.4069979658174561,0.4362012028480123,0.38665282865591283,0.08566182795344413,0.06421255005377027,0.00102371721205597,0.00107115861568256,1.0,0.7,0.7,96,0.081597978259861,0.0806334491399788
10,49,0.11936424156757557,0.4072542589936925,0.4364528952847758,0.41036354499451944,0.06609044796702408,0.06452170685098782,0.00100364086498018,0.00114553663052005,1.0,0.7,0.7,105,0.0810509991991877,0.0867428285086161
10,50,0.11866543590044222,0.4058769822772658,0.4350278180959754,0.4059802291673857,0.07209733164848849,0.06411509013406372,0.0010542352071307,0.00105650346896549,1.0,0.7,0.7,106,0.0798177544706714,0.0968031902006159
10,51,0.11829298112100248,0.40462391136054865,0.43371281385335103,0.42189746486937435,0.06837234500261982,0.06411368062391014,0.00100581532843656,0.00106390160212539,1.0,0.7,0.7,109,0.0839633334182673,0.0837333433003295
11,0,1.0,1.0,1.0,0.40399793201933065,0.0,0.0,0.0,0.0,1.0,0.7,0.7,1,0.6964853648625613,1.1390363392723604
11,1,0.9385002842218643,1.029912486720571,1.0250750892670173,0.44935350737367136,0.3094436483493027,0.0665799094718379,1.3690176840900001e-05,1.759273166871e-05,1.0,0.7,0.7,2,0.7826789463938785,0.9459458579805184
11,2,0.8567732737744247,1.008811718333315,1.0056848450997629,0.43812473699864934,0.25327972692735057,0.07051993918393103,2.042565288606e-05,2.374763133171e-05,1.0,0.7,0.7,3,0.6408426718105852,0.8549522361514135
11,3,0.8563681836713813,1.0084267685179091,1.0052993757892394,0.44217968145328956,0.07024242365370972,0.070145594364323,1.986303929938e-05,2.309351564134e-05,1.0,0.7,0.7,4,0.6390662740012779,0.8561126679367028
11,4,0.829945309572502,1.0025128539303048,0.9988694390588361,0.44246087738395146,0.14468873976228944,0.07440114632742031,3.1628364791659996e-05,3.9645020492630004e-05,1.0,0.7,0.7,5,0.6104164273985323,0.7404295349078837
11,5,0.7160410113067337,0.9578340428008854,0.9521779217457893,0.41376845909009335,0.3434385916484402,0.06928510812988217,0.00012222571987245,0.00020191953244005,1.0,0.7,0.7,6,0.7380134456067604,0.8867756824793525
11,6,0.6397660390432897,0.9237800210353401,0.9165962649288916,0.393406428355045,0.2735685609314259,0.06553833708254025,5.211473337508e-05,6.613795505593e-05,1.0,0.7,0.7,7,0.5639337563013395,0.6969890977595573
11,7,0.5584138227285028,0.8934535548112248,0.8838557735261094,0.3831836282041031,0.41148170559536484,0.08269229819329142,0.00016025447774958,0.00022125359008129,1.0,0.7,0.7,8,0.4442638983966633,0.4472155730168287
11,8,0.5178276284561371,0.8665290241861184,0.8560982612233873,0.3621831975581482,0.1858539692804862,0.07236897251148333,7.998917887563e-05,8.15769443086e-05,1.0,0.7,0.7,9,0.3806928126519913,0.4167297763311612
11,9,0.4167182605593943,0.8061972253735926,0.7919617224734153,0.33279286459569213,0.6051056867764893,0.08648945260266988,0.00040713616874123,0.0007139532595197,1.0,0.7,0.7,10,0.3890051878201604,0.3498210452180278
11,10,0.42003146910860195,0.8110835761185997,0.7998837992766658,0.34165635574206793,0.09222674424660578,0.08984620809239119,0.00061854693779744,0.0010931150366748,1.0,0.7,0.7,12,0.4805725411429085,0.4058972635680598
11,11,0.39054316117086435,0.7869658290980953,0.7814739704520274,0.34107815037805206,0.08090999074410364,0.07137633287079984,0.00031263169783613,0.00039499807213295003,1.0,0.7,0.7,18,0.3489672294460862,0.2824801263537321
11,12,0.35089199948859295,0.7529760709551727,0.7427596430550693,0.3194094483122321,0.3002174939794695,0.07185988571330718,0.00034933771722282,0.00034278242993935,1.0,0.7,0.7,19,0.3854732203231288,0.241103057692969
11,13,0.30011537391757914,0.7055187828026174,0.6958699769339334,0.2963813511535512,0.24147041338426645,0.07175851260175296,0.00049574814244506,0.00056796301046565,1.0,0.7,0.7,21,0.3408463609062554,0.1843091451604116
11,14,0.2947654615943291,0.6998358462028779,0.6899255124966293,0.2949527419927989,0.10756791661713304,0.07129221263069171,0.00045933558647320995,0.0005290967836592199,1.0,0.7,0.7,22,0.325597957577558,0.1818436625763407
11,15,0.29028988304646597,0.6964226639614535,0.6892755204051395,0.29881359389768364,0.11190400976352016,0.07182876636205289,0.0007868831962505001,0.00065146873932763,1.0,0.7,0.7,23,0.3302528217756201,0.1937767723458658
11,16,0.2559898252970203,0.663315858323555,0.6641432535632599,0.30036299513811776,0.08174101968051153,0.0580985299909418,0.00045637770496332003,0.00046476040825083,1.0,0.7,0.7,30,0.2871019418060248,0.192885597455728
11,17,0.25350875378711357,0.661921636983584,0.6656911356559521,0.30909804274986635,0.06611407784592406,0.057387906221083806,0.00055339899732028,0.00043731121242634,1.0,0.7,0.7,32,0.2786366558164345,0.1921121371671948
11,18,0.2456438029862944,0.6538348149376674,0.6602143053643175,0.31502379033532696,0.08721914983633791,0.05671296672406251,0.00041750258669147,0.00039807431575759005,1.0,0.7,0.7,34,0.2677951391565854,0.1842163649092847
11,19,0.23929195643745507,0.6462617744337577,0.6523509653348125,0.3346890507519039,0.07487131016771852,0.05465714742600417,0.00070467989974331,0.00041758576774639,1.0,0.7,0.7,36,0.2768371352681784,0.1684726923642708
11,20,0.23863356477446457,0.6469081612585861,0.6560152821172271,0.3421799579245639,0.05771861117936899,0.05453916001042412,0.00069556748017531,0.00042531365176781005,1.0,0.7,0.7,38,0.273786139526998,0.176584722581748
11,21,0.2278661974854033,0.6283270176928565,0.6331349181604773,0.3197158011636985,0.1478872687460799,0.06220041889927182,0.0005512625168116999,0.00031581796016218,1.0,0.7,0.7,40,0.2584261833749949,0.154445776928922
11,22,0.22550440730091584,0.6264021912506756,0.6340917739929591,0.3312145250377434,0.07438768924289255,0.06220041889927182,0.0005512625168116999,0.00031581796016218,1.0,0.7,0.7,42,0.266082133605773,0.1535318552035506
11,23,0.22369950492747426,0.6250716336759268,0.6356513384181554,0.3045420683522421,0.07524965243547906,0.0626509354574842,0.00054174808383692,0.00029319111250652996,1.0,0.7,0.7,44,0.2636388765565242,0.1290529235612892
11,24,0.224707948695457,0.629988784134971,0.6496517723072631,0.3906480604371656,0.06687650153191692,0.06461128892520904,0.00060243937660372,0.0003463414847704,1.0,0.7,0.7,49,0.237955533658399,0.1338707551280585
11,25,0.22377680142460674,0.6284389147273478,0.6480031391972123,0.3875354638020373,0.07907962836879882,0.06503277139125041,0.00059415365408483,0.00032410885570292,1.0,0.7,0.7,50,0.2571046916316473,0.1516405675826875
11,26,0.213885346898132,0.614404001325415,0.6333424709597953,0.3862991295566841,0.14911180434209928,0.06328357513739011,0.00065474430328922,0.00036352246533136,1.0,0.7,0.7,51,0.2519320043094224,0.1296357327631637
11,27,0.21307788569043845,0.6120607583196299,0.6279350995669581,0.3976616508423231,0.06409237309376234,0.06257603065888107,0.00069310439118503,0.00038398558313878,1.0,0.7,0.7,53,0.2522861471200279,0.1203958395309423
11,28,0.21114812479510364,0.6133300974125433,0.6381957500905865,0.41381210202833707,0.06811486474366832,0.06286040372591983,0.00062450524708448,0.00034308453958864,1.0,0.7,0.7,58,0.2383898317512582,0.1232138004310005
11,29,0.20658935223851574,0.6071066473771022,0.6345974548813461,0.42349373782821953,0.12247877515202835,0.06358652447339708,0.00065915595486083,0.00036741345293655,1.0,0.7,0.7,59,0.243345314799922,0.1215244303505059
11,30,0.20403661168268106,0.6047098287247172,0.6350816623503068,0.43038922819130154,0.0671896066723152,0.06300024864799966,0.0007661913112990999,0.00044218627910354,1.0,0.7,0.7,66,0.2510004228177939,0.1352824240508078
11,31,0.19850036267940124,0.5977128069347715,0.6278959909346032,0.4594295796209789,0.06912592285567917,0.0598018111451901,0.00071012016818729,0.00039287949713614004,1.0,0.7,0.7,69,0.2579179313018487,0.1384023059082282
11,32,0.19803883377135373,0.5920619652693113,0.6158534951825247,0.43383495037715186,0.10231557800028879,0.06279938239130985,0.00060566167005351,0.00036425777748772,1.0,0.7,0.7,70,0.2521175206622878,0.1340839565859147
11,33,0.19728371185417845,0.5915671558524578,0.6182645598129201,0.45159069976993604,0.07446529724020942,0.06374626028004445,0.0006100233654926,0.00036796928835838,1.0,0.7,0.7,72,0.2467176913519436,0.1305714725111361
11,34,0.19700771800301187,0.5925399112043712,0.6222647943873427,0.4701706278068285,0.06514711953205568,0.06376522824338282,0.00061020646274956,0.00036821982699583,1.0,0.7,0.7,77,0.2469827782017355,0.1310649466721332
11,35,0.19777512980922798,0.6033774932627609,0.6544564327201416,0.5617825742444128,0.06559224311408081,0.06424929671293557,0.00072102979782977,0.00095215165969713,1.0,0.7,0.7,91,0.2380359862985945,0.1276596546636668
11,36,0.19701227640345315,0.6039161709096111,0.6580290751364315,0.6012013449407569,0.06616201954274079,0.06406201414429775,0.00068794890662459,0.00047671233341941004,1.0,0.7,0.7,93,0.239139330550205,0.133773381453993
11,37,0.195002042993535,0.6022887213155675,0.6593252646688983,0.588772861470888,0.06874494578934506,0.06353968269523957,0.00067484224788779,0.00047717137733605,1.0,0.7,0.7,97,0.239298068946254,0.1321802580598896
11,38,0.1939473981624633,0.6015343987684834,0.6614866357535197,0.6181409101838772,0.06952798577008151,0.06403402247769382,0.00068007745594876,0.00048056145759778996,1.0,0.7,0.7,101,0.2357577845299021,0.1297418360892334
11,39,0.19359942866926086,0.6006044870793208,0.6604884129848283,0.6588369092326969,0.06836214582039225,0.06443169610859614,0.00073252634446841,0.00045842446484998004,1.0,0.7,0.7,104,0.2396050618155058,0.1331325656535949
11,40,0.1931513609221862,0.6013903823844122,0.6643010480629976,0.6513721805968887,0.06631232155058175,0.06426219711775398,0.00074215322959119,0.00047236307242869,1.0,0.7,0.7,107,0.2318534038517413,0.1283450868855905
11,41,0.19164297656003199,0.598599167639014,0.6613612480699779,0.6457985679090256,0.08546030947729678,0.06438653392907528,0.00074064662633155,0.00049997294876565,1.0,0.7,0.7,108,0.2353381416771291,0.1289383720638609
11,42,0.1912995107947123,0.6009236716396247,0.6697631267542482,0.7119030826412828,0.06572084874007116,0.06441118855374353,0.0007160956582568,0.00045290150548659,1.0,0.7,0.7,116,0.2371953707037756,0.1271938487995555
11,43,0.19099033278036473,0.6017877463670788,0.6736475536237133,0.7291232773568569,0.06750906944753811,0.06444793091129158,0.0007193776596232301,0.00047079922965045,1.0,0.7,0.7,118,0.236188061213039,0.1266840694856331
11,44,0.19052271805074686,0.600948878769552,0.6727662958992853,0.7534484427463284,0.06719781995173656,0.06442245971460661,0.00075552517033947,0.00046783194915841,1.0,0.7,0.7,121,0.2362487366503333,0.1261250082919927
11,45,0.19075064190312369,0.6080356272203564,0.6950687425522976,0.8111110234635729,0.06672969425605554,0.06499314064362564,0.00075807248279497,0.0007534996852755699,1.0,0.7,0.7,131,0.2425417697587543,0.1273664469618604
11,46,0.1903825746154846,0.6075586115739169,0.6945793864172101,0.8179928058576466,0.066652309446291,0.06496078492898454,0.00075492263439294,0.00046962543325199997,1.0,0.7,0.7,133,0.2396694492370211,0.1272498536129362
11,47,0.1897023794664492,0.6107376706116452,0.7068591691588199,0.9046970796985639,0.06615473865676136,0.06484388763809967,0.00075386566795788,0.00057730131685688,1.0,0.7,0.7,154,0.2339061054703574,0.1179384797042057
11,48,0.18950413917539627,0.6088266168968923,0.7018664919773656,0.9081007737128766,0.06782539500541061,0.06489780936737316,0.00079630694258805,0.0006167415391841299,1.0,0.7,0.7,156,0.231174316163195,0.1244166151687045
11,49,0.18947019431684942,0.6101670403135446,0.7062504977301368,0.9153550768440482,0.06725446270730336,0.0649626987610469,0.00080536264290444,0.00061419476505794,1.0,0.7,0.7,157,0.2309350216488191,0.1167438886749284
11,50,0.18935702479127192,0.6099984319978864,0.7060756348049027,0.9257669559377306,0.06612347889845586,0.06491625665708864,0.00080724687620661,0.0006132256254505,1.0,0.7,0.7,161,0.2310104283489283,0.1170738813046695
11,51,0.18940507867741693,0.6231785957859798,0.7467334601439795,1.0385244286490083,0.06596288344888271,0.06497276094029,0.0007982501217502601,0.00061361999640624,1.0,0.7,0.7,175,0.231584006675441,0.1227179093503599
11,52,0.18932927873046856,0.623095126328998,0.7466491124228622,1.042171611055762,0.06601116547949071,0.06490668846990619,0.00079706856518548,0.00061415696714713,1.0,0.7,0.7,176,0.2313695381435297,0.1224368183241123
12,0,0.969823353983911,0.9921162279859388,0.9917169191535937,0.39895373428526304,0.0,0.0,0.0,0.0,1.0,0.7,0.7,1,0.8210400826505919,1.1361974164404869
12,1,0.895325846331156,1.0169295531853926,1.0114315536177634,0.4410684614292326,0.345066071954926,0.06663814272991911,1.3697627466049999e-05,2.0066512768160002e-05,1.0,0.7,0.7,2,0.9614986176453792,0.9459458579805184
12,2,0.8326914027214672,1.0081977194857648,1.0044777613370113,0.44172850041971656,0.25518548928397666,0.08161652713589297,2.0134968313240003e-05,2.268990957084e-05,1.0,0.7,0.7,3,0.7866450786003482,0.8547919876279185
12,3,0.83274998483285,1.0082596425306858,1.0045395937759434,0.44389130950085404,0.08172250747200815,0.08168015253413269,2.021798970687e-05,2.278346561149e-05,1.0,0.7,0.7,4,0.7869941481988243,0.8546269665423367
12,4,0.7628335063965715,0.9838506644341825,0.9757532320863774,0.43570108859408085,0.2651477890759647,0.08474331424870149,0.00011942127277044,0.00011682172309001001,1.0,0.7,0.7,5,0.7552965342611497,0.7571375233626945
12,5,0.7536196316687939,0.9794822101301277,0.9712355382179673,0.43525865402393615,0.10379723579319153,0.08335962625323731,9.086941241838e-05,9.073097036071999e-05,1.0,0.7,0.7,6,0.7334038648444098,0.7609396194919938
12,6,0.7513157837645169,0.979368084057037,0.9741518151650783,0.4355197435836505,0.08545578317183149,0.08223231131521472,9.370053378513e-05,9.166087044034e-05,1.0,0.7,0.7,7,0.7249920651372401,0.7574104475478931
12,7,0.6444916721167657,0.9403009978796925,0.9326284225628412,0.4188508287901946,0.2589466226610976,0.09160472666076593,0.00010834491651796,0.00016193718436442,1.0,0.7,0.7,9,0.5623210671082135,0.6305139900447148
12,8,0.6379767083290482,0.9451153294493172,0.9400601447487547,0.4305592828825125,0.1334030644343522,0.10352919578827377,0.00012933555050508,0.00018899193388822,1.0,0.7,0.7,11,0.575185574817031,0.6092970406587193
12,9,0.6378013704787073,0.9450314223294403,0.9399720610544582,0.4305050381044814,0.10431772793557886,0.10352786228054414,0.00012983190762064998,0.00018823436837144,1.0,0.7,0.7,12,0.5756434099539269,0.6090247080474411
12,10,0.5778259899315427,0.9026898168595329,0.890517263061977,0.3966225038841603,0.2212647763450084,0.0841040603710586,6.401127150950999e-05,8.82090146717e-05,1.0,0.7,0.7,13,0.5183125086763365,0.5754694096462246
12,11,0.5620140196151729,0.8987833920356799,0.8890862245020148,0.4008691141582213,0.12956532375087745,0.09010846785021163,8.372386658356e-05,0.00012075850603705999,1.0,0.7,0.7,15,0.5335140703572891,0.5359134744412254
12,12,0.5566325627195937,0.8950332179192776,0.8852408465593817,0.39973765218395885,0.1013390203476514,0.08825438980513554,7.530116931452001e-05,0.00010596615477451,1.0,0.7,0.7,16,0.5210487134772313,0.5397605583730695
12,13,0.5412078460149818,0.8904602265640508,0.8831416810914238,0.40163613156691685,0.1726268739711142,0.09358557873193815,0.00011847849233834,0.00016877124356613,1.0,0.7,0.7,17,0.5165997343364742,0.4986774610807193
12,14,0.5565835074630682,0.9088967941444951,0.9045266735903467,0.4247820565881674,0.12707897021083236,0.11249947404914236,0.00020888078138923998,0.00026459728864601,1.0,0.7,0.7,18,0.536976356583854,0.4880531315090911
12,15,0.5032284968540651,0.8571995159365594,0.8495669095350834,0.376581302886455,0.09522257849879463,0.06649455095378244,0.00015293873037728,0.00017898085927187,1.0,0.7,0.7,19,0.5130222299818545,0.5114158134881563
12,16,0.5171661604433846,0.8728610652067036,0.8651092663297838,0.3952404774964452,0.10096433869505289,0.08448261763974828,0.00016097773952397,0.00020946140539838,1.0,0.7,0.7,20,0.5146290779692119,0.5007241249375435
12,17,0.5113269871806537,0.8706758168287834,0.8626625924160871,0.3992142638226064,0.12329862034701207,0.08746439851458257,0.00015789546020242,0.00020501509337931,1.0,0.7,0.7,21,0.5061004938492896,0.4926972922687228
12,18,0.49972380503339453,0.8650056330110892,0.859707271078125,0.39449017367538664,0.13330238620199328,0.08696767633627887,0.00018464223308009,0.00024349601616889,1.0,0.7,0.7,22,0.4980621959534554,0.4797263471667773
12,19,0.4511934030868263,0.8261001935792138,0.8263557995520157,0.3782911538630266,0.07513798605085277,0.05605841447754578,0.00020460716033805998,0.00020769225412778998,1.0,0.7,0.7,26,0.5130344721247098,0.4453288325737713
12,20,0.43896814776375503,0.8195366575318018,0.8128726384682216,0.3856804076031365,0.12411555072812865,0.06836091489340874,0.0003330549912427,0.00024151517315899,1.0,0.7,0.7,28,0.501820681646367,0.4768663475236943
12,21,0.4214823141097112,0.8094941863144182,0.8019755015105948,0.39129262810206994,0.11436915412077112,0.07515927464959479,0.00036702074810674,0.0002563123081119,1.0,0.7,0.7,31,0.4573118797611901,0.440740744045527
12,22,0.415456107577428,0.8038234018876055,0.7962590173071764,0.39552787520422095,0.07290274713055815,0.07041994526328835,0.00033958766602622,0.00024259035216258,1.0,0.7,0.7,34,0.4614015277823358,0.4157148288879165
12,23,0.41470716261670226,0.8047429719102372,0.8002043322918213,0.41303469748199273,0.07268570326181618,0.07041994526328835,0.00033958766602622,0.00024259035216258,1.0,0.7,0.7,36,0.4597826766987481,0.4229142898527154
12,24,0.3990720330146052,0.7941844176465714,0.7921921927655653,0.3894494580021854,0.1377762065410573,0.06856175210984308,0.00017209346513106,0.0001885094360384,1.0,0.7,0.7,37,0.3987990771731385,0.3312262488396568
12,25,0.3987026508945143,0.7923928976987449,0.7873420369666775,0.3990300993199049,0.06934578653115686,0.06816091866242618,0.00035210379910038004,0.00026238758843696,1.0,0.7,0.7,38,0.4439348417040731,0.3670304065694763
12,26,0.3992409163675469,0.7945261891601075,0.7925077821169402,0.41293574161191693,0.07248206575932944,0.06939784943517593,0.00018662709972665,0.00020651358931569002,1.0,0.7,0.7,39,0.4087093831057888,0.3557074669096275
12,27,0.3966096486485022,0.7931599886995954,0.790943402109572,0.4104318029107504,0.09919281203059971,0.0717504335747549,0.00037512946051007,0.00029556395213373003,1.0,0.7,0.7,40,0.4297893755368398,0.3574391380374763
12,28,0.39291620883838063,0.7887713090921238,0.7833756637031006,0.40821495909185757,0.08892039544589339,0.0713005498098548,0.00037522345246517,0.00030618307995423,1.0,0.7,0.7,41,0.4173760939421476,0.3291345547431439
12,29,0.39560238479475984,0.794739639930935,0.7953899195621874,0.4408826564961402,0.08426735128622787,0.07552350424331193,0.00037021298071976004,0.00033534669481888,1.0,0.7,0.7,42,0.3894977177594615,0.3049908070159691
12,30,0.3883203991789307,0.78711225125018,0.7845104049923941,0.41747998850413726,0.10082296631926657,0.0734006014765115,0.00029672796401960003,0.00024394995245935998,1.0,0.7,0.7,43,0.4103912753148226,0.3192574863456144
12,31,0.3872666057788194,0.7880728726051025,0.7884203321157299,0.4393002072179654,0.0894544762556059,0.07491803283027237,0.00031761939620302004,0.00027041912481671,1.0,0.7,0.7,44,0.3970940026317436,0.3181036977407662
12,32,0.3841847957065709,0.7869346372318644,0.790241393521038,0.4481645498936799,0.08096337662930055,0.07418400442589355,0.00030864402668696,0.00026176782250903,1.0,0.7,0.7,46,0.3909282493896317,0.3154787348444245
12,33,0.381716053394375,0.785149267727005,0.7883223830464443,0.4558140406049763,0.09374299731752518,0.07497657175272239,0.00035202242146047997,0.00030498417645896,1.0,0.7,0.7,47,0.3681376146981013,0.3277108397002471
12,34,0.370152101344329,0.7736133330739723,0.7734001115466996,0.4423233515791292,0.117190008178548,0.07160651289927991,0.00026203183699107,0.00021560143289599997,1.0,0.7,0.7,48,0.3667690532655134,0.3259718456998601
12,35,0.3706160458486897,0.7745444953320042,0.7742176933361581,0.44350474107596305,0.09056868105996356,0.07463337697657736,0.00042123879176804,0.00026616766648770003,1.0,0.7,0.7,49,0.3695730992758358,0.3697026180599458
12,36,0.3635685262302583,0.7699544031170054,0.7724214744202816,0.45388777784076,0.10955979851746776,0.07370816260941901,0.00038311531808828,0.00029595240498906,1.0,0.7,0.7,50,0.3727356410654754,0.3225968848920237
12,37,0.3601090175940356,0.768544865606796,0.7738938771321683,0.4636938856863324,0.08247070332683762,0.07419598503306528,0.00039786063340248,0.00031255580425746,1.0,0.7,0.7,53,0.3611316614934815,0.3184552044461397
12,38,0.3525679806884306,0.7611802093574755,0.7664693590496673,0.4740169982212793,0.07119493068885367,0.06801695961551187,0.00038779272119648,0.00031714443837588003,1.0,0.7,0.7,56,0.3685709647441088,0.3175579234133922
12,39,0.3531259177589215,0.7619372263926943,0.7671611758811558,0.48376468633176356,0.07941028167247204,0.07006528232166112,0.00038761340588180004,0.00031179230968136,1.0,0.7,0.7,57,0.3685686394252577,0.3159341274099215
12,40,0.35335562694798806,0.7652008099001906,0.7764911310820224,0.4905329049378969,0.0727646422955195,0.0712100509437958,0.00038537130232316,0.00029480849093522,1.0,0.7,0.7,62,0.3591091160108064,0.3319815297106237
12,41,0.3501217000244966,0.762413722641734,0.773547032721195,0.5148384354668035,0.07734191762966128,0.07153833670980818,0.00037255093148896,0.00028583823979096,1.0,0.7,0.7,66,0.3524142467328585,0.3295074316196541
12,42,0.34719217658480855,0.7640971836735654,0.7843005839966392,0.5655834485275417,0.07216952005051278,0.07058107464512763,0.00038340411731178,0.00030925985381154,1.0,0.7,0.7,77,0.36562054622628,0.3390223514935491
12,43,0.355807679401463,0.7727888714672247,0.7929622670622026,0.5933289248665344,0.08171216351577779,0.07978718693407377,0.00045690428770764997,0.00034755196232919,1.0,0.7,0.7,80,0.3600219259710174,0.3595351044410243
12,44,0.34888770090339943,0.7676391025456106,0.7907364539952227,0.6035818686755778,0.07980699769973114,0.0757311683559271,0.00043226221598933996,0.00036767430348186,1.0,0.7,0.7,85,0.3511630776076842,0.3486541632792194
12,45,0.3473076286414494,0.767590769560181,0.7937090865696975,0.6089516427282933,0.07760325890656204,0.07488442660638168,0.00040720259495125,0.00035490723790026,1.0,0.7,0.7,87,0.361551395569325,0.3539435768876989
12,46,0.3482785791221131,0.7686806773882553,0.7947448578198334,0.6135705346951,0.08126011461348724,0.07703706390289096,0.00040870990317006,0.00036208447255620997,1.0,0.7,0.7,89,0.3618219121639129,0.3511640461757946
12,47,0.3648626128574105,0.7870010623475873,0.8159827120177311,0.6848453701302327,0.1008069014136357,0.09640645354709758,0.00044880603526777996,0.00056392310936374,1.0,0.7,0.7,94,0.3443786805003367,0.3381720326117857
12,48,0.34670106888555874,0.7688759839128024,0.7978388875631529,0.6668546860114676,0.08021301396894281,0.07876734997571326,0.00043099037097970997,0.00041669853929898,1.0,0.7,0.7,97,0.3429553585328759,0.3558092948092271
12,49,0.3642054262993865,0.7895115850191645,0.8244626865341813,0.7221132705255175,0.10261939868630358,0.09875977022064109,0.00043373887032234997,0.0004919486705945,1.0,0.7,0.7,102,0.3519833352902113,0.3524050185121261
12,50,0.35457088370081885,0.780330650073204,0.8149712125606778,0.7547379382167918,0.10105343845903042,0.09494674395755189,0.00091153228829686,0.00110432989780941,1.0,0.7,0.7,111,0.3607046102332013,0.3048909691278227
12,51,0.35888299149480785,0.7832548402748523,0.8147811718656561,0.7698128202780739,0.10402957612262606,0.1006252662752033,0.00089803358292612,0.0009926393274230102,1.0,0.7,0.7,115,0.3577286273648843,0.3067846624319404
12,52,0.35108798459025575,0.778397610390652,0.8160128606873094,0.8083337875360894,0.09529817050241882,0.09308744027636709,0.00090657867475951,0.00113150890426943,1.0,0.7,0.7,118,0.3540984972758849,0.3171684646694043
12,53,0.3566498764091505,0.7825685131603416,0.8170649526631133,0.7903608022346076,0.1103845792538301,0.10011264920500432,0.0008987511902257101,0.0009999075448432501,1.0,0.7,0.7,119,0.3572127578855832,0.3065165716889045
12,54,0.3615640848593709,0.7889649378816523,0.8264908338387337,0.8372224357288228,0.1084522928504429,0.10542985359555848,0.00085668270164141,0.00116558022788417,1.0,0.7,0.7,121,0.3513990169758534,0.3032393537460336
12,55,0.36799409003953487,0.7984353276413158,0.8419225678333057,0.8401770315884562,0.13597175599856354,0.11467158908108868,0.00098792402648242,0.00127675205563749,1.0,0.7,0.7,122,0.3542931494627618,0.306208822875109
12,56,0.3207472004988008,0.7672548682019872,0.8443070617907897,1.0694013592070868,0.0694182583802704,0.06816192290259016,0.0011404773923817699,0.00063014589975599,1.0,0.7,0.7,187,0.3292162421643467,0.285126704198805
13,0,0.9175393828966251,0.9778704636785317,0.9767496314045888,0.3898390655812084,0.0,0.0,0.0,0.0,1.0,0.7,0.7,1,1.037863547994259,1.129541292890199
13,1,0.9223822476974481,1.0250705319754072,1.0199918765313305,0.44622728989567995,0.18966132467472002,0.06649819380831945,1.338369304909e-05,2.278047500534e-05,1.0,0.7,0.7,2,0.8490201029411992,0.9459458579805184
13,2,0.8193155915886409,0.9942365729945405,0.9905319182308426,0.4276583866754306,0.2959109079967672,0.0673662364315314,1.228455632639e-05,1.249936563727e-05,1.0,0.7,0.7,3,0.7982245601346383,0.8797886564953084
13,3,0.6674820080594998,0.9366036591176824,0.9299935777489202,0.3951244924068229,0.46255175806869403,0.06664947122351716,0.00028826687473841996,0.00038084229548719,1.0,0.7,0.7,4,0.6864196846129963,0.5620954418904128
13,4,0.5029570409168407,0.8572779763487921,0.8436678162674637,0.3454274962003317,0.6247744230735313,0.0666034959533951,0.00040551454171062,0.00042428067286087,1.0,0.7,0.7,5,0.5421369969838419,0.4143873013349182
13,5,0.4410272869869856,0.8174729039946685,0.8048259428536164,0.32413185891564444,0.19920491595540465,0.0666034959533951,0.00040551454171062,0.00042428067286087,1.0,0.7,0.7,7,0.4781890986273162,0.3167819973915093
13,6,0.44716039360662574,0.8285016676563871,0.8128827645904246,0.3379835205704382,0.10001708858929963,0.07746389651301734,0.00041889823475972003,0.00044706114786620995,1.0,0.7,0.7,8,0.3692010327126691,0.3525017672220583
13,7,0.33886134320729766,0.748330002587697,0.7318270131173216,0.2873336885251751,0.6388229632259501,0.07358096540225241,0.00041716012359361003,0.00043612989086652996,1.0,0.7,0.7,9,0.309109099432917,0.2459372429029111
13,8,0.3356633034768044,0.7457574456692528,0.7290898591563936,0.2910274782282012,0.099618389283476,0.07425374481875055,0.00042041795594329,0.00043944469008611996,1.0,0.7,0.7,10,0.2984986181941169,0.2402938967940618
13,9,0.27256207259069104,0.6711345089487886,0.6536445523452888,0.24342022492616452,0.538614574739281,0.07468851393597907,0.00042288835038713994,0.00044195828216071,1.0,0.7,0.7,11,0.2271030068525501,0.1528239874184217
13,10,0.26674009005775795,0.6652380376738523,0.6503779393124226,0.24453129117722194,0.10509726310722128,0.07558708362490038,0.00049445634669028,0.00051683825442124,1.0,0.7,0.7,13,0.2201655671344113,0.1430536165246288
13,11,0.25116935201487345,0.6477422665714908,0.6323098766483359,0.2414895119467456,0.11122853966298189,0.06949972105756178,0.00041893883446309996,0.00043707993267492,1.0,0.7,0.7,15,0.2110210919173178,0.1764897940448396
13,12,0.18306807446491805,0.5512214583374766,0.5316190967904459,0.18303294442832832,0.6190861905506657,0.055290837696403874,0.00044944383971442,0.00044037756732969005,1.0,0.7,0.7,16,0.1561913897069776,0.1471425155218854
13,13,0.17569607626684253,0.5370605906873245,0.5195958515328507,0.1829780656588081,0.12066622122523768,0.05748303323315879,0.0006362557614788699,0.00062933554618752,1.0,0.7,0.7,18,0.1485499676317745,0.1336407311496077
13,14,0.1753607635994904,0.5315435586660745,0.5164411006046367,0.180926287014921,0.08860160250411768,0.06408362639231377,0.00067389012870645,0.0006820241995225201,1.0,0.7,0.7,22,0.1563176595341489,0.1214510576029637
13,15,0.1733697527654148,0.5250999799673222,0.5095476736157015,0.17769678971592132,0.09862433336906005,0.06648277448833674,0.0006884945652025399,0.00072386257382841,1.0,0.7,0.7,24,0.1739629192515376,0.127140472492438
13,16,0.16919190854535102,0.5176656749943425,0.5018032106519718,0.17245997855346099,0.08691374325265865,0.06519751813156682,0.00068151610832255,0.00069485830906782,1.0,0.7,0.7,26,0.1597260376281462,0.1188511753788255
13,17,0.16253453306741333,0.499569795327573,0.48557547680151797,0.18262472712508193,0.2306503854667361,0.0688892936207671,0.0007216118250584,0.00086869802901073,1.0,0.7,0.7,27,0.1393342979437771,0.1156473852789831
13,18,0.14738479980594812,0.4773124892678675,0.46562456437100624,0.17118081668837729,0.11184225809689856,0.060167944368325635,0.0005875717180923,0.00064274762577109,1.0,0.7,0.7,29,0.1244700275680558,0.103240974387749
13,19,0.14476650108289102,0.4728612918962772,0.4639471697326278,0.1755048495979645,0.09864958695029527,0.05977800845494623,0.00058541769859232,0.0006369677581681799,1.0,0.7,0.7,30,0.1218981750963596,0.102984605720992
13,20,0.14460479594083972,0.4692298268057584,0.4600250670024491,0.17277771342900833,0.10238066058614634,0.06175397213788873,0.00067223920943719,0.0007371763740154699,1.0,0.7,0.7,31,0.1152602335319631,0.0934750071373349
13,21,0.1386204032763453,0.4596658442894043,0.4501618655151161,0.17202496568321957,0.1006994433035868,0.05821990462719884,0.0005764333439775701,0.00065929068861661,1.0,0.7,0.7,32,0.1222903596406882,0.1110460126870192
13,22,0.1234721971489791,0.4091468043774343,0.3910194571396369,0.14122772028586073,0.4033811288351995,0.06036560266512257,0.00057919552795364,0.00059218560135744,1.0,0.7,0.7,33,0.0852704968507671,0.1137450704781318
13,23,0.11653657241100446,0.39177643593197203,0.38173343928037207,0.14391079871936613,0.13352394284847655,0.0596672401764323,0.00070035520760259,0.00072029690907775,1.0,0.7,0.7,35,0.0796700586010383,0.089152307042862
13,24,0.11551276698311899,0.3861458090928676,0.37577522201202895,0.14247989306067552,0.08380159277632969,0.06055005387654618,0.00066501696128243,0.0006913217027501799,1.0,0.7,0.7,37,0.0829238483314336,0.0810071514089181
13,25,0.11255560985530044,0.3722918135522497,0.3611588319513987,0.14395954302384426,0.1664434768362269,0.061770856517889494,0.00063343872132274,0.00069232286389377,1.0,0.7,0.7,38,0.0806058887600172,0.0812156087176512
13,26,0.11015515414640668,0.36493107236304817,0.3534563010051371,0.13903186100280163,0.1086145989094335,0.061130632795225494,0.00065294013730583,0.00071275619637037,1.0,0.7,0.7,39,0.0753609707297804,0.0843140834640508
13,27,0.10906112586746888,0.3586364416608743,0.34975879510175567,0.14233602458107447,0.12616971972411928,0.062428173257952316,0.00065680235377812,0.0006396474005443,1.0,0.7,0.7,40,0.0752956563121913,0.0740259624223121
13,28,0.10512573887036918,0.338252800024661,0.32827725487412796,0.13813200242441767,0.21327071416254959,0.06380297976999831,0.00061259788380759,0.00056875315572382,1.0,0.7,0.7,41,0.0696026261789402,0.069144178026051
13,29,0.10361490603815565,0.3353117415625713,0.32524187233014684,0.13586353889664216,0.07639822171466684,0.0627249105377356,0.00060919921330687,0.0005712923579225999,1.0,0.7,0.7,42,0.0686488648856011,0.0659377533844811
13,30,0.10466736379905481,0.3378466023244071,0.33378844869406815,0.14984341737799856,0.07788185298811623,0.06412343715531311,0.0006706874479523,0.00062850508085269,1.0,0.7,0.7,43,0.0681623082528248,0.0677868299257746
13,31,0.09220456997981433,0.30012660414904935,0.28851612369095686,0.11396786604587375,0.1573289565657784,0.05796528570095346,0.00056922348453997,0.00060228954838536,1.0,0.7,0.7,45,0.0648812205608313,0.0670994875769952
13,32,0.09397288934410415,0.293901045362271,0.28178249355046675,0.13666733007210388,0.13218230410966558,0.06170430004188828,0.00057582935077352,0.0006916736339196399,1.0,0.7,0.7,46,0.0661451352660969,0.0514420904586503
13,33,0.09280263058668753,0.28997845824924084,0.2806480797625461,0.14147025177611672,0.0803573203348935,0.06155398056389039,0.00057662104556892,0.00068983893312257,1.0,0.7,0.7,48,0.064620730802309,0.0508479159795027
13,34,0.08998977491393922,0.28671268469288297,0.28031616645805474,0.1317249451638698,0.06532391278574236,0.05930403667431812,0.00055012160024745,0.00054357789489506,1.0,0.7,0.7,51,0.0600157965034156,0.0628506412739613
13,35,0.09011106296494355,0.28461295102296,0.27511562196749223,0.12031419267806388,0.06684818044224977,0.059575807456546816,0.00056256282688837,0.00057400558584982,1.0,0.7,0.7,52,0.0608992184756072,0.0577697933155132
13,36,0.09165936499923498,0.28692739600417494,0.2834015332344657,0.14895766584477338,0.06854059619676947,0.06161188895414073,0.00057122741944939,0.00059367616434849,1.0,0.7,0.7,55,0.0605734512648744,0.0602671417094112
13,37,0.08893570888773884,0.27590293104949903,0.2718604768460404,0.13567318107008608,0.131918174194742,0.06078132925256437,0.00056496422437934,0.00060867671117839,1.0,0.7,0.7,56,0.0586581540369884,0.059822521542716
13,38,0.08682212127414052,0.2704742015537361,0.26622671225578654,0.15265754508725582,0.0695208787760656,0.05935420916969318,0.00057767614923279,0.00066279815828092,1.0,0.7,0.7,59,0.058890044193793,0.0513035047555363
13,39,0.08682860358770031,0.26740464614426984,0.2659308313641463,0.1733410187092963,0.09924388292489826,0.06031813206088286,0.0005833012337636601,0.00069184012798575,1.0,0.7,0.7,60,0.0573835476284269,0.0521423097882864
13,40,0.08573997516728828,0.25899012367136776,0.25113975069861255,0.11727055210245027,0.07332849381031115,0.06012492726290124,0.00060573552140838,0.00072038371223764,1.0,0.7,0.7,63,0.0518180445251013,0.0578616430225602
13,41,0.09063947554979625,0.26389601529556456,0.25604525590141014,0.13347838777259818,0.066153807364109,0.06504811061102676,0.00061277844587826,0.00069954953459902,1.0,0.7,0.7,66,0.070107889068636,0.0606255189529858
13,42,0.08830524364086478,0.2671491321640446,0.27149628330596365,0.18132114315688858,0.0641452548432338,0.06284297530545024,0.00056495378941106,0.00061408210492561,1.0,0.7,0.7,69,0.0661391806950128,0.0484226396620982
13,43,0.0857397771746993,0.25821336084492036,0.25624337432017696,0.17988153089337125,0.09058115503246034,0.060959614058538045,0.00058468790708235,0.00063913027497187,1.0,0.7,0.7,70,0.0584236138552396,0.0470582785963466
13,44,0.0848821501195067,0.2579669333549978,0.26196262775983736,0.18985020858581933,0.0709633959471017,0.0605505466737883,0.0005859673255753401,0.0006640575921754599,1.0,0.7,0.7,72,0.0696429450050882,0.0557708730138888
13,45,0.08466048963210958,0.25488134002572455,0.2557381375099313,0.19188600973129405,0.07342635181131688,0.06063728982377485,0.0005800313330108599,0.00064310963256077,1.0,0.7,0.7,73,0.0603042299915177,0.0449443250420961
13,46,0.08479228816592498,0.25458963142293517,0.25838556287321474,0.20006036327898036,0.0772401955995064,0.061176408110678204,0.00056578283128168,0.00060013859752925,1.0,0.7,0.7,74,0.0634204562935368,0.0480727842875626
13,47,0.0820286583444977,0.24967359181375684,0.25630381580052314,0.19830707572901007,0.08971707547459848,0.059118851059566914,0.00057062904129636,0.0005986778049777199,1.0,0.7,0.7,75,0.057753605025484,0.0474015247875047
13,48,0.08460628073695316,0.24802325040127746,0.2514331315532179,0.21161423863190384,0.08581075812656572,0.06221433061320365,0.0005834043781547999,0.00060851803596303,1.0,0.7,0.7,76,0.0646519033337155,0.0475303072690476
13,49,0.08464633267523188,0.24521138153768832,0.25141470405052985,0.21539279420395685,0.08157689865640144,0.06303852146748037,0.00058430134349397,0.00065247569087186,1.0,0.7,0.7,78,0.0628135953681147,0.0448051551066545
13,50,0.08267152319724064,0.244575898751947,0.25382510388900464,0.22265203189876234,0.06244406380726366,0.06104002157108511,0.00060544539081515,0.00069728552954398,1.0,0.7,0.7,80,0.0587477724828559,0.0471282065047891
13,51,0.08382730459981529,0.24219066857358715,0.25122734900685556,0.23428066567160344,0.07340396940384997,0.06287529953643986,0.00059457825295719,0.00067353112612653,1.0,0.7,0.7,83,0.0590547543876365,0.0461844569385432
13,52,0.0830034454212527,0.24274222905168047,0.25482698196717574,0.26837611755462826,0.06329291893847204,0.06211987689677491,0.0005808212227972,0.00061125725632046,1.0,0.7,0.7,85,0.0664517744601285,0.0462427340410663
13,53,0.08364265322075158,0.2446754133731827,0.2598033479657119,0.26217351899826313,0.06430215552697557,0.06273910774957833,0.00059455003574574,0.0006695790127528701,1.0,0.7,0.7,87,0.059117153266564,0.0462988579759411
13,54,0.08194911045136137,0.23891741323772767,0.2538022251381598,0.28735469597618785,0.0736942141487942,0.06180793600351542,0.0005923274986806,0.0006340753639740399,1.0,0.7,0.7,90,0.0625310374651284,0.0471717324075114
13,55,0.08166603499127675,0.2372416934502056,0.2520433826931515,0.2961480496214513,0.06640308101855036,0.061771094169705956,0.0005918652045188201,0.00063792105540593,1.0,0.7,0.7,93,0.0625342410449318,0.0473449025510426
13,56,0.08143775354601364,0.2363977108536652,0.2511626807042238,0.30834101090206883,0.06376219520995008,0.061643296302689374,0.00058651514740989,0.00065588789229473,1.0,0.7,0.7,97,0.0628387001102693,0.0463011521659607
13,57,0.08057010114589219,0.23830159451078348,0.25916398445566446,0.35026514758943283,0.06182064231790635,0.060776430276497054,0.00059985675558534,0.00067867334317877,1.0,0.7,0.7,105,0.0628186778759537,0.0459577670239972
13,58,0.0830833890273775,0.2434031372012157,0.2703520173629683,0.39620570144132083,0.06462623402064824,0.06335488120632748,0.00059368528903323,0.0006752972155217,1.0,0.7,0.7,112,0.0628144045752966,0.0479635381374847
13,59,0.08026814390579555,0.23981644485747186,0.26671935946897063,0.39992568572783793,0.0646971321703201,0.06067767447834149,0.00059899547851592,0.00066727894618671,1.0,0.7,0.7,114,0.0620944904998636,0.0474432720900144
13,60,0.07857451707914039,0.2384277041411134,0.27721415942228955,0.39912633611133036,0.07201960388738216,0.059978463682161386,0.00057551406122069,0.0006423320339537101,1.0,0.7,0.7,118,0.0499551782663317,0.0476582741746796
13,61,0.07791186698403599,0.2378278201780022,0.27958456249707514,0.4113882345564857,0.06322978688701464,0.05955821084365315,0.00057952123259335,0.00063282584631705,1.0,0.7,0.7,122,0.053161311213871,0.0494230016781304
13,62,0.0774109814334646,0.23644756367043257,0.27815223106248665,0.4102332715507057,0.06713544620007535,0.059202083050886034,0.00057814062945215,0.00064004327864069,1.0,0.7,0.7,123,0.0530656113258831,0.0488055122362381
14,0,0.9862028732961241,0.9964247751706297,0.9962436888426022,0.4017104123741045,0.0,0.0,0.0,0.0,1.0,0.7,0.7,1,0.7549433113307179,1.125932189119004
14,1,0.9173246676473082,1.0236609841199928,1.018502922556363,0.4453824544306982,0.3285229100950114,0.06666082628844275,1.332337856132e-05,1.6752524188810002e-05,1.0,0.7,0.7,2,0.870593535776622,0.9459458579805184
14,2,0.8388755195899134,0.9998217585643508,0.9964743823807103,0.4307024679971509,0.23500621223503765,0.06588539741095222,1.976190796767e-05,2.132977658713e-05,1.0,0.7,0.7,3,0.696453557897085,0.854564001423315
14,3,0.6458177830847746,0.9270690475600172,0.9199947482987422,0.3888915942603217,0.5739950394972738,0.06639983623966958,0.00027436290344681,0.00022521796669449,1.0,0.7,0.7,4,0.5944995728415314,0.7095454058751851
14,4,0.5619876002142473,0.8875021086607263,0.8784252925523393,0.36776366005669076,0.20299455884243486,0.06655876686368116,0.00012121129430903,0.00011162824119301999,1.0,0.7,0.7,6,0.3900488733531144,0.3976402538179241
14,5,0.4883074935980732,0.8515695950224818,0.8432616983216643,0.35626239551874683,0.22986988584961038,0.07399756908724202,0.00033142083741451,0.00028688446113471,1.0,0.7,0.7,8,0.4163381863453156,0.4419801787638927
14,6,0.3069155898549262,0.7097967684522132,0.6946936775613956,0.2640268641270205,0.5292518558876096,0.06658225510417556,0.00018333335323889,0.00016814720280073001,1.0,0.7,0.7,10,0.2205140788741655,0.1917734754867749
14,7,0.3066905976414984,0.7095712371917023,0.6944646054303619,0.2638263799710591,0.06715194768488854,0.06642726951450723,0.00018265927687219,0.00016741964661901,1.0,0.7,0.7,11,0.2194153006480142,0.1923728995512162
14,8,0.2907024020645064,0.6943820430242007,0.6814718071293646,0.2665253211862863,0.18353415655483013,0.06669422045262671,0.00018663163359216,0.00016326551120671,1.0,0.7,0.7,12,0.1951385446855227,0.1707760784165617
14,9,0.2832759338658813,0.6867861720135406,0.673759462142847,0.2633780872862457,0.0669277132163096,0.061288853482902673,0.00028997752348297,0.00021614285300119003,1.0,0.7,0.7,15,0.2280707122656797,0.1526601222944891
14,10,0.23701459958065402,0.6358513948782795,0.6198864116926431,0.24045076203193114,0.21882722638475083,0.0679716321586897,0.00068041955294722,0.00039467340584679997,1.0,0.7,0.7,18,0.2229203992553771,0.1400464084468875
14,11,0.21942548611005724,0.6091634340302753,0.5918420580396627,0.22571971610634903,0.24675802798415106,0.06814101150546134,0.00061211365388464,0.00035466387643245,1.0,0.7,0.7,19,0.2059638446494895,0.1129653678510322
14,12,0.18911733017902088,0.557181592433873,0.5404545339459085,0.2007723277978923,0.35482879081903324,0.06313184236555056,0.00073020883568812,0.00040226666763537995,1.0,0.7,0.7,20,0.1724725731981797,0.1308834283764905
14,13,0.17893551506483465,0.5282919918350982,0.5096056224372015,0.1810355011099036,0.3405185137338584,0.07294882386590501,0.00070046010801519,0.00040306537812219,1.0,0.7,0.7,21,0.125898305926138,0.10257972706589
14,14,0.17075785811500288,0.5112501501475705,0.4917262396242627,0.1723417237240641,0.1871248547390445,0.07248881147354068,0.00065869600155166,0.00038092485267427,1.0,0.7,0.7,22,0.1202020966524387,0.0873069964451275
14,15,0.16418052106315464,0.49940153905610873,0.48232151546261737,0.17055612460065486,0.15499548334502236,0.07116879695962561,0.0006932898527832601,0.00040477958262515,1.0,0.7,0.7,23,0.1123799383732592,0.0980829707321214
14,16,0.15595757265108776,0.48024232732012934,0.4622164499720267,0.16051489706436556,0.20007314268335444,0.07073114067150778,0.0006513755509085499,0.00038149440120068,1.0,0.7,0.7,24,0.106727796382406,0.0827111068000975
14,17,0.15252293081105503,0.4720999236203319,0.4536805934689682,0.15756287723939422,0.12457977048373922,0.0703874809643987,0.0006233727057193201,0.00036653423799152,1.0,0.7,0.7,25,0.1047650755333631,0.0738806330065442
14,18,0.1506344441498837,0.4690970215069745,0.45058567530971005,0.16214755445651394,0.0824002175129615,0.06922751173511414,0.00059785281420297,0.00035493602055886996,1.0,0.7,0.7,26,0.1058129811883669,0.0722652084809228
14,19,0.15153087001067883,0.4665300351822453,0.45066958996164347,0.16837282841503276,0.1285420124049301,0.07306045435796936,0.0006819337208085399,0.00038778774192519,1.0,0.7,0.7,27,0.0975443359778232,0.0840965048892411
14,20,0.15252618223659944,0.46079718721701796,0.444398407227893,0.1603545170114258,0.151989125881313,0.07798169248903394,0.00066048559203436,0.00037377881555679,1.0,0.7,0.7,28,0.0919289747880732,0.0814608554124927
14,21,0.14486777461866746,0.45017026520917036,0.4335378197485228,0.1521111135025799,0.10450812631488152,0.07197342703660013,0.00065372030799533,0.00037337468528753,1.0,0.7,0.7,29,0.0928873166968154,0.0650313710140085
14,22,0.13847231600587753,0.44118005450371434,0.4272842494899727,0.14897758525786492,0.09015640029203911,0.06773608623114605,0.00069178273188466,0.00038727188485060003,1.0,0.7,0.7,31,0.0878770942226934,0.0721973215368259
14,23,0.14155567723836066,0.44395104361190213,0.4329727814426992,0.16099826034989906,0.07853670032036665,0.0717463064073922,0.00066735563594948,0.00038017987950761,1.0,0.7,0.7,34,0.0898186709251615,0.0729439034056426
14,24,0.1394632448687979,0.4386402611598623,0.427414671595626,0.16213922425084015,0.10597565437828703,0.07130485867259058,0.00067520387637274,0.00039241031118561,1.0,0.7,0.7,35,0.0853830532204679,0.078773403817887
14,25,0.13806493187150132,0.4327752171212902,0.42121229641709,0.1613118020648498,0.11853754011652241,0.07212614367067731,0.00064548707091801,0.00038526451343276,1.0,0.7,0.7,36,0.0837619841040294,0.0731315315985966
14,26,0.13775600715462857,0.43093969466202653,0.41926230369839346,0.1629330055372751,0.08881144253974797,0.07258006539778757,0.00061273659135758,0.0003762236732407,1.0,0.7,0.7,37,0.0835175272235822,0.0686325477821429
14,27,0.13504039874783924,0.42350419606760503,0.41147542258823455,0.1708704678608012,0.08871202823827025,0.07204445984551286,0.00066978676237406,0.00037352222945756,1.0,0.7,0.7,40,0.080689237731901,0.0740207070629448
14,28,0.13252573891407307,0.4148258767128316,0.3993979542917773,0.16611248159687156,0.11948737402509219,0.0716801426479714,0.0006410400869292299,0.00037100648870994,1.0,0.7,0.7,41,0.0788297756203569,0.0666348066585825
14,29,0.13208873164998416,0.4137969449177534,0.4012724476511372,0.17236038439801304,0.08304700265964983,0.07215911326247884,0.0006326444838087401,0.00036242137160251,1.0,0.7,0.7,43,0.0756976946886761,0.0758056865872489
14,30,0.13091579426187686,0.4110252663076739,0.3983846847047668,0.17591036838969487,0.08816374991085893,0.07168096485991184,0.0006323345182263201,0.00036065634912365,1.0,0.7,0.7,44,0.0778436294546913,0.0703946667940503
14,31,0.12782018882981502,0.41557995259938874,0.4211777580542777,0.2715571958870807,0.07021439801691905,0.06906960578118496,0.0005745715334973,0.0004087923820104,1.0,0.7,0.7,68,0.0951620168464023,0.1140211352608193
14,32,0.12684604215541295,0.41078724395534266,0.41611026591413086,0.2746492860208486,0.10774865684732056,0.0697219054074285,0.0005554446194058901,0.00040008038103369996,1.0,0.7,0.7,69,0.0939943391797881,0.110076703767596
14,33,0.12591672285762956,0.4089924871028973,0.4142535225792258,0.2762638714689514,0.0782616066364767,0.06916283171201858,0.00054491914494302,0.0003938893971769,1.0,0.7,0.7,70,0.0932305071515951,0.1062139592933499
14,34,0.12606392677885664,0.41198837555933965,0.42335061707361693,0.29440504994774125,0.07022061073605013,0.06932507121849725,0.0005585066887392901,0.00039963827255914,1.0,0.7,0.7,73,0.0935078463949635,0.1125577041857606
14,35,0.12606392606369993,0.4119883968098378,0.42335063905510256,0.25270248255058947,0.06999579907159736,0.0693250702031717,0.00055850669056671,0.00039963826794469005,1.0,0.7,0.7,78,0.093507847484933,0.1125577026260345
14,36,0.1258914250534482,0.4129285240355942,0.4273190509107469,0.32177202917225656,0.07334285896751888,0.06930472638174273,0.00054821327648791,0.00039670719933354,1.0,0.7,0.7,79,0.0925666360858751,0.1061908912231398
14,37,0.12576892804905845,0.41436279641395185,0.4347623229409458,0.33339283407184295,0.07370825717477207,0.0697262189108429,0.00056278874862147,0.00040115037165969,1.0,0.7,0.7,83,0.0919541209492096,0.1092810010873207
14,38,0.12785520370204267,0.4154736585590067,0.4358037281229908,0.33797363380445783,0.08233806105415742,0.0721928476518354,0.00058126672847032,0.00040474320091005996,1.0,0.7,0.7,84,0.0916518162605509,0.1157711473554079
14,39,0.12530621237914638,0.4119521434947871,0.43516283473349643,0.34992165075172715,0.09477747077727272,0.07062785014790732,0.00057031288621412,0.00040089905748037996,1.0,0.7,0.7,85,0.0897618483557644,0.109936482805675
14,40,0.12306819531480451,0.4043795492137697,0.4183633550130343,0.3505589099049767,0.07864867453699907,0.0687474038699994,0.00060021788608097,0.00040055709069313996,1.0,0.7,0.7,86,0.0885665081830437,0.110609334195025
14,41,0.12450959110269724,0.40852065228056467,0.43154545477214673,0.3606374436669667,0.07691299231142142,0.07084313916945452,0.00059306205738216,0.00041185673595684,1.0,0.7,0.7,89,0.0888778472307453,0.1119168643186671
14,42,0.12359132197018116,0.4053896881740484,0.42825915465022807,0.365024657147721,0.08205482890941086,0.0707953594765474,0.0005772136121627799,0.00040469060670399995,1.0,0.7,0.7,91,0.0882409892005839,0.1088653422091324
14,43,0.12073424346860415,0.40734020771876683,0.4423499651723009,0.4297530730968013,0.06967442779655246,0.06836979163815693,0.00055511355516536,0.00037277831580202,1.0,0.7,0.7,106,0.0908413212370448,0.1125862774326066
14,44,0.11953443235254888,0.405426251769843,0.44333756237175265,0.4372497618231926,0.07550850068724196,0.06798591548063784,0.00055708341274567,0.00037492038992622,1.0,0.7,0.7,109,0.0880349026976476,0.1102887486046882
14,45,0.11934968411002303,0.40632196700583095,0.44726001153291894,0.44013891602706695,0.07218707411108957,0.06794500612910957,0.00055644268562223,0.00037256722943702,1.0,0.7,0.7,110,0.0884518332699228,0.1109157155844536
14,46,0.11923415357631459,0.4073350634610534,0.4513032198647807,0.4598574913978499,0.06964336042862782,0.06795172236879408,0.00055674414394944,0.00037329859403126004,1.0,0.7,0.7,113,0.0880802631675845,0.1098643860799483
14,47,0.12093719061843008,0.4102901507953357,0.4572969870437139,0.48063098057624176,0.0705799673684583,0.06971163911096948,0.00056612298179537,0.00039323862856984,1.0,0.7,0.7,123,0.0886194931254148,0.1108840321030461
14,48,0.12222179973642074,0.4125469731741332,0.46257308126438107,0.5130374359345258,0.07299902439210539,0.07113725929552976,0.00057244420286997,0.00044362332708514996,1.0,0.7,0.7,127,0.0894952651641354,0.1100043948390047
14,49,0.1208817367375492,0.409039350680864,0.4589153241116803,0.5239817935751107,0.08152368901260626,0.07063324644907307,0.00056238357731125,0.0003977302258264,1.0,0.7,0.7,129,0.0848193683220404,0.1099770080736999
14,50,0.12071358956731974,0.4098678232373348,0.46276494891332465,0.5408744718566079,0.07347628989297617,0.07063324644907308,0.00056238357731125,0.0003977302258264,1.0,0.7,0.7,131,0.0844352102854812,0.1082737222500331
14,51,0.11861566764637803,0.4102461806757786,0.4692189306932076,0.5438922736127992,0.07006127191227976,0.06864475885749771,0.0005779321990221199,0.00045541542981402,1.0,0.7,0.7,137,0.0889954653745339,0.1103281698310835
14,52,0.12273850208135245,0.4303592085066908,0.5229117060446951,0.7457156088787645,0.0735278414533584,0.07283122148028667,0.00055959214131013,0.00041545573058706005,1.0,0.7,0.7,179,0.0856593562251403,0.1167385298580468
14,53,0.11783812591874117,0.4254553457000949,0.5180076046709484,0.7593866815621358,0.06862211112105034,0.06793248773110079,0.0005525251811608299,0.00042190760937169,1.0,0.7,0.7,183,0.0852271902821942,0.116870982915521
14,54,0.117881936040862,0.4297729004115762,0.531477268288456,0.6855013865367383,0.06875740858500232,0.06801394406122142,0.00055266085028664,0.00042194604640045,1.0,0.7,0.7,199,0.0853022283037439,0.116625309384661
14,55,0.11770012060829331,0.4306170121027309,0.5353445598947203,0.6919402864137495,0.07273959552576441,0.06798293122574377,0.00055719056875545,0.00042584767439124004,1.0,0.7,0.7,200,0.085185965100564,0.1164837466069141
15,0,0.9451127683512688,0.9854795404243057,0.9847440777861679,0.39600208107976836,0.0,0.0,0.0,0.0,1.0,0.7,0.7,1,0.9490767689728442,1.1029181682817175
15,1,0.9472854481891311,1.0325434657800348,1.027835148404674,0.45106674394214225,0.19186474003495657,0.06666109374373441,1.3183780576149999e-05,1.905486341037e-05,1.0,0.7,0.7,2,0.7466816186567349,0.9459458579805184
15,2,0.8536517169484157,1.0117741207498634,1.0084972363573044,0.44215359335754384,0.29718843887748814,0.07645170201288978,1.5618215936339998e-05,1.748880863443e-05,1.0,0.7,0.7,3,0.673907915480309,0.8647801308730366
15,3,0.4629142486704307,0.8315472693552396,0.8196286905732542,0.3320217041943684,0.4589358462834136,0.06664395366650798,0.00018004394989988999,0.00015336925371653,1.0,0.7,0.7,6,0.488820641106557,0.3571613316691897
15,4,0.4356392078191493,0.8172580389296876,0.8073045185026406,0.32867585492418455,0.1473350578244113,0.07195620281030936,0.00044892262679451997,0.00048736937638961997,1.0,0.7,0.7,8,0.5608401088213905,0.3465669397728513
15,5,0.3070437867121669,0.7094205931855149,0.693578515544062,0.2750598965645008,0.4810732823559428,0.08081063308594186,0.00017793156742454,0.00015406551186477002,1.0,0.7,0.7,10,0.2517298659149563,0.1775713457786928
15,6,0.3034830462047653,0.7070203680124572,0.6940114400155081,0.27844191752468345,0.09649370060701168,0.08130209644776222,0.00016872986736202,0.00015144017071364,1.0,0.7,0.7,12,0.262669000641962,0.1776799261938962
15,7,0.2990354198341442,0.7035565983378294,0.6933211473868146,0.2814093434402124,0.10115316419407101,0.08186467383687472,0.00019572159491653,0.00017506078900951,1.0,0.7,0.7,14,0.2687060690424538,0.1716264184868941
15,8,0.20063783085241924,0.5779356675821896,0.5651858022557916,0.21350543484771958,0.2544593082473801,0.06456682636983953,0.00030893628702843,0.00027163822817313,1.0,0.7,0.7,18,0.2431943859990835,0.1047559080013581
15,9,0.20049008394025056,0.5777808316068044,0.5650300478119602,0.21335722383547065,0.06496507659767127,0.0644295798471952,0.00030941038278576,0.0002719942058259,1.0,0.7,0.7,19,0.2427701868057336,0.1048756509444102
15,10,0.19863913721173437,0.5759270778007111,0.5660504823901513,0.22782103005057988,0.0771300142973735,0.064646933244518,0.00031111061294684,0.00027334248554694,1.0,0.7,0.7,21,0.2396915320949783,0.1034763295675341
15,11,0.1979718235204351,0.5765955942728535,0.5697569630054921,0.2417770802305815,0.06507878097737137,0.0641563845373129,0.0003100182102865,0.00027231103002694,1.0,0.7,0.7,25,0.2384776446220416,0.1032147495129589
15,12,0.19202541048854738,0.5559476014274257,0.5503193744569239,0.229811954809459,0.33367526330347846,0.07833761392725822,0.00038733728500778004,0.00033105453084092,1.0,0.7,0.7,26,0.1794006950057545,0.1123604044888503
15,13,0.18694984185485375,0.5496000328339079,0.546754566953413,0.2337813734835486,0.08527540397427862,0.07587099286306793,0.00038740145317904003,0.0003274154879238,1.0,0.7,0.7,30,0.1680962293515705,0.1245573413221256
15,14,0.18089405063842182,0.5398125154651133,0.5366072074196325,0.22703230724514328,0.12084760562138241,0.07326647327583348,0.00032619317275617,0.00027707273690022997,1.0,0.7,0.7,31,0.1467641669234481,0.1034759372375161
15,15,0.18042487132477525,0.5373367837250189,0.5368535667923401,0.2323077728304878,0.12030268395989309,0.07578907900700592,0.00038739151715331004,0.00032746571079133,1.0,0.7,0.7,32,0.1607326120597939,0.1127199714332311
15,16,0.17353526319564652,0.5241821337514847,0.5231063517551016,0.2345124815079149,0.15548186543740947,0.07442968537667186,0.00030445348986949,0.00027448368710558,1.0,0.7,0.7,33,0.1458488903190717,0.0800678805270017
15,17,0.14173166701698867,0.4552946191573741,0.45397052835457835,0.1812793001677965,0.5271518846019678,0.0688336224002662,0.00059949753223828,0.00060058241586064,1.0,0.7,0.7,34,0.1169647343498962,0.0989166753543749
15,18,0.13490544692179438,0.4144026054130378,0.4135047774777684,0.16508630574539454,0.25478142933413694,0.07858011091328516,0.00043821207026977004,0.00043118906187468,1.0,0.7,0.7,36,0.0825655549017864,0.0669500867071677
15,19,0.13209999760501118,0.41379071436880505,0.41895279068558683,0.2031137575603551,0.0772126177786607,0.07588374716119546,0.00048605440432869,0.00049725866536581,1.0,0.7,0.7,43,0.0778603493251903,0.0586967743920605
15,20,0.13175021318945007,0.41483163225322817,0.4230419411654459,0.21672155376471022,0.07657641682310566,0.07558636840227659,0.0004697988236899,0.00047787473795532005,1.0,0.7,0.7,45,0.0799347742498481,0.0595117977249816
15,21,0.1295858896622355,0.40766776121845605,0.4155234421048253,0.21500759171533212,0.1002210305260701,0.07541319642151863,0.00047683037653091,0.00048716455321775996,1.0,0.7,0.7,47,0.0723955128405594,0.0606655487460348
15,22,0.12594686147083564,0.3980391079767312,0.41137801874438007,0.2303585380708006,0.0928017584536971,0.07515532746764192,0.0004994812256811501,0.00047973005687388997,1.0,0.7,0.7,52,0.0733391181377428,0.0730355650881183
15,23,0.1153040963486859,0.3573631476100242,0.36867462965236864,0.20879761870558586,0.16717074934589518,0.0745084288750174,0.00049167588360694,0.00049078316813141,1.0,0.7,0.7,55,0.0659611697914658,0.0633070673958799
15,24,0.11501676626478417,0.3537567158496773,0.36485008717410083,0.21525615160070188,0.09073531634558445,0.07522888439272182,0.00048792962312544004,0.00046546629564077997,1.0,0.7,0.7,57,0.0680715941062288,0.0646956734683737
15,25,0.11138494890575987,0.34827198522661285,0.36220101754220774,0.21532708036107245,0.08823434999269364,0.07245120219488316,0.0005445377445701,0.00059021387250697,1.0,0.7,0.7,59,0.0717289855346715,0.0659250986669086
15,26,0.11184623663509306,0.34552405599828784,0.35924497661049953,0.2239774546700033,0.10254767443877778,0.07386455259596868,0.00051618201218799,0.00054408336651889,1.0,0.7,0.7,60,0.0679393005966961,0.0632397825128161
15,27,0.10929193996624934,0.33361258844953673,0.3467295174137281,0.22444293717958827,0.1568255431942572,0.07383742255736084,0.00053348510667132,0.0005858797327864299,1.0,0.7,0.7,61,0.0679090432216587,0.0643473977402368
15,28,0.10965090518942872,0.33386614532249526,0.3499358845908966,0.2302385793036633,0.07880738132723306,0.07458164324095469,0.00055928179047606,0.00060297385525843,1.0,0.7,0.7,65,0.0580028111692601,0.0617206608068292
15,29,0.10928751095670727,0.3324902309554423,0.3544150999759784,0.28382575986599445,0.07947495586144174,0.07522118525132362,0.00056129119260053,0.00063401606103471,1.0,0.7,0.7,75,0.0551494824403305,0.0652667373127228
15,30,0.10680246609567298,0.3280923170932036,0.34989545941718914,0.2759289371103826,0.08234721155870836,0.07320081057440801,0.0005674519281865001,0.0006648707619366699,1.0,0.7,0.7,77,0.0649648332021958,0.0633524445084464
15,31,0.10700348882655072,0.32620595295435195,0.35675903530937747,0.3057902646831807,0.09445223990092416,0.07498336023520427,0.00060402251590142,0.00067909045120378,1.0,0.7,0.7,80,0.0649295486408273,0.0693801486207181
15,32,0.10623097881810659,0.32090085489973946,0.34820735558718074,0.30418520426843987,0.0846347048777576,0.07496456438280101,0.0006049839678838301,0.00066890477874132,1.0,0.7,0.7,83,0.0656253462942017,0.0672191233985554
15,33,0.10629590614123814,0.32386438364462367,0.357275811374262,0.3184045928971996,0.07609796151629213,0.07502249694440911,0.00061622593924452,0.00067456575313444,1.0,0.7,0.7,84,0.0661310615253014,0.067815630438786
15,34,0.10611678018905804,0.32163609361875795,0.3519573609533074,0.31547407561118285,0.08093285633503546,0.07498879550976607,0.0006080314320175,0.00067768754192902,1.0,0.7,0.7,85,0.0658626345770942,0.0678058310939777
15,35,0.10454494408876597,0.3170917638927628,0.34426498437603154,0.31731880119956873,0.08114364761199368,0.07377454454465587,0.0006142859179206,0.0006775727955851001,1.0,0.7,0.7,87,0.0664100802955991,0.0752830319834092
15,36,0.10565196517739785,0.32092005113919336,0.35418708700834156,0.33951734490562735,0.07639194539676213,0.07499155917580679,0.00062464537488729,0.0005768980117230201,1.0,0.7,0.7,90,0.0637837988144771,0.0651121420671156
15,37,0.1043079748187453,0.31465995231411875,0.34465760961485703,0.3293673285470919,0.10474427833660645,0.07442752537016091,0.00062191290524372,0.0006278060290204501,1.0,0.7,0.7,91,0.0677019294328018,0.0859544051062755
15,38,0.10427504487989492,0.31396502492763545,0.34392136198959977,0.33585430517902926,0.0810433635596555,0.07452427759951932,0.00061753811827633,0.000666673451157,1.0,0.7,0.7,92,0.0661291692464871,0.080239064944007
15,39,0.10349562140980899,0.31025054358696025,0.3400240194814819,0.35222923834822006,0.0836160934737545,0.07443135630569286,0.0006172846645463,0.0006512815855542,1.0,0.7,0.7,95,0.0673532665852158,0.0827108373600783
15,40,0.1031327824524529,0.30939037903240296,0.34209533498057376,0.3612462705771904,0.08368649205489413,0.07453317384039945,0.0006160760514459,0.00062387169423722,1.0,0.7,0.7,97,0.073139694342382,0.0745773157872631
15,41,0.10250700509377073,0.3064889339751367,0.3360901733293772,0.3721371579933486,0.0772487772063682,0.07408340870358915,0.0006292306116605,0.0006209314568862,1.0,0.7,0.7,100,0.0698195372333359,0.0837612616641971
15,42,0.10082234130332543,0.3143477755275134,0.36824175851992286,0.4399262708115942,0.07494734002368225,0.07284562898926662,0.00061815820449864,0.00067315367874946,1.0,0.7,0.7,115,0.0725209418704327,0.0751178023062136
15,43,0.10096021230298595,0.3151112986385149,0.37200681032315647,0.4885847384602256,0.07507459072202248,0.07319297468477895,0.00063461904850022,0.00062108578777427,1.0,0.7,0.7,122,0.0733724090528068,0.0752816910261879
15,44,0.09993647395096021,0.309564425230087,0.36914423790911466,0.48319207906593675,0.12453789445567703,0.07342964078541199,0.00063432742165883,0.00067663730942506,1.0,0.7,0.7,123,0.0732624892883642,0.0749305680973288
15,45,0.09984444561950227,0.3098551562316116,0.37242193803494295,0.4998437199090726,0.0767347027484858,0.07357348653879882,0.00063872902755013,0.0006626705696228,1.0,0.7,0.7,127,0.0727287987494998,0.0734048904051896
15,46,0.09933826279772535,0.31212444981004867,0.3807886346347518,0.5630815396245235,0.07410098324307243,0.07309423529249798,0.00063076480548834,0.00067567684634495,1.0,0.7,0.7,140,0.0719302433574884,0.0772832426908856
15,47,0.09872454940439487,0.3106907689163167,0.38226825407142007,0.577912420396977,0.08339651030905053,0.07297022433423381,0.00063560689970764,0.00065809168627834,1.0,0.7,0.7,142,0.0751332394035734,0.0804641048985268
15,48,0.0987904215968741,0.30386300959491386,0.3631634745695126,0.4636235817895783,0.07489321586014137,0.07325873775008532,0.00063806228127021,0.00065181309673459,1.0,0.7,0.7,154,0.076051699873908,0.0803442071100428
16,0,0.9559380244050705,0.9884075746507661,0.9878203922096966,0.3965808731010458,0.0,0.0,0.0,0.0,1.0,0.7,0.7,1,0.8789124105917866,1.1401931065032904
16,1,0.8940540214369407,1.0165035374370617,1.0109863749762316,0.440779129271894,0.3220687796265055,0.06659435563150731,1.363076500872e-05,1.577197108798e-05,1.0,0.7,0.7,2,0.9665652160240702,0.9459458579805184
16,2,0.819530060400923,0.9963109749045571,0.9925576574678457,0.43007941627252644,0.2458864653819718,0.07038965561480207,1.940600616059e-05,2.203371782075e-05,1.0,0.7,0.7,3,0.7934041842270817,0.8554802585999788
16,3,0.6224822665884205,0.9167187176639787,0.909113187154004,0.38231925099742825,0.5911811969483368,0.06643884979746045,0.00030328277610191,0.00033817358079711997,1.0,0.7,0.7,4,0.5396315479958418,0.4210159407609559
16,4,0.6142293614162763,0.9142542281195661,0.9095157969247266,0.38492423575002255,0.07929618997126414,0.06618665265826278,0.00029709067377768,0.00034546298633627003,1.0,0.7,0.7,6,0.5278442134093252,0.42315156248828
16,5,0.44416575364288285,0.8202933931775244,0.810875477510919,0.3340909150092652,0.3835135796670434,0.06471393148488017,0.00021103594096013,0.00029984753165965,1.0,0.7,0.7,8,0.3522390437049228,0.3684859941828785
16,6,0.4323336127041664,0.8144448858780591,0.8076176847367964,0.33417444483670655,0.09835858597169059,0.06633815034010238,0.00034455927060793,0.00044859130403990006,1.0,0.7,0.7,10,0.3540500464417189,0.3277354471300108
16,7,0.4213266103798842,0.8064190507958495,0.7992573720049007,0.3384058319735298,0.08823369139201064,0.06512066308208415,0.00022788656445737,0.00027378171458548,1.0,0.7,0.7,12,0.3467619060008511,0.3210084528492388
16,8,0.4213044439630758,0.8064082062918708,0.7992451786813721,0.3384044088500831,0.06566751194873212,0.06513230627773939,0.00022990395123761,0.00027698528184042,1.0,0.7,0.7,13,0.346618040804667,0.3209300750930916
16,9,0.42145176571571,0.8067389118897252,0.7995544190106307,0.33592308277913935,0.0691688020325624,0.0658813708846446,0.00023466545310956,0.00028107861245789,1.0,0.7,0.7,14,0.3475019637575448,0.3300136691123567
16,10,0.42134521022102045,0.806665173244752,0.7994768128713365,0.33587680368273015,0.06677062579551889,0.06588435111179225,0.00023438749957967,0.0002806794064699,1.0,0.7,0.7,15,0.3474976564438736,0.329774360632858
16,11,0.30772256698767375,0.7121672032359707,0.6999377881695867,0.2884479077598918,0.7584678518038869,0.06982290266217259,0.0007820506879577299,0.0013020069240429,1.0,0.7,0.7,16,0.2712496709934907,0.1396944804244531
16,12,0.30613339459185906,0.7104665454229234,0.6981722644428614,0.28944009276166366,0.07911642143400845,0.0696098409080937,0.00068334956018185,0.0011052184357556,1.0,0.7,0.7,17,0.2631380907013956,0.1459631636454033
16,13,0.2995399971515079,0.70497199535015,0.6953573547022572,0.2891533682852082,0.12159787679218652,0.06982290266217259,0.0007820506879577299,0.0013020069240429,1.0,0.7,0.7,18,0.2543423185762261,0.1332878932214778
16,14,0.2873346995103389,0.6949369545054402,0.6908965011904489,0.2962469440920276,0.14123751284317637,0.06829294563005951,0.00031923678301213,0.00045166356038111,1.0,0.7,0.7,19,0.2277897814542458,0.134038505455022
16,15,0.2834770273531323,0.6935689076236776,0.6954111987497121,0.30720337970858436,0.07655867295766912,0.0683953343583932,0.00033511332825973,0.00046739957264272,1.0,0.7,0.7,23,0.2235407932240491,0.1392340622355543
16,16,0.2822374040936468,0.6936662494972133,0.698503606054553,0.31326718556392885,0.07269193145353063,0.06821295524985177,0.00031157671700372,0.00044324161602758,1.0,0.7,0.7,25,0.2209008390476536,0.1310161811188321
16,17,0.25610688739022197,0.6585772639290755,0.6582145863455927,0.2905921398821915,0.3697050024021952,0.07671612118601465,0.00048839425456339,0.00063502121051497,1.0,0.7,0.7,26,0.2159063770569526,0.1752977154607737
16,18,0.24498331154894734,0.6467131595722939,0.6489596422074694,0.28750029977890723,0.10328204056211504,0.07235957735526498,0.00035529297496347996,0.0004804827994032,1.0,0.7,0.7,28,0.1998294265978743,0.1544540505486459
16,19,0.2449833123234716,0.6481725010162809,0.6534720842311028,0.300269331931152,0.07294471184799142,0.07235957791568096,0.00035529297702681,0.00048048280165539003,1.0,0.7,0.7,30,0.1998294291258388,0.1544540534837458
16,20,0.23156074251669256,0.6374373315156018,0.6515891397767621,0.3155814005073894,0.06983146168140884,0.06208629521673148,0.00082179528390387,0.00176081148145242,1.0,0.7,0.7,37,0.2061010623554576,0.1740624608977085
16,21,0.23176050472555854,0.638543665254473,0.6556510678936545,0.3177819901740111,0.0720894272816049,0.06408080342267856,0.00085093935101485,0.001128398720768,1.0,0.7,0.7,39,0.1922851234348708,0.1528969875464153
16,22,0.2110134155994994,0.6045509806598804,0.6167947927003059,0.30099846565844285,0.3170737028738946,0.06624712693271465,0.0011431689376415,0.00233362139955703,1.0,0.7,0.7,40,0.1790885403656553,0.1186470059159768
16,23,0.19466506874404077,0.5778010755400443,0.5887719477647623,0.28536692778737777,0.23863447124703663,0.06455771191162123,0.00082434441084177,0.0027574508575591,1.0,0.7,0.7,41,0.1632112196236604,0.1263545659113535
16,24,0.19409029127869692,0.575921939574251,0.5896275758538876,0.29006857028737915,0.1135530970811985,0.06763629401908454,0.0007948735289142099,0.00259920660803215,1.0,0.7,0.7,42,0.1412645474464669,0.1140715149009534
16,25,0.19080603945076935,0.5711899602801419,0.5876300405880152,0.30284103142829905,0.09153911225910716,0.0677049852942643,0.0008054655293730501,0.00263384205201592,1.0,0.7,0.7,44,0.1385421782683971,0.1120247516093884
16,26,0.18872452783974847,0.5693839430321332,0.5887480657893129,0.2953240905617972,0.07817657132246147,0.0672632664953681,0.0008254962942802,0.00222002669648423,1.0,0.7,0.7,46,0.1390237504968861,0.1158024328082052
16,27,0.18748469441994728,0.5677957903312251,0.5871222234169654,0.2911179305074721,0.0736818271550934,0.06662057330455068,0.0008359779222810299,0.0019222384880400502,1.0,0.7,0.7,47,0.1413833890260607,0.1165912144615301
16,28,0.18589008347540706,0.567421882159569,0.58977566002081,0.3115777555355294,0.07073165618439804,0.0654164010731047,0.0008226426643461,0.0017633946275113,1.0,0.7,0.7,48,0.1413337714755153,0.114358380116363
16,29,0.18604235207193642,0.5669885056876983,0.5892792768763861,0.3115922132680288,0.07660882305411733,0.06617133745163332,0.0008343670353000701,0.0018305080998538299,1.0,0.7,0.7,49,0.139489564876404,0.1214175831001172
16,30,0.1847123993637887,0.5658213711110334,0.5910269591474953,0.3302325888545067,0.07284717599659278,0.06613471669940271,0.00082016468290841,0.00204559591600822,1.0,0.7,0.7,53,0.1452032041693925,0.1151649818317192
16,31,0.1800909777761904,0.554134660316847,0.5728005307253775,0.3238947999569276,0.1271017047561723,0.0649128067110382,0.00107902057867815,0.00323530014779317,1.0,0.7,0.7,54,0.1356814616904105,0.1235369720861874
16,32,0.1782187219721221,0.5517473665121119,0.5732658661682422,0.34581007483686277,0.0735131833390404,0.06519946283333079,0.0009482225485817799,0.00311620296746945,1.0,0.7,0.7,59,0.1277890037831107,0.1211685083529381
16,33,0.17927846069661835,0.5541276590882793,0.5786865129450417,0.343771190889897,0.06997296414864941,0.06664514810247445,0.00075247338890811,0.00292186186393682,1.0,0.7,0.7,61,0.1183008755250962,0.1169562041592378
16,34,0.17770133998341037,0.55794033499587,0.594666546122412,0.3769577661250122,0.06961212697191121,0.06539877025269278,0.0008819290372648701,0.00295021182335066,1.0,0.7,0.7,65,0.1462071659219316,0.092509677750747
16,35,0.17751804400311558,0.5575860622160281,0.5942951067050728,0.3799013011479689,0.07040200961113109,0.06539947436668289,0.00088065806214455,0.00292853799360466,1.0,0.7,0.7,66,0.1449617733085936,0.0940630430369964
16,36,0.17738741507384412,0.5562412772192921,0.5928290431386456,0.3882809861146128,0.08562345914797412,0.06637868087412005,0.00097734772159025,0.00293273144865736,1.0,0.7,0.7,67,0.1224334864845843,0.1130314929592273
16,37,0.17388794064773236,0.5477797624642067,0.5751502773599644,0.37321539055653485,0.07406507428107122,0.06377901531545663,0.0009923278174608099,0.00243274009217311,1.0,0.7,0.7,68,0.1571378067687148,0.119888931647594
16,38,0.1741711273454301,0.5519119027160485,0.5883893605179433,0.39810644398925654,0.06839106227477526,0.064892659181907,0.0009361246664093501,0.00202362531524224,1.0,0.7,0.7,73,0.1476592666741186,0.1335522483571066
16,39,0.1745624342712667,0.5551435436753078,0.5977195348622434,0.4082943540767072,0.06768727296936992,0.06493925172331147,0.00090183919585645,0.00265468648427801,1.0,0.7,0.7,77,0.1165158313112806,0.1206405941770244
16,40,0.17466089239132668,0.554888266703622,0.5974293970795834,0.4206942879638181,0.06944157895890615,0.06494716774574606,0.00089691809408564,0.0032662308682718097,1.0,0.7,0.7,80,0.1301744916890624,0.1222382978324313
16,41,0.17275103697503338,0.5515579810427873,0.5939600739923039,0.4308497487510751,0.07358429940658426,0.06470126133968174,0.0009802529402108602,0.0026984404181847,1.0,0.7,0.7,83,0.1180701922901147,0.1309692904652127
16,42,0.17113502538950054,0.5479676657115179,0.5901787295498182,0.4318245198278801,0.09346191889647111,0.06486897578294283,0.00100847760631906,0.00269062593552487,1.0,0.7,0.7,84,0.1277252281583724,0.1258794646145424
16,43,0.17072900159036006,0.5476350791070491,0.5927665568420939,0.43388164749922753,0.08642628933051588,0.0653073328907148,0.00106676318997952,0.0031880645488888103,1.0,0.7,0.7,85,0.1280773340553534,0.1264439099447658
16,44,0.17012572708495052,0.5468430486189988,0.5919565588823965,0.4399309416457237,0.07020770559040729,0.064779239311471,0.0010320287831887501,0.0033527516468647898,1.0,0.7,0.7,86,0.1394506407176975,0.1247454922925217
16,45,0.16824151053333966,0.5440706517032193,0.5920154582178957,0.4370349057978424,0.09817898958565786,0.0647531332659406,0.00101992175680363,0.0036137080741060596,1.0,0.7,0.7,87,0.1250325788382237,0.1246214524623402
16,46,0.1669813945530258,0.5407333272556385,0.5884835733096415,0.4385378684177445,0.07736744386734437,0.06521966298956423,0.00106954119322971,0.0036173317169085097,1.0,0.7,0.7,90,0.1271838781191481,0.1339838469385227
16,47,0.16519995412271965,0.5388215466473191,0.589479097776868,0.45539880175487024,0.07786237670565548,0.06492155682145184,0.00100620546815896,0.0034031218028237804,1.0,0.7,0.7,92,0.1214519513100425,0.1300875299940284
16,48,0.1630651075617647,0.5377199444956341,0.5913915069193254,0.4692959643297627,0.06798457862759696,0.0635050633316058,0.00105081679187123,0.0028261555184760203,1.0,0.7,0.7,95,0.1214825924882245,0.1320068372245046
16,49,0.16247289947656912,0.5407178923985683,0.603476704411724,0.5142048130073981,0.06735497128682781,0.06350990834048427,0.00104734927737903,0.0028827825779503503,1.0,0.7,0.7,104,0.1193299825574525,0.128088231737331
16,50,0.1623757514325114,0.5302546936281215,0.5716280968883599,0.3821356316789989,0.06665850578220762,0.06351032850427349,0.0010507676573258801,0.00291230066711568,1.0,0.7,0.7,109,0.119148662270636,0.1271773107380207
16,51,0.8601419968794635,1.230702782738822,1.278160807572248,1.1196190412419775,0.7651145315989949,0.06350135819623899,0.00105494782652338,1.0,1.0,0.7,0.7,112,0.1200933097297406,0.1301537191393491
16,52,0.1619586732505249,0.5338907326437299,0.5843938424783444,0.43064234098619353,0.06659299865820201,0.06350371826139717,0.00107380863045024,0.0026732588617592997,1.0,0.7,0.7,115,0.1213101532117702,0.1280586373980399
16,53,0.16206880089035894,0.5324789485814846,0.5799232683813679,0.40958654928449145,0.06767041548916529,0.06350895012614345,0.001046154004971,0.00292189655084777,1.0,0.7,0.7,116,0.1213521640365282,0.1292651785168808
16,54,0.1609828413611778,0.5413812126666769,0.6130976056267848,0.5618141497357626,0.07673256320168631,0.06361284748956954,0.0010684585170857301,0.00309772970619311,1.0,0.7,0.7,118,0.1249300357834958,0.1274018173989935
16,55,0.16093348445729605,0.5515062773699981,0.6445906598023091,0.6795988814835462,0.06651960740552469,0.06361230102057049,0.00105632372603731,0.00308571635590616,1.0,0.7,0.7,148,0.1246265545910266,0.1272967217378599
16,56,0.1608459070437552,0.5498470413835931,0.6398682188086776,0.6829828346366607,0.06792270195413311,0.06362231984384245,0.0010598751600587,0.00306771303484081,1.0,0.7,0.7,149,0.1247502260803481,0.1275098743287997
16,57,0.16076091049590943,0.5510988806662773,0.6441620990929908,0.7039249345607496,0.06685958940316579,0.06361252475103177,0.0010569207279037501,0.00309937403693695,1.0,0.7,0.7,153,0.1246018776953087,0.1272938810598871
16,58,0.16074223715594174,0.5642021181046014,0.6847421194435549,0.8115713860243774,0.06653518000164366,0.06361520239412577,0.0010572262141519601,0.0030820247563032098,1.0,0.7,0.7,167,0.1245141794707559,0.127371708801824
17,0,0.9820457047907065,0.9953379296247022,0.995101800302469,0.4010150674473795,0.0,0.0,0.0,0.0,1.0,0.7,0.7,1,0.7710813553123045,1.1409830227740263
17,1,0.8811450211507893,1.0124086383874424,1.006688915594597,0.4381245344449401,0.3973096382208895,0.06649819652410462,1.36787395305e-05,1.6258633290690002e-05,1.0,0.7,0.7,2,1.0195613150869516,0.9459458579805184
17,2,0.8154553113415892,0.9943597355740778,0.9905505191467998,0.42852500758450496,0.22508098686971237,0.06954108567512766,2.2064129052280002e-05,2.101016552672e-05,1.0,0.7,0.7,3,0.8204122318812203,0.8508294398137738
17,3,0.7160712834315239,0.9566436643942778,0.9510275993018478,0.4080952493402838,0.19048905139562575,0.06649367004352545,0.00031864377481911996,0.00116343530475769,1.0,0.7,0.7,5,0.6827347150792389,0.5631607278388268
17,4,0.7160313475089637,0.9595392870331974,0.9600288765401773,0.42312968585915006,0.06753798546158807,0.06648187199901537,0.00031810723346471,0.0011636629012032299,1.0,0.7,0.7,9,0.6823023855464573,0.562660237917647
17,5,0.6293225357935041,0.9219961819161794,0.9175830035004812,0.4063768654897434,0.320605389556913,0.06664635264245676,0.00049032399702013,0.0013813807213361,1.0,0.7,0.7,10,0.5874247143211363,0.4422433347860587
17,6,0.624556710086447,0.9233897097073991,0.9218190329256543,0.40916695370074935,0.08130617253478027,0.07193926663066703,6.949596948316e-05,8.729041130133e-05,1.0,0.7,0.7,13,0.6591264111182993,0.6280535585839926
17,7,0.5158868723222005,0.8639063645465228,0.8629740036232852,0.3697183082499093,0.3884701604406025,0.058683038006960474,7.233202009093e-05,7.475811398223e-05,1.0,0.7,0.7,14,0.3829679091648865,0.3733092399612848
17,8,0.44948690320112045,0.8291572564581627,0.828979045672306,0.36094138290985217,0.22389479346848004,0.06771068434886676,0.00017070203531102999,0.00019919053755745,1.0,0.7,0.7,16,0.4098395191280735,0.3335694408841652
17,9,0.41466171380616673,0.8058987880455272,0.8012101620852211,0.34809959405551477,0.27366992746885227,0.07482115892933919,8.601075962144001e-05,9.101674727293e-05,1.0,0.7,0.7,17,0.4416454575835881,0.3472539374177834
17,10,0.31773555269496967,0.7250707192292857,0.7196749637577523,0.2963825097367933,0.5797607721174295,0.06677673396567398,8.926588855765e-05,9.08830821897e-05,1.0,0.7,0.7,18,0.2832243760596211,0.2126414635100424
17,11,0.22199442200279573,0.6092264570823042,0.6006650542616241,0.22712632053393278,0.4948455834075079,0.07209634661842092,0.00020871950776497997,0.00020668451026075997,1.0,0.7,0.7,20,0.1689051263983595,0.1169461238018142
17,12,0.2179906223899996,0.6024778947830249,0.5935300767209599,0.22954317776505762,0.09962698392513163,0.07298258395290722,0.00020249745610532,0.00020564847495527003,1.0,0.7,0.7,22,0.1621439181887177,0.102353770387429
17,13,0.21540070731598246,0.6008728296164889,0.5949150236091492,0.2328313143706162,0.07568084694592783,0.07116904261750977,0.00020109478065339,0.00019942400256833998,1.0,0.7,0.7,24,0.1636104135496341,0.1003210230610073
17,14,0.18430051663767033,0.5433939256411314,0.5314938398871442,0.20836557582612936,0.46569541578916235,0.07214313353480176,0.00022714718910026,0.00024879955412832,1.0,0.7,0.7,25,0.1484258222365774,0.1170992742220672
17,15,0.179929672117885,0.5331260819000048,0.5235397917484722,0.2035626490376928,0.17714408245303084,0.07498661781193837,0.00025117280635198,0.00026320819480699,1.0,0.7,0.7,26,0.1264618849187443,0.0996250559742859
17,16,0.17583052090388343,0.5234918534549877,0.5104706292162224,0.2007240216790386,0.12550470896448623,0.0744088921656636,0.00020981511424045,0.00022208192752532998,1.0,0.7,0.7,27,0.1290379234753707,0.1001350527083812
17,17,0.17271878498787616,0.5151723338534137,0.5045869418855202,0.19798258708424848,0.16114029147095205,0.07673578544184914,0.00026692844590234,0.00028185774506086,1.0,0.7,0.7,28,0.1182844970061813,0.1026762991448086
17,18,0.16684207846919882,0.5036563279119026,0.4925621276636845,0.18900830696156326,0.14563941539179412,0.07523968115855303,0.00027419248368016,0.00031223602607782,1.0,0.7,0.7,29,0.1202887367773126,0.1016658812110893
17,19,0.16198295069845325,0.4976304558173583,0.49228356791375927,0.19518236233199365,0.12304702402587218,0.07344986788112419,0.00022614507139653,0.0002624580384307,1.0,0.7,0.7,30,0.1154515596771054,0.0819243493628625
17,20,0.16176217603936585,0.49538694321196297,0.4869304894598354,0.21130781900323806,0.07642301637785094,0.07370723210903111,0.00026452755962802,0.00032901277927618996,1.0,0.7,0.7,34,0.1152351973731439,0.0789900234592506
17,21,0.1547038492847965,0.4768481312004871,0.4703708344877243,0.18947753305176923,0.21911134542631294,0.07480673496680287,0.0003814834488019,0.00036478633821929,1.0,0.7,0.7,35,0.0990727977350659,0.0988713887309657
17,22,0.15266775684485953,0.47043001402875795,0.46359737870560636,0.19840890034308767,0.0880103888142867,0.07534405705392574,0.00036178957304829003,0.00047108647079568,1.0,0.7,0.7,39,0.0988112727829358,0.0986422057612542
17,23,0.1479826596952147,0.46023761751370446,0.4559051718083398,0.19607561236652393,0.11268456330741737,0.0746284412860695,0.00036013865606957,0.00044567413419788,1.0,0.7,0.7,41,0.0919158290979786,0.0840267696183526
17,24,0.14551567269574875,0.45528522506472713,0.45369736159144924,0.2161540256176771,0.08013452396731374,0.07428519404072739,0.00038916166219773996,0.00044975887765243995,1.0,0.7,0.7,49,0.0885567703465419,0.0804662106276019
17,25,0.1434239147058531,0.455109615117367,0.4654315886782289,0.2654044016113245,0.07721971087133449,0.07426707725301931,0.00039134444618421,0.00041738117726428,1.0,0.7,0.7,67,0.0935694521159335,0.0868377464555558
17,26,0.14110976846816964,0.4533468212323589,0.47842233051391825,0.33637113736102653,0.08556605326034133,0.07538406643481473,0.00030950905877630004,0.00040142478271405,1.0,0.7,0.7,74,0.0932922666212219,0.0763575608748307
18,0,0.894781461743397,0.9714198456420128,0.9699723255128572,0.38571186211409253,0.0,0.0,0.0,0.0,1.0,0.7,0.7,1,1.1319011267674255,1.1404236274132091
18,1,0.9294912264408992,1.027236929777849,1.0222647719557043,0.4476363146983101,0.13076301182520272,0.0665651152203112,1.37142125416e-05,1.720653942626e-05,1.0,0.7,0.7,2,0.8198786211199626,0.9459458579805184
18,2,0.8081025975322215,0.9891645649981464,0.9852981979273995,0.4237368442352472,0.3305382839901042,0.06548514847366883,1.430152650539e-05,1.329253804882e-05,1.0,0.7,0.7,3,0.8229303506520839,0.8711847511841079
18,3,0.5755715350112028,0.8944842504248828,0.8857454638197458,0.3681448675572971,0.730175654818806,0.06664750060548388,0.00030434510215555,0.00024096820068856,1.0,0.7,0.7,4,0.7339834303961069,0.4200887858243118
18,4,0.569682730492719,0.8895424646938173,0.880756250986845,0.3650433801212004,0.06948042363357117,0.06271583218396308,0.00024724238376056,0.00019302133755851,1.0,0.7,0.7,5,0.7302802616298443,0.4487156717904841
18,5,0.4455499914597104,0.8203391860608178,0.8078563726054718,0.3258304306902684,0.5699191884559542,0.06659807658094205,0.00015343043659507002,0.00014824347373838998,1.0,0.7,0.7,6,0.5318279733845422,0.3567507614936696
18,6,0.4226824070788225,0.8068500641012537,0.7965722974019298,0.3216695230712206,0.1263182147924605,0.06820476058576991,0.00031864662866094,0.00025426073873739,1.0,0.7,0.7,8,0.4556995222815646,0.3008673903452438
18,7,0.4193887629059115,0.803957805359153,0.7936321000855099,0.32105998425305055,0.07318514422769347,0.06633259511626445,0.00026154391026595,0.00020631387560732998,1.0,0.7,0.7,9,0.4490416988934683,0.3161169875714796
18,8,0.28357259974263765,0.6849222466538823,0.6684526864953365,0.24995102320754647,0.9051246744933623,0.06870192759905776,0.00016899277347652,0.00016270787060171,1.0,0.7,0.7,10,0.2957728702248158,0.1778094163873544
18,9,0.2843698522111866,0.6855964213078175,0.6690682436591192,0.25319212910918437,0.07874390677523399,0.07051570784121768,0.00018071595159329,0.00017645441162187,1.0,0.7,0.7,11,0.3007471754384018,0.188083191991598
18,10,0.2697557389903687,0.6700731832287998,0.6557184949341175,0.2446226396638372,0.19097670134715344,0.0708964784397064,0.00018249712576704,0.00018089717688746,1.0,0.7,0.7,12,0.2560718822303179,0.1646079325078745
18,11,0.2616212358726301,0.6623316247506703,0.650723132052174,0.2444554479147576,0.0888660838871456,0.06776442746588926,0.00017633715105673,0.00017345760190456998,1.0,0.7,0.7,14,0.2582007219334274,0.1581430635378616
18,12,0.25900016492543854,0.6602727057967319,0.6514807046537765,0.24852985553239493,0.07989118759625728,0.06888440395478447,0.00020068044775757,0.00019703259330186001,1.0,0.7,0.7,17,0.2555407611752257,0.1502492066077497
18,13,0.2550302249748648,0.6531052012388804,0.6380740330894314,0.2548361080982584,0.07769266597068564,0.06720760072188312,0.00025312836131832,0.00022159577075379,1.0,0.7,0.7,19,0.2940109963883218,0.1557755841572946
18,14,0.2456540121242194,0.6421313969376593,0.6295236146319374,0.25323064254897426,0.1092742905676468,0.06720760072188312,0.00025312836131832,0.00022159577075379,1.0,0.7,0.7,21,0.2940952210756865,0.1560049167740824
18,15,0.24511127190351695,0.6414116579248855,0.6287674229991064,0.2527682294250786,0.07249125491350558,0.06720760072188312,0.00025312836131832,0.00022159577075379,1.0,0.7,0.7,22,0.298220608386388,0.1601998446260366
18,16,0.23670097223488326,0.6311660172495266,0.6209365924967511,0.2521519820055059,0.15553670022506386,0.06809568474496702,0.00026227159596373,0.00022674538076427,1.0,0.7,0.7,23,0.2943575667508049,0.1565353421212552
18,17,0.23213685866436626,0.6174429565002426,0.6028437253408967,0.25074380625751397,0.26666354677615495,0.08178690515572018,0.00027257581224136997,0.00027802649518012,1.0,0.7,0.7,24,0.2600515274144101,0.1187150924548024
18,18,0.18185057162713955,0.533808424806758,0.515377999373459,0.1961746668478663,0.5901276518216824,0.07374297836745138,0.00031021932536427,0.00031995122517082,1.0,0.7,0.7,25,0.2501821270427354,0.1027224948018884
18,19,0.1784103229416154,0.5208328381273858,0.5014879088504127,0.19462794571353276,0.20370970653368622,0.07885149603875598,0.00028788719376092003,0.00030318866605388,1.0,0.7,0.7,26,0.2240025534516898,0.1032235825297371
18,20,0.16473358356247225,0.4957129211286716,0.4753350313270746,0.18178853002262416,0.14487261212872393,0.07416706279734984,0.00027080125271933,0.00026350512258712,1.0,0.7,0.7,28,0.196232136455956,0.1063557817742528
18,21,0.16504823060741963,0.4953464845586942,0.4749094175675163,0.1796921830246371,0.0833229843267474,0.07497071971259242,0.00027003098732714,0.00026187384413805,1.0,0.7,0.7,29,0.1969981084859986,0.1070712849478038
18,22,0.16959997264882573,0.4957240591023965,0.4778520045326517,0.1912963225417382,0.15082460458825422,0.0835155396639098,0.00026037694935074,0.00028679061038867,1.0,0.7,0.7,30,0.1889613232411625,0.1125608674376026
18,23,0.16052519712108929,0.4855513741875305,0.4705184412946199,0.18833613362081156,0.09080530248263902,0.07613375889015594,0.00025463454555787,0.0002567051295949,1.0,0.7,0.7,32,0.1802700436284685,0.100525468776571
18,24,0.16736296889858204,0.49275741664624095,0.48068585819242493,0.20938206622348132,0.0871740886935214,0.08366659171448754,0.00026143773856997,0.00028548317581583,1.0,0.7,0.7,36,0.1888087240316555,0.113534933981453
18,25,0.15835256658354754,0.4830478947420725,0.4709178671521031,0.2506847673010984,0.07629075001480079,0.0751268556258752,0.00026144566689709003,0.00026270876797864997,1.0,0.7,0.7,46,0.1800052326693911,0.100950414489715
18,26,0.15895030489639814,0.4849102719214207,0.47581709125052646,0.2742925912539483,0.07842512315091435,0.07585131397076672,0.00026033710740129003,0.00026342275625767,1.0,0.7,0.7,47,0.1802589269129431,0.101027838500997
18,27,0.1427381275202635,0.45888885901944293,0.45192801477789185,0.2279262877732475,0.09824161436425528,0.06649031553212569,0.00030346556264073,0.00030712346751071,1.0,0.7,0.7,51,0.1426921880635691,0.0846485738057441
18,28,0.13535964706265932,0.44497878464473933,0.44631931867051927,0.23731613443529448,0.08894491028375306,0.06510017870039256,0.00032786032884851,0.00034127174392833,1.0,0.7,0.7,56,0.1215806203677204,0.0808636887324016
18,29,0.1360131633687529,0.4425355662591456,0.443637936901173,0.2425026599435229,0.08405428284832836,0.06733537584932354,0.00033351871931786004,0.00037058879006494,1.0,0.7,0.7,58,0.1229055168585029,0.0844358613215083
18,30,0.13181947409240155,0.43722164026975524,0.43823846397470845,0.2407639977555719,0.07583127119660595,0.06374590614747733,0.0003257793047905,0.0003273576464257,1.0,0.7,0.7,59,0.1177844598932411,0.0825137240762282
18,31,0.13339608001457698,0.4371935558073318,0.4351456331341109,0.25366165430706133,0.06760571616273628,0.06539984644259504,0.00032553030558440997,0.000338302325418,1.0,0.7,0.7,60,0.1194749648333044,0.0975024073504632
18,32,0.12855078024476072,0.43084178125691747,0.43750934035081873,0.2545400898301014,0.0939499191084437,0.06339965289836562,0.00035069787170986,0.00036075406175676997,1.0,0.7,0.7,62,0.1150926868991888,0.1029566762546317
18,33,0.1273843553715602,0.42937498638245053,0.4360200278724426,0.25867176911459905,0.0659397189994266,0.06234884800055548,0.00036760026190721,0.00038470492648687,1.0,0.7,0.7,63,0.1068204221744325,0.0999851617225101
18,34,0.12632408534858358,0.42848777380964337,0.4380896925757164,0.26008685643690643,0.0755241151915366,0.061923668669229784,0.00035397662780775,0.00036752066817376,1.0,0.7,0.7,64,0.1088246359025769,0.0999415809593191
18,35,0.13191461408210292,0.43212279094380496,0.43863456136696793,0.26605726692129594,0.07077931086972329,0.06776837285133142,0.00035746415267854,0.00033720033434854,1.0,0.7,0.7,66,0.0920230224570157,0.1016369725620359
18,36,0.13049593609573848,0.4314569362481766,0.44096917824949644,0.276004400857094,0.07074801647728535,0.0666862470275317,0.00035253976764559,0.0003364744601682,1.0,0.7,0.7,68,0.0942223236011269,0.100639789069419
18,37,0.13068965401791155,0.4291852332241563,0.43851454300140236,0.2873429907798464,0.07473318305090768,0.06798237588666793,0.00038694787509503003,0.00036510012489932,1.0,0.7,0.7,72,0.0867551742684888,0.0942620365351108
18,38,0.1279260160056574,0.41928865939269844,0.4280950740700683,0.28424152759452304,0.14010098431193518,0.06841148421216461,0.00038197277453574,0.00036839984924505996,1.0,0.7,0.7,73,0.0902715907054727,0.0995525784988952
18,39,0.12603157181942115,0.41522261717663617,0.42387161814159763,0.2870553803237625,0.08940460722934994,0.06744899721969363,0.00039277985987938997,0.00036420033521835,1.0,0.7,0.7,74,0.0844325877404088,0.0936770193649797
18,40,0.12644673647004798,0.4146837990259945,0.4232637050772932,0.29048515662828994,0.07353615229492226,0.06827030381882426,0.0003986745687571,0.00036406638057711997,1.0,0.7,0.7,76,0.0796490358266569,0.0950518670780215
18,41,0.1245897257174308,0.41156874871267946,0.4200582162637905,0.29386973172734954,0.07972282098525586,0.06693252502097237,0.00039999414631591005,0.00037479966657273997,1.0,0.7,0.7,77,0.0833051387086289,0.0977041231145322
18,42,0.12099632708229141,0.40436922974558726,0.41260033221681397,0.30717600152767094,0.07709862491642033,0.06479692584675893,0.00044490774922891,0.00038351222386016003,1.0,0.7,0.7,80,0.0793392821747205,0.1178900339966722
18,43,0.12096571972477912,0.40718234003672443,0.4215142844908945,0.33470934563837934,0.06552222103645716,0.06479692589699859,0.00044490774865513,0.00038351222370737,1.0,0.7,0.7,85,0.0795415826058414,0.1181295948319429
18,44,0.12093748727442662,0.4083663710169801,0.4257337817818347,0.3438182098004778,0.06784911492777165,0.06487960909954851,0.00043890065172991005,0.0003752763883752,1.0,0.7,0.7,86,0.0793731619201663,0.1160601190370068
18,45,0.12632312612868363,0.41058741590380493,0.436580558421435,0.3514790857526959,0.1101374365932808,0.07317042410426215,0.00058932564030093,0.000349474508038,1.0,0.7,0.7,88,0.0753584929202098,0.0811378271966049
18,46,0.12223834183292569,0.401276749925286,0.42395344609448665,0.336240809847558,0.10701486947330827,0.07045642240899273,0.0006832736986881599,0.00034464091272052,1.0,0.7,0.7,89,0.2856880581326127,0.0908177141397444
18,47,0.12391740461976704,0.4035272086159287,0.42919518346888597,0.3504174837413662,0.07599591103171792,0.07228293875555238,0.00093600209750272,0.00035665661498563,1.0,0.7,0.7,92,0.1236620036346617,0.0818113599474677
18,48,0.12311953803185763,0.39991137240136276,0.4253839567199979,0.35166730427282694,0.10001403777948087,0.0726550287729847,0.0007372884903931499,0.00036976603332843,1.0,0.7,0.7,93,0.0789288223253276,0.0913929337788898
18,49,0.12255626179846915,0.39892416710189765,0.42731982644346106,0.3596116490818217,0.08239877488704782,0.07263584292350853,0.00093677259471275,0.00037003136822158,1.0,0.7,0.7,95,0.1071295657169368,0.0891038770392571
18,50,0.12211134532857218,0.3983200739728774,0.42670476979747496,0.35908500126376763,0.07465468944033597,0.07225712690017141,0.0009290182577733,0.00036511780144703003,1.0,0.7,0.7,96,0.1075490640340609,0.0891572524285187
18,51,0.12271064094669117,0.4001160058457209,0.43153570216789255,0.36903954871986683,0.07631997808885893,0.0729027919756434,0.00097708689061657,0.00038595578163459,1.0,0.7,0.7,97,0.1097504889752356,0.0922694481570219
18,52,0.12297546472385021,0.40303467439003815,0.4405422189771383,0.4178563418289033,0.07453650284782921,0.07331442413775227,0.0009363404346542301,0.00035607687164672,1.0,0.7,0.7,105,0.1114813792812889,0.0856224474194005
18,53,0.11897487527201474,0.39389429693360056,0.43104985527721135,0.41121455793596096,0.11989178923952057,0.07111047337189763,0.00094187508610353,0.00036979849092671,1.0,0.7,0.7,106,0.1039546684419963,0.1009082041205639
18,54,0.1186771028700825,0.39449999646453815,0.43467065993481546,0.4106357525093425,0.07453188413937252,0.07101274969556967,0.00093694958477016,0.0003664941632369,1.0,0.7,0.7,108,0.1018308710403359,0.0999975795201027
18,55,0.11867710287049592,0.39595933734571226,0.43918308606312784,0.4301280473120906,0.07192523828337109,0.07101274969615168,0.00093694958480375,0.00036649416326309,1.0,0.7,0.7,110,0.1018308710286691,0.0999975795321976
18,56,0.11818986881164545,0.3953979706184077,0.43861652783906885,0.43639905539760737,0.07223134321829668,0.0705379315523905,0.00096115513663615,0.00036516973510352,1.0,0.7,0.7,111,0.1094264787717432,0.0871707978741287
18,57,0.11830698402444316,0.39450654320827105,0.437656711901189,0.43598756892687035,0.08113311806937412,0.07101274971234457,0.00093694958573827,0.0003664941639917,1.0,0.7,0.7,112,0.1025127911492315,0.1011379905720618
18,58,0.11822902389096876,0.3956598580615782,0.44184763066670163,0.45587763187413555,0.0740327072007589,0.07101274971234456,0.00093694958573827,0.0003664941639917,1.0,0.7,0.7,113,0.1035828915844083,0.1027036541000982
18,59,0.11642592200273974,0.3959678748082097,0.45116116730921285,0.6585418084867,0.07133650905496924,0.05460114433853922,0.02281000490597159,0.00046154876937109997,1.0,0.7,0.7,160,0.3382687988234442,0.1031135628974027
18,60,0.11490036553159218,0.3937100221099345,0.4488537433286943,0.6926885546642498,0.0705775994709403,0.053317674002579175,0.02281784047204902,0.00045999559351535995,1.0,0.7,0.7,167,0.3344510371652338,0.103677247799391
18,61,0.11497894981823134,0.39236793118542096,0.45037052387102705,0.6839755908706495,0.08385751020366818,0.05369465924908643,0.02379086307114952,0.00042494961878621003,1.0,0.7,0.7,169,0.4284062395394394,0.1059406793082552
18,62,0.11408067118569151,0.3900416674841508,0.4479482924151294,0.693237399483192,0.08327684429884202,0.05324818512056476,0.02381082131915417,0.00042663925053822003,1.0,0.7,0.7,170,0.3714551654391473,0.1108338079411731
18,63,0.12617832766535197,0.3977239172814377,0.4553352057301158,0.7064939629449128,0.10382576346911929,0.06694920754246046,0.02331760232776827,0.00065217700475465,1.0,0.7,0.7,172,0.1696669154213961,0.1094583981005087
18,64,0.12632050616205082,0.40365400988590483,0.47347438337366776,0.8089623767327032,0.08390630227974948,0.06710298665373335,0.0233268376293334,0.0006487112408238101,1.0,0.7,0.7,194,0.1873026416242982,0.1103810319419823
18,65,0.11712255495828437,0.3927502556673386,0.4595011112466055,0.7996345195985719,0.07588236304997434,0.05811158639984065,0.023285448461158008,0.00050617219553011,1.0,0.7,0.7,196,0.165297037859707,0.1105620474699066
18,66,0.12456556023359354,0.39797301847840527,0.4645762138573841,0.8132127457460414,0.09295186038087337,0.06612490249014785,0.02332306283780568,0.00064698589678702,1.0,0.7,0.7,198,0.1802356957214503,0.1128234962377
18,67,0.12408135854254068,0.398823692646729,0.4684717202146041,0.8240359918836775,0.0830207518783597,0.06570732093002386,0.023316848986336063,0.0006132691269781,1.0,0.7,0.7,200,0.1761250085675058,0.1119193599200261
19,0,0.9676662996970867,0.9915435898926126,0.9911152715360734,0.39858734002994545,0.0,0.0,0.0,0.0,1.0,0.7,0.7,1,0.8325848833945076,1.1236779901727956
19,1,0.9103488963916068,1.0215477432230422,1.0162827639202017,0.4440298811574437,0.30942411353723254,0.06665960942760321,1.360000105096e-05,1.4737130392139998e-05,1.0,0.7,0.7,2,0.8994356070069781,0.9459458579805184
19,2,0.8674440732136995,1.0054867964454777,0.9996082036837448,0.4329800049407305,0.14625051898519548,0.06272321099366322,7.588481145484599e-06,8.452061756554426e-06,1.0,0.7,0.7,3,0.8399482809289928,0.9332508381606074
19,3,0.6152837745911532,0.9134631706474539,0.9056883718425746,0.38026761297660294,0.7405831965751932,0.06658999050133291,0.00028563177546658,0.00026378408201974,1.0,0.7,0.7,4,0.5826353338905468,0.4353036609365778
19,4,0.4572789537716945,0.8279661692452751,0.8158663718812162,0.33073346380822516,0.3611947701923712,0.06663834939483353,0.00015228453569168001,0.00018449522291204,1.0,0.7,0.7,6,0.4522137407613086,0.3585948052551647
19,5,0.4354490225873791,0.8151000349958556,0.8053264212370848,0.3334797190340706,0.11636984322694711,0.06667233271707655,0.00014862594234351002,0.00017804518811436002,1.0,0.7,0.7,8,0.440900545300156,0.3194726734259888
19,6,0.29556900354002236,0.6979285378250614,0.6820722674255598,0.2616170729672827,0.4837603447145571,0.06957012525791373,0.0001707061135239,0.00020205744766688003,1.0,0.7,0.7,10,0.2420364137287806,0.1816476359573185
19,7,0.29569743078996147,0.6980430434394996,0.6821755263838747,0.2618115205912013,0.07169853051083572,0.06991479316752722,0.00016484981934315,0.00019639444091837,1.0,0.7,0.7,11,0.2450313485445696,0.1845298419282338
19,8,0.2581987837451372,0.6591309253924299,0.6502544037250019,0.2614815685282916,0.12871125352048982,0.06900743634864774,0.00042436792760371,0.00055052126552466,1.0,0.7,0.7,16,0.2971098611752507,0.2222598206774707
19,9,0.22031938987390104,0.606415413749191,0.5948461647617802,0.2402442063780787,0.16178988698518584,0.06888370683910032,0.00072472411918625,0.00107270932810471,1.0,0.7,0.7,20,0.1797140404479859,0.1473753206176638
19,10,0.22062283132903548,0.606463383450552,0.5948571005886395,0.2430199529918458,0.07597027888197369,0.06966821127701896,0.00072075084697017,0.00106897599581428,1.0,0.7,0.7,21,0.1803025376335476,0.146509970656518
19,11,0.2095628631700995,0.5919702446622935,0.5826989515662235,0.22895802277049107,0.17065775142096343,0.0680812862180681,0.00061947205956427,0.0009036606486127899,1.0,0.7,0.7,22,0.1677458640576641,0.1178956416650787
19,12,0.2008076522695834,0.578192304032857,0.5712024070114078,0.22591486884779025,0.11975435081347921,0.0680812862180681,0.00061947205956427,0.0009036606486127899,1.0,0.7,0.7,24,0.1627581548447839,0.1218603781936802
19,13,0.19900761985177032,0.5770498464199376,0.5730174654714911,0.2405626110181733,0.07490894134752195,0.06748103118551815,0.0005505019664308,0.00080933785263741,1.0,0.7,0.7,26,0.1621418960502295,0.1145033976593106
19,14,0.1973508449560642,0.5730102287895344,0.568697395713931,0.243915573067874,0.0794749158313669,0.06911806382342706,0.0005201112716149301,0.0006409187366729,1.0,0.7,0.7,30,0.2158316704638881,0.1297136850194272
19,15,0.1950177194947429,0.5700970889894281,0.5686033611178212,0.2594691897883132,0.10202085809848478,0.06926959658625138,0.0005573675006330301,0.0007410500043247899,1.0,0.7,0.7,31,0.2155251201062972,0.1416942007525344
19,16,0.19484197755360824,0.5712919467717671,0.5728413226582315,0.2724271466955475,0.0707873907439111,0.0692007836090574,0.00056945296632672,0.00073134582159992,1.0,0.7,0.7,33,0.2162566003617897,0.141001936541896
19,17,0.19740464410874023,0.5695003848606113,0.5647820752394517,0.25678021451699556,0.08541281919129531,0.07353390135704634,0.00057302574950892,0.00070312651586433,1.0,0.7,0.7,35,0.208584797171364,0.12696545554548
19,18,0.1926733681605784,0.5667142043835215,0.5679932616043747,0.26977560418903845,0.08574782265873919,0.06998829437781381,0.0005301012429914499,0.0007308861458061599,1.0,0.7,0.7,36,0.2015728037199287,0.1365077217651688
19,19,0.18939884935901313,0.5617427385947793,0.5657314667986098,0.27635993831599875,0.09455910505113278,0.07035274458599859,0.00051503334693004,0.0007256260412171199,1.0,0.7,0.7,38,0.1944208129079265,0.1427443106451466
19,20,0.18761070761872725,0.5581334600192861,0.5619278374464746,0.2811419667613638,0.0846975986674425,0.07075947221580439,0.00046162965221388996,0.00052407689256753,1.0,0.7,0.7,40,0.204662527629229,0.1266656643519682
19,21,0.18278062790011254,0.5510899092557685,0.5604597757505173,0.300636050459943,0.08640323208760084,0.07103901226172116,0.00065472495598308,0.0006687532140933499,1.0,0.7,0.7,45,0.2054023971997924,0.1315784878249944
19,22,0.18278015035310538,0.551088951741458,0.5604587714712373,0.2976680596477811,0.07197184156911933,0.07103901226172117,0.00065472495598332,0.0006687532140933499,1.0,0.7,0.7,46,0.2054025966619166,0.1315739635126513
19,23,0.18146861540539658,0.5489390097315167,0.5582241164036544,0.3079891803860116,0.08301018693108313,0.07062471135266335,0.00059074789933377,0.0006426706388124,1.0,0.7,0.7,47,0.2116010534192917,0.1298002390520619
19,24,0.18209226003889148,0.5508029557951372,0.5631191004786145,0.316849537580951,0.07533767264974237,0.07135447803223818,0.00068815955239525,0.0007029041863577401,1.0,0.7,0.7,48,0.2081285050776778,0.1333080549239261
19,25,0.16584231759441748,0.5319469335093491,0.5469132925020025,0.3077532045470885,0.0736743894272037,0.05789412397955538,0.00079787924918308,0.00216448226166349,1.0,0.7,0.7,52,0.2109872756730835,0.1589229601581385
19,26,0.17573889645588708,0.5437831196426534,0.564760325101486,0.34666776890167933,0.07336230094927874,0.069925414787166,0.00055565923656043,0.0006474924067293899,1.0,0.7,0.7,57,0.195099896819399,0.1392986162195754
19,27,0.17620624308692462,0.5413901777846027,0.5620923761563124,0.3462304758750869,0.11123596898285408,0.0717345986550599,0.00063736708892774,0.00231988616365559,1.0,0.7,0.7,58,0.208749742156178,0.1256302470098928
19,28,0.17538780850668506,0.5396871430078448,0.560305324643083,0.3544590254242686,0.08519910482207879,0.07164916720845277,0.0007033101891954199,0.00231354939864509,1.0,0.7,0.7,59,0.2126373977465203,0.1397596347420851
19,29,0.17459005009847445,0.5416896307517475,0.5684027720252961,0.3655122057106882,0.07344780276489823,0.07174367287347554,0.00064007701662422,0.0012493191492358301,1.0,0.7,0.7,63,0.207690875334128,0.1398685439913079
19,30,0.1745185222670507,0.5392656610051652,0.5628413810176384,0.3682914272689046,0.08523151757112171,0.07178075672147445,0.00067181125982694,0.00216492413305741,1.0,0.7,0.7,64,0.2024741385337175,0.1524324218186085
19,31,0.1725956911023828,0.5377059735240389,0.5642319247086384,0.38486837077694525,0.07628145765408542,0.07100298738959124,0.00069269347492338,0.00184389339856183,1.0,0.7,0.7,68,0.2565627199890084,0.1434467279451044
19,32,0.1721360312329978,0.5354845064143218,0.5618465251069957,0.3901008789374076,0.08494992550821337,0.07175442367156107,0.00069481232823179,0.0022189594094656198,1.0,0.7,0.7,70,0.2111973062088755,0.1502700441021081
19,33,0.17214647898343224,0.5382966206631655,0.5707540052408955,0.40552813099988194,0.07427142779262347,0.07177135122327823,0.00068930354152881,0.00235343330020495,1.0,0.7,0.7,74,0.2162833753348463,0.1506693477467463
19,34,0.17143466171167976,0.5371179198531252,0.5695321657080652,0.4198478848103822,0.07943924028946513,0.07169938960141191,0.00069983941715817,0.00197858446035963,1.0,0.7,0.7,75,0.2104882295395213,0.13959704008895
19,35,0.17092332823059148,0.5361533651250135,0.5685258532401619,0.4224164164960053,0.07911982482881313,0.07168064724987434,0.00065699906080909,0.00184826136971523,1.0,0.7,0.7,76,0.2057108814563764,0.1359072579712627
19,36,0.16983119355833454,0.5354181717394915,0.5707426194575911,0.4380806116170325,0.07782488730107212,0.07171561902722655,0.00067956251228477,0.00149347751952748,1.0,0.7,0.7,79,0.2253089427946526,0.1455604043456489
19,37,0.16966676019443783,0.5438278385469001,0.5974542130593068,0.5189792621196289,0.07336010548645584,0.0717302000544808,0.0006849971991408699,0.00144156841182956,1.0,0.7,0.7,95,0.2231750177362454,0.1415818877214694
19,38,0.1695064989894176,0.5433739643396224,0.5969735429155952,0.5603247505296821,0.0751179795663954,0.07168390057404965,0.0006910592720210499,0.0016093431124196,1.0,0.7,0.7,97,0.2229975198508512,0.141969968806959
19,39,0.16950647628155766,0.5492113496430282,0.6150233319995617,0.6076971605604834,0.07329423442358682,0.07168390059175535,0.00069106354339823,0.00160930630954229,1.0,0.7,0.7,105,0.2229974426149447,0.1419700005950167
19,40,0.17131848727876767,0.5363063810019499,0.5715761138116167,0.4259740025401191,0.07674084211957664,0.07337818133687528,0.00067380384823712,0.00193604708470043,1.0,0.7,0.7,106,0.2339908488255271,0.1374315029243018
19,41,0.16933750781160292,0.545937028656581,0.6056257926394616,0.6074625157240262,0.07337233772523113,0.07172798376667273,0.0006928557808803299,0.00151647986017476,1.0,0.7,0.7,114,0.2235267257654675,0.1458967372602299
19,42,0.1692594593603071,0.5501359611825279,0.6189748170281605,0.6765561379557691,0.07348614597848092,0.07172798546918742,0.00069581955497835,0.00151734469519834,1.0,0.7,0.7,120,0.223839417472737,0.1457806599829086
19,43,0.16923670503854768,0.5471735654944828,0.6099043149239445,0.6457995429020428,0.07333599041284143,0.07172797877441536,0.00069281416270613,0.0015117991990600901,1.0,0.7,0.7,124,0.2258310177300157,0.1464064720689331
20,0,0.9373666524196747,0.9833641018309789,0.982521477413188,0.39464838087810195,0.0,0.0,0.0,0.0,1.0,0.7,0.7,1,0.9670393397048834,1.1122423961471677
20,1,0.8952137838909522,1.0168953468665278,1.0113956758486387,0.4410481418439924,0.28497344709984035,0.06664179328539689,1.3380740019600002e-05,1.401881115371e-05,1.0,0.7,0.7,2,0.9619587853950056,0.9459458579805184
20,2,0.8038716115812499,0.9840040099888409,0.9801623406898726,0.4184013813743612,0.2497281203472483,0.05983204187221478,1.796816970712e-05,1.679865712987e-05,1.0,0.7,0.7,3,0.8114586851953092,0.8579811724216689
20,3,0.7537185620986597,0.9739434223469551,0.9689675295264464,0.42336674748844927,0.14937412651168241,0.07215498231172891,2.636307841002e-05,2.481039077496e-05,1.0,0.7,0.7,5,0.8841136183620589,0.7432246751699045
20,4,0.45805233116227506,0.8283280071256821,0.8162649711053999,0.33083438757003764,1.0310843214124175,0.0663017816108785,0.00015074192255946,0.00014646364752055,1.0,0.7,0.7,6,0.4660480347515193,0.3563938451458197
20,5,0.3811592542724527,0.774539603389086,0.7596461463432426,0.2999903746480535,0.2612222692613587,0.06844253513534176,0.00011671800262192,0.00011936194779951,1.0,0.7,0.7,8,0.4322589083904651,0.2337861611134989
20,6,0.30052449205462084,0.7031794094071563,0.6876102027132803,0.25867346734857116,0.32316841646498584,0.06919448731755119,0.00015894536907284002,0.00015436260315073,1.0,0.7,0.7,10,0.2749792717381993,0.1766773266731053
20,7,0.2908165148759139,0.6929586318244789,0.6769387855091075,0.2547918043694349,0.12942923767400497,0.06786270246496005,0.00016565573012676,0.00016042768979739,1.0,0.7,0.7,11,0.2544430404314183,0.1783438428096708
20,8,0.2827873430383592,0.6839227389040617,0.6673082932943915,0.2521520706005648,0.15247559792016996,0.07062324469074661,0.00012762613321782998,0.00011868582336578,1.0,0.7,0.7,12,0.2737669753572097,0.2432663184814729
20,9,0.26488169030771264,0.664279758468078,0.6496524626465434,0.24416765421850709,0.1430202613581921,0.07056588289196203,0.00012687997427429,0.00012188511010492,1.0,0.7,0.7,14,0.2624098887841334,0.2456835292265417
20,10,0.2613701154289302,0.6613725000753814,0.6495771263680348,0.25312571823913355,0.08566468375253825,0.07056588289196203,0.00012687997427429,0.00012188511010492,1.0,0.7,0.7,16,0.2737093256002104,0.2401025412115182
20,11,0.26373760736342716,0.6636731346436111,0.6518502967943347,0.2580300644241215,0.07562323373230591,0.07340826652393774,0.00012727435326669,0.00012238662226723,1.0,0.7,0.7,18,0.2635810160278212,0.242624460918385
20,12,0.25627565436201943,0.654370323654508,0.6421137205538466,0.2531149025247014,0.13154453843453662,0.07267044618931581,0.00012713175617034,0.00012204794159301,1.0,0.7,0.7,19,0.2522933351735085,0.237923654502301
20,13,0.24314432795493152,0.6517483464131829,0.6636606452950019,0.3753322975965978,0.06458772202201968,0.06153205387464752,0.0017731506514220602,0.00118149049358999,1.0,0.7,0.7,55,0.2421700909077544,0.3413173442162464
20,14,0.2407187218786396,0.649728902230968,0.6644758461124854,0.3734068432627953,0.06996675322110335,0.062345932120936455,0.00181092472578127,0.00117254721372726,1.0,0.7,0.7,57,0.2386303193483923,0.339476631214874
20,15,0.24069696670729698,0.6507982423264175,0.6685243998759474,0.3849082087857358,0.07842283114467256,0.06336814618103669,0.0018626941373827098,0.00118743267652734,1.0,0.7,0.7,59,0.2315987365209904,0.334948687684917
20,16,0.2416146232304845,0.654971639438179,0.6788715956998115,0.41487703719412455,0.0662857325928405,0.06336819700596587,0.00175468746134037,0.0011816639239052,1.0,0.7,0.7,66,0.2315870136470768,0.3349475450294676
20,17,0.2401604115079692,0.6515683147933737,0.6723173230301871,0.4254336225143629,0.06953360150817123,0.0633681968293755,0.0017381516865459402,0.00118158450206163,1.0,0.7,0.7,67,0.2315870791917882,0.3349478838771164
20,18,0.23963562009830403,0.6508229174685135,0.6715285078729245,0.4162346537298227,0.06752719014685615,0.0633678583566611,0.0018975498050144799,0.0011820352237695499,1.0,0.7,0.7,68,0.2321270208435647,0.3349693283576067
20,19,0.23866987557894537,0.6497882477295631,0.670480353036516,0.41559150427306146,0.06662082077120919,0.0626790469603899,0.0017823821373518002,0.00118345313605307,1.0,0.7,0.7,69,0.2310572498655656,0.3351057602894327
20,20,0.23688130000327645,0.6506639443202539,0.6774128289456222,0.44361493154368037,0.06477048297616873,0.061532126131065824,0.00184097154014735,0.0012381937227368398,1.0,0.7,0.7,71,0.2421808096194136,0.3413121121922162
20,21,0.9372669451452319,1.341879583565322,1.350230586443151,1.1105923486493747,0.7703492784696967,0.06447732127179324,1.0,0.00106828179141536,1.0,0.7,0.7,74,0.2339082128858565,0.3140692844476891
20,22,0.2383129898464016,0.6413348205258215,0.6466078299332568,0.41252126234784253,0.06830158889867433,0.06447803594152461,0.0017923655899517998,0.00128439685275024,1.0,0.7,0.7,76,0.23405853654147,0.3139471201392759
20,23,0.23776468269808,0.6436321577032921,0.6549975485443598,0.43003089327715366,0.06817083878766976,0.064049182807087,0.0019249882441352,0.00126567719300526,1.0,0.7,0.7,77,0.2340778007640153,0.3139269973608165
20,24,0.2376406423057306,0.6434326879483968,0.6547838827328579,0.45359520830151223,0.06658432125120253,0.06457180105881219,0.00180623994362584,0.00075346846459471,1.0,0.7,0.7,86,0.2341177557792004,0.3138891645738519
20,25,0.23741402569060405,0.6446459202008376,0.659046569450455,0.4502310717318484,0.06634250287117707,0.06439435455884933,0.0018240307945918198,0.00074087952248004,1.0,0.7,0.7,89,0.233783921844209,0.3137918137872191
20,26,0.23460496715888868,0.6548026544789328,0.6966496584968572,0.5692110706034442,0.06402651450542911,0.061422799305398276,0.0019291790296852,0.00151640600435498,1.0,0.7,0.7,111,0.2425218891164542,0.3415700399684778
20,27,0.23386597928772299,0.6523258228053592,0.6910679910625528,0.5851678218487393,0.069821098277645,0.06152477111094529,0.0018390167769323802,0.00146606608073825,1.0,0.7,0.7,114,0.2642495656618906,0.3420347981225398
20,28,0.9311018584394533,1.3504831804420112,1.392180066987824,1.289761090983911,0.7637647579573851,0.06142281212179136,1.0,0.00150872514887856,1.0,0.7,0.7,116,0.2425225811395506,0.3415700388592503
20,29,0.24174128927324154,0.6683238897586371,0.7252689898322049,0.6275570789258405,0.07369618195031466,0.07145182373288013,0.0018218912932978799,0.00090937575027183,1.0,0.7,0.7,123,0.237341177640872,0.3519727784037398
20,30,0.2321336059072092,0.658505434699013,0.7154126047156364,0.6300678198538945,0.06945955585945542,0.06187946737646512,0.0020603101529206,0.0013891948318331,1.0,0.7,0.7,124,0.237171583262579,0.3519661521645204
20,31,0.2317911158636616,0.6580213205894934,0.7149031633529493,0.6521539766401947,0.06773858945279188,0.06188452626949401,0.00209257126301021,0.0013723063024451598,1.0,0.7,0.7,125,0.2372065085033807,0.351981605105114
20,32,0.23187864151693888,0.6566799198462304,0.7105140800417665,0.6630875147728378,0.06432653750167394,0.06188452722908973,0.00210800400009758,0.00137231487074422,1.0,0.7,0.7,131,0.2372090118080925,0.3519816106004657
20,33,0.23162688461644387,0.6607089241406298,0.7236850579440632,0.7278268562908975,0.06441889355828112,0.06188453315070199,0.00209862096578723,0.00137228300499664,1.0,0.7,0.7,139,0.2371882711758779,0.3519816166149982
21,0,0.9638065568042571,0.9905157094140024,0.990035326328631,0.39792968717908206,0.0,0.0,0.0,0.0,1.0,0.7,0.7,1,0.8470116174265597,1.1275853735600732
21,1,0.9336826929503593,1.0285399818361274,1.0236295045275974,0.44850045840310604,0.2540798476658731,0.06664575223374816,1.378578817628e-05,2.337463604597e-05,1.0,0.7,0.7,2,0.8028940902906248,0.9459458579805184
21,2,0.8140057814749447,0.9985758522868766,0.9915233475635761,0.4376536722213404,0.37053898337767427,0.07875029055359282,0.00018158051074103001,0.00017803564920613,1.0,0.7,0.7,3,0.8766739680727305,0.9604005382227864
21,3,0.6503262647699091,0.9291706807619488,0.9221907808560459,0.39032164648233897,0.472638507515101,0.06662279823549619,0.00029855971069523,0.00022167494025540998,1.0,0.7,0.7,4,0.6802857366477669,0.7382608159951422
21,4,0.6444939680242522,0.9243738225687396,0.9173534542126881,0.387315355960615,0.06849745074790145,0.06270094805224705,0.00024090622778768,0.00017089035419947,1.0,0.7,0.7,5,0.6581527017570367,0.7232726032490759
21,5,0.6305828192328845,0.9385264988756752,0.9303143267162693,0.41096558828824653,0.26287972253820724,0.10042386805806305,0.00018512299461936,0.00017179282228539,1.0,0.7,0.7,6,0.6355365085855946,0.5696475948843295
21,6,0.5854181395635024,0.9119220227114997,0.9027930220287929,0.3925542181100113,0.2169569810400141,0.09202183016749792,0.00010441712697004999,0.00011049082864078,1.0,0.7,0.7,7,0.6099995197212086,0.580574159138462
21,7,0.46715973500681895,0.8452249542487483,0.8356149006805026,0.35335377532338996,0.5747997971021404,0.09353196990635404,0.00020759919009411999,0.00017076840273892,1.0,0.7,0.7,8,0.3761113877947447,0.3703895111124675
21,8,0.4518370611984723,0.8372700060602177,0.8300683165913687,0.35350766301708686,0.1409880238875729,0.09672892122480035,0.00030146296789404,0.00024700212089583996,1.0,0.7,0.7,10,0.365090490362237,0.3201004690492743
21,9,0.4371157665732982,0.8287487175664653,0.8239952355699263,0.35418023320434,0.14023708865255183,0.09870156899766189,0.00029162830813917,0.00024216827553731,1.0,0.7,0.7,12,0.3293308247584938,0.361936447145718
21,10,0.40013640291244656,0.797616916761078,0.788708119989707,0.3368640249709624,0.1676886550327984,0.0907562926076809,0.00031994771554619,0.00026566396969224997,1.0,0.7,0.7,14,0.3374183282555537,0.2208072599002509
21,11,0.38121769573561765,0.7834774714008991,0.7768236182042247,0.3327147928502075,0.14531120912020018,0.09093158270761328,0.00030688054960142003,0.00025769277332783,1.0,0.7,0.7,16,0.3006485454237235,0.2506459276247831
21,12,0.37087971638505296,0.7744754476597487,0.7673660070288878,0.32926716772813014,0.15258979415074617,0.09101172124429384,0.00025151039716656,0.00018946901273836,1.0,0.7,0.7,17,0.2905623185748651,0.2628920423436083
21,13,0.3660377800046783,0.7714389257824432,0.7671493334417185,0.33006653407651537,0.1215492211917661,0.09103417489487356,0.00030819626893039,0.00025798196197791,1.0,0.7,0.7,18,0.2786633493192549,0.2388394084163161
21,14,0.3588963583550766,0.7650064973185269,0.7603914205667767,0.32834419518597313,0.13572424783294768,0.09111484713944909,0.00025271091105594,0.00018985036469111,1.0,0.7,0.7,19,0.2721159367694052,0.2608947246155754
21,15,0.35856701948331193,0.7664145898460063,0.7646966887378017,0.3434404238980382,0.10152495160487549,0.09411818205334778,0.00026926109448767,0.00020743167431431998,1.0,0.7,0.7,22,0.2961210905125172,0.293656651661406
21,16,0.3539983155806154,0.7635129604330351,0.7647142157390013,0.35456061783053455,0.11095713106960627,0.09241576161671597,0.00025889530162925,0.00019642006142939002,1.0,0.7,0.7,23,0.2763499917495789,0.2709266315514713
21,17,0.31882560029538676,0.7273805258277335,0.7241072317968851,0.31661101739762754,0.27960094608656505,0.08570390987745925,0.00032454401900731,0.00028270382293251004,1.0,0.7,0.7,24,0.2436538896855608,0.2515393503547259
21,18,0.3188740522446259,0.7274272273691813,0.7241514314945026,0.3192039739554398,0.08656334292310561,0.0857987358397565,0.00032521049941849,0.00028346347118569004,1.0,0.7,0.7,25,0.2440389164241818,0.251808763777317
21,19,0.32594156070433133,0.7344598147102214,0.731136557395525,0.3306698383705369,0.10065612873646941,0.09374181294252784,0.00033102934364054,0.00031574720251656,1.0,0.7,0.7,26,0.2886462764180044,0.2536916362881544
21,20,0.30125205546364586,0.7111843063378759,0.7128953787150584,0.3718007032494869,0.099650867499967,0.08885222950183065,0.00023109959617777,0.00021278235226112,1.0,0.7,0.7,40,0.2105131268982082,0.3015851325333188
21,21,0.29951806795034547,0.7107600236191556,0.7154699912852239,0.37798185286325886,0.09194118018633984,0.08807058600909332,0.00020798476427072,0.00019149963092949,1.0,0.7,0.7,42,0.2121282745086284,0.306150077149659
21,22,0.30970349422329746,0.723447438090387,0.7341305508553957,0.40697074300951414,0.10508328539393294,0.1001750666899569,0.00035190208875342997,0.00046371480010316997,1.0,0.7,0.7,46,0.2338522839553683,0.2294071569848329
21,23,0.29245146650223125,0.7045089311403127,0.712049718297966,0.39301247594285793,0.09717372115552866,0.08474290621000928,0.00022479765593049001,0.00018357934852339999,1.0,0.7,0.7,47,0.21052228735869,0.2958620383036049
21,24,0.2845476670872891,0.695254064047741,0.7076413006549754,0.3949662899107268,0.269177406365035,0.09723565218605408,0.00040262400503387,0.00030081337024518,1.0,0.7,0.7,48,0.2340198322251905,0.2393442173735456
21,25,0.2839517220987908,0.6945773543807636,0.7069451610373637,0.40028425338278284,0.10008656403853156,0.09694878083732685,0.00039911300213037995,0.00029637675767934,1.0,0.7,0.7,49,0.2374216679106873,0.22566888955242
21,26,0.2754008815684622,0.6862278669051327,0.701359158528396,0.3977667403614389,0.13276114624892765,0.09260884326481768,0.0006303196487246301,0.00042181567238181,1.0,0.7,0.7,50,0.2373462699394319,0.2078015431915776
21,27,0.2621593202577453,0.6710281047054899,0.6857465512480561,0.39198122098153904,0.11438998292568445,0.08581374346272161,0.00039811243198116,0.00029178610539240004,1.0,0.7,0.7,52,0.2046507939584169,0.217000076576645
21,28,0.25302968758300515,0.6611188021625473,0.6812521408167072,0.4055143698543743,0.1106454497905796,0.08644897480767713,0.00061733898518647,0.00033934823708582,1.0,0.7,0.7,56,0.2014587138924249,0.2615900474284863
21,29,0.2565958780856965,0.6652749128287616,0.6853151366748882,0.41963576153194854,0.10497726771797755,0.09240412598772708,0.0006413599341770001,0.00037188067753924,1.0,0.7,0.7,58,0.198747891453408,0.2301849483720476
21,30,0.2566141788593211,0.6660226851709778,0.6919897767763895,0.445866835753751,0.09714940081322364,0.09398662961563874,0.0003941715178423,0.00031425294901858003,1.0,0.7,0.7,63,0.2055161298538611,0.1989337467537875
21,31,0.2556851197689364,0.6648863599529247,0.6908189714095466,0.45119913645267234,0.09872530413248441,0.0935296315411656,0.00039585736884274996,0.00031481976969727004,1.0,0.7,0.7,64,0.204103012241043,0.1981937642699496
21,32,0.25513881536689914,0.6641369695919518,0.6900361472363515,0.44803830108308007,0.09848426531071222,0.093425222742281,0.00041688238295763006,0.00031559183669139,1.0,0.7,0.7,65,0.2037737696924099,0.2069767200498599
21,33,0.25145675827047625,0.6618597417206558,0.6907985107246574,0.45327975593906233,0.09258530401844012,0.08994733710035571,0.00042188078781830996,0.0003224294897691,1.0,0.7,0.7,66,0.1963786908269246,0.2007502564347417
21,34,0.2547885029832566,0.6651333957985476,0.6940670518596047,0.45920132109253525,0.09426977030312947,0.09334078795423108,0.00039238102504431,0.00032489531433755,1.0,0.7,0.7,67,0.2052518024888873,0.1994111228288958
21,35,0.310187338920079,0.713120905710968,0.7324168278275085,0.512347701926921,0.18821135734671754,0.10340144739887065,0.00050518256783048,0.0741430752439301,1.0,0.7,0.7,69,0.2221726425552141,0.2072122475114935
21,36,0.25567773484541156,0.6593706905366216,0.681614259041723,0.46721991853255385,0.10970003602606059,0.10189939088488839,0.00047408189247235996,0.00042361048176921994,1.0,0.7,0.7,71,0.2098142317055322,0.2115043773938865
21,37,0.24492046554788852,0.6498834093288619,0.6751516267522611,0.47398531915817793,0.0960291835571263,0.09163166086522127,0.00042774249989297006,0.00030288914983949,1.0,0.7,0.7,72,0.1922401779135778,0.2044338241070751
21,38,0.24246583817516484,0.6439956048074863,0.6659226415795326,0.4908431100915256,0.10646987910368741,0.09247731260599146,0.00087376114987877,0.00044796274166550006,1.0,0.7,0.7,75,0.2105756454820047,0.2040653663085902
21,39,0.2509872195718667,0.6514449931979444,0.6732203466297366,0.4806740150772888,0.1141654142617463,0.10307250225503424,0.0005270482357633401,0.0005792995155629,1.0,0.7,0.7,77,0.2058373006451064,0.2055123297518462
21,40,0.24703220918829716,0.6447234614546511,0.6661204583335485,0.5081637558214305,0.13034334751325669,0.10324572225673811,0.00056338920089713,0.00136565318710731,1.0,0.7,0.7,79,0.2053405351253364,0.2080777507206416
21,41,0.24523512395362837,0.6423201758354569,0.6636365949576835,0.5095400135610618,0.11474938090978845,0.10195510678285176,0.00054802327946726,0.00206401216757223,1.0,0.7,0.7,80,0.2054658777626471,0.207239886711345
21,42,1.8688132788138843,2.261969223108953,2.282781217847268,2.1388892954012055,1.8020510965569223,1.0,0.047703679893537,1.0,1.0,0.7,0.7,81,0.2180271986567949,0.1812426310737525
21,43,1.0772612519214926,1.470591283717536,1.4942974104562166,1.3763055488263876,0.9463972192801207,0.24306213039751423,0.0009020422044028499,1.0,1.0,0.7,0.7,89,0.2331876873153135,0.1865264658001357
21,44,0.39922384341018513,0.7934762215227859,0.8201678570997452,0.7141559496945641,0.2688031914306305,0.1746413010825118,0.00138555765059592,0.1297757569392897,1.0,0.7,0.7,93,0.2297317539635247,0.1943387576633438
21,45,0.2726980095463757,0.6672779906733184,0.6997670803723055,0.6366805540064884,0.14723756416871353,0.11245017873686214,0.00409760122294503,0.04016376382099489,1.0,0.7,0.7,104,0.1951836588982813,0.1864193401265931
21,46,0.40828573917445377,0.8049618952760922,0.8434605633320232,0.8021680054473209,0.2822986630974483,0.13781709506530002,0.0009061415871168099,0.2023637441727492,1.0,0.7,0.7,110,0.1862254589005663,0.1876152182527317
21,47,1.071336631708112,1.467949203914002,1.5064404084246497,1.4753232087543946,0.944258752146477,0.2426281171948014,0.0008749476202645501,1.0,1.0,0.7,0.7,111,0.18438020941697,0.187427908648494
21,48,1.037264731363327,1.4329342890756562,1.4713159106731348,1.4614069988675262,0.9153637900352378,0.2098137992939227,0.0008222911332811999,1.0,1.0,0.7,0.7,114,0.1843266387360494,0.1838930086327089
21,49,0.9908339771464019,1.388356658126981,1.4327224471575137,1.4419744245077486,0.8694456287075801,0.1646085854496667,0.0009913499286099202,1.0,1.0,0.7,0.7,118,0.1904656167146944,0.1828808146687624
21,50,0.9763775780231063,1.3752745634111336,1.4226837269303372,1.4379593755202587,0.8513931640465506,0.150256443068512,0.0009947292447704801,1.0,1.0,0.7,0.7,121,0.1882681254353413,0.1837694591857804
21,51,0.9571764370827069,1.358932692784792,1.412441016246475,1.4813888656323642,0.831913553245074,0.13108542230525452,0.00106548728563957,1.0,1.0,0.7,0.7,133,0.1820060520239718,0.190854299326261
21,52,0.9898990915060901,1.3915042681239425,1.4449956448842132,1.5453127713357404,0.8660313222714723,0.16399685058389363,0.00105791315292862,1.0,1.0,0.7,0.7,137,0.22919316536921,0.1851067956515348
21,53,0.9901819792545152,1.394513105872211,1.4540887735705543,1.5674401149303625,0.8652805648910027,0.16455843016472338,0.00100231800105367,1.0,1.0,0.7,0.7,141,0.1959207426638122,0.1828157239131272
21,54,0.9700758233453675,1.370676877335566,1.424054539180255,1.554211112516935,0.8584881840145384,0.1454174574347937,0.00105397002804585,1.0,1.0,0.7,0.7,143,0.1946521948519945,0.1852828814393726
22,0,0.9986939629282059,0.9996636675314357,0.9996465856884852,0.4037827675463631,0.0,0.0,0.0,0.0,1.0,0.7,0.7,1,0.7885194810987269,0.9719907016016768
22,1,0.9722035614847804,1.0395636154214456,1.0352210539699362,0.45548583575991075,0.2396582750473101,0.06646254413930915,1.397114374483e-05,1.454396896491e-05,1.0,0.7,0.7,2,0.6871279669587673,0.8661322357762866
22,2,0.8725930322632307,1.0105696876406869,1.0077801505131643,0.4374830822436158,0.26980521749701547,0.06562376623355594,1.783416301641e-05,1.583682853749e-05,1.0,0.7,0.7,3,0.5948235835768775,0.7792363137965342
22,3,0.7259695934591587,0.9511629270068701,0.9491333437893226,0.4150911562718901,0.12808833677579262,0.04997954577292268,5.434515727669e-05,5.994322176643e-05,1.0,0.7,0.7,7,0.5430285164548411,0.6501400711580396
22,4,0.602356504407409,0.9076020361291706,0.8995134664698666,0.38853992867018655,0.4764066166565303,0.06642430386200471,0.0005454888189233401,0.00071812264475641,1.0,0.7,0.7,8,0.5554992069716128,0.6347701938006879
22,5,0.5570540658793458,0.8841473084782068,0.8749914194347231,0.37462980711943006,0.21048654215576912,0.06479124931030222,7.478535020177e-05,0.00012122961612866,1.0,0.7,0.7,9,0.4539260769244836,0.5126363041893116
22,6,0.5064794097852376,0.8598156892180341,0.852226674194684,0.3716256830813977,0.27048537477293516,0.06795659524332287,0.00035807062546535,0.00039316901649756,1.0,0.7,0.7,10,0.5122423689804942,0.4233288826217343
22,7,0.4800899876472512,0.8477225665914301,0.8390647573145835,0.3753100410765356,0.12597460548878056,0.0764253555096061,0.00072308043742326,0.0008014265740370599,1.0,0.7,0.7,13,0.5175109389077904,0.5128039119293302
22,8,0.4285987166565656,0.8131908682484137,0.8028623703072995,0.35119763596993525,0.3033327416900084,0.0751050896936848,0.00056965216787458,0.00063498827151911,1.0,0.7,0.7,14,0.4647234958107524,0.4322169859152097
22,9,0.38286064651155655,0.7801507627290853,0.7711710138268139,0.3395660759248135,0.3071010485850521,0.07426802281374448,0.00056374699947748,0.00062631478985722,1.0,0.7,0.7,15,0.3993081526903366,0.4240079470984449
22,10,0.3692786955590049,0.7690466383004757,0.759505754261222,0.330129193668863,0.15141356716818857,0.07425764423251072,0.00055463743514791,0.00061464125610424,1.0,0.7,0.7,16,0.4002602554455639,0.3855746747724605
22,11,0.307894014688383,0.7136995758987896,0.7050016870387422,0.3019286779787308,0.3628998155069769,0.06118437174822459,0.00046335244325279,0.0005706325758267001,1.0,0.7,0.7,17,0.314862266554236,0.3476167851603803
22,12,0.30304761655775536,0.7112185860912296,0.7046575454432884,0.3144191294426487,0.10282801741757142,0.07515818189820497,0.0007186417348372199,0.00056845626015536,1.0,0.7,0.7,22,0.2921479614312978,0.3778996781410799
22,13,0.2953651379050283,0.7018974681814377,0.6949383743471422,0.310350206664892,0.1206702451611197,0.07382897896424892,0.0005817714950602201,0.0005165441815537101,1.0,0.7,0.7,23,0.281141422359321,0.3318483493299007
22,14,0.24378766347076525,0.641550398487429,0.6347208456876645,0.28533443428796385,0.2027510826598959,0.06975566433953846,0.00049751589374349,0.00058859393773145,1.0,0.7,0.7,26,0.2076571661632706,0.2942636533720568
22,15,0.22997931984228082,0.6248240031141102,0.6202643439966008,0.27993149901203296,0.12109896229104007,0.0670396504843845,0.0004948407745784,0.00058362031021323,1.0,0.7,0.7,28,0.2009451958674638,0.2790195366337213
22,16,0.21703372996765927,0.6090879361635012,0.606912114726371,0.2794238091559874,0.10933268135801852,0.06307237472984926,0.00048491110066645004,0.00057372441970004,1.0,0.7,0.7,30,0.1932721920657094,0.2670098566447416
22,17,0.22217039479275322,0.610681911901958,0.6023070664085092,0.2807596695672209,0.08279207232666234,0.06907666684472427,0.0006120675723808101,0.0009339062999731701,1.0,0.7,0.7,31,0.1818816096441534,0.2385824705292698
22,18,0.21951840108505288,0.6067331569573426,0.6010153813919807,0.28356589220946427,0.12647105188109528,0.0717970390721652,0.00051368728549926,0.0005911048303045799,1.0,0.7,0.7,32,0.1959761181052599,0.259556036918293
22,19,0.20728221463649782,0.5906519634574461,0.584414008555148,0.2760028937180434,0.13755748782761484,0.06568162872671182,0.0006104133077053299,0.00093019600253092,1.0,0.7,0.7,33,0.1783238136496605,0.2235561896073474
22,20,0.2007948591326034,0.5824462300815851,0.578854627467434,0.2788432506360992,0.09281187295029085,0.06414748464031755,0.0006003393144660199,0.0007978400641796901,1.0,0.7,0.7,35,0.1823385289492254,0.2170446458203987
22,21,0.2008136858144057,0.576923546170392,0.5697808065801292,0.2742155312659227,0.1387848691144233,0.07024107329025615,0.00044600759719626,0.0004905948733889899,1.0,0.7,0.7,36,0.1795464971272262,0.2316106933283642
22,22,0.18959859819185618,0.5611942690559818,0.5564191978872365,0.27799452808190195,0.11388590143373747,0.06659152857377137,0.00044204291849647996,0.00048663991811759,1.0,0.7,0.7,38,0.1749698823393806,0.2231768511401646
22,23,0.18955310854409005,0.5611170254365839,0.5563385233471293,0.2807385117770223,0.06768907076833448,0.06658248776880932,0.00044185492225871,0.00048632376431730003,1.0,0.7,0.7,39,0.1750062790313806,0.2232013141304899
22,24,0.17669686434890075,0.541064609795946,0.5413119318477577,0.27385793353266547,0.2135553594598535,0.06489218420066457,0.00045468695675667,0.0005463162907753799,1.0,0.7,0.7,40,0.1404170804949577,0.2095679790994961
22,25,0.16660555278091838,0.5227089698726364,0.5250617065913524,0.2712487193719539,0.12846519961962913,0.06380265584563798,0.00044607646548714,0.0005348670585269501,1.0,0.7,0.7,42,0.1332743444714518,0.2084556912619448
22,26,0.16619998002017863,0.5234542864961641,0.5288308336805166,0.27888053567633964,0.06634699032236796,0.06366853379942057,0.00044511402494201,0.00053365945390807,1.0,0.7,0.7,44,0.1329523805896591,0.2090109320522933
22,27,0.16601812599763588,0.5246940765447814,0.5331201414155922,0.295788295949833,0.0644481127743243,0.06352172372003985,0.00044380531726689,0.0005319258200341,1.0,0.7,0.7,46,0.1333306097819215,0.209567352741227
22,28,0.16615598755548813,0.5257925221660257,0.5372243339515453,0.34020736164220755,0.06520972629841526,0.06406022485778894,0.00046887545313734996,0.00055778386840658,1.0,0.7,0.7,61,0.1385724466493061,0.1973502078091642
22,29,0.16590598816137006,0.5266942587482355,0.5411502101725311,0.35454706368682665,0.06610174025814079,0.0640862045332197,0.00046310870014613,0.0005468002606004499,1.0,0.7,0.7,64,0.1395902338009013,0.1958224414377276
22,30,0.16448976954540798,0.5236570151301622,0.5379604685095207,0.364907221248064,0.07516286644354805,0.06404653414904286,0.00047441238633671003,0.00055465150754823,1.0,0.7,0.7,66,0.1388166618073348,0.1949293191061818
22,31,0.1633909149171262,0.5212779325106216,0.5354622394485183,0.3661931988605362,0.07284279298882225,0.06401522177832439,0.00047286623108201004,0.0005630199615955401,1.0,0.7,0.7,68,0.1403352115946653,0.1967792275413491
22,32,0.1632418865924201,0.5224166172946452,0.5396381818025164,0.3844241698001264,0.06526875937730459,0.06400485168844341,0.00047181161003100004,0.00056772309642553,1.0,0.7,0.7,72,0.1396231304033871,0.1967204225718484
22,33,0.1632264377403087,0.5252836308952478,0.5486080288630044,0.40270138199238076,0.06497460604286351,0.06402709001560627,0.00047022756798731,0.00055823723971751,1.0,0.7,0.7,74,0.1405075425179968,0.1962465328497147
22,34,0.16222579228817935,0.5217811362607169,0.5419562269524405,0.401930736329904,0.0776843779200842,0.06391283396409862,0.00045890410863362,0.0005281161734728499,1.0,0.7,0.7,75,0.1394664677597085,0.189489613068726
22,35,0.16019465839442304,0.5204115491603162,0.5464862042137237,0.4273778960269843,0.0690815027910328,0.06370387936149834,0.00047281592206986,0.0005143118696023499,1.0,0.7,0.7,81,0.1354510657037864,0.1893123205126258
22,36,0.16019465825519205,0.5218708677730917,0.5509986226751582,0.44655186462325647,0.06439489889581716,0.06370387936149834,0.00047281592206986,0.0005143118696023499,1.0,0.7,0.7,83,0.1354510647179823,0.1893123163507966
22,37,0.1598059101544301,0.519358087772781,0.5453723874023739,0.47828852909670905,0.06556050193722361,0.06380780333128475,0.0005133678748321399,0.00052310537006514,1.0,0.7,0.7,91,0.1391287711191704,0.1902268144595231
22,38,0.15980324357523668,0.5208052430554312,0.5498717704738267,0.49122642499152525,0.06459689772768362,0.06381404069438594,0.00051164105196932,0.00052281736270501,1.0,0.7,0.7,93,0.1390785571985074,0.1902336673092639
22,39,0.159814628622404,0.5208061749872375,0.5498717587272334,0.4979466048063889,0.0646867623305851,0.06384203122054985,0.00051085165692781,0.00051167295254988,1.0,0.7,0.7,94,0.1395802340402159,0.1899182211055596
22,40,0.15980910691998423,0.5207607442213745,0.5498227140103291,0.5011913224929115,0.0650743820349862,0.0638609859245137,0.00050808610325896,0.0005243502382620299,1.0,0.7,0.7,95,0.1394332164101969,0.1900546080209154
22,41,0.1597223180911484,0.5220559761081749,0.5541640560362486,0.5077699163275519,0.06550996863133647,0.06384203122054985,0.00051085165692781,0.00051167295254988,1.0,0.7,0.7,96,0.1388513942650625,0.1861003312352025
22,42,0.15902645164822074,0.5204027945000755,0.5524243642633179,0.5133179958421781,0.06755644815549973,0.0638746901894042,0.0005031163911027199,0.00055100822944499,1.0,0.7,0.7,100,0.1391826111742225,0.1887261153690708
22,43,0.16862709442772383,0.5318332730640618,0.5698632195766439,0.5245683956649274,0.07838338781010172,0.07432564524832838,0.0005380264111229,0.00050504027720165,1.0,0.7,0.7,104,0.1469454532828281,0.1943988862199905
22,44,0.16880462027148405,0.5331151511775968,0.5741664097796182,0.5640373046337932,0.07658730972348325,0.07478570818888368,0.00053583224136788,0.0004929363275589899,1.0,0.7,0.7,108,0.1450077120377469,0.1962976926575113
22,45,0.1673153418902575,0.5299421978620033,0.5708435139813828,0.5609866488712472,0.09570016300691699,0.07429854595677315,0.00054237131853011,0.0008787758545279699,1.0,0.7,0.7,109,0.1423540904270897,0.1940461767468536
22,46,0.167451796656218,0.5300268336043753,0.5709235736323229,0.5717556493928386,0.07567704474803087,0.07474280075467607,0.00053244890371714,0.0005045393044459,1.0,0.7,0.7,112,0.1447396560182113,0.1965857631562132
22,47,0.1674538079368501,0.529915769000861,0.5708024647295055,0.578187895322863,0.07623713416876099,0.07482388777829206,0.00053464387028626,0.0005104836961375,1.0,0.7,0.7,114,0.1431705146484526,0.1969589511825449
22,48,0.16729072983260285,0.5296260669919416,0.5705015679281151,0.5779778171959906,0.07701414603124278,0.07475621712475373,0.00053414573626436,0.0005101556354140701,1.0,0.7,0.7,115,0.1443576913786342,0.1967981919404191
22,49,0.16693329160355766,0.5302962420976877,0.5741866311666216,0.6128303049538794,0.07675119961516506,0.07472066269131025,0.0005316018306334199,0.00051320417115302,1.0,0.7,0.7,119,0.1452826513522403,0.1963023382784635
22,50,0.16641967595547397,0.5321455806876761,0.582093139240047,0.606069675366024,0.0820244539912467,0.07432647883526486,0.00062446723449657,0.0008389405668079201,1.0,0.7,0.7,120,0.1500311317713339,0.1940675626828157
22,51,0.1653426094146237,0.5295599002137862,0.5793750091702022,0.6149808262115674,0.08439346269634168,0.07434910867852457,0.00059929814961652,0.00087381661157503,1.0,0.7,0.7,122,0.1492438454827832,0.1940246971747682
22,52,0.16525998770930683,0.5293146040661042,0.5791154870136561,0.6182082373959351,0.07735157715244385,0.07433172255849954,0.00059572436689097,0.0009530381288904001,1.0,0.7,0.7,123,0.1494306865565512,0.1928661263688625
22,53,0.16486844276751203,0.5434496221238596,0.623775638400688,0.8357844894922497,0.07509212067769067,0.07389312781326861,0.00060228040731094,0.00108301542851603,1.0,0.7,0.7,165,0.153330272422072,0.1936993003280575
22,54,0.16424189469823036,0.5411463561086285,0.6184002821201825,0.8817410561105999,0.07588672949341557,0.07358520872944388,0.0006289550235481801,0.0008260942410026201,1.0,0.7,0.7,167,0.1552943712504236,0.1901041395650488
22,55,0.16372801549777172,0.5415020585011379,0.6217576805281398,0.8716014160881924,0.07699137268280087,0.07362903228499348,0.00062457072408346,0.00064126091369946,1.0,0.7,0.7,170,0.158253972014662,0.1932627822448205
22,56,0.16318919886447192,0.5407257081430286,0.620960667946776,0.9063160207004921,0.07582816429410925,0.07325605564024691,0.00063285596796696,0.00063963422642747,1.0,0.7,0.7,172,0.1587844204918695,0.1936575891347916
22,57,0.16508329448100376,0.5436820984502241,0.6269356569607369,0.9420116500798122,0.08207733578466257,0.07552579689032243,0.00061393060675188,0.00052754548412295,1.0,0.7,0.7,173,0.158574462776934,0.1959901544195598
22,58,0.16482855420778536,0.5414026386304743,0.6215540922884004,0.9190608561623671,0.08097693216095579,0.07566090506946957,0.00062107232242586,0.0005380498062581599,1.0,0.7,0.7,174,0.1582850708926775,0.1940647651234216
22,59,0.16474091738095525,0.5412976695355596,0.6214476366101407,0.9230898512247931,0.07649919454257678,0.07559556070205489,0.0006176732010006599,0.00052718275708481,1.0,0.7,0.7,176,0.1588399792922007,0.1949214544828076
22,60,0.1648389623528304,0.5426469858694878,0.6258320259784781,0.9518591533577877,0.07745725883643524,0.0758103050731763,0.00062912089684757,0.00055956425462691,1.0,0.7,0.7,179,0.1593148493925025,0.1989723890743789
22,61,0.1647184022942144,0.5423573581687293,0.6255277897518594,0.9596342593853278,0.07862995144027102,0.07580967831085411,0.00062361935652721,0.0005644156316523,1.0,0.7,0.7,180,0.1586948553855275,0.1989698101734321
23,0,0.9615291496110051,0.9899072647390122,0.9893960374037456,0.39754039436402655,0.0,0.0,0.0,0.0,1.0,0.7,0.7,1,0.8554099507867525,1.1329472854448106
23,1,0.9146457248884715,1.0228441214126016,1.0176452396015296,0.44485586837261476,0.28913758266771966,0.06664532650131245,1.333046579924e-05,2.248537106616e-05,1.0,0.7,0.7,2,0.8816262874143546,0.9459458579805184
23,2,0.8418108125877724,1.0107194345923676,1.0071702857166296,0.44303559553175764,0.27180218119848876,0.08076622007273976,1.896565472862e-05,2.400511328668e-05,1.0,0.7,0.7,3,0.7418134117221726,0.8572575004560744
23,3,0.6411224472453347,0.9251063463734714,0.9179233815801069,0.38770155979614995,0.5615005540380147,0.06652456232306919,0.00029150490224402997,0.00029084627151636,1.0,0.7,0.7,4,0.4795477868957256,0.4062924251067808
23,4,0.5058161698386439,0.8572383592983481,0.8466321329610432,0.34838908175809524,0.2997697832864978,0.06626830022244434,0.00025510799945501004,0.00029849781501213997,1.0,0.7,0.7,6,0.4019822213918146,0.3971046763015938
23,5,0.4990586388042149,0.8589224010041756,0.8508976208552571,0.3566240890024717,0.10886063010815031,0.07525294376501077,0.0006190155099068801,0.00072430020838455,1.0,0.7,0.7,8,0.4082405084290014,0.3910423793246487
23,6,0.41511747782280023,0.7969001114285783,0.786896189663868,0.3245478646147346,0.10683108242578464,0.053048382616371126,0.00013914141829134,0.00014727069664778998,1.0,0.7,0.7,13,0.3285165581718727,0.4524745295022117
23,7,0.37045954395034913,0.764547650981859,0.7528456155096666,0.3123224021247855,0.28553818761629113,0.05350979042206705,0.00044778652419196,0.00086016322999988,1.0,0.7,0.7,14,0.3451541593635471,0.3929125337258612
23,8,0.36539947004470597,0.7621828387256999,0.7533025246735306,0.3092856953804084,0.08665815405838458,0.05493368192356448,0.00015248137420988,0.00018437390883221,1.0,0.7,0.7,15,0.2695019764050149,0.3434040957079636
23,9,0.3545177897173669,0.753869142369205,0.7444319639971706,0.3133875888255118,0.13364228712305098,0.05706727917260808,0.00037301711046289004,0.00074675764941517,1.0,0.7,0.7,16,0.3374097697347321,0.3485123224615328
23,10,0.32861899817768725,0.7322580569152602,0.7251048601323994,0.29820660923791126,0.1558026948687895,0.04974164761099725,0.00014025147200158,0.00018168871772058002,1.0,0.7,0.7,17,0.2496917957288889,0.3492099985913818
23,11,0.31738899704522855,0.7226963008364902,0.7148818578201867,0.3022043580033245,0.14481128981383826,0.05277252656959297,0.00036339073053522997,0.0006208133839748599,1.0,0.7,0.7,18,0.3077611566848942,0.3396373537654329
23,12,0.30597019062219954,0.7118942587834417,0.7035833989208227,0.29739677939207415,0.1200012893649359,0.051886435487798935,0.00030636984826643,0.00051505744293838,1.0,0.7,0.7,19,0.2749656201545413,0.3255452472206193
23,13,0.3033594960657617,0.7105109737189835,0.705058588204694,0.30509952552243863,0.07746879789246415,0.052772526569592956,0.00036339073053522997,0.0006208133839748599,1.0,0.7,0.7,20,0.2588876503930396,0.2888870631646709
23,14,0.29294060558461393,0.7002045517868928,0.6944144926326501,0.29972221452442316,0.09577664966068342,0.049252500022267734,0.00030138701357857996,0.00051240275387736,1.0,0.7,0.7,21,0.2445461352536251,0.2917576295157195
23,15,0.29185985200524295,0.6991185733376076,0.6931709207209539,0.28151393547200426,0.06257478460940066,0.05127361911269078,0.00030566507330097,0.00051482521315634,1.0,0.7,0.7,23,0.2322903836641937,0.2795378588428215
23,16,0.2787799624315564,0.6838726350243705,0.6739822244665533,0.29482658809678824,0.17670666604144553,0.0549803362631812,0.00034079635380181,0.00058330877761307,1.0,0.7,0.7,24,0.2284778123358124,0.2842993962679187
23,17,0.27384428358992413,0.6786713653125628,0.6686084999541823,0.2864542252630779,0.07730216954185551,0.05328209120994629,0.00029831827154835997,0.00048608397271323,1.0,0.7,0.7,25,0.2155869675299031,0.2740322572163762
23,18,0.26729640823015643,0.6731788742321843,0.6659448321461428,0.2924819993000325,0.08184392851002874,0.050637632331442806,0.00036650190612995,0.00059065775873537,1.0,0.7,0.7,26,0.2164120356155441,0.2788377424219709
23,19,0.26647841062066707,0.6737038373206014,0.6694644408867366,0.29906599856123994,0.05550899202087277,0.05086827513233524,0.0003594094396497,0.0005828409729835,1.0,0.7,0.7,28,0.2146113718798524,0.2738763106337469
23,20,0.271042914854131,0.6816656228185223,0.6803763457886156,0.321696422287002,0.07545224771619233,0.05964124688644351,0.00025821855471825,0.00034426672352658,1.0,0.7,0.7,30,0.1708103008317029,0.2076911044184676
23,21,0.25206696839474757,0.6585386015308636,0.6590572139149171,0.3216233741457591,0.13745320441386497,0.05964124688644351,0.00025821855471825,0.00034426672352658,1.0,0.7,0.7,32,0.1596919462354747,0.195127699756918
23,22,0.24417326387339722,0.6487019771081863,0.6487646191846775,0.3219758089110736,0.07451481019923528,0.058783452384217325,0.00027858022909937,0.00035858551025409,1.0,0.7,0.7,36,0.1539462322960746,0.1949484535614436
23,23,0.24385525901821492,0.6483433143500058,0.6483968945114718,0.3188387274961748,0.06026804278906811,0.058608514231868955,0.00027512837288797,0.0003551440748075,1.0,0.7,0.7,37,0.1539382052052712,0.1957421436624427
23,24,0.2375562664390259,0.641322286039426,0.6439762253576791,0.33278888374506466,0.1200731721377906,0.059073637970624295,0.00026955029244333996,0.0003518880679975,1.0,0.7,0.7,38,0.1522534531340466,0.1892447694851528
23,25,0.2409286672943347,0.6458875555777698,0.651507310417629,0.35325007715543805,0.06700328927486163,0.06365728876598378,0.00041424090894242005,0.00055815461575693,1.0,0.7,0.7,43,0.1750876485506509,0.2299295311949611
23,26,0.224564057911961,0.6255056705447157,0.6332025180948347,0.34347592734918686,0.12741139399467002,0.06115048726282427,0.00032161277132636,0.00055957178420011,1.0,0.7,0.7,45,0.1730295180718419,0.1860058807862732
23,27,0.1779228951658802,0.5498663034034775,0.5567100096571213,0.31659393756883636,0.16812533628508797,0.06122679549163965,0.00031698044766248,0.00049726128719187,1.0,0.7,0.7,50,0.1428540735944183,0.1728008868678438
23,28,0.1795855327059628,0.5512249534427961,0.5609368553934408,0.3391030361906735,0.07792994328242724,0.06474338592426335,0.0003659701630782,0.00049631688835726,1.0,0.7,0.7,52,0.1552470251633076,0.192945001627722
23,29,0.17892339706540067,0.5498567267294251,0.5594952850297606,0.34376726743858216,0.06875697072048909,0.06483048340107297,0.00035936202633699,0.0004926939786514399,1.0,0.7,0.7,55,0.152397057518569,0.1876149819272193
23,30,0.1750065948482419,0.5429250460545658,0.5493505863824332,0.3552161645635301,0.06855153988574864,0.0624806744938707,0.00033365678435833,0.0005684875469037099,1.0,0.7,0.7,59,0.1459999569220534,0.1705706394358336
23,31,0.1751985730988493,0.5443713870488285,0.5538290749276757,0.3764954157016037,0.06636572807193614,0.06290348579488554,0.00035695322327646,0.00051349500388503,1.0,0.7,0.7,60,0.1517061194373732,0.1807339014795059
23,32,0.1745251032550434,0.5459758500205687,0.5614744727279557,0.3849253174606115,0.07237651971512507,0.06289576073702484,0.00031908446141314,0.00052601194764816,1.0,0.7,0.7,61,0.1476553002610788,0.1686140184552952
23,33,0.17511526396220148,0.542774499570744,0.5520785710931644,0.37906953737396054,0.07697464886639487,0.06437006104518933,0.00030848922859833997,0.00051863813356085,1.0,0.7,0.7,62,0.1531204194069884,0.183528722674307
23,34,0.17378442908241493,0.5424338834104099,0.5547437873366156,0.38664731095198146,0.0673015295898083,0.06354628951527884,0.00028250528930059,0.00048346568993201,1.0,0.7,0.7,64,0.1504628361286454,0.177928869388363
23,35,0.17049392820216405,0.5364820337910652,0.5514368914787197,0.3975525203640157,0.0925083283612586,0.06411280365935562,0.00035233813810725,0.00052960591265037,1.0,0.7,0.7,66,0.1534939595315606,0.1677940187569124
23,36,0.16900609795520885,0.5341790257218981,0.5519667429796319,0.4425795214660723,0.06781529494247694,0.06474354526568706,0.00031876345987067996,0.00049921898259663,1.0,0.7,0.7,78,0.1362162273601701,0.1620873113415747
23,37,0.16915203235653897,0.5375579632040723,0.5643947639765169,0.486829985680278,0.06837305933345533,0.06596370055611651,0.00028140019412102,0.00047459741419128,1.0,0.7,0.7,86,0.142183802210716,0.1573446820697776
23,38,0.16557080890723966,0.5276339360007417,0.5509577501647122,0.5377578070697626,0.07965090173193258,0.06638506140928797,0.00039628279783398,0.0006372947784693301,1.0,0.7,0.7,91,0.1462719329340371,0.15030435903229
23,39,0.16532077377654195,0.532884547028962,0.5683896072393455,0.6216466083970427,0.06735988827058868,0.06641438240681383,0.00039544780953912004,0.00063680660056189,1.0,0.7,0.7,110,0.1460939541350674,0.1502506357374254
23,40,0.1651364427718715,0.5320235476297185,0.5674651612771502,0.6338143077764268,0.07192890808707127,0.06681023623825885,0.00039250119119918,0.00063381422026695,1.0,0.7,0.7,112,0.1448985336192006,0.1471364757025732
23,41,0.16510399363657932,0.5319406842061188,0.5673776368349545,0.6370842950796212,0.06785627689233913,0.06681896152728303,0.00039321546820738,0.0006337024179709899,1.0,0.7,0.7,114,0.1450272882957846,0.1471331877314758
23,42,0.16310292024639877,0.543599519552309,0.6124019363102667,0.8794961650293942,0.06807866379910024,0.06678172212871493,0.00039324272281755996,0.00057551432387634,1.0,0.7,0.7,162,0.1334215785635326,0.1411769354369112
23,43,0.16249293632878078,0.5440964250357917,0.6159217801995295,0.9066256943223395,0.07084389549669325,0.06644398148135386,0.00035596684366006996,0.00057090269096877,1.0,0.7,0.7,163,0.1344690066444527,0.138767225329258
24,0,0.9480196772255668,0.9862690221073354,0.9855734898113913,0.3965070205539007,0.0,0.0,0.0,0.0,1.0,0.7,0.7,1,0.9990677307065324,0.9703706786415826
24,1,0.8946307515905686,1.0167314074416187,1.0112221542643702,0.44095100484629857,0.3063196624424362,0.06666594106922202,1.382258218082e-05,1.508449654089e-05,1.0,0.7,0.7,2,1.0088153784252207,0.8661322357762866
24,2,0.812023292945523,0.991456152728655,0.9876329864781757,0.42572104078787015,0.2529981635318433,0.0669179404165969,1.6991551729540002e-05,1.9342741463290003e-05,1.0,0.7,0.7,3,0.8510094436983078,0.7800757708185826
24,3,0.8097671398735637,0.9894767997132135,0.9856462966982047,0.42589402606130605,0.06610540368766571,0.0650884534094541,1.396411041032e-05,1.479358969227e-05,1.0,0.7,0.7,4,0.8587279632627778,0.7795484372144051
24,4,0.6921466833312622,0.93822621421609,0.9355443535065661,0.40681629989138135,0.13680488659045842,0.04992491525126968,5.326915357292e-05,5.727054016557e-05,1.0,0.7,0.7,7,0.7821521974536226,0.6886577829876939
24,5,0.6658270902561884,0.9366141426656112,0.9361567846036845,0.41104441211874576,0.11907937964341753,0.06304667839000473,0.00014519143599229,0.00020392399108212002,1.0,0.7,0.7,9,0.720807198155228,0.6523589640231572
24,6,0.6527699930088076,0.9320464743977914,0.9314731359324125,0.4094387450093754,0.0926093309107337,0.06076204601751519,0.00017078836434568002,0.00018855591070031,1.0,0.7,0.7,10,0.7868423280786547,0.6083439308897997
24,7,0.6018118352282608,0.9113489384436605,0.9124275238954505,0.4006983015604718,0.24168732691743308,0.06621827981588244,0.00020905971740165,0.0002256115535419,1.0,0.7,0.7,11,0.8005361448493764,0.5746340442830348
24,8,0.5792327196667493,0.8976068668851341,0.8982684737736105,0.3920603126695708,0.11748373765309722,0.06076204601751519,0.00017078836434568002,0.00018855591070031,1.0,0.7,0.7,12,0.7459781477899599,0.5492753980330014
24,9,0.5420311809840466,0.8889854893430391,0.8881017578602285,0.3879783358020366,0.29322720783532946,0.08272270679079921,0.00011479634137649,0.00014528154534909,1.0,0.7,0.7,13,0.6869554141596806,0.4895183337250923
24,10,0.45814215054408525,0.8394340177390572,0.839098998243215,0.36041673527961904,0.2517822222464426,0.08104898382221325,0.00020332912602436,0.00021620821739999,1.0,0.7,0.7,15,0.5397969518704525,0.4477625779760862
24,11,0.368357656166128,0.7707518350892265,0.7673904337438686,0.32038362064900333,0.27835065542127385,0.0722130423905163,0.00012870551608596,0.00016111538881762,1.0,0.7,0.7,17,0.4337076936632167,0.2508729807698477
24,12,0.3682318896459049,0.7706474437615896,0.7672807603134885,0.32510638160489835,0.07313515326374757,0.0722130423905163,0.00012870551608596,0.00016111538881762,1.0,0.7,0.7,18,0.4357828063403907,0.2515214571498976
24,13,0.305718546287474,0.7143151948519232,0.7110618268934563,0.2895468818392665,0.4729809968902698,0.07237672395508117,0.00020356359829074998,0.00021521512845399998,1.0,0.7,0.7,19,0.3510992531090977,0.2402578364670102
24,14,0.2916858835285963,0.700567997991758,0.6994784119273973,0.28558863783012256,0.13547221409383559,0.07453820070954235,0.00029264508215051004,0.00039901441662723,1.0,0.7,0.7,21,0.3130317854030784,0.2226166361029637
24,15,0.3183917180859829,0.7272483684510038,0.726148122120105,0.327904737913365,0.10261730883545532,0.10104285092587598,0.00048469603931151006,0.00075809835820465,1.0,0.7,0.7,23,0.5311259462140436,0.0953020993772216
24,16,0.26875208253299127,0.6669226511151822,0.6629476974849434,0.2906088876389937,0.489578361574896,0.09771547979148631,0.0003806681238642,0.00052325539632222,1.0,0.7,0.7,24,0.4257328083343114,0.1050643645346982
24,17,0.24501056876100671,0.6414048001417617,0.6455496024629187,0.2784690604459521,0.1092080470520256,0.08856498009688121,0.00027896854151157,0.00031097582405645,1.0,0.7,0.7,31,0.2645655273851084,0.163396283168509
24,18,0.24280414651945512,0.6394523044751534,0.6464672285742179,0.28340183474733643,0.10160067897826412,0.0887598861161917,0.00028286463933936,0.00031571972446303,1.0,0.7,0.7,33,0.258774162176592,0.1615129676987115
24,19,0.24508889189718364,0.6416278422213295,0.6486232366537706,0.285722583846344,0.0946149341514013,0.09132405378164545,0.00027975173320951,0.00031461539908962,1.0,0.7,0.7,34,0.2598062903298598,0.1674622314267611
24,20,0.22106437842576193,0.6153743855606295,0.616008985168934,0.27685376616387575,0.1339282282116739,0.07297240194901226,0.00028021285150096,0.00037679618335947,1.0,0.7,0.7,35,0.2274006794246327,0.1385821276964147
24,21,0.20330506541869783,0.5827947177883853,0.5818141123297849,0.2583502193835182,0.2664539885400688,0.07240723192004454,0.00020799419420427,0.00027391684351407003,1.0,0.7,0.7,36,0.2177755205089811,0.1276008477680711
24,22,0.19233380168087205,0.5627159057222475,0.5607015933543255,0.2537193429026231,0.14342100765996763,0.07268504105475372,0.00024087089999754,0.00031773591191685,1.0,0.7,0.7,38,0.2058189997753074,0.1179167387914461
24,23,0.20037334935196258,0.5735225666472016,0.5745537897428414,0.27352938958479206,0.09205319233550635,0.08191526392681937,0.00036358050605885,0.00057576050635707,1.0,0.7,0.7,40,0.227121637627218,0.1024859073104029
24,24,0.18061004108246087,0.5331022995539195,0.5321987436501653,0.2495249929926972,0.3257447866071306,0.07988753244704237,0.00026260737345213997,0.00040449807727911,1.0,0.7,0.7,41,0.1922820950500433,0.0960872352221441
24,25,0.17749010046127026,0.5267787936244184,0.5284940513608456,0.24979827335138985,0.11092512605919776,0.08064657649335623,0.00028971716523695,0.00042393541735786004,1.0,0.7,0.7,43,0.1847717726371132,0.0940951520858264
24,26,0.17628243583232234,0.523735098186229,0.5282040570685623,0.25520860599799333,0.10303241324160005,0.08192092382486277,0.00036685970981598,0.0005383775782357799,1.0,0.7,0.7,45,0.1902257989832319,0.092730643618341
24,27,0.16611257726295028,0.5082606295087274,0.515189568031587,0.24744808070951757,0.157410476316777,0.07667642016509603,0.00036625924607353,0.00057043266166541,1.0,0.7,0.7,46,0.1893379037669046,0.1067588467403819
24,28,0.17861681072032431,0.5000976665242934,0.4994283344205801,0.25355855891024925,0.20405193521718304,0.1009837324083374,0.00029830339420338,0.00050839770489978,1.0,0.7,0.7,48,0.1398495913596241,0.1001930352171419
24,29,0.15842027896696015,0.45218901500506126,0.4523308974439051,0.23607943176538657,0.24838566589540825,0.09588023532349647,0.00029266189076069,0.00051593129936985,1.0,0.7,0.7,50,0.1199959863603154,0.073880649035297
24,30,0.15446110559801068,0.44111726289047953,0.44073959785404243,0.2286957379448326,0.1659331443708763,0.09508465321314868,0.00028298144059359,0.0005000299777340701,1.0,0.7,0.7,51,0.1123956814296313,0.0668211283537246
24,31,0.15076979475777022,0.43140748085595537,0.4335452960574233,0.22942390365294366,0.16801992583604944,0.09439384779058764,0.00036421448836261003,0.0006141901108272501,1.0,0.7,0.7,52,0.113484756622843,0.0641926538856735
24,32,0.2676140897520004,0.5352781076445403,0.5365024839699678,0.3397861363057552,0.3412475613040791,0.2059845258039401,0.00037665552272164,0.01533844669203191,1.0,0.7,0.7,53,0.1990699260667905,0.054204808663329
24,33,0.2745859601720683,0.5379845604927351,0.5418663403053141,0.3519926596534839,0.2529726198589019,0.21194021817317674,0.00047838925267425995,0.01967157347179943,1.0,0.7,0.7,55,0.2288621930990701,0.0488358328777449
24,34,0.2728750527043864,0.5336858982577383,0.5373901844946943,0.34895674510361585,0.24940986443858332,0.21116668522901255,0.00046472287861441,0.01965583644835347,1.0,0.7,0.7,56,0.2284230196391105,0.0467144019262254
24,35,0.27287505272766,0.5336858980766567,0.5373901843136127,0.348956744923891,0.22525123051179813,0.21116668504837457,0.00046472287816207,0.01965583644817201,1.0,0.7,0.7,57,0.2284230217058671,0.0467144021463753
24,36,0.27182472495470716,0.5312970102172008,0.5349098216639223,0.34721797966029266,0.2308922712950125,0.21121204820085682,0.00045638942309267,0.018766930941554318,1.0,0.7,0.7,59,0.2181306967934432,0.0476157256683961
24,37,0.12262726069987072,0.3464975515808904,0.34774889492026423,0.17700177082771879,0.19362888755656363,0.08597199200007596,0.00027380004600405,0.00047447673440078003,1.0,0.7,0.7,62,0.0730459946343009,0.0539917132004983
24,38,0.1084402161437531,0.297611995679235,0.29963141769104984,0.15714536196832996,0.2367981816722542,0.08060339401999753,0.0003240770091766,0.00062578188995409,1.0,0.7,0.7,64,0.0617380804562295,0.041438168127476
24,39,0.11263740472099767,0.29737455301500015,0.308010154688517,0.20822836765148986,0.10215011827734861,0.08669664310020618,0.00033912506726327,0.00063194049390134,1.0,0.7,0.7,69,0.0681970807167842,0.045355526043983
24,40,0.10741108701507172,0.2893183601764274,0.2938522368779705,0.1772324451255509,0.08215834825016242,0.08105709733021225,0.0003682526816106,0.00119396969282907,1.0,0.7,0.7,72,0.067676608584643,0.0453316692648988
24,41,0.11219373886943836,0.2956554626860562,0.30621286649778723,0.20706258253812537,0.09780610594474103,0.08652477241343375,0.00033842957777173,0.0006280407229087599,1.0,0.7,0.7,73,0.0665162457930664,0.0461564354010266
24,42,0.11424893467153341,0.2975500864264519,0.3110613172474442,0.20820836510234925,0.1031455462817922,0.08873068871425335,0.00038669803605651,0.00085030952916675,1.0,0.7,0.7,74,0.0549396286068781,0.0507724080918895
24,43,0.10664752508845238,0.2843150898831687,0.2885879885160832,0.17409495653350585,0.09454461143488727,0.07992827970111527,0.00039068070399441996,0.00299801748678219,1.0,0.7,0.7,75,0.0666787424069844,0.0453581936743514
24,44,0.10655016448455751,0.29186880729830256,0.3114238782221944,0.22804372807582451,0.08242699728039292,0.08149815167201067,0.00037006239994794,0.00067222318096836,1.0,0.7,0.7,80,0.0898568564766418,0.0616379341216351
24,45,0.10636209233024603,0.2831666288826011,0.29628075137250987,0.21254032024234296,0.10371572421701997,0.08236027955911514,0.00035984796460731,0.0006311472517465,1.0,0.7,0.7,82,0.0841102203712182,0.0563382879964453
24,46,0.10534295190363399,0.2823188690880067,0.2984059680366799,0.21647224178430544,0.0944877247537646,0.081598071659395,0.00037034431455838,0.000673681295744,1.0,0.7,0.7,83,0.0868665034251556,0.0607518061132544
24,47,0.10534379067151042,0.2822277200300645,0.2983093115735318,0.21641981206177316,0.0830425160472896,0.08161726143351458,0.00036986630641832,0.00067189784589818,1.0,0.7,0.7,84,0.0868060368796268,0.0605945228676759
24,48,0.10912486850171191,0.2737922468453833,0.2921005930988499,0.22127928860611415,0.1452803124913301,0.0880831404322432,0.00037053441985938,0.00060728609085236,1.0,0.7,0.7,86,0.0598914938349588,0.0456413934435412
24,49,0.10494688968032553,0.2588904528025042,0.2735948194269544,0.21246909974184883,0.15888433633827392,0.08540150241081976,0.00037779953449022,0.0007662310023109599,1.0,0.7,0.7,87,0.0515347671253807,0.0482599119753078
24,50,0.10370345819252132,0.2541736822782688,0.2746043764389455,0.21326122598870684,0.13776767330327494,0.08498632681340387,0.0004336829848899,0.0011105061943491,1.0,0.7,0.7,88,0.0464137846338401,0.0451480007100448
24,51,0.10407980610191743,0.2518266762646175,0.26912939461233143,0.21038435422025994,0.09683192598940121,0.08579196060107519,0.00041196659753275,0.00082525892837358,1.0,0.7,0.7,89,0.0431698808686724,0.0430971735808497
24,52,0.10336010606428013,0.24902825946497267,0.27214021416767975,0.2640012365755557,0.0937525255329874,0.08605097163641243,0.00041785357769635,0.00065847769935598,1.0,0.7,0.7,95,0.0515807875891107,0.0398474377515597
24,53,0.10509958166125787,0.2505600045203906,0.2736612118803655,0.2557933280754927,0.08865674820869464,0.08742763597500833,0.00045346104740132,0.0011475421462511701,1.0,0.7,0.7,97,0.0524451843290157,0.0391094542772885
24,54,0.10363911458122813,0.24563099815111433,0.2655606065311599,0.24272990480849083,0.10358872156586921,0.0864161361546205,0.00045888049336890004,0.00097297768168348,1.0,0.7,0.7,98,0.049566579499584,0.0383723930919615
24,55,0.10277840815630157,0.2431222172411467,0.2659218798813775,0.26030140185328426,0.11213819752767014,0.08631093180489649,0.00041791265079078,0.00065862551603739,1.0,0.7,0.7,99,0.0494161163447818,0.0397538061043146
24,56,0.10275441044518295,0.24270224426107426,0.2654786673825497,0.26004604006191917,0.0902396699116019,0.08635739285146539,0.00041929644583853,0.0006464388722943,1.0,0.7,0.7,100,0.0486665644139425,0.0395636758451311
24,57,0.10418111430892672,0.2437767746761333,0.269500142373479,0.28587307486485575,0.09084897831969156,0.08820517979442405,0.00037492320060733,0.000495353174449,1.0,0.7,0.7,107,0.0632416911818168,0.0372459131504422
24,58,0.10400751767469861,0.24233633564570223,0.2679853876666083,0.2853576376041231,0.09895578643358828,0.08823014297799928,0.0003769309847948,0.0004961383408670701,1.0,0.7,0.7,108,0.0623491130141312,0.0373653706879783
24,59,0.10208971708440147,0.23672996927761392,0.26216301147278553,0.27140938693976896,0.09729966241424846,0.08685433425213088,0.00038054545373551,0.0005418422238145199,1.0,0.7,0.7,111,0.0629624117469771,0.0391465110281737
24,60,0.10162920564698111,0.2254347554431438,0.2650791055381307,0.3445508249434383,0.0999713287704643,0.08851520313486597,0.0006761509902853599,0.00104879750426482,1.0,0.7,0.7,125,0.1056066120105695,0.0505560935971202
24,61,0.1017465361003956,0.22243469162971863,0.26189901037995234,0.360167773746793,0.09250468703656041,0.08909921691840397,0.00069662938011294,0.00098634246324379,1.0,0.7,0.7,136,0.1012385200002316,0.0481487969474223
24,62,0.1045672961556146,0.22996388532503437,0.28454446011749884,0.44445902620903915,0.09490660375857872,0.0923052945502979,0.0006905242229127,0.00095342361270565,1.0,0.7,0.7,150,0.1285727300356369,0.0471070593995111
24,63,0.10096183171561023,0.22242109164729798,0.270836809529503,0.41169446004715676,0.09132232337015767,0.08884115586450683,0.00069642661975094,0.0009453258024896,1.0,0.7,0.7,156,0.1037881536646442,0.0461434740082105
24,64,0.10125247459713273,0.23776797581068662,0.3197103819230354,0.6322274269214027,0.09066171952865451,0.08967659260369772,0.00044217950855435,0.00061591172463016,1.0,0.7,0.7,188,0.0607197935746871,0.0358853565922303
24,65,0.10088463761282622,0.24027394533008764,0.32831992032220736,0.6944801610491333,0.09013765623697438,0.08933027106869851,0.00044144140110032005,0.0005959894661161,1.0,0.7,0.7,193,0.0619382322530707,0.0369879835866316
24,66,0.1009461761625756,0.2385125856435507,0.3264537619738282,0.7047877361591168,0.09748076925509853,0.089634552581232,0.00043274790321247,0.00060978224121618,1.0,0.7,0.7,195,0.0516071147414452,0.0367188581786105
25,0,0.9392301183564951,0.983874568297436,0.9830578085462373,0.3936805975488377,0.0,0.0,0.0,0.0,1.0,0.7,0.7,1,0.9493158973258292,1.1452010015153922
25,1,0.9135038314604121,1.022328457710923,1.0171158551409631,0.4444387383509314,0.24918180297487338,0.06639996174913541,1.3324695750579999e-05,2.3936308309529998e-05,1.0,0.7,0.7,2,0.8853385589013109,0.9459458579805184
25,2,0.8364723105496134,1.0102920400681554,1.0066161018302775,0.44351070212862764,0.28926273695697097,0.08284244243081536,1.7421937992879998e-05,2.490340649955e-05,1.0,0.7,0.7,3,0.7706635991114129,0.8601393806411616
25,3,0.6609538593989472,0.9337737313211132,0.9270250925841578,0.3932799524270428,0.485221052058285,0.06667474822950088,0.00028392596956168997,0.00021456813985815,1.0,0.7,0.7,4,0.5379143631231192,0.7131525014979283
25,4,0.6542250671086409,0.9285933951754153,0.9217859782039789,0.3900203823743594,0.07100296331553933,0.06273187381998344,0.00022533854253678002,0.00016315709944687,1.0,0.7,0.7,5,0.5339028796016392,0.699412388338241
25,5,0.4897367597151483,0.8479225679006123,0.8368345047525696,0.3434945734795711,0.6494599776272603,0.06665289574549012,0.00015422673479353001,0.00013291517963536,1.0,0.7,0.7,6,0.3699975333483712,0.3578178144938616
25,6,0.48652586584296603,0.847466291721787,0.8393351951629143,0.34701866247558105,0.07337937719889201,0.06663238679213243,0.00015625070513639,0.00013555438051981002,1.0,0.7,0.7,8,0.3691318380854236,0.3570452727968608
25,7,0.34965793700220044,0.7471957836966721,0.7347902137913161,0.282240117260377,0.34184452045303554,0.050808117919601034,0.00012341290317051,9.983723330596e-05,1.0,0.7,0.7,10,0.3540269122984768,0.3234458629038534
25,8,0.34616848034779196,0.7445470211808485,0.7319350124661156,0.2790080080759963,0.0804891206804523,0.05222729676788389,0.00012857764259982,0.00010641438553923999,1.0,0.7,0.7,11,0.3645026101094104,0.3269538547868927
25,9,0.3207754643334317,0.7234546005191526,0.7089783696357636,0.2773281318335267,0.3218323165893733,0.06787243309300119,0.00018564676228734,0.00015113480766807,1.0,0.7,0.7,12,0.2664441587923898,0.1846936521310292
25,10,0.2876562581230487,0.6908514289137575,0.6776354022991768,0.2696469196692053,0.1182504528854429,0.06909150914234485,0.00028804827375696003,0.00021912511644994002,1.0,0.7,0.7,17,0.2686802291918327,0.1419634460593045
25,11,0.27438297513438903,0.6802886909415073,0.6670113444189127,0.2703652055044989,0.06758769912319373,0.05940116861381246,0.0006190467983871199,0.00037122353218707,1.0,0.7,0.7,21,0.2799154864089941,0.1897234176089555
25,12,0.25253929985684637,0.6524458315862922,0.6406256947111313,0.2539556179622773,0.25787459724636974,0.06144718224309761,0.00074348838291988,0.00047792577182547997,1.0,0.7,0.7,22,0.2474000364360526,0.194832174118595
25,13,0.24190177256384257,0.6394238181972357,0.6270394926462386,0.24973525939971336,0.13720727085697795,0.05970572568639385,0.00063547027406449,0.00038513226811682,1.0,0.7,0.7,23,0.222465614947687,0.1777300409990219
25,14,0.24193569980304053,0.6409090946250505,0.6315761247847709,0.252168521643517,0.060717705130520036,0.05976742572535311,0.0006347093797924,0.00038404462451662,1.0,0.7,0.7,24,0.2218804286149296,0.1787674782465622
25,15,0.24700465853903755,0.649049658046881,0.6458284144217131,0.29195923550379277,0.06578885028356497,0.06531677662612871,0.00016314271220891,0.00023176461383542002,1.0,0.7,0.7,26,0.1929292936492565,0.1413050749216854
25,16,0.23565258581411108,0.6327953133103367,0.6286239293880956,0.27597286124989034,0.19676038168036103,0.06779360482206208,0.0001916313282518,0.00024515583387568,1.0,0.7,0.7,27,0.1797816946996387,0.1287206266219925
25,17,0.20843849201408263,0.5918178370868613,0.5884439608552804,0.2614469966078093,0.3768025227692247,0.06989662856962989,0.00018550086997603,0.00024614169589206003,1.0,0.7,0.7,28,0.1497641217089269,0.0935627597014288
25,18,0.20210836155488468,0.5810593517524083,0.5742606880529152,0.2574856611110007,0.11874113979522483,0.0678845708165978,0.00021959513833103,0.00028610085989135,1.0,0.7,0.7,29,0.1803393071708295,0.0950214598373907
25,19,0.1999885614985186,0.577629216139493,0.5735483942724721,0.2503308290264428,0.1156612146646377,0.06964413250146763,0.0001948482212774,0.00026893216441243,1.0,0.7,0.7,30,0.1674814801737619,0.0896261198966252
25,20,0.18315538354508457,0.554329298026641,0.5466181029547417,0.23916066090070023,0.1380148287989874,0.0592231739306075,0.00016978530518105,0.00026340530500874,1.0,0.7,0.7,31,0.1635723373328085,0.0893516344721753
25,21,0.1771709712524894,0.544835447148097,0.5396325467910644,0.23825987473242166,0.1334777620259016,0.05905186272477608,0.00017136681986537,0.00022616039418967,1.0,0.7,0.7,32,0.1532401546257381,0.0836442229736111
25,22,0.1770618247120517,0.546099488805573,0.5439404586843504,0.25335321427355834,0.05994671532529585,0.05903966493059178,0.00017151465381758,0.00022500386510068,1.0,0.7,0.7,34,0.1526381430171687,0.0840436355772221
25,23,0.17560721512054944,0.5342218050573373,0.5367859967181071,0.25431091759092755,0.11035056042807628,0.07138295134318885,0.00026716025099529,0.00036705098960948003,1.0,0.7,0.7,39,0.1359388467237256,0.0685045379274967
25,24,0.17596035982027552,0.5231932245442495,0.5276370929039833,0.26567523947387395,0.1217394519218382,0.08204273557719169,0.00024858765927494,0.00041642019355898,1.0,0.7,0.7,43,0.1378492127557943,0.0716725252805686
25,25,0.15259556982080577,0.4754644434915583,0.47491592341343836,0.22935401855145324,0.33685549930155073,0.07401583128570254,0.00034312839461933997,0.00039125318361007,1.0,0.7,0.7,44,0.1166254458597303,0.0752579790801637
25,26,0.14168885676832427,0.45282124760815046,0.45427940021859836,0.22057502998522993,0.14229818411546336,0.07051501512990635,0.0003675945031151,0.00045193153875961,1.0,0.7,0.7,46,0.1197825284798828,0.0750503632444039
25,27,0.14350299832397512,0.4465268162704969,0.450306174141143,0.24009065794205076,0.09770909840251979,0.07718677070890931,0.00037737769893364,0.00047907121091866,1.0,0.7,0.7,51,0.1126177412785714,0.0749973339461458
25,28,0.14368617911677856,0.44809914071660395,0.45492629661473294,0.24632551904658195,0.07836399956060372,0.07741259668776992,0.00036520330661902,0.00047939530145599,1.0,0.7,0.7,53,0.1123864147569464,0.0745738905993917
25,29,0.14097018326830157,0.44894417895153554,0.4648690604006642,0.30331660181555686,0.07736195829708073,0.07509323600885386,0.00036708059201478,0.00048013137421925,1.0,0.7,0.7,58,0.1119002290876884,0.0763182402680659
25,30,0.8330095544010574,1.143365161710643,1.1712433544814247,1.0713041996680301,0.7706467340702919,0.06913605100717593,1.0,0.00035607192415569,1.0,0.7,0.7,86,0.0588362369074658,0.0840155535622419
25,31,0.8310715139338751,1.1423540592143913,1.1820809552528846,1.1084361014447723,0.7944458496905289,0.06947351704621674,1.0,0.00034845502150693,1.0,0.7,0.7,88,0.0597080694169394,0.0867667167695145
25,32,0.830955803616097,1.1436685508093445,1.1864464832264034,1.1178372922828004,0.7697492384995072,0.0693711494822932,1.0,0.00034690369498112004,1.0,0.7,0.7,90,0.0608677582898823,0.0864311614564824
25,33,0.830496807736368,1.1426093600048137,1.1853431420753058,1.1241568886806443,0.7754306845774216,0.06918820121511285,1.0,0.00034021535655275,1.0,0.7,0.7,91,0.0631705872638165,0.0838680503625499
25,34,0.8298174444648393,1.1402926152652793,1.1799601938192834,1.1200727926939615,0.7706076536370011,0.06857157993079004,1.0,0.00036528089833204,1.0,0.7,0.7,92,0.0613367633575832,0.0830561471363812
25,35,0.8294258516447158,1.1364065206797944,1.1699256334172303,1.0999116742801383,0.7744486303025091,0.06845025023765083,1.0,0.00034914138310892997,1.0,0.7,0.7,93,0.0644279294735881,0.0830738174464606
25,36,0.8281377327139827,1.135223207156646,1.1746419713758924,1.1234227677564577,0.7970247049752412,0.0684128278079659,1.0,0.00036835165866692997,1.0,0.7,0.7,94,0.0589042842485533,0.0851132198673572
25,37,0.1246626501939718,0.427019036234224,0.4719923070655616,0.4558473439092139,0.08341782945750667,0.06760402093998227,0.0008074130272645501,0.00038780147551971996,1.0,0.7,0.7,99,0.0877726531966828,0.0805876313465891
25,38,0.8238211722852623,1.1293772430712574,1.1834255077432716,1.1707853066782496,0.7700014252761603,0.06781761586416428,1.0,0.00038276245953615997,1.0,0.7,0.7,105,0.0733017403500246,0.0817971886522077
25,39,0.1223406004848668,0.4263198026918027,0.48025586221764655,0.47194117361473104,0.07484608415157958,0.06658561996341329,0.0005924846301527599,0.00034746653268757,1.0,0.7,0.7,107,0.0686823764943833,0.0822875448565321
25,40,0.12213389295831603,0.4240198185304954,0.4778072442253942,0.46727774872871963,0.06990111340045917,0.06711708821804155,0.0007200319404284999,0.0003672775139139,1.0,0.7,0.7,117,0.0773881005670024,0.0804229636032232
25,41,0.12204298818804991,0.42134967136283963,0.47790526169229264,0.4854000967366,0.08230402671743882,0.06855436069143803,0.00075648295273666,0.00041506945898716,1.0,0.7,0.7,120,0.104087860462668,0.0824007483949164
26,0,0.9656565468973773,0.9910088070162195,0.9905534117770513,0.398245177963527,0.0,0.0,0.0,0.0,1.0,0.7,0.7,1,0.8385412330131727,1.1312025207262129
26,1,0.9007810411268227,1.018585095722254,1.0131728803841786,0.44211417108491624,0.32572070864544134,0.06660204497654135,1.302559186403e-05,1.800562800668e-05,1.0,0.7,0.7,2,0.9387784449056298,0.9459458579805184
26,2,0.8374972377410782,1.0075280303644008,1.0039500531764465,0.4400491445545893,0.24406456859100248,0.07814179532816382,2.217305860143e-05,2.3664416399599997e-05,1.0,0.7,0.7,3,0.7652360777715204,0.8507440442264235
26,3,0.6129585705434333,0.9123228785488362,0.9044964209054912,0.379494535069826,0.6450809891289663,0.06650790781577745,0.00028187838416251,0.00021288567013371,1.0,0.7,0.7,4,0.5785873127726476,0.4167528412358943
26,4,0.6089888331875661,0.9083639169624734,0.9005369759805476,0.37704173131223273,0.06296893404115506,0.06263119125193754,0.00022796926328108998,0.00016266256649648,1.0,0.7,0.7,5,0.5675586635319305,0.445996685279507
26,5,0.5523842754428429,0.886395701861036,0.8768562406817741,0.37277146051264515,0.19128849663177266,0.07438179942846022,0.00029490397602654003,0.0002308912981404,1.0,0.7,0.7,7,0.5186806823326975,0.4651201997439425
26,6,0.43568517488620967,0.816421804535322,0.8065323564976778,0.3284794962209369,0.5336789036262367,0.07013931375130308,0.00029897243049011003,0.00023112946038033997,1.0,0.7,0.7,8,0.4030836134758232,0.3006080402620963
26,7,0.4332997561732313,0.814630421059843,0.8046763142432105,0.3290897366155901,0.07879911174662999,0.06969783517456735,0.00024506330960869,0.0001809063567431,1.0,0.7,0.7,9,0.3995030730925298,0.3150023071432326
26,8,0.4330319570457957,0.8158455915695092,0.8089419764446001,0.3438467771717481,0.06992069850198322,0.06950638437140413,0.0002440241936102,0.00017979734990206,1.0,0.7,0.7,12,0.3996902821238008,0.3157834148613438
26,9,0.41421864594228347,0.8051131502743214,0.8004605874818098,0.33520903722151013,0.12802656794960782,0.07309661088952281,0.00027474852921847997,0.00022632379242182998,1.0,0.7,0.7,14,0.3819198334369997,0.3506617283737073
26,10,0.38983810688294457,0.7872811082705475,0.7849170437795806,0.3308710870972666,0.17332306808872258,0.06884197124460259,0.00035842193613545,0.00022881909051527,1.0,0.7,0.7,15,0.4131314567519455,0.2691242193069571
26,11,0.3895622665720984,0.7870258885137998,0.7846584928545701,0.3367752492443054,0.0692918884064702,0.06865472043801105,0.00035636644424146,0.00022736435799924,1.0,0.7,0.7,17,0.414041535972164,0.2707522837586088
26,12,0.3694997305244799,0.7741163222697809,0.7736122013131735,0.32847452333045946,0.24014172796537364,0.07768153442855906,0.00033439069738999997,0.00038906221310627,1.0,0.7,0.7,18,0.3895001699343209,0.2853112526598026
26,13,0.33609798674458313,0.7560497574168974,0.7545868423679781,0.33662603128459156,0.1843977616758314,0.0781748594878385,0.00060230161925999,0.00065053533352632,1.0,0.7,0.7,20,0.3503951618779078,0.1802044489786972
26,14,0.2651697081461627,0.6683661633175256,0.6654365264076748,0.28614916572768456,0.3466246155319353,0.07828071020392909,0.00059836905817691,0.00064633826876139,1.0,0.7,0.7,22,0.3059425362794821,0.1738985666664843
26,15,0.2629702838911715,0.6670232901910806,0.6670065385748057,0.2843433889615159,0.08865657904061727,0.0782510438897739,0.0005991582236137899,0.0006398097657297601,1.0,0.7,0.7,24,0.3116093911971494,0.1893575419236931
26,16,0.24348814376457947,0.6399559791044154,0.6356741745473314,0.2726443229711973,0.24238286242078536,0.07694384068697734,0.00033334455641889,0.00037569785666784,1.0,0.7,0.7,25,0.2323783319671667,0.1280661151858054
26,17,0.23945842387546698,0.6357692848604869,0.6342646217202854,0.27590612765723255,0.09602246393162604,0.0767502924684013,0.00033117717387317003,0.00037248973213079,1.0,0.7,0.7,27,0.2282917001617334,0.1268845372802274
26,18,0.22542988806756284,0.616580955689672,0.6142045295790824,0.26836357382131737,0.1370034704163313,0.07474703524137571,0.00033303771518358,0.00041009832284973,1.0,0.7,0.7,29,0.2215345774087794,0.1353623555183692
26,19,0.20392907907843022,0.5808922818917409,0.5796147236810197,0.2549782213914504,0.20728014192647287,0.07618130333957907,0.00033322656803185,0.00041560261119769,1.0,0.7,0.7,31,0.1650095022060642,0.0989043369994527
26,20,0.20421577759169796,0.5823943614540863,0.5841416746653181,0.26253970588099035,0.07922601027838662,0.07674104294609237,0.00035970320561116997,0.00044665797945857,1.0,0.7,0.7,33,0.1672525060625882,0.0939038406542857
26,21,0.19759691336007204,0.5720405480891378,0.5733643679688555,0.26079741704997883,0.10416053859337523,0.07478695707834067,0.00033337193759019,0.0004190535015218,1.0,0.7,0.7,35,0.1545215945594793,0.0970785649734102
26,22,0.16607360716827582,0.4999655273944187,0.4974009994327641,0.2219723198368404,0.6092887749440488,0.07943236647409609,0.00035009033587639,0.00047999063105644003,1.0,0.7,0.7,36,0.1221068710864929,0.1023678362357355
26,23,0.1643039560505752,0.5000584296938109,0.5064403339570772,0.2589862691927456,0.08570271011099312,0.07937182514318844,0.00034137683155727996,0.00045711055655885005,1.0,0.7,0.7,41,0.1207828195249753,0.092373512496789
26,24,0.15592165532044508,0.48927614725372787,0.49838808076003976,0.26909613107677316,0.08139786115272196,0.07353933953227268,0.00036420777788392,0.00039120088980239997,1.0,0.7,0.7,47,0.1211220708396421,0.0852907662280747
26,25,0.1445862160420133,0.46522216307281095,0.47623006931770273,0.26839452782679357,0.12474850700889459,0.07071289522981322,0.0004555374571465,0.00052903227238132,1.0,0.7,0.7,50,0.0948185187159727,0.0560246194963875
26,26,0.12795840065789854,0.41131036456134323,0.4165908802026798,0.2380091368474751,0.2525048175580796,0.07123354727419529,0.0003227760201554,0.00041947273866787,1.0,0.7,0.7,52,0.0813752221407107,0.0802230959502741
26,27,0.12582325915344683,0.4070148574452547,0.4150906555026155,0.23715989746538232,0.10608851714093928,0.07052330202948132,0.0003806732332318,0.00042733726074347994,1.0,0.7,0.7,53,0.087140031347886,0.0918249829755272
26,28,0.12582325914052891,0.4070148574544539,0.41509065551181473,0.24558970365003827,0.07108900232562423,0.07052330203874617,0.00038067323319709997,0.00042733726068439,1.0,0.7,0.7,54,0.0871400313398477,0.0918249830279616
26,29,0.12679290060265108,0.4072556134991002,0.4182289813945736,0.2539682739788564,0.08360719032856645,0.07238530550677573,0.00037625306198666,0.00041792309587738996,1.0,0.7,0.7,56,0.0785294874056034,0.0843744754615588
26,30,0.11313850665893017,0.35290090028112375,0.36406135513653126,0.22167115768212928,0.20368174253213944,0.0730378896533023,0.00047734980136833005,0.00049132030839321,1.0,0.7,0.7,59,0.0678816746821251,0.0738429417288389
26,31,0.10645374194005199,0.3337399131454787,0.34704679216807244,0.21925514425650047,0.10193051938678684,0.07036550533955657,0.00047759185738958004,0.000425634259819,1.0,0.7,0.7,63,0.0667548008447595,0.0876862362716123
26,32,0.10005512265319644,0.2998333371204178,0.311398865796876,0.19772675232037842,0.3082445160260526,0.07084437252420463,0.00046525555506098,0.00043407076025518004,1.0,0.7,0.7,64,0.0563976971537836,0.0748275376712007
26,33,0.10315501766970776,0.308331530809393,0.3320822570719155,0.2841131608741827,0.07489655880613354,0.07398899755440554,0.00053761905537439,0.00043744208917196,1.0,0.7,0.7,80,0.0695087659053788,0.0920519900796931
26,34,0.10226087636762435,0.2998473321553757,0.31720159444234447,0.2615777568513121,0.09459088014690749,0.07415312889241342,0.0005388892940659999,0.00043862997028462,1.0,0.7,0.7,82,0.069306471321923,0.0941225071236794
26,35,0.10219368614155924,0.302484512360982,0.32593168598871486,0.28961566525461474,0.07572210940353506,0.07413577927952791,0.0005378331171961,0.00043699744346119,1.0,0.7,0.7,84,0.0693038106704248,0.0949799361825227
26,36,0.10160284895305277,0.3024668592791219,0.32891223973724276,0.3086048288263586,0.07629263951828263,0.07375003693071382,0.00053188638494586,0.0004323234828207,1.0,0.7,0.7,88,0.0688635226945351,0.096694223412819
26,37,0.10213576906498677,0.3044471976256547,0.3339447925366142,0.317734986780353,0.07506507863632814,0.07428314239603875,0.00053765392858584,0.00043397602714296,1.0,0.7,0.7,90,0.0698918656506158,0.0969127826769087
26,38,0.10054664665461481,0.2924668794930619,0.32428835561568575,0.3203729246474473,0.125506321598994,0.07526321801072491,0.00052482871871515,0.00041608285518517996,1.0,0.7,0.7,92,0.0619415484498393,0.0711208367412245
26,39,0.09949400610137986,0.29051140238053036,0.32227766745474534,0.39440818510673276,0.07555703501467997,0.07438406137713302,0.0005303787499073801,0.00043021305554875,1.0,0.7,0.7,107,0.066609747446456,0.0984471144553159
26,40,0.09813135284912568,0.29257301819271836,0.3334402941395181,0.449681681805645,0.07521277391412133,0.07322148361991926,0.00051678180542813,0.00043941712427321,1.0,0.7,0.7,113,0.0695329508421452,0.098050533591742
26,41,0.09870600966286155,0.2916351982301509,0.3294461275435097,0.4402651320336057,0.07491856963210262,0.0737940794596286,0.00051651367821482,0.00045827344257775,1.0,0.7,0.7,114,0.0709071088819941,0.0992031467854063
26,42,0.09982423199560848,0.2947266124633022,0.3385859679280083,0.4248458256622416,0.083683868651961,0.0750946935950219,0.0005280366103611099,0.00046498311925919,1.0,0.7,0.7,115,0.0725549858011682,0.0923444364440969
26,43,0.10075878705372587,0.29475815678865525,0.33856243509916295,0.42621335202533944,0.08065692396318974,0.0762178239896506,0.0005239195949104,0.00046331410280473,1.0,0.7,0.7,117,0.0724780598449883,0.0922938927827381
26,44,0.10042163409674926,0.2971243030216322,0.34702167973278136,0.44637634535971027,0.07705322601517378,0.07592457356722443,0.00052228908893818,0.00046373701889592994,1.0,0.7,0.7,121,0.0721471150879959,0.0921573522007597
26,45,0.10085406102594263,0.2997805440147047,0.35574177756017095,0.4953512278000088,0.08006863828862452,0.0765098176437683,0.00053042833419466,0.00043893561294093,1.0,0.7,0.7,123,0.0728123934107294,0.0949124696561164
26,46,0.09740134525518945,0.2866279778699644,0.33014194697385,0.4832223804426625,0.0825022894910383,0.07383382173265415,0.0005176187253854799,0.00044947900359066,1.0,0.7,0.7,127,0.0738661130940706,0.1061565410641065
26,47,0.09984608151754532,0.29918740598228305,0.3670315166273213,0.6406540339320309,0.07774103052155891,0.07661483267123682,0.00051778736222412,0.00040959803729974,1.0,0.7,0.7,154,0.0710642855345815,0.0989542737162952
26,48,0.09983557167480817,0.30062797383811113,0.3715246688480075,0.651193064107857,0.07727193395649033,0.0766054204341475,0.00051830350969282,0.00040983346742967,1.0,0.7,0.7,158,0.0710463514172631,0.0989770480868992
26,49,0.09981314220835553,0.30284804034010837,0.379809956586665,0.6689676391504762,0.0787600070976589,0.07671605010014933,0.00051799679933373,0.00040990074869058006,1.0,0.7,0.7,162,0.0745344531214353,0.0999014283721212
26,50,0.09934873989809871,0.3097545026270418,0.4049511419168258,0.8161965678407843,0.07751773357112918,0.07613441974182313,0.00056116148564472,0.0009209126648310299,1.0,0.7,0.7,195,0.0697225093839184,0.105587310799106
27,0,0.8910085658544261,0.9703349596602561,0.9688324915288085,0.3850177351369169,0.0,0.0,0.0,0.0,1.0,0.7,0.7,1,1.1501265796249422,1.1227325257258614
27,1,0.9116999466975331,1.021961653090406,1.0167173886054606,0.44429617984442665,0.16042018263725893,0.06666217976727677,1.3250216525330001e-05,1.885375986031e-05,1.0,0.7,0.7,2,0.8938691324062076,0.9459458579805184
27,2,0.8028580989960217,0.9941772783266432,0.9900339156157811,0.4307189598572263,0.34168203097908145,0.07596292049245462,1.4471745344439999e-05,1.921239381287e-05,1.0,0.7,0.7,3,0.8881652514566265,0.8713321790253734
27,3,0.8031459810056591,0.995975943547172,0.9948842555045717,0.43550467274327614,0.07644978358781873,0.07632948437168671,1.480970741323e-05,1.9661065359040002e-05,1.0,0.7,0.7,5,0.8868557265723936,0.8699983812599129
27,4,0.5546301500807578,0.8837556772939595,0.8744863294457446,0.36371372875645785,0.7642441614476779,0.06663351224555644,0.00010345968211661,0.00010128443465723001,1.0,0.7,0.7,6,0.6942052881812469,0.4218143319989532
27,5,0.5383659777112549,0.8738049046671698,0.8610488371307309,0.36281016891029305,0.12596711596201784,0.06666889988650629,0.00012746230059607,0.0001269727986393,1.0,0.7,0.7,7,0.60325905369005,0.6985881652548704
27,6,0.429963802015496,0.8113508812820995,0.8013905994970676,0.32197137298889555,0.5172868756237076,0.06663663727164446,0.00015722168483196,0.00013013792660995,1.0,0.7,0.7,8,0.461899782864051,0.3188115077609352
27,7,0.41895507426715084,0.8024327721884436,0.7890424062130067,0.3274855616057897,0.11945197188362144,0.066641629923548,0.00012798321567328,0.00013080485525414,1.0,0.7,0.7,9,0.414189391658086,0.4706451103510841
27,8,0.3700774337300114,0.766807622204682,0.7545976484881343,0.31038969342001804,0.19366182614035982,0.06650729060117425,0.0001525767105696,0.00014415013911908,1.0,0.7,0.7,11,0.3537211973542606,0.3817878349178192
27,9,0.3621590702482266,0.7617578104364379,0.7522635961312809,0.31210930580979757,0.08970028831792563,0.06664609238436606,0.00016535402533941,0.00014893344612659,1.0,0.7,0.7,13,0.3428257676660267,0.3475526718041833
27,10,0.3573187847719645,0.7591535106894409,0.752508590077696,0.3155299162825755,0.08068918152597893,0.06661103468094097,0.00016171166567570999,0.00014604242847444,1.0,0.7,0.7,15,0.3309280525818371,0.3339801284168058
27,11,0.35125046585928205,0.7510336070518588,0.7380271017466394,0.31032915119339294,0.10139241216323129,0.0663863582113364,0.00017078135154638998,0.00023137451042191,1.0,0.7,0.7,16,0.3571100674220448,0.3480053927167506
27,12,0.3520270771974878,0.756652680741228,0.7526614835203415,0.3206299708714966,0.09048342727689053,0.07044469063176231,0.00023096776378125,0.00020858787757197,1.0,0.7,0.7,17,0.2846970499298898,0.2981517390947708
27,13,0.3425181166678131,0.7453311488699574,0.7347956431591122,0.31984963736297894,0.1304813861461068,0.0705889041381739,0.0002517959942447,0.00033545661746644,1.0,0.7,0.7,18,0.3266496083169308,0.2979372457324435
27,14,0.3385963025495012,0.7404527659248948,0.7267005311238927,0.3158947043401426,0.08245501446712002,0.07039963441177088,0.00025443172476933,0.00033382489247417,1.0,0.7,0.7,20,0.3273106978729861,0.2943232971409708
27,15,0.2995493387665418,0.7023474729402224,0.6869941312130582,0.2932673979169031,0.28118534522634675,0.06360379627791146,0.00042504343575739,0.00059764867199568,1.0,0.7,0.7,21,0.3144460085681821,0.2841111290499479
27,16,0.2962008348941476,0.6999443379614503,0.687065496905938,0.30011701941185837,0.11133437705984889,0.07122190540482409,0.00035077524544532997,0.00059164219854332,1.0,0.7,0.7,23,0.3084891128066873,0.2256619063208716
27,17,0.29400251880311656,0.697445294952601,0.6843644634800976,0.29246482713499056,0.10083693378446701,0.07270852564422828,0.00035246275300211,0.00059371012124705,1.0,0.7,0.7,24,0.2955030610947344,0.2157301086405814
27,18,0.28780103099986093,0.6921630819816301,0.6818436895858535,0.30364255037064536,0.11198144285258585,0.07181719028122828,0.00031348877434779997,0.00050158130027462,1.0,0.7,0.7,25,0.3042066882539807,0.2304006228468943
27,19,0.2807067950104676,0.6834114737638354,0.6699444922890265,0.30008070001713244,0.07980168647104029,0.06622007521663296,0.00036543444910840003,0.00069369663817461,1.0,0.7,0.7,26,0.2946765034749759,0.2730957220160333
27,20,0.27439690492187047,0.6767781137817646,0.663166234447273,0.30405872857113936,0.08289950666364931,0.06250112024780083,0.00035557821528354,0.00062720812332212,1.0,0.7,0.7,27,0.2950606661759496,0.277478119082285
27,21,0.2681519771377973,0.6687911958157456,0.6571650268256223,0.297145611616202,0.22008818828570484,0.07421283789508402,0.0002961782747254,0.00056823115188481,1.0,0.7,0.7,28,0.280142608426594,0.1988015445127444
27,22,0.2686108883824621,0.669030271722927,0.6573446022179829,0.30033713670677803,0.08433103354888284,0.07563818674493857,0.0002918287660723,0.00055613177144919,1.0,0.7,0.7,29,0.2452708547438455,0.1988346223139933
27,23,0.2686258419612566,0.6690156556025694,0.6573220739083224,0.30543597182109355,0.0774503988318101,0.07579194641658571,0.00028763047946236,0.0005430117478172601,1.0,0.7,0.7,30,0.243551290594469,0.196738682323572
27,24,0.2671414702257624,0.6686745601907411,0.6599506666293334,0.31151597392947383,0.08757581185832061,0.07565287319894622,0.00028111609500639,0.0005289951935972201,1.0,0.7,0.7,31,0.2440220275969627,0.1964382515074794
27,25,0.2679760421412041,0.6691610002845838,0.6603476628649781,0.333349383118276,0.08090778443245272,0.07795998363563286,0.00026280069829195,0.0004692600162964,1.0,0.7,0.7,36,0.2325707331725159,0.2069391614417841
27,26,0.24475130812863274,0.6405224927017396,0.6333227995015696,0.31089866300367125,0.14209853273415318,0.07614215677654833,0.00032632923177864,0.00060834740219872,1.0,0.7,0.7,39,0.2035723716134774,0.1974652483445379
27,27,0.23647584577233588,0.6305134519641435,0.6258216523307779,0.3162419902361678,0.11319374814854895,0.07570994268166586,0.00019491767869794,0.00035228045754317,1.0,0.7,0.7,41,0.2068468150583049,0.1553712055574204
27,28,0.23564234518949012,0.6278030424244887,0.6199905037233685,0.32356826928600035,0.0853833599537354,0.07579384804214315,0.00019691458085692,0.00035111255766522,1.0,0.7,0.7,42,0.2064700915666473,0.1585885667764542
27,29,0.23515657896697928,0.6283498155884932,0.6235220046463925,0.3311647571834499,0.08126759288030176,0.07621850991683124,0.00020363037860164998,0.00036261711410449,1.0,0.7,0.7,44,0.2057418284851311,0.1566257707550211
27,30,0.22898381380584773,0.6205984262193225,0.6183570695574226,0.3253472350045552,0.10837247647167385,0.07619229021980749,0.000216524608077,0.00039169780680625997,1.0,0.7,0.7,46,0.1980429531964283,0.1513996199595899
27,31,0.22818182963910905,0.6195839491252767,0.6173111552450087,0.33547935011608115,0.07765194942032053,0.07578245702657628,0.00022360017637762,0.00040751621345914995,1.0,0.7,0.7,49,0.1945718073257801,0.1495126042388226
27,32,0.228382106392787,0.6212333680121529,0.6220121742576532,0.3411783600701419,0.07664694782254795,0.07601551407924109,0.000211016828281,0.00040097788468882,1.0,0.7,0.7,50,0.1981349711210643,0.1513496291771319
27,33,0.22579432893755588,0.6176012397639368,0.6182275362687006,0.338630506810652,0.09657267864481478,0.075412598080229,0.00021150183928259,0.00037495819123590997,1.0,0.7,0.7,51,0.1943844724988412,0.1500625247638436
27,34,0.22584830174658144,0.6187779611046218,0.6224088920605042,0.3753826403615466,0.07715817031916648,0.07607031580151495,0.00022041169523643998,0.00038988713309642,1.0,0.7,0.7,61,0.1929845184283999,0.1508046828411599
27,35,0.2244954810810118,0.6180582696266176,0.6246246719872744,0.42381566979110774,0.07797459605460487,0.0762184457945111,0.00022060916049702997,0.00038294320365983,1.0,0.7,0.7,73,0.1936087839925197,0.1512522870588272
27,36,0.22409375535827405,0.6204882282591373,0.6331485260214584,0.42281400027774646,0.07807302078392028,0.07596719056987623,0.00021666594069095,0.00039400589007201995,1.0,0.7,0.7,74,0.1933774072862895,0.1481938304722969
27,37,0.22407632256613644,0.6188237833647646,0.6284045663970144,0.44195874119304057,0.07850671497868357,0.07629210815569323,0.00022041916610764,0.00037822231344215,1.0,0.7,0.7,76,0.1947730909808524,0.1468271511695384
27,38,0.22360178938108977,0.6180633547762677,0.6276040672261023,0.43463186418638544,0.0821958992814279,0.07632108988710842,0.00021837857034581,0.00038246438955475,1.0,0.7,0.7,77,0.1953218221625665,0.1479555027313798
27,39,0.2234879707528144,0.6179262020902864,0.6274636681117183,0.4473799673097704,0.07711063800931243,0.07625190470042252,0.0002158140019391,0.00037983481755622997,1.0,0.7,0.7,78,0.1935439401562272,0.1463655458987999
27,40,0.22338184550958434,0.6177380760964412,0.6272640908764016,0.45027877913734304,0.0782850477304674,0.07628840076704221,0.00021848135019728,0.00037912973305003004,1.0,0.7,0.7,79,0.1931839393758632,0.1453605208170805
27,41,0.22306578289378926,0.6187180012769394,0.6312743653950944,0.4559721651070272,0.07976425801512185,0.07625717850729936,0.00021935398197459,0.0003797698349722,1.0,0.7,0.7,80,0.193264732380879,0.1455886951331471
27,42,0.22295226703895527,0.6185427893532301,0.6310905836667904,0.4592636530162568,0.07783479431631962,0.07625000580182124,0.00021988274538648,0.00038101307839491,1.0,0.7,0.7,81,0.1930712900154142,0.1454416721886715
27,43,0.22284632902132248,0.6169057911150689,0.6263905260205271,0.4621989457356863,0.07804749736626684,0.0762706983331285,0.00021839917532589,0.00038006354725913,1.0,0.7,0.7,82,0.1933567076407202,0.1458933287863646
27,44,0.22278140957813364,0.6197263595017822,0.6353126856988313,0.4746780450277791,0.07699609314104941,0.07626355129412106,0.00021853206807316002,0.00037986349534607,1.0,0.7,0.7,84,0.1933760962662761,0.1457168576727633
27,45,0.22222009758311445,0.6187145331906468,0.6342386308704521,0.4741093059405789,0.0853630806069285,0.07646309893989228,0.00022735524153145997,0.00039574753027670997,1.0,0.7,0.7,85,0.1920009374506633,0.144298448474254
27,46,0.2156451760592581,0.6139194051724627,0.6353946325042501,0.5097110545171009,0.07646676936347904,0.07161208271258004,0.0002504345183401,0.00065699034587545,1.0,0.7,0.7,90,0.1641043783867282,0.1627282453930283
27,47,0.2143248059389583,0.6124919257789105,0.6368116871568915,0.5184088048296547,0.08766966183897566,0.07281904264163983,0.00025438268499159,0.00068710372427688,1.0,0.7,0.7,92,0.1664192647297391,0.1617806564954081
27,48,0.21412890844260357,0.6086434875973058,0.6267610303542185,0.5273965066037491,0.08752827595094477,0.07376474892181296,0.00026322324275694,0.00070825544733748,1.0,0.7,0.7,93,0.1727359110248401,0.1633802148202324
27,49,0.21366165532103035,0.6094903214007648,0.6306422238526715,0.5588897621314536,0.07470974208938348,0.07353300038345587,0.00027431697506747,0.00068153980492523,1.0,0.7,0.7,98,0.1665948598011904,0.1721640585638439
27,50,0.21368874547689032,0.6109098011764886,0.6351059110964361,0.5546371937705417,0.074745571508839,0.0736469160288093,0.000278681291579,0.00070772058176768,1.0,0.7,0.7,101,0.1762632794465832,0.1688898074291804
27,51,0.2112309590791179,0.6059816719869174,0.6269948775067105,0.5643995112990643,0.09108851619202028,0.07279246200674806,0.00026455265338853,0.00064918055232803,1.0,0.7,0.7,102,0.1681016385548709,0.1647473372014597
27,52,0.21096679525137235,0.6170368784701872,0.6624296525071515,0.6199357937612748,0.07405935981424822,0.07303149250296696,0.00032261061478749,0.0006396102356241,1.0,0.7,0.7,120,0.1623048033672943,0.178077158414397
27,53,0.21141643893980958,0.6193158547398637,0.6706775136488554,0.6955282820529065,0.0780839205390947,0.0751640019676119,0.0003121440091836,0.00056235845339804,1.0,0.7,0.7,128,0.1757923441156183,0.1677865551669269
27,54,0.20743747891831582,0.6220546909325011,0.6886097260659854,0.7200785387466213,0.07427721690364855,0.07196737132134932,0.00028122984186583,0.00068217252316029,1.0,0.7,0.7,134,0.1692519301642767,0.1610454243334795
27,55,0.20820036054284674,0.6152755668766102,0.6665347735896394,0.7603860863909769,0.07582531526911046,0.07307375568666416,0.00032532585576403,0.00065356920289375,1.0,0.7,0.7,136,0.1759615516327189,0.1699220296825699
27,56,0.2084940082831,0.6169390224177431,0.6712402412675105,0.7847792942835317,0.0749344885793086,0.07349535962863493,0.00032618699077035,0.0006540760508749499,1.0,0.7,0.7,138,0.175851825520221,0.1700257313031616
27,57,0.20389121012171696,0.6160028761545635,0.6793759242689731,0.7476438744415437,0.0825022594543226,0.06983945593275864,0.00036295007695402,0.00071550485481813,1.0,0.7,0.7,139,0.1609844880019734,0.1635396346997355
27,58,0.20205757457498014,0.6182904517048713,0.6907914669980196,0.7819017827746404,0.06954883849920082,0.06842702262208081,0.00030430018485433,0.00068943523041275,1.0,0.7,0.7,149,0.1649176562476397,0.1638480909619143
27,59,0.20415226141707496,0.6207199512055326,0.6961380038694818,0.8040684810073269,0.08203930728156825,0.07210499359667147,0.00031906907542858,0.0006451046510712801,1.0,0.7,0.7,151,0.1645298835323719,0.165445783465598
27,60,0.2041035815458562,0.6221294360385654,0.7006004197842116,0.8107627238188833,0.07274267947273781,0.07205945552673865,0.00031914230354154,0.00064290289409825,1.0,0.7,0.7,153,0.1645063423630678,0.1653691820745073
27,61,0.2022639349778596,0.6209737915382848,0.7024051417359575,0.8340165317994771,0.07447356110786446,0.07132228882764699,0.00031064583006591,0.0005848512297424401,1.0,0.7,0.7,158,0.1677311558746761,0.1685045869664162
27,62,0.20286228346446697,0.6156805750491485,0.6848930516446751,0.8223543212305221,0.07350364442595722,0.07197971562200557,0.00031174330295623,0.00060445765648488,1.0,0.7,0.7,159,0.1699444724552793,0.1688015944070565
27,63,0.20263445095401336,0.6152808143075171,0.6844728241733656,0.8289409737395206,0.0754028723942358,0.07200334402885304,0.00030803671022303,0.00057938993915885,1.0,0.7,0.7,160,0.1695527578611497,0.1671834662580721
27,64,0.2009334974396056,0.6159845624605932,0.691221917910627,0.8442806838919409,0.07575459457090519,0.0709282194512781,0.00033104766112169,0.00064492580012718,1.0,0.7,0.7,162,0.1630699001417587,0.1647777974000275
27,65,0.20106064897492357,0.6175568850113747,0.6958457050163442,0.8663150287153055,0.07187127149037958,0.0710780265098264,0.00032923661121715003,0.0006413050236224701,1.0,0.7,0.7,164,0.1630664518041681,0.1647093750401066
27,66,0.20410290876210196,0.6246223228973896,0.712028616799625,0.9325130884396297,0.07590134487866931,0.0746237260762834,0.00034857344763637,0.00057422655132056,1.0,0.7,0.7,173,0.1673591021619914,0.1612146206730265
28,0,0.9912636919742399,0.9977418695066096,0.9976274476978825,0.4025530942100871,0.0,0.0,0.0,0.0,1.0,0.7,0.7,1,0.7350668362003875,1.1235107563710702
28,1,0.9409332081600955,1.0306373766399994,1.0258359813441296,0.44982225960148553,0.2889907065852036,0.06659527043703892,1.36707556905e-05,1.5623553135729998e-05,1.0,0.7,0.7,2,0.772674027707905,0.9459458579805184
28,2,0.8992310530990466,1.0153867588334973,1.0100115090499386,0.43929990647104405,0.14079751005081972,0.06268429727799044,7.6189958047761785e-06,8.628364666733767e-06,1.0,0.7,0.7,3,0.7083153939599556,0.9332508381606074
28,3,0.6173480131241864,0.9143637234451578,0.9066393175624714,0.3808100011908047,0.802141901184719,0.06642747100476519,0.00030932999141975,0.00033775843737324,1.0,0.7,0.7,4,0.5623893490335405,0.424198231893117
28,4,0.607266978926992,0.9109701896649115,0.9060696910489422,0.38279109863864985,0.0821467894150706,0.06612121769023946,0.0002959812281894,0.00031995072343523,1.0,0.7,0.7,6,0.5661582394438126,0.4149579531818744
28,5,0.5472867434175887,0.8848749303134196,0.8751301661617411,0.3727109820564417,0.3210664627073835,0.07680955410557999,0.00032300074711026,0.00035338199050897,1.0,0.7,0.7,7,0.5566456329814611,0.4712448963816555
28,6,0.47811884823635453,0.8423091273620844,0.8339342892253164,0.35300024929570667,0.18117881482523143,0.06608901970203458,0.0002633644300526,0.00031257256065750003,1.0,0.7,0.7,9,0.3615551889799074,0.4534003637502752
28,7,0.4313129036178621,0.8141905906716315,0.8072799361664921,0.33149238317077717,0.28425136730801465,0.06781376160574605,0.00032389920052157,0.00035191468513727996,1.0,0.7,0.7,10,0.4134176089031244,0.3027845385426351
28,8,0.4261986026097064,0.8115606186281495,0.8075888953133848,0.33251616830989444,0.07422219401522022,0.0660031580176264,0.00030884968811555004,0.00033158536302988,1.0,0.7,0.7,12,0.4029741345576219,0.3359900041884339
28,9,0.4243743452808031,0.8119273791474491,0.8109250969829024,0.34351094389790243,0.0727026499604595,0.06656629917049474,0.00030549588019364,0.00032987959244317,1.0,0.7,0.7,14,0.4102608323225419,0.3076469914534253
28,10,0.34336605246709534,0.7478831647270376,0.7405749800893595,0.3090157167483267,0.5154131556662748,0.06818998791814282,0.00032537664051891,0.00033542914814594,1.0,0.7,0.7,15,0.3147133686087719,0.2319444896019479
28,11,0.3245727163998446,0.7314850418559066,0.7263255297041942,0.30881859509998527,0.12817558076251662,0.06818998791814282,0.00032537664051891,0.00033542914814594,1.0,0.7,0.7,17,0.3102397296101266,0.2160586873719811
28,12,0.29729341308934903,0.7032920551453491,0.693867636552015,0.2882126370087831,0.23361465211295807,0.06534861539633591,0.0003540429248981,0.00035635969856063,1.0,0.7,0.7,18,0.2743417110285343,0.2482202572689377
28,13,0.28284782511311896,0.689556213105273,0.6826283303672105,0.2911802631202515,0.08666815184448376,0.061157583872768706,0.00033606419286494,0.00035271242239275004,1.0,0.7,0.7,21,0.2534447963609795,0.2088337296474761
28,14,0.27378526579973056,0.6792219615602514,0.671770691424578,0.28454188700763067,0.13079635339879833,0.061157583872768706,0.00033606419286494,0.00035271242239275004,1.0,0.7,0.7,22,0.2492044604952059,0.2044238269119784
28,15,0.241011016026272,0.6399147018938706,0.6305574580722576,0.2639737711127035,0.3196418363374581,0.05947142140907841,0.00035828366592618,0.00034747486269512,1.0,0.7,0.7,23,0.2102368556919207,0.2229603279360917
28,16,0.23636796727371553,0.6349468043262869,0.6282786302745071,0.2617067245924727,0.08531478539295807,0.060231048476895845,0.00035953678124261,0.00034770537563391,1.0,0.7,0.7,25,0.204796343638578,0.2156466419557115
28,17,0.22798153560008297,0.6241667095613199,0.6170419101542564,0.26376437593763963,0.12110742127766602,0.0584273919324,0.00039237279974851995,0.00037113067440016,1.0,0.7,0.7,26,0.1799367847657295,0.2057328935500873
28,18,0.21824473448591736,0.6092058230273456,0.6012004204893078,0.2631719125862924,0.12139838281600845,0.060837680218689925,0.00040412825261916,0.00038257304435786,1.0,0.7,0.7,28,0.2050715629680898,0.1484392490956778
28,19,0.21558716258086424,0.6024109586944262,0.5937261265447596,0.24534744136917383,0.1652226421141176,0.06744672075762906,0.00042133639563995994,0.00038140333695882,1.0,0.7,0.7,29,0.2343650375635581,0.1525628785114748
28,20,0.19289939037700357,0.5650592259466737,0.5545732049910612,0.2420551461906594,0.3064564338386321,0.06566877193392139,0.00041836147374083,0.00037077799589159,1.0,0.7,0.7,30,0.1907693392045693,0.129935149977393
28,21,0.17324140732482998,0.5245353113864949,0.5147737087455004,0.22944799101367297,0.2286869421300452,0.06957065866931257,0.00047804552906978003,0.00044583175453865,1.0,0.7,0.7,32,0.1566970878841506,0.1116816080208545
28,22,0.16646500198444264,0.5090978049473606,0.49560890415430675,0.2305710285836812,0.08484445791003536,0.06895430441088697,0.0004486526291147,0.00040411134010613,1.0,0.7,0.7,38,0.1615524865421169,0.1295931091244724
28,23,0.1612899888679414,0.5023744206777538,0.4887441822758229,0.2276508086647952,0.08485555037684935,0.06503217729033059,0.00042467191516773006,0.00041283220318614,1.0,0.7,0.7,39,0.1725021691333925,0.1154605286330451
28,24,0.15812854511006372,0.5013258145284705,0.49665023033362043,0.23705509751501044,0.07815893321585114,0.06334320893855248,0.00060253966797375,0.00066760665305591,1.0,0.7,0.7,41,0.1348687935780315,0.077888781428222
28,25,0.15145892869283945,0.48546527159161346,0.47998239174133295,0.23547027966779394,0.10097155686145941,0.0634291195430185,0.00060718750669764,0.00065390987214,1.0,0.7,0.7,44,0.1367345223564801,0.0739757390290774
28,26,0.14714847409891393,0.47468143805807167,0.4715823781753958,0.23885293170379468,0.11077368922605155,0.06439372523203232,0.00061493462120341,0.00065568183549854,1.0,0.7,0.7,46,0.1386433404663406,0.0766136718240586
28,27,0.1463925217134445,0.4730104733090572,0.4698355642590756,0.23772231649095263,0.07543635510733128,0.0642159269326382,0.000607344654779,0.00066998277492748,1.0,0.7,0.7,47,0.1304922274664391,0.0771716929555233
28,28,0.14569540272436288,0.4721214816184896,0.4718634751541499,0.2444383402960558,0.08398558079628678,0.0645577996003392,0.00061193426006965,0.0006638475028420199,1.0,0.7,0.7,48,0.132121352690154,0.0753757837154931
28,29,0.14569540268975895,0.4735808225085148,0.4763759166238216,0.25853318750907806,0.06545097703867332,0.06455779960962736,0.00061193425987323,0.0006638475033052501,1.0,0.7,0.7,50,0.1321213523668248,0.0753757836892711
28,30,0.1459095664681073,0.47050611052462166,0.4730317806947852,0.2626759893446664,0.10452023976097924,0.06708626347387454,0.00046542280008738995,0.00040539998649984,1.0,0.7,0.7,51,0.1380679703013786,0.1137739431877413
28,31,0.1441123934380703,0.46228470010381284,0.4613571119699661,0.2627970038305767,0.12343686392406719,0.06823316037905205,0.00045490569970391994,0.00040468998860193996,1.0,0.7,0.7,52,0.1364650560194926,0.0995307341806398
28,32,0.14109678552422725,0.4586784539521315,0.4577048905870041,0.2565819133968836,0.07213368715867308,0.06553461554668866,0.00045751716604561,0.00040217392617546,1.0,0.7,0.7,53,0.1419652898894943,0.102316636658419
28,33,0.14269198100474229,0.4599480195187739,0.4618859372599287,0.2778915133524948,0.08800036179337062,0.06814593269590186,0.00045251776187093,0.00040024467174313,1.0,0.7,0.7,54,0.1336219203135882,0.0969477887828382
28,34,0.1402113104041445,0.4568096785135889,0.4586956245121667,0.2838382232936002,0.07016165111340031,0.06603605796945114,0.00045195141709807,0.00039709525404242,1.0,0.7,0.7,56,0.1352275496023367,0.1021240961916268
28,35,0.13799879479471913,0.4513469787783526,0.4529775560315735,0.28594344166199037,0.10099004888794463,0.06570053679316304,0.00039073658139714997,0.00033737849033721,1.0,0.7,0.7,57,0.125540412941507,0.1022989499395134
28,36,0.14041424240809855,0.45443527761917085,0.46199729941763856,0.2808989642740917,0.07774767230287011,0.06883781651596604,0.00067173342327295,0.0007457877927028,1.0,0.7,0.7,60,0.1040885728495872,0.0815519814394004
28,37,0.13839440286611127,0.4496502463826872,0.4569985740667795,0.27763631769905667,0.09836394024440087,0.06836259610698737,0.00060726477745391,0.00068111137451531,1.0,0.7,0.7,61,0.0987517172185972,0.0855707225802123
28,38,0.13693256453092742,0.447876378669253,0.4669681642139401,0.3144714038916044,0.08155132881786642,0.06987655442608542,0.00059862445144702,0.0008806180020983099,1.0,0.7,0.7,67,0.1035793948934482,0.0995239021526128
28,39,0.13582637417232743,0.4451799311580249,0.4670953060992521,0.3304289406631167,0.08690716394414737,0.07024763363583683,0.0006049495545238,0.0008811856891574399,1.0,0.7,0.7,69,0.1040513645166245,0.0992217333890969
28,40,0.13486371009066378,0.44272566510493194,0.46451420135147914,0.3257138589211342,0.08216890456080582,0.07029921444805143,0.00063241879289869,0.00085169857031125,1.0,0.7,0.7,71,0.1053410207817253,0.1014455529352505
28,41,0.12806655407996814,0.42115466132978374,0.43892777020732937,0.30983525285756486,0.1969074597080534,0.06892104764888339,0.00073388951008548,0.00113246017586237,1.0,0.7,0.7,72,0.1057832357628845,0.0880081407733103
28,42,0.12399365836473776,0.410950398640813,0.4312307274063757,0.31425804322153017,0.10688291152130078,0.06829472379956265,0.00063626972102659,0.00085965392292538,1.0,0.7,0.7,74,0.0913771883467082,0.0875695684181541
28,43,0.12485181166683916,0.4140286249049725,0.4433180893358105,0.37365824536169767,0.07317528344487334,0.06989666032218525,0.00064521307311762,0.00094099489793318,1.0,0.7,0.7,83,0.1027066486125263,0.099505387047116
28,44,0.12334363861389509,0.4106015936529376,0.4397556970804576,0.40135835024586497,0.07332290203448746,0.06924469955633658,0.00074328712445718,0.00069672613762444,1.0,0.7,0.7,89,0.1100088852744741,0.1050230539110828
28,45,0.12283241297529576,0.4066767341136757,0.4385425259420558,0.4010355083811503,0.11808388496746597,0.0703078921418371,0.00074226499759814,0.00111726771617319,1.0,0.7,0.7,90,0.112281136088415,0.1033490882492411
28,46,0.12048444726081181,0.4098148203655987,0.4597719619539882,0.4737414701865696,0.07229685417012494,0.06938428750453196,0.00068999514418628,0.00087261877780387,1.0,0.7,0.7,107,0.0990200389414427,0.0938004953308491
28,47,0.12098148919841736,0.40767068937353246,0.4544929528363547,0.46366824211005364,0.07697303495136708,0.07026976962106032,0.0007147607755435299,0.0009113258840961101,1.0,0.7,0.7,109,0.1011374451611684,0.0933049955374566
28,48,0.12108995223719139,0.40637797158209,0.4560561465210719,0.4928130373183978,0.09938786953712823,0.07122303101502159,0.00077945726004366,0.00111532796477812,1.0,0.7,0.7,110,0.1039757941869984,0.0956485022012616
28,49,0.11976406053914898,0.3993916218283225,0.4398224526025862,0.4031794270690506,0.07767198912699855,0.07035158884821809,0.00081944769100826,0.0010780117791754401,1.0,0.7,0.7,112,0.1005972505378586,0.0946149168608675
28,50,0.11882762067441888,0.39957311566957604,0.4489402828257261,0.4876830860592446,0.08705839311920281,0.07058490882025309,0.00074021218556439,0.00111762957234467,1.0,0.7,0.7,114,0.1039344975570259,0.0926283487190427
28,51,0.11632155381403232,0.3993831873012711,0.4607233835929416,0.5595988667964771,0.07354571580217588,0.06946569866049276,0.00070814148487738,0.00088971241120137,1.0,0.7,0.7,125,0.0987299978969275,0.0941419904678154
28,52,0.11749338529579641,0.39972002689061215,0.4639581390062467,0.5839299501072922,0.07956462527101078,0.07135976902432592,0.00074738054770004,0.0009180390582134001,1.0,0.7,0.7,128,0.0989164419457443,0.0887006402388357
28,53,0.11683748560398867,0.39440676743803393,0.44946673059874315,0.5622882666503245,0.0745320022401931,0.07083027187621621,0.0007154804461432099,0.00090225639570878,1.0,0.7,0.7,129,0.0974731705790847,0.0924737437251418
28,54,0.11558373953642036,0.3938927008673591,0.4519572425859885,0.5781435299430756,0.07189033075592002,0.0698172014016061,0.0007178800635406701,0.00089655605383438,1.0,0.7,0.7,136,0.0980300146980981,0.092192052642103
28,55,0.11585939920746378,0.399669753067326,0.4699240456155358,0.6171443016960889,0.07287401152787429,0.07019927340942975,0.00071398802090617,0.00090692082147037,1.0,0.7,0.7,138,0.0972132740680529,0.0934213764467567
28,56,0.11593720596888295,0.39816968054758645,0.4653628927378492,0.6527034584731355,0.07172241797317125,0.07031506250772078,0.0007143485614521099,0.0009081182403671499,1.0,0.7,0.7,142,0.0971802221401919,0.0938392888797313
28,57,0.11644503619802397,0.40008270889612324,0.4732803295015914,0.6559760091125942,0.08630848568623782,0.07128891824186805,0.00075132058445457,0.00091441925107548,1.0,0.7,0.7,143,0.0976031508181543,0.0889402316599938
28,58,0.116377818815848,0.39946564454898953,0.4726263503762275,0.66291401594808,0.07507907931928154,0.07139717771926565,0.00075335688355095,0.0009175108254149999,1.0,0.7,0.7,145,0.0973678230706199,0.0895055352288864
28,59,0.11624439685103533,0.3976765272368695,0.46777096267138085,0.7097492663164822,0.07269637553790455,0.07132990588816066,0.0007543645052039501,0.0009131139797482901,1.0,0.7,0.7,154,0.0972122244174154,0.0897815488113662
28,60,0.11400219597984529,0.39638112093700206,0.469494288963375,0.7620847808948542,0.07083387638260881,0.0692871499906266,0.00071931858293351,0.0009005365957764,1.0,0.7,0.7,168,0.0969723481818597,0.0938635614289819
28,61,0.11380944992868246,0.3956971663686684,0.46877741681583607,0.7616349000610594,0.07176728992873026,0.06925165255942968,0.00071980266536283,0.00090209232264413,1.0,0.7,0.7,170,0.0976626089948602,0.0936422899416871
29,0,0.9192414458058443,0.9783466377720023,0.9772499311436227,0.39014372905812505,0.0,0.0,0.0,0.0,1.0,0.7,0.7,1,1.033815016832142,1.149726423632683
29,1,0.8847239253565969,1.0134437402723375,1.007782987872534,0.4387415758495612,0.272038543805806,0.06636953829616396,1.373949001642e-05,1.588216203814e-05,1.0,0.7,0.7,2,1.0042257375687575,0.9459458579805184
29,2,0.8029105992010669,0.9917226687915451,0.9876479412164395,0.42777849293071085,0.2718530934936797,0.0721519483796009,1.817132211892e-05,1.721331288971e-05,1.0,0.7,0.7,3,0.8672217300004246,0.857099565659728
29,3,0.6289594844518067,0.9196232184535085,0.9121677195701896,0.38415652650647375,0.5269503955726677,0.06642354625863693,0.00026889476086080003,0.00031194273890274,1.0,0.7,0.7,4,0.6646857169908066,0.7057366065714359
29,4,0.6233332224368814,0.9149309271244113,0.9074365099337413,0.38124383833423037,0.06820350523469094,0.062580094936825,0.00021394888860087002,0.00025206132038961,1.0,0.7,0.7,5,0.6558164726014215,0.6927739801601892
29,5,0.5732353179487033,0.890817701981766,0.8821450172178649,0.36820520230768167,0.142241625427206,0.061908172106143224,0.00010810052720901,0.00010600659571679001,1.0,0.7,0.7,7,0.5310179119339484,0.5810619028942556
29,6,0.4436768303996115,0.8193672976316001,0.8099916526574741,0.32483266444985603,0.5745150748783445,0.06297283312999855,0.00025389904679377,0.00022829403069826002,1.0,0.7,0.7,8,0.3563364879754399,0.3605222641588671
29,7,0.42874223694130065,0.8112504795729591,0.8043805806684428,0.32923430820694305,0.10179728835294864,0.06422720427315252,0.00023384295204564002,0.00021606664742434997,1.0,0.7,0.7,10,0.3605310874449154,0.4437532817920668
29,8,0.42860000409978205,0.813978066548423,0.8100049227773362,0.3336666048441552,0.07599212360812796,0.06833850670472448,0.00042260473111018995,0.00037557866653698,1.0,0.7,0.7,13,0.3158635493817955,0.3936417502625232
29,9,0.41617130615165615,0.8027756983044643,0.7954332283585958,0.3353218651795879,0.07973855656519287,0.06481207955865018,0.00044429883357373996,0.00039337039775163,1.0,0.7,0.7,16,0.255159805165547,0.2637564779709972
29,10,0.39071027728020147,0.7838152334541051,0.7755789281103252,0.32496362647437094,0.18581933422813757,0.06359967061572905,0.00037161426087979003,0.00032351835476759,1.0,0.7,0.7,17,0.2512142118666927,0.2638080125882726
29,11,0.37576031422622685,0.7741647057373844,0.7716356949377526,0.32506763813436207,0.07748999233122432,0.05906107555553306,0.00026631150681025,0.00020854858140275002,1.0,0.7,0.7,20,0.2768796253273033,0.259528819281886
29,12,0.3762181597239038,0.7747006892308756,0.7721567630364762,0.3281033129375063,0.06222485652105508,0.05989631684654969,0.00026182676070627,0.00020574690725024997,1.0,0.7,0.7,21,0.2762258275289438,0.2585111898319712
29,13,0.37676863247914566,0.7764770780442681,0.773704517825302,0.3452807008955149,0.08208823420744892,0.06619415725120753,0.00026898051210907,0.0001893965846107,1.0,0.7,0.7,23,0.4041692942246678,0.313772004436765
29,14,0.3423744418312296,0.7482862711337793,0.7473970326409006,0.32814946473730244,0.2191063155443672,0.05940672632511047,0.00041043520492839,0.00038228834456953,1.0,0.7,0.7,24,0.314932583539834,0.2921543877703286
29,15,0.3455243136051433,0.7531247492424833,0.7552271036850583,0.3439573409775784,0.06743319798599705,0.06412253681044408,0.00031790014068012,0.00029816840882982,1.0,0.7,0.7,27,0.3309427223669666,0.2868626574065326
29,16,0.34229759977476776,0.7490403153496812,0.7478607937693108,0.35072260351730705,0.08194900642193617,0.06509299379040448,0.00149237169106365,0.00044237025656508003,1.0,0.7,0.7,29,0.3811751584677638,0.3965935682402072
29,17,0.32904170582332687,0.736917815435955,0.7351870890385466,0.3451050270884633,0.1401265985882701,0.06403343405667236,0.00129379841066185,0.0003844852853315,1.0,0.7,0.7,30,0.353447129025051,0.3791852015059207
29,18,0.29857339464899746,0.7132549048125171,0.7192852481679781,0.32553065282650395,0.10518211192397318,0.06452362822970117,0.00020784597390467998,0.00015020357328996,1.0,0.7,0.7,35,0.2162466852330809,0.3046879385500966
29,19,0.28363129789437835,0.6941736255017754,0.6962515045253015,0.2992403978968954,0.1755251738948323,0.06455644014949212,0.00029634875357137,0.00020896847625261002,1.0,0.7,0.7,36,0.1778717527502028,0.2897366110193418
29,20,0.26751275466660956,0.677438380101109,0.6816822871263297,0.3023426294493643,0.18496112089258332,0.06396607015535805,0.00022259019642716,0.00015512706072228,1.0,0.7,0.7,37,0.1827253540184356,0.270276905634925
29,21,0.26398933946768116,0.6734052280246845,0.6774770726073258,0.299539955173185,0.0871027492508466,0.06321168838645927,0.00029083640643741,0.00025713909031764,1.0,0.7,0.7,38,0.1693286193538564,0.2798376123825918
29,22,0.259144129896811,0.6676259284849967,0.6714168726710701,0.2984548736552624,0.07609003783152975,0.06304556111193603,0.00023840058258690002,0.00021394972994699,1.0,0.7,0.7,41,0.1790274363195228,0.2707005854689498
30,0,0.9513718308291728,0.9871765229960979,0.9865270184896172,0.39579322388588795,0.0,0.0,0.0,0.0,1.0,0.7,0.7,1,0.8978603919440228,1.1405291072523955
30,1,0.9004365578409264,1.0184741111618971,1.013056669239669,0.44204043975962315,0.3000108466388361,0.06659542367604616,1.3490035718169998e-05,1.6499703347919998e-05,1.0,0.7,0.7,2,0.940172843623057,0.9459458579805184
30,2,0.8040698407037451,0.9822935722034859,0.9754106923511454,0.4201658594358412,0.2588193011532392,0.059107615678279976,0.00018604383930463,0.00018930051095728998,1.0,0.7,0.7,3,0.836571967737552,0.9604005382227864
30,3,0.7234775962804567,0.9581500352109595,0.9496249472023619,0.40770129401191413,0.2911614631401981,0.0674952798475213,0.00011100637151372999,0.00011319092331541999,1.0,0.7,0.7,4,0.79047248367018,0.796072091019263
30,4,0.6115432864091289,0.9197797447269336,0.9115540560558373,0.3923157521386768,0.2695849161193976,0.08196631429367363,0.00016077024045742,0.00016403560588198001,1.0,0.7,0.7,6,0.663514295240615,0.5921346133279964
30,5,0.607559516906935,0.9189011133413908,0.9105301351471577,0.3941434335074167,0.10396059452262224,0.08391997513045606,0.00018741028966701,0.00019006128226768,1.0,0.7,0.7,7,0.6621592990518352,0.5711903120532138
30,6,0.47974354048780243,0.8496313955629781,0.8407832948059919,0.3523434580542234,0.5636356264388239,0.082961399135045,0.00014004905442831,0.00014208469195986002,1.0,0.7,0.7,8,0.4436518751519584,0.432571054326287
30,7,0.4639844092668641,0.8399725618096491,0.830568288704501,0.34564225018474687,0.16017421486675093,0.08422455425551553,0.00018321873066930001,0.00018359377562595,1.0,0.7,0.7,9,0.4382857565174342,0.4057186843401218
30,8,0.4205664603927308,0.8015491425802731,0.7916330305038618,0.3157378040019747,0.1258206615501183,0.055454799420034805,0.00035647028934051,0.0006568638434411199,1.0,0.7,0.7,10,0.3773235215791228,0.3580627745905583
30,9,0.4136412266772532,0.7958567047002483,0.7858043540691423,0.3129558531975844,0.07170443707905921,0.05252189712795714,0.00030372429890586003,0.0006104523109833301,1.0,0.7,0.7,11,0.3753507466254758,0.3771617551596173
30,10,0.38247547102303714,0.7740512385895548,0.766094242600705,0.2997934616358293,0.18088957926117447,0.048217391564294436,0.00029147193275475,0.00055080605069418,1.0,0.7,0.7,12,0.3708044184025693,0.4033490376234193
30,11,0.36749683180484116,0.7628262955329871,0.7542520626313662,0.2950036430927822,0.13312824602599668,0.04927535970528204,0.00022259283592869,0.00048346042954605,1.0,0.7,0.7,13,0.3600480583067962,0.4128624286451067
30,12,0.3598171228439929,0.7572352287783345,0.7482654617215095,0.2956536039017745,0.10574945069999714,0.05131725536119175,0.00045735923677118996,0.00050144421035384,1.0,0.7,0.7,14,0.3246512234062337,0.3727188986000949
30,13,0.3544486578682868,0.7527356015987509,0.7435717376831716,0.2946804224115835,0.07742414262695094,0.05071920375655956,0.00040424571399328996,0.00045569704208706,1.0,0.7,0.7,15,0.3214528984920843,0.3856158260472258
30,14,0.35496554877716485,0.7532893798798489,0.7441059410128807,0.2975186541832721,0.05462876354130597,0.05169327511661056,0.00038660589603562,0.00042452276542461994,1.0,0.7,0.7,16,0.3175833205979503,0.3618623617880114
30,15,0.35378515746904465,0.7538227248573569,0.7476200099532672,0.30445875240256054,0.05749238637050558,0.052195616690499824,0.00038375420781808,0.00042929263616043,1.0,0.7,0.7,18,0.3092769447655184,0.3659419636917509
30,16,0.34567883471650246,0.7468800720024777,0.7403988328887205,0.3128150565001291,0.08922199875780187,0.0507192078304607,0.00040424596532422,0.00045569729954837,1.0,0.7,0.7,19,0.3016286751459895,0.3721895603179687
30,17,0.36256862011937985,0.7688700588457265,0.7713631227201737,0.33580682931474165,0.07891562415607714,0.07227816843324729,0.00020480077429041,0.00023391580755403,1.0,0.7,0.7,23,0.2997218043213224,0.3747051319784393
30,18,0.3413411540871946,0.749672878577055,0.755046577284002,0.3219504081742996,0.0786612075884996,0.05487044916374332,0.0002603407948002,0.00040165743161567997,1.0,0.7,0.7,24,0.2894323555498247,0.3433769073394195
30,19,0.34034943246088234,0.7472811217792353,0.7495836282034762,0.31205429715649086,0.05722354318636116,0.054300358756300994,0.00025799580200507,0.0003974717929341,1.0,0.7,0.7,25,0.2908472946827149,0.3485614945099085
30,20,0.3259981053787155,0.7362924964944059,0.7409339544761939,0.32048207705568643,0.15359977433515715,0.055951333625318775,0.00027821419474207,0.00037851093997531,1.0,0.7,0.7,26,0.2812200475437078,0.3142829647154489
30,21,0.3221266037138734,0.7328564120028136,0.7372664279600559,0.32398274305173247,0.07329644235501026,0.057126653500307836,0.00025254316822177997,0.00034530935284135,1.0,0.7,0.7,28,0.2915534983973422,0.2993914087398978
30,22,0.32112336099275274,0.7319860187655883,0.736314394547868,0.32898378303044923,0.06939745135546171,0.057833623508346255,0.00027144811246166,0.00037577073331873,1.0,0.7,0.7,29,0.2755690325130537,0.3001467687533784
30,23,0.307865400253836,0.7194197294888316,0.7230827160886729,0.3201067600790574,0.14942133532917196,0.05759886305523974,0.0006381327404648901,0.00116059669059958,1.0,0.7,0.7,30,0.2690317885207122,0.3634382098598981
30,24,0.30208135956875465,0.7122657657152888,0.7125520988604275,0.3221097372149107,0.10358732669956854,0.058437779034194205,0.00059920846224054,0.0009930094892450498,1.0,0.7,0.7,31,0.2589824016787057,0.3921657794926977
30,25,0.2924466065289605,0.7053374009241359,0.7111668703375128,0.32063138184051837,0.13745852813046816,0.05956189408330352,0.00040769143444775003,0.00139415147378935,1.0,0.7,0.7,32,0.2461455030884197,0.3135665170988607
30,26,0.28931213012853113,0.7021294625264616,0.7078720418255813,0.32079057266080413,0.06524245114410354,0.05805204958661386,0.00062492280395142,0.00120154484304661,1.0,0.7,0.7,34,0.2457369472259926,0.2762292808584964
30,27,0.2860135098962657,0.6970549286591132,0.6994586410034663,0.32470666326003633,0.10025155075384522,0.05887174665916781,0.0007430857959001,0.00280837731948081,1.0,0.7,0.7,35,0.2426085552558466,0.2643780671554037
30,28,0.28699812542384556,0.6977355628525783,0.699929661577695,0.32962814221611253,0.09470871763492751,0.06372239827393289,0.0007245616155526099,0.00278227328458918,1.0,0.7,0.7,36,0.2519505613691571,0.268018545988786
30,29,0.2815494947304804,0.6950228230857488,0.7032139149077317,0.3349357873628227,0.06765484205460225,0.06037046136915562,0.00064169644820142,0.00268881043932062,1.0,0.7,0.7,39,0.2444017840838639,0.3871642360002982
30,30,0.27920392299995483,0.6940254021008807,0.7052073773064577,0.3404288201158845,0.06570743540751729,0.059490024830487744,0.00061863963307328,0.00221505630752748,1.0,0.7,0.7,41,0.2398111247068376,0.4364529710948439
30,31,0.27798619339798186,0.6938846801423572,0.7079245802124309,0.35935826878315397,0.06904029278074415,0.0627715136852697,0.00037135768292704,0.00099411396709365,1.0,0.7,0.7,46,0.2292091377755566,0.2666118039178908
30,32,0.2753169594528101,0.6911666695224987,0.7051832557277423,0.356806770615821,0.06464464144753329,0.060495937297790014,0.00037109347479101,0.00101992846884262,1.0,0.7,0.7,47,0.2280206353502153,0.2647409063575761
30,33,0.2763531868531936,0.6915493118763811,0.7052825440499417,0.36412433009249995,0.10601202030669925,0.06653127415106966,0.00035225500399922,0.0009560932555417401,1.0,0.7,0.7,48,0.2397829087659313,0.3538149735542564
30,34,0.2760190214530806,0.6911042738799844,0.7047935069484691,0.365939350798522,0.07385980965158051,0.06649522068933914,0.00038116310544706,0.0015840954819516299,1.0,0.7,0.7,49,0.2386288544150723,0.4400236844240926
30,35,0.27008763494765303,0.6833628257490802,0.6938657658939749,0.3615853694041221,0.08234892374687891,0.06316069672322494,0.00038598571484482,0.00112561760663591,1.0,0.7,0.7,50,0.2289881061725998,0.3734933968064999
30,36,0.27239856426574716,0.6866642586815553,0.7000545098842371,0.3725269257103829,0.09189679664536023,0.06741547998624622,0.00044084620466054003,0.0023007016110549302,1.0,0.7,0.7,51,0.2275145652888466,0.420365273280141
30,37,0.27015045454047676,0.6842018972930656,0.69752012337458,0.37354416384305195,0.07809469580408764,0.06663745144326602,0.00041263202791904003,0.00195383335805069,1.0,0.7,0.7,52,0.2240329273975739,0.4351409304548689
30,38,0.2627620104145708,0.6777054177437337,0.6965321684398672,0.3875520452626419,0.08694900911527163,0.06956927749754013,0.0003988997138396,0.0011874991385666099,1.0,0.7,0.7,57,0.229417131564876,0.3419974734053216
30,39,0.260061947638301,0.6783978726135965,0.7061317020974344,0.4207856886062144,0.07626435171445986,0.07100945559679071,0.00040718968367253,0.0009706328510953801,1.0,0.7,0.7,65,0.2039620362260653,0.2970064461764679
30,40,0.2597139961892336,0.6779953779172514,0.7057157763784753,0.428994834209848,0.07275010198380048,0.07087255367173713,0.00040626115607994,0.00097079073663787,1.0,0.7,0.7,67,0.2040590450972776,0.2974403386904704
30,41,0.2595390043045781,0.6777851719812719,0.70549696628149,0.4310616979472075,0.07297023581411956,0.07083371750643247,0.00040533521813328996,0.0009702258713703701,1.0,0.7,0.7,68,0.202842682335508,0.2982955668876018
30,42,0.25958442991310715,0.6777597193668223,0.705454159256907,0.43751116485728686,0.07447342780509957,0.07113116800986521,0.00041588551301606,0.0009873857397625098,1.0,0.7,0.7,69,0.2052099760942557,0.3024550604317239
30,43,0.257738562919635,0.6759070309306255,0.7035998216746826,0.43566997104779603,0.07051659871988815,0.06931339334388667,0.00041152687084865003,0.0009882799719590101,1.0,0.7,0.7,70,0.2032321629259474,0.3024136962309553
30,44,0.2581908715753723,0.6791121426374155,0.712870960176358,0.4552966488336709,0.07274108716123272,0.07041264195015998,0.00040431017926971004,0.00096810680112148,1.0,0.7,0.7,74,0.2037484111485608,0.2996364034340548
30,45,0.2590494407533877,0.679908253387695,0.7136520371665859,0.46089994003220713,0.07450897677300902,0.07149204453217427,0.00041098586283503,0.00098010251941745,1.0,0.7,0.7,75,0.206048927122864,0.3011489464172071
30,46,0.2552056757180973,0.6847385178339073,0.7367811317399902,0.5572989520236618,0.06903047636938886,0.06773832287361356,0.00039128237702599003,0.0013119103674759602,1.0,0.7,0.7,102,0.2197477985436443,0.380496141934208
30,47,0.25649749324054544,0.704656253352769,0.7962475913994965,0.7762281924654014,0.07304152212334383,0.07094187336632593,0.00060124440941575,0.00186753675551703,1.0,0.7,0.7,160,0.2185703941354453,0.3782649751763117
